actor,condition,program,changed,harm,conditional_harm,all24,all_program_questions,accuracy,accuracy_all_program_questions,touched_accuracy,other_address_error,preservation,nonaddressed_change,additional_accuracy,additional_rows,n_scenes,n_rows,disagreement_vs_single,disagreement_count,disagreement_denominator,mean_abs_dlogp_vs_single,energy,cast_error,commands,shared_from,shared_from_condition,by_family
gemma,SOURCE,single,0.19791666666666663,0.0,0.0,0.0,0.0,0.5950520833333334,0.5950520833333334,0.34843750000000007,0.00625,1.0,0.0,,,64,1536,0.0,0,1536,0.0,,,,[],[],"{""both"": 0.5703125, ""direct"": 0.76171875, ""either"": 0.62109375, ""opposes"": 0.5703125, ""same"": 0.28515625}"
gemma,SOURCE,noop,,0.0,0.0,0.3125,0.3125,0.8971354166666666,0.8971354166666666,0.8453125,0.06584821428571429,1.0,0.0,,,64,1536,0.0,0,1536,3.353142524030504,,,,[],[],"{""both"": 0.9296875, ""direct"": 0.97265625, ""either"": 0.86328125, ""opposes"": 0.9296875, ""same"": 0.71484375}"
gemma,SOURCE,repeat2,0.19791666666666663,0.0,0.0,0.0,0.0,0.5950520833333334,0.5950520833333334,0.34843750000000007,0.00625,1.0,0.0,,,64,1536,0.0,0,1536,0.0,,,,[],[],"{""both"": 0.5703125, ""direct"": 0.76171875, ""either"": 0.62109375, ""opposes"": 0.5703125, ""same"": 0.28515625}"
gemma,SOURCE,repeat4,0.19791666666666663,0.0,0.0,0.0,0.0,0.5950520833333334,0.5950520833333334,0.34843750000000007,0.00625,1.0,0.0,,,64,1536,0.0,0,1536,0.0,,,,[],[],"{""both"": 0.5703125, ""direct"": 0.76171875, ""either"": 0.62109375, ""opposes"": 0.5703125, ""same"": 0.28515625}"
gemma,SOURCE,repeat8,0.19791666666666663,0.0,0.0,0.0,0.0,0.5950520833333334,0.5950520833333334,0.34843750000000007,0.00625,1.0,0.0,,,64,1536,0.0,0,1536,0.0,,,,[],[],"{""both"": 0.5703125, ""direct"": 0.76171875, ""either"": 0.62109375, ""opposes"": 0.5703125, ""same"": 0.28515625}"
gemma,SOURCE,restore,,0.0,0.0,0.3125,0.3125,0.8971354166666666,0.8971354166666666,0.8453125,0.06584821428571429,1.0,0.0,,,64,1536,0.0,0,1536,3.353142524030504,,,,[],[],"{""both"": 0.9296875, ""direct"": 0.97265625, ""either"": 0.86328125, ""opposes"": 0.9296875, ""same"": 0.71484375}"
gemma,SOURCE,restore_after4,,0.0,0.0,0.3125,0.3125,0.8971354166666666,0.8971354166666666,0.8453125,0.06584821428571429,1.0,0.0,,,64,1536,0.0,0,1536,3.353142524030504,,,,[],[],"{""both"": 0.9296875, ""direct"": 0.97265625, ""either"": 0.86328125, ""opposes"": 0.9296875, ""same"": 0.71484375}"
gemma,SOURCE,overwrite,0.19791666666666663,0.0,0.0,0.0,0.0,0.5950520833333334,0.5950520833333334,0.34843750000000007,0.00625,1.0,0.0,,,64,1536,0.0,0,1536,0.0,,,,[],[],"{""both"": 0.5703125, ""direct"": 0.76171875, ""either"": 0.62109375, ""opposes"": 0.5703125, ""same"": 0.28515625}"
gemma,SOURCE,AB,0.12044270833333331,0.0,0.0,0.0,0.0,0.4466145833333333,0.4466145833333333,0.3859375,0.005208333333333333,1.0,0.0,,,64,1536,0.0,0,1536,2.6969523013238983,,,,[],[],"{""both"": 0.53125, ""direct"": 0.51953125, ""either"": 0.58984375, ""opposes"": 0.0703125, ""same"": 0.44921875}"
gemma,SOURCE,BA,0.12044270833333331,0.0,0.0,0.0,0.0,0.4466145833333333,0.4466145833333333,0.3859375,0.005208333333333333,1.0,0.0,,,64,1536,0.0,0,1536,2.6969523013238983,,,,[],[],"{""both"": 0.53125, ""direct"": 0.51953125, ""either"": 0.58984375, ""opposes"": 0.0703125, ""same"": 0.44921875}"
gemma,SOURCE,ABC,0.09147135416666666,0.0,0.0,0.0,0.0,0.49869791666666663,0.4603365384615385,0.3859375,0.07916666666666666,1.0,0.0,0.0,128,64,1664,0.0,0,1536,3.79235116136647,,,,[],[],"{""both"": 0.609375, ""direct"": 0.51953125, ""either"": 0.55859375, ""opposes"": 0.0703125, ""same"": 0.71484375}"
gemma,SOURCE,CBA,0.09147135416666666,0.0,0.0,0.0,0.0,0.49869791666666663,0.4603365384615385,0.3859375,0.07916666666666666,1.0,0.0,0.0,128,64,1664,0.0,0,1536,3.79235116136647,,,,[],[],"{""both"": 0.609375, ""direct"": 0.51953125, ""either"": 0.55859375, ""opposes"": 0.0703125, ""same"": 0.71484375}"
gemma,SOURCE,AB_cross,0.19791666666666663,0.0,0.0,0.0,0.0,0.5950520833333334,0.5492788461538461,0.34843750000000007,0.00625,1.0,0.0,0.0,128,64,1664,0.0,0,1536,6.0380378367123434e-05,,,,[],[],"{""both"": 0.5703125, ""direct"": 0.76171875, ""either"": 0.62109375, ""opposes"": 0.5703125, ""same"": 0.28515625}"
gemma,NATURAL_FINAL_WORLD,single,0.84375,0.006510416666666666,0.006510416666666666,0.4375,0.4375,0.9173177083333333,0.9173177083333333,0.88125,0.009375000000000001,0.9934895833333333,0.0,,,64,1536,0.0,0,1536,0.0,,,,[],[],"{""both"": 0.93359375, ""direct"": 0.98046875, ""either"": 0.8984375, ""opposes"": 0.9375, ""same"": 0.7734375}"
gemma,NATURAL_FINAL_WORLD,noop,,0.0,0.0,0.3125,0.3125,0.8971354166666666,0.8971354166666666,0.8453125,0.06584821428571429,1.0,0.0,,,64,1536,0.3326822916666667,511,1536,0.8956217904390146,,,,[],[],"{""both"": 0.9296875, ""direct"": 0.97265625, ""either"": 0.86328125, ""opposes"": 0.9296875, ""same"": 0.71484375}"
gemma,NATURAL_FINAL_WORLD,repeat2,0.84375,0.006510416666666666,0.006510416666666666,0.4375,0.4375,0.9173177083333333,0.9173177083333333,0.88125,0.009375000000000001,0.9934895833333333,0.0,,,64,1536,0.0,0,1536,0.0,,,,[],[],"{""both"": 0.93359375, ""direct"": 0.98046875, ""either"": 0.8984375, ""opposes"": 0.9375, ""same"": 0.7734375}"
gemma,NATURAL_FINAL_WORLD,repeat4,0.84375,0.006510416666666666,0.006510416666666666,0.4375,0.4375,0.9173177083333333,0.9173177083333333,0.88125,0.009375000000000001,0.9934895833333333,0.0,,,64,1536,0.0,0,1536,0.0,,,,[],[],"{""both"": 0.93359375, ""direct"": 0.98046875, ""either"": 0.8984375, ""opposes"": 0.9375, ""same"": 0.7734375}"
gemma,NATURAL_FINAL_WORLD,repeat8,0.84375,0.006510416666666666,0.006510416666666666,0.4375,0.4375,0.9173177083333333,0.9173177083333333,0.88125,0.009375000000000001,0.9934895833333333,0.0,,,64,1536,0.0,0,1536,0.0,,,,[],[],"{""both"": 0.93359375, ""direct"": 0.98046875, ""either"": 0.8984375, ""opposes"": 0.9375, ""same"": 0.7734375}"
gemma,NATURAL_FINAL_WORLD,restore,,0.0,0.0,0.3125,0.3125,0.8971354166666666,0.8971354166666666,0.8453125,0.06584821428571429,1.0,0.0,,,64,1536,0.3326822916666667,511,1536,0.8956217904390146,,,,[],[],"{""both"": 0.9296875, ""direct"": 0.97265625, ""either"": 0.86328125, ""opposes"": 0.9296875, ""same"": 0.71484375}"
gemma,NATURAL_FINAL_WORLD,restore_after4,,0.0,0.0,0.3125,0.3125,0.8971354166666666,0.8971354166666666,0.8453125,0.06584821428571429,1.0,0.0,,,64,1536,0.3326822916666667,511,1536,0.8956217904390146,,,,[],[],"{""both"": 0.9296875, ""direct"": 0.97265625, ""either"": 0.86328125, ""opposes"": 0.9296875, ""same"": 0.71484375}"
gemma,NATURAL_FINAL_WORLD,overwrite,0.84375,0.006510416666666666,0.006510416666666666,0.4375,0.4375,0.9173177083333333,0.9173177083333333,0.88125,0.009375000000000001,0.9934895833333333,0.0,,,64,1536,0.0,0,1536,0.0,,,,[],[],"{""both"": 0.93359375, ""direct"": 0.98046875, ""either"": 0.8984375, ""opposes"": 0.9375, ""same"": 0.7734375}"
gemma,NATURAL_FINAL_WORLD,AB,0.9153645833333334,0.08138020833333333,0.08580729166666667,0.34375,0.34375,0.916015625,0.916015625,0.8781249999999999,0.0026041666666666665,0.9141927083333333,0.00390625,,,64,1536,0.3307291666666667,508,1536,0.42048049031327395,,,,[],[],"{""both"": 0.9140625, ""direct"": 0.990234375, ""either"": 0.9140625, ""opposes"": 0.9765625, ""same"": 0.7109375}"
gemma,NATURAL_FINAL_WORLD,BA,0.9153645833333334,0.08138020833333333,0.08580729166666667,0.34375,0.34375,0.916015625,0.916015625,0.8781249999999999,0.0026041666666666665,0.9141927083333333,0.00390625,,,64,1536,0.3307291666666667,508,1536,0.42048049031327395,,,,[],[],"{""both"": 0.9140625, ""direct"": 0.990234375, ""either"": 0.9140625, ""opposes"": 0.9765625, ""same"": 0.7109375}"
gemma,NATURAL_FINAL_WORLD,ABC,0.9007161458333334,0.134765625,0.15062313988095238,0.3125,0.3125,0.876953125,0.8864182692307692,0.809375,0.10208333333333333,0.8493768601190477,0.01171875,1.0,128,64,1664,0.4479166666666667,688,1536,0.7509326718230428,,,,[],[],"{""both"": 0.921875, ""direct"": 0.978515625, ""either"": 0.80078125, ""opposes"": 0.89453125, ""same"": 0.6875}"
gemma,NATURAL_FINAL_WORLD,CBA,0.9007161458333334,0.134765625,0.15062313988095238,0.3125,0.3125,0.876953125,0.8864182692307692,0.809375,0.10208333333333333,0.8493768601190477,0.01171875,1.0,128,64,1664,0.4479166666666667,688,1536,0.7509326718230428,,,,[],[],"{""both"": 0.921875, ""direct"": 0.978515625, ""either"": 0.80078125, ""opposes"": 0.89453125, ""same"": 0.6875}"
gemma,NATURAL_FINAL_WORLD,AB_cross,0.84375,0.0013020833333333333,0.0013020833333333333,0.4375,0.4375,0.919921875,0.9236778846153846,0.8828125,0.004687500000000001,0.9986979166666667,0.0,0.96875,128,64,1664,0.044270833333333336,68,1536,0.2500371939184471,,,,[],[],"{""both"": 0.93359375, ""direct"": 0.9765625, ""either"": 0.90625, ""opposes"": 0.9375, ""same"": 0.7890625}"
gemma,TEXT_CORRECTION_SEQ,single,0.87890625,0.03255208333333333,0.03307291666666666,0.328125,0.328125,0.921875,0.921875,0.9015625,0.029687500000000002,0.9669270833333333,0.0234375,,,64,1536,0.0,0,1536,0.0,,,,[],[],"{""both"": 0.9296875, ""direct"": 0.98828125, ""either"": 0.921875, ""opposes"": 0.984375, ""same"": 0.71875}"
gemma,TEXT_CORRECTION_SEQ,noop,,0.03776041666666667,0.042184008402438716,0.34375,0.34375,0.9348958333333333,0.9348958333333333,0.9312499999999999,0.062499999999999986,0.9578159915975613,0.015625,,,64,1536,0.4309895833333333,662,1536,0.4249251386327136,,,,[],[],"{""both"": 0.96875, ""direct"": 0.9921875, ""either"": 0.9609375, ""opposes"": 0.984375, ""same"": 0.7109375}"
gemma,TEXT_CORRECTION_SEQ,repeat2,0.8671875,0.04687499999999999,0.04765625,0.28125,0.28125,0.9088541666666666,0.9088541666666666,0.896875,0.043750000000000004,0.9523437499999999,0.0390625,,,64,1536,0.026041666666666668,40,1536,0.10948485831851684,,,,[],[],"{""both"": 0.9296875, ""direct"": 0.98046875, ""either"": 0.9140625, ""opposes"": 0.9765625, ""same"": 0.671875}"
gemma,TEXT_CORRECTION_SEQ,repeat4,0.8697916666666666,0.04557291666666666,0.04635416666666666,0.28125,0.28125,0.9108072916666667,0.9108072916666667,0.8953125,0.040624999999999994,0.9536458333333333,0.04296875,,,64,1536,0.030598958333333332,47,1536,0.148557607667937,,,,[],[],"{""both"": 0.93359375, ""direct"": 0.978515625, ""either"": 0.9296875, ""opposes"": 0.98046875, ""same"": 0.6640625}"
gemma,TEXT_CORRECTION_SEQ,repeat8,0.8802083333333333,0.05338541666666666,0.05416666666666666,0.28125,0.28125,0.912109375,0.912109375,0.8984375,0.046875,0.9458333333333333,0.046875,,,64,1536,0.039713541666666664,61,1536,0.18579475963391445,,,,[],[],"{""both"": 0.92578125, ""direct"": 0.9765625, ""either"": 0.9453125, ""opposes"": 0.97265625, ""same"": 0.67578125}"
gemma,TEXT_CORRECTION_SEQ,restore,,0.05533854166666666,0.06062882556722155,0.40625,0.40625,0.9075520833333333,0.9075520833333333,0.8734375,0.06808035714285714,0.9393711744327784,0.0234375,,,64,1536,0.4153645833333333,638,1536,0.4736685388455939,,,,[],[],"{""both"": 0.9765625, ""direct"": 0.98828125, ""either"": 0.828125, ""opposes"": 0.9765625, ""same"": 0.6875}"
gemma,TEXT_CORRECTION_SEQ,restore_after4,,0.06901041666666666,0.07541236064627294,0.34375,0.34375,0.8893229166666666,0.8893229166666666,0.8671875,0.09486607142857142,0.9245876393537271,0.046875,,,64,1536,0.40625,624,1536,0.5574072051422121,,,,[],[],"{""both"": 0.9609375, ""direct"": 0.9765625, ""either"": 0.78125, ""opposes"": 0.96484375, ""same"": 0.67578125}"
gemma,TEXT_CORRECTION_SEQ,overwrite,0.7044270833333334,0.022135416666666664,0.02265625,0.0625,0.0625,0.83984375,0.83984375,0.7953125,0.026562500000000003,0.97734375,0.04296875,,,64,1536,0.13020833333333334,200,1536,0.5100462123625084,,,,[],[],"{""both"": 0.90625, ""direct"": 0.9765625, ""either"": 0.7578125, ""opposes"": 0.828125, ""same"": 0.59375}"
gemma,TEXT_CORRECTION_SEQ,AB,0.9488932291666667,0.09309895833333333,0.09782986111111111,0.40625,0.40625,0.9309895833333333,0.9309895833333333,0.91875,0.020833333333333332,0.9021701388888889,0.015625,,,64,1536,0.30078125,462,1536,0.3333996481848895,,,,[],[],"{""both"": 0.953125, ""direct"": 0.99609375, ""either"": 0.9765625, ""opposes"": 1.0, ""same"": 0.6640625}"
gemma,TEXT_CORRECTION_SEQ,BA,0.9449869791666666,0.08463541666666666,0.08880208333333334,0.40625,0.40625,0.9342447916666666,0.9342447916666666,0.9390625,0.028645833333333332,0.9111979166666667,0.01171875,,,64,1536,0.2936197916666667,451,1536,0.3411806361555918,,,,[],[],"{""both"": 0.94921875, ""direct"": 0.998046875, ""either"": 0.9765625, ""opposes"": 0.9921875, ""same"": 0.69140625}"
gemma,TEXT_CORRECTION_SEQ,ABC,0.9791666666666666,0.14322916666666666,0.15230147456709958,0.3125,0.3125,0.9108072916666667,0.9176682692307693,0.8890625,0.11927083333333333,0.8476985254329004,0.04296875,1.0,128,64,1664,0.400390625,615,1536,0.5216145742667256,,,,[],[],"{""both"": 0.96875, ""direct"": 0.982421875, ""either"": 0.96875, ""opposes"": 0.98046875, ""same"": 0.58203125}"
gemma,TEXT_CORRECTION_SEQ,CBA,0.984375,0.15071614583333331,0.16100260416666665,0.203125,0.203125,0.9049479166666666,0.9122596153846154,0.9109375,0.1578125,0.8389973958333333,0.046875,1.0,128,64,1664,0.3697916666666667,568,1536,0.6156014308508588,,,,[],[],"{""both"": 0.98828125, ""direct"": 0.98046875, ""either"": 0.96484375, ""opposes"": 0.9921875, ""same"": 0.5234375}"
gemma,TEXT_CORRECTION_SEQ,AB_cross,0.8763020833333333,0.08072916666666666,0.08124999999999999,0.15625,0.15625,0.8971354166666666,0.9050480769230769,0.8828125,0.075,0.91875,0.046875,1.0,128,64,1664,0.08203125,126,1536,0.3118969084000985,,,,[],[],"{""both"": 0.92578125, ""direct"": 0.95703125, ""either"": 0.9140625, ""opposes"": 0.94140625, ""same"": 0.6875}"
gemma,INV_SPARSE_CONTINUE_s0,single,0.9270833333333333,0.026041666666666668,0.0265625,0.59375,0.59375,0.9485677083333333,0.9485677083333333,0.96875,0.034375,0.9734375000000001,0.00390625,,,64,1536,0.0,0,1536,0.0,44381.65505981445,0.539952059276402,1.0,[],[],"{""both"": 0.921875, ""direct"": 0.986328125, ""either"": 0.94140625, ""opposes"": 0.9609375, ""same"": 0.89453125}"
gemma,INV_SPARSE_CONTINUE_s0,noop,,0.018229166666666664,0.020198074494949494,0.59375,0.59375,0.953125,0.953125,0.9609375,0.05245535714285714,0.9798019255050505,0.00390625,,,64,1536,0.4615885416666667,709,1536,0.3831883093594423,35604.00341796875,0.5334747177548707,1.0,[],[],"{""both"": 0.9765625, ""direct"": 0.998046875, ""either"": 0.91796875, ""opposes"": 0.96875, ""same"": 0.859375}"
gemma,INV_SPARSE_CONTINUE_s0,repeat2,0.9270833333333333,0.02734375,0.028125,0.59375,0.59375,0.947265625,0.947265625,0.9671875,0.035937500000000004,0.971875,0.0,,,64,1536,0.0013020833333333333,2,1536,0.004666931329690982,44381.65798950195,0.539952274877578,2.0,"[""single""]","[""INV_SPARSE_CONTINUE_s0""]","{""both"": 0.921875, ""direct"": 0.984375, ""either"": 0.9375, ""opposes"": 0.9609375, ""same"": 0.89453125}"
gemma,INV_SPARSE_CONTINUE_s0,repeat4,0.9270833333333333,0.02734375,0.028125,0.59375,0.59375,0.947265625,0.947265625,0.9671875,0.035937500000000004,0.971875,0.0,,,64,1536,0.0013020833333333333,2,1536,0.0047864234301696245,44381.65930175781,0.53995265904814,4.0,"[""repeat2"", ""single""]","[""INV_SPARSE_CONTINUE_s0""]","{""both"": 0.921875, ""direct"": 0.984375, ""either"": 0.9375, ""opposes"": 0.9609375, ""same"": 0.89453125}"
gemma,INV_SPARSE_CONTINUE_s0,repeat8,0.92578125,0.02734375,0.028125,0.578125,0.578125,0.9466145833333333,0.9466145833333333,0.9656250000000001,0.035937500000000004,0.971875,0.0,,,64,1536,0.001953125,3,1536,0.005148344678513439,44381.659271240234,0.5399526692926884,8.0,"[""repeat2"", ""repeat4"", ""single""]","[""INV_SPARSE_CONTINUE_s0""]","{""both"": 0.91796875, ""direct"": 0.984375, ""either"": 0.9375, ""opposes"": 0.9609375, ""same"": 0.89453125}"
gemma,INV_SPARSE_CONTINUE_s0,restore,,0.018880208333333332,0.020849116161616162,0.609375,0.609375,0.953125,0.953125,0.9609375,0.05245535714285714,0.9791508838383839,0.0078125,,,64,1536,0.4615885416666667,709,1536,0.3830953777332269,35604.00030517578,0.5334739284589887,2.0,"[""noop""]","[""INV_SPARSE_CONTINUE_s0""]","{""both"": 0.9765625, ""direct"": 1.0, ""either"": 0.91796875, ""opposes"": 0.96875, ""same"": 0.85546875}"
gemma,INV_SPARSE_CONTINUE_s0,restore_after4,,0.018880208333333332,0.020849116161616162,0.59375,0.59375,0.953125,0.953125,0.9625,0.05357142857142857,0.9791508838383839,0.0078125,,,64,1536,0.4615885416666667,709,1536,0.3831915694846752,35604.0055847168,0.5334731070324779,5.0,"[""noop"", ""restore""]","[""INV_SPARSE_CONTINUE_s0""]","{""both"": 0.9765625, ""direct"": 1.0, ""either"": 0.921875, ""opposes"": 0.96875, ""same"": 0.8515625}"
gemma,INV_SPARSE_CONTINUE_s0,overwrite,0.9270833333333333,0.026041666666666668,0.0265625,0.59375,0.59375,0.9485677083333333,0.9485677083333333,0.96875,0.034375,0.9734375000000001,0.00390625,,,64,1536,0.0,0,1536,0.004449129796727884,44381.65319824219,0.5399524266831577,3.0,"[""repeat2"", ""repeat4"", ""repeat8"", ""single""]","[""INV_SPARSE_CONTINUE_s0""]","{""both"": 0.921875, ""direct"": 0.986328125, ""either"": 0.94140625, ""opposes"": 0.9609375, ""same"": 0.89453125}"
gemma,INV_SPARSE_CONTINUE_s0,AB,0.9104817708333333,0.03645833333333333,0.039322916666666666,0.5,0.5,0.9283854166666667,0.9283854166666667,0.9406249999999999,0.0234375,0.9606770833333333,0.0078125,,,64,1536,0.3522135416666667,541,1536,0.3323255767444652,88271.84796142578,0.5502244862727821,2.0,[],[],"{""both"": 0.86328125, ""direct"": 0.98828125, ""either"": 0.875, ""opposes"": 0.9921875, ""same"": 0.86328125}"
gemma,INV_SPARSE_CONTINUE_s0,BA,0.9104817708333333,0.03645833333333333,0.039322916666666666,0.5,0.5,0.9283854166666667,0.9283854166666667,0.9406249999999999,0.0234375,0.9606770833333333,0.0078125,,,64,1536,0.3522135416666667,541,1536,0.3323255767444652,88271.84796142578,0.5502244862727821,2.0,"[""AB""]","[""INV_SPARSE_CONTINUE_s0""]","{""both"": 0.86328125, ""direct"": 0.98828125, ""either"": 0.875, ""opposes"": 0.9921875, ""same"": 0.86328125}"
gemma,INV_SPARSE_CONTINUE_s0,ABC,0.9462890625,0.09895833333333333,0.11028138528138527,0.390625,0.34375,0.908203125,0.9116586538461539,0.8953125,0.096875,0.8897186147186147,0.01953125,0.953125,128,64,1664,0.4375,672,1536,0.580099031253507,132178.2646484375,0.5611913627944887,3.0,[],[],"{""both"": 0.921875, ""direct"": 0.970703125, ""either"": 0.75390625, ""opposes"": 0.98046875, ""same"": 0.8515625}"
gemma,INV_SPARSE_CONTINUE_s0,CBA,0.9462890625,0.09895833333333333,0.11028138528138527,0.390625,0.34375,0.908203125,0.9116586538461539,0.8953125,0.096875,0.8897186147186147,0.01953125,0.953125,128,64,1664,0.4375,672,1536,0.580099031253507,132178.2646484375,0.5611913627944887,3.0,"[""ABC""]","[""INV_SPARSE_CONTINUE_s0""]","{""both"": 0.921875, ""direct"": 0.970703125, ""either"": 0.75390625, ""opposes"": 0.98046875, ""same"": 0.8515625}"
gemma,INV_SPARSE_CONTINUE_s0,AB_cross,0.8971354166666666,0.03645833333333333,0.03697916666666667,0.40625,0.40625,0.9296875,0.9350961538461539,0.9265625,0.034375,0.9630208333333333,0.0078125,1.0,128,64,1664,0.061848958333333336,95,1536,0.2688178478586198,88466.36291503906,0.5527586173266172,2.0,[],[],"{""both"": 0.89453125, ""direct"": 0.984375, ""either"": 0.90625, ""opposes"": 0.95703125, ""same"": 0.8515625}"
gemma,INV_SPARSE_CONTINUE_s1,single,0.9348958333333333,0.018229166666666664,0.01875,0.59375,0.59375,0.95703125,0.95703125,0.975,0.025,0.98125,0.0234375,,,64,1536,0.0,0,1536,0.0,36995.931884765625,0.5100796287879348,1.0,[],[],"{""both"": 0.94140625, ""direct"": 0.98828125, ""either"": 0.984375, ""opposes"": 0.9765625, ""same"": 0.86328125}"
gemma,INV_SPARSE_CONTINUE_s1,noop,,0.024739583333333332,0.027447024593763723,0.546875,0.546875,0.95703125,0.95703125,0.971875,0.05357142857142856,0.9725529754062363,0.0234375,,,64,1536,0.4609375,708,1536,0.32172274800270156,46065.007080078125,0.5417957603931427,1.0,[],[],"{""both"": 0.9921875, ""direct"": 0.9921875, ""either"": 0.94921875, ""opposes"": 0.9765625, ""same"": 0.83984375}"
gemma,INV_SPARSE_CONTINUE_s1,repeat2,0.9348958333333333,0.014322916666666666,0.01484375,0.59375,0.59375,0.958984375,0.958984375,0.975,0.0203125,0.9851562500000001,0.01171875,,,64,1536,0.001953125,3,1536,0.004205358185399651,36995.925201416016,0.5100797154009342,2.0,"[""single""]","[""INV_SPARSE_CONTINUE_s1""]","{""both"": 0.94140625, ""direct"": 0.994140625, ""either"": 0.984375, ""opposes"": 0.9765625, ""same"": 0.86328125}"
gemma,INV_SPARSE_CONTINUE_s1,repeat4,0.9348958333333333,0.018229166666666664,0.01875,0.59375,0.59375,0.95703125,0.95703125,0.975,0.025,0.98125,0.0234375,,,64,1536,0.0,0,1536,0.0030722255891101704,36995.92825317383,0.5100799715146422,4.0,"[""repeat2"", ""single""]","[""INV_SPARSE_CONTINUE_s1""]","{""both"": 0.94140625, ""direct"": 0.98828125, ""either"": 0.984375, ""opposes"": 0.9765625, ""same"": 0.86328125}"
gemma,INV_SPARSE_CONTINUE_s1,repeat8,0.9348958333333333,0.014322916666666666,0.01484375,0.59375,0.59375,0.958984375,0.958984375,0.975,0.0203125,0.9851562500000001,0.01171875,,,64,1536,0.001953125,3,1536,0.005268611527190122,36995.92791748047,0.5100797400809824,8.0,"[""repeat2"", ""repeat4"", ""single""]","[""INV_SPARSE_CONTINUE_s1""]","{""both"": 0.94140625, ""direct"": 0.994140625, ""either"": 0.984375, ""opposes"": 0.9765625, ""same"": 0.86328125}"
gemma,INV_SPARSE_CONTINUE_s1,restore,,0.024739583333333332,0.027447024593763723,0.5625,0.5625,0.9583333333333333,0.9583333333333333,0.975,0.05357142857142856,0.9725529754062363,0.0234375,,,64,1536,0.4622395833333333,710,1536,0.32063077064946793,46065.00653076172,0.5417946875095367,2.0,"[""noop""]","[""INV_SPARSE_CONTINUE_s1""]","{""both"": 0.9921875, ""direct"": 0.9921875, ""either"": 0.953125, ""opposes"": 0.9765625, ""same"": 0.84375}"
gemma,INV_SPARSE_CONTINUE_s1,restore_after4,,0.024739583333333332,0.027447024593763723,0.546875,0.546875,0.9576822916666666,0.9576822916666666,0.9734375,0.05357142857142856,0.9725529754062363,0.0234375,,,64,1536,0.4615885416666667,709,1536,0.32133499529323944,46065.00177001953,0.5417947857640684,5.0,"[""noop"", ""restore""]","[""INV_SPARSE_CONTINUE_s1""]","{""both"": 0.9921875, ""direct"": 0.9921875, ""either"": 0.94921875, ""opposes"": 0.9765625, ""same"": 0.84375}"
gemma,INV_SPARSE_CONTINUE_s1,overwrite,0.9348958333333333,0.015624999999999998,0.01614583333333333,0.609375,0.609375,0.9583333333333334,0.9583333333333334,0.975,0.021875,0.9838541666666667,0.015625,,,64,1536,0.0013020833333333333,2,1536,0.004313362895868996,36995.93130493164,0.5100799361243844,3.0,"[""repeat2"", ""repeat4"", ""single""]","[""INV_SPARSE_CONTINUE_s1""]","{""both"": 0.94140625, ""direct"": 0.9921875, ""either"": 0.984375, ""opposes"": 0.9765625, ""same"": 0.86328125}"
gemma,INV_SPARSE_CONTINUE_s1,AB,0.9407552083333334,0.07161458333333333,0.07517361111111111,0.40625,0.40625,0.92578125,0.92578125,0.8921874999999999,0.013020833333333332,0.9248263888888888,0.015625,,,64,1536,0.2981770833333333,458,1536,0.29024982773298663,66429.67114257812,0.5236809272319078,2.0,[],[],"{""both"": 0.92578125, ""direct"": 0.9921875, ""either"": 0.89453125, ""opposes"": 1.0, ""same"": 0.75}"
gemma,INV_SPARSE_CONTINUE_s1,BA,0.9407552083333334,0.07161458333333333,0.07517361111111111,0.40625,0.40625,0.92578125,0.92578125,0.8921874999999999,0.013020833333333332,0.9248263888888888,0.015625,,,64,1536,0.2981770833333333,458,1536,0.29024982773298663,66429.67114257812,0.5236809272319078,2.0,"[""AB""]","[""INV_SPARSE_CONTINUE_s1""]","{""both"": 0.92578125, ""direct"": 0.9921875, ""either"": 0.89453125, ""opposes"": 1.0, ""same"": 0.75}"
gemma,INV_SPARSE_CONTINUE_s1,ABC,0.9697265625,0.16341145833333331,0.18122435290404043,0.140625,0.140625,0.8776041666666667,0.8864182692307692,0.859375,0.14427083333333335,0.8187756470959596,0.015625,0.9921875,128,64,1664,0.3932291666666667,604,1536,0.573921246848253,96315.62420654297,0.5345666669309139,3.0,[],[],"{""both"": 0.953125, ""direct"": 0.98828125, ""either"": 0.734375, ""opposes"": 0.9921875, ""same"": 0.609375}"
gemma,INV_SPARSE_CONTINUE_s1,CBA,0.9697265625,0.16341145833333331,0.18122435290404043,0.140625,0.140625,0.8776041666666667,0.8864182692307692,0.859375,0.14427083333333335,0.8187756470959596,0.015625,0.9921875,128,64,1664,0.3932291666666667,604,1536,0.573921246848253,96315.62420654297,0.5345666669309139,3.0,"[""ABC""]","[""INV_SPARSE_CONTINUE_s1""]","{""both"": 0.953125, ""direct"": 0.98828125, ""either"": 0.734375, ""opposes"": 0.9921875, ""same"": 0.609375}"
gemma,INV_SPARSE_CONTINUE_s1,AB_cross,0.9140625,0.028645833333333332,0.028906249999999998,0.46875,0.4375,0.9427083333333333,0.9447115384615385,0.9453125,0.0265625,0.9710937500000001,0.015625,0.96875,128,64,1664,0.053385416666666664,82,1536,0.22124532402818411,65282.80535888672,0.5221759900450706,2.0,[],[],"{""both"": 0.921875, ""direct"": 0.994140625, ""either"": 0.96875, ""opposes"": 0.953125, ""same"": 0.82421875}"
gemma,INV_COMPLETE_SINGLE_s0,single,0.9283854166666667,0.0078125,0.008072916666666666,0.578125,0.578125,0.958984375,0.958984375,0.971875,0.0125,0.9919270833333333,0.01171875,,,64,1536,0.0,0,1536,0.0,45826.67761230469,0.5159566383808851,1.0,[],[],"{""both"": 0.9375, ""direct"": 0.9921875, ""either"": 0.96875, ""opposes"": 0.97265625, ""same"": 0.890625}"
gemma,INV_COMPLETE_SINGLE_s0,noop,,0.014322916666666664,0.01579443330362448,0.6875,0.6875,0.9635416666666666,0.9635416666666666,0.9640625,0.036830357142857144,0.9842055666963756,0.0078125,,,64,1536,0.4576822916666667,703,1536,0.28344714525270004,39718.09713745117,0.5381343215703964,1.0,[],[],"{""both"": 0.98828125, ""direct"": 1.0, ""either"": 0.92578125, ""opposes"": 0.9765625, ""same"": 0.890625}"
gemma,INV_COMPLETE_SINGLE_s0,repeat2,0.9283854166666667,0.0078125,0.008072916666666666,0.578125,0.578125,0.958984375,0.958984375,0.971875,0.0125,0.9919270833333333,0.01171875,,,64,1536,0.0013020833333333333,2,1536,0.0038918945855085005,45826.67654418945,0.5159569941461086,2.0,"[""single""]","[""INV_COMPLETE_SINGLE_s0""]","{""both"": 0.9375, ""direct"": 0.9921875, ""either"": 0.96875, ""opposes"": 0.97265625, ""same"": 0.890625}"
gemma,INV_COMPLETE_SINGLE_s0,repeat4,0.9283854166666667,0.009114583333333332,0.009375,0.5625,0.5625,0.9583333333333333,0.9583333333333333,0.971875,0.0140625,0.9906250000000001,0.015625,,,64,1536,0.001953125,3,1536,0.0033676666006480596,45826.67922973633,0.5159568060189486,4.0,"[""repeat2"", ""single""]","[""INV_COMPLETE_SINGLE_s0""]","{""both"": 0.9375, ""direct"": 0.990234375, ""either"": 0.96875, ""opposes"": 0.97265625, ""same"": 0.890625}"
gemma,INV_COMPLETE_SINGLE_s0,repeat8,0.9296875,0.009114583333333332,0.009375,0.5625,0.5625,0.958984375,0.958984375,0.9734375,0.0140625,0.9906250000000001,0.015625,,,64,1536,0.0013020833333333333,2,1536,0.00396928897580769,45826.67736816406,0.5159568781964481,8.0,"[""repeat2"", ""repeat4"", ""single""]","[""INV_COMPLETE_SINGLE_s0""]","{""both"": 0.9375, ""direct"": 0.990234375, ""either"": 0.96875, ""opposes"": 0.97265625, ""same"": 0.89453125}"
gemma,INV_COMPLETE_SINGLE_s0,restore,,0.013020833333333332,0.01427533608140226,0.6875,0.6875,0.9654947916666666,0.9654947916666666,0.965625,0.03459821428571429,0.9857246639185977,0.0078125,,,64,1536,0.4583333333333333,704,1536,0.28331405709379237,39718.094665527344,0.5381353250704706,2.0,"[""noop""]","[""INV_COMPLETE_SINGLE_s0""]","{""both"": 0.98828125, ""direct"": 1.0, ""either"": 0.93359375, ""opposes"": 0.9765625, ""same"": 0.89453125}"
gemma,INV_COMPLETE_SINGLE_s0,restore_after4,,0.013671875,0.014926377748068924,0.6875,0.6875,0.96484375,0.96484375,0.965625,0.03571428571428571,0.9850736222519311,0.0078125,,,64,1536,0.4576822916666667,703,1536,0.2837361015218143,39718.09796142578,0.5381350577808917,5.0,"[""noop"", ""restore""]","[""INV_COMPLETE_SINGLE_s0""]","{""both"": 0.98828125, ""direct"": 1.0, ""either"": 0.93359375, ""opposes"": 0.9765625, ""same"": 0.890625}"
gemma,INV_COMPLETE_SINGLE_s0,overwrite,0.9283854166666667,0.0078125,0.008072916666666666,0.578125,0.578125,0.958984375,0.958984375,0.971875,0.0125,0.9919270833333333,0.01171875,,,64,1536,0.0013020833333333333,2,1536,0.003146993900730403,45826.67807006836,0.5159568195231259,3.0,"[""repeat2"", ""repeat4"", ""single""]","[""INV_COMPLETE_SINGLE_s0""]","{""both"": 0.9375, ""direct"": 0.9921875, ""either"": 0.96875, ""opposes"": 0.97265625, ""same"": 0.890625}"
gemma,INV_COMPLETE_SINGLE_s0,AB,0.9176432291666667,0.035807291666666664,0.037109375,0.5,0.5,0.9407552083333333,0.9407552083333333,0.9515625000000001,0.005208333333333333,0.962890625,0.015625,,,64,1536,0.3268229166666667,502,1536,0.28248676241544146,78842.33209228516,0.5344542786478996,2.0,[],[],"{""both"": 0.921875, ""direct"": 0.97265625, ""either"": 0.93359375, ""opposes"": 0.9921875, ""same"": 0.8515625}"
gemma,INV_COMPLETE_SINGLE_s0,BA,0.9176432291666667,0.035807291666666664,0.037109375,0.5,0.5,0.9407552083333333,0.9407552083333333,0.9515625000000001,0.005208333333333333,0.962890625,0.015625,,,64,1536,0.3268229166666667,502,1536,0.28248676241544146,78842.33209228516,0.5344542786478996,2.0,"[""AB""]","[""INV_COMPLETE_SINGLE_s0""]","{""both"": 0.921875, ""direct"": 0.97265625, ""either"": 0.93359375, ""opposes"": 0.9921875, ""same"": 0.8515625}"
gemma,INV_COMPLETE_SINGLE_s0,ABC,0.9407552083333334,0.08268229166666666,0.08689292478354979,0.421875,0.40625,0.9303385416666667,0.9338942307692308,0.921875,0.08229166666666667,0.9131070752164503,0.03515625,0.9765625,128,64,1664,0.4244791666666667,652,1536,0.3884678821846042,112095.99340820312,0.5428915731608868,3.0,[],[],"{""both"": 0.98046875, ""direct"": 0.9609375, ""either"": 0.88671875, ""opposes"": 0.98046875, ""same"": 0.8125}"
gemma,INV_COMPLETE_SINGLE_s0,CBA,0.9407552083333334,0.08268229166666666,0.08689292478354979,0.421875,0.40625,0.9303385416666667,0.9338942307692308,0.921875,0.08229166666666667,0.9131070752164503,0.03515625,0.9765625,128,64,1664,0.4244791666666667,652,1536,0.3884678821846042,112095.99340820312,0.5428915731608868,3.0,"[""ABC""]","[""INV_COMPLETE_SINGLE_s0""]","{""both"": 0.98046875, ""direct"": 0.9609375, ""either"": 0.88671875, ""opposes"": 0.98046875, ""same"": 0.8125}"
gemma,INV_COMPLETE_SINGLE_s0,AB_cross,0.8958333333333334,0.007812499999999999,0.007812499999999999,0.515625,0.5,0.9440104166666666,0.9471153846153847,0.9234374999999999,0.004687500000000001,0.9921875,0.0078125,0.984375,128,64,1664,0.056640625,87,1536,0.21628754849527473,81104.57092285156,0.5304902228526771,2.0,[],[],"{""both"": 0.90234375, ""direct"": 0.99609375, ""either"": 0.94921875, ""opposes"": 0.984375, ""same"": 0.8359375}"
gemma,INV_COMPLETE_SINGLE_s1,single,0.9440104166666666,0.006510416666666666,0.00703125,0.71875,0.71875,0.9674479166666667,0.9674479166666667,0.96875,0.010937500000000001,0.99296875,0.015625,,,64,1536,0.0,0,1536,0.0,43535.793884277344,0.5152124795131385,1.0,[],[],"{""both"": 0.95703125, ""direct"": 0.98828125, ""either"": 0.98828125, ""opposes"": 0.97265625, ""same"": 0.91015625}"
gemma,INV_COMPLETE_SINGLE_s1,noop,,0.008463541666666666,0.009718044414735592,0.6875,0.6875,0.9720052083333334,0.9720052083333334,0.965625,0.0234375,0.9902819555852644,0.0234375,,,64,1536,0.458984375,705,1536,0.22275044615968417,50667.83560180664,0.5503094787709415,1.0,[],[],"{""both"": 0.9921875, ""direct"": 0.9921875, ""either"": 0.97265625, ""opposes"": 0.99609375, ""same"": 0.88671875}"
gemma,INV_COMPLETE_SINGLE_s1,repeat2,0.9440104166666666,0.006510416666666666,0.00703125,0.71875,0.71875,0.9674479166666667,0.9674479166666667,0.96875,0.010937500000000001,0.99296875,0.015625,,,64,1536,0.0,0,1536,0.002917280195825119,43535.80126953125,0.5152125535532832,2.0,"[""single""]","[""INV_COMPLETE_SINGLE_s1""]","{""both"": 0.95703125, ""direct"": 0.98828125, ""either"": 0.98828125, ""opposes"": 0.97265625, ""same"": 0.91015625}"
gemma,INV_COMPLETE_SINGLE_s1,repeat4,0.9440104166666666,0.006510416666666666,0.00703125,0.71875,0.71875,0.9674479166666667,0.9674479166666667,0.96875,0.010937500000000001,0.99296875,0.015625,,,64,1536,0.0,0,1536,0.0023866984500836943,43535.804138183594,0.5152125344611704,4.0,"[""repeat2"", ""single""]","[""INV_COMPLETE_SINGLE_s1""]","{""both"": 0.95703125, ""direct"": 0.98828125, ""either"": 0.98828125, ""opposes"": 0.97265625, ""same"": 0.91015625}"
gemma,INV_COMPLETE_SINGLE_s1,repeat8,0.9440104166666667,0.006510416666666666,0.00703125,0.71875,0.71875,0.9674479166666667,0.9674479166666667,0.9703125,0.010937500000000001,0.99296875,0.015625,,,64,1536,0.0013020833333333333,2,1536,0.0025749095071236163,43535.799896240234,0.5152124264277518,8.0,"[""repeat2"", ""repeat4"", ""single""]","[""INV_COMPLETE_SINGLE_s1""]","{""both"": 0.95703125, ""direct"": 0.98828125, ""either"": 0.98828125, ""opposes"": 0.97265625, ""same"": 0.91015625}"
gemma,INV_COMPLETE_SINGLE_s1,restore,,0.008463541666666666,0.009718044414735592,0.6875,0.6875,0.9720052083333334,0.9720052083333334,0.965625,0.0234375,0.9902819555852644,0.0234375,,,64,1536,0.458984375,705,1536,0.22327303140116328,50667.83087158203,0.550309385638684,2.0,"[""noop""]","[""INV_COMPLETE_SINGLE_s1""]","{""both"": 0.9921875, ""direct"": 0.9921875, ""either"": 0.97265625, ""opposes"": 0.99609375, ""same"": 0.88671875}"
gemma,INV_COMPLETE_SINGLE_s1,restore_after4,,0.008463541666666666,0.009718044414735592,0.703125,0.703125,0.97265625,0.97265625,0.965625,0.022321428571428572,0.9902819555852644,0.0234375,,,64,1536,0.4596354166666667,706,1536,0.22335175422599227,50667.8415222168,0.5503090173006058,5.0,"[""noop"", ""restore""]","[""INV_COMPLETE_SINGLE_s1""]","{""both"": 0.9921875, ""direct"": 0.9921875, ""either"": 0.97265625, ""opposes"": 0.99609375, ""same"": 0.890625}"
gemma,INV_COMPLETE_SINGLE_s1,overwrite,0.9453125,0.006510416666666666,0.00703125,0.71875,0.71875,0.9680989583333334,0.9680989583333334,0.96875,0.010937500000000001,0.99296875,0.015625,,,64,1536,0.0006510416666666666,1,1536,0.0023679225296528252,43535.80194091797,0.5152128273621202,3.0,"[""repeat2"", ""repeat4"", ""single""]","[""INV_COMPLETE_SINGLE_s1""]","{""both"": 0.95703125, ""direct"": 0.98828125, ""either"": 0.98828125, ""opposes"": 0.97265625, ""same"": 0.9140625}"
gemma,INV_COMPLETE_SINGLE_s1,AB,0.9378255208333333,0.05338541666666666,0.055468750000000004,0.5,0.5,0.943359375,0.943359375,0.9203125,0.005208333333333333,0.94453125,0.015625,,,64,1536,0.3209635416666667,493,1536,0.21524258305897112,85990.57830810547,0.5384004069492221,2.0,[],[],"{""both"": 0.94921875, ""direct"": 0.99609375, ""either"": 0.91796875, ""opposes"": 0.9921875, ""same"": 0.80859375}"
gemma,INV_COMPLETE_SINGLE_s1,BA,0.9378255208333333,0.05338541666666666,0.055468750000000004,0.5,0.5,0.943359375,0.943359375,0.9203125,0.005208333333333333,0.94453125,0.015625,,,64,1536,0.3209635416666667,493,1536,0.21524258305897112,85990.57830810547,0.5384004069492221,2.0,"[""AB""]","[""INV_COMPLETE_SINGLE_s1""]","{""both"": 0.94921875, ""direct"": 0.99609375, ""either"": 0.91796875, ""opposes"": 0.9921875, ""same"": 0.80859375}"
gemma,INV_COMPLETE_SINGLE_s1,ABC,0.9459635416666666,0.08951822916666666,0.0931640625,0.484375,0.484375,0.92578125,0.9314903846153847,0.8984375,0.07447916666666667,0.9068359375,0.0234375,1.0,128,64,1664,0.4244791666666667,652,1536,0.3665841581778757,129271.51879882812,0.5483515188097954,3.0,[],[],"{""both"": 0.984375, ""direct"": 0.9921875, ""either"": 0.84375, ""opposes"": 0.98828125, ""same"": 0.75390625}"
gemma,INV_COMPLETE_SINGLE_s1,CBA,0.9459635416666666,0.08951822916666666,0.0931640625,0.484375,0.484375,0.92578125,0.9314903846153847,0.8984375,0.07447916666666667,0.9068359375,0.0234375,1.0,128,64,1664,0.4244791666666667,652,1536,0.3665841581778757,129271.51879882812,0.5483515188097954,3.0,"[""ABC""]","[""INV_COMPLETE_SINGLE_s1""]","{""both"": 0.984375, ""direct"": 0.9921875, ""either"": 0.84375, ""opposes"": 0.98828125, ""same"": 0.75390625}"
gemma,INV_COMPLETE_SINGLE_s1,AB_cross,0.9049479166666667,0.009114583333333332,0.009114583333333332,0.53125,0.53125,0.9479166666666666,0.951923076923077,0.921875,0.0078125,0.9908854166666667,0.015625,1.0,128,64,1664,0.05078125,78,1536,0.22098764094981385,87410.39953613281,0.540971586946398,2.0,[],[],"{""both"": 0.9375, ""direct"": 0.994140625, ""either"": 0.953125, ""opposes"": 0.9765625, ""same"": 0.83203125}"
gemma,FREE_SPARSE_CONTINUE_s0,single,0.9140625,0.013020833333333332,0.013020833333333332,0.625,0.625,0.94921875,0.94921875,0.9390625,0.0125,0.9869791666666666,0.0078125,,,64,1536,0.0,0,1536,0.0,141473.7432861328,0.553510183468461,1.0,[],[],"{""both"": 0.9375, ""direct"": 0.984375, ""either"": 0.94921875, ""opposes"": 0.94140625, ""same"": 0.8984375}"
gemma,FREE_SPARSE_CONTINUE_s0,noop,,0.005208333333333333,0.005811794414735592,0.59375,0.59375,0.95703125,0.95703125,0.9375,0.02901785714285714,0.9941882055852644,0.0,,,64,1536,0.4388020833333333,674,1536,0.3727156988882972,96321.21716308594,0.5594055098481476,1.0,[],[],"{""both"": 0.984375, ""direct"": 0.99609375, ""either"": 0.921875, ""opposes"": 0.97265625, ""same"": 0.87109375}"
gemma,FREE_SPARSE_CONTINUE_s0,repeat2,0.9010416666666666,0.013020833333333332,0.013020833333333332,0.625,0.625,0.9427083333333333,0.9427083333333333,0.928125,0.0125,0.9869791666666666,0.0078125,,,64,1536,0.010416666666666666,16,1536,0.06342646618145646,133077.54321289062,0.5613391222432256,2.0,[],[],"{""both"": 0.921875, ""direct"": 0.982421875, ""either"": 0.94140625, ""opposes"": 0.93359375, ""same"": 0.89453125}"
gemma,FREE_SPARSE_CONTINUE_s0,repeat4,0.8971354166666667,0.013020833333333332,0.013020833333333332,0.625,0.625,0.9407552083333334,0.9407552083333334,0.9265625,0.0125,0.9869791666666666,0.0078125,,,64,1536,0.012369791666666666,19,1536,0.06851931303786547,128179.81787109375,0.5735714333131909,4.0,[],[],"{""both"": 0.921875, ""direct"": 0.984375, ""either"": 0.94140625, ""opposes"": 0.93359375, ""same"": 0.87890625}"
gemma,FREE_SPARSE_CONTINUE_s0,repeat8,0.8971354166666667,0.013020833333333332,0.013020833333333332,0.625,0.625,0.9407552083333334,0.9407552083333334,0.9265625,0.0125,0.9869791666666666,0.0078125,,,64,1536,0.012369791666666666,19,1536,0.06842529723739214,128399.70556640625,0.5688580432906747,8.0,[],[],"{""both"": 0.921875, ""direct"": 0.984375, ""either"": 0.94140625, ""opposes"": 0.93359375, ""same"": 0.87890625}"
gemma,FREE_SPARSE_CONTINUE_s0,restore,,0.004557291666666666,0.005042381535947712,0.53125,0.53125,0.95703125,0.95703125,0.9375,0.029017857142857144,0.9949576184640523,0.00390625,,,64,1536,0.4375,672,1536,0.37285623381847205,85545.64892578125,0.548784589394927,2.0,[],[],"{""both"": 0.98046875, ""direct"": 0.994140625, ""either"": 0.91796875, ""opposes"": 0.984375, ""same"": 0.87109375}"
gemma,FREE_SPARSE_CONTINUE_s0,restore_after4,,0.005208333333333333,0.005752608808674986,0.546875,0.546875,0.9544270833333333,0.9544270833333333,0.934375,0.03125,0.994247391191325,0.00390625,,,64,1536,0.4348958333333333,668,1536,0.3775177561345681,85429.89428710938,0.5421033436432481,5.0,[],[],"{""both"": 0.96875, ""direct"": 0.994140625, ""either"": 0.91796875, ""opposes"": 0.98046875, ""same"": 0.87109375}"
gemma,FREE_SPARSE_CONTINUE_s0,overwrite,0.9075520833333334,0.014322916666666666,0.014322916666666666,0.59375,0.59375,0.9453125,0.9453125,0.9359375000000001,0.0140625,0.9856770833333333,0.01171875,,,64,1536,0.005208333333333333,8,1536,0.04226057329423109,137278.31994628906,0.5587232569232583,3.0,[],[],"{""both"": 0.9296875, ""direct"": 0.982421875, ""either"": 0.94140625, ""opposes"": 0.94140625, ""same"": 0.89453125}"
gemma,FREE_SPARSE_CONTINUE_s0,AB,0.9111328125,0.03841145833333333,0.04162326388888889,0.53125,0.53125,0.9264322916666666,0.9264322916666666,0.8999999999999999,0.005208333333333333,0.9583767361111111,0.0078125,,,64,1536,0.3326822916666667,511,1536,0.30330037378621216,206918.92602539062,0.5634167864918709,2.0,[],[],"{""both"": 0.87109375, ""direct"": 0.984375, ""either"": 0.9140625, ""opposes"": 0.95703125, ""same"": 0.84765625}"
gemma,FREE_SPARSE_CONTINUE_s0,BA,0.9111328125,0.03841145833333333,0.04162326388888889,0.53125,0.53125,0.9264322916666666,0.9264322916666666,0.8999999999999999,0.005208333333333333,0.9583767361111111,0.0078125,,,64,1536,0.3326822916666667,511,1536,0.30330037378621216,206918.92602539062,0.5634167864918709,2.0,"[""AB""]","[""FREE_SPARSE_CONTINUE_s0""]","{""both"": 0.87109375, ""direct"": 0.984375, ""either"": 0.9140625, ""opposes"": 0.95703125, ""same"": 0.84765625}"
gemma,FREE_SPARSE_CONTINUE_s0,ABC,0.9326171875,0.09016927083333333,0.10292461444805195,0.46875,0.46875,0.9016927083333333,0.9092548076923077,0.865625,0.09010416666666668,0.897075385551948,0.0234375,1.0,128,64,1664,0.458984375,705,1536,0.5101433144035733,270944.8947753906,0.5788204995915294,3.0,[],[],"{""both"": 0.90625, ""direct"": 0.962890625, ""either"": 0.82421875, ""opposes"": 0.94140625, ""same"": 0.8125}"
gemma,FREE_SPARSE_CONTINUE_s0,CBA,0.9326171875,0.09016927083333333,0.10292461444805195,0.46875,0.46875,0.9016927083333333,0.9092548076923077,0.865625,0.09010416666666668,0.897075385551948,0.0234375,1.0,128,64,1664,0.458984375,705,1536,0.5101433144035733,270944.8947753906,0.5788204995915294,3.0,"[""ABC""]","[""FREE_SPARSE_CONTINUE_s0""]","{""both"": 0.90625, ""direct"": 0.962890625, ""either"": 0.82421875, ""opposes"": 0.94140625, ""same"": 0.8125}"
gemma,FREE_SPARSE_CONTINUE_s0,AB_cross,0.8619791666666667,0.03515625,0.03567708333333334,0.4375,0.421875,0.9134114583333334,0.9194711538461537,0.8828125,0.0359375,0.9643229166666667,0.0078125,0.9921875,128,64,1664,0.068359375,105,1536,0.2892616315352612,208503.54907226562,0.5674159592017531,2.0,[],[],"{""both"": 0.91015625, ""direct"": 0.986328125, ""either"": 0.91796875, ""opposes"": 0.88671875, ""same"": 0.79296875}"
gemma,FREE_SPARSE_CONTINUE_s1,single,0.8841145833333334,0.0026041666666666665,0.0028645833333333336,0.53125,0.53125,0.9407552083333333,0.9407552083333333,0.9296875,0.003125,0.9971354166666666,0.0078125,,,64,1536,0.0,0,1536,0.0,120376.85559082031,0.5763342822901905,1.0,[],[],"{""both"": 0.92578125, ""direct"": 0.98828125, ""either"": 0.89453125, ""opposes"": 0.96484375, ""same"": 0.8828125}"
gemma,FREE_SPARSE_CONTINUE_s1,noop,,0.013671875,0.014504419191919193,0.640625,0.640625,0.9635416666666666,0.9635416666666666,0.9640624999999999,0.03683035714285714,0.9854955808080808,0.015625,,,64,1536,0.4251302083333333,653,1536,0.33080437505511523,107832.15802001953,0.5648054741322994,1.0,[],[],"{""both"": 0.9921875, ""direct"": 0.99609375, ""either"": 0.94140625, ""opposes"": 0.984375, ""same"": 0.87109375}"
gemma,FREE_SPARSE_CONTINUE_s1,repeat2,0.8515625,0.00390625,0.004166666666666667,0.453125,0.453125,0.9225260416666666,0.9225260416666666,0.9156249999999999,0.0078125,0.9958333333333333,0.0,,,64,1536,0.05078125,78,1536,0.23142855726605896,81056.06982421875,0.5528307030908763,2.0,[],[],"{""both"": 0.9140625, ""direct"": 0.98828125, ""either"": 0.9140625, ""opposes"": 0.98046875, ""same"": 0.75}"
gemma,FREE_SPARSE_CONTINUE_s1,repeat4,0.8645833333333333,0.00390625,0.004166666666666667,0.484375,0.484375,0.9296875,0.9296875,0.921875,0.00625,0.9958333333333333,0.00390625,,,64,1536,0.041015625,63,1536,0.17065587028623005,83890.98999023438,0.5527138998731971,4.0,[],[],"{""both"": 0.91796875, ""direct"": 0.990234375, ""either"": 0.90625, ""opposes"": 0.984375, ""same"": 0.7890625}"
gemma,FREE_SPARSE_CONTINUE_s1,repeat8,0.875,0.00390625,0.004166666666666667,0.5,0.5,0.9348958333333333,0.9348958333333333,0.93125,0.00625,0.9958333333333333,0.00390625,,,64,1536,0.038411458333333336,59,1536,0.15256307073213904,86620.04608154297,0.5483529078774154,8.0,[],[],"{""both"": 0.921875, ""direct"": 0.994140625, ""either"": 0.91015625, ""opposes"": 0.984375, ""same"": 0.8046875}"
gemma,FREE_SPARSE_CONTINUE_s1,restore,,0.009765625,0.010373263888888888,0.625,0.625,0.9615885416666667,0.9615885416666667,0.95,0.03013392857142857,0.9896267361111111,0.01953125,,,64,1536,0.4192708333333333,644,1536,0.3692622142546848,100640.47528076172,0.5555512295104563,2.0,[],[],"{""both"": 0.98828125, ""direct"": 0.994140625, ""either"": 0.94140625, ""opposes"": 0.9921875, ""same"": 0.859375}"
gemma,FREE_SPARSE_CONTINUE_s1,restore_after4,,0.009765625,0.010460069444444444,0.625,0.625,0.962890625,0.962890625,0.95625,0.032366071428571425,0.9895399305555556,0.01953125,,,64,1536,0.4205729166666667,646,1536,0.3556069736132687,98703.17041015625,0.5439166552387178,5.0,[],[],"{""both"": 0.98828125, ""direct"": 0.994140625, ""either"": 0.953125, ""opposes"": 0.9921875, ""same"": 0.85546875}"
gemma,FREE_SPARSE_CONTINUE_s1,overwrite,0.890625,0.005208333333333333,0.00546875,0.53125,0.53125,0.9427083333333334,0.9427083333333334,0.9421875,0.00625,0.99453125,0.01171875,,,64,1536,0.033203125,51,1536,0.11642513701835237,106987.13055419922,0.5466052880510688,3.0,[],[],"{""both"": 0.93359375, ""direct"": 0.994140625, ""either"": 0.91796875, ""opposes"": 0.98828125, ""same"": 0.828125}"
gemma,FREE_SPARSE_CONTINUE_s1,AB,0.8626302083333333,0.06705729166666666,0.069140625,0.359375,0.359375,0.8899739583333333,0.8899739583333333,0.853125,0.0,0.9308593749999999,0.0078125,,,64,1536,0.3111979166666667,478,1536,0.3834997276145036,229799.56860351562,0.5871281684376299,2.0,[],[],"{""both"": 0.8828125, ""direct"": 0.966796875, ""either"": 0.875, ""opposes"": 0.90625, ""same"": 0.7421875}"
gemma,FREE_SPARSE_CONTINUE_s1,BA,0.8626302083333333,0.06705729166666666,0.069140625,0.359375,0.359375,0.8899739583333333,0.8899739583333333,0.853125,0.0,0.9308593749999999,0.0078125,,,64,1536,0.3111979166666667,478,1536,0.3834997276145036,229799.56860351562,0.5871281684376299,2.0,"[""AB""]","[""FREE_SPARSE_CONTINUE_s1""]","{""both"": 0.8828125, ""direct"": 0.966796875, ""either"": 0.875, ""opposes"": 0.90625, ""same"": 0.7421875}"
gemma,FREE_SPARSE_CONTINUE_s1,ABC,0.8694661458333333,0.1123046875,0.12024739583333333,0.25,0.25,0.873046875,0.8792067307692308,0.8234375,0.09166666666666667,0.8797526041666667,0.01171875,0.953125,128,64,1664,0.3958333333333333,608,1536,0.5686977901501346,358469.8093261719,0.5972954006865621,3.0,[],[],"{""both"": 0.875, ""direct"": 0.9609375, ""either"": 0.8671875, ""opposes"": 0.87109375, ""same"": 0.703125}"
gemma,FREE_SPARSE_CONTINUE_s1,CBA,0.8694661458333333,0.1123046875,0.12024739583333333,0.25,0.25,0.873046875,0.8792067307692308,0.8234375,0.09166666666666667,0.8797526041666667,0.01171875,0.953125,128,64,1664,0.3958333333333333,608,1536,0.5686977901501346,358469.8093261719,0.5972954006865621,3.0,"[""ABC""]","[""FREE_SPARSE_CONTINUE_s1""]","{""both"": 0.875, ""direct"": 0.9609375, ""either"": 0.8671875, ""opposes"": 0.87109375, ""same"": 0.703125}"
gemma,FREE_SPARSE_CONTINUE_s1,AB_cross,0.8684895833333333,0.0013020833333333333,0.0013020833333333333,0.515625,0.5,0.93359375,0.9344951923076923,0.9156250000000001,0.0015625,0.9986979166666666,0.0078125,0.9453125,128,64,1664,0.047526041666666664,73,1536,0.18930858187946123,236358.03930664062,0.5874654040671885,2.0,[],[],"{""both"": 0.953125, ""direct"": 0.982421875, ""either"": 0.88671875, ""opposes"": 0.96875, ""same"": 0.828125}"
gemma,FREE_COMPLETE_SINGLE_s0,single,0.9270833333333333,0.005208333333333333,0.005208333333333333,0.59375,0.59375,0.9609375,0.9609375,0.9624999999999999,0.00625,0.9947916666666666,0.015625,,,64,1536,0.0,0,1536,0.0,72869.23696899414,0.5168566158972681,1.0,[],[],"{""both"": 0.92578125, ""direct"": 0.994140625, ""either"": 0.97265625, ""opposes"": 0.953125, ""same"": 0.92578125}"
gemma,FREE_COMPLETE_SINGLE_s0,noop,,0.00390625,0.004174325980392157,0.703125,0.703125,0.9700520833333333,0.9700520833333333,0.9625,0.024553571428571425,0.9958256740196079,0.0078125,,,64,1536,0.4479166666666667,688,1536,0.22192112878643874,50832.14929199219,0.54765879875049,1.0,[],[],"{""both"": 0.984375, ""direct"": 1.0, ""either"": 0.94140625, ""opposes"": 0.9765625, ""same"": 0.91796875}"
gemma,FREE_COMPLETE_SINGLE_s0,repeat2,0.9270833333333333,0.006510416666666666,0.006510416666666666,0.59375,0.59375,0.9602864583333333,0.9602864583333333,0.965625,0.0078125,0.9934895833333334,0.01953125,,,64,1536,0.004557291666666667,7,1536,0.028015050150884235,60906.40740966797,0.5298753906972706,2.0,[],[],"{""both"": 0.921875, ""direct"": 0.9921875, ""either"": 0.98046875, ""opposes"": 0.953125, ""same"": 0.921875}"
gemma,FREE_COMPLETE_SINGLE_s0,repeat4,0.9283854166666666,0.006510416666666666,0.006510416666666666,0.609375,0.609375,0.9609375,0.9609375,0.9640625,0.0078125,0.9934895833333334,0.01953125,,,64,1536,0.0026041666666666665,4,1536,0.023680095719471456,59235.94415283203,0.5286882142536342,4.0,[],[],"{""both"": 0.92578125, ""direct"": 0.9921875, ""either"": 0.98046875, ""opposes"": 0.953125, ""same"": 0.921875}"
gemma,FREE_COMPLETE_SINGLE_s0,repeat8,0.9270833333333333,0.006510416666666666,0.006510416666666666,0.59375,0.59375,0.9602864583333334,0.9602864583333334,0.9640625,0.0078125,0.9934895833333334,0.01953125,,,64,1536,0.0032552083333333335,5,1536,0.023174559587469428,58968.09115600586,0.5278022917918861,8.0,[],[],"{""both"": 0.921875, ""direct"": 0.9921875, ""either"": 0.98046875, ""opposes"": 0.953125, ""same"": 0.921875}"
gemma,FREE_COMPLETE_SINGLE_s0,restore,,0.003255208333333333,0.0036534926470588236,0.671875,0.671875,0.96875,0.96875,0.9562499999999999,0.02232142857142857,0.9963465073529412,0.0078125,,,64,1536,0.4453125,684,1536,0.23438603348406536,48042.9951171875,0.530552068259567,2.0,[],[],"{""both"": 0.98828125, ""direct"": 1.0, ""either"": 0.9296875, ""opposes"": 0.984375, ""same"": 0.91015625}"
gemma,FREE_COMPLETE_SINGLE_s0,restore_after4,,0.0026041666666666665,0.0028722426470588237,0.703125,0.703125,0.9700520833333333,0.9700520833333333,0.9578125,0.02120535714285714,0.9971277573529411,0.0078125,,,64,1536,0.4466145833333333,686,1536,0.23363348665345404,48130.98516845703,0.533654173836112,5.0,[],[],"{""both"": 0.9921875, ""direct"": 1.0, ""either"": 0.93359375, ""opposes"": 0.984375, ""same"": 0.91015625}"
gemma,FREE_COMPLETE_SINGLE_s0,overwrite,0.9075520833333333,0.006510416666666666,0.0067708333333333336,0.546875,0.546875,0.9505208333333333,0.9505208333333333,0.953125,0.0078125,0.9932291666666666,0.015625,,,64,1536,0.010416666666666666,16,1536,0.057622787130824804,66621.28805541992,0.5437025586143136,3.0,[],[],"{""both"": 0.90625, ""direct"": 0.994140625, ""either"": 0.9609375, ""opposes"": 0.9453125, ""same"": 0.90234375}"
gemma,FREE_COMPLETE_SINGLE_s0,AB,0.9205729166666667,0.015624999999999998,0.01614583333333333,0.59375,0.59375,0.9466145833333334,0.9466145833333334,0.9421875000000001,0.005208333333333333,0.9838541666666667,0.015625,,,64,1536,0.3411458333333333,524,1536,0.2060990701726233,141850.50946044922,0.537025848403573,2.0,[],[],"{""both"": 0.8984375, ""direct"": 0.98828125, ""either"": 0.9375, ""opposes"": 0.9765625, ""same"": 0.890625}"
gemma,FREE_COMPLETE_SINGLE_s0,BA,0.9205729166666667,0.015624999999999998,0.01614583333333333,0.59375,0.59375,0.9466145833333334,0.9466145833333334,0.9421875000000001,0.005208333333333333,0.9838541666666667,0.015625,,,64,1536,0.3411458333333333,524,1536,0.2060990701726233,141850.50946044922,0.537025848403573,2.0,"[""AB""]","[""FREE_COMPLETE_SINGLE_s0""]","{""both"": 0.8984375, ""direct"": 0.98828125, ""either"": 0.9375, ""opposes"": 0.9765625, ""same"": 0.890625}"
gemma,FREE_COMPLETE_SINGLE_s0,ABC,0.9319661458333334,0.061848958333333336,0.06754092261904762,0.515625,0.5,0.9244791666666666,0.9296875,0.8859375,0.06145833333333333,0.9324590773809524,0.015625,0.9921875,128,64,1664,0.44140625,678,1536,0.3687990726791135,217295.5958251953,0.5443214471451938,3.0,[],[],"{""both"": 0.94140625, ""direct"": 0.984375, ""either"": 0.87109375, ""opposes"": 0.953125, ""same"": 0.8125}"
gemma,FREE_COMPLETE_SINGLE_s0,CBA,0.9319661458333334,0.061848958333333336,0.06754092261904762,0.515625,0.5,0.9244791666666666,0.9296875,0.8859375,0.06145833333333333,0.9324590773809524,0.015625,0.9921875,128,64,1664,0.44140625,678,1536,0.3687990726791135,217295.5958251953,0.5443214471451938,3.0,"[""ABC""]","[""FREE_COMPLETE_SINGLE_s0""]","{""both"": 0.94140625, ""direct"": 0.984375, ""either"": 0.87109375, ""opposes"": 0.953125, ""same"": 0.8125}"
gemma,FREE_COMPLETE_SINGLE_s0,AB_cross,0.8763020833333333,0.009114583333333332,0.009114583333333332,0.5,0.5,0.93359375,0.9387019230769231,0.9125,0.0109375,0.9908854166666666,0.01171875,1.0,128,64,1664,0.053385416666666664,82,1536,0.1886705176747571,145106.49249267578,0.539997685700655,2.0,[],[],"{""both"": 0.91796875, ""direct"": 0.9921875, ""either"": 0.94921875, ""opposes"": 0.93359375, ""same"": 0.81640625}"
gemma,FREE_COMPLETE_SINGLE_s1,single,0.9479166666666666,0.010416666666666666,0.0109375,0.671875,0.671875,0.966796875,0.966796875,0.9765625,0.014062499999999999,0.9890625,0.00390625,,,64,1536,0.0,0,1536,0.0,87692.60260009766,0.5766346002928913,1.0,[],[],"{""both"": 0.9609375, ""direct"": 0.9921875, ""either"": 0.9765625, ""opposes"": 0.984375, ""same"": 0.89453125}"
gemma,FREE_COMPLETE_SINGLE_s1,noop,,0.014973958333333332,0.01619318181818182,0.609375,0.609375,0.9654947916666666,0.9654947916666666,0.959375,0.03013392857142857,0.9838068181818181,0.015625,,,64,1536,0.4661458333333333,716,1536,0.2512331338471476,66326.45141601562,0.5456595923751593,1.0,[],[],"{""both"": 0.98828125, ""direct"": 0.99609375, ""either"": 0.95703125, ""opposes"": 0.9921875, ""same"": 0.86328125}"
gemma,FREE_COMPLETE_SINGLE_s1,repeat2,0.8971354166666666,0.01171875,0.012239583333333333,0.484375,0.484375,0.9407552083333333,0.9407552083333333,0.9390625,0.015625,0.9877604166666667,0.0078125,,,64,1536,0.028645833333333332,44,1536,0.1363286759126332,79342.03216552734,0.5630855872295797,2.0,[],[],"{""both"": 0.9453125, ""direct"": 0.990234375, ""either"": 0.9765625, ""opposes"": 0.9765625, ""same"": 0.765625}"
gemma,FREE_COMPLETE_SINGLE_s1,repeat4,0.90234375,0.013020833333333332,0.013541666666666667,0.53125,0.53125,0.9427083333333334,0.9427083333333334,0.94375,0.0171875,0.9864583333333333,0.01171875,,,64,1536,0.026692708333333332,41,1536,0.12745246861035633,77307.48626708984,0.5622007390484214,4.0,[],[],"{""both"": 0.94921875, ""direct"": 0.98828125, ""either"": 0.96875, ""opposes"": 0.98046875, ""same"": 0.78125}"
gemma,FREE_COMPLETE_SINGLE_s1,repeat8,0.9049479166666666,0.013020833333333332,0.013541666666666667,0.53125,0.53125,0.9440104166666667,0.9440104166666667,0.94375,0.0171875,0.9864583333333333,0.01171875,,,64,1536,0.024088541666666668,37,1536,0.12928791310645357,77443.84381103516,0.5617193928919733,8.0,[],[],"{""both"": 0.953125, ""direct"": 0.98828125, ""either"": 0.97265625, ""opposes"": 0.98046875, ""same"": 0.78125}"
gemma,FREE_COMPLETE_SINGLE_s1,restore,,0.010416666666666666,0.011328125,0.625,0.625,0.962890625,0.962890625,0.9453125,0.024553571428571425,0.988671875,0.015625,,,64,1536,0.4635416666666667,712,1536,0.27963485527739823,64971.475158691406,0.5394938928075135,2.0,[],[],"{""both"": 0.9921875, ""direct"": 0.99609375, ""either"": 0.9453125, ""opposes"": 1.0, ""same"": 0.84765625}"
gemma,FREE_COMPLETE_SINGLE_s1,restore_after4,,0.010416666666666666,0.011328125,0.625,0.625,0.9609375,0.9609375,0.9421875,0.025669642857142856,0.988671875,0.015625,,,64,1536,0.4615885416666667,709,1536,0.28191046560474575,64205.313415527344,0.5384619599208236,5.0,[],[],"{""both"": 0.98828125, ""direct"": 0.99609375, ""either"": 0.9453125, ""opposes"": 0.9921875, ""same"": 0.84765625}"
gemma,FREE_COMPLETE_SINGLE_s1,overwrite,0.921875,0.010416666666666666,0.0109375,0.5625,0.5625,0.9537760416666667,0.9537760416666667,0.9546875,0.015625,0.9890625,0.00390625,,,64,1536,0.015625,24,1536,0.07202206868693395,77293.13903808594,0.5674838949926198,3.0,[],[],"{""both"": 0.953125, ""direct"": 0.9921875, ""either"": 0.9765625, ""opposes"": 0.98046875, ""same"": 0.828125}"
gemma,FREE_COMPLETE_SINGLE_s1,AB,0.9498697916666667,0.03645833333333333,0.03856026785714285,0.546875,0.546875,0.953125,0.953125,0.95,0.010416666666666666,0.9614397321428572,0.01171875,,,64,1536,0.333984375,513,1536,0.2133226052685385,171508.21154785156,0.5807078462094069,2.0,[],[],"{""both"": 0.9296875, ""direct"": 0.994140625, ""either"": 0.98046875, ""opposes"": 0.9921875, ""same"": 0.828125}"
gemma,FREE_COMPLETE_SINGLE_s1,BA,0.9498697916666667,0.03645833333333333,0.03856026785714285,0.546875,0.546875,0.953125,0.953125,0.95,0.010416666666666666,0.9614397321428572,0.01171875,,,64,1536,0.333984375,513,1536,0.2133226052685385,171508.21154785156,0.5807078462094069,2.0,"[""AB""]","[""FREE_COMPLETE_SINGLE_s1""]","{""both"": 0.9296875, ""direct"": 0.994140625, ""either"": 0.98046875, ""opposes"": 0.9921875, ""same"": 0.828125}"
gemma,FREE_COMPLETE_SINGLE_s1,ABC,0.966796875,0.08984375,0.09803165584415584,0.328125,0.3125,0.923828125,0.9278846153846154,0.8953125,0.084375,0.9019683441558441,0.0546875,0.9765625,128,64,1664,0.4388020833333333,674,1536,0.3670601009149526,258086.94067382812,0.5836022384464741,3.0,[],[],"{""both"": 0.9375, ""direct"": 0.970703125, ""either"": 0.91796875, ""opposes"": 0.98046875, ""same"": 0.765625}"
gemma,FREE_COMPLETE_SINGLE_s1,CBA,0.966796875,0.08984375,0.09803165584415584,0.328125,0.3125,0.923828125,0.9278846153846154,0.8953125,0.084375,0.9019683441558441,0.0546875,0.9765625,128,64,1664,0.4388020833333333,674,1536,0.3670601009149526,258086.94067382812,0.5836022384464741,3.0,"[""ABC""]","[""FREE_COMPLETE_SINGLE_s1""]","{""both"": 0.9375, ""direct"": 0.970703125, ""either"": 0.91796875, ""opposes"": 0.98046875, ""same"": 0.765625}"
gemma,FREE_COMPLETE_SINGLE_s1,AB_cross,0.8958333333333333,0.020833333333333332,0.021354166666666667,0.53125,0.53125,0.9375,0.9423076923076923,0.90625,0.0109375,0.9786458333333333,0.0078125,1.0,128,64,1664,0.06575520833333333,101,1536,0.2858493736486949,171847.787109375,0.5806625364348292,2.0,[],[],"{""both"": 0.92578125, ""direct"": 0.99609375, ""either"": 0.9296875, ""opposes"": 0.97265625, ""same"": 0.8046875}"
gemma,FROZEN_V3_INVARIANT_SET_s0,single,0.9270833333333333,0.026041666666666668,0.0265625,0.59375,0.59375,0.9485677083333333,0.9485677083333333,0.96875,0.034375,0.9734375000000001,0.00390625,,,64,1536,0.0,0,1536,0.0,44381.65505981445,0.539952059276402,1.0,"[""single""]","[""INV_SPARSE_CONTINUE_s0""]","{""both"": 0.921875, ""direct"": 0.986328125, ""either"": 0.94140625, ""opposes"": 0.9609375, ""same"": 0.89453125}"
gemma,FROZEN_V3_INVARIANT_SET_s0,noop,,0.018229166666666664,0.020198074494949494,0.59375,0.59375,0.953125,0.953125,0.9609375,0.05245535714285714,0.9798019255050505,0.00390625,,,64,1536,0.4615885416666667,709,1536,0.3831883093594423,35604.00341796875,0.5334747177548707,1.0,"[""noop""]","[""INV_SPARSE_CONTINUE_s0""]","{""both"": 0.9765625, ""direct"": 0.998046875, ""either"": 0.91796875, ""opposes"": 0.96875, ""same"": 0.859375}"
gemma,FROZEN_V3_INVARIANT_SET_s0,repeat2,0.9270833333333333,0.02734375,0.028125,0.59375,0.59375,0.947265625,0.947265625,0.9671875,0.035937500000000004,0.971875,0.0,,,64,1536,0.0013020833333333333,2,1536,0.004666931329690982,44381.65798950195,0.539952274877578,2.0,"[""repeat2"", ""single""]","[""INV_SPARSE_CONTINUE_s0""]","{""both"": 0.921875, ""direct"": 0.984375, ""either"": 0.9375, ""opposes"": 0.9609375, ""same"": 0.89453125}"
gemma,FROZEN_V3_INVARIANT_SET_s0,repeat4,0.9270833333333333,0.02734375,0.028125,0.59375,0.59375,0.947265625,0.947265625,0.9671875,0.035937500000000004,0.971875,0.0,,,64,1536,0.0013020833333333333,2,1536,0.0047864234301696245,44381.65930175781,0.53995265904814,4.0,"[""repeat2"", ""repeat4"", ""single""]","[""INV_SPARSE_CONTINUE_s0""]","{""both"": 0.921875, ""direct"": 0.984375, ""either"": 0.9375, ""opposes"": 0.9609375, ""same"": 0.89453125}"
gemma,FROZEN_V3_INVARIANT_SET_s0,repeat8,0.92578125,0.02734375,0.028125,0.578125,0.578125,0.9466145833333333,0.9466145833333333,0.9656250000000001,0.035937500000000004,0.971875,0.0,,,64,1536,0.001953125,3,1536,0.005148344678513439,44381.659271240234,0.5399526692926884,8.0,"[""repeat2"", ""repeat4"", ""repeat8"", ""single""]","[""INV_SPARSE_CONTINUE_s0""]","{""both"": 0.91796875, ""direct"": 0.984375, ""either"": 0.9375, ""opposes"": 0.9609375, ""same"": 0.89453125}"
gemma,FROZEN_V3_INVARIANT_SET_s0,restore,,0.018880208333333332,0.020849116161616162,0.609375,0.609375,0.953125,0.953125,0.9609375,0.05245535714285714,0.9791508838383839,0.0078125,,,64,1536,0.4615885416666667,709,1536,0.3830953777332269,35604.00030517578,0.5334739284589887,2.0,"[""noop"", ""restore""]","[""INV_SPARSE_CONTINUE_s0""]","{""both"": 0.9765625, ""direct"": 1.0, ""either"": 0.91796875, ""opposes"": 0.96875, ""same"": 0.85546875}"
gemma,FROZEN_V3_INVARIANT_SET_s0,restore_after4,,0.018880208333333332,0.020849116161616162,0.59375,0.59375,0.953125,0.953125,0.9625,0.05357142857142857,0.9791508838383839,0.0078125,,,64,1536,0.4615885416666667,709,1536,0.3831915694846752,35604.0055847168,0.5334731070324779,5.0,"[""noop"", ""restore"", ""restore_after4""]","[""INV_SPARSE_CONTINUE_s0""]","{""both"": 0.9765625, ""direct"": 1.0, ""either"": 0.921875, ""opposes"": 0.96875, ""same"": 0.8515625}"
gemma,FROZEN_V3_INVARIANT_SET_s0,overwrite,0.9270833333333333,0.026041666666666668,0.0265625,0.59375,0.59375,0.9485677083333333,0.9485677083333333,0.96875,0.034375,0.9734375000000001,0.00390625,,,64,1536,0.0,0,1536,0.004449129796727884,44381.65319824219,0.5399524266831577,3.0,"[""overwrite"", ""repeat2"", ""repeat4"", ""repeat8"", ""single""]","[""INV_SPARSE_CONTINUE_s0""]","{""both"": 0.921875, ""direct"": 0.986328125, ""either"": 0.94140625, ""opposes"": 0.9609375, ""same"": 0.89453125}"
gemma,FROZEN_V3_INVARIANT_SET_s0,AB,0.9104817708333333,0.03645833333333333,0.039322916666666666,0.5,0.5,0.9283854166666667,0.9283854166666667,0.9406249999999999,0.0234375,0.9606770833333333,0.0078125,,,64,1536,0.3522135416666667,541,1536,0.3323255767444652,88271.84796142578,0.5502244862727821,2.0,"[""AB""]","[""INV_SPARSE_CONTINUE_s0""]","{""both"": 0.86328125, ""direct"": 0.98828125, ""either"": 0.875, ""opposes"": 0.9921875, ""same"": 0.86328125}"
gemma,FROZEN_V3_INVARIANT_SET_s0,BA,0.9104817708333333,0.03645833333333333,0.039322916666666666,0.5,0.5,0.9283854166666667,0.9283854166666667,0.9406249999999999,0.0234375,0.9606770833333333,0.0078125,,,64,1536,0.3522135416666667,541,1536,0.3323255767444652,88271.84796142578,0.5502244862727821,2.0,"[""AB""]","[""INV_SPARSE_CONTINUE_s0""]","{""both"": 0.86328125, ""direct"": 0.98828125, ""either"": 0.875, ""opposes"": 0.9921875, ""same"": 0.86328125}"
gemma,FROZEN_V3_INVARIANT_SET_s0,ABC,0.9462890625,0.09895833333333333,0.11028138528138527,0.390625,0.34375,0.908203125,0.9116586538461539,0.8953125,0.096875,0.8897186147186147,0.01953125,0.953125,128,64,1664,0.4375,672,1536,0.580099031253507,132178.2646484375,0.5611913627944887,3.0,"[""ABC""]","[""INV_SPARSE_CONTINUE_s0""]","{""both"": 0.921875, ""direct"": 0.970703125, ""either"": 0.75390625, ""opposes"": 0.98046875, ""same"": 0.8515625}"
gemma,FROZEN_V3_INVARIANT_SET_s0,CBA,0.9462890625,0.09895833333333333,0.11028138528138527,0.390625,0.34375,0.908203125,0.9116586538461539,0.8953125,0.096875,0.8897186147186147,0.01953125,0.953125,128,64,1664,0.4375,672,1536,0.580099031253507,132178.2646484375,0.5611913627944887,3.0,"[""ABC""]","[""INV_SPARSE_CONTINUE_s0""]","{""both"": 0.921875, ""direct"": 0.970703125, ""either"": 0.75390625, ""opposes"": 0.98046875, ""same"": 0.8515625}"
gemma,FROZEN_V3_INVARIANT_SET_s0,AB_cross,0.8971354166666666,0.03645833333333333,0.03697916666666667,0.40625,0.40625,0.9296875,0.9350961538461539,0.9265625,0.034375,0.9630208333333333,0.0078125,1.0,128,64,1664,0.061848958333333336,95,1536,0.2688178478586198,88466.36291503906,0.5527586173266172,2.0,"[""AB_cross""]","[""INV_SPARSE_CONTINUE_s0""]","{""both"": 0.89453125, ""direct"": 0.984375, ""either"": 0.90625, ""opposes"": 0.95703125, ""same"": 0.8515625}"
gemma,FROZEN_V3_INVARIANT_SET_s1,single,0.9166666666666666,0.005208333333333333,0.005729166666666667,0.609375,0.609375,0.9544270833333335,0.9544270833333335,0.9515625,0.009375000000000001,0.9942708333333334,0.0078125,,,64,1536,0.0,0,1536,0.0,57062.17266845703,0.5570656675845385,1.0,[],[],"{""both"": 0.921875, ""direct"": 0.98828125, ""either"": 0.9609375, ""opposes"": 0.9765625, ""same"": 0.890625}"
gemma,FROZEN_V3_INVARIANT_SET_s1,noop,,0.014322916666666666,0.01595620729352347,0.578125,0.578125,0.9596354166666666,0.9596354166666666,0.953125,0.03571428571428571,0.9840437927064765,0.01171875,,,64,1536,0.4427083333333333,680,1536,0.31358167063083303,65094.883361816406,0.552635861095041,1.0,[],[],"{""both"": 0.98828125, ""direct"": 0.994140625, ""either"": 0.94140625, ""opposes"": 0.98046875, ""same"": 0.859375}"
gemma,FROZEN_V3_INVARIANT_SET_s1,repeat2,0.9166666666666665,0.005208333333333333,0.005729166666666667,0.59375,0.59375,0.9544270833333334,0.9544270833333334,0.953125,0.009375000000000001,0.9942708333333334,0.0078125,,,64,1536,0.0013020833333333333,2,1536,0.0033703015556092453,57062.161376953125,0.5570661812089384,2.0,"[""single""]","[""FROZEN_V3_INVARIANT_SET_s1""]","{""both"": 0.921875, ""direct"": 0.98828125, ""either"": 0.95703125, ""opposes"": 0.98046875, ""same"": 0.890625}"
gemma,FROZEN_V3_INVARIANT_SET_s1,repeat4,0.9166666666666665,0.005208333333333333,0.005729166666666667,0.59375,0.59375,0.9544270833333334,0.9544270833333334,0.9515625,0.009375000000000001,0.9942708333333334,0.0078125,,,64,1536,0.0013020833333333333,2,1536,0.00320339948284006,57062.16052246094,0.5570661914534867,4.0,"[""repeat2"", ""single""]","[""FROZEN_V3_INVARIANT_SET_s1""]","{""both"": 0.92578125, ""direct"": 0.98828125, ""either"": 0.95703125, ""opposes"": 0.9765625, ""same"": 0.890625}"
gemma,FROZEN_V3_INVARIANT_SET_s1,repeat8,0.91796875,0.005208333333333333,0.005729166666666667,0.609375,0.609375,0.955078125,0.955078125,0.9515625,0.009375000000000001,0.9942708333333334,0.0078125,,,64,1536,0.0006510416666666666,1,1536,0.003987009496806119,57062.16143798828,0.5570660131052136,8.0,"[""repeat2"", ""repeat4"", ""single""]","[""FROZEN_V3_INVARIANT_SET_s1""]","{""both"": 0.92578125, ""direct"": 0.98828125, ""either"": 0.9609375, ""opposes"": 0.9765625, ""same"": 0.890625}"
gemma,FROZEN_V3_INVARIANT_SET_s1,restore,,0.013671875,0.015245980020796197,0.59375,0.59375,0.9602864583333333,0.9602864583333333,0.953125,0.03459821428571429,0.9847540199792038,0.01171875,,,64,1536,0.4420572916666667,679,1536,0.3135888136036134,65094.885498046875,0.5526355761103332,2.0,"[""noop""]","[""FROZEN_V3_INVARIANT_SET_s1""]","{""both"": 0.98828125, ""direct"": 0.994140625, ""either"": 0.9453125, ""opposes"": 0.98046875, ""same"": 0.859375}"
gemma,FROZEN_V3_INVARIANT_SET_s1,restore_after4,,0.014322916666666668,0.016114035576351753,0.59375,0.59375,0.9602864583333333,0.9602864583333333,0.9546875,0.03571428571428571,0.9838859644236484,0.01171875,,,64,1536,0.4446614583333333,683,1536,0.31368038628183,65094.88146972656,0.5526352925226092,5.0,"[""noop"", ""restore""]","[""FROZEN_V3_INVARIANT_SET_s1""]","{""both"": 0.98828125, ""direct"": 0.994140625, ""either"": 0.94140625, ""opposes"": 0.98046875, ""same"": 0.86328125}"
gemma,FROZEN_V3_INVARIANT_SET_s1,overwrite,0.91796875,0.005208333333333333,0.005729166666666667,0.609375,0.609375,0.955078125,0.955078125,0.9515625,0.009375000000000001,0.9942708333333334,0.0078125,,,64,1536,0.0006510416666666666,1,1536,0.003470834694624614,57062.17803955078,0.5570662654936314,3.0,"[""repeat2"", ""repeat4"", ""repeat8"", ""single""]","[""FROZEN_V3_INVARIANT_SET_s1""]","{""both"": 0.92578125, ""direct"": 0.98828125, ""either"": 0.9609375, ""opposes"": 0.9765625, ""same"": 0.890625}"
gemma,FROZEN_V3_INVARIANT_SET_s1,AB,0.9231770833333333,0.025390625,0.026866319444444443,0.4375,0.4375,0.9388020833333334,0.9388020833333334,0.9125000000000001,0.0,0.9731336805555555,0.0078125,,,64,1536,0.3059895833333333,470,1536,0.2765301741196626,110993.66662597656,0.5639123362489045,2.0,[],[],"{""both"": 0.88671875, ""direct"": 0.98828125, ""either"": 0.91015625, ""opposes"": 0.99609375, ""same"": 0.86328125}"
gemma,FROZEN_V3_INVARIANT_SET_s1,BA,0.9231770833333333,0.025390625,0.026866319444444443,0.4375,0.4375,0.9388020833333334,0.9388020833333334,0.9125000000000001,0.0,0.9731336805555555,0.0078125,,,64,1536,0.3059895833333333,470,1536,0.2765301741196626,110993.66662597656,0.5639123362489045,2.0,"[""AB""]","[""FROZEN_V3_INVARIANT_SET_s1""]","{""both"": 0.88671875, ""direct"": 0.98828125, ""either"": 0.91015625, ""opposes"": 0.99609375, ""same"": 0.86328125}"
gemma,FROZEN_V3_INVARIANT_SET_s1,ABC,0.9446614583333334,0.0732421875,0.07818756764069265,0.265625,0.25,0.9140625,0.9158653846153846,0.890625,0.07239583333333334,0.9218124323593073,0.015625,0.9375,128,64,1664,0.4075520833333333,626,1536,0.4814522740589287,166692.45373535156,0.5704179378226399,3.0,[],[],"{""both"": 0.9296875, ""direct"": 0.986328125, ""either"": 0.8125, ""opposes"": 0.98046875, ""same"": 0.7890625}"
gemma,FROZEN_V3_INVARIANT_SET_s1,CBA,0.9446614583333334,0.0732421875,0.07818756764069265,0.265625,0.25,0.9140625,0.9158653846153846,0.890625,0.07239583333333334,0.9218124323593073,0.015625,0.9375,128,64,1664,0.4075520833333333,626,1536,0.4814522740589287,166692.45373535156,0.5704179378226399,3.0,"[""ABC""]","[""FROZEN_V3_INVARIANT_SET_s1""]","{""both"": 0.9296875, ""direct"": 0.986328125, ""either"": 0.8125, ""opposes"": 0.98046875, ""same"": 0.7890625}"
gemma,FROZEN_V3_INVARIANT_SET_s1,AB_cross,0.8763020833333333,0.015625,0.015625,0.453125,0.4375,0.9303385416666667,0.9332932692307692,0.8937499999999999,0.018750000000000003,0.984375,0.0078125,0.96875,128,64,1664,0.08138020833333333,125,1536,0.3256349914913024,112585.72424316406,0.5622973991557956,2.0,[],[],"{""both"": 0.90234375, ""direct"": 0.986328125, ""either"": 0.94921875, ""opposes"": 0.9375, ""same"": 0.8203125}"
gemma,FROZEN_V3_FREE_OVERWRITE_s0,single,0.9140625,0.013020833333333332,0.013020833333333332,0.625,0.625,0.94921875,0.94921875,0.9390625,0.0125,0.9869791666666666,0.0078125,,,64,1536,0.0,0,1536,0.0,141473.7432861328,0.553510183468461,1.0,"[""single""]","[""FREE_SPARSE_CONTINUE_s0""]","{""both"": 0.9375, ""direct"": 0.984375, ""either"": 0.94921875, ""opposes"": 0.94140625, ""same"": 0.8984375}"
gemma,FROZEN_V3_FREE_OVERWRITE_s0,noop,,0.005208333333333333,0.005811794414735592,0.59375,0.59375,0.95703125,0.95703125,0.9375,0.02901785714285714,0.9941882055852644,0.0,,,64,1536,0.4388020833333333,674,1536,0.3727156988882972,96321.21716308594,0.5594055098481476,1.0,"[""noop""]","[""FREE_SPARSE_CONTINUE_s0""]","{""both"": 0.984375, ""direct"": 0.99609375, ""either"": 0.921875, ""opposes"": 0.97265625, ""same"": 0.87109375}"
gemma,FROZEN_V3_FREE_OVERWRITE_s0,repeat2,0.9010416666666666,0.013020833333333332,0.013020833333333332,0.625,0.625,0.9427083333333333,0.9427083333333333,0.928125,0.0125,0.9869791666666666,0.0078125,,,64,1536,0.010416666666666666,16,1536,0.06342646618145646,133077.54321289062,0.5613391222432256,2.0,"[""repeat2""]","[""FREE_SPARSE_CONTINUE_s0""]","{""both"": 0.921875, ""direct"": 0.982421875, ""either"": 0.94140625, ""opposes"": 0.93359375, ""same"": 0.89453125}"
gemma,FROZEN_V3_FREE_OVERWRITE_s0,repeat4,0.8971354166666667,0.013020833333333332,0.013020833333333332,0.625,0.625,0.9407552083333334,0.9407552083333334,0.9265625,0.0125,0.9869791666666666,0.0078125,,,64,1536,0.012369791666666666,19,1536,0.06851931303786547,128179.81787109375,0.5735714333131909,4.0,"[""repeat4""]","[""FREE_SPARSE_CONTINUE_s0""]","{""both"": 0.921875, ""direct"": 0.984375, ""either"": 0.94140625, ""opposes"": 0.93359375, ""same"": 0.87890625}"
gemma,FROZEN_V3_FREE_OVERWRITE_s0,repeat8,0.8971354166666667,0.013020833333333332,0.013020833333333332,0.625,0.625,0.9407552083333334,0.9407552083333334,0.9265625,0.0125,0.9869791666666666,0.0078125,,,64,1536,0.012369791666666666,19,1536,0.06842529723739214,128399.70556640625,0.5688580432906747,8.0,"[""repeat8""]","[""FREE_SPARSE_CONTINUE_s0""]","{""both"": 0.921875, ""direct"": 0.984375, ""either"": 0.94140625, ""opposes"": 0.93359375, ""same"": 0.87890625}"
gemma,FROZEN_V3_FREE_OVERWRITE_s0,restore,,0.004557291666666666,0.005042381535947712,0.53125,0.53125,0.95703125,0.95703125,0.9375,0.029017857142857144,0.9949576184640523,0.00390625,,,64,1536,0.4375,672,1536,0.37285623381847205,85545.64892578125,0.548784589394927,2.0,"[""restore""]","[""FREE_SPARSE_CONTINUE_s0""]","{""both"": 0.98046875, ""direct"": 0.994140625, ""either"": 0.91796875, ""opposes"": 0.984375, ""same"": 0.87109375}"
gemma,FROZEN_V3_FREE_OVERWRITE_s0,restore_after4,,0.005208333333333333,0.005752608808674986,0.546875,0.546875,0.9544270833333333,0.9544270833333333,0.934375,0.03125,0.994247391191325,0.00390625,,,64,1536,0.4348958333333333,668,1536,0.3775177561345681,85429.89428710938,0.5421033436432481,5.0,"[""restore_after4""]","[""FREE_SPARSE_CONTINUE_s0""]","{""both"": 0.96875, ""direct"": 0.994140625, ""either"": 0.91796875, ""opposes"": 0.98046875, ""same"": 0.87109375}"
gemma,FROZEN_V3_FREE_OVERWRITE_s0,overwrite,0.9075520833333334,0.014322916666666666,0.014322916666666666,0.59375,0.59375,0.9453125,0.9453125,0.9359375000000001,0.0140625,0.9856770833333333,0.01171875,,,64,1536,0.005208333333333333,8,1536,0.04226057329423109,137278.31994628906,0.5587232569232583,3.0,"[""overwrite""]","[""FREE_SPARSE_CONTINUE_s0""]","{""both"": 0.9296875, ""direct"": 0.982421875, ""either"": 0.94140625, ""opposes"": 0.94140625, ""same"": 0.89453125}"
gemma,FROZEN_V3_FREE_OVERWRITE_s0,AB,0.9111328125,0.03841145833333333,0.04162326388888889,0.53125,0.53125,0.9264322916666666,0.9264322916666666,0.8999999999999999,0.005208333333333333,0.9583767361111111,0.0078125,,,64,1536,0.3326822916666667,511,1536,0.30330037378621216,206918.92602539062,0.5634167864918709,2.0,"[""AB""]","[""FREE_SPARSE_CONTINUE_s0""]","{""both"": 0.87109375, ""direct"": 0.984375, ""either"": 0.9140625, ""opposes"": 0.95703125, ""same"": 0.84765625}"
gemma,FROZEN_V3_FREE_OVERWRITE_s0,BA,0.9111328125,0.03841145833333333,0.04162326388888889,0.53125,0.53125,0.9264322916666666,0.9264322916666666,0.8999999999999999,0.005208333333333333,0.9583767361111111,0.0078125,,,64,1536,0.3326822916666667,511,1536,0.30330037378621216,206918.92602539062,0.5634167864918709,2.0,"[""AB""]","[""FREE_SPARSE_CONTINUE_s0""]","{""both"": 0.87109375, ""direct"": 0.984375, ""either"": 0.9140625, ""opposes"": 0.95703125, ""same"": 0.84765625}"
gemma,FROZEN_V3_FREE_OVERWRITE_s0,ABC,0.9326171875,0.09016927083333333,0.10292461444805195,0.46875,0.46875,0.9016927083333333,0.9092548076923077,0.865625,0.09010416666666668,0.897075385551948,0.0234375,1.0,128,64,1664,0.458984375,705,1536,0.5101433144035733,270944.8947753906,0.5788204995915294,3.0,"[""ABC""]","[""FREE_SPARSE_CONTINUE_s0""]","{""both"": 0.90625, ""direct"": 0.962890625, ""either"": 0.82421875, ""opposes"": 0.94140625, ""same"": 0.8125}"
gemma,FROZEN_V3_FREE_OVERWRITE_s0,CBA,0.9326171875,0.09016927083333333,0.10292461444805195,0.46875,0.46875,0.9016927083333333,0.9092548076923077,0.865625,0.09010416666666668,0.897075385551948,0.0234375,1.0,128,64,1664,0.458984375,705,1536,0.5101433144035733,270944.8947753906,0.5788204995915294,3.0,"[""ABC""]","[""FREE_SPARSE_CONTINUE_s0""]","{""both"": 0.90625, ""direct"": 0.962890625, ""either"": 0.82421875, ""opposes"": 0.94140625, ""same"": 0.8125}"
gemma,FROZEN_V3_FREE_OVERWRITE_s0,AB_cross,0.8619791666666667,0.03515625,0.03567708333333334,0.4375,0.421875,0.9134114583333334,0.9194711538461537,0.8828125,0.0359375,0.9643229166666667,0.0078125,0.9921875,128,64,1664,0.068359375,105,1536,0.2892616315352612,208503.54907226562,0.5674159592017531,2.0,"[""AB_cross""]","[""FREE_SPARSE_CONTINUE_s0""]","{""both"": 0.91015625, ""direct"": 0.986328125, ""either"": 0.91796875, ""opposes"": 0.88671875, ""same"": 0.79296875}"
gemma,FROZEN_V3_FREE_OVERWRITE_s1,single,0.82421875,0.010416666666666666,0.010416666666666666,0.296875,0.296875,0.904296875,0.904296875,0.90625,0.018750000000000003,0.9895833333333334,0.01953125,,,64,1536,0.0,0,1536,0.0,49786.73384094238,0.5259906905703247,1.0,[],[],"{""both"": 0.79296875, ""direct"": 0.958984375, ""either"": 0.921875, ""opposes"": 0.96484375, ""same"": 0.828125}"
gemma,FROZEN_V3_FREE_OVERWRITE_s1,noop,,0.007161458333333333,0.007883290626856804,0.484375,0.484375,0.9453125,0.9453125,0.921875,0.03794642857142857,0.9921167093731432,0.01171875,,,64,1536,0.3834635416666667,589,1536,0.6712572971486578,46003.541107177734,0.5171318128705025,1.0,[],[],"{""both"": 0.9609375, ""direct"": 0.990234375, ""either"": 0.92578125, ""opposes"": 0.96484375, ""same"": 0.83984375}"
gemma,FROZEN_V3_FREE_OVERWRITE_s1,repeat2,0.7434895833333333,0.005208333333333333,0.005208333333333333,0.203125,0.203125,0.8665364583333333,0.8665364583333333,0.840625,0.0125,0.9947916666666667,0.0078125,,,64,1536,0.04296875,66,1536,0.20672279594179463,37779.538330078125,0.5292220683768392,2.0,[],[],"{""both"": 0.76953125, ""direct"": 0.953125, ""either"": 0.8671875, ""opposes"": 0.9453125, ""same"": 0.7109375}"
gemma,FROZEN_V3_FREE_OVERWRITE_s1,repeat4,0.75,0.006510416666666666,0.006510416666666666,0.21875,0.21875,0.869140625,0.869140625,0.840625,0.0140625,0.9934895833333334,0.01171875,,,64,1536,0.0390625,60,1536,0.18961888710034103,38201.00604248047,0.5370059441775084,4.0,[],[],"{""both"": 0.76953125, ""direct"": 0.94921875, ""either"": 0.8828125, ""opposes"": 0.9453125, ""same"": 0.71875}"
gemma,FROZEN_V3_FREE_OVERWRITE_s1,repeat8,0.75,0.006510416666666666,0.006510416666666666,0.234375,0.234375,0.869140625,0.869140625,0.840625,0.0140625,0.9934895833333334,0.01171875,,,64,1536,0.0390625,60,1536,0.18606977825482218,38526.38214111328,0.5352429333142936,8.0,[],[],"{""both"": 0.76953125, ""direct"": 0.94921875, ""either"": 0.8828125, ""opposes"": 0.9453125, ""same"": 0.71875}"
gemma,FROZEN_V3_FREE_OVERWRITE_s1,restore,,0.005208333333333333,0.005543718434343434,0.484375,0.484375,0.9348958333333333,0.9348958333333333,0.903125,0.04241071428571428,0.9944562815656566,0.01171875,,,64,1536,0.3678385416666667,565,1536,0.7178475439262293,39410.043060302734,0.518923977855593,2.0,[],[],"{""both"": 0.94921875, ""direct"": 0.986328125, ""either"": 0.8984375, ""opposes"": 0.95703125, ""same"": 0.83203125}"
gemma,FROZEN_V3_FREE_OVERWRITE_s1,restore_after4,,0.005208333333333333,0.005543718434343434,0.5,0.5,0.9388020833333334,0.9388020833333334,0.9078125,0.0390625,0.9944562815656566,0.0078125,,,64,1536,0.3717447916666667,571,1536,0.6982453497287899,39243.46533203125,0.5338893830776215,5.0,[],[],"{""both"": 0.953125, ""direct"": 0.9921875, ""either"": 0.89453125, ""opposes"": 0.96484375, ""same"": 0.8359375}"
gemma,FROZEN_V3_FREE_OVERWRITE_s1,overwrite,0.8020833333333334,0.0078125,0.0078125,0.21875,0.21875,0.89453125,0.89453125,0.8859375,0.015625,0.9921875,0.015625,,,64,1536,0.027994791666666668,43,1536,0.12319752627720604,40251.71531677246,0.5436803111806512,3.0,[],[],"{""both"": 0.80859375, ""direct"": 0.966796875, ""either"": 0.8984375, ""opposes"": 0.96484375, ""same"": 0.76171875}"
gemma,FROZEN_V3_FREE_OVERWRITE_s1,AB,0.8434244791666666,0.05859374999999999,0.06095610119047618,0.265625,0.265625,0.8684895833333333,0.8684895833333333,0.828125,0.0078125,0.9390438988095239,0.01171875,,,64,1536,0.306640625,471,1536,0.6173381989775398,111926.28411865234,0.5458234907127917,2.0,[],[],"{""both"": 0.73828125, ""direct"": 0.966796875, ""either"": 0.90625, ""opposes"": 0.98828125, ""same"": 0.64453125}"
gemma,FROZEN_V3_FREE_OVERWRITE_s1,BA,0.8434244791666666,0.05859374999999999,0.06095610119047618,0.265625,0.265625,0.8684895833333333,0.8684895833333333,0.828125,0.0078125,0.9390438988095239,0.01171875,,,64,1536,0.306640625,471,1536,0.6173381989775398,111926.28411865234,0.5458234907127917,2.0,"[""AB""]","[""FROZEN_V3_FREE_OVERWRITE_s1""]","{""both"": 0.73828125, ""direct"": 0.966796875, ""either"": 0.90625, ""opposes"": 0.98828125, ""same"": 0.64453125}"
gemma,FROZEN_V3_FREE_OVERWRITE_s1,ABC,0.8756510416666666,0.11848958333333331,0.13552883748196248,0.1875,0.1875,0.8463541666666666,0.8551682692307692,0.784375,0.140625,0.8644711625180375,0.0234375,0.9609375,128,64,1664,0.3756510416666667,577,1536,1.0071590812271605,183111.51092529297,0.557876365724951,3.0,[],[],"{""both"": 0.81640625, ""direct"": 0.95703125, ""either"": 0.8046875, ""opposes"": 0.94140625, ""same"": 0.6015625}"
gemma,FROZEN_V3_FREE_OVERWRITE_s1,CBA,0.8756510416666666,0.11848958333333331,0.13552883748196248,0.1875,0.1875,0.8463541666666666,0.8551682692307692,0.784375,0.140625,0.8644711625180375,0.0234375,0.9609375,128,64,1664,0.3756510416666667,577,1536,1.0071590812271605,183111.51092529297,0.557876365724951,3.0,"[""ABC""]","[""FROZEN_V3_FREE_OVERWRITE_s1""]","{""both"": 0.81640625, ""direct"": 0.95703125, ""either"": 0.8046875, ""opposes"": 0.94140625, ""same"": 0.6015625}"
gemma,FROZEN_V3_FREE_OVERWRITE_s1,AB_cross,0.7942708333333334,0.01171875,0.01171875,0.3125,0.296875,0.8912760416666666,0.897235576923077,0.865625,0.014062500000000002,0.98828125,0.02734375,0.96875,128,64,1664,0.07161458333333333,110,1536,0.3694046367540172,118654.27081298828,0.544403713196516,2.0,[],[],"{""both"": 0.81640625, ""direct"": 0.96484375, ""either"": 0.91796875, ""opposes"": 0.953125, ""same"": 0.73046875}"
gemma,CANONICAL_CURRENT_s0,single,0.9270833333333333,0.005208333333333333,0.005208333333333333,0.59375,0.59375,0.9609375,0.9609375,0.9624999999999999,0.00625,0.9947916666666666,0.015625,,,64,1536,0.0,0,1536,0.0,72869.23696899414,0.5168566158972681,1.0,"[""single""]","[""FREE_COMPLETE_SINGLE_s0""]","{""both"": 0.92578125, ""direct"": 0.994140625, ""either"": 0.97265625, ""opposes"": 0.953125, ""same"": 0.92578125}"
gemma,CANONICAL_CURRENT_s0,noop,,0.00390625,0.004174325980392157,0.703125,0.703125,0.9700520833333333,0.9700520833333333,0.9625,0.024553571428571425,0.9958256740196079,0.0078125,,,64,1536,0.4479166666666667,688,1536,0.22192112878643874,50832.14929199219,0.54765879875049,1.0,"[""noop""]","[""FREE_COMPLETE_SINGLE_s0""]","{""both"": 0.984375, ""direct"": 1.0, ""either"": 0.94140625, ""opposes"": 0.9765625, ""same"": 0.91796875}"
gemma,CANONICAL_CURRENT_s0,repeat2,0.9270833333333333,0.005208333333333333,0.005208333333333333,0.59375,0.59375,0.9609375,0.9609375,0.9624999999999999,0.00625,0.9947916666666666,0.015625,,,64,1536,0.0,0,1536,0.0,72869.23696899414,0.5168566158972681,1.0,"[""single""]","[""FREE_COMPLETE_SINGLE_s0""]","{""both"": 0.92578125, ""direct"": 0.994140625, ""either"": 0.97265625, ""opposes"": 0.953125, ""same"": 0.92578125}"
gemma,CANONICAL_CURRENT_s0,repeat4,0.9270833333333333,0.005208333333333333,0.005208333333333333,0.59375,0.59375,0.9609375,0.9609375,0.9624999999999999,0.00625,0.9947916666666666,0.015625,,,64,1536,0.0,0,1536,0.0,72869.23696899414,0.5168566158972681,1.0,"[""single""]","[""FREE_COMPLETE_SINGLE_s0""]","{""both"": 0.92578125, ""direct"": 0.994140625, ""either"": 0.97265625, ""opposes"": 0.953125, ""same"": 0.92578125}"
gemma,CANONICAL_CURRENT_s0,repeat8,0.9270833333333333,0.005208333333333333,0.005208333333333333,0.59375,0.59375,0.9609375,0.9609375,0.9624999999999999,0.00625,0.9947916666666666,0.015625,,,64,1536,0.0,0,1536,0.0,72869.23696899414,0.5168566158972681,1.0,"[""single""]","[""FREE_COMPLETE_SINGLE_s0""]","{""both"": 0.92578125, ""direct"": 0.994140625, ""either"": 0.97265625, ""opposes"": 0.953125, ""same"": 0.92578125}"
gemma,CANONICAL_CURRENT_s0,restore,,0.00390625,0.004174325980392157,0.703125,0.703125,0.9700520833333333,0.9700520833333333,0.9625,0.024553571428571425,0.9958256740196079,0.0078125,,,64,1536,0.4479166666666667,688,1536,0.22192112878643874,50832.14929199219,0.54765879875049,1.0,"[""noop""]","[""FREE_COMPLETE_SINGLE_s0""]","{""both"": 0.984375, ""direct"": 1.0, ""either"": 0.94140625, ""opposes"": 0.9765625, ""same"": 0.91796875}"
gemma,CANONICAL_CURRENT_s0,restore_after4,,0.00390625,0.004174325980392157,0.703125,0.703125,0.9700520833333333,0.9700520833333333,0.9625,0.024553571428571425,0.9958256740196079,0.0078125,,,64,1536,0.4479166666666667,688,1536,0.22192112878643874,50832.14929199219,0.54765879875049,1.0,"[""noop""]","[""FREE_COMPLETE_SINGLE_s0""]","{""both"": 0.984375, ""direct"": 1.0, ""either"": 0.94140625, ""opposes"": 0.9765625, ""same"": 0.91796875}"
gemma,CANONICAL_CURRENT_s0,overwrite,0.9270833333333333,0.005208333333333333,0.005208333333333333,0.59375,0.59375,0.9609375,0.9609375,0.9624999999999999,0.00625,0.9947916666666666,0.015625,,,64,1536,0.0,0,1536,0.0,72869.23696899414,0.5168566158972681,1.0,"[""single""]","[""FREE_COMPLETE_SINGLE_s0""]","{""both"": 0.92578125, ""direct"": 0.994140625, ""either"": 0.97265625, ""opposes"": 0.953125, ""same"": 0.92578125}"
gemma,CANONICAL_CURRENT_s0,AB,0.9205729166666667,0.015624999999999998,0.01614583333333333,0.59375,0.59375,0.9466145833333334,0.9466145833333334,0.9421875000000001,0.005208333333333333,0.9838541666666667,0.015625,,,64,1536,0.3411458333333333,524,1536,0.2060990701726233,141850.50946044922,0.537025848403573,2.0,"[""AB""]","[""FREE_COMPLETE_SINGLE_s0""]","{""both"": 0.8984375, ""direct"": 0.98828125, ""either"": 0.9375, ""opposes"": 0.9765625, ""same"": 0.890625}"
gemma,CANONICAL_CURRENT_s0,BA,0.9205729166666667,0.015624999999999998,0.01614583333333333,0.59375,0.59375,0.9466145833333334,0.9466145833333334,0.9421875000000001,0.005208333333333333,0.9838541666666667,0.015625,,,64,1536,0.3411458333333333,524,1536,0.2060990701726233,141850.50946044922,0.537025848403573,2.0,"[""AB""]","[""FREE_COMPLETE_SINGLE_s0""]","{""both"": 0.8984375, ""direct"": 0.98828125, ""either"": 0.9375, ""opposes"": 0.9765625, ""same"": 0.890625}"
gemma,CANONICAL_CURRENT_s0,ABC,0.9319661458333334,0.061848958333333336,0.06754092261904762,0.515625,0.5,0.9244791666666666,0.9296875,0.8859375,0.06145833333333333,0.9324590773809524,0.015625,0.9921875,128,64,1664,0.44140625,678,1536,0.3687990726791135,217295.5958251953,0.5443214471451938,3.0,"[""ABC""]","[""FREE_COMPLETE_SINGLE_s0""]","{""both"": 0.94140625, ""direct"": 0.984375, ""either"": 0.87109375, ""opposes"": 0.953125, ""same"": 0.8125}"
gemma,CANONICAL_CURRENT_s0,CBA,0.9319661458333334,0.061848958333333336,0.06754092261904762,0.515625,0.5,0.9244791666666666,0.9296875,0.8859375,0.06145833333333333,0.9324590773809524,0.015625,0.9921875,128,64,1664,0.44140625,678,1536,0.3687990726791135,217295.5958251953,0.5443214471451938,3.0,"[""ABC""]","[""FREE_COMPLETE_SINGLE_s0""]","{""both"": 0.94140625, ""direct"": 0.984375, ""either"": 0.87109375, ""opposes"": 0.953125, ""same"": 0.8125}"
gemma,CANONICAL_CURRENT_s0,AB_cross,0.8763020833333333,0.009114583333333332,0.009114583333333332,0.5,0.5,0.93359375,0.9387019230769231,0.9125,0.0109375,0.9908854166666666,0.01171875,1.0,128,64,1664,0.053385416666666664,82,1536,0.1886705176747571,145106.49249267578,0.539997685700655,2.0,"[""AB_cross""]","[""FREE_COMPLETE_SINGLE_s0""]","{""both"": 0.91796875, ""direct"": 0.9921875, ""either"": 0.94921875, ""opposes"": 0.93359375, ""same"": 0.81640625}"
gemma,CANONICAL_CURRENT_s1,single,0.9440104166666666,0.006510416666666666,0.00703125,0.71875,0.71875,0.9674479166666667,0.9674479166666667,0.96875,0.010937500000000001,0.99296875,0.015625,,,64,1536,0.0,0,1536,0.0,43535.793884277344,0.5152124795131385,1.0,"[""single""]","[""INV_COMPLETE_SINGLE_s1""]","{""both"": 0.95703125, ""direct"": 0.98828125, ""either"": 0.98828125, ""opposes"": 0.97265625, ""same"": 0.91015625}"
gemma,CANONICAL_CURRENT_s1,noop,,0.008463541666666666,0.009718044414735592,0.6875,0.6875,0.9720052083333334,0.9720052083333334,0.965625,0.0234375,0.9902819555852644,0.0234375,,,64,1536,0.458984375,705,1536,0.22275044615968417,50667.83560180664,0.5503094787709415,1.0,"[""noop""]","[""INV_COMPLETE_SINGLE_s1""]","{""both"": 0.9921875, ""direct"": 0.9921875, ""either"": 0.97265625, ""opposes"": 0.99609375, ""same"": 0.88671875}"
gemma,CANONICAL_CURRENT_s1,repeat2,0.9440104166666666,0.006510416666666666,0.00703125,0.71875,0.71875,0.9674479166666667,0.9674479166666667,0.96875,0.010937500000000001,0.99296875,0.015625,,,64,1536,0.0,0,1536,0.0,43535.793884277344,0.5152124795131385,1.0,"[""single""]","[""INV_COMPLETE_SINGLE_s1""]","{""both"": 0.95703125, ""direct"": 0.98828125, ""either"": 0.98828125, ""opposes"": 0.97265625, ""same"": 0.91015625}"
gemma,CANONICAL_CURRENT_s1,repeat4,0.9440104166666666,0.006510416666666666,0.00703125,0.71875,0.71875,0.9674479166666667,0.9674479166666667,0.96875,0.010937500000000001,0.99296875,0.015625,,,64,1536,0.0,0,1536,0.0,43535.793884277344,0.5152124795131385,1.0,"[""single""]","[""INV_COMPLETE_SINGLE_s1""]","{""both"": 0.95703125, ""direct"": 0.98828125, ""either"": 0.98828125, ""opposes"": 0.97265625, ""same"": 0.91015625}"
gemma,CANONICAL_CURRENT_s1,repeat8,0.9440104166666666,0.006510416666666666,0.00703125,0.71875,0.71875,0.9674479166666667,0.9674479166666667,0.96875,0.010937500000000001,0.99296875,0.015625,,,64,1536,0.0,0,1536,0.0,43535.793884277344,0.5152124795131385,1.0,"[""single""]","[""INV_COMPLETE_SINGLE_s1""]","{""both"": 0.95703125, ""direct"": 0.98828125, ""either"": 0.98828125, ""opposes"": 0.97265625, ""same"": 0.91015625}"
gemma,CANONICAL_CURRENT_s1,restore,,0.008463541666666666,0.009718044414735592,0.6875,0.6875,0.9720052083333334,0.9720052083333334,0.965625,0.0234375,0.9902819555852644,0.0234375,,,64,1536,0.458984375,705,1536,0.22275044615968417,50667.83560180664,0.5503094787709415,1.0,"[""noop""]","[""INV_COMPLETE_SINGLE_s1""]","{""both"": 0.9921875, ""direct"": 0.9921875, ""either"": 0.97265625, ""opposes"": 0.99609375, ""same"": 0.88671875}"
gemma,CANONICAL_CURRENT_s1,restore_after4,,0.008463541666666666,0.009718044414735592,0.6875,0.6875,0.9720052083333334,0.9720052083333334,0.965625,0.0234375,0.9902819555852644,0.0234375,,,64,1536,0.458984375,705,1536,0.22275044615968417,50667.83560180664,0.5503094787709415,1.0,"[""noop""]","[""INV_COMPLETE_SINGLE_s1""]","{""both"": 0.9921875, ""direct"": 0.9921875, ""either"": 0.97265625, ""opposes"": 0.99609375, ""same"": 0.88671875}"
gemma,CANONICAL_CURRENT_s1,overwrite,0.9440104166666666,0.006510416666666666,0.00703125,0.71875,0.71875,0.9674479166666667,0.9674479166666667,0.96875,0.010937500000000001,0.99296875,0.015625,,,64,1536,0.0,0,1536,0.0,43535.793884277344,0.5152124795131385,1.0,"[""single""]","[""INV_COMPLETE_SINGLE_s1""]","{""both"": 0.95703125, ""direct"": 0.98828125, ""either"": 0.98828125, ""opposes"": 0.97265625, ""same"": 0.91015625}"
gemma,CANONICAL_CURRENT_s1,AB,0.9378255208333333,0.05338541666666666,0.055468750000000004,0.5,0.5,0.943359375,0.943359375,0.9203125,0.005208333333333333,0.94453125,0.015625,,,64,1536,0.3209635416666667,493,1536,0.21524258305897112,85990.57830810547,0.5384004069492221,2.0,"[""AB""]","[""INV_COMPLETE_SINGLE_s1""]","{""both"": 0.94921875, ""direct"": 0.99609375, ""either"": 0.91796875, ""opposes"": 0.9921875, ""same"": 0.80859375}"
gemma,CANONICAL_CURRENT_s1,BA,0.9378255208333333,0.05338541666666666,0.055468750000000004,0.5,0.5,0.943359375,0.943359375,0.9203125,0.005208333333333333,0.94453125,0.015625,,,64,1536,0.3209635416666667,493,1536,0.21524258305897112,85990.57830810547,0.5384004069492221,2.0,"[""AB""]","[""INV_COMPLETE_SINGLE_s1""]","{""both"": 0.94921875, ""direct"": 0.99609375, ""either"": 0.91796875, ""opposes"": 0.9921875, ""same"": 0.80859375}"
gemma,CANONICAL_CURRENT_s1,ABC,0.9459635416666666,0.08951822916666666,0.0931640625,0.484375,0.484375,0.92578125,0.9314903846153847,0.8984375,0.07447916666666667,0.9068359375,0.0234375,1.0,128,64,1664,0.4244791666666667,652,1536,0.3665841581778757,129271.51879882812,0.5483515188097954,3.0,"[""ABC""]","[""INV_COMPLETE_SINGLE_s1""]","{""both"": 0.984375, ""direct"": 0.9921875, ""either"": 0.84375, ""opposes"": 0.98828125, ""same"": 0.75390625}"
gemma,CANONICAL_CURRENT_s1,CBA,0.9459635416666666,0.08951822916666666,0.0931640625,0.484375,0.484375,0.92578125,0.9314903846153847,0.8984375,0.07447916666666667,0.9068359375,0.0234375,1.0,128,64,1664,0.4244791666666667,652,1536,0.3665841581778757,129271.51879882812,0.5483515188097954,3.0,"[""ABC""]","[""INV_COMPLETE_SINGLE_s1""]","{""both"": 0.984375, ""direct"": 0.9921875, ""either"": 0.84375, ""opposes"": 0.98828125, ""same"": 0.75390625}"
gemma,CANONICAL_CURRENT_s1,AB_cross,0.9049479166666667,0.009114583333333332,0.009114583333333332,0.53125,0.53125,0.9479166666666666,0.951923076923077,0.921875,0.0078125,0.9908854166666667,0.015625,1.0,128,64,1664,0.05078125,78,1536,0.22098764094981385,87410.39953613281,0.540971586946398,2.0,"[""AB_cross""]","[""INV_COMPLETE_SINGLE_s1""]","{""both"": 0.9375, ""direct"": 0.994140625, ""either"": 0.953125, ""opposes"": 0.9765625, ""same"": 0.83203125}"
qwen,SOURCE,single,0.24739583333333331,0.0,0.0,0.0,0.0,0.6002604166666666,0.6002604166666666,0.378125,0.05,1.0,0.0,,,32,768,0.0,0,768,0.0,,,,[],[],"{""both"": 0.5625, ""direct"": 0.7265625, ""either"": 0.5859375, ""opposes"": 0.5703125, ""same"": 0.4296875}"
qwen,SOURCE,noop,,0.0,0.0,0.09375,0.09375,0.8528645833333334,0.8528645833333334,0.8093750000000001,0.11607142857142856,1.0,0.0,,,32,768,0.0,0,768,7.973146250242678,,,,[],[],"{""both"": 0.921875, ""direct"": 0.9375, ""either"": 0.8828125, ""opposes"": 0.8671875, ""same"": 0.5703125}"
qwen,SOURCE,repeat2,0.24739583333333331,0.0,0.0,0.0,0.0,0.6002604166666666,0.6002604166666666,0.378125,0.05,1.0,0.0,,,32,768,0.0,0,768,0.0,,,,[],[],"{""both"": 0.5625, ""direct"": 0.7265625, ""either"": 0.5859375, ""opposes"": 0.5703125, ""same"": 0.4296875}"
qwen,SOURCE,repeat4,0.24739583333333331,0.0,0.0,0.0,0.0,0.6002604166666666,0.6002604166666666,0.378125,0.05,1.0,0.0,,,32,768,0.0,0,768,0.0,,,,[],[],"{""both"": 0.5625, ""direct"": 0.7265625, ""either"": 0.5859375, ""opposes"": 0.5703125, ""same"": 0.4296875}"
qwen,SOURCE,repeat8,0.24739583333333331,0.0,0.0,0.0,0.0,0.6002604166666666,0.6002604166666666,0.378125,0.05,1.0,0.0,,,32,768,0.0,0,768,0.0,,,,[],[],"{""both"": 0.5625, ""direct"": 0.7265625, ""either"": 0.5859375, ""opposes"": 0.5703125, ""same"": 0.4296875}"
qwen,SOURCE,restore,,0.0,0.0,0.09375,0.09375,0.8528645833333334,0.8528645833333334,0.8093750000000001,0.11607142857142856,1.0,0.0,,,32,768,0.0,0,768,7.973146250242678,,,,[],[],"{""both"": 0.921875, ""direct"": 0.9375, ""either"": 0.8828125, ""opposes"": 0.8671875, ""same"": 0.5703125}"
qwen,SOURCE,restore_after4,,0.0,0.0,0.09375,0.09375,0.8528645833333334,0.8528645833333334,0.8093750000000001,0.11607142857142856,1.0,0.0,,,32,768,0.0,0,768,7.973146250242678,,,,[],[],"{""both"": 0.921875, ""direct"": 0.9375, ""either"": 0.8828125, ""opposes"": 0.8671875, ""same"": 0.5703125}"
qwen,SOURCE,overwrite,0.24739583333333331,0.0,0.0,0.0,0.0,0.6002604166666666,0.6002604166666666,0.378125,0.05,1.0,0.0,,,32,768,0.0,0,768,0.0,,,,[],[],"{""both"": 0.5625, ""direct"": 0.7265625, ""either"": 0.5859375, ""opposes"": 0.5703125, ""same"": 0.4296875}"
qwen,SOURCE,AB,0.17122395833333331,0.0,0.0,0.0,0.0,0.4778645833333333,0.4778645833333333,0.44062500000000004,0.04687499999999999,1.0,0.0,,,32,768,0.0,0,768,6.406177503400677,,,,[],[],"{""both"": 0.546875, ""direct"": 0.5, ""either"": 0.7109375, ""opposes"": 0.1328125, ""same"": 0.4765625}"
qwen,SOURCE,BA,0.17122395833333331,0.0,0.0,0.0,0.0,0.4778645833333333,0.4778645833333333,0.44062500000000004,0.04687499999999999,1.0,0.0,,,32,768,0.0,0,768,6.406177503400677,,,,[],[],"{""both"": 0.546875, ""direct"": 0.5, ""either"": 0.7109375, ""opposes"": 0.1328125, ""same"": 0.4765625}"
qwen,SOURCE,ABC,0.13606770833333331,0.0,0.0,0.0,0.0,0.5013020833333333,0.46274038461538464,0.44062500000000004,0.1625,1.0,0.0,0.0,64,32,832,0.0,0,768,9.195252587970229,,,,[],[],"{""both"": 0.625, ""direct"": 0.5, ""either"": 0.6796875, ""opposes"": 0.1328125, ""same"": 0.5703125}"
qwen,SOURCE,CBA,0.13606770833333331,0.0,0.0,0.0,0.0,0.5013020833333333,0.46274038461538464,0.44062500000000004,0.1625,1.0,0.0,0.0,64,32,832,0.0,0,768,9.195252587970229,,,,[],[],"{""both"": 0.625, ""direct"": 0.5, ""either"": 0.6796875, ""opposes"": 0.1328125, ""same"": 0.5703125}"
qwen,SOURCE,AB_cross,0.24739583333333331,0.0,0.0,0.0,0.0,0.6002604166666666,0.5564903846153846,0.378125,0.05,1.0,0.0,0.03125,64,32,832,0.0,0,768,0.0007385685724864052,,,,[],[],"{""both"": 0.5625, ""direct"": 0.7265625, ""either"": 0.5859375, ""opposes"": 0.5703125, ""same"": 0.4296875}"
qwen,NATURAL_FINAL_WORLD,single,0.7239583333333333,0.013020833333333332,0.013257575757575756,0.125,0.125,0.8424479166666666,0.8424479166666666,0.8125,0.04062500000000001,0.9867424242424243,0.0234375,,,32,768,0.0,0,768,0.0,,,,[],[],"{""both"": 0.8984375, ""direct"": 0.96484375, ""either"": 0.796875, ""opposes"": 0.90625, ""same"": 0.5234375}"
qwen,NATURAL_FINAL_WORLD,noop,,0.0,0.0,0.09375,0.09375,0.8528645833333334,0.8528645833333334,0.8093750000000001,0.11607142857142856,1.0,0.0,,,32,768,0.2682291666666667,206,768,3.301217452337793,,,,[],[],"{""both"": 0.921875, ""direct"": 0.9375, ""either"": 0.8828125, ""opposes"": 0.8671875, ""same"": 0.5703125}"
qwen,NATURAL_FINAL_WORLD,repeat2,0.7239583333333333,0.013020833333333332,0.013257575757575756,0.125,0.125,0.8424479166666666,0.8424479166666666,0.8125,0.04062500000000001,0.9867424242424243,0.0234375,,,32,768,0.0,0,768,0.0,,,,[],[],"{""both"": 0.8984375, ""direct"": 0.96484375, ""either"": 0.796875, ""opposes"": 0.90625, ""same"": 0.5234375}"
qwen,NATURAL_FINAL_WORLD,repeat4,0.7239583333333333,0.013020833333333332,0.013257575757575756,0.125,0.125,0.8424479166666666,0.8424479166666666,0.8125,0.04062500000000001,0.9867424242424243,0.0234375,,,32,768,0.0,0,768,0.0,,,,[],[],"{""both"": 0.8984375, ""direct"": 0.96484375, ""either"": 0.796875, ""opposes"": 0.90625, ""same"": 0.5234375}"
qwen,NATURAL_FINAL_WORLD,repeat8,0.7239583333333333,0.013020833333333332,0.013257575757575756,0.125,0.125,0.8424479166666666,0.8424479166666666,0.8125,0.04062500000000001,0.9867424242424243,0.0234375,,,32,768,0.0,0,768,0.0,,,,[],[],"{""both"": 0.8984375, ""direct"": 0.96484375, ""either"": 0.796875, ""opposes"": 0.90625, ""same"": 0.5234375}"
qwen,NATURAL_FINAL_WORLD,restore,,0.0,0.0,0.09375,0.09375,0.8528645833333334,0.8528645833333334,0.8093750000000001,0.11607142857142856,1.0,0.0,,,32,768,0.2682291666666667,206,768,3.301217452337793,,,,[],[],"{""both"": 0.921875, ""direct"": 0.9375, ""either"": 0.8828125, ""opposes"": 0.8671875, ""same"": 0.5703125}"
qwen,NATURAL_FINAL_WORLD,restore_after4,,0.0,0.0,0.09375,0.09375,0.8528645833333334,0.8528645833333334,0.8093750000000001,0.11607142857142856,1.0,0.0,,,32,768,0.2682291666666667,206,768,3.301217452337793,,,,[],[],"{""both"": 0.921875, ""direct"": 0.9375, ""either"": 0.8828125, ""opposes"": 0.8671875, ""same"": 0.5703125}"
qwen,NATURAL_FINAL_WORLD,overwrite,0.7239583333333333,0.013020833333333332,0.013257575757575756,0.125,0.125,0.8424479166666666,0.8424479166666666,0.8125,0.04062500000000001,0.9867424242424243,0.0234375,,,32,768,0.0,0,768,0.0,,,,[],[],"{""both"": 0.8984375, ""direct"": 0.96484375, ""either"": 0.796875, ""opposes"": 0.90625, ""same"": 0.5234375}"
qwen,NATURAL_FINAL_WORLD,AB,0.8216145833333333,0.05208333333333333,0.05848214285714286,0.09375,0.09375,0.859375,0.859375,0.8531250000000001,0.026041666666666664,0.9415178571428571,0.0234375,,,32,768,0.3190104166666667,245,768,1.9404781944287308,,,,[],[],"{""both"": 0.8828125, ""direct"": 0.96875, ""either"": 0.8671875, ""opposes"": 0.890625, ""same"": 0.578125}"
qwen,NATURAL_FINAL_WORLD,BA,0.8216145833333333,0.05208333333333333,0.05848214285714286,0.09375,0.09375,0.859375,0.859375,0.8531250000000001,0.026041666666666664,0.9415178571428571,0.0234375,,,32,768,0.3190104166666667,245,768,1.9404781944287308,,,,[],[],"{""both"": 0.8828125, ""direct"": 0.96875, ""either"": 0.8671875, ""opposes"": 0.890625, ""same"": 0.578125}"
qwen,NATURAL_FINAL_WORLD,ABC,0.830078125,0.12109375,0.13889938186813186,0.09375,0.09375,0.8229166666666666,0.8341346153846154,0.784375,0.18541666666666667,0.8611006181318681,0.0546875,0.96875,64,32,832,0.4205729166666667,323,768,3.346317161491831,,,,[],[],"{""both"": 0.890625, ""direct"": 0.94140625, ""either"": 0.71875, ""opposes"": 0.828125, ""same"": 0.6171875}"
qwen,NATURAL_FINAL_WORLD,CBA,0.830078125,0.12109375,0.13889938186813186,0.09375,0.09375,0.8229166666666666,0.8341346153846154,0.784375,0.18541666666666667,0.8611006181318681,0.0546875,0.96875,64,32,832,0.4205729166666667,323,768,3.346317161491831,,,,[],[],"{""both"": 0.890625, ""direct"": 0.94140625, ""either"": 0.71875, ""opposes"": 0.828125, ""same"": 0.6171875}"
qwen,NATURAL_FINAL_WORLD,AB_cross,0.734375,0.020833333333333332,0.022348484848484847,0.15625,0.15625,0.8489583333333334,0.8605769230769231,0.83125,0.04062500000000001,0.9776515151515152,0.0390625,1.0,64,32,832,0.055989583333333336,43,768,0.809847682914343,,,,[],[],"{""both"": 0.9375, ""direct"": 0.97265625, ""either"": 0.796875, ""opposes"": 0.8828125, ""same"": 0.53125}"
qwen,TEXT_CORRECTION_SEQ,single,0.7369791666666667,0.0859375,0.0875,0.0,0.0,0.8125,0.8125,0.809375,0.115625,0.9125,0.1171875,,,32,768,0.0,0,768,0.0,,,,[],[],"{""both"": 0.84375, ""direct"": 0.90234375, ""either"": 0.8046875, ""opposes"": 0.9375, ""same"": 0.484375}"
qwen,TEXT_CORRECTION_SEQ,noop,,0.04947916666666667,0.05993529814325008,0.15625,0.15625,0.8658854166666667,0.8658854166666667,0.834375,0.11160714285714285,0.94006470185675,0.046875,,,32,768,0.4283854166666667,329,768,2.4439588819037152,,,,[],[],"{""both"": 0.921875, ""direct"": 0.9375, ""either"": 0.90625, ""opposes"": 0.9375, ""same"": 0.5546875}"
qwen,TEXT_CORRECTION_SEQ,repeat2,0.7838541666666666,0.1015625,0.103125,0.03125,0.03125,0.828125,0.828125,0.834375,0.134375,0.8968750000000001,0.1484375,,,32,768,0.057291666666666664,44,768,0.6361300901676161,,,,[],[],"{""both"": 0.890625, ""direct"": 0.87890625, ""either"": 0.8359375, ""opposes"": 0.9453125, ""same"": 0.5390625}"
qwen,TEXT_CORRECTION_SEQ,repeat4,0.78125,0.09895833333333333,0.10099431818181817,0.15625,0.15625,0.828125,0.828125,0.8187500000000001,0.128125,0.8990056818181817,0.1328125,,,32,768,0.08333333333333333,64,768,0.7736206170367298,,,,[],[],"{""both"": 0.8828125, ""direct"": 0.8984375, ""either"": 0.875, ""opposes"": 0.921875, ""same"": 0.4921875}"
qwen,TEXT_CORRECTION_SEQ,repeat8,0.7890625,0.12239583333333333,0.12703598484848483,0.09375,0.09375,0.8216145833333334,0.8216145833333334,0.8343750000000001,0.153125,0.8729640151515151,0.1484375,,,32,768,0.09505208333333333,73,768,1.020090113533169,,,,[],[],"{""both"": 0.8828125, ""direct"": 0.88671875, ""either"": 0.8671875, ""opposes"": 0.890625, ""same"": 0.515625}"
qwen,TEXT_CORRECTION_SEQ,restore,,0.11197916666666666,0.13131204038806424,0.0,0.0,0.8059895833333333,0.8059895833333333,0.815625,0.20089285714285715,0.8686879596119357,0.109375,,,32,768,0.4518229166666667,347,768,2.603289367547178,,,,[],[],"{""both"": 0.921875, ""direct"": 0.8671875, ""either"": 0.8359375, ""opposes"": 0.7578125, ""same"": 0.5859375}"
qwen,TEXT_CORRECTION_SEQ,restore_after4,,0.1796875,0.21285371860588073,0.0,0.0,0.7083333333333333,0.7083333333333333,0.6375,0.24107142857142855,0.7871462813941192,0.171875,,,32,768,0.328125,252,768,3.8470820803336245,,,,[],[],"{""both"": 0.78125, ""direct"": 0.80078125, ""either"": 0.796875, ""opposes"": 0.5859375, ""same"": 0.484375}"
qwen,TEXT_CORRECTION_SEQ,overwrite,0.5104166666666666,0.06510416666666666,0.06690340909090908,0.0,0.0,0.7044270833333333,0.7044270833333333,0.61875,0.11875000000000001,0.9330965909090909,0.1171875,,,32,768,0.19140625,147,768,1.9867437398352268,,,,[],[],"{""both"": 0.7265625, ""direct"": 0.83984375, ""either"": 0.703125, ""opposes"": 0.671875, ""same"": 0.4453125}"
qwen,TEXT_CORRECTION_SEQ,AB,0.8483072916666666,0.13020833333333331,0.15900297619047618,0.0,0.0,0.8411458333333334,0.8411458333333334,0.89375,0.15104166666666663,0.8409970238095239,0.15625,,,32,768,0.2734375,210,768,1.7820329601109994,,,,[],[],"{""both"": 0.90625, ""direct"": 0.890625, ""either"": 0.8515625, ""opposes"": 1.0, ""same"": 0.5078125}"
qwen,TEXT_CORRECTION_SEQ,BA,0.8346354166666666,0.14322916666666669,0.17320752164502165,0.0,0.0,0.82421875,0.82421875,0.88125,0.18229166666666666,0.8267924783549783,0.1875,,,32,768,0.26171875,201,768,1.953178309466569,,,,[],[],"{""both"": 0.8828125, ""direct"": 0.85546875, ""either"": 0.8515625, ""opposes"": 0.96875, ""same"": 0.53125}"
qwen,TEXT_CORRECTION_SEQ,ABC,0.888671875,0.138671875,0.17624359147796648,0.03125,0.03125,0.8268229166666667,0.8353365384615384,0.878125,0.234375,0.8237564085220336,0.203125,0.9375,64,32,832,0.2955729166666667,227,768,2.975174627595339,,,,[],[],"{""both"": 0.9140625, ""direct"": 0.85546875, ""either"": 0.8359375, ""opposes"": 0.921875, ""same"": 0.578125}"
qwen,TEXT_CORRECTION_SEQ,CBA,0.822265625,0.12565104166666666,0.16207026480463982,0.03125,0.03125,0.8072916666666667,0.8112980769230769,0.853125,0.22083333333333333,0.8379297351953602,0.1484375,0.859375,64,32,832,0.2552083333333333,196,768,3.23317945128658,,,,[],[],"{""both"": 0.859375, ""direct"": 0.859375, ""either"": 0.828125, ""opposes"": 0.828125, ""same"": 0.609375}"
qwen,TEXT_CORRECTION_SEQ,AB_cross,0.7161458333333333,0.1328125,0.13792613636363638,0.03125,0.03125,0.7799479166666667,0.796875,0.790625,0.171875,0.8620738636363636,0.1015625,1.0,64,32,832,0.10546875,81,768,1.2716313188659358,,,,[],[],"{""both"": 0.8359375, ""direct"": 0.890625, ""either"": 0.796875, ""opposes"": 0.8125, ""same"": 0.453125}"
qwen,INV_SPARSE_CONTINUE_s0,single,0.8984375,0.028645833333333332,0.030634469696969695,0.375,0.375,0.9231770833333334,0.9231770833333334,0.925,0.053125000000000006,0.9693655303030303,0.03125,,,32,768,0.0,0,768,0.0,3836.6320190429688,0.1382823286112398,1.0,[],[],"{""both"": 0.96875, ""direct"": 0.9609375, ""either"": 0.8671875, ""opposes"": 0.9609375, ""same"": 0.8203125}"
qwen,INV_SPARSE_CONTINUE_s0,noop,,0.03515625,0.041899788734143545,0.3125,0.3125,0.9075520833333334,0.9075520833333334,0.90625,0.09151785714285715,0.9581002112658565,0.015625,,,32,768,0.4479166666666667,344,768,1.0289851437103463,2980.661346435547,0.13835604628548026,1.0,[],[],"{""both"": 0.96875, ""direct"": 0.96875, ""either"": 0.8671875, ""opposes"": 0.9140625, ""same"": 0.7578125}"
qwen,INV_SPARSE_CONTINUE_s0,repeat2,0.8984375,0.028645833333333332,0.030634469696969695,0.34375,0.34375,0.9244791666666666,0.9244791666666666,0.928125,0.05,0.9693655303030303,0.03125,,,32,768,0.00390625,3,768,0.02728209173322248,3836.631935119629,0.13828219869174063,2.0,"[""single""]","[""INV_SPARSE_CONTINUE_s0""]","{""both"": 0.96875, ""direct"": 0.9609375, ""either"": 0.8671875, ""opposes"": 0.9765625, ""same"": 0.8125}"
qwen,INV_SPARSE_CONTINUE_s0,repeat4,0.9010416666666666,0.028645833333333332,0.030634469696969695,0.375,0.375,0.92578125,0.92578125,0.928125,0.05,0.9693655303030303,0.03125,,,32,768,0.0026041666666666665,2,768,0.03108951081291758,3836.6320877075195,0.1382822145242244,4.0,"[""repeat2"", ""single""]","[""INV_SPARSE_CONTINUE_s0""]","{""both"": 0.96875, ""direct"": 0.9609375, ""either"": 0.8671875, ""opposes"": 0.9765625, ""same"": 0.8203125}"
qwen,INV_SPARSE_CONTINUE_s0,repeat8,0.8984375,0.028645833333333332,0.030634469696969695,0.34375,0.34375,0.9244791666666667,0.9244791666666667,0.925,0.05,0.9693655303030303,0.03125,,,32,768,0.00390625,3,768,0.025964157008603994,3836.6323318481445,0.1382822177838534,8.0,"[""repeat2"", ""repeat4""]","[""INV_SPARSE_CONTINUE_s0""]","{""both"": 0.96875, ""direct"": 0.9609375, ""either"": 0.8671875, ""opposes"": 0.96875, ""same"": 0.8203125}"
qwen,INV_SPARSE_CONTINUE_s0,restore,,0.03515625,0.04217552402826119,0.3125,0.3125,0.9075520833333334,0.9075520833333334,0.909375,0.09375,0.9578244759717388,0.015625,,,32,768,0.4453125,342,768,1.0277107285424762,2980.6614532470703,0.13835613545961678,2.0,"[""noop""]","[""INV_SPARSE_CONTINUE_s0""]","{""both"": 0.96875, ""direct"": 0.96875, ""either"": 0.875, ""opposes"": 0.9140625, ""same"": 0.75}"
qwen,INV_SPARSE_CONTINUE_s0,restore_after4,,0.03385416666666667,0.040337288734143543,0.3125,0.3125,0.9075520833333334,0.9075520833333334,0.90625,0.09151785714285715,0.9596627112658564,0.015625,,,32,768,0.4453125,342,768,1.0360422762162922,2980.6611938476562,0.13835605839267373,5.0,"[""restore""]","[""INV_SPARSE_CONTINUE_s0""]","{""both"": 0.96875, ""direct"": 0.96875, ""either"": 0.875, ""opposes"": 0.9140625, ""same"": 0.75}"
qwen,INV_SPARSE_CONTINUE_s0,overwrite,0.8958333333333333,0.028645833333333332,0.030634469696969695,0.3125,0.3125,0.921875,0.921875,0.928125,0.053125000000000006,0.9693655303030303,0.03125,,,32,768,0.00390625,3,768,0.02273208188432177,3836.632278442383,0.13828218495473266,3.0,"[""repeat2"", ""repeat4"", ""repeat8"", ""single""]","[""INV_SPARSE_CONTINUE_s0""]","{""both"": 0.96875, ""direct"": 0.9609375, ""either"": 0.8671875, ""opposes"": 0.96875, ""same"": 0.8046875}"
qwen,INV_SPARSE_CONTINUE_s0,AB,0.9329427083333333,0.07291666666666666,0.07844065656565657,0.25,0.25,0.9140625,0.9140625,0.890625,0.03645833333333333,0.9215593434343434,0.015625,,,32,768,0.30859375,237,768,0.7279616084081476,6668.791931152344,0.14113233098760247,2.0,[],[],"{""both"": 0.9453125, ""direct"": 0.96875, ""either"": 0.7890625, ""opposes"": 0.96875, ""same"": 0.84375}"
qwen,INV_SPARSE_CONTINUE_s0,BA,0.9329427083333333,0.07291666666666666,0.07844065656565657,0.25,0.25,0.9140625,0.9140625,0.890625,0.03645833333333333,0.9215593434343434,0.015625,,,32,768,0.30859375,237,768,0.7279616084081476,6668.791931152344,0.14113233098760247,2.0,"[""AB""]","[""INV_SPARSE_CONTINUE_s0""]","{""both"": 0.9453125, ""direct"": 0.96875, ""either"": 0.7890625, ""opposes"": 0.96875, ""same"": 0.84375}"
qwen,INV_SPARSE_CONTINUE_s0,ABC,0.962890625,0.17447916666666666,0.20228291673604173,0.09375,0.09375,0.8567708333333333,0.8677884615384615,0.8187500000000001,0.14583333333333334,0.7977170832639583,0.0625,1.0,64,32,832,0.4388020833333333,337,768,1.4710576372420068,9808.64096069336,0.1422092793509364,3.0,[],[],"{""both"": 0.921875, ""direct"": 0.984375, ""either"": 0.578125, ""opposes"": 0.9375, ""same"": 0.734375}"
qwen,INV_SPARSE_CONTINUE_s0,CBA,0.962890625,0.17447916666666666,0.20228291673604173,0.09375,0.09375,0.8567708333333333,0.8677884615384615,0.8187500000000001,0.14583333333333334,0.7977170832639583,0.0625,1.0,64,32,832,0.4388020833333333,337,768,1.4710576372420068,9808.64096069336,0.1422092793509364,3.0,"[""ABC""]","[""INV_SPARSE_CONTINUE_s0""]","{""both"": 0.921875, ""direct"": 0.984375, ""either"": 0.578125, ""opposes"": 0.9375, ""same"": 0.734375}"
qwen,INV_SPARSE_CONTINUE_s0,AB_cross,0.8723958333333334,0.06770833333333333,0.0712121212121212,0.3125,0.3125,0.8984375,0.90625,0.909375,0.084375,0.9287878787878788,0.0859375,1.0,64,32,832,0.08984375,69,768,0.7061860110229353,6882.569427490234,0.14220247464254498,2.0,[],[],"{""both"": 0.953125, ""direct"": 0.95703125, ""either"": 0.90625, ""opposes"": 0.8359375, ""same"": 0.78125}"
qwen,INV_SPARSE_CONTINUE_s1,single,0.9244791666666667,0.020833333333333332,0.021070075757575756,0.5,0.5,0.9388020833333334,0.9388020833333334,0.94375,0.04687500000000001,0.9789299242424243,0.0234375,,,32,768,0.0,0,768,0.0,4172.707847595215,0.13886170065961778,1.0,[],[],"{""both"": 0.9453125, ""direct"": 0.9609375, ""either"": 0.9375, ""opposes"": 0.953125, ""same"": 0.875}"
qwen,INV_SPARSE_CONTINUE_s1,noop,,0.029947916666666664,0.037013007954377924,0.375,0.375,0.921875,0.921875,0.921875,0.078125,0.962986992045622,0.03125,,,32,768,0.4596354166666667,353,768,0.9568968446854246,3511.0513305664062,0.1382505635265261,1.0,[],[],"{""both"": 0.96875, ""direct"": 0.9609375, ""either"": 0.90625, ""opposes"": 0.9453125, ""same"": 0.7890625}"
qwen,INV_SPARSE_CONTINUE_s1,repeat2,0.921875,0.020833333333333332,0.021070075757575756,0.5,0.5,0.9375,0.9375,0.940625,0.04687500000000001,0.9789299242424243,0.0234375,,,32,768,0.0013020833333333333,1,768,0.02362815943507755,4172.708343505859,0.13886190229095519,2.0,"[""single""]","[""INV_SPARSE_CONTINUE_s1""]","{""both"": 0.9453125, ""direct"": 0.9609375, ""either"": 0.9375, ""opposes"": 0.953125, ""same"": 0.8671875}"
qwen,INV_SPARSE_CONTINUE_s1,repeat4,0.9192708333333333,0.020833333333333332,0.021070075757575756,0.5,0.5,0.9361979166666667,0.9361979166666667,0.940625,0.04687500000000001,0.9789299242424243,0.0234375,,,32,768,0.005208333333333333,4,768,0.022983838375624278,4172.7080078125,0.1388620170764625,4.0,"[""repeat2"", ""single""]","[""INV_SPARSE_CONTINUE_s1""]","{""both"": 0.9453125, ""direct"": 0.96484375, ""either"": 0.9375, ""opposes"": 0.953125, ""same"": 0.8515625}"
qwen,INV_SPARSE_CONTINUE_s1,repeat8,0.921875,0.018229166666666664,0.018229166666666664,0.53125,0.53125,0.9375,0.9375,0.9437500000000001,0.05,0.9817708333333334,0.015625,,,32,768,0.006510416666666667,5,768,0.026620399185684224,4172.708183288574,0.13886202755384147,8.0,"[""repeat2"", ""repeat4"", ""single""]","[""INV_SPARSE_CONTINUE_s1""]","{""both"": 0.9453125, ""direct"": 0.95703125, ""either"": 0.9453125, ""opposes"": 0.953125, ""same"": 0.8671875}"
qwen,INV_SPARSE_CONTINUE_s1,restore,,0.029947916666666664,0.037013007954377924,0.375,0.375,0.921875,0.921875,0.91875,0.07589285714285714,0.962986992045622,0.03125,,,32,768,0.4596354166666667,353,768,0.9600685274191791,3511.0513610839844,0.13825050881132483,2.0,"[""noop""]","[""INV_SPARSE_CONTINUE_s1""]","{""both"": 0.96875, ""direct"": 0.9609375, ""either"": 0.90625, ""opposes"": 0.9453125, ""same"": 0.7890625}"
qwen,INV_SPARSE_CONTINUE_s1,restore_after4,,0.029947916666666664,0.037013007954377924,0.375,0.375,0.9231770833333333,0.9231770833333333,0.925,0.078125,0.962986992045622,0.03125,,,32,768,0.4609375,354,768,0.9562117208090376,3511.0515518188477,0.13825065433047712,5.0,"[""noop"", ""restore""]","[""INV_SPARSE_CONTINUE_s1""]","{""both"": 0.96875, ""direct"": 0.9609375, ""either"": 0.9140625, ""opposes"": 0.9453125, ""same"": 0.7890625}"
qwen,INV_SPARSE_CONTINUE_s1,overwrite,0.9270833333333334,0.020833333333333332,0.021070075757575756,0.5,0.5,0.9388020833333333,0.9388020833333333,0.9468749999999999,0.05,0.9789299242424243,0.015625,,,32,768,0.0026041666666666665,2,768,0.027858638476246218,4172.707794189453,0.13886190438643098,3.0,"[""repeat2"", ""single""]","[""INV_SPARSE_CONTINUE_s1""]","{""both"": 0.9453125, ""direct"": 0.9609375, ""either"": 0.9375, ""opposes"": 0.953125, ""same"": 0.875}"
qwen,INV_SPARSE_CONTINUE_s1,AB,0.9322916666666666,0.045572916666666664,0.050707972582972584,0.4375,0.4375,0.9283854166666667,0.9283854166666667,0.9125,0.026041666666666664,0.9492920274170275,0.0390625,,,32,768,0.3072916666666667,236,768,0.6082419167424383,6876.574844360352,0.14100100845098495,2.0,[],[],"{""both"": 0.953125, ""direct"": 0.97265625, ""either"": 0.859375, ""opposes"": 0.953125, ""same"": 0.859375}"
qwen,INV_SPARSE_CONTINUE_s1,BA,0.9322916666666666,0.045572916666666664,0.050707972582972584,0.4375,0.4375,0.9283854166666667,0.9283854166666667,0.9125,0.026041666666666664,0.9492920274170275,0.0390625,,,32,768,0.3072916666666667,236,768,0.6082419167424383,6876.574844360352,0.14100100845098495,2.0,"[""AB""]","[""INV_SPARSE_CONTINUE_s1""]","{""both"": 0.953125, ""direct"": 0.97265625, ""either"": 0.859375, ""opposes"": 0.953125, ""same"": 0.859375}"
qwen,INV_SPARSE_CONTINUE_s1,ABC,0.94140625,0.1484375,0.18270869755244756,0.09375,0.09375,0.8697916666666666,0.8774038461538463,0.85,0.16354166666666667,0.8172913024475525,0.09375,0.96875,64,32,832,0.4596354166666667,353,768,1.2585702979051994,9906.847213745117,0.14312345115467906,3.0,[],[],"{""both"": 0.9453125, ""direct"": 0.9375, ""either"": 0.6640625, ""opposes"": 0.9375, ""same"": 0.796875}"
qwen,INV_SPARSE_CONTINUE_s1,CBA,0.94140625,0.1484375,0.18270869755244756,0.09375,0.09375,0.8697916666666666,0.8774038461538463,0.85,0.16354166666666667,0.8172913024475525,0.09375,0.96875,64,32,832,0.4596354166666667,353,768,1.2585702979051994,9906.847213745117,0.14312345115467906,3.0,"[""ABC""]","[""INV_SPARSE_CONTINUE_s1""]","{""both"": 0.9453125, ""direct"": 0.9375, ""either"": 0.6640625, ""opposes"": 0.9375, ""same"": 0.796875}"
qwen,INV_SPARSE_CONTINUE_s1,AB_cross,0.8541666666666666,0.0546875,0.05776515151515151,0.375,0.375,0.89453125,0.9014423076923077,0.9,0.06875,0.9422348484848485,0.03125,0.984375,64,32,832,0.09635416666666667,74,768,0.8110392501639936,7116.971252441406,0.14128340547904372,2.0,[],[],"{""both"": 0.9296875, ""direct"": 0.984375, ""either"": 0.859375, ""opposes"": 0.8359375, ""same"": 0.7734375}"
qwen,INV_COMPLETE_SINGLE_s0,single,0.9296875,0.0,0.0,0.5625,0.5625,0.9557291666666667,0.9557291666666667,0.95625,0.021875,1.0,0.015625,,,32,768,0.0,0,768,0.0,3322.156539916992,0.13794256863184273,1.0,[],[],"{""both"": 0.9921875, ""direct"": 0.96875, ""either"": 0.9453125, ""opposes"": 0.984375, ""same"": 0.875}"
qwen,INV_COMPLETE_SINGLE_s0,noop,,0.024739583333333332,0.030305187266294078,0.46875,0.46875,0.9375,0.9375,0.940625,0.06473214285714285,0.969694812733706,0.0234375,,,32,768,0.4583333333333333,352,768,0.7330207970291017,3049.687843322754,0.139495057053864,1.0,[],[],"{""both"": 0.9765625, ""direct"": 0.9609375, ""either"": 0.921875, ""opposes"": 0.9375, ""same"": 0.8671875}"
qwen,INV_COMPLETE_SINGLE_s0,repeat2,0.9296875,0.0,0.0,0.5625,0.5625,0.9557291666666667,0.9557291666666667,0.95625,0.021875,1.0,0.015625,,,32,768,0.0,0,768,0.01786779019687963,3322.1562576293945,0.13794256374239922,2.0,"[""single""]","[""INV_COMPLETE_SINGLE_s0""]","{""both"": 0.9921875, ""direct"": 0.96875, ""either"": 0.9453125, ""opposes"": 0.984375, ""same"": 0.875}"
qwen,INV_COMPLETE_SINGLE_s0,repeat4,0.9296875,0.0,0.0,0.5625,0.5625,0.9557291666666667,0.9557291666666667,0.95625,0.021875,1.0,0.015625,,,32,768,0.0,0,768,0.013816305602393109,3322.156364440918,0.13794256397522986,4.0,"[""repeat2"", ""single""]","[""INV_COMPLETE_SINGLE_s0""]","{""both"": 0.9921875, ""direct"": 0.96875, ""either"": 0.9453125, ""opposes"": 0.984375, ""same"": 0.875}"
qwen,INV_COMPLETE_SINGLE_s0,repeat8,0.9296875,0.0,0.0,0.5625,0.5625,0.9557291666666667,0.9557291666666667,0.95625,0.021875,1.0,0.015625,,,32,768,0.0,0,768,0.016923853026425534,3322.1561965942383,0.13794257235713303,8.0,"[""repeat2"", ""repeat4"", ""single""]","[""INV_COMPLETE_SINGLE_s0""]","{""both"": 0.9921875, ""direct"": 0.96875, ""either"": 0.9453125, ""opposes"": 0.984375, ""same"": 0.875}"
qwen,INV_COMPLETE_SINGLE_s0,restore,,0.024739583333333332,0.030305187266294078,0.46875,0.46875,0.9375,0.9375,0.940625,0.06473214285714285,0.969694812733706,0.0234375,,,32,768,0.4583333333333333,352,768,0.7355830410645399,3049.686679840088,0.1394950442481786,2.0,"[""noop""]","[""INV_COMPLETE_SINGLE_s0""]","{""both"": 0.9765625, ""direct"": 0.9609375, ""either"": 0.921875, ""opposes"": 0.9375, ""same"": 0.8671875}"
qwen,INV_COMPLETE_SINGLE_s0,restore_after4,,0.0234375,0.02881709202819884,0.5,0.5,0.9388020833333334,0.9388020833333334,0.940625,0.06249999999999999,0.9711829079718012,0.0234375,,,32,768,0.45703125,351,768,0.7340014314528743,3049.687141418457,0.13949514320120215,5.0,"[""noop"", ""restore""]","[""INV_COMPLETE_SINGLE_s0""]","{""both"": 0.9765625, ""direct"": 0.9609375, ""either"": 0.921875, ""opposes"": 0.9453125, ""same"": 0.8671875}"
qwen,INV_COMPLETE_SINGLE_s0,overwrite,0.9296875,0.0,0.0,0.5625,0.5625,0.9557291666666667,0.9557291666666667,0.95625,0.021875,1.0,0.015625,,,32,768,0.0,0,768,0.015181449000203387,3322.156539916992,0.13794262427836657,3.0,"[""repeat2"", ""repeat4"", ""single""]","[""INV_COMPLETE_SINGLE_s0""]","{""both"": 0.9921875, ""direct"": 0.96875, ""either"": 0.9453125, ""opposes"": 0.984375, ""same"": 0.875}"
qwen,INV_COMPLETE_SINGLE_s0,AB,0.91015625,0.00390625,0.004464285714285714,0.59375,0.59375,0.9375,0.9375,0.94375,0.026041666666666664,0.9955357142857143,0.0234375,,,32,768,0.3411458333333333,262,768,0.6422291473653202,6026.575546264648,0.14096159394830465,2.0,[],[],"{""both"": 0.984375, ""direct"": 0.93359375, ""either"": 0.921875, ""opposes"": 0.96875, ""same"": 0.8828125}"
qwen,INV_COMPLETE_SINGLE_s0,BA,0.91015625,0.00390625,0.004464285714285714,0.59375,0.59375,0.9375,0.9375,0.94375,0.026041666666666664,0.9955357142857143,0.0234375,,,32,768,0.3411458333333333,262,768,0.6422291473653202,6026.575546264648,0.14096159394830465,2.0,"[""AB""]","[""INV_COMPLETE_SINGLE_s0""]","{""both"": 0.984375, ""direct"": 0.93359375, ""either"": 0.921875, ""opposes"": 0.96875, ""same"": 0.8828125}"
qwen,INV_COMPLETE_SINGLE_s0,ABC,0.91796875,0.044921875,0.05401109307359307,0.375,0.375,0.9153645833333333,0.9110576923076923,0.8999999999999999,0.07604166666666667,0.9459889069264069,0.0234375,0.859375,64,32,832,0.4283854166666667,329,768,1.0765304941431182,8893.06918334961,0.14287786977365613,3.0,[],[],"{""both"": 0.9296875, ""direct"": 0.94140625, ""either"": 0.90625, ""opposes"": 0.953125, ""same"": 0.8203125}"
qwen,INV_COMPLETE_SINGLE_s0,CBA,0.91796875,0.044921875,0.05401109307359307,0.375,0.375,0.9153645833333333,0.9110576923076923,0.8999999999999999,0.07604166666666667,0.9459889069264069,0.0234375,0.859375,64,32,832,0.4283854166666667,329,768,1.0765304941431182,8893.06918334961,0.14287786977365613,3.0,"[""ABC""]","[""INV_COMPLETE_SINGLE_s0""]","{""both"": 0.9296875, ""direct"": 0.94140625, ""either"": 0.90625, ""opposes"": 0.953125, ""same"": 0.8203125}"
qwen,INV_COMPLETE_SINGLE_s0,AB_cross,0.8828125,0.020833333333333332,0.022821969696969698,0.46875,0.375,0.9283854166666667,0.921875,0.9125,0.021875,0.9771780303030303,0.046875,0.84375,64,32,832,0.06380208333333333,49,768,0.6488567594814714,6149.527313232422,0.14175197761505842,2.0,[],[],"{""both"": 0.9609375, ""direct"": 0.97265625, ""either"": 0.90625, ""opposes"": 0.9609375, ""same"": 0.796875}"
qwen,INV_COMPLETE_SINGLE_s1,single,0.9322916666666666,0.010416666666666666,0.010416666666666666,0.5625,0.5625,0.9544270833333333,0.9544270833333333,0.953125,0.028125,0.9895833333333333,0.0234375,,,32,768,0.0,0,768,0.0,2977.025276184082,0.1370864729396999,1.0,[],[],"{""both"": 0.9921875, ""direct"": 0.97265625, ""either"": 0.9375, ""opposes"": 0.9765625, ""same"": 0.875}"
qwen,INV_COMPLETE_SINGLE_s1,noop,,0.029947916666666668,0.03653338204300859,0.34375,0.34375,0.9309895833333333,0.9309895833333333,0.9375,0.07366071428571429,0.9634666179569914,0.0859375,,,32,768,0.4713541666666667,362,768,0.8210451515786366,3178.7734451293945,0.13629079912789166,1.0,[],[],"{""both"": 0.96875, ""direct"": 0.9375, ""either"": 0.9140625, ""opposes"": 0.96875, ""same"": 0.859375}"
qwen,INV_COMPLETE_SINGLE_s1,repeat2,0.9270833333333333,0.010416666666666666,0.010416666666666666,0.53125,0.53125,0.9518229166666666,0.9518229166666666,0.95,0.028125,0.9895833333333333,0.0234375,,,32,768,0.0026041666666666665,2,768,0.020581692302252347,2977.025230407715,0.13708640704862773,2.0,"[""single""]","[""INV_COMPLETE_SINGLE_s1""]","{""both"": 0.9921875, ""direct"": 0.97265625, ""either"": 0.9296875, ""opposes"": 0.9765625, ""same"": 0.8671875}"
qwen,INV_COMPLETE_SINGLE_s1,repeat4,0.9322916666666666,0.010416666666666666,0.010416666666666666,0.5625,0.5625,0.9544270833333333,0.9544270833333333,0.953125,0.028125,0.9895833333333333,0.0234375,,,32,768,0.0,0,768,0.015509600536108272,2977.0251388549805,0.137086482020095,4.0,"[""repeat2"", ""single""]","[""INV_COMPLETE_SINGLE_s1""]","{""both"": 0.9921875, ""direct"": 0.97265625, ""either"": 0.9375, ""opposes"": 0.9765625, ""same"": 0.875}"
qwen,INV_COMPLETE_SINGLE_s1,repeat8,0.9296875,0.010416666666666666,0.010416666666666666,0.5625,0.5625,0.953125,0.953125,0.953125,0.028125,0.9895833333333333,0.0234375,,,32,768,0.0013020833333333333,1,768,0.01416844392690339,2977.024856567383,0.1370863646734506,8.0,"[""repeat2"", ""repeat4"", ""single""]","[""INV_COMPLETE_SINGLE_s1""]","{""both"": 0.9921875, ""direct"": 0.97265625, ""either"": 0.9296875, ""opposes"": 0.9765625, ""same"": 0.875}"
qwen,INV_COMPLETE_SINGLE_s1,restore,,0.029947916666666668,0.03653338204300859,0.34375,0.34375,0.9309895833333333,0.9309895833333333,0.9375,0.07366071428571429,0.9634666179569914,0.0859375,,,32,768,0.4713541666666667,362,768,0.82088468174042,3178.7742233276367,0.1362908419687301,2.0,"[""noop""]","[""INV_COMPLETE_SINGLE_s1""]","{""both"": 0.96875, ""direct"": 0.9375, ""either"": 0.9140625, ""opposes"": 0.96875, ""same"": 0.859375}"
qwen,INV_COMPLETE_SINGLE_s1,restore_after4,,0.029947916666666668,0.03653338204300859,0.34375,0.34375,0.9296875,0.9296875,0.9375,0.07589285714285715,0.9634666179569914,0.0859375,,,32,768,0.47265625,363,768,0.8181771137499272,3178.7738876342773,0.13629132835194468,5.0,"[""noop"", ""restore""]","[""INV_COMPLETE_SINGLE_s1""]","{""both"": 0.96875, ""direct"": 0.9375, ""either"": 0.9140625, ""opposes"": 0.9609375, ""same"": 0.859375}"
qwen,INV_COMPLETE_SINGLE_s1,overwrite,0.9322916666666666,0.010416666666666666,0.010416666666666666,0.5625,0.5625,0.9544270833333333,0.9544270833333333,0.953125,0.028125,0.9895833333333333,0.0234375,,,32,768,0.0,0,768,0.021360067967748902,2977.025146484375,0.1370864084456116,3.0,"[""repeat2"", ""repeat4"", ""repeat8"", ""single""]","[""INV_COMPLETE_SINGLE_s1""]","{""both"": 0.9921875, ""direct"": 0.97265625, ""either"": 0.9375, ""opposes"": 0.9765625, ""same"": 0.875}"
qwen,INV_COMPLETE_SINGLE_s1,AB,0.9348958333333334,0.022135416666666664,0.02506313131313131,0.5625,0.5625,0.9453125,0.9453125,0.940625,0.026041666666666664,0.9749368686868687,0.03125,,,32,768,0.3268229166666667,251,768,0.4407192440323624,5659.911148071289,0.14285097271203995,2.0,[],[],"{""both"": 0.984375, ""direct"": 0.96484375, ""either"": 0.9609375, ""opposes"": 0.9609375, ""same"": 0.8359375}"
qwen,INV_COMPLETE_SINGLE_s1,BA,0.9348958333333334,0.022135416666666664,0.02506313131313131,0.5625,0.5625,0.9453125,0.9453125,0.940625,0.026041666666666664,0.9749368686868687,0.03125,,,32,768,0.3268229166666667,251,768,0.4407192440323624,5659.911148071289,0.14285097271203995,2.0,"[""AB""]","[""INV_COMPLETE_SINGLE_s1""]","{""both"": 0.984375, ""direct"": 0.96484375, ""either"": 0.9609375, ""opposes"": 0.9609375, ""same"": 0.8359375}"
qwen,INV_COMPLETE_SINGLE_s1,ABC,0.9596354166666667,0.05468749999999999,0.06048690892440893,0.46875,0.46875,0.9361979166666666,0.936298076923077,0.9125,0.053125000000000006,0.9395130910755911,0.0546875,0.9375,64,32,832,0.4505208333333333,346,768,0.8562089090829552,8707.627319335938,0.14633755572140217,3.0,[],[],"{""both"": 1.0, ""direct"": 0.96484375, ""either"": 0.890625, ""opposes"": 0.9765625, ""same"": 0.8203125}"
qwen,INV_COMPLETE_SINGLE_s1,CBA,0.9596354166666667,0.05468749999999999,0.06048690892440893,0.46875,0.46875,0.9361979166666666,0.936298076923077,0.9125,0.053125000000000006,0.9395130910755911,0.0546875,0.9375,64,32,832,0.4505208333333333,346,768,0.8562089090829552,8707.627319335938,0.14633755572140217,3.0,"[""ABC""]","[""INV_COMPLETE_SINGLE_s1""]","{""both"": 1.0, ""direct"": 0.96484375, ""either"": 0.890625, ""opposes"": 0.9765625, ""same"": 0.8203125}"
qwen,INV_COMPLETE_SINGLE_s1,AB_cross,0.90625,0.05989583333333333,0.0621685606060606,0.40625,0.40625,0.9231770833333334,0.9266826923076923,0.9249999999999999,0.05625,0.9378314393939394,0.0625,0.96875,64,32,832,0.0703125,54,768,0.6255517400394631,5862.02180480957,0.14128689118660986,2.0,[],[],"{""both"": 0.9375, ""direct"": 0.984375, ""either"": 0.90625, ""opposes"": 0.90625, ""same"": 0.8203125}"
qwen,FREE_SPARSE_CONTINUE_s0,single,0.8671875,0.0625,0.06455176767676768,0.25,0.25,0.89453125,0.89453125,0.909375,0.078125,0.9354482323232323,0.0234375,,,32,768,0.0,0,768,0.0,9297.405517578125,0.15169554320164025,1.0,[],[],"{""both"": 0.9375, ""direct"": 0.9609375, ""either"": 0.8125, ""opposes"": 0.921875, ""same"": 0.7734375}"
qwen,FREE_SPARSE_CONTINUE_s0,noop,,0.03385416666666667,0.040410340272472624,0.25,0.25,0.9140625,0.9140625,0.9156249999999999,0.08705357142857142,0.9595896597275274,0.03125,,,32,768,0.46484375,357,768,1.3621677616599814,6763.276702880859,0.14584672497585416,1.0,[],[],"{""both"": 0.96875, ""direct"": 0.96875, ""either"": 0.90625, ""opposes"": 0.8984375, ""same"": 0.7734375}"
qwen,FREE_SPARSE_CONTINUE_s0,repeat2,0.8515625,0.052083333333333336,0.05500315656565656,0.25,0.25,0.8919270833333333,0.8919270833333333,0.903125,0.065625,0.9449968434343434,0.0390625,,,32,768,0.020833333333333332,16,768,0.2696773433552325,13708.863372802734,0.15366889024153352,2.0,[],[],"{""both"": 0.9375, ""direct"": 0.9609375, ""either"": 0.828125, ""opposes"": 0.9375, ""same"": 0.7265625}"
qwen,FREE_SPARSE_CONTINUE_s0,repeat4,0.8463541666666667,0.05208333333333333,0.054766414141414144,0.21875,0.21875,0.8893229166666665,0.8893229166666665,0.909375,0.06875,0.9452335858585859,0.0390625,,,32,768,0.033854166666666664,26,768,0.4855994473627105,19918.236267089844,0.16259407857432961,4.0,[],[],"{""both"": 0.9296875, ""direct"": 0.953125, ""either"": 0.8671875, ""opposes"": 0.921875, ""same"": 0.7109375}"
qwen,FREE_SPARSE_CONTINUE_s0,repeat8,0.8098958333333333,0.0390625,0.04127209595959595,0.125,0.125,0.8763020833333333,0.8763020833333333,0.89375,0.0625,0.958727904040404,0.046875,,,32,768,0.0703125,54,768,0.7120465007649783,27663.806396484375,0.1770270625129342,8.0,[],[],"{""both"": 0.9296875, ""direct"": 0.9375, ""either"": 0.859375, ""opposes"": 0.9296875, ""same"": 0.6640625}"
qwen,FREE_SPARSE_CONTINUE_s0,restore,,0.023437499999999997,0.027357377610134966,0.1875,0.1875,0.8997395833333333,0.8997395833333333,0.8875,0.09151785714285714,0.9726426223898651,0.0234375,,,32,768,0.4296875,330,768,1.3680860143211848,7388.796813964844,0.14683303888887167,2.0,[],[],"{""both"": 0.953125, ""direct"": 0.97265625, ""either"": 0.8984375, ""opposes"": 0.8828125, ""same"": 0.71875}"
qwen,FREE_SPARSE_CONTINUE_s0,restore_after4,,0.029947916666666668,0.03629482993356832,0.09375,0.09375,0.8671875,0.8671875,0.8406250000000001,0.1138392857142857,0.9637051700664316,0.015625,,,32,768,0.3841145833333333,295,768,1.7924913694180897,12052.268585205078,0.1531239626929164,5.0,[],[],"{""both"": 0.921875, ""direct"": 0.96875, ""either"": 0.9140625, ""opposes"": 0.8125, ""same"": 0.6171875}"
qwen,FREE_SPARSE_CONTINUE_s0,overwrite,0.796875,0.03645833333333333,0.03827335858585859,0.15625,0.15625,0.8723958333333333,0.8723958333333333,0.86875,0.05625000000000001,0.9617266414141414,0.03125,,,32,768,0.05078125,39,768,0.4553560439462971,12717.8681640625,0.15595725714229047,3.0,[],[],"{""both"": 0.8984375, ""direct"": 0.95703125, ""either"": 0.8125, ""opposes"": 0.9375, ""same"": 0.671875}"
qwen,FREE_SPARSE_CONTINUE_s0,AB,0.8606770833333334,0.08463541666666666,0.09315814393939394,0.1875,0.1875,0.86328125,0.86328125,0.86875,0.06770833333333333,0.906841856060606,0.0390625,,,32,768,0.2578125,198,768,1.2235792298989123,19953.024688720703,0.15898010367527604,2.0,[],[],"{""both"": 0.8828125, ""direct"": 0.92578125, ""either"": 0.7734375, ""opposes"": 0.90625, ""same"": 0.765625}"
qwen,FREE_SPARSE_CONTINUE_s0,BA,0.8606770833333334,0.08463541666666666,0.09315814393939394,0.1875,0.1875,0.86328125,0.86328125,0.86875,0.06770833333333333,0.906841856060606,0.0390625,,,32,768,0.2578125,198,768,1.2235792298989123,19953.024688720703,0.15898010367527604,2.0,"[""AB""]","[""FREE_SPARSE_CONTINUE_s0""]","{""both"": 0.8828125, ""direct"": 0.92578125, ""either"": 0.7734375, ""opposes"": 0.90625, ""same"": 0.765625}"
qwen,FREE_SPARSE_CONTINUE_s0,ABC,0.888671875,0.12890625,0.1551759004884005,0.1875,0.125,0.8528645833333333,0.8461538461538461,0.8687499999999999,0.16041666666666665,0.8448240995115994,0.078125,0.765625,64,32,832,0.359375,276,768,1.2909571077001032,29346.756591796875,0.16087613115087152,3.0,[],[],"{""both"": 0.90625, ""direct"": 0.9375, ""either"": 0.671875, ""opposes"": 0.875, ""same"": 0.7890625}"
qwen,FREE_SPARSE_CONTINUE_s0,CBA,0.888671875,0.12890625,0.1551759004884005,0.1875,0.125,0.8528645833333333,0.8461538461538461,0.8687499999999999,0.16041666666666665,0.8448240995115994,0.078125,0.765625,64,32,832,0.359375,276,768,1.2909571077001032,29346.756591796875,0.16087613115087152,3.0,"[""ABC""]","[""FREE_SPARSE_CONTINUE_s0""]","{""both"": 0.90625, ""direct"": 0.9375, ""either"": 0.671875, ""opposes"": 0.875, ""same"": 0.7890625}"
qwen,FREE_SPARSE_CONTINUE_s0,AB_cross,0.8203125,0.11458333333333331,0.11934974747474747,0.09375,0.09375,0.8489583333333333,0.844951923076923,0.859375,0.11875000000000001,0.8806502525252524,0.1015625,0.796875,64,32,832,0.10546875,81,768,0.7004139581817483,18342.09780883789,0.15606392733752728,2.0,[],[],"{""both"": 0.875, ""direct"": 0.921875, ""either"": 0.828125, ""opposes"": 0.8828125, ""same"": 0.6640625}"
qwen,FREE_SPARSE_CONTINUE_s1,single,0.8671875,0.0026041666666666665,0.0026041666666666665,0.34375,0.34375,0.9231770833333333,0.9231770833333333,0.903125,0.025,0.9973958333333333,0.0234375,,,32,768,0.0,0,768,0.0,8313.359512329102,0.1459884401410818,1.0,[],[],"{""both"": 0.9765625, ""direct"": 0.96875, ""either"": 0.8984375, ""opposes"": 0.9609375, ""same"": 0.765625}"
qwen,FREE_SPARSE_CONTINUE_s1,noop,,0.024739583333333332,0.030259171063630363,0.28125,0.28125,0.90234375,0.90234375,0.890625,0.08928571428571427,0.9697408289363696,0.0234375,,,32,768,0.3880208333333333,298,768,0.9896913144782166,6661.18083190918,0.14952307241037488,1.0,[],[],"{""both"": 0.9609375, ""direct"": 0.97265625, ""either"": 0.8984375, ""opposes"": 0.9453125, ""same"": 0.6640625}"
qwen,FREE_SPARSE_CONTINUE_s1,repeat2,0.8203125,0.0078125,0.0078125,0.28125,0.28125,0.8984375,0.8984375,0.8625,0.028125,0.9921875,0.0234375,,,32,768,0.029947916666666668,23,768,0.27414778420846125,10800.556945800781,0.1526072029955685,2.0,[],[],"{""both"": 0.953125, ""direct"": 0.9609375, ""either"": 0.84375, ""opposes"": 0.953125, ""same"": 0.71875}"
qwen,FREE_SPARSE_CONTINUE_s1,repeat4,0.7942708333333334,0.0026041666666666665,0.0026041666666666665,0.15625,0.15625,0.88671875,0.88671875,0.84375,0.025,0.9973958333333333,0.0234375,,,32,768,0.057291666666666664,44,768,0.42951933654557317,15598.814971923828,0.15021498082205653,4.0,[],[],"{""both"": 0.9453125, ""direct"": 0.9453125, ""either"": 0.8125, ""opposes"": 0.953125, ""same"": 0.71875}"
qwen,FREE_SPARSE_CONTINUE_s1,repeat8,0.7369791666666667,0.0026041666666666665,0.0026041666666666665,0.09375,0.09375,0.8580729166666667,0.8580729166666667,0.8,0.025,0.9973958333333333,0.0234375,,,32,768,0.0859375,66,768,0.6980424657244745,18520.209594726562,0.15593527955934405,8.0,[],[],"{""both"": 0.8984375, ""direct"": 0.9140625, ""either"": 0.796875, ""opposes"": 0.9296875, ""same"": 0.6953125}"
qwen,FREE_SPARSE_CONTINUE_s1,restore,,0.01953125,0.02427278402389664,0.25,0.25,0.91015625,0.91015625,0.8843749999999999,0.07142857142857142,0.9757272159761033,0.0234375,,,32,768,0.3932291666666667,302,768,0.9306931857920641,8584.598876953125,0.14970544259995222,2.0,[],[],"{""both"": 0.9609375, ""direct"": 0.9765625, ""either"": 0.90625, ""opposes"": 0.9453125, ""same"": 0.6953125}"
qwen,FREE_SPARSE_CONTINUE_s1,restore_after4,,0.024739583333333332,0.030738710705574098,0.25,0.25,0.9049479166666667,0.9049479166666667,0.875,0.07366071428571427,0.9692612892944259,0.0234375,,,32,768,0.3854166666666667,296,768,0.9858116611635355,9690.515823364258,0.14748466247692704,5.0,[],[],"{""both"": 0.9609375, ""direct"": 0.9765625, ""either"": 0.90625, ""opposes"": 0.921875, ""same"": 0.6875}"
qwen,FREE_SPARSE_CONTINUE_s1,overwrite,0.8567708333333334,0.0078125,0.0078125,0.28125,0.28125,0.9114583333333334,0.9114583333333334,0.896875,0.040625,0.9921875,0.015625,,,32,768,0.040364583333333336,31,768,0.21875900564762615,11878.774230957031,0.1494102799333632,3.0,[],[],"{""both"": 0.953125, ""direct"": 0.95703125, ""either"": 0.8671875, ""opposes"": 0.9296875, ""same"": 0.8046875}"
qwen,FREE_SPARSE_CONTINUE_s1,AB,0.9303385416666667,0.04817708333333333,0.05130546536796536,0.3125,0.3125,0.92578125,0.92578125,0.91875,0.03645833333333333,0.9486945346320346,0.0546875,,,32,768,0.3046875,234,768,0.5383272930326736,15730.60952758789,0.14997653849422932,2.0,[],[],"{""both"": 0.9765625, ""direct"": 0.9609375, ""either"": 0.8828125, ""opposes"": 0.9609375, ""same"": 0.8125}"
qwen,FREE_SPARSE_CONTINUE_s1,BA,0.9303385416666667,0.04817708333333333,0.05130546536796536,0.3125,0.3125,0.92578125,0.92578125,0.91875,0.03645833333333333,0.9486945346320346,0.0546875,,,32,768,0.3046875,234,768,0.5383272930326736,15730.60952758789,0.14997653849422932,2.0,"[""AB""]","[""FREE_SPARSE_CONTINUE_s1""]","{""both"": 0.9765625, ""direct"": 0.9609375, ""either"": 0.8828125, ""opposes"": 0.9609375, ""same"": 0.8125}"
qwen,FREE_SPARSE_CONTINUE_s1,ABC,0.9446614583333334,0.08919270833333333,0.10394908910533911,0.15625,0.15625,0.8880208333333333,0.8894230769230769,0.890625,0.15416666666666665,0.8960509108946609,0.0546875,0.90625,64,32,832,0.4231770833333333,325,768,1.002630014845301,23388.848876953125,0.15334250079467893,3.0,[],[],"{""both"": 0.953125, ""direct"": 0.95703125, ""either"": 0.78125, ""opposes"": 0.953125, ""same"": 0.7265625}"
qwen,FREE_SPARSE_CONTINUE_s1,CBA,0.9446614583333334,0.08919270833333333,0.10394908910533911,0.15625,0.15625,0.8880208333333333,0.8894230769230769,0.890625,0.15416666666666665,0.8960509108946609,0.0546875,0.90625,64,32,832,0.4231770833333333,325,768,1.002630014845301,23388.848876953125,0.15334250079467893,3.0,"[""ABC""]","[""FREE_SPARSE_CONTINUE_s1""]","{""both"": 0.953125, ""direct"": 0.95703125, ""either"": 0.78125, ""opposes"": 0.953125, ""same"": 0.7265625}"
qwen,FREE_SPARSE_CONTINUE_s1,AB_cross,0.8645833333333333,0.06770833333333333,0.0700284090909091,0.21875,0.21875,0.8958333333333334,0.8966346153846154,0.90625,0.07187500000000001,0.9299715909090909,0.0703125,0.90625,64,32,832,0.08723958333333333,67,768,0.6400934250783072,15709.60531616211,0.1492282352410257,2.0,[],[],"{""both"": 0.953125, ""direct"": 0.96484375, ""either"": 0.875, ""opposes"": 0.8671875, ""same"": 0.75}"
qwen,FREE_COMPLETE_SINGLE_s0,single,0.8723958333333333,0.005208333333333333,0.005445075757575758,0.40625,0.40625,0.9244791666666667,0.9244791666666667,0.925,0.028125000000000004,0.9945549242424243,0.03125,,,32,768,0.0,0,768,0.0,7234.737838745117,0.1437501823529601,1.0,[],[],"{""both"": 0.96875, ""direct"": 0.97265625, ""either"": 0.90625, ""opposes"": 0.9453125, ""same"": 0.78125}"
qwen,FREE_COMPLETE_SINGLE_s0,noop,,0.01171875,0.014181070155334862,0.21875,0.21875,0.9283854166666666,0.9283854166666666,0.921875,0.06696428571428571,0.9858189298446651,0.03125,,,32,768,0.4049479166666667,311,768,0.980529157453383,5962.225128173828,0.1451560938730836,1.0,[],[],"{""both"": 0.984375, ""direct"": 0.984375, ""either"": 0.9296875, ""opposes"": 0.9453125, ""same"": 0.7421875}"
qwen,FREE_COMPLETE_SINGLE_s0,repeat2,0.8463541666666666,0.005208333333333333,0.005445075757575758,0.28125,0.28125,0.9140625,0.9140625,0.903125,0.021875000000000002,0.9945549242424243,0.0390625,,,32,768,0.0234375,18,768,0.24281125334458467,9879.696838378906,0.14813679293729365,2.0,[],[],"{""both"": 0.96875, ""direct"": 0.97265625, ""either"": 0.9140625, ""opposes"": 0.9375, ""same"": 0.71875}"
qwen,FREE_COMPLETE_SINGLE_s0,repeat4,0.78125,0.005208333333333333,0.005445075757575758,0.15625,0.15625,0.87890625,0.87890625,0.846875,0.028125000000000004,0.9945549242424243,0.0234375,,,32,768,0.055989583333333336,43,768,0.6119252906044056,13125.517517089844,0.15282921120524406,4.0,[],[],"{""both"": 0.9609375, ""direct"": 0.95703125, ""either"": 0.8671875, ""opposes"": 0.9140625, ""same"": 0.6171875}"
qwen,FREE_COMPLETE_SINGLE_s0,repeat8,0.7578125,0.0078125,0.008049242424242424,0.125,0.125,0.8645833333333334,0.8645833333333334,0.828125,0.034375,0.9919507575757576,0.0234375,,,32,768,0.06770833333333333,52,768,0.9410533196801402,15182.717651367188,0.15412983810529113,8.0,[],[],"{""both"": 0.953125, ""direct"": 0.94921875, ""either"": 0.859375, ""opposes"": 0.890625, ""same"": 0.5859375}"
qwen,FREE_COMPLETE_SINGLE_s0,restore,,0.018229166666666668,0.021837818560438527,0.28125,0.28125,0.93359375,0.93359375,0.934375,0.06696428571428571,0.9781621814395615,0.03125,,,32,768,0.4127604166666667,317,768,0.9263276792462083,6330.796325683594,0.14840069552883506,2.0,[],[],"{""both"": 0.984375, ""direct"": 0.984375, ""either"": 0.9140625, ""opposes"": 0.9375, ""same"": 0.796875}"
qwen,FREE_COMPLETE_SINGLE_s0,restore_after4,,0.022135416666666668,0.027087685652410882,0.3125,0.3125,0.9244791666666666,0.9244791666666666,0.9156249999999999,0.06919642857142856,0.9729123143475892,0.03125,,,32,768,0.3984375,306,768,1.026978595618519,7291.967056274414,0.14378966973163188,5.0,[],[],"{""both"": 0.9765625, ""direct"": 0.9765625, ""either"": 0.9140625, ""opposes"": 0.9140625, ""same"": 0.7890625}"
qwen,FREE_COMPLETE_SINGLE_s0,overwrite,0.8984375,0.0078125,0.008049242424242424,0.46875,0.46875,0.9388020833333333,0.9388020833333333,0.94375,0.025,0.9919507575757576,0.0390625,,,32,768,0.01953125,15,768,0.16893520001210405,8865.123626708984,0.14584624976851046,3.0,[],[],"{""both"": 0.96875, ""direct"": 0.96875, ""either"": 0.9375, ""opposes"": 0.9609375, ""same"": 0.828125}"
qwen,FREE_COMPLETE_SINGLE_s0,AB,0.9075520833333333,0.028645833333333332,0.034796626984126985,0.40625,0.40625,0.9283854166666667,0.9283854166666667,0.9468749999999999,0.04687499999999999,0.965203373015873,0.0390625,,,32,768,0.34765625,267,768,0.504758549917509,15140.844696044922,0.14972127880901098,2.0,[],[],"{""both"": 0.921875, ""direct"": 0.953125, ""either"": 0.953125, ""opposes"": 0.9609375, ""same"": 0.828125}"
qwen,FREE_COMPLETE_SINGLE_s0,BA,0.9075520833333333,0.028645833333333332,0.034796626984126985,0.40625,0.40625,0.9283854166666667,0.9283854166666667,0.9468749999999999,0.04687499999999999,0.965203373015873,0.0390625,,,32,768,0.34765625,267,768,0.504758549917509,15140.844696044922,0.14972127880901098,2.0,"[""AB""]","[""FREE_COMPLETE_SINGLE_s0""]","{""both"": 0.921875, ""direct"": 0.953125, ""either"": 0.953125, ""opposes"": 0.9609375, ""same"": 0.828125}"
qwen,FREE_COMPLETE_SINGLE_s0,ABC,0.9752604166666667,0.07942708333333333,0.09266471375846375,0.40625,0.375,0.91796875,0.920673076923077,0.9281250000000001,0.13333333333333333,0.9073352862415363,0.0390625,0.953125,64,32,832,0.4622395833333333,355,768,0.79711183253817,23128.509887695312,0.15073924278840423,3.0,[],[],"{""both"": 0.9765625, ""direct"": 0.9765625, ""either"": 0.8515625, ""opposes"": 0.9609375, ""same"": 0.765625}"
qwen,FREE_COMPLETE_SINGLE_s0,CBA,0.9752604166666667,0.07942708333333333,0.09266471375846375,0.40625,0.375,0.91796875,0.920673076923077,0.9281250000000001,0.13333333333333333,0.9073352862415363,0.0390625,0.953125,64,32,832,0.4622395833333333,355,768,0.79711183253817,23128.509887695312,0.15073924278840423,3.0,"[""ABC""]","[""FREE_COMPLETE_SINGLE_s0""]","{""both"": 0.9765625, ""direct"": 0.9765625, ""either"": 0.8515625, ""opposes"": 0.9609375, ""same"": 0.765625}"
qwen,FREE_COMPLETE_SINGLE_s0,AB_cross,0.8359375,0.078125,0.08300189393939393,0.34375,0.3125,0.875,0.8798076923076923,0.85,0.06875,0.916998106060606,0.046875,0.9375,64,32,832,0.11197916666666667,86,768,0.6987001297708755,15436.971130371094,0.14786742953583598,2.0,[],[],"{""both"": 0.890625, ""direct"": 0.96484375, ""either"": 0.8359375, ""opposes"": 0.859375, ""same"": 0.734375}"
qwen,FREE_COMPLETE_SINGLE_s1,single,0.8854166666666666,0.018229166666666664,0.025173611111111112,0.4375,0.4375,0.92578125,0.92578125,0.8968750000000001,0.040625,0.9748263888888888,0.0546875,,,32,768,0.0,0,768,0.0,11172.20541381836,0.1574834785424173,1.0,[],[],"{""both"": 0.96875, ""direct"": 0.96875, ""either"": 0.953125, ""opposes"": 0.9296875, ""same"": 0.765625}"
qwen,FREE_COMPLETE_SINGLE_s1,noop,,0.015625,0.0196143087916985,0.375,0.375,0.9361979166666667,0.9361979166666667,0.925,0.055803571428571425,0.9803856912083015,0.0390625,,,32,768,0.4427083333333333,340,768,0.7637428839081104,10838.561950683594,0.15041642216965556,1.0,[],[],"{""both"": 0.96875, ""direct"": 0.97265625, ""either"": 0.921875, ""opposes"": 0.9609375, ""same"": 0.8203125}"
qwen,FREE_COMPLETE_SINGLE_s1,repeat2,0.8723958333333334,0.013020833333333332,0.018229166666666664,0.4375,0.4375,0.9231770833333334,0.9231770833333334,0.8968750000000001,0.03125,0.9817708333333333,0.0546875,,,32,768,0.033854166666666664,26,768,0.27660105360241893,12401.461029052734,0.15305257984437048,2.0,[],[],"{""both"": 0.96875, ""direct"": 0.9609375, ""either"": 0.9375, ""opposes"": 0.9375, ""same"": 0.7734375}"
qwen,FREE_COMPLETE_SINGLE_s1,repeat4,0.8776041666666667,0.005208333333333333,0.005208333333333333,0.46875,0.46875,0.9283854166666667,0.9283854166666667,0.903125,0.025,0.9947916666666666,0.03125,,,32,768,0.03125,24,768,0.283813599169153,17481.586975097656,0.1568535235710442,4.0,[],[],"{""both"": 0.984375, ""direct"": 0.96875, ""either"": 0.921875, ""opposes"": 0.953125, ""same"": 0.7734375}"
qwen,FREE_COMPLETE_SINGLE_s1,repeat8,0.8645833333333334,0.0078125,0.0078125,0.40625,0.40625,0.9205729166666667,0.9205729166666667,0.896875,0.028125,0.9921875,0.03125,,,32,768,0.041666666666666664,32,768,0.3368516396892098,19030.5693359375,0.1556210145354271,8.0,[],[],"{""both"": 0.984375, ""direct"": 0.9609375, ""either"": 0.8984375, ""opposes"": 0.9453125, ""same"": 0.7734375}"
qwen,FREE_COMPLETE_SINGLE_s1,restore,,0.013020833333333332,0.016638118315508023,0.3125,0.3125,0.9322916666666667,0.9322916666666667,0.921875,0.06026785714285714,0.983361881684492,0.0390625,,,32,768,0.4361979166666667,335,768,0.8410871111986781,10805.177856445312,0.14795245020650327,2.0,[],[],"{""both"": 0.96875, ""direct"": 0.96875, ""either"": 0.9296875, ""opposes"": 0.9453125, ""same"": 0.8125}"
qwen,FREE_COMPLETE_SINGLE_s1,restore_after4,,0.014322916666666668,0.018268259008148713,0.3125,0.3125,0.9309895833333334,0.9309895833333334,0.9125,0.055803571428571425,0.9817317409918513,0.03125,,,32,768,0.4322916666666667,332,768,0.8327881004048603,12752.75650024414,0.14379778620786965,5.0,[],[],"{""both"": 0.96875, ""direct"": 0.9765625, ""either"": 0.921875, ""opposes"": 0.9375, ""same"": 0.8046875}"
qwen,FREE_COMPLETE_SINGLE_s1,overwrite,0.828125,0.010416666666666666,0.011284722222222222,0.40625,0.40625,0.9010416666666667,0.9010416666666667,0.85,0.03125,0.9887152777777778,0.0390625,,,32,768,0.037760416666666664,29,768,0.2602183706242624,15056.132019042969,0.15981020964682102,3.0,[],[],"{""both"": 0.96875, ""direct"": 0.96484375, ""either"": 0.8984375, ""opposes"": 0.875, ""same"": 0.734375}"
qwen,FREE_COMPLETE_SINGLE_s1,AB,0.93359375,0.02734375,0.03221951659451659,0.59375,0.59375,0.9479166666666667,0.9479166666666667,0.934375,0.010416666666666666,0.9677804834054834,0.0703125,,,32,768,0.3111979166666667,239,768,0.5100007658910382,19037.357452392578,0.1585815967991948,2.0,[],[],"{""both"": 0.96875, ""direct"": 0.99609375, ""either"": 0.9453125, ""opposes"": 0.9296875, ""same"": 0.8515625}"
qwen,FREE_COMPLETE_SINGLE_s1,BA,0.93359375,0.02734375,0.03221951659451659,0.59375,0.59375,0.9479166666666667,0.9479166666666667,0.934375,0.010416666666666666,0.9677804834054834,0.0703125,,,32,768,0.3111979166666667,239,768,0.5100007658910382,19037.357452392578,0.1585815967991948,2.0,"[""AB""]","[""FREE_COMPLETE_SINGLE_s1""]","{""both"": 0.96875, ""direct"": 0.99609375, ""either"": 0.9453125, ""opposes"": 0.9296875, ""same"": 0.8515625}"
qwen,FREE_COMPLETE_SINGLE_s1,ABC,0.9244791666666667,0.07682291666666666,0.09137876012876013,0.40625,0.40625,0.9088541666666667,0.9158653846153846,0.921875,0.13437500000000002,0.9086212398712399,0.1328125,1.0,64,32,832,0.41796875,321,768,0.8296515797626238,28080.148803710938,0.15981154423207045,3.0,[],[],"{""both"": 0.9453125, ""direct"": 0.96484375, ""either"": 0.8671875, ""opposes"": 0.8984375, ""same"": 0.8125}"
qwen,FREE_COMPLETE_SINGLE_s1,CBA,0.9244791666666667,0.07682291666666666,0.09137876012876013,0.40625,0.40625,0.9088541666666667,0.9158653846153846,0.921875,0.13437500000000002,0.9086212398712399,0.1328125,1.0,64,32,832,0.41796875,321,768,0.8296515797626238,28080.148803710938,0.15981154423207045,3.0,"[""ABC""]","[""FREE_COMPLETE_SINGLE_s1""]","{""both"": 0.9453125, ""direct"": 0.96484375, ""either"": 0.8671875, ""opposes"": 0.8984375, ""same"": 0.8125}"
qwen,FREE_COMPLETE_SINGLE_s1,AB_cross,0.828125,0.07291666666666666,0.0759469696969697,0.34375,0.3125,0.8776041666666666,0.8846153846153847,0.8374999999999999,0.06875,0.9240530303030303,0.078125,0.96875,64,32,832,0.11067708333333333,85,768,0.7911867279225401,19920.768432617188,0.15960049349814653,2.0,[],[],"{""both"": 0.9140625, ""direct"": 0.9609375, ""either"": 0.90625, ""opposes"": 0.84375, ""same"": 0.6796875}"
qwen,FROZEN_V3_INVARIANT_SET_s0,single,0.8984375,0.028645833333333332,0.030634469696969695,0.375,0.375,0.9231770833333334,0.9231770833333334,0.925,0.053125000000000006,0.9693655303030303,0.03125,,,32,768,0.0,0,768,0.0,3836.6320190429688,0.1382823286112398,1.0,"[""single""]","[""INV_SPARSE_CONTINUE_s0""]","{""both"": 0.96875, ""direct"": 0.9609375, ""either"": 0.8671875, ""opposes"": 0.9609375, ""same"": 0.8203125}"
qwen,FROZEN_V3_INVARIANT_SET_s0,noop,,0.03515625,0.041899788734143545,0.3125,0.3125,0.9075520833333334,0.9075520833333334,0.90625,0.09151785714285715,0.9581002112658565,0.015625,,,32,768,0.4479166666666667,344,768,1.0289851437103463,2980.661346435547,0.13835604628548026,1.0,"[""noop""]","[""INV_SPARSE_CONTINUE_s0""]","{""both"": 0.96875, ""direct"": 0.96875, ""either"": 0.8671875, ""opposes"": 0.9140625, ""same"": 0.7578125}"
qwen,FROZEN_V3_INVARIANT_SET_s0,repeat2,0.8984375,0.028645833333333332,0.030634469696969695,0.34375,0.34375,0.9244791666666666,0.9244791666666666,0.928125,0.05,0.9693655303030303,0.03125,,,32,768,0.00390625,3,768,0.02728209173322248,3836.631935119629,0.13828219869174063,2.0,"[""repeat2"", ""single""]","[""INV_SPARSE_CONTINUE_s0""]","{""both"": 0.96875, ""direct"": 0.9609375, ""either"": 0.8671875, ""opposes"": 0.9765625, ""same"": 0.8125}"
qwen,FROZEN_V3_INVARIANT_SET_s0,repeat4,0.9010416666666666,0.028645833333333332,0.030634469696969695,0.375,0.375,0.92578125,0.92578125,0.928125,0.05,0.9693655303030303,0.03125,,,32,768,0.0026041666666666665,2,768,0.03108951081291758,3836.6320877075195,0.1382822145242244,4.0,"[""repeat2"", ""repeat4"", ""single""]","[""INV_SPARSE_CONTINUE_s0""]","{""both"": 0.96875, ""direct"": 0.9609375, ""either"": 0.8671875, ""opposes"": 0.9765625, ""same"": 0.8203125}"
qwen,FROZEN_V3_INVARIANT_SET_s0,repeat8,0.8984375,0.028645833333333332,0.030634469696969695,0.34375,0.34375,0.9244791666666667,0.9244791666666667,0.925,0.05,0.9693655303030303,0.03125,,,32,768,0.00390625,3,768,0.025964157008603994,3836.6323318481445,0.1382822177838534,8.0,"[""repeat2"", ""repeat4"", ""repeat8""]","[""INV_SPARSE_CONTINUE_s0""]","{""both"": 0.96875, ""direct"": 0.9609375, ""either"": 0.8671875, ""opposes"": 0.96875, ""same"": 0.8203125}"
qwen,FROZEN_V3_INVARIANT_SET_s0,restore,,0.03515625,0.04217552402826119,0.3125,0.3125,0.9075520833333334,0.9075520833333334,0.909375,0.09375,0.9578244759717388,0.015625,,,32,768,0.4453125,342,768,1.0277107285424762,2980.6614532470703,0.13835613545961678,2.0,"[""noop"", ""restore""]","[""INV_SPARSE_CONTINUE_s0""]","{""both"": 0.96875, ""direct"": 0.96875, ""either"": 0.875, ""opposes"": 0.9140625, ""same"": 0.75}"
qwen,FROZEN_V3_INVARIANT_SET_s0,restore_after4,,0.03385416666666667,0.040337288734143543,0.3125,0.3125,0.9075520833333334,0.9075520833333334,0.90625,0.09151785714285715,0.9596627112658564,0.015625,,,32,768,0.4453125,342,768,1.0360422762162922,2980.6611938476562,0.13835605839267373,5.0,"[""restore"", ""restore_after4""]","[""INV_SPARSE_CONTINUE_s0""]","{""both"": 0.96875, ""direct"": 0.96875, ""either"": 0.875, ""opposes"": 0.9140625, ""same"": 0.75}"
qwen,FROZEN_V3_INVARIANT_SET_s0,overwrite,0.8958333333333333,0.028645833333333332,0.030634469696969695,0.3125,0.3125,0.921875,0.921875,0.928125,0.053125000000000006,0.9693655303030303,0.03125,,,32,768,0.00390625,3,768,0.02273208188432177,3836.632278442383,0.13828218495473266,3.0,"[""overwrite"", ""repeat2"", ""repeat4"", ""repeat8"", ""single""]","[""INV_SPARSE_CONTINUE_s0""]","{""both"": 0.96875, ""direct"": 0.9609375, ""either"": 0.8671875, ""opposes"": 0.96875, ""same"": 0.8046875}"
qwen,FROZEN_V3_INVARIANT_SET_s0,AB,0.9329427083333333,0.07291666666666666,0.07844065656565657,0.25,0.25,0.9140625,0.9140625,0.890625,0.03645833333333333,0.9215593434343434,0.015625,,,32,768,0.30859375,237,768,0.7279616084081476,6668.791931152344,0.14113233098760247,2.0,"[""AB""]","[""INV_SPARSE_CONTINUE_s0""]","{""both"": 0.9453125, ""direct"": 0.96875, ""either"": 0.7890625, ""opposes"": 0.96875, ""same"": 0.84375}"
qwen,FROZEN_V3_INVARIANT_SET_s0,BA,0.9329427083333333,0.07291666666666666,0.07844065656565657,0.25,0.25,0.9140625,0.9140625,0.890625,0.03645833333333333,0.9215593434343434,0.015625,,,32,768,0.30859375,237,768,0.7279616084081476,6668.791931152344,0.14113233098760247,2.0,"[""AB""]","[""INV_SPARSE_CONTINUE_s0""]","{""both"": 0.9453125, ""direct"": 0.96875, ""either"": 0.7890625, ""opposes"": 0.96875, ""same"": 0.84375}"
qwen,FROZEN_V3_INVARIANT_SET_s0,ABC,0.962890625,0.17447916666666666,0.20228291673604173,0.09375,0.09375,0.8567708333333333,0.8677884615384615,0.8187500000000001,0.14583333333333334,0.7977170832639583,0.0625,1.0,64,32,832,0.4388020833333333,337,768,1.4710576372420068,9808.64096069336,0.1422092793509364,3.0,"[""ABC""]","[""INV_SPARSE_CONTINUE_s0""]","{""both"": 0.921875, ""direct"": 0.984375, ""either"": 0.578125, ""opposes"": 0.9375, ""same"": 0.734375}"
qwen,FROZEN_V3_INVARIANT_SET_s0,CBA,0.962890625,0.17447916666666666,0.20228291673604173,0.09375,0.09375,0.8567708333333333,0.8677884615384615,0.8187500000000001,0.14583333333333334,0.7977170832639583,0.0625,1.0,64,32,832,0.4388020833333333,337,768,1.4710576372420068,9808.64096069336,0.1422092793509364,3.0,"[""ABC""]","[""INV_SPARSE_CONTINUE_s0""]","{""both"": 0.921875, ""direct"": 0.984375, ""either"": 0.578125, ""opposes"": 0.9375, ""same"": 0.734375}"
qwen,FROZEN_V3_INVARIANT_SET_s0,AB_cross,0.8723958333333334,0.06770833333333333,0.0712121212121212,0.3125,0.3125,0.8984375,0.90625,0.909375,0.084375,0.9287878787878788,0.0859375,1.0,64,32,832,0.08984375,69,768,0.7061860110229353,6882.569427490234,0.14220247464254498,2.0,"[""AB_cross""]","[""INV_SPARSE_CONTINUE_s0""]","{""both"": 0.953125, ""direct"": 0.95703125, ""either"": 0.90625, ""opposes"": 0.8359375, ""same"": 0.78125}"
qwen,FROZEN_V3_INVARIANT_SET_s1,single,0.9244791666666667,0.020833333333333332,0.021070075757575756,0.5,0.5,0.9388020833333334,0.9388020833333334,0.94375,0.04687500000000001,0.9789299242424243,0.0234375,,,32,768,0.0,0,768,0.0,4172.707847595215,0.13886170065961778,1.0,"[""single""]","[""INV_SPARSE_CONTINUE_s1""]","{""both"": 0.9453125, ""direct"": 0.9609375, ""either"": 0.9375, ""opposes"": 0.953125, ""same"": 0.875}"
qwen,FROZEN_V3_INVARIANT_SET_s1,noop,,0.029947916666666664,0.037013007954377924,0.375,0.375,0.921875,0.921875,0.921875,0.078125,0.962986992045622,0.03125,,,32,768,0.4596354166666667,353,768,0.9568968446854246,3511.0513305664062,0.1382505635265261,1.0,"[""noop""]","[""INV_SPARSE_CONTINUE_s1""]","{""both"": 0.96875, ""direct"": 0.9609375, ""either"": 0.90625, ""opposes"": 0.9453125, ""same"": 0.7890625}"
qwen,FROZEN_V3_INVARIANT_SET_s1,repeat2,0.921875,0.020833333333333332,0.021070075757575756,0.5,0.5,0.9375,0.9375,0.940625,0.04687500000000001,0.9789299242424243,0.0234375,,,32,768,0.0013020833333333333,1,768,0.02362815943507755,4172.708343505859,0.13886190229095519,2.0,"[""repeat2"", ""single""]","[""INV_SPARSE_CONTINUE_s1""]","{""both"": 0.9453125, ""direct"": 0.9609375, ""either"": 0.9375, ""opposes"": 0.953125, ""same"": 0.8671875}"
qwen,FROZEN_V3_INVARIANT_SET_s1,repeat4,0.9192708333333333,0.020833333333333332,0.021070075757575756,0.5,0.5,0.9361979166666667,0.9361979166666667,0.940625,0.04687500000000001,0.9789299242424243,0.0234375,,,32,768,0.005208333333333333,4,768,0.022983838375624278,4172.7080078125,0.1388620170764625,4.0,"[""repeat2"", ""repeat4"", ""single""]","[""INV_SPARSE_CONTINUE_s1""]","{""both"": 0.9453125, ""direct"": 0.96484375, ""either"": 0.9375, ""opposes"": 0.953125, ""same"": 0.8515625}"
qwen,FROZEN_V3_INVARIANT_SET_s1,repeat8,0.921875,0.018229166666666664,0.018229166666666664,0.53125,0.53125,0.9375,0.9375,0.9437500000000001,0.05,0.9817708333333334,0.015625,,,32,768,0.006510416666666667,5,768,0.026620399185684224,4172.708183288574,0.13886202755384147,8.0,"[""repeat2"", ""repeat4"", ""repeat8"", ""single""]","[""INV_SPARSE_CONTINUE_s1""]","{""both"": 0.9453125, ""direct"": 0.95703125, ""either"": 0.9453125, ""opposes"": 0.953125, ""same"": 0.8671875}"
qwen,FROZEN_V3_INVARIANT_SET_s1,restore,,0.029947916666666664,0.037013007954377924,0.375,0.375,0.921875,0.921875,0.91875,0.07589285714285714,0.962986992045622,0.03125,,,32,768,0.4596354166666667,353,768,0.9600685274191791,3511.0513610839844,0.13825050881132483,2.0,"[""noop"", ""restore""]","[""INV_SPARSE_CONTINUE_s1""]","{""both"": 0.96875, ""direct"": 0.9609375, ""either"": 0.90625, ""opposes"": 0.9453125, ""same"": 0.7890625}"
qwen,FROZEN_V3_INVARIANT_SET_s1,restore_after4,,0.029947916666666664,0.037013007954377924,0.375,0.375,0.9231770833333333,0.9231770833333333,0.925,0.078125,0.962986992045622,0.03125,,,32,768,0.4609375,354,768,0.9562117208090376,3511.0515518188477,0.13825065433047712,5.0,"[""noop"", ""restore"", ""restore_after4""]","[""INV_SPARSE_CONTINUE_s1""]","{""both"": 0.96875, ""direct"": 0.9609375, ""either"": 0.9140625, ""opposes"": 0.9453125, ""same"": 0.7890625}"
qwen,FROZEN_V3_INVARIANT_SET_s1,overwrite,0.9270833333333334,0.020833333333333332,0.021070075757575756,0.5,0.5,0.9388020833333333,0.9388020833333333,0.9468749999999999,0.05,0.9789299242424243,0.015625,,,32,768,0.0026041666666666665,2,768,0.027858638476246218,4172.707794189453,0.13886190438643098,3.0,"[""overwrite"", ""repeat2"", ""single""]","[""INV_SPARSE_CONTINUE_s1""]","{""both"": 0.9453125, ""direct"": 0.9609375, ""either"": 0.9375, ""opposes"": 0.953125, ""same"": 0.875}"
qwen,FROZEN_V3_INVARIANT_SET_s1,AB,0.9322916666666666,0.045572916666666664,0.050707972582972584,0.4375,0.4375,0.9283854166666667,0.9283854166666667,0.9125,0.026041666666666664,0.9492920274170275,0.0390625,,,32,768,0.3072916666666667,236,768,0.6082419167424383,6876.574844360352,0.14100100845098495,2.0,"[""AB""]","[""INV_SPARSE_CONTINUE_s1""]","{""both"": 0.953125, ""direct"": 0.97265625, ""either"": 0.859375, ""opposes"": 0.953125, ""same"": 0.859375}"
qwen,FROZEN_V3_INVARIANT_SET_s1,BA,0.9322916666666666,0.045572916666666664,0.050707972582972584,0.4375,0.4375,0.9283854166666667,0.9283854166666667,0.9125,0.026041666666666664,0.9492920274170275,0.0390625,,,32,768,0.3072916666666667,236,768,0.6082419167424383,6876.574844360352,0.14100100845098495,2.0,"[""AB""]","[""INV_SPARSE_CONTINUE_s1""]","{""both"": 0.953125, ""direct"": 0.97265625, ""either"": 0.859375, ""opposes"": 0.953125, ""same"": 0.859375}"
qwen,FROZEN_V3_INVARIANT_SET_s1,ABC,0.94140625,0.1484375,0.18270869755244756,0.09375,0.09375,0.8697916666666666,0.8774038461538463,0.85,0.16354166666666667,0.8172913024475525,0.09375,0.96875,64,32,832,0.4596354166666667,353,768,1.2585702979051994,9906.847213745117,0.14312345115467906,3.0,"[""ABC""]","[""INV_SPARSE_CONTINUE_s1""]","{""both"": 0.9453125, ""direct"": 0.9375, ""either"": 0.6640625, ""opposes"": 0.9375, ""same"": 0.796875}"
qwen,FROZEN_V3_INVARIANT_SET_s1,CBA,0.94140625,0.1484375,0.18270869755244756,0.09375,0.09375,0.8697916666666666,0.8774038461538463,0.85,0.16354166666666667,0.8172913024475525,0.09375,0.96875,64,32,832,0.4596354166666667,353,768,1.2585702979051994,9906.847213745117,0.14312345115467906,3.0,"[""ABC""]","[""INV_SPARSE_CONTINUE_s1""]","{""both"": 0.9453125, ""direct"": 0.9375, ""either"": 0.6640625, ""opposes"": 0.9375, ""same"": 0.796875}"
qwen,FROZEN_V3_INVARIANT_SET_s1,AB_cross,0.8541666666666666,0.0546875,0.05776515151515151,0.375,0.375,0.89453125,0.9014423076923077,0.9,0.06875,0.9422348484848485,0.03125,0.984375,64,32,832,0.09635416666666667,74,768,0.8110392501639936,7116.971252441406,0.14128340547904372,2.0,"[""AB_cross""]","[""INV_SPARSE_CONTINUE_s1""]","{""both"": 0.9296875, ""direct"": 0.984375, ""either"": 0.859375, ""opposes"": 0.8359375, ""same"": 0.7734375}"
qwen,FROZEN_V3_FREE_OVERWRITE_s0,single,0.90625,0.057291666666666664,0.05956439393939393,0.21875,0.21875,0.91796875,0.91796875,0.9281249999999999,0.059375,0.940435606060606,0.0234375,,,32,768,0.0,0,768,0.0,9090.997131347656,0.14087894279509783,1.0,[],[],"{""both"": 0.9765625, ""direct"": 0.9765625, ""either"": 0.7890625, ""opposes"": 0.9609375, ""same"": 0.828125}"
qwen,FROZEN_V3_FREE_OVERWRITE_s0,noop,,0.046875,0.057669792160155095,0.21875,0.21875,0.90625,0.90625,0.8999999999999999,0.08928571428571427,0.942330207839845,0.046875,,,32,768,0.4986979166666667,383,768,1.314099229025024,6717.177841186523,0.14582333574071527,1.0,[],[],"{""both"": 0.953125, ""direct"": 0.96484375, ""either"": 0.84375, ""opposes"": 0.953125, ""same"": 0.7578125}"
qwen,FROZEN_V3_FREE_OVERWRITE_s0,repeat2,0.9010416666666667,0.0546875,0.056676136363636366,0.15625,0.15625,0.9166666666666667,0.9166666666666667,0.9249999999999999,0.059375,0.9433238636363637,0.0234375,,,32,768,0.016927083333333332,13,768,0.1431354389157289,12883.209167480469,0.14878902677446604,2.0,[],[],"{""both"": 0.96875, ""direct"": 0.97265625, ""either"": 0.8125, ""opposes"": 0.96875, ""same"": 0.8046875}"
qwen,FROZEN_V3_FREE_OVERWRITE_s0,repeat4,0.8723958333333334,0.057291666666666664,0.05980113636363636,0.125,0.125,0.8997395833333333,0.8997395833333333,0.896875,0.06562499999999999,0.9401988636363636,0.015625,,,32,768,0.046875,36,768,0.3530586341508783,19996.978118896484,0.1545013845898211,4.0,[],[],"{""both"": 0.9375, ""direct"": 0.94921875, ""either"": 0.8125, ""opposes"": 0.96875, ""same"": 0.78125}"
qwen,FROZEN_V3_FREE_OVERWRITE_s0,repeat8,0.8463541666666667,0.046875,0.048626893939393935,0.15625,0.15625,0.890625,0.890625,0.884375,0.0625,0.9513731060606061,0.015625,,,32,768,0.07161458333333333,55,768,0.5296202182840055,29900.928771972656,0.16844415850937366,8.0,[],[],"{""both"": 0.9296875, ""direct"": 0.9296875, ""either"": 0.8359375, ""opposes"": 0.96875, ""same"": 0.75}"
qwen,FROZEN_V3_FREE_OVERWRITE_s0,restore,,0.029947916666666664,0.036816603884376714,0.25,0.25,0.9179687500000001,0.9179687500000001,0.91875,0.0825892857142857,0.9631833961156232,0.046875,,,32,768,0.4791666666666667,368,768,1.1211045596976328,7153.582550048828,0.1416897145099938,2.0,[],[],"{""both"": 0.9765625, ""direct"": 0.97265625, ""either"": 0.8984375, ""opposes"": 0.953125, ""same"": 0.734375}"
qwen,FROZEN_V3_FREE_OVERWRITE_s0,restore_after4,,0.018229166666666668,0.022189974225336067,0.28125,0.28125,0.91015625,0.91015625,0.89375,0.078125,0.977810025774664,0.0234375,,,32,768,0.4401041666666667,338,768,1.135285359283374,12439.135864257812,0.14842725545167923,5.0,[],[],"{""both"": 0.9765625, ""direct"": 0.97265625, ""either"": 0.9296875, ""opposes"": 0.953125, ""same"": 0.65625}"
qwen,FROZEN_V3_FREE_OVERWRITE_s0,overwrite,0.8984375,0.06510416666666666,0.0668560606060606,0.25,0.25,0.9088541666666666,0.9088541666666666,0.91875,0.07500000000000001,0.9331439393939394,0.0390625,,,32,768,0.032552083333333336,25,768,0.20424861113674822,12300.909545898438,0.14692054642364383,3.0,[],[],"{""both"": 0.96875, ""direct"": 0.96875, ""either"": 0.796875, ""opposes"": 0.9453125, ""same"": 0.8046875}"
qwen,FROZEN_V3_FREE_OVERWRITE_s0,AB,0.8697916666666666,0.12760416666666666,0.14212436868686867,0.1875,0.1875,0.8580729166666666,0.8580729166666666,0.8625,0.078125,0.8578756313131313,0.03125,,,32,768,0.2916666666666667,224,768,1.2493758722438233,14795.576690673828,0.14532796060666442,2.0,[],[],"{""both"": 0.9140625, ""direct"": 0.9140625, ""either"": 0.6328125, ""opposes"": 0.96875, ""same"": 0.8046875}"
qwen,FROZEN_V3_FREE_OVERWRITE_s0,BA,0.8697916666666666,0.12760416666666666,0.14212436868686867,0.1875,0.1875,0.8580729166666666,0.8580729166666666,0.8625,0.078125,0.8578756313131313,0.03125,,,32,768,0.2916666666666667,224,768,1.2493758722438233,14795.576690673828,0.14532796060666442,2.0,"[""AB""]","[""FROZEN_V3_FREE_OVERWRITE_s0""]","{""both"": 0.9140625, ""direct"": 0.9140625, ""either"": 0.6328125, ""opposes"": 0.96875, ""same"": 0.8046875}"
qwen,FROZEN_V3_FREE_OVERWRITE_s0,ABC,0.9544270833333333,0.20572916666666666,0.24279262404262403,0.1875,0.1875,0.8385416666666667,0.8449519230769231,0.840625,0.19270833333333337,0.757207375957376,0.0546875,0.921875,64,32,832,0.4127604166666667,317,768,1.7846954396104078,21562.116180419922,0.148613094817847,3.0,[],[],"{""both"": 1.0, ""direct"": 0.93359375, ""either"": 0.4453125, ""opposes"": 0.953125, ""same"": 0.765625}"
qwen,FROZEN_V3_FREE_OVERWRITE_s0,CBA,0.9544270833333333,0.20572916666666666,0.24279262404262403,0.1875,0.1875,0.8385416666666667,0.8449519230769231,0.840625,0.19270833333333337,0.757207375957376,0.0546875,0.921875,64,32,832,0.4127604166666667,317,768,1.7846954396104078,21562.116180419922,0.148613094817847,3.0,"[""ABC""]","[""FROZEN_V3_FREE_OVERWRITE_s0""]","{""both"": 1.0, ""direct"": 0.93359375, ""either"": 0.4453125, ""opposes"": 0.953125, ""same"": 0.765625}"
qwen,FROZEN_V3_FREE_OVERWRITE_s0,AB_cross,0.8385416666666666,0.1171875,0.12670454545454546,0.1875,0.1875,0.8567708333333333,0.8653846153846154,0.875,0.11875,0.8732954545454545,0.1171875,0.96875,64,32,832,0.10286458333333333,79,768,0.6719334787576825,15812.72964477539,0.14817949756979942,2.0,[],[],"{""both"": 0.875, ""direct"": 0.9296875, ""either"": 0.7734375, ""opposes"": 0.90625, ""same"": 0.7265625}"
qwen,FROZEN_V3_FREE_OVERWRITE_s1,single,0.8020833333333334,0.05989583333333333,0.06759785353535354,0.1875,0.1875,0.8619791666666666,0.8619791666666666,0.871875,0.09062500000000001,0.9324021464646465,0.109375,,,32,768,0.0,0,768,0.0,12381.705062866211,0.15271042101085186,1.0,[],[],"{""both"": 0.984375, ""direct"": 0.9453125, ""either"": 0.828125, ""opposes"": 0.8671875, ""same"": 0.6015625}"
qwen,FROZEN_V3_FREE_OVERWRITE_s1,noop,,0.026041666666666664,0.03319540013061601,0.1875,0.1875,0.8841145833333333,0.8841145833333333,0.86875,0.10491071428571427,0.9668045998693839,0.0234375,,,32,768,0.3841145833333333,295,768,1.4996954737480737,8072.473419189453,0.14432292082346976,1.0,[],[],"{""both"": 0.9375, ""direct"": 0.97265625, ""either"": 0.8984375, ""opposes"": 0.8984375, ""same"": 0.625}"
qwen,FROZEN_V3_FREE_OVERWRITE_s1,repeat2,0.7942708333333333,0.033854166666666664,0.03721590909090909,0.1875,0.1875,0.8684895833333334,0.8684895833333334,0.871875,0.06875,0.9627840909090909,0.046875,,,32,768,0.032552083333333336,25,768,0.2571322294949604,13704.222305297852,0.15432091150432825,2.0,[],[],"{""both"": 0.984375, ""direct"": 0.953125, ""either"": 0.8125, ""opposes"": 0.9140625, ""same"": 0.59375}"
qwen,FROZEN_V3_FREE_OVERWRITE_s1,repeat4,0.7552083333333333,0.02864583333333333,0.029403409090909088,0.09375,0.09375,0.8515625,0.8515625,0.84375,0.0625,0.9705965909090909,0.03125,,,32,768,0.052083333333333336,40,768,0.4898499186057718,18341.644470214844,0.1671397858299315,4.0,[],[],"{""both"": 0.953125, ""direct"": 0.9453125, ""either"": 0.8046875, ""opposes"": 0.890625, ""same"": 0.5703125}"
qwen,FROZEN_V3_FREE_OVERWRITE_s1,repeat8,0.6640625,0.028645833333333332,0.030381944444444444,0.0,0.0,0.8046875,0.8046875,0.759375,0.065625,0.9696180555555556,0.03125,,,32,768,0.10416666666666667,80,768,1.0532709611050717,24201.814422607422,0.16767846699804068,8.0,[],[],"{""both"": 0.890625, ""direct"": 0.8984375, ""either"": 0.7890625, ""opposes"": 0.8203125, ""same"": 0.53125}"
qwen,FROZEN_V3_FREE_OVERWRITE_s1,restore,,0.04036458333333333,0.04966810414443844,0.1875,0.1875,0.8736979166666667,0.8736979166666667,0.85625,0.1138392857142857,0.9503318958555617,0.03125,,,32,768,0.40234375,309,768,1.4750034320883685,12543.613952636719,0.15533434879034758,2.0,[],[],"{""both"": 0.9453125, ""direct"": 0.9609375, ""either"": 0.8828125, ""opposes"": 0.859375, ""same"": 0.6328125}"
qwen,FROZEN_V3_FREE_OVERWRITE_s1,restore_after4,,0.04296875,0.053178351683576146,0.15625,0.15625,0.8776041666666667,0.8776041666666667,0.85625,0.10714285714285712,0.9468216483164238,0.046875,,,32,768,0.4114583333333333,316,768,1.527000520803835,15616.389892578125,0.15683740144595504,5.0,[],[],"{""both"": 0.9453125, ""direct"": 0.94921875, ""either"": 0.8671875, ""opposes"": 0.8671875, ""same"": 0.6875}"
qwen,FROZEN_V3_FREE_OVERWRITE_s1,overwrite,0.78125,0.10416666666666666,0.11425189393939394,0.21875,0.21875,0.828125,0.828125,0.83125,0.140625,0.885748106060606,0.1796875,,,32,768,0.059895833333333336,46,768,0.4247111549918328,22108.697692871094,0.1684112069196999,3.0,[],[],"{""both"": 0.984375, ""direct"": 0.8828125, ""either"": 0.7890625, ""opposes"": 0.796875, ""same"": 0.6328125}"
qwen,FROZEN_V3_FREE_OVERWRITE_s1,AB,0.896484375,0.10546875,0.1168583152958153,0.15625,0.15625,0.8828125,0.8828125,0.8875,0.08333333333333331,0.8831416847041847,0.109375,,,32,768,0.28125,216,768,0.8644345840740262,21062.377838134766,0.1555040436796844,2.0,[],[],"{""both"": 0.9765625, ""direct"": 0.9375, ""either"": 0.75, ""opposes"": 0.9453125, ""same"": 0.75}"
qwen,FROZEN_V3_FREE_OVERWRITE_s1,BA,0.896484375,0.10546875,0.1168583152958153,0.15625,0.15625,0.8828125,0.8828125,0.8875,0.08333333333333331,0.8831416847041847,0.109375,,,32,768,0.28125,216,768,0.8644345840740262,21062.377838134766,0.1555040436796844,2.0,"[""AB""]","[""FROZEN_V3_FREE_OVERWRITE_s1""]","{""both"": 0.9765625, ""direct"": 0.9375, ""either"": 0.75, ""opposes"": 0.9453125, ""same"": 0.75}"
qwen,FROZEN_V3_FREE_OVERWRITE_s1,ABC,0.9401041666666667,0.166015625,0.19502450674325675,0.125,0.09375,0.8567708333333333,0.8629807692307693,0.8625,0.215625,0.8049754932567432,0.171875,0.9375,64,32,832,0.3984375,306,768,1.3826884518053213,29993.899536132812,0.15828331653028727,3.0,[],[],"{""both"": 0.9765625, ""direct"": 0.92578125, ""either"": 0.640625, ""opposes"": 0.8984375, ""same"": 0.7734375}"
qwen,FROZEN_V3_FREE_OVERWRITE_s1,CBA,0.9401041666666667,0.166015625,0.19502450674325675,0.125,0.09375,0.8567708333333333,0.8629807692307693,0.8625,0.215625,0.8049754932567432,0.171875,0.9375,64,32,832,0.3984375,306,768,1.3826884518053213,29993.899536132812,0.15828331653028727,3.0,"[""ABC""]","[""FROZEN_V3_FREE_OVERWRITE_s1""]","{""both"": 0.9765625, ""direct"": 0.92578125, ""either"": 0.640625, ""opposes"": 0.8984375, ""same"": 0.7734375}"
qwen,FROZEN_V3_FREE_OVERWRITE_s1,AB_cross,0.7604166666666667,0.14583333333333331,0.15754419191919192,0.1875,0.1875,0.8059895833333334,0.8125,0.815625,0.159375,0.8424558080808081,0.1796875,0.890625,64,32,832,0.11067708333333333,85,768,1.024343080248619,21270.938018798828,0.15617281245067716,2.0,[],[],"{""both"": 0.9140625, ""direct"": 0.90234375, ""either"": 0.8046875, ""opposes"": 0.7421875, ""same"": 0.5703125}"
qwen,CANONICAL_CURRENT_s0,single,0.9296875,0.0,0.0,0.5625,0.5625,0.9557291666666667,0.9557291666666667,0.95625,0.021875,1.0,0.015625,,,32,768,0.0,0,768,0.0,3322.156539916992,0.13794256863184273,1.0,"[""single""]","[""INV_COMPLETE_SINGLE_s0""]","{""both"": 0.9921875, ""direct"": 0.96875, ""either"": 0.9453125, ""opposes"": 0.984375, ""same"": 0.875}"
qwen,CANONICAL_CURRENT_s0,noop,,0.024739583333333332,0.030305187266294078,0.46875,0.46875,0.9375,0.9375,0.940625,0.06473214285714285,0.969694812733706,0.0234375,,,32,768,0.4583333333333333,352,768,0.7330207970291017,3049.687843322754,0.139495057053864,1.0,"[""noop""]","[""INV_COMPLETE_SINGLE_s0""]","{""both"": 0.9765625, ""direct"": 0.9609375, ""either"": 0.921875, ""opposes"": 0.9375, ""same"": 0.8671875}"
qwen,CANONICAL_CURRENT_s0,repeat2,0.9296875,0.0,0.0,0.5625,0.5625,0.9557291666666667,0.9557291666666667,0.95625,0.021875,1.0,0.015625,,,32,768,0.0,0,768,0.0,3322.156539916992,0.13794256863184273,1.0,"[""single""]","[""INV_COMPLETE_SINGLE_s0""]","{""both"": 0.9921875, ""direct"": 0.96875, ""either"": 0.9453125, ""opposes"": 0.984375, ""same"": 0.875}"
qwen,CANONICAL_CURRENT_s0,repeat4,0.9296875,0.0,0.0,0.5625,0.5625,0.9557291666666667,0.9557291666666667,0.95625,0.021875,1.0,0.015625,,,32,768,0.0,0,768,0.0,3322.156539916992,0.13794256863184273,1.0,"[""single""]","[""INV_COMPLETE_SINGLE_s0""]","{""both"": 0.9921875, ""direct"": 0.96875, ""either"": 0.9453125, ""opposes"": 0.984375, ""same"": 0.875}"
qwen,CANONICAL_CURRENT_s0,repeat8,0.9296875,0.0,0.0,0.5625,0.5625,0.9557291666666667,0.9557291666666667,0.95625,0.021875,1.0,0.015625,,,32,768,0.0,0,768,0.0,3322.156539916992,0.13794256863184273,1.0,"[""single""]","[""INV_COMPLETE_SINGLE_s0""]","{""both"": 0.9921875, ""direct"": 0.96875, ""either"": 0.9453125, ""opposes"": 0.984375, ""same"": 0.875}"
qwen,CANONICAL_CURRENT_s0,restore,,0.024739583333333332,0.030305187266294078,0.46875,0.46875,0.9375,0.9375,0.940625,0.06473214285714285,0.969694812733706,0.0234375,,,32,768,0.4583333333333333,352,768,0.7330207970291017,3049.687843322754,0.139495057053864,1.0,"[""noop""]","[""INV_COMPLETE_SINGLE_s0""]","{""both"": 0.9765625, ""direct"": 0.9609375, ""either"": 0.921875, ""opposes"": 0.9375, ""same"": 0.8671875}"
qwen,CANONICAL_CURRENT_s0,restore_after4,,0.024739583333333332,0.030305187266294078,0.46875,0.46875,0.9375,0.9375,0.940625,0.06473214285714285,0.969694812733706,0.0234375,,,32,768,0.4583333333333333,352,768,0.7330207970291017,3049.687843322754,0.139495057053864,1.0,"[""noop""]","[""INV_COMPLETE_SINGLE_s0""]","{""both"": 0.9765625, ""direct"": 0.9609375, ""either"": 0.921875, ""opposes"": 0.9375, ""same"": 0.8671875}"
qwen,CANONICAL_CURRENT_s0,overwrite,0.9296875,0.0,0.0,0.5625,0.5625,0.9557291666666667,0.9557291666666667,0.95625,0.021875,1.0,0.015625,,,32,768,0.0,0,768,0.0,3322.156539916992,0.13794256863184273,1.0,"[""single""]","[""INV_COMPLETE_SINGLE_s0""]","{""both"": 0.9921875, ""direct"": 0.96875, ""either"": 0.9453125, ""opposes"": 0.984375, ""same"": 0.875}"
qwen,CANONICAL_CURRENT_s0,AB,0.91015625,0.00390625,0.004464285714285714,0.59375,0.59375,0.9375,0.9375,0.94375,0.026041666666666664,0.9955357142857143,0.0234375,,,32,768,0.3411458333333333,262,768,0.6422291473653202,6026.575546264648,0.14096159394830465,2.0,"[""AB""]","[""INV_COMPLETE_SINGLE_s0""]","{""both"": 0.984375, ""direct"": 0.93359375, ""either"": 0.921875, ""opposes"": 0.96875, ""same"": 0.8828125}"
qwen,CANONICAL_CURRENT_s0,BA,0.91015625,0.00390625,0.004464285714285714,0.59375,0.59375,0.9375,0.9375,0.94375,0.026041666666666664,0.9955357142857143,0.0234375,,,32,768,0.3411458333333333,262,768,0.6422291473653202,6026.575546264648,0.14096159394830465,2.0,"[""AB""]","[""INV_COMPLETE_SINGLE_s0""]","{""both"": 0.984375, ""direct"": 0.93359375, ""either"": 0.921875, ""opposes"": 0.96875, ""same"": 0.8828125}"
qwen,CANONICAL_CURRENT_s0,ABC,0.91796875,0.044921875,0.05401109307359307,0.375,0.375,0.9153645833333333,0.9110576923076923,0.8999999999999999,0.07604166666666667,0.9459889069264069,0.0234375,0.859375,64,32,832,0.4283854166666667,329,768,1.0765304941431182,8893.06918334961,0.14287786977365613,3.0,"[""ABC""]","[""INV_COMPLETE_SINGLE_s0""]","{""both"": 0.9296875, ""direct"": 0.94140625, ""either"": 0.90625, ""opposes"": 0.953125, ""same"": 0.8203125}"
qwen,CANONICAL_CURRENT_s0,CBA,0.91796875,0.044921875,0.05401109307359307,0.375,0.375,0.9153645833333333,0.9110576923076923,0.8999999999999999,0.07604166666666667,0.9459889069264069,0.0234375,0.859375,64,32,832,0.4283854166666667,329,768,1.0765304941431182,8893.06918334961,0.14287786977365613,3.0,"[""ABC""]","[""INV_COMPLETE_SINGLE_s0""]","{""both"": 0.9296875, ""direct"": 0.94140625, ""either"": 0.90625, ""opposes"": 0.953125, ""same"": 0.8203125}"
qwen,CANONICAL_CURRENT_s0,AB_cross,0.8828125,0.020833333333333332,0.022821969696969698,0.46875,0.375,0.9283854166666667,0.921875,0.9125,0.021875,0.9771780303030303,0.046875,0.84375,64,32,832,0.06380208333333333,49,768,0.6488567594814714,6149.527313232422,0.14175197761505842,2.0,"[""AB_cross""]","[""INV_COMPLETE_SINGLE_s0""]","{""both"": 0.9609375, ""direct"": 0.97265625, ""either"": 0.90625, ""opposes"": 0.9609375, ""same"": 0.796875}"
qwen,CANONICAL_CURRENT_s1,single,0.9322916666666666,0.010416666666666666,0.010416666666666666,0.5625,0.5625,0.9544270833333333,0.9544270833333333,0.953125,0.028125,0.9895833333333333,0.0234375,,,32,768,0.0,0,768,0.0,2977.025276184082,0.1370864729396999,1.0,"[""single""]","[""INV_COMPLETE_SINGLE_s1""]","{""both"": 0.9921875, ""direct"": 0.97265625, ""either"": 0.9375, ""opposes"": 0.9765625, ""same"": 0.875}"
qwen,CANONICAL_CURRENT_s1,noop,,0.029947916666666668,0.03653338204300859,0.34375,0.34375,0.9309895833333333,0.9309895833333333,0.9375,0.07366071428571429,0.9634666179569914,0.0859375,,,32,768,0.4713541666666667,362,768,0.8210451515786366,3178.7734451293945,0.13629079912789166,1.0,"[""noop""]","[""INV_COMPLETE_SINGLE_s1""]","{""both"": 0.96875, ""direct"": 0.9375, ""either"": 0.9140625, ""opposes"": 0.96875, ""same"": 0.859375}"
qwen,CANONICAL_CURRENT_s1,repeat2,0.9322916666666666,0.010416666666666666,0.010416666666666666,0.5625,0.5625,0.9544270833333333,0.9544270833333333,0.953125,0.028125,0.9895833333333333,0.0234375,,,32,768,0.0,0,768,0.0,2977.025276184082,0.1370864729396999,1.0,"[""single""]","[""INV_COMPLETE_SINGLE_s1""]","{""both"": 0.9921875, ""direct"": 0.97265625, ""either"": 0.9375, ""opposes"": 0.9765625, ""same"": 0.875}"
qwen,CANONICAL_CURRENT_s1,repeat4,0.9322916666666666,0.010416666666666666,0.010416666666666666,0.5625,0.5625,0.9544270833333333,0.9544270833333333,0.953125,0.028125,0.9895833333333333,0.0234375,,,32,768,0.0,0,768,0.0,2977.025276184082,0.1370864729396999,1.0,"[""single""]","[""INV_COMPLETE_SINGLE_s1""]","{""both"": 0.9921875, ""direct"": 0.97265625, ""either"": 0.9375, ""opposes"": 0.9765625, ""same"": 0.875}"
qwen,CANONICAL_CURRENT_s1,repeat8,0.9322916666666666,0.010416666666666666,0.010416666666666666,0.5625,0.5625,0.9544270833333333,0.9544270833333333,0.953125,0.028125,0.9895833333333333,0.0234375,,,32,768,0.0,0,768,0.0,2977.025276184082,0.1370864729396999,1.0,"[""single""]","[""INV_COMPLETE_SINGLE_s1""]","{""both"": 0.9921875, ""direct"": 0.97265625, ""either"": 0.9375, ""opposes"": 0.9765625, ""same"": 0.875}"
qwen,CANONICAL_CURRENT_s1,restore,,0.029947916666666668,0.03653338204300859,0.34375,0.34375,0.9309895833333333,0.9309895833333333,0.9375,0.07366071428571429,0.9634666179569914,0.0859375,,,32,768,0.4713541666666667,362,768,0.8210451515786366,3178.7734451293945,0.13629079912789166,1.0,"[""noop""]","[""INV_COMPLETE_SINGLE_s1""]","{""both"": 0.96875, ""direct"": 0.9375, ""either"": 0.9140625, ""opposes"": 0.96875, ""same"": 0.859375}"
qwen,CANONICAL_CURRENT_s1,restore_after4,,0.029947916666666668,0.03653338204300859,0.34375,0.34375,0.9309895833333333,0.9309895833333333,0.9375,0.07366071428571429,0.9634666179569914,0.0859375,,,32,768,0.4713541666666667,362,768,0.8210451515786366,3178.7734451293945,0.13629079912789166,1.0,"[""noop""]","[""INV_COMPLETE_SINGLE_s1""]","{""both"": 0.96875, ""direct"": 0.9375, ""either"": 0.9140625, ""opposes"": 0.96875, ""same"": 0.859375}"
qwen,CANONICAL_CURRENT_s1,overwrite,0.9322916666666666,0.010416666666666666,0.010416666666666666,0.5625,0.5625,0.9544270833333333,0.9544270833333333,0.953125,0.028125,0.9895833333333333,0.0234375,,,32,768,0.0,0,768,0.0,2977.025276184082,0.1370864729396999,1.0,"[""single""]","[""INV_COMPLETE_SINGLE_s1""]","{""both"": 0.9921875, ""direct"": 0.97265625, ""either"": 0.9375, ""opposes"": 0.9765625, ""same"": 0.875}"
qwen,CANONICAL_CURRENT_s1,AB,0.9348958333333334,0.022135416666666664,0.02506313131313131,0.5625,0.5625,0.9453125,0.9453125,0.940625,0.026041666666666664,0.9749368686868687,0.03125,,,32,768,0.3268229166666667,251,768,0.4407192440323624,5659.911148071289,0.14285097271203995,2.0,"[""AB""]","[""INV_COMPLETE_SINGLE_s1""]","{""both"": 0.984375, ""direct"": 0.96484375, ""either"": 0.9609375, ""opposes"": 0.9609375, ""same"": 0.8359375}"
qwen,CANONICAL_CURRENT_s1,BA,0.9348958333333334,0.022135416666666664,0.02506313131313131,0.5625,0.5625,0.9453125,0.9453125,0.940625,0.026041666666666664,0.9749368686868687,0.03125,,,32,768,0.3268229166666667,251,768,0.4407192440323624,5659.911148071289,0.14285097271203995,2.0,"[""AB""]","[""INV_COMPLETE_SINGLE_s1""]","{""both"": 0.984375, ""direct"": 0.96484375, ""either"": 0.9609375, ""opposes"": 0.9609375, ""same"": 0.8359375}"
qwen,CANONICAL_CURRENT_s1,ABC,0.9596354166666667,0.05468749999999999,0.06048690892440893,0.46875,0.46875,0.9361979166666666,0.936298076923077,0.9125,0.053125000000000006,0.9395130910755911,0.0546875,0.9375,64,32,832,0.4505208333333333,346,768,0.8562089090829552,8707.627319335938,0.14633755572140217,3.0,"[""ABC""]","[""INV_COMPLETE_SINGLE_s1""]","{""both"": 1.0, ""direct"": 0.96484375, ""either"": 0.890625, ""opposes"": 0.9765625, ""same"": 0.8203125}"
qwen,CANONICAL_CURRENT_s1,CBA,0.9596354166666667,0.05468749999999999,0.06048690892440893,0.46875,0.46875,0.9361979166666666,0.936298076923077,0.9125,0.053125000000000006,0.9395130910755911,0.0546875,0.9375,64,32,832,0.4505208333333333,346,768,0.8562089090829552,8707.627319335938,0.14633755572140217,3.0,"[""ABC""]","[""INV_COMPLETE_SINGLE_s1""]","{""both"": 1.0, ""direct"": 0.96484375, ""either"": 0.890625, ""opposes"": 0.9765625, ""same"": 0.8203125}"
qwen,CANONICAL_CURRENT_s1,AB_cross,0.90625,0.05989583333333333,0.0621685606060606,0.40625,0.40625,0.9231770833333334,0.9266826923076923,0.9249999999999999,0.05625,0.9378314393939394,0.0625,0.96875,64,32,832,0.0703125,54,768,0.6255517400394631,5862.02180480957,0.14128689118660986,2.0,"[""AB_cross""]","[""INV_COMPLETE_SINGLE_s1""]","{""both"": 0.9375, ""direct"": 0.984375, ""either"": 0.90625, ""opposes"": 0.90625, ""same"": 0.8203125}"
