item_id,situation_id
007d79e0a6ca44dc53a0ccf0,ddbadfb62c86dfea475c
00c57c7398f96da73a74f693,6395482a34b514de544c
00d893812a2bd83f114da25c,b9fe6dc34d102ef3c290
00e54b26b5f800ff40fd240d,e3dc2f9da2e8c871ab37
00ed89cc954854de1fcd85ea,4250584166b79a6cf574
00ef8c555ad0e4577e72af66,907b144faf82441b703c
012d0f56dec9439ab54592a7,d4a82ca0913393e66518
01704d210714a7b103c09f11,5a46825cbb2109b18de9
017b73e33e16497146a1b463,46cc6045984a91100e8d
018feb39b83ccc6153d85b9f,6359acfe13ead3d9c630
019b6bbdb6d721fcfe681da8,8eef166ebfd23f81a522
01b6213b76d191045110a5d3,52963f6072a17ee6995f
01e37570c7ba248af62ea636,b793380cfc9109ad4fcd
0201179c2648a120fd94b368,2cbfcfbc267814fb57aa
021a607dd626beaef3a74fa4,478495169987e64993a8
022c83a2af9a5597d0108941,3d3fe013e94ce1566fed
02314a35f8e706bb138816fb,eb382b106aef8eafa197
025756ea43f17298ed16bd95,7fee2ada60ed097d7dd0
026e685c200366561cf3be09,7c78031725123c3797ec
0279f52b7682c59a93f9bc44,2597d9bd26b89217e761
0294f0ec1f223e790afaf46d,3edbad05badddb87bf32
02cd4a7ce1b4bf16af98a918,fc6da3b5c1701cc82cb2
02e86060d1453dbc0e82b1f9,8744d3216a93e386695f
03047b60123b45a82cda972e,351a0d70be11b7c100b8
030d75f095d09ee77b72d3c8,d3cf75c0eb526881c1ba
032127ff0d09e6fc8c2199c1,86533970686a26d8204c
0328d575e77b9bac058267d6,4e75ce3b4431b29ef302
03635588f75557c87033a77f,91bf33814ec9630f9743
037dfe5c02a24757bfa8a695,dc11d5d7e1551ec45b25
03aae683ebcd2d6fe5cc0735,3b124cd9ca378e4ae5f1
03b33aa522ebc19026502858,7b78cd3b64cae0ae3489
03bec42344b5137969f89579,ce8b429ab2ea6f89fb32
03e221b5c66e54d70d23acf8,044191498f7d5aebcecb
03e93b9688297f842f16d15f,70c6c4a9b329ebc3ee9f
0405d8430befcf2b05a36095,70fcd16bb2f872794211
044d214473f684d8ef73879d,893880e587d6ad005e4a
046c57cc52ffa52e21b5225f,f9cf84abc3e560eae69c
046d4b1de37f83046459dc9a,1da456552b94744624b0
047a521fcfd167676406d147,ee039deb8c244a401a41
04b2d16288224c31ef921563,84d70e4cca8cc5345651
04c96cfb1e00c909d1731017,b6570feacb8317ce42cc
04e6f4f3a01498613203a3a6,6325dec6a45062efb9fb
04f3f142c70444bfc8513602,fee950e1fa614dcdd115
04fa70e6ecde2d39c8f53044,9663e99e7754ec70a5d9
0513907c3f658d56913e6222,4e4b6056beab77491770
0538c54f5bfc01bd1380d721,cb197a1d5965b802f336
054d2efec59774f4a40d3e1e,5b0f95be0740de41efee
054db6275b8ccb81a3d11c3a,8cad9200935427b41a33
057b0963d2a3bf8cc13e03d9,2d65a357486c81c0fa9e
05a234670d5877e4138decff,cd009cc9690606917b0d
05b5bb6d6dd8d15328ad2f7d,484d9d71cce4b093d80b
05c3f7afc5362f39fc67223d,f3dbb46c47950335ad0c
05ebbb1a3d10fab44cfb7ce7,ddeac2bf853f62ba78ba
0632a0d6f7f69c8850f5e45c,7c6937aa36a9d311bf24
064f95687f0d24b8a99ac63e,7b266a3aa1867cf4e842
067db438546bb2f087484c29,c458d867665cd69aff1f
068d9c3cceb918ac2e4f5ff9,122fc32ca7f0d975930f
06af7385a410c0b0221ada53,13863fff8dd41a810880
06eca3b6e017207e675a19a5,9f9bbeda315f6fcee34b
071b86071034740b872b36ec,a4f2551651f93a0795fa
072048f336ceb08fabca4234,455cbfe414f84b0c7f6d
072280f721e6da2442a7ef1a,6027f2aaa1925119707a
072bc9b8dfad1168615e8360,837e38d64aba8be2df1c
07b7bd259b72e08da9380384,293d135130f8a1399a00
07c19ffc85b0dc15d173a053,1ebee3966a5487680854
07c9aa4ea723921c40030092,e39e8d1bfbeec3d4e7ba
07f0259e5b2a574570adfe60,4aacc7d4f2eae02a6c67
080bb0cc34f0e5a0d84b2cb3,88fe62a5e36a7371f7a1
08147454182b34fd664ba0ee,54a04d628b32067b05ce
08383a103e7450a35e0ad5d3,2d5b302ec1f4854d3bde
084a9e745cdc6faa59c3a510,a52315f3e884bf1a38b8
0862a41c57f1f629a2b2d103,4b11d93346cc66f60463
087452cc63cadaec41232376,a4b54946e41032ef42eb
08805f160e79b015adfdeac7,b45d4ec8a9329ffdb840
08cc2cccd13211a98f672d0b,4a523e417e9af760ced5
08e5a311f513c1218dabd376,5b2cc4f2507c19f99575
092802a0f537f0c30c855738,51969ff49c9611cabe2a
092aefd5cf7c04f62a1a19ee,2de51d38a91de4b88edb
09496d8310a3a351a4e31feb,7dce18445aaa247116e0
09650c49e659ff587def855d,1d07ceb96669b0b29631
096d1d1be605c954aadbb1cd,3b0affa8b3a7f0b26234
0982e7bd5337799679afa97c,cad853f20bd3c8e372bf
09d3ad5f6efc2d337dca5fdd,0e4ad2b53aa5d625390b
09dde05d10f549916aa43af8,10bc9a2525863e99b273
09eb6112c4a92cb6a3aa990c,586e0cddd39cfd8c542b
0a4367e81b2d9a62463e7cef,d0c068fa81e7149b9794
0a55af8f2bff32686727932a,d851fda12143eb2e69b6
0a7154cbbd074db2f9f172a9,576cbdb75d0474e81c40
0a98065f6bcc429e119cebf0,fa21e7e4fa9dd92c9e39
0ab2199b0af0b41c35c8b156,70b0361e1c572f95a232
0ac948fdefe250d255188a7e,4b2f4571ad95264895fa
0ac9c726ae7dc2c62fc26d3e,5822e8c3e2affe64fa20
0aedd1fe69c9caea4b533482,b89400730d58a84f689e
0b1bf98563f4bc2d8a64503f,555d2a69b3174a67fe5c
0b2e5a3f045bd8a380d00d46,5d411ba7997a17fa1005
0b3e7fff396bcbb840b5aa67,5c66d807254f3535ba4f
0b40290b1fa5c9cddd84b7b9,7f8b604b271a9ee4014b
0b63dff0b528b49cbf7d9fd7,f9d3c3cc88d1f935dc7d
0b6d2843499bdfac5c1b0ed4,a1188104df22c2e618b6
0b8a77684a013cd94ed523a4,a1f60722a70a241f5a37
0bb099ce46a028442df62ab0,e77336f670641d9cc265
0bb41db5d923904ee72967c7,cf5e0c179b2352326558
0bc9908848ad2a77ed282f47,663249709699694ba4d5
0be22d796bba66fd89d4316e,50fefbd33dda802f324e
0c0666d0fd214487bfe0bd40,944b1453571a49934e9b
0c0cb39b5af2770f423537b5,423add181c549f5e93ef
0c2a3e2f3de9e72454ffbfe3,509bf0a6a0952ff2a9f5
0c46e559d41f74a7dfdba504,e80305de4e8e730a4d0c
0c501b85eb61aef948f2d8de,6c15855988095c8854a8
0c511bb0d7154e562ebbdb24,747be12734568e079e10
0c542dc322ea57836c6c8566,7bf562ab0fd303b7e134
0ca9ef6a67c14299c59e0d1e,12a3fb025f59e93ab23d
0cac59618ea2d2a53f8412a2,951622481e4122474a2a
0ce16ad6a47f9b8783f96241,d4a82ca0913393e66518
0cfb029b44381c95415a3cb0,c7c23fad1d007c3a6db7
0d135fefb95e4a7ff7660011,f7989c2e344681c125aa
0d19948433157b93338c79aa,1144331c22570250abe3
0d36119b488b8eb2a1f0f10c,da4555fa6efaaadd7d3a
0d7fd078f71637fcae58d3f9,ebdd4aae184ac99115a9
0d7fdee20ea50278d30cb39c,2417bed757ad7d94c52a
0d84b3b60e51ceb020bfdb69,22b407f155f511b604e0
0d865616798c9838242997db,ada5708fd44867c114cd
0da6de43a9b756878eba43d8,96499f77c237b09f0332
0dc470159d0a5f9392f6d2f9,afcbffd9a1b92c72371e
0dcb637e9e6e2428c36e5db3,e958dcd4b6e32b136108
0de54b7ce2147bc6e54e5ad9,c0be0ecedf0f497ddece
0dec92aa0eb7978fff4ab197,76624fd2e96c6b8d1661
0e381b599338425e17d997ba,9fc9d0a3412992b0d75c
0e38c2afff1a1f2164de68f2,057354d778a5147ecbea
0e40bbf7bb3e77489abe9581,5da0c00337dc154de848
0e4e716949c3f2e8a264846d,86fa202e670476502aea
0e5125c879116ce1cda03302,6b170fb976b1489a3bfd
0e535e058c286b07b9dfd2b4,f6b899378a1575c0e00a
0e7818e9d776736dc2dfe232,5f0614e3a7c165999b59
0e7d75a0c59ba949f98233b3,eb8cd2c60c2fdfd6259c
0e9e12ab5462842e31e920b4,93f35e914eb0c661c8e3
0ebd47555a2e65ee2baf2f68,d0ae013103d9a60d279d
0ecbd9d3b3faa42f1ba4e814,bd28286c1265053bf741
0edc28128ad5fdc388bd100c,835392de843ae0f97539
0eeeb24738f837dc7e2638ab,98b3f9625ab33b58a20c
0f2a3ba5e1ed2e052e696a01,f79deb28bbf08b015c0c
0f99a6b836cc43a7549f5c37,b7a384aa865268cf00ea
0fc463431f774165aa19ae87,00a363fa018d5e3f82ed
0fe4e5d40bbd9d237cdcc2c3,8d067d479de2745a2e47
0fe7baddbcd23b7da3d42a89,539313195110cfd689a1
0ff1462ea71c30cdda641a04,fc41b3d03cc499b4d171
101d9b3ae7ed069cafbd6194,02ac1cae7303ac2440e2
107b6b60903a097d35bf76fb,d31c4d376f4873f6b05d
10b8eccd17dd5e832e7d38e2,3d3d4ec8424866f8cefb
1127bc4df34762debf6941d8,608ba31e6fc3fbbc888d
11492360fe3d176184ca7294,dca8d0c01b3d9ac875e7
114fcc567f5f416a5556aa69,6450e35a545b489c49d2
115fec1979305e27905eb3be,ef8431ba964f63b65b16
116f5a9c4c80fc7e092881d1,e1eb5fa783e745425767
1177632fdb026f81818480af,43cf5e93d12bf8906bf5
11af663d40a517d21235b716,2b2288e187a1e9290c54
11ba2b6433c7566da8fad3b4,520375633c609c6b5604
11c9889dd4f9bc279f2208d9,30f7098808dfc6cba823
11e68c8c9b329ddc4d93e239,9ac1c63fa3342d5f6d01
1217512be695b8b1d5e37557,9e64166e86c5f962e755
124a4e56fc1d7fc433af98bc,59d44ffd56023710da50
124bfac5da06abeb26ec4da6,e79a7e4e4d36368cb82c
129c06d0cfa9e14daa4261e9,7dd51debff5f261b312b
12af19e1620edd9d305f8e1c,0cf5dbd466e95b3b3bac
12ce0a1cccf09033c8a77bc9,1320d6e7fab51f195af9
12f1ed5a1df9fd4f35361c40,bffe3e23a4a9987af581
13118800ba511e3428e6a661,d0da2a7784da87a77506
13187254b50c0c4b2c04f199,9cae319cd98982199e49
13579cb8ee1de1bf9e18e9f9,dc9e49040204d995e0da
1386b089b828fd8646e21684,832fb0d6188cc833c940
139d1ccd9fb03c399823187b,6a13fef28ada39a4886c
13e4a441973a044797057d5d,797a3dcc1f1dd6e99771
1405418214c16e0c24bcdfa1,5eaf4365372dbdb24fb2
1426e2cb6f870bd636b2d37d,5ab81846bf3721aadca1
143c93596d7166444811bd32,7fb41de78a7d80d5dafe
1450f078ad99f24e2205ab8a,7635c98930418781cbdb
1485500321db1428e9c328bc,e706f51ffcb967686f7a
14dc77446d233bb50cec3e35,9996e2e56e06b039bbed
1518fd53eb7297136c875b46,e34cb71e24f331222203
152220a3274222e2046cbfa3,bdfb6c0274337ad7055a
155d19580f7815d308cfed1f,69d8ff1faab7dc13e7b0
15812d5f0da9395ccb788621,d93a148aa9b1dfe6fe26
1586ca2520c1054dcb05efab,cb8b1b5d08671e215c33
159358b847ba17b316b63905,b92184cbd93b6f8c826f
15fb41f75a8f7587cf4629ce,8c9b8bd33fb9f84c873d
1618e6aa37ff7b39d6cfbae6,4795e6d4a60be966a1a1
16248e3e85de9172123608de,24ac5a6d2cd2455f86be
164efad45048075eeb4c59c7,748f524f35b9feee39fa
1656c214e970297687d5faea,19ea268adfcbf50be12b
165a33b3f865ceeea3064555,788e76b2b68b194f6dc7
16a525e8308ab1ee1deec0a1,8492f853cd7ee3bb29fd
16a8810bc085249e3960084d,31a919133135a72ee08b
16bd37b5cbfaeb6c25aaf2dd,7bfb31cbd829a7b0eca0
16f142635eb4d45999d00663,4a1d13cfe4ad6ae45743
16f701e5d4a12592270fea27,a5d8a72c5240ca00f8a9
17031fbe91390edc3e4528ae,c942727b2be374940aa4
173828cfb7e1102c876324b8,f93e8ef287c7d7fff167
1748cb29302a66c5dcced0e0,3a3ca293188bf6c2bd3b
175b6ae678d8d84d5428e94c,e73e5d39df1b3a1d4899
175c264f7d89a76e8913c585,a358483b83928dfeec14
177e2b62c35a0b820da0a0c9,9d55a4b9d45af61b1cb4
1794704ec74bd48aae033a71,22b67802b2c05cb180f2
179d4e1c41242f6749358c08,1bcac0a9e931ea908091
17c004818dd731fab77914e7,92ec03b5f0d6e7054cdb
17ead83d68c05750952b6dd6,d260d52bdbba9aae3819
17f48d65c5dca880822fc0da,055ad7914b14deaaff2a
1883c267a403b81842edbd21,c94c29f6e96a3ff8bd55
18a812e446efce01082d9b7f,448666484ec0e3cc0ba5
18c0a8202ffac64431381ba0,2e3db06b2675e79fbccc
18cd47e328da23a6addcebe2,4d44202fbe9d48f7f7c9
18ebabf22476655c4f78651b,b4bd8cdc2faed4383051
190408a0c0562d2f25683d41,7a4a86f658ddbda316ee
1937900132c40d83d7752401,f6e27e263cc03652cceb
193cb80b172331f2f0ac361d,6731b5cdd35e0fa994c6
197fdd058ee14175dccc723a,9f89eea206db24aa1063
198cc4377aac33cb34c178e2,205d5cd72b8a434bafed
198dc422693e62bef4df7807,9943f96b6f3499117e48
1998348af9de67a625267af8,bf8776a63b2e6d4459dc
19b1115f83bd7ca0b1f65d5f,4d778c900b965cd2176e
19f24f0a08f8fb9facf06a4f,8b2ba960ca2099aad23b
19fb6d58df69f0b17c2bdf97,272601784ee8d29799be
1a043982426f67a4c635094f,c1c07bc08fba62bd412b
1a1b7eb059483817d7223adf,0e47b72f66204c2d3e1d
1a421e387c8f6af027288937,3a75c0b1eb3f0f32ab51
1a479c2f221ba49456368f21,35add024a068b1a9761e
1a58eb1953d87476a7c73f89,f8db3834baeea6e58bf4
1a73c1b549ad6eea511a7edf,974a99704ec3f46b273d
1a96537dee0c59cb1e387175,1e63168a51bf08961d8f
1b19b65da3eef5a3f3c4c29f,54d54650e3053053e599
1b2f5f3fa7574f813069135c,ea96c950320de05448e8
1b313ab5444c22a7fa78f193,4e0f7c92d412e7668ffc
1b50f9eef3d27f02829df9af,738b4e876538baa9c33a
1b55ce0bea34357dfdb697ab,6c2d5190645229ce59db
1b5a265bf0f541473a33a78d,f0856438cfa88461514c
1b5bdb5e44ab9342abaaec34,5797f525d41ff92f4899
1b79353c143fdddb8ae4ac9e,837e38d64aba8be2df1c
1bf16f63246871a0e36bf384,1a1610e183ecf7305470
1c01f9f498af6e284c69df74,7e35780ae03349c7186a
1c0993741cef47fa6e030c24,b0c2459b87671bdf38e7
1c22591eb3bd40c9223a0d6b,d98911b35062d420ddef
1c247a13f2ce60c3dcaf7684,2ef27fa4848bafc921a8
1c2a4586b5e98c51e0894db9,f7f4e7b8c46f5aa9acf1
1c3f7e4ae1f0772e7c8c4beb,527e050daee1b927380f
1c606d8b12baaa7d019d9088,9071d91f08ddea408a65
1cb388b18b72779175e0727d,0c5553b6df12b8fd0687
1ccf8e4df0901b18cf73900a,d02b1fa981410b3af1ad
1ce53c92b5b9a6c667b93e40,029945bf09d2dc8a01d7
1d4087d5880cab6b85073802,74960f84a85e08494cd6
1d6d9ae7a615046fd6296e57,f81011c0f2e943b9c6f5
1d79ddd94df329130d1d8942,8756451bb3195f91225c
1dda8daeb6736c6a73836254,2fa0e4b075e56875a1f5
1ddad057c45588beb9f6b28e,a40dd2691a9eaa4e0a6d
1de120baf43454f9b7ef9993,2e4987302ea7754ff2b3
1df3c51156e84cfadb0f1058,b5a09e0aa94ee922207a
1e1b69c6bb1d8ae0a0352111,775c7dfdaf34a2d0d108
1e2bf37e1d5886bc244c0c83,0b4b6aa2c80a5ef8dfd3
1e51448601eba04f5a191685,42ccb8d32b8143331b71
1eb8f87b0514a74887fbc347,48e41b92c6ad2ea273a8
1f092e2bbfcbcc01947456e7,449d40efe74cab8c0cbc
1f3375f6c14b2b44b133ac9b,eb9761d6fd5ddadc4486
1f61d3068901d8ffecb5960d,18c5712be59fdf05cc0a
1f9d82037246cf42631095e3,8008d1f91fd5f958a440
1f9e9ff18de629012e6fe87b,78bf7e0c0d3c4cb4a9dd
1fb20d560349cc532a359212,660c66b0504677999182
20028e3cb0fe5619e9caff14,355d0d405c1da1ded78b
201e297b3c33ca1bfa3999a6,6a43292d21c190ee5a38
203131ce6886ee479462cf20,2781a4e762c137d8ccf7
2042bb2cae4cac8adc6037e1,f850e0a5d322548c8ed3
207c636a574aa68e8ff30493,3f52cce61e5bd930d6d1
209afdb9cc21fc15d274bdea,0fd5460db328b2af4ae3
20b976dc8377245b208d900f,f8074f322af9fe05d484
20d8bf38557349d599838fae,ef192825042dd79fa1c9
20d8e433b0b3b79fb8f2d6d0,797a3dcc1f1dd6e99771
20d97ad24d4ab3052a95d181,70c020c13effa8243dc0
20e1aab7305edc8d5083e87d,d2252573db1af31fb1a4
20fc78b2ed400a4ec31030c8,712cd28818f55c9d769c
210a53d2959f765afe6f8fa7,3a48ea0c99a14b5e23ae
2116f407dcee502cf604bcde,8e356402b38d36b82817
213f4677afaafd53ecf736c7,fdbbaa71509246f5527b
214fca6516bd6da411b872fe,f7c34a11babe03d569b3
2162eec84dbbbaccae9817f8,901ace715076931d37b9
216338023834b4b423746eb8,04d6892c142f2b055355
216c2dcb91dfe3d0d64c161e,1a72498554cbde9e1843
2197bf4b9d898ec0f1dc8e00,9daac6ee52aaf272d471
21c8ef29e294f2741c9356ae,86533970686a26d8204c
21f8ba8165e5b6b06139f4f9,e8f680a8ae90059a4e1d
2200299e3e5add2d3aee0708,623691dde41134932239
2226fda6de453e53de2366ec,c240d0de2e39539e5328
223887109582fade7b1d1218,2300459bb3b0bab38eb4
223ebf984a603f35f3a52b8b,3cf67aec848248b6f7c8
2261a2449bda47d00821de9a,95059f434322ec8cef86
228ec9f02d32c13b17875990,8fde9ca175911280ff1c
22a29bf569c82f89505560bd,a310ea6952292bb52244
22abe464fb471f2ffed87be9,ffaf65746173e204ea52
22b7ca02078acae8884c692d,ade57a7b3bb7746d5098
22bb23552a550f6e1cd52d72,aa850492a7a4225722b6
22eb02f94af406a05f5faee9,d12eb0b4a028bbc17fd2
22f4f2316e11bb3d709ad162,a10afd22fcddb2ecbe85
22f50652ebcd1cc852ee46a8,4a8939e6b607b699eb3f
230767e887475ea6da82d857,ee482045638996564fed
231bcac6c0d8fab74002bdc1,8fda78f6d320240016e5
23556b605175ab7f17650376,32039a9b097a3c068acc
235d07caffc9c1bff9160f2c,8173cb5dcebf1451663d
236277fc676d16324665a868,4d5bb099cf0c78d583e1
23768ac93b807dc6b08f45ba,7cbc1b781f8f488cc3a2
2381c6f45a0c49a1d73c6bb6,7bd0c14f0ea184f553db
23af0df1e254c374487df632,8ac353c441e55ad78554
23b3e9bc5bddd616abadab3d,88e5dfd6a500e4010139
23ba669b2762faf9aad44230,631b9ba8ac68f1de561d
23cdb26b26a961d8654bf0ed,0b4b6aa2c80a5ef8dfd3
23d1d8f3c3a380afef868e31,f96acc43d445f0dca126
23e6e48ebd478e8600bc0b46,32623626ac79a4e45ec4
2417fac9838c881b7e960b97,1058634aa78e38047d8b
2465778b9b8ab0779979762c,a9afd81022140ad974ca
246f68554db67a8cd5958013,b40b79798b26e103ade5
247c7fb703c9baea9a8cb508,a4ae518d3044693e2e0c
24c43e472e2294efbe308cd2,f05f63efd0f09ab301a6
24cc4babfed721c49d794e20,54450eda3544bcaac595
251054800e9bf1aa6a7b5158,726b99e8d434de786383
255db03d069e19a4e4bbeef5,9d90dd57f775d6ba4d80
25601576954b0d35bfe42f8a,64296aedee422195586f
257953ecdb6af95770069aa8,1ca29a84e1720e4ed598
2598259a01f073c8a18a79e4,65528bed2b29ac0d6665
25c52e320a455dde9f9eaec9,c1ea232de9ec2d8a2bfb
26339cdd610c9245dfa88a04,bce986ebc61ff6b3e933
26564e138fc6cd2fc96aee0e,8c2ae70f600ad3eac8db
267b8bd7518f30f8455f2160,5265e58026eb4815fa81
26810ccdf78a3059c6a278b8,6571c487609abb0061ab
2692c25086aad4062fd3c61f,519d85267193c8bfd214
269ea1b0bbad21e4eb19e574,dc8c1e7061a6fadbbcbf
2725349691446b38ccc27171,b63698601c214da6e7cc
276ee37828ad834c5170bd59,4a523e417e9af760ced5
2778f55a36f4dd6f673e9c8a,fdd3c984dd0b46dc94ef
2782fa2070b9a67d59c164c5,aa1b18418fb5f14c54ff
278f713162353cfa28fe2db1,bc291cb7c0bf48bd5b56
27b7159eb414fbe64a53dcfe,ff15deb736f200e15f21
27bd967be3ef8d2ce110ab32,72dc40ef1448a489bcfb
27c78b8cf767e82c93c423c2,cb3dc453cd6c56c2e16e
27e91bd05dec58d4f6b6135a,61f3a920d01590db622a
27f062fa798025b867690ca6,18e41538bddb895ebc92
281d5312ce3759ba4bd5d03d,b5a1a7aece8480a42e5d
286c70066cafb3976a4efb93,d26194fa7742b6f2e5a0
288172add4b1e190dd990819,7b9eb35e5540ba65a1fc
288324195455ff6463edefb3,8bb3a03d88ae0d54128f
2897aebe5e72cd5fac936af7,ff845b8060e066034890
28b9c95ccdc573f5a3f26592,7e20759d3b74b7097ea2
28bd1a3935677d65568e6dd9,6eb063add1c49e3f7268
290b635480676fc666f30e75,953a9bca1ebdaa5ca8aa
293e9199962004d6cc65ae4f,02601a4916cc8ecebaef
29446d998382ebaa9a4dcd76,fc10fe5f4611090f098e
29c09ad7ea0f05987336fe47,592434fa91ab35b42822
29c314191cec431550f74e3e,749e276143459b0fd3ad
2a00186085eef1d4ef24164c,b0a60d580107fa8f1118
2a0a38c118cc4e40ae1f1ee7,a6f214cfbaeb578c776b
2a33412aebf3db367468795a,692e2342db549242b476
2a5758c71a5e0ccd458d1c3e,b9fb41cbaede67d42e7d
2a6c2f0d991ab1d83a317917,088fdb15a6db48a79814
2a8462c405ab9cefaf1dc6d9,c4cdaa984dab2e40cc86
2aa8ce3ac74647024cad863c,f6d06d2f6c884cac7fd4
2aace7ab9e672e0ae05819cf,66c51e2ed0d47af2d826
2ab73a5d78cd0cea73336b19,6fb095c952891c0de142
2ab952b1a0894c223fce19de,c4cdaa984dab2e40cc86
2ad1c8692297a3fdeb0e7358,2a9ba4c4445c24209e81
2ada97e7db4eb66fb63d9796,a06161ec646dd80a65f9
2afba8dc9dbf5d55d9422c31,da0cdc2e9a46d4a73f67
2b4f2ec3b82f0a383ffe3b5c,d4bad91a707dab6963f9
2b51cf42588391ae8fe394c8,822c59c1ad3edd6591ed
2b5cb976023a826c1fb7c133,e2ff77e142decaa5afcd
2b701d0f4d75f83dfce5f6e5,bc5d63bc124ef066d01a
2b84253cc071038821909dca,983f324d60fbb6d7aff2
2b871f2bf7a9a64fbc224c6f,9385ae1d3a5f0d529d3d
2bc0bc4004c689c986f6145f,e667b1ca81baf3990f73
2bc5c2205a0193cd2da1e63f,11aa227393e7271e82d2
2bc9cd212f768754a0adf2ee,f5b793ca605834680f2d
2bd9442e4a72ef1ac564bfd7,2ae8f93287896b264645
2be6529ad9b52ce95df19024,48c4151c6a6cfe8d769c
2bec1decea6dcfdbf0c3fbbc,1371dd951f317cfe92e7
2bfc3a650bcbb4de5131ed11,47b8ae75e17d836387a2
2c0ea07410d4ac71cb8216cf,ba5f09702660acc9bd18
2c1a7d7d7c521a11a8aaa2cf,9ab52d2160a7faa31ec5
2c8b146892ea83d0f1e10ac2,e32c8721bdfedf847035
2c8cd83c9ef35adf3b86cc58,c7314c22e53ce1e298f6
2ca381cb3eff36d72c3733d2,bd30fb14a21ebd7ea2a4
2cbbcb08b6edccda8ef8338f,f4499e66496bb107f325
2cd5c432155b19eb4263e266,8fe4391bbf6a20f82ce1
2cf2e22c670abf019d08ba89,dfa72a3eb4d2d40ec6b8
2cf452fe9790faaf8336753e,dd3ff5af7a67d37276ea
2cf9443cec3bab440f92eeaf,8af1d01c3e542643fae0
2d59a672d2e3d5de91460918,4edb8560cce433aed6da
2d5ef880b7623fe0f88793f7,64f8492a91074004f64a
2da5497082db4373529aee6f,27962b1357888f0b6ae6
2dd80ba799478551ae312614,bc8a4900585f461a6fdd
2e29c673852f570557ab95b2,21a436d31e8efc6644d8
2e47b21ef54075a4cbef4a74,4a99c83a57e1deb4a2ab
2e58a315cc4f6340670d65ea,cb10cfac53bd50883d02
2e6f34a1a04d0336f11b52a6,b31e800bd5d61ce52da7
2e79c5ca8d4377b8317fba19,ece8c6e0ae54e2381b0a
2e90ecb5ff77deb163d801df,cebb1f5b089fb07f0998
2ea8669ffbd7be3438a1b35a,835392de843ae0f97539
2f4b1c37d2673fc30caba73c,689e7c8d786c79f97616
2f7d23d0a757124d11ec5c78,d519818ca5fcefa9cc64
2fabe48fc17f9acc355769e0,b6dc932c1af08718ebf9
2fb4db05121ce1866a0e2de9,3aacc9ce9e53032d0c48
3022fedf246e70d005067a8a,f4be91497cfe107d341a
3045f95eca8264ba5af4f63a,07671d9607911981bc48
3059540e5492f43a4c22de6a,c366407217652cf0f89a
3062a7a94994aea5121e54c3,2f05c40ed17264eb95db
30649e3e511c086c57045e1c,7bc333cd85689f028050
3092101fcb58f88fdb12a8c2,3ae671959147ed88ec87
30a51942bd15a037e613dfa7,284244325ac7c16f6da7
30b8ef457a05d444029a5150,8ed0e0f2deb8f8381aab
30e1cd7aa8b5e0dc0f54b1da,cd21d28c03907c649839
30f3b8892e581f01bec1c46f,dca3e3b8e2a9d045f13f
310265f1d9000c07a38fcb47,f56333de361bf769208c
311911eded0f44dda561fbf7,7ce2682e28e6b2eff636
3127933ca1660808a0f2dd5f,49c6243690b30544c60a
313101cb6df8a24466070d50,2417bed757ad7d94c52a
314a24a3558c871bea9cf83d,5071ec1605efe82a9c9e
315574709a844149b5fbf202,e6a6bc553f645abb2c8f
317825fbe0ef5a085d70359b,aa663dcf1d0e48d5815a
317d6049333881aec9e946cc,07db5560343102edb0a1
31873c8773104faac8c069ed,12b974ee0fd89a8cc849
31dc5dcdbcb1c08222d2a1e7,12cf78a47633163fa6f4
31fb45682ba0d1a0cd671ea9,8a08f6b65a1a64252f59
31fd163558ed871b14a07c18,eec39726876a7160052b
3201ae740d4315f770e85648,d56f8786c04ad867e96f
32479aa1caec8a725a92e445,522534f02d9267762110
3273667f83f800c135799335,1e835cd1f943a089ccc8
327d021c5866527303edb548,fabb6da69b6a53709af1
32a50f4c411ad0fd29ce6127,122fc32ca7f0d975930f
32bddf3f53d43ac8d077d735,40305197f167c614d4f0
32cadb78a06ec1c1af48a607,0bbcbce80da56a018de3
32cd6a50f9b34ab8e7a46fc7,5e57339156360d0e7be9
32d3914cc1f0bd6225867ae3,cb8b1b5d08671e215c33
32e1107227f4aaa22f9031a7,f35d2a84ebe78f62378f
32eece2b1a2090aeb202103b,f148abaea1a6b56cfa3f
32fa2016cb5c7adea3daab37,7b78cd3b64cae0ae3489
3308f06bc3baadcf84c78a51,9d55a4b9d45af61b1cb4
330c81997a90d86f8a60c16b,b89400730d58a84f689e
33125e8599777923ba9b0242,e448e316425ae9f0d9bc
336559df8f1364b2ac568e2e,7af3434adf245e03800f
336c5422746dc9e6c98e8fc2,9de09b3cd739cd276279
3371213cea474e8ba1a5ef87,c800f35c1b29034b31fb
337904fdd942108403aec4d9,21cde54527f24cf87918
33792b1e8b4058e26c33b01e,e94db758816cafd11832
3379bddbba6bceed18db04bf,f3390c89f83de001111f
338e348b3db37c116ec2420a,47b8ae75e17d836387a2
33adb08e1e7513b5f8a4e008,a6bb6f2ebbd616cd00cd
33e45629a2fc81c2c60429e5,5f9e65ee3d6e900ccbe8
34363444daa4947e37b9b164,66c59fd00bef63c91e7c
34390a9a8ab1e75d8b1bb042,0a889b8449a1cd0c37ab
34845be5723736bcee9d6f71,995ba3d78f6f85a0695d
34a3c70fc28ea6db690656ea,cb2a0486943f6ec9c6e5
34ad48436ebb06159de290fc,269fcee49a04550340e2
34b3e1b760288dd3710c7bc1,07671d9607911981bc48
34e39df145cf14ba5d4ad8cb,7cc0347fe32ec03a1cda
34f8f47f524f11f4a41af5eb,bfd311bf189a5824f553
35124ee34d4448800ad2250d,595b3a459204afe6f637
35284cbb0972791e86f2ad3c,1f7cfb64c17dec6b516b
3540ab1d87a611d333c7a125,9713faad18643609b7c7
356ee2c725227a499888f297,6c82f555a49f64f3cd93
357fc40275286f3e63ecae43,d08e42814891cfa24604
35958ca822be94602dc339b8,0d741322daa024b51340
35a467ae6f644a6661a04d36,e9a3cf6cf30efab6c72c
35e39e8ba1b2e202557d6d0f,d96feaf51d9ad7885dea
360a5be19bb5eb24cf4e9a73,0ede7528be1f6f4ef1b3
360bfee13f53e7238b53f9da,f19b30a70ede18ec77b5
36108df759ee91aa3209386a,91bf33814ec9630f9743
3611ede424fb288ac1aaed85,78eeadb960d6fa5ec20d
3616906dc65fa57941dc0b57,de5c25c0b468cb4da03b
3623c1a57ac24751242365f9,955a5c74aa96147dec0c
362e1e104f03f1be7d289806,5040a1af2b5f5e69ebdc
3673e77ab1ad4e2790439eb8,d0a251df23540f676ff3
3685d0fffc56b69befbd3733,e8acd48899ba961ea29b
36b2c7acedd78ef6943ffd42,435381d40431eb94b016
3740cc6a7f239380c73a99a0,2b8c847892bdce257fa4
3763d2c2258506af3e8bdcb0,ff954a49f20039dd2ce3
3772dbfcf98158a7337177fd,5c3a3ccdbd49b1695ebb
3774e1552d4f36aee584a84f,718c4f81182ee0778c24
37768d8ac4f93f66534a49b3,f6b6d7c307e6a452bca3
3794522147930c0d8eeacc53,4dcaee5b74a44e121af3
37a4b759d93d4401ee615c09,96f1cb83fa8148094b46
380de8cacfeed83a8861c044,cc353ce278a38cae844f
3829d962b043093f72d14dc5,8d0f63a7306a36998842
387f52b4f2d73051266b65c1,5170a11580f1de3d68d8
38e187bcb8c197cf69ee7104,6f5a48c9888c6610bb57
38e5a90d0fd1b52db3b8b601,f75b02eb3ff6a2103d80
38ef329d47b6761153d39ef0,cf7fb08172f5d85e96be
38f771d3460879104058e456,a67f37c3b9307e3bb118
38fdc139a2c05ffa4e1cf54d,745b1486046e99f2dbe2
394d380dd14bceb7816125a2,056b56f79c05dd9525bf
395b539c33a1e3ddfe2be654,2dae92663f9f7f2b6643
396d217e8005ecac70a85863,336e1614d0db88fd0869
39c099bf593be25857f9737a,e806d988a74bbba00e55
39c2bb14c0966648c1bf15b6,cc9f880bdbbb2760becd
39cb1a8b533b3aedc7f3d1b5,c84155ab525d0432eeac
39e38b0fb22063fc98a95df3,dd94687454ecec3e8d07
3a08ac8f799abf1040b4aa85,04eb662cf719c0c8a6bf
3a1b4730f75e886ba0bd8c99,88e04e4d8683ce5399cc
3a4fe0217b8ca8b30d909498,1e63168a51bf08961d8f
3a529729bf60faf660a17e2f,20eba6a120081db1a231
3a610867c08a40bf621311a8,d9763d8ea88410f09382
3a686e226dc72a1db5d3fdc4,9fcfbd87ff8f8ae0f5ee
3a7252e95d79201396f6cc29,0b56767647b113d8bf40
3a8b774d427bbac469eceaa9,6993a6fa51de771a200b
3a9dbd518eb92f9e6edf0e5b,0b97ff66e91952ea5e05
3ae8c13216127761a96835af,6158031ed6a7b950bfca
3b1536820ba5ad4b7164ef64,52a06075e38a527c7224
3b4d1d2d048f876816708045,0685343043ff8cf058c5
3b579c84ad724e4eaa7eec2d,5c3404c0018c82597d83
3b610404503599f242b57e40,867650a96ffb4a4bda89
3bb21a1cefcd74dcd6750d55,d43466abed2ebcf442c3
3c2afa6e182dcdc52c25718a,b29d75d58d691b5cbcff
3c2ceda56b2527c007303844,8828c327d4e5e2be6844
3c3557f1794875aa1a2e87ef,b4678a8335128b43bb1b
3c3a6f3506236748c7861333,2c536c346c7e8f9dc323
3c3dedaf8053eea1a82d2300,c0978f692e23397d5fe3
3c5eddbbc81879cb231aa811,7b34e3d9847e875c3879
3c8dcbf163a6e822ac6910df,35f76ebff769a3653604
3c9446a40443433c4a528667,7dce18445aaa247116e0
3ca64577c5d514d202b1ad36,efad91255d467c667395
3cb1b8d42058353c358e7666,7a7e056891f0199aa1e9
3cb6d4cef8b4a11ecc2ffd41,c5c6f217531dff3abeab
3cce391d886b6b79f6493758,262d50635e454bf9b050
3cce611a2d2f3281cee837ee,97e8b352103261809264
3ce1e839d0217f68cd293b19,7276d72b3578c8390c93
3ce8595d902daa86529449a5,49ad1e198b01022b0b63
3cef12328a4b83be1cbd190d,af3bf0a24f6386f9f06a
3d0c7350a05cfc9267e95f45,1fa420c50b437dbf184e
3d359eb68a9cb98cee2ac9d2,eac96cabf20d183adf7d
3d75155cc9abe7efd55f63a6,2d65a357486c81c0fa9e
3d7905bd51037f69096b30f9,167a5f023b9e7d6af6df
3dcaaa3ccb467d7fb07f7c61,f36ab0a4b5934da8a2b8
3e05eca28e8e5de8ef4361d5,74c26ddc9f91fce42ec6
3e2c5f2f30414c82748a1e46,3b124cd9ca378e4ae5f1
3e3b02194b85cd682717d19f,56f095589beb9b0abaef
3e6ae551995ce003c3a7d1b8,c210a1fa23a4ca59b0a0
3e7187638285ece1b83479f1,08760b0ee3ca9d0a6ff8
3e884eb815ec239a987d9049,055ad7914b14deaaff2a
3e91272edfaa51b7476f7446,cfcdd580c441325913c8
3ea9ed5647e4af9d0d767238,848a7dc9a1604fe9c7c9
3eaf92cb8bb35388ddb78eae,5ec00a5c8f6528085500
3eb4ad6e625fec12753951de,8ddde60b4ce7238b5f12
3ebb319971b5d681f2725054,7fbbe9897f62d6b9611b
3ec88d486557b5c2d3a72377,2f2b93d7ac4195dc9ee4
3ece4db8a3e23bc6978f688c,b9b74dd18f674e3f3ad1
3ed1a07ae8073f17ce6eb67f,418820fe13ae5d0d9578
3ee7d85329f3f96c58df637c,034fc385c30f1001801d
3ee99b5769bd9579e7e3067e,21de3587ca7743569792
3eefcdf5169b2f949ac2c0de,d694989173f7733e951d
3efbed45167a49a00c9d067d,dd94687454ecec3e8d07
3f0bfe3bd197608215abed41,b2694a4c6550f4c79c32
3f1f50a9d63e632368916ab0,d582db9a8260702bf3c3
3f37d1e5e51c35c7aacfaeef,cce336a9d648a91ab22c
3f3e6eda356f6532c90c1af7,d14cabfebb65fd196741
3f4ccbcbce0c8a1f72487e6b,a8693b7201c960ba1571
3f7c17e841b27cbc79cf0599,13c266b69f7bd60d106b
3f80182f7b9cb3298b3f4510,1d297a0fa48a5ff434b7
3fb338df19ff5006712233d2,d0b8b89b65e772de0683
3fbe0025f1fa1909e72e8ba3,3dfa76dd79c4ef66ec62
3fcb018c307652dcbcc239db,8ae5ac375e933ded10a0
400de042d9b1e5a0ee3a61a4,c2f62532b20b6b74876a
4021a995e6de68c1ac9f0bd2,576cbdb75d0474e81c40
403e0b4008d07084c52d2d46,01d6ce7605a736bf1bea
403e97362af93aee04e860cc,a4a9efc67a3c41865b30
4042c143f3e7ab207b2d31ff,80f8a32b1d3b123128d3
4048ead83d723d263ebfe9b9,7ce2682e28e6b2eff636
404f94b2c885e4beed2a2b17,0acc5ad98a9b74731c32
40c7337ea88df8e9173c7404,b726c45c312a36ed7ad0
40c7d21a0000848dd06902d2,d1d38cf94585bdf4d600
4136009ab4e2cad78ee3440a,ec211d64513f8494031d
41391cb2e96090fa3d0221e5,7e8597285d2b33c78a68
4165f7d5f6c3e4805168c343,c290ed216e8a1bf57cca
41c4dda9e8650082ccf07014,ebc673077e327c6a63f1
423f680936eb9939f154ba0f,11072a79297962da3ada
42596a099f267198abab06b4,6c2d5190645229ce59db
42767f454b5136cedb8e6e85,5ff9e048861742050e2d
427f8f25108a62ae71a57ea0,b66f884e46b61872bb1b
4289f74d1d906fd6df536196,4310503b7fe6b4c3423e
428a4591be7c43d6103d13f6,b64b651a40c492b7dd02
428fd5548e8e9158880d6e44,b1d71cbf3d8fecb77ee0
429de50579c43cf7f4a1f876,07969cba755c84b3266a
42c2e9920e2ecaff3cb2c4b3,df1f0486894608b144d9
42cc64c5804485acb5e6d06b,ae78e02a9396a08690fe
42d948511c320f7173b9cd5d,a5ea79205115ade6031b
42de74046bbdcfa3c29f0624,b7c53d38a5a08c58bb2d
42e0d39feaabff99697433d4,520375633c609c6b5604
42feedb6f8bf63298b7c2c7d,51b1b67bbe2e2b51d1ab
435842e2eb2d48d4ac634b29,5c66d807254f3535ba4f
43aa4ae88922e51cc65a384d,38187b992ac93cbabc88
43b2a8d5b63f32361236d173,e4aa2cc076b156bdb16b
43f393010746fe344d9fa71a,3d19a1d27c14615101b4
44169273a6ac7ee10379acd1,3469055835aa7d0b7259
44256ff5f167ef65ce552139,595a387c20eb58548a8b
443f084eb722e86297a45d1b,e2302a6afc108bcab894
444242956cfb6ebc70755eaa,75d2295a077c8cfde225
4442802d689f4dcdeeb778e3,16ce93b680440e622ba0
4445d35ae9b3218b00d4f080,125e1b21b7f09a8df031
44552bc70380c0c4f8c254af,bd6ef0f3b3edbcde37e7
44b6588537e3fc3bbfa59dc2,b37e142ecd4f2e5055a4
44f8a1c09314e00ff035a7ca,b42f5474f511016d2f37
44fbd5cc8c5eddb70495248f,020eeec11fb4c1bca448
450b69d1c3749962ae80f00c,85347395940bb617fcad
45129be81d2a5779923eb8b4,f17c83b38ace43ffce9f
453c4dc666aa205569898d35,abdefd710720d25f9dc6
45a64da652bc574e5216d8d7,089b780fc44af320d2b9
45f29c7d4dae83ec2d4b06fc,8a6a7377133efed28430
45fdcdc17731feb9ff4dceb5,c9b49a387d744b7f1880
46038c810676cc20a82f18a0,4825c5664d4da6c4f610
46096e4c477ca5e80d3f5a85,eeabc2a1bf4898f61485
4621f91a32c14b950c0fbe37,6dc9506c9f27f94d0ec2
46371820ecbe30088b23417f,09cdff40841268f03475
4648e4715df1fce967445223,d9b986d734b203ad837c
465740cd269864d14103881d,15bdada42fb2ec27a212
465ae5513793878128c6086e,553e4c629c7a5407c5f6
465fce646b40ac89ab6ea3cd,d468ffab1b2763cca93d
468e3c064fde1f021d249e6f,66fd226cfd059c184279
46b66ba7e496d65c4116b6ed,21c594408c59de898099
46cfbede94f564fc5b6b09fc,b35dec96e81f50f3821a
46e6d5298f3d999822202317,d694989173f7733e951d
4714f16b2dc403c7226d2138,bf9547f7d2aa787cd94a
4716f4b19f0afdbb5e4c6e99,85a9933ecc741ca3512c
4733cc5d42ce053c637e546e,9a6ea7d206459bf19c82
4743d6429e1c63aa47c8ec1a,f96b11ce85878169863a
477ae3b009e10d001bb42961,f79f72c6abf892155427
47b9f847f4252c1a880aec18,c4bcaece1fe8b0a37147
47c093d62553efc210a5de5a,8b0eaf329fc54c1d3fec
47cfbf6def1b4576282fdf3c,239b870126af4cb73639
47d9cdbe54da2955401e3234,019dc837f20f332b3d8b
47ebd79f3c59928e09e2640a,63d670e56f14f0e48025
47f0f4656557d6599311dbd3,c2eaa763d76b8db0069e
47fe976d2aa9c4318569c765,39efc16240d71e0f7e2f
4803a230191afda439edfdf1,6eb063add1c49e3f7268
480ac1d829e4bb963b55ab3e,db291a5cd37fe84b2898
480fd33c377caa9bd8f33348,ddc9a534e0d886bd3c83
4832baf30d5053c5b08c63e9,cd01f8cbb097450cb8d0
488d1b01f3948c00166e05f6,65a174042b694552e653
48cd99c63e1646b8fa412005,020a32450c5bd50f8476
49228d4b18cd4db7ec1c9604,2a331ec4d6ed6f32d096
49236779399a4649ef15f801,0fe53630e1c00daa6cbf
492d5b434b1595aa1b8e81bb,af5236cd0ea8ed0da05c
497d2758d3938e4692f53ace,d9b986d734b203ad837c
499d551e35794c63e9a56058,a5522f5d76f8498b609f
49b582e93138265573dffc02,fb29b9a2cd632d4bc8f4
49f78c70b4f242c4f626e178,9f9a414c656b4a663d70
49fbd80c10a095cd2c99e5a1,ca60032b5442b4d77d45
4a1c818fe2c05aaa90769edf,0db8290f973e2e561f71
4a41ed324e3c58a83661edba,41451054ed012820b7bf
4a4c83d25b4a624d72a8c5e7,2b3cb0682f3012ae14ab
4a4d12335019565380492afe,9dda0fa0284859fc5667
4a515efb8b2907f72b437c5b,34b23c475a1bd3949a06
4a8a733abe19c3d901165c85,94a1e2acb7e6f55b8c81
4a9735cc8ac3753938786472,f78e12a7bc53d26b08e0
4aa7cf4b3361df1844a6a356,1f564d8aa9b0b5ace8be
4ab02500bcb612d4abdce409,b4768f22fdd22be8d3cd
4ac1ca18a67f2008b20f68e8,1b550e06c82aa2543244
4b154cdf5b7271a7d1ae98b3,f9296d154f51c4a02505
4b4276da55fb7f2941bb69e5,8478b92e1e1954a3514b
4b659e365cf8d211395adb51,c097137a4654f69a8ae6
4b68cdd64cb9521a1b48e340,79147e2fafc2ff373a92
4b9cd5dae3789833708b87ad,9737b126d0718a865e7e
4ba744634be2f14a756210a4,0b54e3834f3c45099950
4bebe3199b243a3654ae6913,fbff8d7dbd73c94a0359
4bf7d275c11e391cbb36db83,a044f29ee4f28a06f1c2
4c0f8c011f2ce94d2f14faa3,90e083ae23ce0b4c3b17
4c357ff9629ba592a047dcd5,f1b54cd15629d3a99219
4c8466c47df8026fa1ae7ef8,d454cba932933237d380
4ca84c32899c0794dbb9945c,de2db891a3a331980b07
4cb8fdc9857c57d2c38b02a2,7703b71ccc0610d5e1b7
4cd1495d277cec2fdcba0bc6,2fc1966fc255c54285ff
4d123a9b8ccbb58bb5fc5a1c,66fb7580fff9f70f1341
4d1b73672029863047c863e2,424c982a012280f88041
4d2f6afbeff6371e1b5c164f,d46c7c349319d49c07d7
4d7a89d1cabc0261421e7ee9,32867eaea4fd6d775a1d
4de558b0f3cdc5433ea14dee,d468ffab1b2763cca93d
4e11f58a482a9ff14363210e,6d767273b87385d9e4de
4e2678d8ad2c076845a04771,54e63272c968ece0504d
4e5e771c40bb671a7e9e32b6,74960f84a85e08494cd6
4e727bcc99777434890e7abf,0feccf819e715f7dbaf7
4ed65063debac53b5dceea5b,0bed7a0170a6b39ac646
4f0860b1bcde2675682f2b75,1ac039cc0fec9700bb92
4f0d61e5cfe872cdace0d907,14bf4a606b114dd4d164
4f24610761b7e79226b52c2c,6b1587f216e9d5559483
4f25377e2cf3c844f151c9d9,50e22ba263c2cc9955b7
4f2c665454c5e6d5f33677c1,f0c0e9bac969c3f4a651
4f2da4d5e064c0589df7f7c9,072a6b681eda61c98b39
4f3429987dc86d62f50f238b,ac2c01e9abe0242bc46d
4f3c4f39ed61a0c66fe9d8cf,f0f93f4c276b9ab5acf3
4f54f7799152db8a952671cb,93045f63a35b7f25de8f
4f6e787331e0a80891510bdb,4029b9d5e3f88be10f99
4f8167900db5067ace16004a,f66882bd7f54433bafef
4f8e11668125fe783939e6f2,6731b5cdd35e0fa994c6
4f9fefb5265663e0ab0cdbf1,519d85267193c8bfd214
4fa051d942c997325d3d6010,d47e66b88fdebe4cb1bb
4fd9c52099702d8904b16495,9848fa107eb909dcf8f8
500c2649f92c793c5b5c6dbc,c3464075d18e9fdda9c7
502da90bef5e78b7ee018fa3,9a33126afc5910da0024
504b0a289a667d42dca7dabe,f96acc43d445f0dca126
508bbc8c4602fc66309a67ea,2158b36043b7ce6993b4
509ebd2e66ea667d94fa1b9b,728d68576340e16582b3
50c3da41a784edb3c6559d8a,9ac1c63fa3342d5f6d01
50cf906482f91f0bff8e2fc1,e2dd3b9c5175819b74c3
50d6dfe24daae1ce54a1a132,44647c3f6d4bd06eeeae
50db87131d347e108f6ddff0,2cceae2b4f8121d16f7a
5103b4c0d9f7449fe13ea69a,e9b7db9ff97f0ce1b3cc
5155c246bce4b3d0d8589575,41451054ed012820b7bf
515d18f72a3064305b45b0e8,089b780fc44af320d2b9
518e96b60c70358f03f4d41b,c08402744248cd6579e5
51b8bbc273b11fc83b3a0ecd,ec211d64513f8494031d
51f15d2d5fdd0f726576daf3,d8e5f2e2e5a87041fc87
51f8ebc343a4ecdaadee54c5,64f4bc91251748059a2d
51fc88384851f0e4fa8f625b,7521ac7ef6fff0951d29
51feb42601a3de7fee782b0a,355d230edfe36dd077f1
520794f01897bf08832ff090,4e75ce3b4431b29ef302
52138a76f811bad2d93bd390,490795103d45d86dc939
5234baa1eca7262d8e8f967f,881e7f6d92de02b6b185
523c9b84ade6073c317a015c,fc7ab42763cd50228dcf
525f483f0ff1348165097a61,b88f423b71ef41c90eb5
52628038a130dd5610c064ac,9f8f9e05a07fa66bad41
526c16d483e06a2e41c81332,190a90b3e02fbc2b7c61
52c370b531fb12cf7e0a1bba,832ac11057e14e551736
52ed3f94ad799956efbbd76d,be98089dc828a5a493dd
5359a61ce31e8e50906f9df5,b3beb58b820488519aee
536a768be255c6cf3394c510,d82895d311c9d47a1d67
53a6abc80081ad998ea75748,32f2a66b58d1db2ff2e8
53ac81c013ad07a0321a0b17,3fdd46992cbfbf945ee7
53ad4701a4891fc126a62e4c,ae47a682170b7809e4b0
53c44fa15c0867eb410a031f,1741745834c514afb79c
53cc857f7e469848a9814310,4ba0e756126dd76a7225
53e03b3c9b84d76faa8710a8,da27b87914c1b5268e16
545bb6b484c73d72c5051b7c,e32490110e9ba91fa9c2
545ce1d42975db7221bab25e,e08456c7ac64bda6280d
54675d6dddb78ba2b790cd20,26ace8f3ec84b2a7e1a7
5472bb272d4fda6b1e47f300,22f09649dd893d9638a8
54c735fe563c515b40c8647b,d86b8707bdb8df0fc146
54c79ea39453704a0a69cde3,5a46825cbb2109b18de9
54cbe0806fc86d3c450eafda,85129be8f8406071181e
54cdfaf68c24e0664c830ca8,1511cc79d1b596392747
5521df4eba537581352e933c,34ce65f9048792ed19ee
553a353cf5612be4bfe6d192,48f3b775fd87ae249d74
555dd6d30a4ce1b2f2b0604a,90b907c29e24ba7b128b
55850fdf20f8f018944879b8,7b266a3aa1867cf4e842
559a951119197680f630d330,eca9e598f22f5023e89f
55ad7accadf113a8a0637e51,611360305bdd5b3d81e7
55c79d8c90785d1bd87c3bb3,f38948a9edbb2b657e3b
55c933e9134cb5955529bfad,35add024a068b1a9761e
55d37fff9259ca4ee8f5eaca,5c4d7994e35c9991b1fb
55f224b404909c29dfa3f89a,09c2c173d45d0bfb449b
56034a1d437f0eb9ebe03125,6a1881b197132c57b239
5619be55b073c03a4922aa82,4ba0e756126dd76a7225
56440668efc19fb1e21722da,af4446394799be323be9
566e0179b84f52f04f77fec4,bad1508137588dee3490
56aa55ede4648cfaefc9db97,31d7d0cac28d0f925270
56e810303d6ffe0f154ea480,602b1c86462a19fdc5f9
56f877b5c2594d1ffd78d3cf,2a472d773a08bd02c66b
570917a3a6b28a93d3032c46,f6cf813c160b879d0efa
57127d67eee19aad04526886,a358483b83928dfeec14
572be69e108772111547ad1c,2607d0ca1d008cdda1ef
574a647c636dae917e123f87,30a272e341c1f7672235
5759499e7a3f686c6345e427,1eb5f042215f0e8b9a21
5783214eb93aa7efa7275e5d,bbbf64fb679f107f18b8
57c1eac0a19f21d093b23819,19e0fd86ad0ebefded9d
57f219b6b7d3c47791356b38,b6af89fba43c10b1248b
584063da1827fabc3bb3c966,db0c4b06966720fd3b41
587fc27e9b7423e9c5dab392,749e276143459b0fd3ad
588a2bfd8ee5ab01594e561e,ddd0e0e4d4fdbb5e6d03
58d3bfd84721a395d19abb24,a0846dde68ad52ba3e15
591ad976c4eb97aab9590a4d,99d1ea460e43d2d05a3d
5923ee6efd76fa3093b37b53,57d574cd06125f55a512
593460ba4732d3e7be34c069,9c89ea5c6a38cd6eefae
59384e7129889be52a37d279,8e7e568073cee5c97e57
595cdf16f37c8363d3f9a846,74701b30ab3eeaaba9a0
59799b3d7569088c93fc65c3,47fc5a90940ffbb6bf1d
597ad92099a57db95a8c4a4e,537eaba45f0496b71670
597b4e01380e87422e34c59f,ee60efa98407cf8e7b5f
598ae244f3521e24369f37ae,ab4b45a904996f2e1c08
5993c8cf779d08e3c7f0d4e5,03813fdfcf73c18a4980
59c737a906dddffe2d2b3073,2734e089c8ae433211d4
59d4db70d9a4a2b27b2faaf3,124b4b4c9b56288d8203
59eceba074713abb34e4d256,84252a7304c2cdc0d8d7
5a2a318d16de7f3dbe5759aa,8a9f8f6fcfc8a7bd0908
5a4189d24d4d7223d8c4299b,f1d92b168f51a5ad98be
5a57783ab1e2741bbf23ab51,244dc5230d40ccaff4de
5a5f63f03ab3b32869b55c72,d4eabd66981092e1e07a
5a66530876f95dc40d05b98f,82520d226068401a1815
5a7a637357fad20907faf4f7,810ba771e851c841f15c
5a8334f42529c319934efa9a,ebd27e3614043105b179
5a835cd8709ece6a271bc9f7,ffd917036f7537ca7f7f
5a9634d58e4818fffaa85b1d,9daac6ee52aaf272d471
5a9f61984eadccd66c28e8e1,424957879707023f81c7
5aa620e0fd2ca37c51475d9f,99e221a24b4e1dfb26fe
5aaa1d233ba87f7919af6550,77da0e136c89cee34966
5aab7a38c0acceac28c31ac7,d400502524d33292dcf3
5ac545cd86f665a5bf6cb494,b98c05c461178a56e9e5
5af004e25a3124b65a70903e,5721bf6aa31d4c489148
5af24b38b3da279ba5da2dd3,0363b9cc920b913b476c
5b08e34eec36dba1c93fa2eb,defb05e498a9ee45cc13
5b242633324814f34c19964e,6eab1f8de222f00b2124
5b50284b06be2d9bff132aa6,dbf9b07bddd0f751d8fb
5b623e638d19e1746356819d,7bee9323b05f84ecf689
5b836fe396eacb50b03dd51f,53e30da4497e27932574
5b911244208939102c35c6db,a0eb4a713c3163aa697f
5b93cd9283d7e605a99053e7,034fc385c30f1001801d
5bba93658f3ea70ab892f685,2a4365930a6f2ea230d7
5bc5bb980fa8d03a0b915c7c,d912b927629c21e2638f
5be0c39e81f772bf3775e2fe,4d6f612f8da49fdbeee9
5c0973e014f9538c965994d5,86654c77c258bd5cde9f
5c2c19961cc0e21097904d4f,80933e4d5f8e1fd67289
5c3094350c3f5c4747899946,c1130b9793fb28fffb00
5c54937f363d1b29285f7689,43901bf4ba5737a5b2a2
5c7109914b6eeba1e2824026,284f577a09db9ec7b600
5c75b23fb353d357671124cd,ba2b887693d838c31659
5c9407b5d5dcc4b00e36749b,dae7000102ac2d67fe26
5cb11564340fc49c3e20da3b,44c0c0d62203c4b2e08f
5cb1b50d94bba60af76ee653,4264b1c33a10cd8938f0
5cd999e9ab27b8cc3a79e332,f9b30f4f286b4dc6ed9b
5d086ca7fa6757088d3c3b94,cba13fe09b89fb29bf7e
5d16495277dff37bba58d512,8eef166ebfd23f81a522
5d1918d86525ed5ae93e7d8b,631b9ba8ac68f1de561d
5d46aeadff167c11cb049c85,dca3e3b8e2a9d045f13f
5d562dbbef8391d118105d84,47fd082ba49982daa97f
5d751c09f61274bf5d67787e,d8dbac0e31a94f7f000f
5d8fe3910412a3bd8bc00974,ebc673077e327c6a63f1
5d9bac3202116efa38ea4874,7c7e6bbb6f3d99a8afc7
5db67cacac37e4ed63e3b276,5a638e10d2bf89c296d2
5e2983718e6c4286f1b76548,46fbe11c79b26f7762a8
5e4aaaf8a6ff2d58569d7756,02a9ed92ec0ae6bac047
5e70c519fe8cde237ae988ed,f118b6603a869368cac0
5e830a8bb2c0f954d2350a39,a0136948867cd641dd49
5e8fe052ea06696be88895d7,8ae199c4060178572297
5e9053434fd22b44d75b74ee,bf23134fda174f61cc7b
5ebf192081812ec595c8976c,08f404c7af2a9331735b
5eda880b5fd76f581ea89f96,54327c18406f555b7f29
5edb49e175dc036c96ddf89f,ca2bc9b20719914a3da9
5f31cf28ff42241429ea2ebc,d519818ca5fcefa9cc64
5f49dab4348ca2d9610a5c41,d4ecdf848b5bf5988d2e
5fcedb439ec3db18e723b35b,584f7056b28b8f8419ad
5fd436e17bec86ed21881613,7d6e96ffd8be47fa53a1
5ff15596bddac3f67579022a,ac5af648259875032bd9
601f6570ac394dbe4d430a46,6354b2e6c11cea73f2c8
6081f5c4ae6880e4274a8893,3d68921d8c18a50fc407
60b586905ae91651e01d7ae8,23bab59f614e715f0095
60b798dff92f528b4daaf12d,7a45c6ee643e705ec53c
60b924a2ad6b28bbecfcf90d,74c8f43a0ef7c6f68b6a
60c5020815b0f0c3dbd03249,043f05bc39afb7fee41c
60e8069fb3772b56f0252941,1f3e576f74482164cebe
612baf62fb4e0a8d09aa5996,447902d9854c360171db
613b43d62872b649120fcce1,c606e4ad69caccecb37a
61592b45a735f183828888c2,d71c7c8f004a1ba42826
61717e7868574a5500eb7c00,bc20f2c2b9c9a5ca63e5
61b945ab94033489aa3ef699,ccc6b250a3ad357571b2
61e8728f45e36369fd59956c,56b1181bf3a82ce5b974
6202a58c57f4967a7e664422,ad6800176d83b006d6b2
6209245a4d02b21e38ae2cce,a50145340f3b66bf168e
621d3819ecac51960bec9eab,ca71f618243eff0f64f6
621dba17f1a7f4901fd89db0,544974dba5d10a3887f2
622b8b678c35c80712003638,5d000dcc43481117eaf8
626c9a18c7080feda531fd73,85129be8f8406071181e
6288c20e02d4d4994cb2a58d,5f80760504e4cf5559b4
629175cb1d213a1c925012f8,0cf2b9b2a4e6aad7c5c6
629c9c28a505d618d77deef5,9127983b673dc7be5abd
62b9e73b47185bcd2445c717,65b652b424be252b60d1
62c1d7384d5866eebfc6ffef,fdd3c984dd0b46dc94ef
62e2e925d297619dd14350a2,206872f624b23c060cf5
630d7191f6d43de77468a510,117b4430bde6bd1c68df
631935cda507980c99c8fe94,15bdada42fb2ec27a212
632f59fab266a65c9ecaf651,7d898e87c656eb3e729e
6345dadd392da814433f1a05,21eb37c4dabba0c2f48c
6362cd9d8370f39c2623b865,d70a88ffefb0bfa15c9e
637bc1e1a8d75e2c7a2f41eb,77ff9d61a0d3fc8f8ad1
63b62ea1b587ad4d334e3f8a,a7e52a8ca20805d039d5
63eadb304ddf745a5353a25c,b5158a4766862362c5a7
63f4645621cf50c21c30680a,437fdcad16b0c61d667b
6402ef0f096491c0fe482a48,a9a3dad31bceaae0be37
64065da01eb384a0693f1b5a,9dc0de597392b52800e8
640d28739bf8d24f8adffe9e,d0d2bfc19d23c2da47de
644a3ca6239e5865744be62d,584067aa68d65ab3ebbe
645e107184e246e5f451df70,ca561843d90b7f4ec45e
646066a4c938c8597e3a4b22,f4f079f854f3bf230f3d
647267dcdb1f2e97fb3e3858,5be732cdb3cde44316e6
648be58c5dcbf3bd3f6b5146,9adf51f8c240612b0573
64945f8df7bb9506aaa5e3c7,65bc90ee23ee546a25c1
64b5a0e02a7219b4742430aa,d0b9cd79353c19ad229d
64c5435eaaddc7501e79f7c8,9d0aa2163843ff81adba
64dff69c69a582217375a942,743b5137821abba82175
64e074111636d28f5d710c88,9f89eea206db24aa1063
64e170692347d393bdc1edee,360134d42fdb6d1eeba0
64f5fc474ca020fb1d47240d,54d2c1346bb00efe2f7f
64f7bd61fea3cce729b56a0d,c5ed6d66e514bb8bfacb
65195b4c1e0af7cc0302225b,3ddf2ff031e6d565d0a8
654575dc52a3cfb45cd34343,265efe57acf68485edc3
65481bf7b77cf7dc8afdb80d,ad6800176d83b006d6b2
657cd0f0bbed5077dacc5c61,41838a14d48eb9a7010d
657f519b5415a6a071dd5f97,313362dc311c184b71dc
663b3db2e67fdd02006d6885,5f252d4c396456e5354b
6652cecd6e41c24cb901384d,e1f384e34dbe0d1cd9ed
6662ba20415df29671d9bac0,517fac1579fd53181e67
666a0faa9a7c082a264a4f64,9a513e52c60b0e0e4824
669fc5c6482c0f448c90b719,1028dd01eef04deb22c8
66a20d9fe9008953cfc9094a,4d44202fbe9d48f7f7c9
66a6d4dadf96124301fc25e7,e1aea15ddf8d8b9195e8
66c176a58d886061b0d5138e,cd009cc9690606917b0d
66d421829bd3d1ca90ba82be,3fc4ec7ea10b207c9b6e
66f9137117d05a0ad7f62369,efad91255d467c667395
66fd2126daeb8b75ef83ba8d,a8f7157fde095df3a176
67069b9d29882992eff89dc9,606391a97197b6e65f8e
671615edb645bc4526c98456,9172886dd61f366f9abf
6718af8108015eca36c4430c,e6f323d8b461e3b1e0b8
673b4fef25021bed79436b40,3d19a1d27c14615101b4
67668e0a1a65a7a6300f451e,4250584166b79a6cf574
677cee290db58b8c0c74e8d8,d943de5b74aa69a753b6
6786e7f5517e9baddb4e1b8a,be9808a24795dea6f9a0
67bf3771f9c8fe96a5c2c63d,ca60762392c627672edc
67c8d00230010bfc17f8c4c0,7c368676044294e7bc71
680a552b86cef44578b0bfd1,8d0f63a7306a36998842
6824b98070bc57157762175b,23e69e49d03998350d3e
684e0e623e2cf8cfbfb7b6fb,3c8c4dbe304ae5069c19
68506f6350ee5541bfb1441a,95123801a4a7088ce33d
685d0f4f098f60cb1b7e9f39,a77cfdec7d8f9cb20676
687d3773a9268a5e48a4f0d6,69e64216463fe8f8988b
689861a98675c7d2055ff0e0,12536bd227a03087cbfc
68c97b6c0697f852b0ecdcd5,d53fb5e4a47990f4a350
68cb19dde5a7b5b920b4559a,bbd4dbb4b6121a6e02ae
6913b0b3e25a545579782bba,291f20d0b50f8ecc7651
691b50bb3ecb9bb0e5e818cb,38061a093ae70d7c7f20
69566e72ec9416058063acc0,34b23c475a1bd3949a06
695d4bc225d2a515f42f406c,b29d75d58d691b5cbcff
695f6f15110a8d255bd3d351,e66ea6989cb169e43abe
6965e88cf97a7b3b91e88c4d,66744042f3c04edeb4d2
698b7903da5dfbfd94265712,e806d988a74bbba00e55
69d3111b95cf6cd84e39421e,312f6021028fb6b61d88
6a1de280b67fb703aa699870,9d31b85576e9b436c3cd
6a2ad310b1bbf3e2354d0927,418cc420f69652980822
6a34af9f50fb52009cd9e632,5c3ac2df769d00208593
6a8d446291024f876bccd2ff,a745c91f0a084de5b953
6abfcfae03f7c7811aaedfca,8ffa368573c247f2997a
6ac14a88822e01d57040b2de,d66e0e3397c7dcaf6ea6
6b1787404ddb39687ab548ce,6b758af6a872eaaf9262
6b252c729a7684ccc1406d79,e58ce0b26066ac0b0a93
6b2c0fc75d1eee9582062a3c,ee482045638996564fed
6b328bee00a06661690bd3fd,893d9fef46c097ea43f9
6b3dcc1f680209957cd45c41,6c7f9735fe28405eae1a
6b40e9305e4dff5354b0a0f4,8dedf0f0a37e599f5fcc
6b4f06f9f1600915825ae8d3,60493e83b4830a07999b
6b74085248dcc52dda6a297f,7a19beac302d68f16850
6ba21941b8d5ae60dcdfa1d5,7d7fc43c61b239e76ff3
6bd820732c2862683b161206,743b5137821abba82175
6be5829d0cebcaef68802324,84d70e4cca8cc5345651
6c066f783d49fe79d42f641f,bc20f2c2b9c9a5ca63e5
6c49a916ef93fd25fc9bc310,92281f8c2a58721ab4bc
6c53b4b6342dcbce0092e485,cc560b3f9461e03c3ca1
6c691864a46fbe9737f22027,dca8d0c01b3d9ac875e7
6c775bcc578a3f4b6c9c5919,5060ff87f995eddf5dbe
6c7f744a0e648fcdc305a8a8,ed9f67edff65292d2033
6cdeee126ca3cf4a9eaad57f,426494aa58d235acb145
6cef72691a37ad1cbb428413,21da61a7d532f8805796
6d02b0180b92b23411eed073,e80305de4e8e730a4d0c
6d888153e24277539b51708b,e4645dc02a8de3a6d196
6d8a0b22669bb1b974da30bb,7acd0767682e95f546b1
6da9f41a782bf00c7f30d541,bc4872016e7ec2b18be1
6dafa0e9edcd8d30faf602bb,5f7223a385dfa5a4efce
6dd3620338b8976fd6c0dc63,361d7dece9490c76ec40
6ddb5911b7661da5560bdb81,9c75c0115495ff35a337
6ddee1683e00dbb36f05d4b1,bf98db85ad95dcf9e331
6de45ce93150470736c865a7,04b510c8f131196e81be
6df6e34d6384d7acdc8d7708,2455be2790aac6f1fba2
6dfeb28b39e85bcad9ffdb32,7550d5c5e1eb3e6828ae
6e0352e69b37de2c7ed281ca,2a3ab54eea2ac091bb6a
6e04e0847258ab69d77ba021,800e3366363b45a60a70
6e2caab385d81443e6298971,1bcb900cb0e368cbeaff
6e7c614498a3ff4cc9fd7f67,4c2b80fc597644678c52
6e8f67eb40321a6da1c939c5,57d574cd06125f55a512
6e996658ed446dc8b5729aa9,e786b32e275b823cf91f
6ea84da8d1e718088ac47453,beda99d68b8a8319d741
6ea9e49c64465bc4208c9046,1e123454cf52ef766699
6eb87f76f9745118f7f22dc4,8d19fcb6d38e5e6a33d8
6ec562c7d4069dffc236c1cb,5a8c8debe0b1bb77ce5d
6ec62308eb19627b29f0b88f,e1ab267c32089f88c3a1
6ef50b8ca1d955ed3bac8d45,a11b886807e8d1c01415
6f0c8c9dd7e65f83b95b12df,506f0b6e652cff2ac837
6f343d27fe28b3467e28857e,fc41b3d03cc499b4d171
6f4534a1cf10fe765fb1a4a3,2c133de7ea8448f425ad
6f999b97d96a92c524c6f201,e79f509744782684680e
6fa186063058db4653c72adb,d88ee488e5d304769a2d
6fa4b3e1662e704209c6aadf,ae5232e77eb34bca8d1c
6fa9b73a50bf9b9501d225db,21e3f0763e2f755d608e
6fbc6a9c3e2c3e4053814799,a7301d1316720f1a8361
6fdb6c0672c363e273886e48,d2f50831476109b984c0
6fdf3743ef19b4d57d915b15,75f237d5bb5135f6a82a
6fed5b9a0608a403c3fd56f3,6fa81d67a87fff70ef4c
6ff51ebede0aef3109dc9ccd,5541fb1a49f9e9edb36f
701395934fff724fa8cdf8a2,3bcb5211ccfa2b119012
701962676465d098818bdaa3,e131bf419586a7c9dc90
701f8e563f5a12919e168373,3ecac477a633dffcddf3
70264af70d63df5250308768,7549bf7a3b62dce24263
70264e6d8af16e04beafffc2,b613a866900ebb62f8dc
70470c13126c4f2d74ef8c9a,bcf26e8c5d6a81d7ed3f
704d858e67ba07a82ea80d93,c2f62532b20b6b74876a
709895976cc7269b2ab8f0e6,1ee0b37ee8622c2384e7
709d8dfcc8c9dcc209152e84,de4fb66e1b836ae7d4ef
70d805b36fdb85b18edf05d9,cb98bb0161802678ecc8
70db9b69d7126157e1c853e7,c044cc5a707a2e0be6ba
70f8d0d5b8120ff79825e3e3,ea9281df0856c33b810b
70fffb4c24913baa0fa7727f,4a237ec81b6accc56cac
7152190feaaac62edf8bcc97,c975104cf9a9530ce4c4
7171bb6f5b427638da723416,8a5b052ad1ce4ecbc151
717f50b5b04cf36bc39147fc,9f3faa228101a33a7e2e
7181367270edc584333998b7,7e8597285d2b33c78a68
71850527d8bf42f448d36188,f29edfff42dc687601df
7190a581d7650656c1a5ac0f,a9b929a1357e6bd98403
71f00da31194b2e466bb0376,0078067b8e016b963822
72278b75a8d7bca34abb2ebc,23a13912f4c4b41e0678
72675238d4d7e4040829a0eb,0f059507ef0653ab4fc1
726aa21b0222be507abdaf20,210c99ea7fafff7151a4
727df4abaedd1cda1d48f819,70b0361e1c572f95a232
728d8d6b64ae8dd5db437127,da7ecb907c2784fac142
72da9053e87e0fca24e427ba,73fff10eb9bcc4740de6
72fa925bb759684847c8dbe6,c7588287203c5e6c308d
733aa1c6252d228322111a5f,527fb09a92489996dd68
735551af083ebec67b655e2b,60e21bc580f115595425
737b504d9f51c25638fc8730,65cbebbdc529d1a61e62
738b07d99a0c1904c6849b48,66ae70e37e98df59c03a
73af81ffae00d4a9f21668df,2630d23825e3b3fbe852
73bfefe6705a484ce4aee52c,bc05894b0ecb153e9572
73c34a9b80b4686935ae3763,c261b222991afa831da6
73c97a1f3c17ece0b5131f22,17c2860018820b24b014
73d3fc61a8dbb16405bfc41e,69d47ac620ba2cfdd9d2
73fc5ad5b4ce96b8b67a2cb6,a5f7bd69f9d93e1ff5bb
7417f7e5f48d3b4e8003c3f5,7bee9323b05f84ecf689
7422c9d303bf2e59cebbb82a,93993c032269724babb0
7427569d6a3745dfa174338e,ca73b71d823d013c043b
743252f80bc47836e58db44b,e52e9efb6eb6daf234ac
7435454b8d338c68185a37c2,11aa227393e7271e82d2
7467d2dc811983492c4fba89,fcad0f7e0febcaca94e5
7478c2444966b50a704c4558,9da88082748a815e8948
747a2020f77935aa52cb0e2a,951622481e4122474a2a
7486bad050dcb722d665a1a3,66744042f3c04edeb4d2
74d959202fe183471e70e165,8bb3a03d88ae0d54128f
7500dc6c6e204bd3822c6fe8,23a13912f4c4b41e0678
7574f21d169ddb25b4a0861c,4423b2acf8c4b7aa994e
757fc65f0dac39189f277e3c,a2ee1bfd61b5616c83a1
7583b38340fb6f52f7cf94a2,42e3fc78d4a8331ed213
7585cb782dde68dd6b6c54f2,55080bd822882c11b896
7598dcb9458931cae107dbfe,bdfceb3a5efcc78d0b1c
75d2a649d86c14863da39b13,2d5b302ec1f4854d3bde
75fe6119d88dfafa980d8a9f,1e0d865579ff19315892
76261d8a4fa9e1f57519e7bb,56c444f6134e9e236ec5
767b289c670b1120c44fd933,848a7dc9a1604fe9c7c9
76d14cde09717c32c867370c,63dba165a19f489dba7b
76fa6f151b93f1fedf9b8073,060da4e7caed39856764
7709bfc137ca1f303cd52406,8fa8891b8a7321fb7166
773c4580d0b80d8dcdf3a9f5,8c95e6fbd36a2eb04745
7741d4f44dae53a3c2e5a2b8,125696910a8d6c41569e
77458c95b051dbbab3c7836f,d912b927629c21e2638f
774a4b41b018e9fd0730ceb0,3d6a3a467af61bf572a5
774b26f381ea1fb8d234438c,5ec7ea15beb624859902
77586c0d4b501c4c1f5171e2,f6881e6317050828c388
7777a62f318c5e3ddddbd4d9,75e4545806b90302e5bb
777ddce7cdeeff8066dbe4e5,af3efd06d6590e1f412f
778a03a8da22aecb85c05c0e,0eb499644b8f50f2fe8e
77a2715bad2455a3adc04963,8c2ae70f600ad3eac8db
77b41e9f3cbb5f162956c61f,b1b7b5c2f0312db17794
77fada6f166875d3d286dfe2,9c1051827a5762266729
782ef8ab7f915184f943af44,a9556c8cb67247763363
784fd009904cd8fe5cc0a08a,0685343043ff8cf058c5
7869693a8204b1f61688f5b3,1d827c791f8be5a77349
788e046648f75cebc0cffe09,17f3aa83e349a9b924ae
78a9c80312b6252faeb91e2e,361d7dece9490c76ec40
78b27737386b6ba48b6a2e4a,9acfaf2a8e697f48556e
78b534172459513035abf624,1dd649ccd8e10530b79b
78cf411ebe44fae99e49220b,9503956f704c38c1dce6
78ef1a4dde11cc4d43c4c377,192922c56d0f51803581
791ce357c5ef1e128caab920,41254650cbfa29a9f877
791d306461b1f29607128ec0,8828c327d4e5e2be6844
79481ff81cb089b33968a972,8840213f2fa242094f04
798292539cca4f7fbae3bdf6,2c08e4d96db6a4903e22
79bc0e13ca52995d9d39d785,2e87f5391d1fe1127ab2
79caee45bdc3647de3e3997e,4a1d13cfe4ad6ae45743
79dc35794a91ac3a67547025,7c7e6bbb6f3d99a8afc7
7a28256f3d1ea46e5438e582,d39954b4a8d725ff0d67
7a52b1e615f82248842d85f5,e0b1293f94ed26028325
7a66cac4d6bda688c2acfc63,46784aa2f683a118dfa5
7a6d9e4f1c4e452fc485dc7d,3424b2e00e245fb89179
7a89aa14b79807c2853185b0,799331d77c7dcb72a6f6
7aa91248431ac33a724e83e3,5368306c36f15a8af459
7ab80d00c66f1d77f2744fec,3091bc1488898767fc06
7adabba4b50e4b57fb379958,25878c4ddc72e1f05fe1
7b134972cf5848181fe06b50,02ca46f5e87ce776531d
7b204d0768c93a4c82a7a601,2e69621ff3496ff9f4a8
7b2e8549c7c71c7945c05d7f,b37cf05068745f45f45a
7b44bdb93251694d8cbd40c0,07585e9bcffcc0b6e29e
7b513e0adc8b15464522d688,167a5f023b9e7d6af6df
7b533536d3f56b6ee01b3a0c,d8babcc440b9905b8135
7b84db23589ecbd6bea1dc60,2633c0af0f142a397ed0
7b9584b7beb61a73bbb300d3,3077b65cac4b2476214e
7b9bf33700c8252411fb9e3b,ec33a796b0679f36a304
7bb19f5cb2b70e57b8109552,76624fd2e96c6b8d1661
7bb82e68a99b08e65e3a9f89,800e3366363b45a60a70
7c05f1679a2161a4b1214507,dc8c1e7061a6fadbbcbf
7c27eca9ba9b258649ef5740,61837ffdab813a8509d6
7c529be6ac2b172a3e673df7,55ce22ff12b3b14bcbac
7c9986843a01aa3ef444b1c9,4264b1c33a10cd8938f0
7c9cec8ba4aaa8314487cd43,b61b6f99baf0d3ce2d38
7cbdd703222db10371596ac7,85764b8b2c268d25139e
7ceff364848edb1e4af22ba0,27aed1dd6834b6777452
7d3d1040e071e2d06bd296ac,b3beb58b820488519aee
7d5417c91c1b814caaaf2a20,db3712fe768782c0c90a
7d5923dea0a2b77c74d6ca66,40fb812c9711e1cd0686
7d5cb14f3ac645bfaf072bf7,25878c4ddc72e1f05fe1
7d74a2d4c74a80e1109378fb,83c74261bd21921052e7
7d7e147eb1b233723fd6c0a8,b2d0111d42112631b7c5
7dbf8a7ca12bd25b1ce2cccb,b074f0b751f470aae591
7dbff62b23ed8c0d8317d137,27cdd50da4dc45211c6b
7dc0f59b27dbec4da8d81377,fd866624f32a35d78d41
7dc584e7137f5959ccc5e6b8,abbe5ba194711d1ace62
7dd77665b84ecf4b2650e6bb,5d5a550065edd4444c1d
7ddc42d550575c0ffab50565,9e5cf814ea4e0fd3f5d2
7de3506d9e191b62ccb4ba11,9385ae1d3a5f0d529d3d
7df0cd9f8b91cb059548c012,b6b57bf48c7baffa77a0
7df128c9b8d259935ce82e06,fe3ff47ef64c8e780534
7df1c377ffded3c9cc7900c8,7acd0767682e95f546b1
7e2d98141b3a54b117efe5ee,29ad3c8bd78224a448a1
7e356aecdffcd13337a3f629,ced8e773f53591118985
7e37f4ba947adea910233011,0584e9f46b282093131e
7e3db140d022f3b61e65fbf4,e7d9fd4e1fd4346412ce
7e4cb8dd394ab52feeb9d8ef,d2e61ada24a3e5b4b755
7e4fc0b503ffa5200f1b1826,b3c66a70c2ecb1d4abd8
7e525e36c95007ac653e06f8,1bec93456f1ff36fdfba
7e7e35906baf5eb320ce26c8,1015b099903fcdb6321b
7e885fa79430a006cb83dc7d,cfeee2cb6da1e2fc5227
7eb9f7934b8a495b8b7921c0,e2302a6afc108bcab894
7ec5bb6f01eb1abcb9993c70,5eaf4365372dbdb24fb2
7efb9d6f8307a295f4ed9b30,7975540be7264d8451d5
7f24f67c969c82fce4db9bf2,501ca3aac9d75ba8e65c
7f38a10886fd0fbd53c570cb,0fe53630e1c00daa6cbf
7f3a0d39a8264de886ea0191,be1fb36c09f47d487d66
7f7407dd984afb744184419d,1ca29a84e1720e4ed598
7f8df9a93fb36128789e2c5e,b78d1187fb70e87fa019
7fa29a44d6c4f8796653f563,2ef6277679b629a38654
7fb03444b9aaeaf7fad67295,97dce567162f3929313b
7fe972447d3a09edf08a2522,50bc5a8eedfa68c14986
7fed583303fc172e91a0a4f8,5092310a05a3c841489c
7ff6ac17fd243ea8980daa95,857941c9e9ae6a6c2fbe
8031d073be00faf777880642,6c7f406ae0b024886ab5
8069840cbb3d5d34a477c908,9397675f32c7918bda8f
808cd2143d77e26ef552ba5a,f261dd96e67f06e8c926
80a12d893a6dbd0e5461ee1b,44c0c0d62203c4b2e08f
80b7bb337881a4270203e606,bbc369f4a958370cfce1
80e9d0e28b1ce31a27c41820,6310198fd403addd987d
810d6443bc582a03e3ee54fb,eec39726876a7160052b
812987a8e8e2c730c356fea1,30c3c469db7a3586354b
812d6d127675020440cb6121,a6f986c377ad5a8edd7e
813e240a1f68f3f3d3e60e1e,6f4555646eac3bb2c14b
815ab6f908c3b06568f52263,1320d6e7fab51f195af9
815ffeb3865514404815f1e0,bc38e39286dc65846c0a
81ac60d5cdfb15c2c3c1517e,1144331c22570250abe3
81bbaa86e758a9ea9e465427,77db3a0c1ac579be041b
81e642ac3451ee35664836b5,722fabb3154d3c8b4f29
81f2496926e7900c83f350f2,99d31a3261ee94574d06
8202b4a66ba1f357cc0c011d,e413d5087015a43db3e1
820609b54736c78609edecda,cc353ce278a38cae844f
822314e8af0f634c57a9570e,55652e808facca0a4055
82795722032bf44bf3773943,f37d570817160dec6df2
82a79b8638caf62f3628cff0,e886acb1a647a100142f
82d4d733bb2c7ec59fd74ac6,06d9936b018f2240a7ca
8318560de16dde2c994ad499,0db7ecf10bdff247cf1e
831e258a05b48b5703ee720f,58163325c973b2551268
831f17402ffb952ed96f4e5b,07eb19fce2ce543dc237
8354340ae170d99a2a83a6a2,80c8f0d3ed5726e34d37
8383479be64ab5abc349f4bd,04f685a37e4effea8227
8390e962134791980abb45cb,7a4a86f658ddbda316ee
8399a006bd77af6f92c47668,5d3035ba5470dd7285e1
83a6aa4fb597be93422093f4,403fa6c1b7a2e218289b
83bfaa9fd6637e1916878f11,34c69a72145cc7631441
83dc88a9f895ad93e0654597,fbaff52bea5fea499944
83de413eab9329c4e323956f,fb232291f910dd1841e1
83f3cfb8d5e0d1f678b65f88,e03c406e3e58a02ac1f3
83fd688b896ed371b4c87b56,9548cae9bf8d3d3952a7
8417a3ea914c5c38ea923a58,da14622f00bbf9373c1b
845985686e0fb881f33163aa,2d71169de1bc3889b0c3
8466ddbb0b2abb75942a6b3f,f6d06d2f6c884cac7fd4
848e9bf730f930d6c8ca8327,383f2f1949a0124ac941
8491a4c5fb364eb1e1913d35,9410f24bce4f5e69c50e
84a4bd45d951d0b0d237b307,a11b886807e8d1c01415
84af6c8b7a5efc9532f6e894,2308663654bdb00cc2e9
84b1c1debdbe9a110e122f04,072a6b681eda61c98b39
84b2ad6cd9a95adcb27ccd08,3589499e2b3fbe474ff9
84c6182cc9795734e4da664d,e26ef8c95298f245de58
84d24ac1df32355bb0f739ef,69e8f42f8657ec02707a
84d597d0664eef88febbd4a9,6989ef6076f6e5b26505
84e48084aab0bfceb5039c8f,b5ff6e04dbfcac2740d6
84ed52cffe9b1dd9e9707f90,83eb87097db8e377b682
8505d22ba3fe1adf3b866373,44c15d8b770167304b3e
85127449bac044def5627173,e9c8c03b93ddb992c4e6
851c842e01f7a951501462c3,0c3e3e7d03b93f97a2a6
8521402b8b5c918ccd155f4c,0c3e3e7d03b93f97a2a6
8527dafc70aa3294b780e734,f6881e6317050828c388
853f78cb53e78cb1844dd239,8e05d587ca5053762f6d
858f00db6f2eb2621f0c9957,6a13fef28ada39a4886c
85a36f85021510116b2600bb,16f2740b4100d471d029
85a97328984de0ee2b491933,9172886dd61f366f9abf
85aa7c5f3cfabfe864ca5c27,9b7936b398e963c3808e
85d60d347510d526228faf91,87f2c0a6c36a0649e1e4
86109029c30a88fe51bae9d7,5b09cf29a8af36b0a0ea
86403e46546e25c3141f26c4,b05828fceed4005eabff
866d66af61b6037ef8019b4e,a9cf36376f79a63911e7
867c693b01142110918a7d6e,d0d7b009073dfc6a07a7
868626b1eba62dc6d5573f94,5ae2c68a793083607dde
8687fedad7f544cbdd9c290d,2ca73efe5f40251cc033
868b19703dc47c079b7d5d17,2e3db06b2675e79fbccc
869c33c18fbb34abcb8b7a3c,ee60efa98407cf8e7b5f
869c518f021dc5d6baae3416,253dd8f6d9b2469e16e8
86a11b553ec6e34a437a4b8c,7d0941ac1dc13b963ba6
86acbb0d5ac6a4340e3c0159,e62df36070335f737938
86b1a392f0a4602445aa6f89,527fb09a92489996dd68
86ea9ba84033a624ccee0c52,0e5d34c3afe12b950bd1
86f034e8de017fc97bcc6690,f31e413fdbd83106121a
87055f70582ca840d6bac10d,4f7b571b0dc2e8842b11
87548fd873ab624d6690d606,6310198fd403addd987d
8784c60b6ea99f94f7e29ef0,83e4dcce819ed07c7dba
8788d3a309c3958d35b5760c,b726c45c312a36ed7ad0
87cc396b613c213db667030c,47fd082ba49982daa97f
87ce611d0609f5c4a6929487,7bbbbefa21ddf5f5a696
87f834a465c9fb8d8e8d4811,3bfcec318f275883b64e
87f875905d71f444f23c44b8,8119fe2afbb575231048
88166d9ffccd5efe0931d757,fb776662f5b08d5b5934
884d8ce23b4c0a16edad6bfe,8a20f0da640e2d0adffd
884e55b227e2a74a6845a776,1442a1f34995276b0176
887047dc775455a96d9a07b5,2bcc147acc4893363784
8886cd4d2298b36b7ca5040a,755a09d3f9c71c4828e3
88ac80ccc374767f3a2faa23,13b86ec12a42817e8072
88af365d791dcac3bb2afbcc,b4ce26349d86e2b98973
88b10e28cd25a86b09126c09,1fc477b61fdd3af3871d
88c442951fee70337649a1a4,d7a3523cf8d68ec387f1
8902016e9a0302070a459648,193940f5baf64814bc0c
89178d0f9f945a8d2d14f42c,5223a13f12e0930eca57
892605c8c2923af136fceff4,5ae2c68a793083607dde
894594d314aeda4443a931b0,c1a27c7356864cdf7860
8948e23447be9e6681d76c4a,9c5405cd5e147201c2f1
89755ce7024b1ab7f738a552,a2cdc9d5167902fb4013
898051c5ab8d51d417c573a4,7d898e87c656eb3e729e
89aabe7571b17543f1890ad4,765541b78b5a89b450dd
89c640cc45b2f69b4a3c9961,ddf883e13bb54f127237
8a25ea9a37dcb20237e6e077,5ed8f1d022fe3d4f589d
8a304a970e42eb3dd72eb668,d08e42814891cfa24604
8a324d30b91469d8b0967c98,b06ad819950ca2b522ac
8a3c1fa5424821d8744d0183,4bad4d10faedcef1cc28
8a63a62dd08fbdf1a218f591,59051e0ec4cd7ea06cea
8a64c468101f4fe8be02d020,8d462ea5d95a9ea26e36
8a69bb8ad4299c4a596c69f5,dedd14302d6426db71e9
8aefe3ebdc5326f209a39b66,2d805382c26c6c1eb0a6
8b32edf3815ae33064b89e9d,93f86d10963bf3c67448
8b48166e3af2e9cbe03c1374,35471f2e2c24e4db6653
8b57058ec313685fa777eff0,595b3a459204afe6f637
8b7463ff84ede9e90b698014,55f4fd7be02f524662b6
8bcd7ce196a236f17095b771,d9763d8ea88410f09382
8bda928e4de06b9241cd1525,10cca70bf25eccbab713
8c1578a9f0c46e86bc9019a6,0f3058ac1cc91b0f3488
8c292e9cec5f9dae3d481ccb,86f8e3dcbc3618132711
8c2adc692fdddd2385e541bf,ea135e0cdfbf8342f5d8
8c3f0630364519cc0e1815d1,a61d31bc037ef74b872d
8cadf82b98a5c28a94d2a162,3754d8ad141425ebaf58
8cbf01d7745de1770933ff7a,7b62f70381bea3704b7d
8ceadc667d3a695bf87478b4,5bb78bcf61b8c556666c
8d04535325578c9ab4b75aea,3c64559470faec173d59
8d0454c80fde210b30d247b2,c7f70d860dd7a56cc61b
8d20f174a84b5a2441119f29,3be811070042c4996e43
8d27bd1a75c57a6ee76b823f,281cd56e7b816f5b9f77
8d5bbd9c808dda3d5150591b,ffef5a0f25da691222f2
8d741ac7a8a252da103d19fd,d0175a8516c5e1437ac4
8d955f49446f27cfb5a5ec7f,7db2d0fc18be02824c96
8d9a1f990be74ee95c3dfeae,93ebcb763184137f4d93
8da2cca5d0e89f0d56803e64,ffb1eaa04bd48ceb1c2f
8db562d14c293c691351e6f7,479a5a5b9a630a811b92
8e60b1620d887590ea2bf19f,5417d744ad3dec20cf42
8e82cdb358283a1fbdc955e9,e5e0cf696f0ff20b47c8
8ea4e8e706a82bd927346030,5f0bf11abc5c3cd5c0d3
8eb854ec94afd77b096ac822,ab4b45a904996f2e1c08
8ef270247694d28d1dd541c7,71a2c9705e4769448c3f
8ef3112fe20028ca26ffed16,78d00891277b6bb57616
8ef73afb6297829df84d0843,cded95c75f29f87800fe
8f166fef6b67d8e7335b5f09,81f6065715709304f348
8f1c5caf50174d7586b09c7b,8ae5ac375e933ded10a0
8fa94309731383b1b33697e2,4c1a96008178ce237bb3
8fb93f72c32c298e59157597,43477d40e548ba0bf298
8fd098310e4828dd9ca33eb0,ff52b6a17a4b39649962
8fe0d78357a2c9bab4da03cb,8f5aadea5488293f3aaf
8ff444f128f05a90faddc6e1,02a9ed92ec0ae6bac047
9002301ad4f92f536bc19be6,e2d4b41e72418e55ddbe
900c7aa35542e5a99b18f000,eb603e167a8660a7757f
90366c308750b35eaaeec0bd,15969bbcb5a711a262f8
904cd46df3aa220fd4e32c63,786b0dfdc2385542836d
9063057a640673d67070f5d9,e329e24134d6a10ac519
90807681ccc4179c77db3384,4ec2dc0c47f654889992
908b6eda79c7e5c6b978e5d4,c18f42f34d68e2d16fa3
908f6dc5d7954f3ca4084f11,592434fa91ab35b42822
90b47963401d2b5677baebe9,665151cf0d80b6a1c13b
90e09adf80302e54dfd719b3,24ac5a6d2cd2455f86be
90eda920e6ae3802b5c25045,800d5c73287cc301a9ab
914b73b69c8952736e384e1d,6cbe46735f16443379f8
9169f1efb0d09ee4f1838f92,2329b24cbad3704404c9
917594173d3358286561eb28,a292dfd425352f0a9b9f
9176c0aa654c0d664e7899d7,54450eda3544bcaac595
9179f63ad42ea56fa3ce8af6,b534b574be4e970cb898
91a0a3318b43aad3c6aef55d,103a1f07bd784560a327
91b091c638156a6cac017e63,88c1ff7af0d7b47852d3
91e53497ddee31bc7809e1f9,40e4f95079db70a2f108
9200dd00792523125f8ffc66,a4d68b22f490531d8ee0
92200ea8cbc92344adee548c,c261b222991afa831da6
922a69810df64cbdc4321ab5,cab5591ddac882f58fc5
927909297c7e12201b596a50,f4f079f854f3bf230f3d
92b7c706357e538e2060e663,c1130b9793fb28fffb00
92c0f086a9f727f9eebfb068,3c39e2e8989eeb33d92c
92ed84ce26d0d028fc134add,fd4c59b0c782919908ad
92f71f693150a58a81e8c111,8f3ca2e66c15437642a0
9302f6bda9c7b0ff020ae907,6a43292d21c190ee5a38
9322fbc46c38466d1a890e08,d8a49936432af4d58687
9343c88423c711584069fef2,1f0e43c7ed0bea7df2ae
9366f251fd8d3269944f487a,76c7b848b9002813742e
9378ac24b592c6e2d165a893,9071d91f08ddea408a65
937f9cbcc7b0c269d7a31e88,fd5ec2ca38f4b1c2014b
9395047230d44275f63c221a,23a3f2e29890abac4258
93b610b8861fc1595fd85a06,239b870126af4cb73639
940c3dc300eefa91306b1973,a271552ae5b3df318ccc
94398415c2a958430e92db78,f133f9a47e589044c0af
943c79da4e7c87b1db0f5c05,f5bc89f7b46fcaf01bd6
94629b634b6a5060b316dd61,7ca73a193750365dbe68
949215ce41dcc7c6f87a44cf,3e2bd66875e198bd32a7
949ee6d56f63d451c7c7ca7d,afe11f507d4d6f15b12d
94a3196ca4135d0f60e2220f,7ed57aedb611e0aeb8e0
94c71e6fd050542d485ff9b7,c9b49a387d744b7f1880
94d2034c8955a2891a332cd8,b58443ad49f5f8ed70b4
94ebfce1dca250c9218e595d,e2629529851e294fa333
94f84f96271358b9c6b29e44,bd9e2a837f39218a5b32
94fffddc640b0fea67429651,55652e808facca0a4055
953e321a03f91d15de13a3ac,c017d2df0ebeae6b89ab
95480c903b4e87ca23076315,64f8615e33b488f88efb
9565d591c16d9b321416470f,81af2b85498041fdcb1e
957b1ff86697e30ec83f1438,8dfe125b4def5fac1f43
95807492a6be16233f2926c6,584f7056b28b8f8419ad
9594e3eec0064cae12029b62,6f4555646eac3bb2c14b
95b2c309c754270ae3d1a5ba,79147e2fafc2ff373a92
95dabd93758b79d82a5abf7c,9ab4b476efedd1c4c398
9603e99f401325f1da5c5512,878fe33a1c19706bbfae
96360be8903077a2e56dfadb,a58f39515b478a00e767
964bb019088b04bba8bff846,57f72750e4e03d143c32
969252bfe8c368b611876fb3,5d411ba7997a17fa1005
96d00fc344aededcbe9bbda3,45a67b313b481d21fc50
96ebb733e584de704e6fea13,6f981fdbdccaf236bba1
970f93ae223ce2040089a4f0,ae94183e8d0071a80969
9722d919e6f54b22ee1ea2fd,bd1578649600654c76b2
9751393b4dfafa318cfb7217,2b8c847892bdce257fa4
97593fc86dbff8e55a315dad,bc245f95310482d2bb22
9770d222218502cca20f530f,2ab5d1b3255af7b04ff1
979aeebfa6963a896fb7dd4a,afbf52be02228de13717
97b83eed56a7162871a924ca,451dea033bd098b7b92d
97c8e73059574f6b636a1e45,1d5c88362118d6aad224
97cc10d84cd2bceacb165871,a46204eb8422f53d829d
97ccd1b9b70d6e4cec2b9412,bb6338586356fd4e4013
97d4c68c6aab82f5e81e07dd,e4210085999af45203a4
9807e7dd38b166117ec6855d,584b6971bc93cb80a897
98261be5d65b3654a9c6555d,d6e7b3c706073464a80d
982b50d114988a6a81942f01,562e0b779390d55f6b6d
987bc7bbc5983985563a253d,1f7cfb64c17dec6b516b
988bf3d0624589e26bfa3149,f9b30f4f286b4dc6ed9b
988f389c7c8d2c4c79965712,24f4936807d5323b689e
98bf93b224c4fe803329ea7b,b56b1c1e0f99d09223f7
98f96263e6049ee593f617e5,0deab733d0da5aefb7f7
98fae408e78dc7a21a41f3e8,2734e089c8ae433211d4
99084a25e993b2b4917679ee,4360275cca67e3ca92f1
992578b0289b61dd74fac7b1,07eb19fce2ce543dc237
995ba89f1e101ca18a612098,e34cb71e24f331222203
995bdc8e91d3c2dd9fcc50bd,149ef991f12d1a42f94f
99a2ca2704e3782acd46378e,03007894bdf263598d2f
99c2bfec33931ee7fa474349,d6eca2efb9af26c66fbb
99f5cccdd770a0615ffa551e,6ea009b83316b04f61fb
9a1a96dae2c0f2a7d96f1459,b3ae65d9c212b6d30209
9a1e3661e1e9ee8eda167196,e42fd3a9a078d3d283e1
9a259ddb577370aee1edc805,ffb1eaa04bd48ceb1c2f
9a33302c0578f6da787ac34b,860e507e1419c5070e15
9a44339f8a382dc651126992,878fe33a1c19706bbfae
9a7d843c2ac133aab2c8b79e,63b284a1e2b812881666
9a9a0b8396e9ff91ca6de3ac,ce915aad3f54d72292ab
9abeb8d16131ebb384942db3,7109c6428669b243593f
9b32da68918fc2e0e52c11b2,3f5c06cea0030862bafd
9b3bcad3a172a8c9fa52cb94,dae7000102ac2d67fe26
9b40960c893d83e98eb99a66,351cea8ba746ed2aa1b1
9b41ce71726c4c0451996c33,0808c0718b6230c09cc0
9bd8032055294020de3a072f,c67dfe55547ccbec6b2c
9bda669571b7071ea2b1ca98,f56333de361bf769208c
9bea0ec4cf5b971aa4798421,1e5ce769e3c1476b00cf
9c1abf018e02a601710cb180,2c4091aeb98d9e7cd260
9c1d2e735330847cb5e93e0e,4e4cb856ba52a954a691
9c28f010af9519c3a8dd5f7c,1ba26b040da108053618
9c31066ed2e9c67c5cadeb0a,7a9c67981df8364d5d1d
9c3ea57c9edfc238db3cb5e1,9e9dd2a3e2f6c52a3b6a
9c4f7419e9ff1129e2c0f446,57f829251f6a788cdbbb
9c9922ed5d12e1c89884c4a5,0ffacb31e9be2d9f680b
9cc01830e74e38908d53cb14,509bf0a6a0952ff2a9f5
9d0141304905475e0464ede4,080d00d434ee8a7a5086
9d28b59979c7dcb13febbc80,bce80094e2a6e67fbcd6
9d2ea325409f765168c563d0,a0c7502899947610420f
9d4baf1c6a8384d7fcaec3fd,abdce1e86d64a63fa42b
9d795459989521f4ee4ec6e3,0feccf819e715f7dbaf7
9d871cea9f3c89abd58026ec,020a32450c5bd50f8476
9d9c5b352abb49e00eb840b6,ebd27e3614043105b179
9da6c071de043a6c03cc96c5,3b472239f1d8f0d95279
9db383ea0badec9ae0e8c540,d260d52bdbba9aae3819
9ddbe592eec7fcaf368eae10,5c3ac2df769d00208593
9e09a141e0c1976412fe588e,c8ddd514a203f3909f04
9e3c7c27eff84417441d704f,3452ba42d12913c032a2
9e47d300bb731cd5e1ac444d,f4c0fe53ff1bf66f75c6
9e5da515e7dd67b80148fcea,cd4a18577c84bcdbc57a
9e86b17799dec67bb968c74a,6e2af07fd18db8190d01
9ea29be69f3dcf644a60f50b,46c9bcaa2d616c66189e
9eb780ce7bcfbf5bb2e3a86a,0179b1a09822dbfc66b9
9ee50c2a3b75ef61fe0339a1,7db2d0fc18be02824c96
9f2188e3b6c195fb2b51b417,a84738b06c7621888b97
9f45a4a80d9d6c34a47bbf46,8a5a5c4732641ea3e91a
9f8b3f7ab0af3ce9e662094b,e83dc4fe277e73e00807
9fb3ca6dc140eeeccc94b43f,2e87f5391d1fe1127ab2
9fe917b178d52d41105dae9e,bad56c7388046e9f1529
a003c03bfb08bdd5a14bb341,12f9ec99439332fbf5c6
a01b18207db05036d9b12b9f,bd9e2a837f39218a5b32
a02324bf0ad96397f416af8d,e66ce47fd53b1c52cd94
a03c7a3e5538aca50f5e208e,8c85a8c2d53670d9970b
a03d143084b5f62f061b42af,a0384085f65a11236e9d
a093ffd827af3a5b5a174f01,7276d72b3578c8390c93
a09521ecb5200f1ca7f9105b,6569d0c9473bddeaabf9
a0b52cd84d7f37bf10e98daa,3d17660696e1e1c26d3b
a0c5aa865bb85325541d35b7,cc2f69a3ccfd7dba2717
a0f422704de80a1892d3ce5a,b9573525c87f535f2f6e
a108335f8ecc6c428fc08e41,920a85ee47beb1886f32
a12776a44c248efc28c5baf9,5e70bd119ce2dfd298d6
a1328bafbe89a06517529422,5b4e8b43040975f50790
a141ed0ee4aca7995cde30fc,e27d64656212d05953ea
a14f3c94618978f82818b176,538d46372b4b55bbe432
a16031a384069e0e87819834,ebd711d9fca66326c6d0
a1744f60333417628e011661,002fe4cbc139491fb280
a1855a00457ff4348f8cc75c,6cb93b4f1ca223b1d5c7
a196f1d5dd6b6b962cefb633,8d3c55ffdcfa756a868f
a1992eb494de28ba177fde88,0c1ff6e8ebeed68ed4cf
a1c73a9a70efb7f16b6b21e7,fb05a87a0656ff82351b
a1cdd63a699bc479f974d4ae,38438e685b3bb62a474a
a1d4e90c6500029c97386df1,fba740e09466a5177f86
a1f1480e7b505ef27d25b9df,560373fbd33d6a1d554d
a1f28c6eededde09e4b68e54,06832d551760f05d5672
a1f9b89a5e8665e8eec4a127,31ec4f322f3a7e4981ea
a20a41eda1836177f6443f3a,06100f7b056beab780f3
a224283807bab7c2980a9eaa,c327c084c0b4481ed76e
a2255db94bd97e170ed0012c,f85119383b1b9dd3e8a9
a25cd127762d12595ee0e2ab,1f3767653d3f9de2710b
a26983a8a4ae9db00ad45fba,71dfeb4a6de804d177f4
a28758af7efe851d5de64110,5e57339156360d0e7be9
a2afbe7fe742037de6c34b36,678b36a03881cebbdb6d
a2ee465da3b77c6225fd92ef,3ae671959147ed88ec87
a3128c905e41179a24df272b,cc17d11d9e09a2eeef40
a323430dcd1917b820eda290,99061fa9e8a8bcb2271a
a337de98e1877bcee9d4d4a2,de3696f96f580ff593c2
a3581989a223a3d3057ca695,6db4ebabe8e81049d3a8
a3cd994b6135ec569b842ec9,b6b57bf48c7baffa77a0
a3e50405de438346e70cd724,3f38ccbd853bf688826f
a3ea481d833766d77fc76883,9fad6884aa46a8259424
a3ee9d674adcf536f29085ba,468de230e5ed0107cf4d
a3f4ca094258b59cf386ec8e,a255c01941549c11baec
a46eb31047b0b8cdd07dccee,3cbdc62123ceecd355b2
a48992dc0184de997522a4f4,6fc15b52cf0c4a5adf18
a49b430b63785a811db63d98,3705b89f20c65715e301
a4a24f44143041519fb6b4cf,fa21e7e4fa9dd92c9e39
a4aff2e5199814a252c7cab2,088fdb15a6db48a79814
a4cff3c6f2e6e9bfe4381be3,2329b24cbad3704404c9
a4e72b9892c23b6803594b69,0ba4761959ad4d0267af
a5033f5c8552c1d278e9112c,608ba31e6fc3fbbc888d
a50c0de20289457b452717e5,2ac91734e39c1dada613
a528d61c15bd0f03ed1f973f,7a602c25ede68817abdc
a54edc34bbd0f2cb52945a86,718c48fd18ce9417306f
a56c051e263a3ea33b1180bf,fb21c994f2e6329d2286
a577754c6175634555d2612e,0623b3e8abf8bd4a654d
a58a064c69ea14cfc9f22724,c1a27c7356864cdf7860
a5dd66188a717f2ed433e56e,0236a3d26b46e9a2a723
a6087082e679f3945690220a,63bd2f88cacd1bf92ab9
a653794d0cf0ad0317fd9faa,e26c9527c6a601530289
a65457813dea836b16b39c7b,b37cf05068745f45f45a
a676f48517d027fd5dbe0b30,62cdc9dde1249d191169
a6902d35c4cce793f49c1e78,7521ac7ef6fff0951d29
a6c16cca2402877a21fb2b58,d8921e73874d33839c79
a6edd70fe54e626ceec16ee3,476d4c13b8d7c75927aa
a70ef9a1e21400415fcd87c4,092a825369c5427979bb
a7345f33176ef0ea948c7a25,3f52cce61e5bd930d6d1
a739e035572cf622fd22001d,e5768d99f6da7070a7c8
a73c0ac7c6a5939abcca7c51,bb139036ca5392d44969
a7470462c020253dedf9085e,28a33396b3334e34833f
a74c80fcd28d2a0267790551,feb3dca28e29994f361c
a7580996102163f76f981c66,117b4430bde6bd1c68df
a76f3164487626b0b510c8cd,e002b1c67c1b105b4b8f
a78aa28ce687c2f3a19a492c,355d0d405c1da1ded78b
a7a4b395083065d8881d8140,5161d3c5b48e14c6ca06
a7c09ac03420e2ebca31cc7e,f1e4a976f509bf355fa3
a7c0a4817ca62b4f04bf4d88,b35dec96e81f50f3821a
a7d898ab5cdfd896d16009f8,c458d867665cd69aff1f
a7df6c225ef0f638951d9fd5,65970d229a3662946bd8
a7e5ef88999c6db44af6202b,57f72750e4e03d143c32
a846ac789b79adaa17bcb2aa,2bc13d9b762a703e5621
a850e6497d85713f11ae2fe8,21da61a7d532f8805796
a884364b976cf7e6f2f331e0,f1dc9a1e2f9f6625e5f1
a8b06934da98bad8ec8d9cc5,5080bfd576ad83b4974c
a8b2a4eade8b71215e9dc705,1511cc79d1b596392747
a8f36ce48cb14b72da5be23b,231c1a7fbdd54dd69b9a
a96d97957112e428cf5129aa,0eb499644b8f50f2fe8e
a96f863b6476407540c04c06,44d60d059453dcd37247
a9a096c740a0e1b1bc17bffb,d14cabfebb65fd196741
a9a47d093b8275f63665b8b5,0f3058ac1cc91b0f3488
a9baf97c7c3bee4f6531b6da,b0fb4ffdea6244ec40ce
a9bf9c7d684a62656b4c1e5f,6b1587f216e9d5559483
a9d1caa41712462ccbd146aa,022733d07876339bd8a7
aa18fe1270d024e8868ff606,64f3b2e6a29b0747052b
aa1a052c94c5be2b029e656e,dd11cb33df508e8f236c
aa459c9b34bb50465e15f147,976758fd63c2970a418d
aa7f341bb08324fb71e32538,bc245f95310482d2bb22
aa872cffe35163f025cadfde,2f1f18987b282e7e7ed2
aa8832d4dc69cd09ff4c38e6,124b4b4c9b56288d8203
aa8e5527490b7e9776d5808a,860daa390f63b46ce253
aa9c58644b597b9a2732b248,33bf6ca9b18aac27644a
aa9e91ef668b342203e4e607,31513b4a463db017eb3a
aa9efb69227fff36a9cf925b,a255c01941549c11baec
aab2397e3daf514eb3c1d84f,7ba55aca0ed2222acd90
aacc4c8d6ae195920270c653,ff5c85e2aed6f2ae2f9c
ab1b754e78b736b294e1aab1,e667b1ca81baf3990f73
ab2b259be86b81ad7ddc2fea,0525fbd984bfca1e5f01
ab2cfaaedd010b400b418f30,ef4dc5b7e6f98b4701fe
ab5d194b36571b64878f86dc,d3cf75c0eb526881c1ba
ab77bc895c3fee6db57eda75,fb21c994f2e6329d2286
ab88cf2e7fa04cf6b6f765fd,f148abaea1a6b56cfa3f
ab970af4796df5be6e0e7885,a0846dde68ad52ba3e15
abcbf9ca6f1308d1c4e90a00,66ae70e37e98df59c03a
abd68f9e75ddda4167e87959,c8e4805d65d7526f8f0f
abed673d0a3d88838814530c,5ad650d006bc6c53b7c2
ac161df13f46b2bfb24cec9e,e99019456ec9e99b60f8
ac163ca2c2512e39771302bc,28cbc2b1a61de9405e4a
ac3c38ec6ae43cfca3ee903b,08f9e52f2c11f0f2c374
ac4c46c7b3b717464aa772a3,457fd3db610d76f36343
ac87060baa7a0d48e2eca542,6bab2a8dfa6d6202792a
acb23b9c45f50c67d5c39f72,07b08386bd9975bf9e09
acbc321b22a86a717ff42470,2a397dcfad221e9a7493
acc008a7d349d154b02f7362,d0a251df23540f676ff3
acd02415d269fe8b088f0a55,5ebd954339ae950ac213
acd90dfc25983469fdd92c0b,93f35e914eb0c661c8e3
ace647fe484f437280b1ea98,390af6b81cef8a0d9b23
acf2f7571624f479952a03d4,029945bf09d2dc8a01d7
ad13a9be4acb723576b8bbb5,1dd649ccd8e10530b79b
ad14caae07bccd5408ff385f,32f69e78ae9f503b9706
ad2d49e98c29cd5d9ff1d144,185e8f0eb05a85eb41ab
ad519538b6eefa7e10639319,34c69a72145cc7631441
ad5a335bb540f90613c51067,fd8b5950b557ca4594fc
ada1d33a48ef7a90ea97eb87,72dc40ef1448a489bcfb
ada3c385b3d62d48191b2499,b2a11871d2774c4fad14
adc3796493f8ff5fc74791d1,c0ab4738f02e28e578d3
adc794da58db2da799649c0a,f96b11ce85878169863a
adcac17e3f1618325040815b,7e5c0a78c2a06405f632
ae197b64bb2c555c51b93cef,8e50d2f3a3bdd0ea1873
ae32275b51b0e55ad8bf5438,15a9a7ecdfe75f53c82c
ae7d873a74d0298a05d2a517,d7a502bb42da58a06e30
aea109983194c7f620639408,fabc697471fd9e0086ae
aeaf7ce170f3d1696bd8d783,a40dd2691a9eaa4e0a6d
aedb51efbeb40f0112d13dce,38438e685b3bb62a474a
af2ad5cc3bbdedad12767904,6e6c46a09d03b7494974
af3f7c576ed378197d58bbd9,d132fc393e1febef146e
af485ec17ba61a2058ca76c9,bbaa3b4a3ad431e73235
af859208387daac47b80c29d,a8e71b67e799a6640512
af85acb178a4e7c1248c468a,8fa8891b8a7321fb7166
af9306c4530cfc739734eeba,93e6907f57b975ef087f
af9a3a607af3f9f767a063ff,b9fe6dc34d102ef3c290
afa92d5cab527035a619107e,c290ed216e8a1bf57cca
afaefc958bce651cb979c0bc,5cf42b8d1095eb52def8
afb323357af4ed5e88e03991,0481b2fad8081dbab383
afb47bffe9a59188dfea4e5c,e0f6593271c25bf873bb
afc7adb8f0b1d6da78ef56e7,a4c5edc18d88e8e5905c
afcb6f9c16406b52e315c425,6a63f8bd9227ebac023f
afd537dea318cbf9c3364d01,9f9d10aef1e10f9e8ea1
afd633bc41ebc20ab204d61a,1958f22f2ea1286cf275
afe87e7dbdc9c692ea379697,6baef48701c4f2dcbc2a
aff87d2c59a18977b34c05b4,336e1614d0db88fd0869
b005cf16c2d14c890070aff8,90deda2bd7e3867572b2
b0264938ab215a9c339f62e2,6a6d40de5881c6ce66f3
b02a176b6888c6c77eaa9a49,987aad27123e2ce8f2ff
b02fb6736a7b13f164e3cba7,4b3525108431c46e8a36
b079e981fc82d4f22b523552,98158fa2bd72f20443ca
b0afe78f2416b221514ceb0b,82eb3fcf042f0014e09f
b0f49cc415cd66fa5394a1f6,d732376a5ed1efe45a61
b1024402b07afb484916a6fb,d161ed7b0e6f37d7484c
b10b46ea50939d60192b8bbe,50a2ba5fc2f22114e6a8
b13c1f0f898d44c1db1ddb91,2c3e3a603334b367a075
b140456685c91ecbeabf8af2,867650a96ffb4a4bda89
b164ddfe3a96bb4d1c8e8fb6,66ef05de049d806f76d0
b1867a9e579952bf83df2c27,bf57ef9c05383ff8c6f9
b1964e77b344bc2723356901,0861349664632029e1a0
b1a3f7852775c710bc953f44,0eaff9a42ad0c5a0d57f
b1c99a81883a1378f37238ac,86c097c4d6e0e98d71bc
b1dd0a42a3bf5034c7f72997,a13f3403c012312118f9
b2074583795c5c607601fff5,6e47ffb7233fb05ccb79
b208534218dd3af1ab553e6c,d53fb5e4a47990f4a350
b219c5dd8faa6b1b48c382ff,cfda6a3c7125ade77378
b23fb4536d19b56ceed311bc,7c2bd98d80345780d0e7
b270d05122c94c6856f2eefe,d5da2e1620e91bb17ab3
b276a6f64e7c112c1642a3eb,ea712e551f9f12395f61
b294550d5177edad68145798,17a7b0335de9416958e4
b2ba52329695cf59bd52ca07,1d297a0fa48a5ff434b7
b2bad2fefed25e4c509991f4,9b7936b398e963c3808e
b2ca8d7bccc655dbbd7a073e,6e97a23aee03cf48829f
b2f4342126cd5afd5575b012,29ad3c8bd78224a448a1
b346899bbda0dd240d436c76,82b382e169e6a43c76e0
b37927d509bd8e5f57ca6b20,f79c73398703f04dec29
b388e03803964d1bf6d85177,6ebcfb27372b2f6c4964
b38c299efc3e7c4058f7c2c7,96f1cb83fa8148094b46
b3a46d8c0a88c2ea465307cf,b1d71cbf3d8fecb77ee0
b3c3f7dc11f27a1b7839c4e5,c08402744248cd6579e5
b3d58f59064e15c14e7e0e5b,34d7cca754d7c742c134
b402e517c3493cefff905963,93ebcb763184137f4d93
b41316ad6f759a0ff154ac95,5227abbf3cd0699cf290
b42153a43526bb30a3e4ef2e,69142ac7c67cc4fada9a
b44348a88b602e9490b6e0ad,9c75c0115495ff35a337
b458f8c061381f1b77125573,5e70bd119ce2dfd298d6
b46c33f3645d85be564ae4d9,90f7ca52195651db2750
b489c25673d0401d89eab027,78bf7e0c0d3c4cb4a9dd
b49e4356d756f995cb849a60,b37ee3a900b34512f463
b4a1207b39b2658101514d7c,ae06bc2a1b309d99851c
b4af76dec811378f83133ce5,253976f435d39c7ce0cd
b4b0c139b5207be7ad9aaa50,bc8a4900585f461a6fdd
b4b150fd18d66586d54a44e7,f1d92b168f51a5ad98be
b4c7229889da856e1ae30d0e,de2db891a3a331980b07
b4e3d1bf8664158373d6e21a,d2c49ef5c4fac9dd6457
b4ff88c3e9919f4725210959,800d5c73287cc301a9ab
b52659090c0ff27754201996,5a20e6e6553ff0ccfff0
b55bae73d0601895c9139f61,2e40fffe1387812fbf6d
b5a4806817b19fafd35344fb,f8074f322af9fe05d484
b5a85cb8c33193d2763d6f86,ca4de35eb6c208b499f4
b5c5df40800af2dc3d4aa985,0d61eda07a22b5b03627
b5ccd80421f262785a2febca,df64c9c77a55e61a4fa9
b5dbed3e0e806a97c662d6af,05ecedec8d368743913a
b5e8ca6a9ce8e536c740967f,e7ac56fbb9bbd43e2b49
b5eee17e8b3306dc2833418d,69a157413f547e09b174
b5ef4c9493a190f8f3ac35d3,6ddd5610cf93bdd96351
b613485805cec283ac37dc0a,7a7e056891f0199aa1e9
b6162e6161f57a99216c6254,f823245f4f63838a5374
b626aa6e46ec7b6cb67358c0,fb4c5a4c2443ba033dc6
b66e0eb3971b8fed047aae02,3a7adc116e0775a78510
b67456e865236e54db2b4e46,81f46587a04ca5202b0d
b6d635fd45f37588f02309b3,38c093f654a806f0fa9d
b6d91ec610119307dd16d14c,d6de2519992073396050
b710be638301eed523f1667e,6e2faf2ee65e3280ed90
b7254a052684a56fce969a84,e4aa2cc076b156bdb16b
b72592113ecd29e3035c5ccb,8a20312637c7044a6b0e
b73db051e6351b37393e3545,df1f0486894608b144d9
b74fe10296b8a8552639d533,253b2bba762c734b9b9c
b75dfe1b1691ad72e35f7da2,e99019456ec9e99b60f8
b76b125de90fe8f32473ee3d,426494aa58d235acb145
b78dabe2e1eda21f6c85002e,b7a1509708dfb4db7e93
b790f9961464fcb696c1d5e2,8f204d4f0ceca356c37f
b7a6aaa3d11dfeea00ca04d4,73134e82976b88d2eb70
b7a714ef20923872e5fb68a2,e176cf57889814cfaf22
b7bad2362fc1c27a71d1301b,e050cb29328b4cdab4ab
b7bc6e45320e83e10fa58898,e4897abc891475da3a0f
b83d5b00858919075c8c7b29,512359f2a09ef6e1b7e6
b85a8f1745db74477185b7ac,e8f680a8ae90059a4e1d
b87b473a0d6139ecf5d71cde,ddeac2bf853f62ba78ba
b898b233fa60fb43d0c94157,89fd880ea585fbb9e113
b8d0b90e1f9352d304635059,d089d23e5840b9816757
b8eca0ad0f04e142464d86eb,8c64b6e9dceae77fa087
b935272a8f18eb6a8e776d7e,b5ff6e04dbfcac2740d6
b94820b19a1a08fe91941072,d78e0c4b788b40df48c1
b9498eb734f62882b4905dd3,f97a2cf0a576d7fe6292
b96a2cc8a085dfe5d504710d,7dd51debff5f261b312b
b976b41a0f49030e6cdaf430,defb05e498a9ee45cc13
b9889d1463f943b5a94d5e62,05ecedec8d368743913a
b99dbe02af3de3247841930e,61f3a920d01590db622a
b9a48798a75e9a2213c327e1,d0b9cd79353c19ad229d
b9b11d6a847f531aa9076d88,cf7fb08172f5d85e96be
b9bd6f57e2cef221806a9caa,ebb35e5a53dcc8a50d87
b9dbf2d1b5e64b8dc82392eb,3c8ea15e6dd17d04dac9
b9e3a43205a85c176bf8626a,1fb7eaa063994f318b0b
b9f96bedebcdf32afa01a7d7,5343666cabc28887a174
ba011194f9bb0e24a37490f3,4cf2d124924633376ff3
ba1536700ff764559701788c,99799fb7003635eeb278
ba197c1cf651f0f9091ebcf4,34b9c8b52a59cae3d9e6
ba32223067d8860127b58438,14d21df0a5e7163fc464
ba3590b2af96fa01ae78eba4,3318ad72c6c709c4307c
ba3fea5007bf7a87610ea1c1,44db64e83b39ab163801
ba41933c59cb451570f6a8c3,a23de6b4a3ed0d472e2c
ba4346fde60a3cc8544009f7,a2893f40f64f57a6b371
ba5364b715bbd0ed804ad1b8,c126b4cff5a86ed7c77b
ba63d9bda8e79731a59e882a,b5f186de2b2bd547c74b
ba6933f856a823ea52d29ce1,058d04439f5c789a6b9e
ba8b66c6c8c9e70909ef9aaf,b35f8df34c943c0c449f
ba971668c37453adf81afa2e,6ab92fe9e5eb29606edc
bab2b6bd5db248d2253377dd,46cc6045984a91100e8d
bad085dea0978cb7228fcadb,0ab91d4204ca96a9b29e
bae814add72b2908345c2021,8744d3216a93e386695f
bb0cd79fdb3cbdcb3f3742c5,c638cd8e7766eef66196
bb1e8ef80e2d029e2f7696b4,70fcd16bb2f872794211
bb3baa296805c859a461964a,4f541aa2452292242cd2
bb5ed72606291943069105c3,79c9d94b0b026fa772fe
bb9f5dbb85b19d7bdf586967,854c79cdc90badfe333c
bbab76c4ec34c2bedf3740f4,8e99d0f8c460d871d03d
bbb9aaf6e1709db2f5bd1137,ee284e4cb5a54fa7ad84
bbba4975aad2ea45693ff11f,f19cdaf41cb582476050
bbbaf4ff67e78a31af49d995,e4e905315845aeef0ace
bbcab078a9dadb66fa2dee3b,16541fc7379b064f9bdd
bc0063531a0582a65205c3c3,c35cfea6c01c303f08f3
bc33261e943c770d403ac73f,28d50587b8b44074d102
bc5810af88309e4ba23203ec,b878fddc156a80975690
bca736c2a27c86fc621569cf,df03081c27d5836b613b
bcc9558ffdf96fafb3e16d87,b88f423b71ef41c90eb5
bcd9b1baa945b18ca9524688,c15befb58d3610eee863
bcd9e37f8885502057104b28,5e6c8086833436630de4
bcef67b87f12b2f0249f6fc2,429201aac950f02ccf60
bd182f2155ac52ef559352fb,c4293395367478197cf1
bd366b0461df6458bab8ea23,3a8042a7cdc8da8fe7a2
bd507f09baa7a7d0dd743c9e,a9b929a1357e6bd98403
bd6e615c40545c7c68b57966,99d5ad23ceddd21b31d7
bd7e829903b379ba6494bc41,0e4ad2b53aa5d625390b
bd7f6838e3d04650bee5e2ad,f443adfd8916b8c154c3
bd862922029431d0a8041b92,7f8b604b271a9ee4014b
bd89921ef1f641b86b8e4765,8145f2f7226fade66d0b
bdf6bc20c184049463557093,fcc8d630cee262632426
be04f495ff98bdc2dafeec21,ebb35e5a53dcc8a50d87
be07b43cf8ebd3a9361b071b,a0a70fb6771f531eb618
be2606f7dbe61850c66dda38,5ec0affd3f91e9e8bb3f
be260beb3c74ab6cb128f0ec,2983c2ca09d6ca541703
be743bc11a7b017ec731e1c3,8355234048fc88ec7eeb
be7d33e459c623eb79ff0bcb,17a7b0335de9416958e4
bea4456c7c09c3b01869ffa6,2ff999ff6b2358e49ad7
beaf89dcf8cba64dcce2fcf8,41faa37dbe45f0927a54
bec6a205f8cad08e6a572123,cde0df7ed07d68c3a2c4
bedbf5cb83fc113849e9e890,fc6cff59f533e04868df
bf09ab81f087c8372aadde14,3705f14b9507c6b20eac
bf3b11318b4bb5be8215c7ea,16f2740b4100d471d029
bf836c6927d9be7be5c520a2,e059821cb92bc3d27016
bf9e909b66b03a86b69801a2,f69d78fa4698a2d27ed9
bfa1eb6bb17a5fb5f2d865c0,73dd64eddd08e83ba36f
bfc34901fe0a8497db1e6cff,b6af89fba43c10b1248b
bfd4043674d68782ff122f3e,718c48fd18ce9417306f
bfd58e191e96401276962fd4,5b5b6f6a54b7873ec0ef
bfd60abe62189887a9b2d7ca,3048018d3aae440ebbc1
c001f20f0271d807ee8fe817,23ecc6f3c4ab146dea40
c04bba5447d84a1f469c6f1d,002c30d30ba4df3f9025
c07e7fc7e30ad8f45621384e,17c6394a3cf539450f38
c0bd673421b49d4eb3783361,ad8e9e22a5e2e8ecebef
c0c3a588f446c289124086ba,424957879707023f81c7
c0fb200a538e85ac0cdc79ed,067c9d1c8c8f8e1da70a
c1095e665b39cd3d3b3d875c,e32c8721bdfedf847035
c1195b9a07d8cea262cef2e8,6b54e8c37f6f15efe08e
c172e87717511ff1fbfe4a59,11d72158ac429a662085
c178b3e7dd00c614456c43dd,201ffacd76e2d19e5bd0
c17f1781f4355e84494d4a68,a88bfeed8833fc18fbc2
c18db64de57702c1e9cb7e32,cdf97141249087666ab6
c1b6e0f1bd65ed3c7978ae1b,a9cf36376f79a63911e7
c1c9ea9ec3f94e8637d56a31,9548cae9bf8d3d3952a7
c1dc49d3cbb26445a24e9e0d,925302900f55495d8e47
c1e5981b929da058ce2bac6c,1e9795362e71832fbed1
c2037f2b1e2d1a92d9fd8876,8145f2f7226fade66d0b
c21c64bfdcceac537a7ca556,78a7eca707a806561f45
c22bc50bf2943691693bbfc3,7052af2119f58e2d1d6a
c2349fcf057f8043967ac631,eb38c02395217d464a17
c2583dc58f3a8f9f88324945,aa8cbe58d6181ec89254
c25bbdf317ad5eccbc2825ee,c7d254dc941e90438f9b
c2725f0dc68f7edb65d1d907,676fe94d323dc67bf069
c28d18f4ab88bfdd50ce3fb3,71dfeb4a6de804d177f4
c2b984ae3922bab116afcdd8,4041ca017a704120eaf1
c33fa35b964d1ec0490ab77f,8355234048fc88ec7eeb
c3406bc52c6705bc5cc519b0,e52e9efb6eb6daf234ac
c34fb107f396749cc070075c,1003d92ee0db567b2a0c
c37ac58fdb69e9f1eea0c7cb,cb2a0486943f6ec9c6e5
c389a68a1050f87169af244d,b13f438d456194f6af24
c3a85c0e9a9d76151d2f48e2,50471483aacefc27bccd
c3b19e7a6e9993a87830e467,beda99d68b8a8319d741
c3d98ff0bf75d95c1121d193,fcaa2bbf029ae26ef1fd
c3dad2c4fbef2c1fdd76dcfc,80911386599c8a2846a7
c3db8ad6ed8741b4a37559ae,32e34335b3bf05a639b1
c41b5965e7cab34a1b7931c6,1eb70260546641c01848
c427aeb2aba28894e16f0e74,cfeee2cb6da1e2fc5227
c46e55bee09fc2465bf6c59f,cebb1f5b089fb07f0998
c497ee0d69fe7727ca52e2c7,d119e635d82f5c241f93
c49964f6a6942208fc2c4765,9ea41aaa1ccea4036688
c4c0b96476bf510d15122597,8dedf0f0a37e599f5fcc
c4f0f3425dbe42498ebd15e7,1168aacde51eaafa4554
c50081d4aed8b77e91661452,ee66fa9e0fb38544db78
c5222fcdda6bfa81a1a8c0a9,61a95f4aeeab6debdb1b
c5322297e55b0f6926f2ac7c,ec8fa8cf5fd0d9278166
c53495b4f42d53f5d8320956,fb15978070acf0c959c6
c5372bdf6aa689fb5f11e674,74af761e0457dd1d5984
c548da1909099d0af2dfa2d9,9e5aca4a0b0ebc124962
c562a960df21894ecc29d460,5c55ffdad8d81cddbb9e
c579d7bcae634ddc35a918f1,31aa90647ad7f2d4af0e
c5d485880e1dd4e28455e5bf,0e5d34c3afe12b950bd1
c602690a18de883eaa508e56,451dea033bd098b7b92d
c60af0921244e8afb29f7a54,265efe57acf68485edc3
c6b70023b35379346f6c9855,a1ce129df84aed1d5274
c6b9c8d4d633b83c79e93200,95811be65baaa77579c2
c6bf437aa44add9644e12d28,86c340d6bbe84c2587e3
c7094d8745b81c2836606a76,99645ba32130552f333c
c70d207b1598d9ffd06d15fd,9114c88fa73946951cd6
c7451d7c2df7df27c08b92ff,9d0aa2163843ff81adba
c746d56119958f8d5e4e93d4,46c9bcaa2d616c66189e
c74fe833f6409d40e0a19147,e7e4dec734d16c45183e
c772470b078a872109a9586a,87d46648f4aee7a32267
c78157c35c2426bb760c5ff5,6e97a23aee03cf48829f
c7b6bc31d156427f933d18ce,e91b94257b7d70f0c3bb
c7b91290f85b71bc7425aeec,bad4441c927cd5137588
c7bf633e36fe636057a183f6,3aac42536d2da5dbbb35
c7c18443c82b2fec7525dfb5,285afa883829a9f1fd69
c812ea03704f416ce9a269d7,be963a33d13df6cf495c
c82da1137b83b535db2f5427,086149b4bdfb245d1752
c835699530ed0b318fdca40c,a78be8bcd807201e850a
c84b7ec5cc2f68260e15c948,501ca3aac9d75ba8e65c
c8c16609e2918741e19867fb,6c8acb7b16337334dd4f
c9011c229f1300db08811f16,49370230795b92c06515
c921ac27f6954eadf00d899c,5be5a6e18500c187f53c
c932ec2ca3754bee4e648c70,e9bf0768da58c8d5f8dc
c9531fb0a898a21859ce6efe,ab07fa092743355f6144
c967be89f8ab2e8f1ab60720,ea8fb2c3f05a69e7f3d7
c980841ec22f06d97fd6a0d1,e195815959bf5582037b
c9844f939ccf783a8a8966d2,bf56451c7fa65ca6109a
ca0680eeeec1b3938859e005,fce91b0365b195d005d2
ca39a6146acee78b71a7b1d1,86b95a05cecd1ec392c3
caa24ed952b7c65cbc49183d,1da1f5d4dbb7fdbf54ad
caa52f0494c95b961c9d565e,64296aedee422195586f
caabf9cebc668a518d9dd0fa,c171d228bd3427380f63
caae5f33e0bcb2036cc08944,5c93834b6255877ae880
cab6d1cfa999de0173bb1ca6,ce486b5629545b8a35a8
cabc3d1fe619249d6bf8e87e,e62df36070335f737938
cae6f880261bd00a4bacf7a4,920a85ee47beb1886f32
caeeae56e51d832662d8e9cc,1c9581aa4af377426741
cb2bf98eb6e129d28da3f470,b7a384aa865268cf00ea
cb695819efc867dc3023bfbc,b6c7c3db89a37ecce306
cb92526f077d77e788fa4cec,3b472239f1d8f0d95279
cb97e700952807f126fab3a1,185e8f0eb05a85eb41ab
cbbbb59f3f09ca041e574396,6e9e7a1c44e6111c176d
cbe9dcb3a54ee5cba2298bac,a03ee440fac82a14913f
cc5eee32a9f652505c95845c,bce80094e2a6e67fbcd6
ccbb9adcdb0ea805369a9a88,92281f8c2a58721ab4bc
ccbf94217fa11871f103a310,7e5536143580c0a40b5d
cd04a4b213e75e6cbd4f0f13,803c6552c11af6400634
cd2ce441393bab94b903ea78,893d9fef46c097ea43f9
cd9d6ab9c2183b59750c90f4,78d00891277b6bb57616
ce0d350c7cf24d2b463c6619,b8853d1242ad80be3895
ce2323d3e31d0a09b2a5aab6,3758f48a529d4f18d48a
ce4724ab6adc1bdc2ee00538,e043ec3c6942eb24680e
ce64479a71f741ca4505354f,3ae01a99d1a1d781b041
ce74abade3099cba0ffb3a6e,3cfd761e16183738993a
ce8e02ef1eac165ab5079aba,77529632e9fdb1585e5b
ce8f48c61a0510cf21ef4d88,b61b6f99baf0d3ce2d38
cecdd5f8a6386be1d8cae517,b66f884e46b61872bb1b
cee451d9e5d9fd08af36b805,ef4dc5b7e6f98b4701fe
cf1e19920ccf557658148443,d54fc4224b0c9b9a8334
cf44405b4ea3e54b41feea4a,69e8f42f8657ec02707a
cf47062a67095bbc61826b03,29f86c2ebd8a7c8124dd
cf54f39edb03f9c17546e561,bd64bc9143c65e7257b9
cf63ab3eeb4cf9a6eafba189,07d451b91f50d10b12a9
cf745e24d437c7c86a6d7bf6,f36ab0a4b5934da8a2b8
cf8427f53f6723a6f6991157,28cb6edda2387addd1bf
cf912bd385264266325624c9,cded95c75f29f87800fe
cf937b7ca66ccc1095869d75,5092310a05a3c841489c
cf98aab8d9981977d2f40a8d,66fd226cfd059c184279
cfc27f549b80c8039d88bda2,8d8c74bbf43b200b3b0f
cfc4a69904c6f485a1761882,69a91121cfa002b0c2c0
cfeba21edf0d6f13b0562a6b,333a70f3792e98b73914
cffd8500848a1a10c3f66d6c,fe60236247c85bf8b98d
d071333abfddc2e12a0a5b52,5ff9a0ad5c46032db835
d079df1335f2cef9f5eefae8,479a5a5b9a630a811b92
d0b11d1f569268d3c3e36521,190a90b3e02fbc2b7c61
d0d8f43b0dda322e23dd2d3c,e786b32e275b823cf91f
d0db59d250b592048d903d16,e706f51ffcb967686f7a
d0e6038952f4bba5370e0880,fd63368dab125dcc4b3e
d0f286328bbde4d5d3507bd2,62c75b8cffb562ac4ab9
d0ff14220aabd6dadc6d4835,5200fc0217735cb6aff8
d164485834ca512e92c0c4ef,a0535bf5c122c636d82a
d1af5074182336f714f2f526,2a163f5910995dd106a5
d1ba94aa041f237ad1021296,3c73a4c315e5eed35693
d1d08a4a33571f141ed69829,ba6052cca24293849b1a
d1dbc04bcb5c7eb4b2fde9e9,3a5bf3aa0f8c5d888ea4
d1fe7a8b9d54dcfca9209be5,7734275b19ac195c6d07
d200e8662ff838bc44416202,03328f908555fc4ef045
d2078b8328f5dc9f0b6fc1f4,c68511b4c055272d2747
d21dacd34ffe8a2e15e5966d,0bae931e02da56976799
d23451afa2d29256385b5427,744ce7c43d6707303266
d23dc82797119d27c7d8b10c,98611c131311e0b71ed7
d270c3fad7403d7531606289,8756451bb3195f91225c
d28a322f86ec4bafa873abf9,b857c4df26e42502e5d5
d293e43bbee8f07dd51685ee,770fac44e086352eae2c
d2a273d4925e503aa2177322,e79f509744782684680e
d2bfe89304cf1e2098890dbb,a8888df729c087fbb066
d2de1b89553a45b8f6725d5f,a50145340f3b66bf168e
d2f8a9ceb7e9a1dc9d39e122,c366407217652cf0f89a
d3008a311ee04310443e9747,fd9fe38e6c922c8b322c
d312e6fe52ae3eb8df7b98b9,d049d32069913dd33d63
d3153d23240f5529afa95162,0f059507ef0653ab4fc1
d32e4b970750935d3cc64e60,89619547e7839c3c716b
d343b824f5679961d4ccd05f,23a3f2e29890abac4258
d386640b2a598f17b63a9f5a,3ea0ba8f666a0d9636cc
d3989bcfac24859b05ca460e,04c378ad98bd928902a9
d3e6b33ae50eb36aabae8c47,3bfcec318f275883b64e
d40439d6276212d4ad2a84c6,b99cc0974a349bf0dced
d406d0ec8ebbc55251a8c0fa,ea135c5954a7eb82b405
d43c3d10896f63eb2baa0108,dcd063f6eaf67efea2d9
d4b2f32f53b5274468e5e992,eaec06de58ec3e6d4b41
d4d5aacd1a9faad780b9b584,1da456552b94744624b0
d4f7deb87e62ddc2f532f2bb,f0fdc15d5a2d2e43ecd3
d50b9069e3c21b6d4a218b34,9e075fc4b4c4618e2bbb
d51ad08739ab706f5ae62795,67d4bb26301506c76414
d51f38619b229341c8750905,787284f572b4f5e2449a
d52cc329eb9230d54ec4bfd7,a9ea49c4e2aa8bce6b34
d52eeea783c13fb1a79f0e47,dcc3847cd9c5c6b58c97
d540aec7173c761c3f0fb42f,f4c0fe53ff1bf66f75c6
d54ce268207671d96d8fe102,c33152ceca389a422896
d55746f4b33b0ff40647c9a8,a7301d1316720f1a8361
d5730a2580ff1535059edfc9,eef4f9d6294cf1c0ed24
d57bd5d00ae6170414fc5b4d,a026f2cb7edb62c197db
d57d7440ef47483277fc4fbe,82249258e97dd6f4cbd4
d5a0cdc7d3677309a6f2746b,383f2f1949a0124ac941
d5aab47034da13d23d34dd5a,f1e4a976f509bf355fa3
d5d61daa21a683eeb0712f2a,e002b1c67c1b105b4b8f
d5f2537a48629f23f31c1fe3,1db55d7726c655cd9c65
d60646f53f570adae3ad8af5,b566468b6cd44f3fae71
d6174249afd0355106a7d4ac,df758f5d2dbf827b8090
d61c40c51881861268e4f15c,b05828fceed4005eabff
d640f9cdb0a9d5a1915d1c34,c67dfe55547ccbec6b2c
d642081d9d1b598d31ba045f,7d104653aa87bbce7fb4
d657fa5905ce9322300e7feb,4cf01b018301faff55da
d66c13719f85d0f67edddce2,729522833ae59d3c2811
d67ec2e186911459c26d4c3d,62cdc9dde1249d191169
d695beb254bf95d27b2de930,f446e53691eb08969fb7
d6996b9457875f93f88e451e,ecb8f9a604f44be0083d
d6ad77b5e45254017d21bd06,201ffacd76e2d19e5bd0
d6af511ee4210c7cb64f6698,a47b0733298b1436013a
d711b89680e696dee4a031a1,c65fe950aa578a4bd6c4
d71e9e0083416d2b01ede4fd,64f3b2e6a29b0747052b
d7366763f1df475511f0815d,56f095589beb9b0abaef
d742157016401ad6246d4bf4,b1d05f4f7f15850ab44d
d7744f14b9faf3f2ce5d2b37,da27b87914c1b5268e16
d7745713e73dd370b9f7d08b,3e821698ba59eb02e55e
d79542b33bd22d1b28b2eca5,1f0e43c7ed0bea7df2ae
d7ac2e44b9f36e5c2e688158,0363b9cc920b913b476c
d7c03d8722cb468287a518fd,d7d2e79f79ebf209219f
d7d7250fbed410e0a9655b0e,d7a502bb42da58a06e30
d7d9e1d5fb4a893ec3877ddb,d660f771f6453067ab1d
d7dd01e26259ea31439ba68d,2d71169de1bc3889b0c3
d809ed2b2d8323ee33655df4,f118b6603a869368cac0
d81289462a4e86b6c395948d,d190cd22ba1d6a55dc00
d82e0d77953c5b73626e7f8d,4d45b94e799089cadd84
d8391bc12c1685e84e64c5ce,4ecc61e6ce8bb57fe0a2
d863dd3f8466c53679baa683,eab870c31a0fa37c9199
d8660d3cae29a88bfcedfa76,88c6a1a46dba3496c7d8
d88b85ea0b08a2360908c671,205d5cd72b8a434bafed
d88f2495b9a65e171c83903c,148324b4275791d8715b
d8c118803923103ef49f3939,807657846086ac9754e4
d8c7db02eca48152e2e7476f,c9ada4ae4d4d44872b2c
d8d9386440aeead872a8a32f,d298303c91f1c1b8e2bf
d8e3b93eb51eda4886572683,d0d7b009073dfc6a07a7
d910a21a20551239de52d088,ed20406af8bb855bda88
d91f04e4a7cfd4a403b5d23d,d0da2a7784da87a77506
d9301e0708d8217a9fa1f80c,d5434ffbea6016754e47
d97fe83d9ca39e415827c840,16e7843373b9d5641fa5
d9b1a419a191820c8c6be49b,d87087c3bc018c702051
d9c72e865da38474ae1010c9,d7a3523cf8d68ec387f1
d9dab3ce7b0c7685f5ffcd5b,e9a05cc3297df9000410
da050a9029ebeb5fd7e782fd,48b7abad1820ca6119cd
da1304c762d973a7ac4814a4,6cbb2873d2530d7b5d9f
da1a965840578c7839989e81,ab07fa092743355f6144
da2c174692933a87a649cadb,bafe3c7d7e5b7552eb20
da3a32540aa3d6e88dd142c9,90deda2bd7e3867572b2
da45e5945713ba20706e07a4,6e8bf0df984ab8dcc3ab
da4baaf08a8e10deab8f0f0a,96202a2d4e5327eac819
da8e2dfa92c762e41a491e44,09f93d3a392d8bf282db
daf4d10e262e515e630c708a,8e5ed7e6acf2f151b2c7
daf67e97234ac1c71952aa73,a5ef9807c2b227528221
dafa90057c6b501b20af395d,8080b27ea8f57e20b5f1
db37e4f156e6988ffa78f455,ef6d343a456d62ac9d23
db4d5d243219fe09acdb18c1,e58ce0b26066ac0b0a93
db6ad13687191ed0fa86a32c,9377318f2517f34cc2da
db7125c28d0de0546f008a9b,c3701b3024a2b277e90e
db769736fd89507fb857f64c,37a35e43513b9f07fc23
db8cae26944965e144c64860,1f125ad5c2ebdc45588d
db9718b701285cc59f536da6,0a1aa22d8ae045402337
dbfd496b9c1c7bcce5b9b2ca,3cd3610b345692f65fae
dc10c0c7d63e8cd4961c78c1,679b27c3853de8d6c17e
dc2a458d6ed71889fb21d975,6afec275a5de21a879ee
dc4f38bdda41401531c82318,b4bd8cdc2faed4383051
dc5f8e4ee7cd3d87de3115e9,30c3c469db7a3586354b
dc63bfa9cbe9ac8edb501746,9309219f6cc90a36d41d
dc794b5cae82d64af4ba3cd6,5a6b14e6d925579f092b
dc860e8787d06e1d4322911d,76be06b15b08f13a6616
dc8a893f6c2d964e491fff4c,e4cd03df54db3b9e1345
dcd00445bebd64054f514716,d7c6a37cfbf8c4f695ea
dce254f96e44b04253da85c0,90e38040eade3ca3f897
dcebb2ac7422d2747e4cfa07,976229b663b63ed2102f
dcec2ae9f3f88de0e3122d75,84fdcd7d913b0fc4c5e5
dcfd1a14c80970c4b6eb80a7,8b066cbc9fc131f2f552
dd125f2f003e61bd2a8f6bd3,9f1a3bc94087a7275d97
dd17b8e75ec1756efc8e79e1,765541b78b5a89b450dd
dd51865575f04ae5d2c60b50,a84738b06c7621888b97
dd55f99a74b796759d7d6bc0,3a4a45ef2eedd4ef5b7e
ddd731eca5c83bbd6f4cefe5,5b0f95be0740de41efee
ddf98298c907f7c1ce532c8d,b79d8b2bf0fa36a779ed
ddfb416a32b2607bac3fefb5,9ea0244bd2cb7b2a3a9d
de0bd1b3ef56858e35411358,88f60ed2bdacfd5fcc37
de1c540ae09b49da55daf3b8,4cf01b018301faff55da
de38fa1714921105cdaff5cc,9f9d10aef1e10f9e8ea1
de3d061a8af4964c1c56fb8c,a0773cbbedfbb0074705
de737de9a499deb89bbf2c73,7e70799c0ea4a6c2e1e1
deaec1b857f4176cb4138d5f,a3d2c8e50b48ceea7e0b
debd34a0d429c9979a771686,bfc24f7a047350866af0
dec00a1f95aa5c91b88039dc,fd8b5950b557ca4594fc
df17c9e1dc27e9bb256d6d9e,31a919133135a72ee08b
df1ffdf7baa62dd5b2c3a361,a302191eb500d84776c0
df3daeccb8eb1d160765d350,0dcb477b9dcfcc413367
df46263e4b5e8429a7911ceb,2ef261becd283ab94bdf
df59cdc690e73698b1f48a55,6450e35a545b489c49d2
df74a89b99e69121f355b0ca,b6c67384f7aa39dc34c0
df75b6eee587541813253ded,f7c34a11babe03d569b3
df7eb20e081049b57e552221,5cf42b8d1095eb52def8
dfe360357116eab938550efa,1e123454cf52ef766699
e001682404e8e175841e393f,7fa9605235969d74dc1f
e018c67cca8e77e6d694ba63,7fb41de78a7d80d5dafe
e050c78c7120bcb1b4d32877,4a043e9771ed76b63dab
e0a7a5c7c1a480cbb14feb91,b06ad819950ca2b522ac
e0b9341c6d2fd4e6cc2e48e6,4b727e355603fe524eb8
e0bd565a4b24a553e2c74e4f,d2e61ada24a3e5b4b755
e0d2330e77f920b75b540475,48b7abad1820ca6119cd
e0ef16e76c0cad885283bad5,9333732506d856a3744f
e0f9e4103545c879a6d6fe5d,31a625e14021c609227a
e10d519cbe282374b296775b,6b54e8c37f6f15efe08e
e126627a6ede23e9e251d9ad,acd292f7003f7e1444a4
e16d6fe82f560ef33a41280d,b2e6b1e0779c4ce8be31
e1836ca896055466b3ba5963,537eaba45f0496b71670
e1868be00d24f1e558d2bd4f,0e04b803a3096004810e
e18dcf59207911081ade1498,cec783ff4e46671e4c4b
e1a007c530c7faf27c590e80,6767c04dd8b4f425fb2e
e1a64d0baabb261b86b7a2f2,932aa248bfb9248bae15
e1eb9241f8ffba1476b65603,aff9feb2666fce87abe5
e25519b8f5555d0338ff2f83,8492f853cd7ee3bb29fd
e28cc40159a0483b38cb732e,4d8448bcef2a384fc412
e2a51e9df63586ec558ea3cf,8fbb6175e973a69b0fdf
e2bbb68fe01ab06d18f8c160,0d8dfdb920c05d1f15ca
e3321c381099022116fc9685,39d5275bf2470ab5b242
e398d949d1ffbe526ad8e2e3,7bd0c14f0ea184f553db
e3bdc6e54ff335d6a0069115,5408f1a23f4df7425e8c
e3c7acb7db330a19352926f9,2b2927398296d665ef03
e44fa73206709d71bd9cfb20,dce74b09264a73cc0eae
e488bb88ade605957e4bc0e4,06d9936b018f2240a7ca
e4894019687da0f6154ff809,cd21d28c03907c649839
e4aa5d60491a577b3a36371f,ae5232e77eb34bca8d1c
e4c6c57d6d3e1f8b13dbc823,272601784ee8d29799be
e4ccc665fadd21ddccc73138,0c9d13944c46fb00866d
e4d515a5932994234657de77,9944c8eb9de9995e9b60
e4e5fe73b2d9c46fb7c1d75e,54327c18406f555b7f29
e509069dbab5b67a752deca9,3553034f9ca9bfb17d9e
e50f59f5087ce1965cb27038,826916406a012b261ece
e5404ce080cb300dc3abb345,88f60ed2bdacfd5fcc37
e56441f9e1e7976d3cfcee69,5ec00a5c8f6528085500
e5997f598e616b38c4c0e3c0,aa8f4074671acc0b688c
e59982b9149499283c4b9f9d,0be1bb6a46ba9557dd52
e5b767fcb4f6824f97142b9a,1fa420c50b437dbf184e
e61490c783abed4b6d6fb195,e1cb6280c272d02f2714
e6177f310d1debe1b6b20d7c,39d5275bf2470ab5b242
e61a0a757079f7e5a15b27e6,882183d7b8f676a3c848
e62a8c0b814c624cf81a6b15,9adf51f8c240612b0573
e636f9567295a02328355291,e96fb48c1a8caceff9af
e67e618ad27867a2010f5259,eb016eb0dfe525658ac5
e68a24b7a246d85a1d164a4c,6ef52940a64280b78af0
e6a787a9588573a0686e8811,1a19970adcfd94f58aa8
e7507811d53fc9a1e3bfc7be,565497eb477f1c3ddde1
e75e71ea3da2a413d7221d5b,3c8ea15e6dd17d04dac9
e7659e1fbe57b8e5128aff1d,4e247c64cc5a0017a49c
e76f731074e510f105e915eb,457d9a61e35bd6ae8d07
e78509aadbfb1814a7b7e57b,28cb6edda2387addd1bf
e78dd666064b83ae5acdec6f,b9b97a457b848351db97
e7badc3861be84a1977d808e,be963a33d13df6cf495c
e7bd477a989ac71c11c18dad,a9ea49c4e2aa8bce6b34
e7c03c90793118eca0d698d7,575ad11f425385db3fb6
e7c28041c4abd3b7eab650ce,81010c2f796e2d6908e2
e7d5676f12cdeaf2cfd3ec49,559ca1124af5e0a41692
e7efebd2bda0ea05082b3a45,e9a202545c893024f842
e800b89d0afcaf8851b2fdf2,e448e316425ae9f0d9bc
e8026206ac6253f981aed793,b56b1c1e0f99d09223f7
e803e50724c4d7909f0e5425,e059821cb92bc3d27016
e82c9050ad0a19620e71b281,56879b62c5e38d47baf3
e845c83b02c110d87f751b68,942553ce219276923ed7
e846ea25dba7733c42b6a312,2633c0af0f142a397ed0
e8518ed60679460510664478,73fff10eb9bcc4740de6
e87f7afa61469abafdecdcca,3ce1e60f9c1172338371
e8c6d5f0f4f170989fbbefb6,957b80aff0c4a0880b11
e8e863592d56b6bc43b633ad,9751f01293d7731f9c99
e90d5f5df91d5882acb2a856,019dc837f20f332b3d8b
e9122a79413c80fe3c77ffe0,98f43053fa282e4cee62
e92385ea0099ec4f1b9da8d1,dd699a3137200c494531
e949f7abd16e9b3a3cef4365,a61d31bc037ef74b872d
e9625b0d8f4a9d80b0e215c1,bc1f9386c9be6745652a
e96b34a66d5b0fe4b7a6fbbf,5d4277161be0d83055c5
e982b12e484429c2a1f6406c,e446a313861146fe5aed
e997fab1e121e604badc349e,73dd64eddd08e83ba36f
e9c4f652ba9525b3bd1bd43d,88bf05d2252b3e5cdfb0
e9cbdb3603395ef63f2ca9b2,1ebee3966a5487680854
ea121dbceb9490f2cfe64b7d,7fdeaf2bd5cff9651a6f
ea23ee663b04b279c0c3b063,411bd417b2f6077d5ae3
ea34ea49af381a478295294c,3cf67aec848248b6f7c8
ea7dfa5af1fdb82bf7a5d620,72e051e7fd4e50e1ef83
ea7f54937399d40ccc509555,2308663654bdb00cc2e9
ead832d1f98ebc01be894c21,6598ffbd63f33158836e
eaf7370da290645595e9ef29,290696b3e7009e618c3d
eb067f9a5202c7c60875f387,5629eb4995d497b9c2b8
eb4691f0cee18bc9f4172eff,3f70ccf07bbed37c6f93
eb4dc524c418c263bad992c2,37fe7bd3f0de4388c78f
eb5881b3841a94f1b20e7a7f,f1b54cd15629d3a99219
eb90a31009b580d6e79b314e,313362dc311c184b71dc
eb9b8366cfbf1098e5b5d33b,9c6c5f2a244272be6a57
eb9e5ce218e6ce88e2f1c4c2,98cfc05e747d5f3a4d32
eba71cb84583f62fd1a7fd0a,8c3ad3e954147c08c6fd
ebd1d68eab317a64451d45a9,ec5be6f8f81610e64b40
ebfd2f78f2eac250b0cf2ebe,235f98b85aa4adf73769
ec15d5f689bc475563a487a2,0be1bb6a46ba9557dd52
ec3b7722950d8a7486f3d7c3,8cad9200935427b41a33
ec4c1712abab35aaaf873cb4,3f051311cae145718115
ec53db0356cb1b90798236fc,f8a2c02f4ec426fcec6d
ec5b19c0132c70ae44efadb2,bf186d11086db2261ccd
ec656c9d6121c8c0a48354d3,aa612a0b5e5ccc1960bd
ecfb6065cff37f6926b9cd89,4fced55e62b9f1563322
ed0778f6c29d97248063f64d,e06ff52d520acfc9bcc7
ed1ea6515dbce17b0143f0ba,f5d24c089a28f32f4cf2
ed359fc08dc9927d370949b0,acd292f7003f7e1444a4
ed85cb53f768278ce06edee2,db0c4b06966720fd3b41
ed9d5674452b5e97d25e7f74,077b18f1795b23751249
edb947e4aaed7cd59ed2c243,a2377ee033b4c1c87361
edbeeeda74c1960d0ff2e39f,3f5c06cea0030862bafd
eddd8b5a7656aecacd61cdd8,2630d23825e3b3fbe852
ee28a1eb742829771c2c2960,920361e4edf3d75666e1
ee6a706c8286806876baac06,dce74b09264a73cc0eae
ee6e347d4427f1915085ad7f,49c6243690b30544c60a
ee7642fbb8df8ae0af190c32,f1d36739ca72da59e072
ee99bd33bef0c5babd2e8622,284ae333ace2604d45d1
eeb64c2b295a8c4158dc730c,cef90e6f6427e880ef78
eed19950523c061bc3733fc6,a638b20c2261f87df516
eed65ff555de81e1987c800e,24511d005f3c6fa64e11
ef59d788d160dfb227401851,99864833789b7d593976
ef704d2351de28953b59df07,0dcb477b9dcfcc413367
ef9abf96ca70cfbf05fd2d80,1ff07cc383068b632982
ef9f29166fd442c1a1574d12,642b2fc369884b8f63ef
ef9f9bd8607823eddc05e3c8,f2e6f564bf38970136cd
efdc7b643b9b79afc487a794,ae47a682170b7809e4b0
efe81896c67de19dd4a25498,32724a6f2333fff38716
efeeff0e3877010009a729c7,a4a9efc67a3c41865b30
f01dc03200666fbf638c6954,d86b8707bdb8df0fc146
f01df8a04039c7b5ce14ee7b,a979f31aab70a11f00f3
f022e9c4af535f4cc93c789b,c36475f1c7ce5f1de918
f029a881cf5554c2d8bed8a7,f79c73398703f04dec29
f0446303c7bea52bae08ddec,d39954b4a8d725ff0d67
f0835a906b7c25e13bf281c9,ccc03559fc0d85221f57
f08be87cfac2623a6df69ce3,559ca1124af5e0a41692
f0a093a9c953c1c0931e751e,7ca73a193750365dbe68
f0cc0af27e63a827c29cc6e8,5b110e852bd09dc54d13
f0d81268dc788a7d744711f9,5a6b14e6d925579f092b
f112a854a39e67c9a70b8d6e,8ea5f7575f039ded3bde
f128f8f3d7a924e9a417d2b6,a8f7157fde095df3a176
f166e3e20f4a23b62d360ce8,51b1b67bbe2e2b51d1ab
f17208372da78e0d354f9ece,0301f43f0b9e528da438
f197752453dd7b64d86e6875,044191498f7d5aebcecb
f1c8af9dc9ff4a4bc3b8ac32,03914989aa0ec6f68ed8
f1cdfcbd16d1dc56ca720373,350b4d8cc23bc5cd9ef2
f1d6b86c5a627a2bd85db45f,44d60d059453dcd37247
f1dd3f94706d77ea93e54124,cb85b0382b927f591ca7
f1f79b456ee503902c97955b,102deb40a0638a801db9
f1f967512f58ffd69907e282,dbf9b07bddd0f751d8fb
f210e376f8fa108eeea43d84,5df719ebed2dbc53c891
f21a44f9b4cb98a884f4ff95,b7d14a53b10cbbdc348e
f233f0faf95d422fd362f953,8ed0e0f2deb8f8381aab
f25e607ee60a5ada1d7a5edc,88f1b44023ac900c135d
f27133fc82e9da7d97c2afb5,ac1674b5a56053b38900
f28ac0fbae410165e73014e9,fa96f8944f2c65628ecb
f2fb9d8a0ca8847f43c71027,c25574ab4b4c455f5615
f30b2e502c7527fcc82245f2,d5434ffbea6016754e47
f30f2fb0c7b61686c9a278f4,de5c25c0b468cb4da03b
f33ab38532bec10eada96ce7,d06a2b0e335b8cd9085d
f33f1d8f847ace5e036b69a9,ffef5a0f25da691222f2
f346605c993a714552e06e91,a06161ec646dd80a65f9
f3558dec2609cc8f8ee9dfe7,35471f2e2c24e4db6653
f35ac6a3ed647bf02ba39099,7d6e96ffd8be47fa53a1
f35b898e69a43092cdaa8cdf,c8a543e1c00bf1204472
f36ad11fcdf0f83145c01f13,5e4ad7afa0775f5bf08a
f3a81031674e699292cbad44,23a21a05ef7d00c57241
f3aca0d4894fd2d2ffcf73d0,2300459bb3b0bab38eb4
f3e06f48f4002e9b55a80f03,de23744c1cac7812cea5
f44bdc7de23a583645dea946,c35cfea6c01c303f08f3
f4794cbf2e3ffe40f0130de5,89456e69c59ba2d96b3a
f47edaa1e034179293692083,7549bf7a3b62dce24263
f49f01ae7650279925249b09,e329e24134d6a10ac519
f49f5b7a1983f07bec4795b5,3cad5bc619a8e667df95
f4b4448f41fb03bf9e18cec0,7fce43da3049fed3c9dc
f4c9140d2dadbed03cddd368,fc13a2009466bdda8f03
f4f4bc0c64632f9f77459ae7,1d827c791f8be5a77349
f50d55dc66a7f98f97c7c574,84f9383090ad7f613fd2
f50fe7346dab503003c9ef32,06832d551760f05d5672
f510aa37d45fed8a2afad8b0,7bf562ab0fd303b7e134
f528d224f11c282fb97a5965,18078984dd56ca3cef92
f5575857ee8528321313b343,285afa883829a9f1fd69
f5b8811394060a20120f025f,d6c7dbff1014a6d91226
f5c81b0675b331f6abcd39e5,25f4ed560595c7b464e1
f5f34fa3a90773b126260252,cc87cfdc618c956bf4ff
f5f8c23f20967a27102ef7ce,c1ea232de9ec2d8a2bfb
f602136210ea9da61518e278,0bae931e02da56976799
f60985a76a5ffa484be6ba71,ba6052cca24293849b1a
f656b3037d8262a75e466f0f,d6eca2efb9af26c66fbb
f65e918ce614756f2f17207d,7a19beac302d68f16850
f66363f829c23592a00758cf,a179b6a3c9224b1d0e30
f6707c2f47fb704edc0d518b,a7df3a28abfe390bcecf
f67996b86d7caa47829ab2c4,080b2030c9d3de5cec60
f694de5ce5fb870970e6b177,a2e1828b55f5e47e6d77
f696d9d2d5c5ef9f1e6df2d7,020eeec11fb4c1bca448
f6c9bea159c65891992cf7bc,8787674bb37d8df763ea
f6dd12f216c5cede65f94b3d,f34e5041f95571d43437
f6ea6cd0763a721224c89880,987aad27123e2ce8f2ff
f6f6c017bb28d9953b66a8a6,93364b0eeda28e1c16b4
f7073adb01969f17eabfcb1d,908b80822ac0edd63983
f750547a2d578b7158d2310e,3469055835aa7d0b7259
f76cf7a31e73f4c25e54fca5,ba5dd0bd43a0864160b1
f7a25228e7881cac60a45d97,9a21565ff4999bf9e042
f7b13d670904240831d61b50,06fa2101b2f804ff4b16
f7b3f12f3a8f826ab3f26538,d60b83c75b34f7c8894b
f7bde020863e05a13668bd96,feb3dca28e29994f361c
f7c6fc9e04d6ef91de1a9cf7,5d9553cd0fefa68067c4
f801c972f0fc0beb6fc5368f,5a3144a93cfb72b7b3a1
f85bf57874aad5b658760f4f,fe0070aeb5f3b74cee6b
f87171c01e638e4c066e92d3,3b0affa8b3a7f0b26234
f875751cdbc285ce0e85e9fb,8f1a38f76bb60aaf11bf
f8bcad22cbe59e736c64d121,d400502524d33292dcf3
f8fbe59db0fbb00d82c3fbfe,3d5074a88b4ec1ccbe3c
f915a835b7a3c7ba57663947,676fe94d323dc67bf069
f91f0f0cf98cbb0db57a58e4,6d403cd427f1200367e8
f92f6b4be184e61dcea747da,ad5fe70287fcd44ff1c5
f9702321300f4c47b2c5e698,b0942abe2a9903d3778f
f97d7ea6bb85809b639198bb,3f0172bd2f00f0bf5cc5
f99664df9f50f34186e734b0,f133f9a47e589044c0af
f9b059371908df4539004e96,4edb8560cce433aed6da
f9c8a374a4baa04099675292,30ab92cd6d14818d1bc3
f9e71dfac6c68ace4023e07e,f32f781333503ade9c29
f9fc435573e2bdf6330b29b5,1b394cd184260bb5f97f
fa04038108562ddd45cc55d3,d9998bfe1db976cdb824
fa1cfa20e73bb97fcd0d4c6e,caffe5d905fb422b5c11
fa6a015d3371ec58d2a8c2a5,bbe4d8ef92b58123959c
fa8f91779dc54f0c82644757,6325dec6a45062efb9fb
faa1ba9c41445a37fb405cfe,4f7b571b0dc2e8842b11
fab2d4de41ffca4952e16cd7,92dd81246c4eddbd6260
fab86103f5a082d497f66e02,4fb601310873fb911a2f
fab9f3c43359b1b2a473b53d,89619547e7839c3c716b
facda251c7f8bb2e03fb0126,aafdeab86cc0b2443c06
faef3226fef3b0d2d124f9a3,6b790b67967f5b9bba48
faefb82af2629136e3947ccb,30d489097704248624f5
fb4f9af7901897b211a1978e,0de4f81449038fbea7c2
fb5538e00de4f186177a1be5,6ca082c189961ac29e07
fb5f80d9a06ace6425a56dd5,ec65bfc9f480648d4044
fb6e3b1edefa17ed4dff2e13,57caa4042cb1d037d44f
fb80004ccb4e091f88df3195,72665044e2b328a1bd7c
fb800ea78bf0fe777d823fdd,7937e2f36c258169d923
fb9f49e423097693e5c4dbad,19ea268adfcbf50be12b
fbc65d69a27aaa9a88adec51,e9a05cc3297df9000410
fbe83473e93e01017c363214,353103aba25d2504f65f
fbf51ef968d1f07c894050b3,16e7843373b9d5641fa5
fc06b19e9733b48ee0eda42d,289b45351ab7e4a60b6f
fc14bfc973381f97db450101,f3dbb46c47950335ad0c
fc19d043cf3494caf7083197,3ddf2ff031e6d565d0a8
fc278f833ef13f0ca692dca2,484d9d71cce4b093d80b
fc4920de47e793f874fc36ea,7cbc1b781f8f488cc3a2
fc65802c96be98b32e97db50,f3ff91f52edf632cd474
fc6aaf5b53a200c3d8273305,218fe33fb1ce7d26896f
fd087bd18015fd9a1e60757e,8f867ce77a1bdc7f626a
fd0ba447112ab51eeeca508c,7d104653aa87bbce7fb4
fd52b97bcbfc8a1edadb5d2d,438734e2be110efac04f
fd5d2cb1b77639cd09efc9bd,bae959f20d5ff9798ca8
fd6ff88b379850e0b223670e,e2c5feaf54fedbaffe7c
fd710b96b728fa154e4177cb,ff03d645a41cd80a1554
fdcc1c8e4baf99da3e0126d6,95123801a4a7088ce33d
fde9ae6691afb60e699dfd90,3607da8f56bc63327a2c
fdeaa863a9e9615d86db3ab3,47fc5a90940ffbb6bf1d
fe05260ec56743122a348dbf,81a252e110165c3a746a
fe224a1df4fe229f420b15f5,fb776662f5b08d5b5934
fe4189e1c8bd42e641f11320,09d404e8a599760c7549
fe425c4fbb1337d35b3573c0,bf9547f7d2aa787cd94a
fe4cd97b1e3951771eb6e610,f016b7ecb51c7e5faef1
fe5204415a9783902a82c127,0bfce69beee531e328c6
fe7dc2fd29cfd8608265b09a,bfbbdc68f34881434ee3
feadcc5dcf617a8b4dcc96aa,7e26bbb45b4b17605420
fed44022d75d416bf4232f35,f1fd3d7095025114256e
ff06439805255e81b46e7e86,cca3b1ef44f8c1dd7bb8
ff14950ca5cd35dfe67c7740,1c702300ffc2000d0dec
ff20bf5b75f48f1bec38b317,35683bcb275de72b4215
ff22b43a30cceabc266579c2,a2227a31079c46738040
ff2d45b11aae43f7aa7a9295,292abb203d5d39583eeb
ff43c65d533d566fd3be2913,e4bae73ce53eff960032
ff66d3f2b3332cc2e35d435b,692e2342db549242b476
ffcf65b4f5ec5b4095d001be,46784aa2f683a118dfa5
ffea1367cca9e4cd696413c8,13b56b671b77966a7ad2
ffedad71b7ac2855b64b06c7,416921d449b54cc98e84
