row_id,unit_id,fold,label,report_sign,native_margin,L0_prob,L1_prob,label_probe_prob,report_probe_prob
d0d2d3a6164b85cd,2701fc80e157470c,0,0,0,-9.625,0.0196180467772408,0.0274526100887038,0.0293010137655629,5.0942600546656906e-05
37ebb6a62f5d1b51,887698b52a1c3d92,3,0,0,-3.125,0.2128940946716525,0.1542483211493694,0.1570445807948852,0.0107443580505208
611f01e0f9a9e8c6,01751117d5c78c32,0,1,1,7.5,0.9297302986083996,0.9426649032649131,0.9431244798031742,0.9999986774887532
8434a594dbec2f3c,89b7d9d506a62b10,1,0,0,-10.625,0.0769441298325648,0.0281415227399582,0.0274506749200844,9.202475195376976e-05
cda20d51594f09da,40d30ee03117becc,4,0,1,5.875,0.6817716889673179,0.9095300797436672,0.9092135363825408,0.9999999736165912
0676042f0a31a8cb,239ed3722a29149b,3,0,0,-8.9375,0.0622853604983275,0.0394725349531886,0.0390667893009879,0.0001951792339073
1bb62e2077a905a8,80387680cb464a3a,0,0,1,3.5,0.8837515518382877,0.1116239931172699,0.1028938917987677,0.9854180256572768
d0a764076d5003b2,c7f36c92d4466302,3,1,0,-6.875,0.1078158850271582,0.0885076674555558,0.0854208220187181,3.154741062078695e-05
ff6123d2bc6902e6,8763eddb18825818,2,1,1,7.9375,0.980501465655867,0.964291465348712,0.9628355007119797,0.9999792641391112
794019fd59fe731d,52dbde88a017bee4,3,1,1,7.125,0.907100574124781,0.9350728378121094,0.933411688823072,0.9999920355578829
a8ff4e6fe42b9b5e,6cfb5b1d6184251e,1,1,1,4.125,0.7697984797593538,0.6318568287628233,0.6360812704689319,0.999187027595335
3fcdbd1da708dac3,3e8dd9f03b80744c,4,1,0,-6.1875,0.2797936276553551,0.1381728238313632,0.1394453073243298,4.013241437237931e-06
dfa4d7d37e4dc160,38721ddd09432d0a,1,0,0,-9.5625,0.0646803303114497,0.0169493323363194,0.0171119657265044,0.0011214320595951
f599ef672152ddd3,7c070031ae9e9aa5,0,0,0,-6.875,0.1091557695448691,0.0657664121667607,0.0681346536956244,2.243146045106257e-06
13ff453e02ae2c71,0cd6611bc41c124a,4,0,0,-6.25,0.1257771000855972,0.0479707908144176,0.0484956954914049,3.037994345058029e-06
335776280ac35485,9ccd15a27e5443d4,3,1,1,5.75,0.7943603474887477,0.948761699249434,0.9481875422930908,0.9999174034521152
03519a0caca71339,60f1ab7e387d9dca,3,1,0,-8.5625,0.1319732583450264,0.093088513606184,0.0908919155364297,0.000110074172328
2fad7e0269dc434c,45c0cc7f4aa61426,0,0,0,-9.875,0.0201127742465087,0.0507333297307096,0.0529193409988988,1.3051261466848894e-07
bc96624eb0b2b08d,384b4dfd7d95bb1b,1,0,0,-8.25,0.0631103675824957,0.0362040097605005,0.0370193967647149,0.0012589140788874
e69ed7e92259fb18,6a0734b6fb8b96b7,0,1,1,9.0625,0.960834354654995,0.9798483683957768,0.9793476714011864,0.9999919985593432
a48c6ddd403b3e35,bbd76feb11a50970,1,1,0,-5.125,0.1396422381778388,0.1871432821016877,0.1859584761615414,0.0006502738721736
3a70c88f156154b7,850e6b50ca8b704c,3,0,0,-8.625,0.1906963832487954,0.0295583309758719,0.0278661454779847,0.002140811607085
86a4ea6d91d3efc2,345361e6dc509034,2,1,1,9.5,0.961011277043742,0.9587065380513952,0.957066431371048,0.9999593482672468
5905879b9e061699,cb8a4912a30e3970,4,0,0,-9.8125,0.1537803644542074,0.0503778706314383,0.0482428670274275,1.0183684690495929e-06
e7a42acf6a6a4cae,8f7ad7bb2ab1edf9,3,0,0,-8.375,0.2266044902539425,0.0231541750898745,0.0218860764050272,0.0002513078415049
950722713eb971c7,ef38c4edf8f5762d,2,1,0,-5.9375,0.4745368646036417,0.2408475594546015,0.2282590228845745,1.8819487008495628e-05
6cd3ffea8979781c,7558640e0dc61f1d,2,0,0,-6.0,0.1034471598805422,0.162906853679353,0.1658004845766734,0.007713111473963
aa9676009132c575,ce13ba4f41a410a4,1,0,0,-9.3125,0.1344003701589336,0.0326136717846798,0.0305770938158312,0.0024567199030631
11eb7838c5a41921,243c0ad0ed8757c4,3,0,0,-8.3125,0.0691199906495032,0.0707064562677083,0.070972327833197,0.000617044858432
726588cc179b1779,26b67250f7a42351,2,1,1,8.75,0.9842243251350062,0.954708750286892,0.9530005998091112,0.9998436597524968
b6a7944ce7c873dd,d22a8aa9c599bcd4,0,0,1,2.75,0.7120558049899355,0.5564845948377151,0.5548408267645554,0.5852667423065809
7081327ada7c56c5,f38e25aab6eb9759,2,1,1,8.5625,0.9357239497036371,0.9558528265599048,0.9569932793185948,0.9999233792332376
c0f777986470e0db,1311eaf6920d390a,1,0,0,-7.125,0.1107138421526003,0.055062684258049,0.0547806718369455,1.0178176634587465e-05
1035f1e7e1a3d514,746faf1cc9451d90,4,0,0,-5.875,0.1913682844059577,0.1315206828097987,0.1267353516268436,6.751419158588911e-11
2da5b0f97649b74a,43eb7e15ec622276,2,1,1,5.625,0.9223913955353789,0.944933953159187,0.9449800163746688,0.9998924291862212
10b290d719282c6c,7b22d80c3c558808,1,0,0,-6.6875,0.2009808798443488,0.3427332768411755,0.3379955468744939,0.0006389570959355
23aa136135258c2a,cb5fabc4576208a2,4,0,0,-6.75,0.0588177145506954,0.0201518395862206,0.0202860360412066,1.8153509750534789e-06
33e42fa235f93774,d54716e1eb1d149f,3,0,0,-9.3125,0.0454765322483073,0.0132017546095613,0.0129993135416962,0.0030739689595864
742630f60133a8e9,5c6bb06bfef2bbfd,2,0,0,-7.75,0.0609301213423859,0.0229120485230096,0.0237277120487208,0.0001311552153913
b87a2168f5721817,224b46f8525a30a6,2,0,0,-9.0625,0.0434108604785195,0.0314129774579672,0.0320293029827512,0.0010418603062871
1e2125faa1ca3fc4,aa552b08634e5768,3,1,1,6.375,0.7311575297635843,0.1696391687582839,0.1771566819580524,0.9918932298540544
fde6b9549acfe442,59c855bc3b276eaa,3,0,0,-8.1875,0.0540817787288641,0.0602916188829326,0.0640879737192722,0.0001767596429136
351df750b0efc489,f48675b313797983,1,1,1,10.8125,0.9850245545384024,0.9908659108806596,0.9910147435417304,0.9999597734115496
27926679a28b79b9,198e1d49035f982d,4,0,0,-8.125,0.1736847449412822,0.0743780518328025,0.0715311346889885,1.4695392611261498e-06
27bf4888d03ab7e8,8a573ca40e89ada8,2,0,0,-2.125,0.3796755052128246,0.3838546381348194,0.3869126573040489,0.139484600688032
a1ce966bc1851a52,989b6396ab79e0c2,2,1,1,6.375,0.9397289120070876,0.9370196777644668,0.9382303466457812,0.9999718949233042
66e5bc68a6b30ed6,75f6cef2b622f570,4,0,0,-2.75,0.2857168894468848,0.6189463324015331,0.6281780316361828,7.684893813587334e-06
3058de947364f78b,f401b5de26b71b5b,3,1,1,4.5,0.7997461008734781,0.6072823592036557,0.6013473211781629,0.980082111902109
77f7bc9431de9b82,17c20107fa4837b7,3,0,0,-11.375,0.1994459507726514,0.0323035389931161,0.0302910361169409,8.652184764855726e-05
f89f44fdc393571d,2dd63e42e1feb745,0,1,1,6.375,0.9368368812914653,0.9651708955716272,0.9643911172921972,0.9999999979209712
1db422f7209cc5fb,b92652e862203aa4,0,0,0,-4.25,0.4436737440031305,0.8502133909068916,0.8504327616339165,4.773916455860012e-07
fd4c67a98eb6f00c,e947519188c318fc,0,1,1,7.75,0.986771450500076,0.9767143844911638,0.9757808585051028,0.99999957457635
b728688bbd3cffd9,28c41c4292d9329d,3,0,0,-9.0,0.011884132387127,0.0086450038713858,0.0089653843580709,0.000708256541715
8d1d05a9aea6827b,6d2e936218af59a4,0,0,0,-9.5625,0.0154331055477279,0.0144350283131148,0.0154345063382498,1.1411689901146228e-06
3be342c05a44966a,d06f803266f1b18d,3,0,0,-10.375,0.0606687809628399,0.0230308327433388,0.0231268113938841,0.0012770576834615
d869a87e3a5debd3,96ff21f76203ed72,3,1,1,3.5,0.8310310880922668,0.8036431624778513,0.8062727778673254,0.9997859606027272
9b997cd0cf600cfd,eb8816fa6af4f4c2,0,1,1,5.5,0.98120816553491,0.9765486093833056,0.9745049597635438,0.999999891219574
bad32222b1bddc2a,057c055a2669531b,1,0,0,-8.875,0.0818239814105094,0.0326157184073583,0.0341020292462866,5.28126000747885e-05
b2c53b036c748a83,fcd49a24166fcb30,0,0,0,-8.9375,0.3437277800897721,0.0678570706727367,0.0623819457144135,1.1462850800510077e-07
62b502aa688ca137,777bb310cd8e3eeb,3,0,0,-9.0,0.2139782095535462,0.0350965381774069,0.0332939873235231,0.0011383705535356
ad853e04fdfbab90,d2b3a431aec453b6,3,1,0,-4.125,0.3020852676313448,0.3161818178973297,0.3173849402212348,0.024972497768199
2a544f66e91b7aed,4e30ed32ce3e08b8,4,0,0,-9.9375,0.0157001038638905,0.0251603523127141,0.0261827804796659,1.6245141859769524e-05
436d6f2a145075b5,c2ad3a47d3a36e24,2,1,1,8.5,0.9634498684948186,0.9766090382334612,0.9769072724786894,0.9999717904238792
49ece12c4e45dc65,8cac485bec1548a2,1,0,0,-6.4375,0.0815499006909325,0.0892270747877831,0.0943818257501268,9.171322268085951e-06
6090ff61b5549741,d45bc0b6c93ff7c3,2,0,0,-7.125,0.1206608262848392,0.1629112792520206,0.1661002671747734,0.0001797367886308
814924e67ddde3b6,4c16094124400f9b,4,0,0,-9.25,0.0834645085052833,0.0727163920821784,0.0720497402641472,1.6314062945172298e-07
25137530833402ac,fc7efa0c52853d1c,4,1,0,-4.0,0.2949372938102417,0.4748569516258213,0.4704692711796907,8.851071281214283e-05
7347041cbd76d98c,d6d480c0fab6a7a5,3,0,0,-10.3125,0.1006372852240477,0.0299626617518347,0.0293495521297088,0.0003475551941215
eec047ec9fd74c2a,c54c4b5d836b78da,1,0,0,-7.625,0.2048761894650529,0.0178823939063056,0.0172853977382069,0.0002225305272687
b07a76a7e70ee853,d9a27504d76c3d3a,3,0,0,-6.25,0.1165923755396244,0.0748187237232738,0.0760711495149212,3.1952351360987457e-06
79a78726c9c40157,b831a8a52727e543,4,0,0,-9.6875,0.2022115102911647,0.0221609848635234,0.0213069157893267,1.0189677754204449e-05
6cab5f53977652e3,9a082fa34241fe97,4,0,0,-5.125,0.0414437697517517,0.0318592388146311,0.0320215490116607,3.594845762195383e-05
cdabbedbf2dd4c64,d20af26f1f6c6253,1,0,1,3.75,0.5854157820746283,0.753315896420947,0.7575087099585333,0.9978426283721368
5e84732c456d8a47,32a92e445b3b4936,2,1,1,11.375,0.9953058260067148,0.9644555110879512,0.9625887098363132,0.9998784295097244
68198f5f5a8e8c93,36fa79e04c2e4fa5,0,0,0,-7.5,0.2888560317661804,0.0779948822929738,0.0735148150068329,1.3074936049253921e-08
c74eb7847bce62c8,9b57fc5b765a4c64,2,0,0,-7.25,0.0581531259257993,0.0330511050301179,0.0336556691826923,1.847833798596264e-05
774137f23e321af8,7eb8398fdb15d1da,1,1,1,0.6249999403953552,0.5360084525824563,0.2146405083595865,0.2178367117424163,0.4361452008336879
d7ba1ab07af72ac0,96c2a1832b07abf4,1,0,0,-8.8125,0.071195336189895,0.0323409511815447,0.0334848364617245,0.0002179802275344
476887f17b914ea6,d20429e516528a7c,0,1,1,3.5,0.8537378687535677,0.85923985455017,0.8589538358899677,0.9997121239294
6b20b81d54930718,f91a1f5f70ec1c53,1,1,1,7.6875,0.94595394752409,0.952388353987027,0.9516781961226298,0.9999335730956872
2a6195c6c857faa0,b9b67df0d63ee9f4,1,1,1,4.25,0.7299945214894779,0.7480796740548272,0.745497425660679,0.9943147334585268
8dcebe4baf4ad09c,fe9538b218f9a7bc,3,0,0,-10.8125,0.0335032443167719,0.0354580463085705,0.0364836397806053,0.0003426112102164
400302b3d7348214,280a80c4de9a0adf,1,1,1,6.75,0.879591511557761,0.9580709562308124,0.9576175869193224,0.9999962774414328
8d2f963cc168345c,8ca981cb123c6b14,4,0,0,-7.125,0.0900362492389539,0.1127596548336192,0.1134313880661256,2.835811674666101e-06
ead15c008075a0fb,aa5fef80e1fcabce,3,0,1,4.75,0.6909200775705078,0.8423643269010668,0.8538172191035762,0.9999687512339568
98c68bd25457d5e5,44aed910dd03fcf6,0,0,0,-6.9375,0.0991825799598893,0.015545119374424,0.0154967284805175,6.139944692891902e-06
aef5458fd3bb8529,8e477dd4b0563e3e,3,0,0,-7.1875,0.1656670754754383,0.1424220973522597,0.1407978599700518,0.0006525682766496
9b35a8157e7b2a17,8b0f06ba6a147a58,0,1,1,8.25,0.975613600771882,0.9905808201355094,0.9905726734204352,0.9999999754795312
cadcd34b991a2e8d,e30b6cc8a00bfa1e,2,0,0,-6.625,0.089731681353569,0.1148036222832105,0.1198974520425208,6.130033402371532e-05
d84ef350ced8e580,70b07ac777addfc9,3,1,1,4.75,0.7150241699875697,0.8827716987319492,0.8837711860145625,0.999995654129458
3faa55a3d0996ffc,08517f533c10a393,2,0,0,-6.5,0.2959512686136158,0.1521795901723068,0.1476735207421535,0.0118069020197338
43f2de02d561e516,240ee8d5194fb7f5,4,1,1,10.8125,0.9470816825529536,0.9677287327872304,0.9686113376133328,0.9999996893710408
4355b8c0e0a9cb26,1adb04f6ad39b356,3,0,0,-7.9375,0.1232362320035056,0.0322012909089268,0.0310188320094835,4.240773856121098e-06
b092d916f8aa9230,9f2d9a24dcbf4967,0,1,0,-6.125,0.1290139206017686,0.2410522611215383,0.2414651258143599,4.502052155895821e-08
1be6b3ae9d5a51fd,e83601b5ef93ec09,4,1,1,8.5,0.899460005123657,0.9484647140045862,0.9499822133454608,0.9999996354843887
85751c2727ec5537,1bbda3f9d4ae5f6a,3,1,1,9.625,0.9703263693421756,0.9833924411795276,0.9835017716883768,0.999966458018845
506bef59129dd242,0a216fd5e069350d,4,1,1,6.375,0.9772167629775178,0.9510407527348402,0.950902071265784,0.9999985206592934
22420f68d351976a,5f4c47b1d3b7b9f5,4,0,0,-10.9375,0.0446987872196191,0.0142351509531686,0.0145076756228371,1.648654110899063e-07
39a977bd4ca442a6,4e1010ded1a9de83,4,0,1,3.125,0.6602829935167059,0.6247297736746212,0.6292672606287304,0.9994102771445748
60d0d2b28d8e6132,188e060651fcdcbb,1,0,0,-2.375,0.3431224802980108,0.3529988049059503,0.3588568776077147,0.1146544226845774
61c8433a191f720f,9a5e890bcf5faac3,0,1,1,7.125,0.946051674406766,0.961016899826741,0.9624834321954896,0.999999030933966
57f4e4bbfa3c4449,06f4790d7c100702,3,0,0,-2.625,0.3789157273695903,0.1729157113703586,0.1752651297416665,0.0217537181579542
537cb729472c4815,1e05776f11c38f49,4,1,1,7.625,0.9503854133431938,0.9566215201869408,0.9566099268420116,0.9999960830397764
286cc3793ce7312f,27a1cc4286cb4a0c,4,0,0,-6.625,0.0832618216353598,0.0743112955441763,0.0752238783449616,1.714856296202495e-07
233a92e4f66400a4,99544a9cc5b8a1d1,4,0,0,-6.0,0.0376216566218731,0.0152602133218248,0.015325211046338,4.067449344506664e-07
bc45ab8fddfa1e34,06af892fed6834ad,1,0,1,2.25,0.7108166928568441,0.6183214347029937,0.6189201266861173,0.7836167466102406
5e49308f0910374d,230822529562d3b6,4,1,1,9.8125,0.9660149796491918,0.9804040757973403,0.9804329699468696,0.9999999879445932
159cb7e129b943f0,4e306a925960242a,3,1,1,8.75,0.9570965777000492,0.9759957548247246,0.9756389562895912,0.9999395526971806
d4299a2c753bec85,e7ced310e9d0ac63,1,0,0,-7.9375,0.2552546817261775,0.1675344499390322,0.1588569040445399,0.000298410781347
7ec6b3fe5e7083a6,7c1c7b8bec9f9ab7,1,1,1,9.1875,0.9984552298012622,0.9903762368353788,0.9892889516610384,0.9999721539131908
117e97ea6c72d838,5de8a1fc1cdba771,3,1,1,5.875,0.926639624822707,0.963545608981565,0.9635522286837918,0.9999303015372398
c56535bec82d1f63,49e3153c6e807729,0,1,1,3.125,0.7510156001076258,0.9366282302901936,0.9402124744177032,0.9716614587589184
d5260fcb639b0c4e,8e93af888386481a,2,0,0,-8.875,0.0224832848444703,0.0158007281697164,0.016661594264125,0.0002745255662541
f6a207d018123038,a2e1010114a9c5b0,1,1,0,-6.625,0.101184860820905,0.1570112904940059,0.1591434554892692,8.383942144015237e-05
632057a60c8bf2cc,6f3425e0c664f04c,4,0,0,-11.375,0.0175081104100161,0.0244261909835496,0.0256933432913392,2.3686568027732314e-07
5e43f728ca498681,2f10e102c477de66,2,0,0,-10.5,0.0531660766891331,0.0242410038447989,0.0241590095317548,3.2675013592726826e-05
8bd3d11540ab3a3a,3e47b9fe70fd4794,1,0,0,-9.5,0.0412989334695928,0.0350572822815557,0.0341892785263896,3.505277876694128e-06
2be267ffd295c5d7,56d3f710bd63d47d,3,0,0,-6.25,0.4393294756178973,0.2510358472245863,0.2446244011862913,0.0056891780360302
fc0236a86cba8f53,ddebf664c31f84af,2,0,1,3.5,0.6641058797499717,0.73213327965331,0.7392152402180495,0.9938944701575588
cad5a99856cc2f6d,141c9dc099856e08,4,0,0,-7.9375,0.2225791601638809,0.391186617317707,0.3940067018029088,5.2534807569573814e-08
409650ed61062f07,30f1fb4d2a45631e,2,1,1,3.5,0.8510721493426354,0.9281518010966716,0.9298331621661776,0.9987397024880263
cfa86b9509b095a4,2b632e743eeb377d,1,0,1,5.875,0.9123021068433492,0.9800211590487,0.9795618239793272,0.999898116546892
20670c69f07e0cf3,ae5981aeeda8e935,1,0,0,-7.75,0.1107308532940948,0.02731615867587,0.0272073939484573,0.0023345932072999
3836a9b8fc8abd42,9c22d99def59199a,0,1,0,-4.625,0.3055853035184842,0.4810474317696164,0.4841796530815856,0.000460641730209
57ef3d3f0a0e6414,2f34ce6b5dab1927,0,0,0,-8.1875,0.0491432029028326,0.0448173409060687,0.0474873751366758,0.0001091701548187
df70e9eb0e8e24e4,1324d7bd663fc122,4,0,0,-9.0,0.126266782579243,0.0330234478888183,0.0325643288937624,1.45097261592867e-05
14aca01d3f8f4031,16e3c15e0acef506,3,1,1,7.1875,0.9281240943456984,0.9422335550699696,0.9403961446507956,0.9998884441162722
dd48f9647e95bc6f,5abde7a9e4ad0dba,1,1,1,3.375,0.849053597627404,0.833727260205812,0.8329122654286153,0.9840461945426224
53be6901df3111fd,e9bd78a747f158e7,4,0,0,-10.375,0.0345831360739872,0.017761470113135,0.0180054695663344,3.7113008527085997e-07
cc14175351eebf4c,52bd0f41b75e18f0,3,1,1,8.0625,0.9738553692603306,0.970610349673686,0.970340613386046,0.9999715360046536
3eecd8b9504610c9,ae929f0407e05e8d,2,1,1,8.8125,0.9462585477936198,0.9692907931463736,0.9691316174225644,0.9998115233425976
13d2b5e97bc5de67,7e071f09b6a63d7b,0,0,0,-10.0,0.0323841067833232,0.0425219092011458,0.0441546359124253,1.5421458529121936e-07
081a384983d95d4d,fe3db62385965087,2,1,1,5.625,0.8823078347716492,0.8324392389490882,0.8302574533020561,0.9989782744599712
7fdbb0998e6124a9,12fada088b994f84,3,1,1,3.75,0.9032424908008831,0.9433175917561236,0.9440437055513976,0.998431931485854
094df6095c77c253,481fe0a422b795fa,3,0,0,-6.125,0.317810028935959,0.3709124605630145,0.3722328409541889,0.020191406251663
82ac01f5ea30d867,e4fff40385d0c70a,2,0,1,0.875,0.4537832301251389,0.2327597998046857,0.239496071849368,0.0245729190165415
c0ec0ffcc9327dbd,80c0edc8e9bad6f0,0,1,1,9.6875,0.9868292397362112,0.986823499581092,0.9866176545758244,0.9999998299283084
eb6d272b5a01b062,208e0f0aeb43ac40,2,1,1,10.875,0.9854319702661982,0.9754646598542424,0.9757653262946204,0.9998526222587948
d2b7c83c3234e4f8,eae24bc96fa68983,4,0,0,-8.3125,0.1532207010445477,0.0771245708551685,0.0778773081149484,0.0029123072461852
b0bf369c2bb893f5,4446de3ca40c17fa,0,0,0,-10.6875,0.1058793800713248,0.0478664051056753,0.0466419141906556,2.265007012745409e-06
aa16cb5aebad3798,e4d465cfa2796d4e,4,0,0,-5.75,0.1868930619228207,0.2992868515041605,0.2999363508585446,2.033844988185409e-05
36835d5e1265cdd9,596db3dc3327d8d6,0,1,1,6.5,0.8770556301926647,0.9547903406549716,0.9551918219694716,0.9999999700671782
024a0177150b8a4e,dd20053c291b4345,3,0,0,-8.125,0.2462443819083739,0.0845620088881396,0.0823744453677523,2.498611712042442e-05
668e3d0a358e24ee,8d90063e8a56c45d,2,1,1,10.0625,0.9857991327313868,0.9598112140654188,0.9586470902295572,0.9997169938084606
cbde2a6728491a6e,97551a663855f412,0,0,0,-8.625,0.0746626057882252,0.1473816684695295,0.1522242686080555,2.287888540155059e-05
9b90969637bf52eb,fb90431d64a15d3c,3,1,1,8.9375,0.9643835555229556,0.9888599723456502,0.9886781721036518,0.9999761831753418
046eaa38dc3ea5aa,8d1401ccb964a378,0,1,0,-6.8125,0.1180170879478856,0.1265392333372381,0.1334839513947136,0.1023557717016845
c18a48321efd5c09,bb514e33303e013d,1,0,1,11.0,0.9742950456963932,0.9682271181183608,0.9689107368945304,0.9982864611582356
c01dcf7965021aba,e2b61fd1b8ca2afd,2,1,1,7.125,0.9372497038547256,0.9560033923684153,0.9564885981008,0.9998519534599012
d22c7186d3b4fedc,64df63ae04087619,4,0,0,-10.0625,0.0776379872908584,0.0168458179513136,0.0159658248378428,0.0006176280028682
8ce05a91cad95241,a5d2461152fd5e99,2,0,0,-9.0625,0.1296333849712113,0.0931485815290157,0.0897728621837413,0.0004621662369169
62795d6b0feb7d12,516ff748950464b5,1,1,1,7.6875,0.9836705039499102,0.9630906030699492,0.9614493415668328,0.999991003741448
267ab0c2abdd4128,5e264115b3221b91,3,1,1,8.5625,0.862575033379591,0.9750142751696902,0.9766187934490304,0.9999908025616102
dd033761d0895fc7,4489d1dd66e4d261,0,1,1,9.125,0.9684124954528488,0.9679933633894684,0.968051625908695,0.9999998999507096
19550c18d0c294bb,26a7e47981272488,4,0,0,-10.875,0.0766748646560129,0.038934959334466,0.0393939227876291,3.676227030293084e-07
556045c057f4fa9f,15b60e73233338e8,1,0,0,-9.4375,0.0484818877759629,0.023862655873673,0.024074580716885,0.0005213229798829
c4f5fdced0b8c98a,d7da2fa9630d8a40,2,1,0,-4.125,0.154854927840525,0.2129771041924943,0.2169790900405049,0.0001451398394225
c2e4e3528af68028,179dbf7d16456d08,3,1,1,5.75,0.8610402160076321,0.9620334728987257,0.9625949422051924,0.9996970154008248
eb74e8e47f86750b,a15e0af4b91e95c1,3,0,0,-9.125,0.0356084645780323,0.0328182547001182,0.0337381822667641,0.0005362736516096
3cbf6d539186ca02,dfa428543a9a081c,0,1,1,10.4375,0.9898226129676948,0.9854085022536718,0.9853527255388278,0.9999998006865756
f798ddfa65b95e51,dc1d655de21e9c2b,3,0,0,-7.5,0.0465737968804131,0.0331129066515666,0.0350357797061918,0.0064437135070928
73734d252355f02e,f1123828705b488a,3,1,1,10.625,0.9861241289391958,0.9817489059639748,0.9817198659192,0.9999813740517076
1fba18e4bb58d94b,0f1f64ff8a5270a2,2,0,0,-8.9375,0.0570214417608328,0.0308178141733499,0.0313751736408517,0.0005052852438167
fde810a5b8b03183,e8ebc1f724850bcb,2,1,1,5.875,0.8394067421703811,0.9545764330945824,0.9563602223909176,0.9999655956548223
844c189700027399,0ff646c41538fbe2,2,0,0,-7.5,0.0690706150746235,0.0516204600395901,0.0519284818812328,0.0012597305497075
260b99675cfe80f3,fac73ca9171fa301,1,0,0,-6.5,0.3111585622042612,0.0546358141409284,0.0509445905255791,0.0001457518649449
9cf5ead19289c74b,1dad733d445b6d8f,4,0,0,-9.75,0.023541493590907,0.0105665577042327,0.0107113860250961,4.209272229545145e-06
ecb38d114380adaa,4f84be40eb2cba38,0,0,0,-9.25,0.0636065625588399,0.015741161751193,0.0153031596673126,2.225516549893852e-05
4e0545fff875f0ea,d607528eea679c7b,3,0,0,-9.625,0.1356804319288581,0.0343652434259409,0.0327334387726835,0.0009231500473345
70cfd2529ac39137,a999a55a5b8e0a32,3,1,1,8.5625,0.9364973410218668,0.9863843983314416,0.9868226743457532,0.9999985207606435
1d635181e704d4e0,f6529fe1d92fd20f,2,1,1,8.8125,0.927749048263016,0.9370430197112988,0.9372047310685104,0.9996142522137996
d47f4df6eb46e701,adbab5b3fd18583c,1,1,0,-4.5,0.3202868868392129,0.6642855629636165,0.6636555467941294,0.0975586052335249
77fbcfa340567860,534036fe531f3d81,0,1,1,5.875,0.94447915520095,0.9663708438326718,0.964850584313112,0.991693544530688
31e91cd9abf30322,515aa4862dc1b3cd,4,0,0,-4.625,0.1804953214313776,0.2113387443546378,0.2151691894054928,8.661261577959344e-08
f7165bef10dada76,4059e4d91253b34b,3,0,0,-7.8125,0.0252507656568403,0.0313149802241177,0.0341197352356946,6.996256794794812e-05
65f101eacdd34eb9,7f2b17926860cabe,0,1,1,10.9375,0.973127212663508,0.983067792997502,0.983121666355955,0.999996081833849
e49c1c7e56755798,cf2704f03aa6144d,2,0,0,-10.625,0.0219457589876979,0.060144526532645,0.0622949645859574,2.372872199822653e-05
7e5adeb503146a7f,d89e47328c3e4c7b,3,1,1,8.5,0.9732890321818424,0.9834519673149438,0.983589227641218,0.9998804264665536
26457506a02a90e8,42833ffec1ca0765,1,1,1,7.5,0.9651975486397876,0.9788147930768945,0.9785132119420826,0.9999932197488068
8f0eb0458f6123e1,c97b1f6ce1d05ed4,3,1,1,9.9375,0.9360142667844322,0.9449139498892812,0.9456806369603904,0.9996907488918276
02665abc7965d43a,fbdbaeb0426668a9,2,0,0,-8.8125,0.051516508483216,0.0432271604626733,0.0447597890881263,0.0003342750793757
2e8193ff2c94535a,d734d1f5f78f4396,0,0,0,-8.8125,0.0082396552289333,0.0082746922320077,0.0086949994220799,4.9587710666259e-06
05106d908c50bc8f,eb8606f626bfaa02,3,1,1,6.3125,0.968660016983146,0.9784262088214996,0.9779076238786918,0.999888935231361
64394eda15e71d1a,c32a87444ce6cc17,0,0,0,-8.5,0.0926644780604648,0.0764780560352328,0.0773870836891267,5.612168207860305e-08
4617f36da2d6a7fc,6a643bcf6ba44565,0,0,0,-8.375,0.0448216879112537,0.0212295391743903,0.0211737452541356,6.202363780876195e-09
aa013c5af650d33c,b6902ba07b76492c,2,1,1,9.6875,0.9063129780196642,0.9877925222526466,0.9887661281889212,0.9999908102035736
000e8a6f2dbca31f,a19b88a720a22887,1,1,0,-5.75,0.1868210802377672,0.1498501230374904,0.1513336321591471,4.688897493352608e-06
4a71cf19d756e6e6,454bb1fd2ebe39d9,2,1,1,6.5,0.9702620270337506,0.9407707128951708,0.9369116496570632,0.9999787712846204
e97113de23ff8d7c,f8bca751feaafc05,4,0,0,-7.0,0.0753664671129419,0.0602695905793121,0.0607230689100012,7.621021672962455e-08
4fa770c28f30ac0c,6a0734b6fb8b96b7,0,1,1,7.1875,0.9367503747517548,0.9632087794848436,0.9627566572415815,0.9999404873293758
bd5c37b6ae9c31bd,0ccc3f6c8fa55694,1,0,1,6.25,0.8918189036079339,0.9355376642162682,0.9370619045968456,0.999991863406436
aa868cfb356c3b7d,1b1380488e3845de,3,1,1,6.125,0.93071536723896,0.9499312688555478,0.9493673848720892,0.9999556935586392
8f6b8750320d8ab0,c2c743e849368995,0,0,0,-8.625,0.2024518270110717,0.0365452892612723,0.0342238350302532,9.013794882808124e-06
fe04d6268ceb39a2,014826bfb3544dd1,1,1,1,9.1875,0.9657577552382328,0.980717978048796,0.9805546925466506,0.9999251621034064
89cb5e87497c49a8,99fde5d46eb1b00b,0,1,0,-4.375,0.3119311364013706,0.118375831852411,0.1176994673516915,0.0002669732337135
95804553fff7f0c1,fe63cc57aa116195,1,0,0,-9.625,0.0389287364413032,0.0234007580830047,0.0227485804382835,0.002676142500951
e153f5a75859f7f3,5c69ad1690f14193,3,1,1,8.1875,0.972396420723828,0.977164314188295,0.9769498296162776,0.9999574763845044
0a677fe76066a6ce,43cdbda3d1ee0a17,4,0,0,-8.6875,0.0491079435242905,0.0292512427237087,0.0298214422589136,7.28418438979369e-07
45b97beccedf9bc1,f60e821c4ff49c61,2,0,0,-9.125,0.0310691616222042,0.0276969391166147,0.0284385914325859,4.3321081330124405e-05
71c1b95d99ddc802,8917434718c6b609,2,1,1,9.9375,0.9432729101896276,0.959808510101652,0.9609968597521452,0.9999594258565894
a30ba18e77b1b495,90bcbc38d80a0661,4,1,1,9.25,0.9179549076254166,0.9581742968897484,0.9604316466733812,0.9999999376914432
3e810300ce39f58f,8c0a770c3213fe69,2,0,0,-7.0625,0.0522852318084786,0.0686429576899457,0.0707344218140976,2.6760102983724e-05
082c7f5b7802f7a6,a4f9e3240e1ef94a,0,1,1,5.75,0.8845765991043698,0.9444075650244568,0.9454805751374336,0.9999970862378712
24ce3489229861fd,0ea023e0a0434a09,2,1,1,2.375,0.5589366001174857,0.928610553082455,0.932132366402449,0.9984387478396732
fe9f6f3348d73fe7,a6fe3e3c0674cde8,4,1,1,9.0,0.9688993529682428,0.962929107506519,0.963812003726318,0.9999993235271633
9ea8dda906ef1fd7,d34e5fb56e5bfa14,0,1,1,7.625,0.8777112935535888,0.9524316500876022,0.9546783373673904,0.9999985882688122
152cb418939b69ca,ea656a6b866afb8b,3,0,0,-6.625,0.1826519143248936,0.0299969258896733,0.0285293095796997,0.0001461536692893
80f357ff01d60967,2e6c423c1a8553f8,3,0,0,-3.0,0.4336820427554772,0.4039591897378966,0.402586499782154,0.0193501753863034
5d61fade01410cd3,c0524d6d3cd88773,0,1,1,8.25,0.9512644177837316,0.9679475388346812,0.9676152836384172,0.9999983855514468
0373e25582cfca5f,06c64d113e9d3926,2,1,1,7.375,0.936880837495567,0.9684663361176308,0.9670768144907392,0.9999831012164364
3ad7b933ed5a717b,31cf67b363de619c,2,0,0,-10.0625,0.0469773627558745,0.0497914951157595,0.0514283938771681,7.854685964075644e-05
c3a363ffbf400b92,b1a5e73b43ff2680,3,0,0,-7.5625,0.0559973660401522,0.0233342855680483,0.0241161249231633,0.0077613684413746
8f730493e13c869c,9e26b27945e52d78,2,1,1,8.0,0.976608532368241,0.973370251157277,0.9742281746885156,0.999969123132186
a227895367e2bdbe,89755ef4be322f0d,3,1,1,10.75,0.9877358046561084,0.9884839899972124,0.988330933119126,0.9999790191853102
48482ad996d0ef28,7e1be1e3aa861aba,3,1,0,-4.5,0.3457396704084263,0.2673429487377484,0.2628039476325093,0.0850301956103856
98091865c425bffe,83d254677b30429d,4,0,0,-7.5625,0.05881459083516,0.0470242170454585,0.0492075512338179,1.553274254354015e-05
2d1ee15210fef83c,be71840b50b3408f,0,1,1,10.875,0.971937705149834,0.9853949315949592,0.985429719597916,0.9999996353687586
8fbf3c46333f54d5,93a0055c41b9e000,2,0,0,-8.4375,0.0719266434014479,0.0189462721149672,0.0185591243596648,0.0006718208501081
0336b330263eb125,baa0dc35e89ac230,0,1,0,-9.5625,0.0427263254207945,0.0652850841965737,0.067968095657263,1.7842880144215185e-06
14acf1ed9ca802eb,4dc3a2e81bcbaaf1,4,0,0,-10.5,0.1363561297750943,0.0290208468732161,0.0269625390070798,7.693498913274841e-08
67a087f25b60dde7,aeb88d469cdb4f2e,0,1,1,5.875,0.8947716385154073,0.9599077616383156,0.9600472137706068,0.9999999111575852
b97552dc976c8bfa,3f10e90dcdb5b132,2,0,0,-9.6875,0.0394915013604193,0.0681573952635314,0.0714545164409262,0.0002631036583651
45daffef5268492b,6147c557ad69dc54,3,0,0,-7.875,0.084813864299752,0.0610609373590447,0.0637250997736225,0.0001830368125164
a666774f0811f1fd,97670af8595b59e1,4,1,1,10.8125,0.9138466346797736,0.964427737265431,0.9656747406450168,0.9999899783437372
550b1a841a42255c,5668f438ec7167bb,4,0,0,-7.5,0.1225644905352304,0.1567028715301739,0.1565685173542026,1.4455304405921837e-06
b2aebb99f454ef3f,5a449c90be557f6f,2,0,0,-10.1875,0.1232793425998105,0.0283680146610225,0.0273343530313291,0.0005447697010312
2d176878479f015b,e40baa42723023d1,3,0,0,-8.5,0.0491588300968287,0.0874923845399589,0.0888458360232304,6.304961895508063e-05
5dcc2bcb2ace3870,e765a99e77ae27fb,2,0,0,-8.6875,0.0464493695591607,0.0324474420936474,0.0321846245700262,1.4805012202283342e-05
e30e02102ea7ae7c,cdf214f4754e40f2,4,1,1,5.125,0.7651349784083258,0.828825821417024,0.8342996238276763,0.9999751975669452
20deae36445afc0e,a177763d35b214e1,3,1,1,7.0,0.9697093195154668,0.9776129577462944,0.9774441441845636,0.9999753370578542
aa8a55cebe8ddc38,f6f32211a7b11ebe,4,0,0,-10.875,0.0551280021196263,0.0124099505789844,0.0126015608306903,4.0924433643236324e-07
31fcb8d73348f437,8887175930d07ede,1,0,0,-8.625,0.1229813060283971,0.0225196571206296,0.0207623393330027,0.0002185278884624
3a90fd6be6fbed84,ce21b1895f7e1822,4,0,0,-9.8125,0.0495694306121128,0.0123337926775777,0.0126368470194097,2.3491867915062645e-07
26aa70f7f4932b94,a874cea015face9c,3,1,0,-6.3125,0.4275918016244582,0.7110931120890056,0.714600543152958,8.083420220237803e-06
71d31468ed118f82,33612927904cdfcd,0,0,0,-8.6875,0.0697457074454903,0.0335506733648975,0.0339840529564189,0.0002105987776355
8135dd303ffb3e43,123c1a5f3977539c,4,0,0,-10.375,0.0412845600358832,0.0222815697638573,0.0227276805835701,6.220513305663064e-07
1ea267ff38219e68,1334d84ced7b569a,1,0,0,-11.125,0.0546736828078426,0.0145362816864501,0.0146692035496623,5.1692086750979466e-05
779c40de21dfc282,18624cd7801d1bfd,1,1,1,8.4375,0.9612027074952588,0.979908403321082,0.9799884705151692,0.9999518008118732
452104c079a1419f,e43c2af225980957,0,1,1,5.375,0.8877701648533806,0.8829506081770829,0.8776098273886216,0.9999999975704152
2ab0890b0a5b840f,6896b5b02a598f84,1,1,0,-0.7500000596046448,0.5033255825350575,0.6508157330027761,0.6586627675031591,0.0276157546798876
6dcaaab3753b5b38,8866e29bd34b48e5,2,1,1,9.625,0.9768749129717548,0.9648963672617707,0.964972773373804,0.9999407926475824
0aa6f9a8c4bae4de,1610d953725518c8,0,1,1,7.1875,0.9674397183818574,0.9697547384100728,0.9682116721586967,0.999999903478664
55ae1ade49a5a5d6,98bc5b3ca99a4860,3,1,1,3.125,0.8914654887919239,0.8686416369308991,0.8643946372903533,0.9803181204666426
7dfdcf236db7577d,6c6354cd6fa57207,0,1,1,6.6875,0.907988845934902,0.7720649994536225,0.7717121234196466,0.9999806760339992
bb73b9b53fb0c5a9,ff4a0a8bf440aa49,1,1,0,-4.5,0.4923524913781748,0.4390209392192395,0.4278962574578189,0.0001041156115382
deaa8dcfb9c2c2b9,727567534d681ba5,2,0,0,-8.4375,0.1003854259101323,0.0800304753347379,0.0811475141048658,0.0001082593836465
e07382f46c928b34,3b37311a1f982ad5,2,0,0,-7.8125,0.1961295431814596,0.1215903290685758,0.121160357969728,0.0001214681160873
f751c8cc27bf647b,ccf9288f51ce9d6a,1,1,1,8.4375,0.9462952175401752,0.9621236134309724,0.961602969499036,0.9998320325360278
1740ce693d4c7b12,2e70211d36f932df,0,1,1,4.5,0.775811832897849,0.6567749535559426,0.6629129804823279,0.99928563030372
5f69a6e90c05be7f,155b4056a609cf9a,2,1,1,1.25,0.8147458558427932,0.8360671307896957,0.8360153586734125,0.9768062133944212
40cff1485b3e4cee,b331a20257f45acf,2,0,0,-8.8125,0.149749944047973,0.0426604759828537,0.0425173921670259,3.349542359370534e-05
4028a16e473f59c2,a31dcf953da5f9c6,3,1,1,6.8125,0.8384521183678888,0.9521452496526562,0.9519476551202924,0.9999067509767602
b622fa70998a4653,04f90585acd45ea8,0,1,1,11.25,0.998533737224486,0.9883432413928144,0.9869210158859928,0.999999655592704
6277908b6e1b5c15,f852c1a453a2cdd2,1,1,0,-5.75,0.3237562386550777,0.5150181228530993,0.5132274348821344,0.02403344879063
b4288ecc6f2bc4b7,ebedefcb1b01c08f,2,0,0,-7.999999523162842,0.0469698950903641,0.0256530202676255,0.025473114924252,0.0007359969695841
74d425d3f5c7fb47,9bd5cdb88d73a634,1,0,0,-7.4375,0.1201800249494281,0.2422373955430727,0.2421193430769923,0.0005777506404175
a3223a47da6c8376,97196bb94e06e6de,4,1,0,-1.125,0.6680983963038621,0.6774377419734287,0.6818346496306021,0.7693650121256489
4ba568d5851c74fd,fc8440242bf6f8e4,0,0,0,-9.0625,0.0070737163871322,0.0079010535582792,0.0083022609080213,2.2441336274991e-05
47b3bc84c758cf9d,3ea79703d557a2c4,3,1,1,7.5,0.928738321790648,0.9404385050845906,0.939058270667111,0.9998677007043446
800ab43abb9b1277,aa5e95b3013bdb9f,0,1,1,1.125,0.7056570288984837,0.4248412285180045,0.4288203492880298,0.942073808124222
7d07d948bcdf763c,d18e6826a7852359,4,0,0,-8.25,0.0737928379059369,0.0446389173020131,0.045946823529037,1.286445097925678e-05
ac7bd5333b6b60bb,ae85b878a95adb40,2,1,1,6.125,0.9097349855181336,0.9657179650017684,0.964263943098332,0.999967115533548
4a36e3be3e7008c9,f1e92f5351502d57,1,0,0,-9.1875,0.1062622556046396,0.0515947584434309,0.0523068473637995,0.0001038587763657
0b8012f6f3124434,32d75e77560a96a5,4,0,0,-6.625,0.1020631036967726,0.4292301967693582,0.4331580136139674,1.3851221543799688e-11
8d7c0ed5e3afa7a4,019cfdf49651b3f1,4,0,0,-8.6875,0.0506719677608067,0.0257697264576692,0.0271288967671164,0.0002139409192016
0105a48f670ce9c4,05bfc0e990239cdf,3,0,0,-3.875,0.1522150021236101,0.1858172638853497,0.1917099529608094,0.0007475157436314
8749a8300e5e8723,61cce79200dbb4f9,3,0,0,-5.5,0.1533520127710331,0.2266213747402545,0.2255884827166945,0.0011414018792585
efcb4e746800771f,25c9a90c4be08bef,4,1,0,-6.25,0.3301635591200277,0.2788507141664658,0.269996118514633,1.457236504183754e-09
2c48d1d8f6c7b70f,ebaf062ea5f7f15c,1,1,1,4.75,0.7651415548273278,0.8014277747089739,0.794163039783199,0.999885114359602
4625ad1c720603f6,ceb9e5691d681592,0,0,1,5.375,0.8668235492485642,0.9040122713290432,0.9012770081625489,0.9999999987797824
7c05c47fc0808c2f,f3e3f2e125a958ae,2,0,0,-7.0625,0.0180843695459131,0.0288770795624806,0.0301072150975612,0.0001307384286924
651c4f387649502e,6e987380b1249057,0,1,1,6.0,0.9408412553123444,0.9882115296544366,0.988412706628928,0.9999999485847332
f78e6bd8d6730077,f538c8200941a0c9,0,1,1,12.3125,0.9794000021625968,0.9707020502145132,0.971963976536852,0.999998927980582
a43122e9b42f00c3,293a7244e588ae30,0,1,1,11.625,0.9923142623967016,0.9850637840455746,0.9852177887164916,0.9999991662434444
8ca17cb85ebd91fa,1091c43d8b461603,2,0,0,-6.75,0.0558970003481646,0.0347372603257055,0.0354949278241772,0.0001203511966289
d982148c92108146,2a4f9774d6f4dbd6,2,0,0,-9.5625,0.3380295445794565,0.0230347773844718,0.0205495840757938,9.007483661862356e-05
2435ba970776881b,f3134cf582a1d873,4,1,1,10.875,0.976969907993214,0.966279407377221,0.9664168819143504,0.999995834937494
3dc738a468cea034,7eb8398fdb15d1da,1,1,1,7.875,0.9633531169692612,0.9852947776589168,0.9858691181981966,0.999993753098125
1c9c45e503541582,a7ac44503ea45341,3,0,0,-9.6875,0.1295060673530735,0.1033043564567268,0.1009066972926881,0.0001207877428599
b441a60834b1d480,f1b4e19e4e0985a6,4,0,0,-8.0625,0.1369255316293378,0.0894757342630225,0.089243112441338,9.748800465998771e-06
980d473777835e1d,d86927851a94f2b5,1,0,0,0.0,0.3223279406387745,0.1893262191557952,0.1983915908185788,0.156905879666327
a9e9674d544c1eac,a4f07d110d11cc6b,2,0,0,-8.5625,0.0390443665160058,0.0429244864201352,0.046400118658396,0.0001904773637122
78e4293b5d2b9c1d,c06c3a68ae4d234f,0,0,1,4.875,0.8438189437047058,0.8287068780976783,0.8312451164898162,0.999875250448338
004acfa9b8145a69,ce511b1938a85049,4,0,0,-8.0,0.1925054162503086,0.0921688454370771,0.0905605713931663,9.416788793303244e-07
2e57496686020411,9b121c049d3ea681,4,0,0,-9.375,0.1124230975375523,0.0253129626234078,0.0245390234886807,1.6870264265079217e-05
c5e3180781998772,db2cc357dd5fbd0b,1,1,1,4.75,0.9283208768661386,0.6052924470661868,0.6009144488736864,0.9976531120576247
46d59be05c245208,e389b84253e0d470,2,0,0,-8.8125,0.0304711961408041,0.1004894463730146,0.1053096315515622,0.000321561922082
ba0c5078c62074cd,cd5f9d29f9739f05,2,0,0,-10.9375,0.0404965372387472,0.0210416092087488,0.0216671831193573,7.99978240450687e-05
6f2504a60dc0cf35,81b6832eb3bcbdce,2,1,0,-7.8125,0.0978029966522177,0.0895869924833433,0.0891371346289456,0.0001758055660052
99c7c689b3d30da4,541058ce45a292db,1,0,0,-8.8125,0.1293246969639011,0.2372058740047968,0.2268532790825755,5.804089241314021e-06
c680cfe6514aadbe,348cdd23b60af4dd,2,1,1,8.25,0.9771506978409252,0.9787325342238584,0.9781077032277444,0.9999535794150092
d6c6652f2844d8bd,ffbcc60f81b95fff,1,1,1,11.125,0.9818262662935248,0.9858311634552422,0.9861065220243236,0.9998155390042616
df1507c4b5e10dd0,b0995ad09101fdcf,2,1,1,2.875,0.6485157845779591,0.6288748124739643,0.6386494066418361,0.9986823212253652
f0bd7d46d0ee11ad,a9e9959ad425a874,0,0,0,-4.375,0.2059230009722232,0.1129483557644659,0.1125577706943957,5.429770375435247e-05
3c229a643ed4bceb,2d209a6466f0fdde,0,1,1,10.8125,0.9632085454237383,0.9771217072212454,0.9771926822439818,0.999999341565606
34e2590f0d22a072,6c17ea1cb1d9ea1e,4,0,0,-7.3125,0.1810176940782364,0.1404325227535151,0.1395375630904443,4.476481203027405e-08
02809722cea37e43,17072c3cd144fd9f,1,0,0,-4.625,0.166472886052159,0.1337304246886396,0.1342611706291567,0.0058750011369601
bc20f3f42e0f7c3c,ae4ecaf0585e3776,1,0,0,-7.75,0.1520163891537002,0.0567804811738415,0.0563032489199308,8.170014779902749e-05
2f73f04be248fc65,520b44c305f5662c,2,0,0,-6.1875,0.2032710093887974,0.1590340161268748,0.1515176879971679,0.0005898729692327
5b00e93c8d7ab194,b69a32e50f332daa,4,0,0,-7.125,0.0891006710740251,0.1312956543850547,0.1377744482973597,4.611821088318063e-07
4f7a2781b429552e,4b01b00cc103dcc0,3,1,1,8.9375,0.9575282703955365,0.9708884676818982,0.9707000659764574,0.99992133664782
8eb9e8262699921f,47b45469ada74e6c,4,1,1,4.625,0.8913984136403281,0.9848176335698378,0.9847592277584803,0.9999999880438334
34dc2f3c0e7c6220,d8491f46d4544d28,1,1,1,5.625,0.819957614388634,0.841907010763748,0.8422813773007425,0.994770798447791
0cc19a53414b72d2,9d4e6a0015bed305,0,1,0,-4.625,0.3257065695937196,0.6685242297602904,0.6671206193369612,0.0021375147168859
f9959ec15c2711fb,fce03bfd36d4c2d0,4,0,0,-4.875,0.423556044047869,0.4075818109764863,0.4028398991615025,4.312548519194046e-05
4e1f7ff7299b0c6f,7924e591fd1759bf,2,0,1,0.625,0.688139999999013,0.2112929996574756,0.2045318732250378,0.0571010757972943
2962f346744fd5d3,3a1610f2894f2334,3,1,1,6.625,0.9668140798927868,0.9627211443590116,0.9611561772167668,0.999716694392787
02cbaa17ad58e6ea,81cea53c31f95106,1,0,0,-7.75,0.0353632518496087,0.0232554339832341,0.0237368500362772,2.1431975675996e-05
37e7c752b0f0d753,21ece4c3888e2e14,0,0,0,-7.625,0.0376534048274904,0.1108945373209763,0.1121761463275731,6.198380631036527e-09
2b84c6b14308af24,7db5bbbd1fb2ee09,2,1,0,-3.999999761581421,0.3897514981861512,0.6159073500194675,0.60906619705962,0.0189358614518548
17f7761192643b89,05bf1758226c573b,1,1,1,5.25,0.9672102738062714,0.9659793814377216,0.9629288206674538,0.9999887840717828
712e89382d8bc6e1,8ff653e9cd911d61,1,0,0,-6.5,0.0814387344188002,0.0518310029985566,0.0514014258536195,0.0004658362867571
6e1e769cfb8f2a84,106fb795d8ac7251,2,1,1,9.5625,0.9957147265956084,0.9829204162747476,0.9813739812502176,0.9999848615021832
b815d5ef854051df,cf0794214fcc9849,0,1,0,-4.375,0.1627825230485987,0.2552885872146722,0.2600112460863505,6.057590921304756e-06
4ba6219696e55525,e51b7ce27c7c9f11,4,1,1,11.1875,0.9754418075169046,0.9803144944303334,0.9802622183812568,0.999999962729474
35c776deda2283bd,79773f9c7737d4e0,3,0,1,3.125,0.8687875478746305,0.7532248473096486,0.7531292034953071,0.9101441236237312
324d4da51217121d,f5efa1d1f22a0ee9,3,0,0,-10.6875,0.0516894132521894,0.0332221091769146,0.0326500907470378,0.0012670068451843
521f06a35e241eb9,0959ce3b761211b9,3,1,1,5.875,0.817868513714534,0.96055779902887,0.9582873181669974,0.9999818810793256
5220f41a6abbef28,d8e57c1aef041eb5,2,1,1,10.5625,0.93698668974748,0.9415551084713528,0.9433980662361998,0.9994370952132628
5566be0a2b1846f3,9b565b2140bc50d9,3,1,1,12.25,0.973031665183009,0.9463813266905852,0.9485643363516618,0.9987555624539712
ad39e3a15a2dadad,0752da66886d1641,3,1,1,9.9375,0.9753991994629724,0.9838913374062188,0.9845606807724256,0.9999504657731306
beef79a7dc94eceb,a68f055c9c7e84ea,1,1,1,4.875,0.6751672333893403,0.8702035282232025,0.8731477361592098,0.999984438530675
551d3215b6b06dfe,70b1143883b1b6ce,4,0,1,1.5,0.7068616573582271,0.6283245395261235,0.627702651383765,0.9301098217227074
c159d5e97f456ec3,281931e0c572e695,2,0,0,-0.5,0.3959735516219484,0.2803676369444255,0.2881713806006857,0.1282674347279373
50f9f1aac62dac2e,4e4e937537501d3c,4,1,1,6.9375,0.8458931942329425,0.8057260351271148,0.8037854562265793,0.9999999428178428
647193fec9ecffb9,bf99f6ee9077dee5,2,0,0,-7.5,0.1131254819408593,0.0618243588209138,0.0606125044145213,0.0001359966931925
7a5c9508cbbd83fe,9a11dd2cc42b0ee9,1,0,0,-8.5,0.0679763186033781,0.0214215557951872,0.0208375228278979,0.0003302757175263
eaee4016f0ee8573,cedf0c54091c010f,4,1,1,6.9375,0.967023751394907,0.9685190076130512,0.9670626354986176,0.9999999992714476
ef001411408803af,c5bf7aabfb1c67e1,4,1,1,8.875,0.9124766563829976,0.9376357087648272,0.9384551534423232,0.9999999312080796
6c8107a4e958f400,afbfae7d57577d41,1,0,0,-6.125,0.0209949794113588,0.0277677490882293,0.0294180418451727,0.0005340228935566
e2cbeaae07d720eb,71f286e74a2c1ac3,3,1,0,-6.25,0.0517642612237157,0.136182958792471,0.1463025704196689,0.0044648497616362
7dcb7554c55592c0,7460370a9aabf1bc,2,0,0,-8.6875,0.1021018365674174,0.099946791083294,0.1006361988572662,0.0002964542940551
43b5d6a277151936,d7a0aed66eb98ee4,3,1,1,6.8125,0.8868399922551438,0.9645770767748618,0.9643075181736264,0.9999836048059962
c49633dfab07ee93,96bb9f21d93bdf4b,1,0,0,-6.0,0.0355842748754981,0.0239539273837985,0.0244975783366965,0.0006728980901531
5f57a9f46c1589d2,87ab8c5feabf9311,3,0,0,-8.125,0.066715966714339,0.0905135576094884,0.090938582604591,0.0001205349777092
3885caa272928462,42da14e2e216542e,1,1,1,5.625,0.939222609415262,0.9351173241871452,0.9343180103757764,0.9999851916195948
b836f4da66fc7938,6d834497f2fcad76,0,1,1,5.875,0.8916667407693748,0.8668419151545228,0.8638324131477031,0.9999999260387852
eea7a58b987c56cb,205db03a779b5d24,2,0,0,-10.4375,0.0337182537061826,0.033071827105535,0.0338431373334168,4.605154238524256e-05
faced699264b8b05,55f2d710960a1aa9,2,1,1,6.4375,0.8431365728699657,0.9659989678126704,0.9673120269677188,0.9999381209987582
c5ff454faee21281,ebe591e0b3e0c745,0,0,0,-8.0625,0.0936602638695106,0.1071471838018539,0.1033338482568999,5.16761198852861e-09
454be80022995b92,e65b49b3034a3ab2,1,0,0,-7.8125,0.070871600220516,0.1370621117744551,0.1407956696003779,3.141112377742033e-05
8fbcade94cc22f36,b81d1a2e05093bdd,1,0,0,-6.3125,0.1249802041143293,0.2166091968113624,0.2171077373925543,7.761596659840282e-05
4ee15fe117f4d96e,18fdf91b5ed205ff,2,1,1,7.875,0.9433516891441656,0.934655290619593,0.933183638685836,0.9999446752303528
6db020999f9454ec,3c662b19cd22505b,4,1,0,-8.0,0.1079897837687796,0.0759753887163067,0.0718620586934204,4.913157758536074e-11
66d78de26e2c39d8,f8b8d721c9f05336,4,1,1,11.375,0.9929080702221666,0.9660043706908962,0.965205782138086,0.9999936196135076
e9d8202cf167887e,31568093fa533296,2,0,0,-8.8125,0.0307520051120751,0.0187995652036368,0.0191481070213687,0.0003148189336504
b62f34e1a6cb2bf2,82d4388e1f008f7b,1,1,1,5.875,0.8732325091923852,0.9853440804031406,0.9850086919851871,0.9999973724030052
14fa7b6cc7e9e1b8,30e473a0844fccba,0,1,1,7.375,0.8895422191580425,0.8999327249901965,0.9003493260956122,0.9999990235309656
fb80fe1b7059cb3c,8baa297173ba3a07,0,0,0,-8.6875,0.0886139598507047,0.0221591803193357,0.0217977046071739,0.0001541099529192
407c33146fd90b92,7c49ad67e3074325,0,1,1,7.625,0.9411626757032344,0.9533808715348654,0.9534072361472709,0.999999506192406
06b938b731f2b4bb,e055d2bba83b1d90,4,1,1,11.125,0.9688216345263604,0.969329338426258,0.970158615380614,0.999992352085095
f8055d377df32b2e,dc46a07202623571,1,1,0,-7.25,0.0839970768582614,0.1022099646418795,0.1049302240064757,5.510533670109924e-05
cc256a36e9af9ddc,5f2e48d65f7ea56d,0,0,0,-9.875,0.059109073768627,0.0470254588869421,0.0463100445695925,7.164215236203791e-06
408e8d54204c6df1,a2f456aeb9b3adcf,3,0,0,-9.5625,0.0373462035430509,0.0267028434440464,0.0270057875970304,0.0005180950565112
729283daa121411a,53072f0281f57426,2,1,1,9.0625,0.9412347387141404,0.958486640331012,0.9582024109082004,0.9999589942399768
4aff6667b2dff47c,af8a05b8a2e513e5,3,1,1,10.0625,0.9593081286607192,0.9842590513683592,0.9844444347802312,0.99996891212113
4161b71c493bbe4d,f9f94cc004583903,2,0,0,-8.6875,0.0413467657935322,0.0199489698789218,0.020155451557853,0.0006471041771101
bbbdf627804eebbf,6343fe4f5470f9dd,4,0,0,-9.0625,0.2502536626374519,0.0314960055279041,0.028563778620102,6.164467446044608e-08
387d679124527620,9abe260a73ecb7a8,1,1,1,11.625,0.997025872193807,0.9877739875606566,0.9869441812521118,0.9996839033958316
fa2d04ffa2d8b907,f22fd79922a3aab2,2,1,0,-1.875,0.6151618235625083,0.9397245197721602,0.9395748368269816,0.2758699253675118
d93ea380f63f6503,c573a7aa4d2c9513,0,0,0,-10.375,0.1310692006434524,0.0451707237414091,0.0439334610339033,4.521036845391163e-07
7bee051d702716ac,e4fff40385d0c70a,2,0,0,-7.625,0.0790031607913651,0.1292642826452108,0.1324317055713683,0.0004466876383968
69ac3cd726694b98,b57a414501aa2f84,2,1,0,-8.375,0.0726243098786725,0.1263470402036375,0.129564828753455,1.993980677759841e-05
75ef9e8e3eab7481,ad3f43a33e8f9371,4,0,0,-7.875,0.016533882265816,0.0211389998476862,0.0226149645004922,4.113323616245377e-06
715a4c5cb8fc4d36,783289073a828810,4,1,1,6.875,0.9577586605444396,0.9545586396452176,0.9535831815231188,0.9999998559649652
98e74c67f7832586,09ed8d1676720f91,3,0,0,-10.0625,0.052389099468272,0.0181039132140388,0.0183237586064117,0.0001380865530295
ba81544f2954971c,d362083786ed194d,1,0,0,-5.625,0.1093118961408071,0.1769864284376765,0.1730562878231537,0.0002091743401112
ce648dc45d1df4b9,cd9a436f34308495,0,1,0,-8.9375,0.0483159487392514,0.3678454979627701,0.381478343224609,1.9032503961771514e-09
a2b0c5dcef80d309,1a1ec8baa2ceb072,2,1,1,8.625,0.9349343019619092,0.9582412798250738,0.9584226901628494,0.9996652019836731
26b1594b56ef18c4,af7c3ea1969f8b25,3,1,1,6.875,0.8717251993376887,0.95910899212852,0.9611295301474734,0.9993310138802644
df858f3448aaa620,ecd86c013dc73804,1,0,0,-9.75,0.0339853414612277,0.0244857346824316,0.0247635487656477,0.0010959958850271
2f5aaccf3624e862,6ec00af21c58803a,0,1,1,8.9375,0.9729004497082336,0.9801127464724044,0.9800349878296556,0.9999999752291168
ab64a835592569f2,db9545771e1170ad,2,0,0,-6.0,0.2500707360970592,0.5655661238721976,0.5472424775791658,0.0002370336458605
3acbeed28b77cc8f,a785734d99eeef65,1,1,1,9.1875,0.9482479632293916,0.9823397722513678,0.9826619107241849,0.9999918777366514
1d9123b89be5c086,8a3a640bc81aebd0,3,0,1,4.125,0.8966505526505516,0.8910726941370594,0.8905170915060867,0.9991225407178832
33e5a5c5030d0b09,e111bb229716804d,4,1,1,11.125,0.9793261216458388,0.9674739717969506,0.9674251554167244,0.9999934634714394
6734e3ffd23aaf32,519845fa3eaf49e4,1,1,1,7.5625,0.9639208161289984,0.9918896633845178,0.991661385163777,0.9999694920136412
6ad1089e5b3afd7e,d4eeefebf04cf336,0,0,0,-5.25,0.3422037912181988,0.2084300283140375,0.2074516967311898,5.664597010857433e-07
c3144896fe573396,678d8cf80a4e505b,4,1,1,8.9375,0.9942914716639508,0.9759908871062952,0.9746280077313716,0.999999919292221
71059c8e7ffedd21,5091f5a062de20db,4,0,0,-8.375,0.0783772042832883,0.0208248186923245,0.0203301251922484,3.981386940730425e-05
e2ad4d2ffcea46eb,9becfe92fbb0a756,1,1,1,5.25,0.814339895687661,0.9554322939761288,0.9568497192338656,0.9999768908904548
6bba7fb2e8fdc331,0dbd8984d388ec03,0,0,1,2.25,0.6211235332171392,0.3140727621344412,0.3145735491997941,0.6010205609183928
061629d92bd49b3e,489c1e3bcbd33c4a,3,0,1,2.5,0.7652791656932376,0.7986695538324837,0.7960616344859819,0.9973750554945044
079faeac4bb37304,3914a9239d6aeb8c,1,1,1,10.5625,0.9864129004997771,0.9855919989120272,0.9857772519219395,0.9999076969455872
05e6973f0854d271,1df1fc67c7654362,0,1,1,7.0625,0.944868011373606,0.9753823087266308,0.976508112248994,0.9999995742161112
7f2b5603b59e7d21,c6013a4a99e5036a,1,0,0,-10.5,0.0760644543446878,0.0388394998479972,0.0394341174708963,0.0001392981426266
c67a8c55656f162b,3d85bf1452a0e35f,1,1,0,-2.5,0.2478455112870035,0.6614863501591943,0.6677105178648814,0.0171990530197555
e8415cccbd4726b8,f2b045780a541067,3,1,1,10.5625,0.979730945543845,0.9817748453478786,0.9819135569029696,0.9999751177929812
ed93ae5bd9b85422,06af892fed6834ad,1,0,0,-0.8749999403953552,0.4836110621696355,0.3336713559807934,0.3308963199105729,0.0413265779803453
052cee13e05b933c,14e7137e8c3da01c,4,1,1,8.6875,0.9435366882401586,0.965603453011406,0.965230838483406,0.9999996637787748
daee54e2391ad023,52efe93272aaf1a5,4,0,0,-8.0625,0.1036299858090672,0.063590731622041,0.0651437093580211,1.1800069265311732e-06
802ae2a44b52ef05,31b3cb28e3227eb4,0,1,1,6.75,0.9450819638227372,0.9630730198784816,0.96205444044645,0.9999999787643464
f135511bc82bcd31,b314431b7b6b8da5,4,1,1,9.6875,0.9879390325654211,0.9723890452373408,0.9709516081113212,0.9999898713749572
64a32f60a7547a72,fb0515ebc2a6aaef,4,0,0,-9.5,0.0532345863766079,0.0817138156473923,0.0851949042247155,2.035292561355951e-07
dee13cbe16ad790b,76b3d78466750a59,2,0,0,-8.0,0.1661659239775488,0.0340535200975182,0.0327513452609632,7.602713403958418e-05
3b072c2e02c02a4b,06bdc28d29fd1332,3,1,1,8.0625,0.96415344844014,0.985644744965965,0.9853668252688697,0.9999831757786874
e0ef7e5912732cc6,b2418f8c2e39f26c,4,1,1,9.3125,0.9558791460525912,0.9792933640356304,0.979361912198162,0.9999999945864532
d0ce83e7ea9bb123,25d6c8a46373c63f,3,0,0,-8.375,0.0452393672615353,0.0170003177657979,0.0172852225692456,0.0004411242240946
d0f0f3a2cbbd1326,6425503defe0f49f,1,0,0,-9.8125,0.0304718010425934,0.017133671361946,0.01759534749182,0.0005780238136604
08d1def258604bac,2692a884fda11613,0,1,1,8.1875,0.9912500488001392,0.9831219752034444,0.9814740186323876,0.999994393158366
811744d3d17633e5,1b67e7ca55b7ab9a,1,0,0,-8.1875,0.0692047102356257,0.0317937348599322,0.0317488764490564,0.0001734402317253
d6b2633a0e137fa5,a7bb16e3d35b91d2,1,1,1,10.1875,0.9739483869956076,0.9844479614520903,0.9847638618226964,0.9995353614876968
ed00edeff04ecbf4,2d4743e89371ce99,2,0,0,-5.0,0.2579881425971482,0.8918957517156823,0.8875149585913784,0.0145514749346688
d63e45441bdeb365,19baf53e911efa1a,0,0,0,-7.875,0.0141539004779965,0.0259983532028088,0.0270811453557846,3.557294315982236e-09
523f5af48ba272d3,a5adf73145564005,2,1,1,11.9375,0.988549735438073,0.9649002237627844,0.9640248978741636,0.9996463674001548
293d3701958664cb,1c99bcefcade0c42,3,0,0,-9.125,0.0508427360218698,0.0345704381978686,0.0351771992725084,0.0002942212315114
0ed595e95af4763e,6ad2c2b89c5356f1,1,0,0,-8.25,0.0890493323138722,0.2163983594361069,0.2168327652233898,0.0008686802427657
8eb709cd8a84eeee,2a9d2de2d5e4eb76,0,0,0,-7.0,0.0144185924062227,0.014781535838293,0.0155661917052603,6.310583720266613e-08
d5a44750a882b070,1fc59a9645921afc,1,1,1,5.375,0.8689990038678687,0.9725896402544606,0.972255554006696,0.9999474925712208
01b3492602c1501e,a15f4e2316d0b405,2,0,0,-4.375,0.2914955283015316,0.2558858845857824,0.2550946483130111,0.0122494815747068
690032de29d10a21,b7d2e4825a41b6b6,1,0,0,-3.25,0.5892697211862278,0.234968148976077,0.2256285747195209,0.021803982547826
960ca45d2fb71df4,7b2b2aa324e32535,0,0,0,-6.875,0.094603552263186,0.0292425778390053,0.0297305902080654,2.736853209834724e-05
2c15de08e42d4f28,a9fcc7d97f5592b3,3,0,0,-9.5,0.0393422630313331,0.0216039503747753,0.0227636682454174,0.0014283935523321
d9136528317f8ff1,b1cce4f090d37131,1,0,1,3.0,0.7337341921214957,0.5433858050036203,0.5380565116432418,0.9360958531133324
1e8a0ba1dc080a28,21461b24355fe012,3,0,0,-8.9375,0.0488291360194399,0.1203130267336829,0.1186167996951017,8.292769274518426e-05
bcc796234abe8e8a,c20b2ff076bf0eed,4,1,1,5.125,0.728468655542206,0.9632764985973612,0.9637626495533484,0.999999975214865
bb84c6019e12fe8c,7d3157ba786ddc57,3,1,0,-0.25,0.4754290106985465,0.5820750939173547,0.5810359047945212,0.4925565282344259
787fd03a3922f895,1e77b8f72fde3536,4,1,1,7.9375,0.9648326394506784,0.991696123349784,0.9916236131358298,0.9999999924976396
8b8b20271b4087ed,6c5bf407098691af,3,1,1,6.375,0.8600995754699144,0.9554425287122816,0.9574647662864778,0.9999972712905874
80f7db5a1fc1052e,bc0f39fd553c4b84,1,1,1,6.3125,0.867408791098581,0.9641393809713238,0.9638542092066754,0.9999928168309488
caebf3ad06386002,7ca9f49c21ffc398,4,0,0,-4.5,0.2654700731595285,0.3041261883001577,0.3033353191006465,0.0003469187426971
66d75d0fcebf2492,826b6709fa961f29,4,0,0,-5.375,0.1540528249265775,0.460390470023075,0.4683225520478505,0.0015604252887002
4b0f98eda2abf03e,b639bdfc8ac3b022,4,0,0,-6.375,0.1701897514211144,0.1997567886397871,0.1975855009429892,4.5285533103463146e-05
a01e8db19b00831b,f3c86e0171421f45,1,0,0,-7.75,0.0687723817774894,0.0145541887758862,0.0153776870541246,0.0002945334625964
7032b24481183213,f902a8e01cbfeada,4,1,1,8.4375,0.964896453554199,0.9662584787731692,0.9653103145868164,0.9999964570144418
3b8afc61307d21d4,c109de01cb125006,2,1,1,9.8125,0.9369567218319472,0.9694604544014924,0.96959237740698,0.9999813735729948
9a3540256221faa2,5074c7e271e9fc48,3,0,0,-7.6875,0.1767233610359915,0.0743251353514746,0.0725996082350337,0.0036495532848517
328ccbb96e4737b3,65d836d6e375ac18,0,1,1,5.5,0.7458085374619873,0.902408035272678,0.9070591839368222,0.9999999601132497
1e97738ce568a247,388fed39b39ed03b,2,1,1,8.6875,0.9726746685684412,0.9789920136655134,0.9781565810290374,0.999944514576772
4b2c0c236275c26d,5e3a5f40e2f8a3cc,3,1,1,8.875,0.9049783732959484,0.9551638407759252,0.95657554446516,0.9999714551406
529604616dcb077e,7d90e4634df98079,1,1,1,10.6875,0.988975887805828,0.9870855564506654,0.9865454139634948,0.999959753026008
699d1adeeb2a3c69,207bb393e22397ca,0,0,0,-8.6875,0.0494797767631802,0.0251667860582471,0.0250201191415517,0.0003575067959397
a0e26bd81a8f3d60,68b9e41f74302a48,0,1,1,9.375,0.9871376736780272,0.9732461829841356,0.9708734176962164,0.9999953048077792
33d29c7038daff99,cdfe8c49cb4eafd0,1,1,1,8.1875,0.845485127275516,0.9356176038498124,0.9381636366270512,0.9999771433516088
6e16ad0b46b5ee44,e1e25204dd02906f,1,1,1,6.375,0.971777652796222,0.984230384507012,0.9841731376424396,0.9999719022261726
821a82ef3da4c8b3,663b30001356a9cd,1,0,0,-8.8125,0.0378869793881669,0.0212482661214551,0.0220174257603342,0.0001795659114476
79a003ff7e5cc44f,1fa02607fc6262ea,4,1,1,9.25,0.936804926954756,0.9746368268158364,0.9750212746220096,0.9999989113306356
53ee4a8d5764e078,f5a76a09db964fcb,3,1,1,10.375,0.9811032080103754,0.9801787754367391,0.9794135048199432,0.9999410472824956
ff193755030e5561,ded9ef00189379d8,3,0,0,-7.1875,0.0439897512432878,0.0455706596522911,0.0454995787590672,0.0014472145127879
6fcc4203623c5f59,4872dc4ceafc7b8c,4,1,1,8.375,0.992214986371627,0.9817077778113816,0.9802296256160316,0.9999999979185972
557b94995cfd52f3,82535e418f37933c,4,0,0,-6.625,0.0397041103837425,0.0190395215057713,0.0188227097861483,4.290715676325693e-07
c038f203a4364585,fee85bc3fe9f2c58,3,1,1,10.9375,0.9872977539645444,0.9773633724302454,0.9772392113703656,0.999829091337074
4dd1b96e012f94ec,ee885541fb7811d0,3,0,0,-8.125,0.1048097179706601,0.0157747143590039,0.0157183199869642,0.000485995693005
168bd01e9593ca35,1ceef39111244a6b,3,1,1,7.875,0.9422637698023252,0.9777174519627096,0.977671925612477,0.9999680419014988
1fe04362f414da46,e3b791ccd84cfb63,3,1,1,10.5,0.980293254611118,0.9843320339437028,0.9840939290086772,0.9999415123897584
45efb62e0063fa7b,b36e05f71bc63a10,3,0,0,-10.125,0.0514843928154465,0.0457966713296998,0.0457854589015736,0.0003083909223354
872813b1d7f29317,949ff89671f9c85d,0,1,1,9.1875,0.962140522111205,0.9847901486049628,0.9851011188088736,0.9999999105291266
bcffe572252c3ca0,a5ef284ee795cffe,3,0,0,-6.25,0.1838004066816285,0.1109121840592393,0.1089231336588426,2.0854553326681946e-06
c2bc4047392cce79,905d49a1294c0e4a,3,1,1,9.75,0.9146435146635604,0.9599091037768088,0.9628192050703992,0.9999223500916852
20befa776e1e65e8,08444f76df182f30,2,0,0,-7.3125,0.0874889764812272,0.049116639466572,0.0474692402912945,0.0002368079208056
c8fd3f4dfb215469,5b8ecd9557f1344e,2,0,0,-9.1875,0.1237084250287627,0.0295596464880744,0.0292749488066366,0.0003375152425105
3783c70025644b88,74cfb9c55634d1c2,1,0,0,-10.75,0.0727001944984165,0.0430136070151905,0.0443030333935696,7.80772401643161e-05
23ff73515a8be12a,491448791488641b,0,1,1,7.375,0.9903325224597276,0.9886131860944042,0.9876440750153814,0.9999999878760782
3893931afd368581,abf6234bf2d1629f,3,0,0,-6.3125,0.1485521552067868,0.1541702480684953,0.1565313317365418,0.0002830871144411
0359e03b316e0377,4252192d6d104868,2,0,0,-8.5625,0.0443335033700477,0.0784586903440941,0.0803477168843634,0.0001995517949997
254f015704ef411a,290e22993f89d339,4,1,1,9.6875,0.9819886748505834,0.978002754228346,0.9787375102992262,0.9999997425465468
525d980dee2dcf49,4f336b7b89d04658,0,1,1,9.25,0.9610559854348372,0.9700041047738428,0.9686187997280012,0.999999458591324
40a4ca8780868ff1,674de26a7d198d4b,1,1,0,-6.0625,0.1994546019098637,0.6435982869825805,0.6549901207350206,0.0054220822947105
5a088ef04555d668,a5dd9e346f1e03e3,4,1,1,9.0,0.9452810168246254,0.952159074532918,0.9514071532859932,0.99999997002278
686af50b449bfbd9,ab6a367247fc056a,0,0,0,-8.25,0.1818125281888979,0.0205697463344665,0.01846564555199,5.060532207589212e-07
8c6f7d0d1e63be83,25d2510b830bfefb,4,1,1,8.125,0.9200100800787014,0.9510565125629584,0.9508436965678996,0.999998248235086
aeaea4d48ffc3a03,4e7fc99d2049e297,1,1,1,3.0,0.6863272791903814,0.8288505990463765,0.830799678402806,0.9959870314576366
84ccb39a8c3b5f94,a06ee1c6bcd6789d,2,0,0,-9.0,0.073922223015117,0.0255042217963515,0.0255238164810998,7.183622654200161e-05
54942d278408820d,2c75f169566e7784,2,1,1,9.0625,0.9081855463628224,0.9635132750774464,0.9651921572064992,0.9999874686835842
85fdabc9d3c3e993,1f19278d4db8d225,2,1,0,-0.5,0.4953634924718058,0.333404612268688,0.3296012277247022,0.0832296821127528
60c9e4618a2554dc,782152cd09b7d248,4,1,1,7.875,0.898424575233935,0.9813719984333888,0.9819269606531938,0.9999996921885658
68302bdf3cd73586,e95bdfa2dd10793c,0,1,0,-6.75,0.3177251459561794,0.3575727565276098,0.3550264073344185,0.0001292371336266
9d7504ad961ee358,d9b3db986389b29f,4,1,1,11.4375,0.9798205589064334,0.986786954418266,0.9866946161349344,0.999995708903609
d59d7c3012260c5a,cb79f065fd05125a,1,1,1,6.5,0.9554159650644752,0.9774276272742838,0.976323236349526,0.9999892525524412
c3995e4314d10200,e3094cf700695984,2,1,0,-6.25,0.2734782504030037,0.2205187995153537,0.2244553671116997,0.0003316193989603
c003db1404d316e4,8eaf962af19850e5,1,1,1,8.875,0.9875081801709654,0.9813861694910364,0.9809909721534228,0.999950097277684
e193f9ded43ba6b2,38b897ed313c8b17,0,1,0,-7.375,0.037006900465727,0.0761072319366321,0.0752380726673648,2.3357294174242492e-08
3bfa57dde959f343,ff0745056c454d0a,4,0,0,-6.375,0.1565028416656313,0.0926294750209021,0.0941857183276845,1.2400886580837314e-07
eb16f280088ddf92,a9facd9fd3730e57,4,1,1,9.1875,0.9719495844266988,0.9823336589126992,0.9825420719878616,0.9999999995514296
abb7e21a8f55c480,dbaf6460f855b7b6,3,0,0,-8.875,0.0263550202583566,0.0254389683366548,0.0269386441913341,0.0023959016455642
51b4893cd120a893,b8dfc5030c281bdf,1,0,0,-10.25,0.0271990224626662,0.0222548333446562,0.0226600237575511,0.0001465552224031
9094472876c1cda7,a0c9e17e1462a002,1,0,0,-9.3125,0.0533115247077138,0.0192839289865188,0.0192905392952077,0.0005278928015486
baa00bd1db904589,f7f49abf2a5e1417,2,0,0,-10.3125,0.0452327870081056,0.0256636940359714,0.0264517002710946,0.0001501588962549
3a8d9d1037e6bf8c,a9671c1340cafa36,4,1,1,7.875,0.9508342414610016,0.9625896314242012,0.9605760365488112,0.999999653960891
a15356f80be667ca,2e77b3fddeea067a,0,0,1,11.25,0.9977800757807036,0.9858483662862256,0.9848016707144904,0.9999985758588288
25f1873b1a841e9c,0e115329f0de373a,0,0,0,-9.6875,0.1967190865863647,0.033508072377562,0.0315256571708492,1.765823930110225e-07
78d69431d8f639a2,699331582a59494c,0,0,0,-10.4375,0.1270227560717817,0.0285881387024784,0.0285844492009228,6.951333204405116e-08
ba5d05b6b55ac160,5ec0a1e0172cb1bb,2,0,0,-7.4375,0.1422451052102674,0.4809635719080303,0.4822713114115133,0.000312904145184
1f4fbf01b6fb7e63,a595783332fa93cd,1,1,1,8.875,0.9532984810972012,0.9768388430093372,0.977432992365758,0.999972479041419
bd110f9615e96486,ff89944ab89ce416,0,1,1,9.0625,0.9765243999539212,0.9806151567114828,0.980753675002577,0.9999998568272168
527a27c48dc39d8c,ec528446de97568d,0,0,0,-8.0,0.2050151179660242,0.0330313777834944,0.0319767148958414,1.571102567980231e-07
1a4f8b428a52bc99,e4cd03fcf9ae9c6a,4,1,1,2.0,0.5953280015737523,0.3426939584757165,0.3490577151520138,0.999217423947516
11ed7093bd7bf419,8abbe458cdd125ef,1,1,1,7.1875,0.9551892353963666,0.9656213607802792,0.9646858288365796,0.9999954568864092
ada1a4b449c43303,f9f194cc66d162b2,0,0,0,-6.6875,0.0816147004410868,0.0681465810885953,0.0688505214045932,1.1553694054483375e-07
bb020af734b35030,025c63b2f5bb5072,3,0,0,-10.375,0.0431717919202879,0.0361938944601393,0.0380731773609155,0.0001256869425212
d365e2ea34b9ab19,86a325b6e8842dd9,0,1,0,-6.5,0.1509807401356049,0.1160620049854172,0.1119459043415104,1.0513397537317721e-07
5e2af3730f8964fb,869f80df6dae6566,0,1,1,6.5,0.7204291442389048,0.9059575130416948,0.9065896133085392,0.9999999070323606
aba3a1badcecafbe,13d9979a4e1c067b,1,0,0,-6.0,0.2543758085512582,0.0481559668734754,0.0454434083320943,0.001552319642164
279006b00cdc497c,21838e4d5fcc2e26,1,1,1,7.4375,0.9426866977268368,0.9843014998211964,0.9843842584448204,0.9999935076988966
ba54f3b618d8802f,a7e1ad01d82df679,3,0,0,-10.625,0.0627444332214512,0.0564866456873124,0.0568395610787248,0.0001513594246234
f13767a633d24c3c,a11cb89f3584787a,2,1,1,7.25,0.9611748845767212,0.9403815231731436,0.940979603687238,0.999512998852277
d471f561f9561099,bfe2669458a03712,1,0,0,-7.75,0.0725972588768089,0.0550706337401274,0.0551151480790864,0.0007640527560578
9477d24fcef497d8,61c315beeca24084,1,0,0,-10.5,0.076273195775038,0.0248295952812783,0.0235884934938959,4.01889345537731e-05
0c80475e703873cd,4df59694e223fb80,4,0,0,-6.75,0.278666980285164,0.289279197788632,0.2755600566565883,1.8786311849772225e-06
33272fc3d55d7b38,439ebdc81baa042a,3,1,1,8.625,0.8703172020657602,0.985067016843179,0.9855406616632706,0.999966987406961
5e10798000f4f826,952642961ccbd5c3,1,0,0,-9.25,0.0686034913909771,0.0329478252934743,0.033054655531253,1.4077209836463324e-05
252977f3eef9b396,0db934a21e0042ed,0,1,1,0.625,0.9383626746506792,0.9871696148426754,0.986432009335074,0.1693024204912856
ea8e19bf08d58578,f6c8ecf2963e1c90,0,1,1,4.625,0.9427451739452888,0.9860735613425984,0.9857965167248725,0.999999476676447
e5832820dc2508d4,80aa3944fc48615c,1,1,1,9.125,0.925458714786837,0.9824598328111844,0.9833134137722216,0.999992646673245
5e4a34e22defa020,41feecb451d7fef9,2,0,1,4.625,0.8311396835850458,0.9115176522328629,0.9102448058760824,0.9999333126756264
7ed806a0d58bd768,b66193865ded7148,1,0,0,-8.5,0.0976141351236581,0.0395497498368712,0.0387669084064702,9.124195577038971e-05
2b785da2787197e8,3b3815ecb56e34a0,1,0,0,-7.875,0.1199925126496375,0.041738846939618,0.0416733116299532,0.0005999243571171
7da328bef13b85de,240db04eb118d799,4,0,0,-9.9375,0.0466775425738456,0.0222685163608812,0.022144004878316,1.2660188882097892e-06
b8ce46dc0bdd0424,25d247cd5378b34c,3,0,0,-7.8125,0.3465149964651686,0.2035731139252533,0.1971740655826089,0.0005219973577053
1d35a1fb9cd802dd,d5ccbed1f11bf4b7,1,0,1,11.0625,0.9644382925194992,0.9884194506991404,0.9889352186041184,0.9999345212350578
d90fb73769f9ca26,229ee8604d12b347,1,1,1,2.875,0.8919096367725536,0.985451187811639,0.9848604047505992,0.9977542702861784
76c3770c26accbdf,c8b730477c669d7d,0,0,0,-5.0,0.22581001366613,0.3722096772633744,0.3727671692949574,2.6215191610723333e-08
09c4e14c92235282,e1ee0ca6d094e5fd,1,0,0,-7.5,0.2232438570513076,0.2175945514234641,0.2152018214674404,9.130352864425674e-08
87ff3d460db2c865,2e54a8e7791fbad9,2,1,1,10.6875,0.9770659243839512,0.9748198606488592,0.9751321401520102,0.999982787117732
384d2afed1d6d4fc,30c3a77072a00edb,1,1,1,12.125,0.9942111749195937,0.9806331434764752,0.9808287154085013,0.999125561720925
eb265f9dbae9529a,2ddee34f55c6fd38,1,0,0,-8.875,0.1283904507649762,0.071251500844308,0.0692891106039841,6.919759828761488e-05
bb3f56ab48cc1541,36917d1c5f657ecf,0,1,1,7.75,0.9833324747410448,0.978406328364928,0.9781478401588544,0.999999999615892
e31ae4af31efbf78,3c065952b9302d1f,3,1,1,2.0,0.6333467128811433,0.6316065403676513,0.6424467194200796,0.8012329293824177
22cf5b67ba727efa,b1af9d39e9026ad0,1,1,1,9.6875,0.9847765144071776,0.9929312271533858,0.9929401179848786,0.999977899171738
64cadfc6b9952cea,4fcc2a175729e961,4,1,1,8.625,0.9806090322447244,0.9808021223340416,0.979876508761821,0.9999994653127918
d2701f4af8736a1b,d9f7f30a806afaa4,3,1,1,7.625,0.9050608026113526,0.9451633456882657,0.9436622439545592,0.9999952626096512
9f52c48ebd0e158b,bc0b1314602cb8b4,4,0,0,-7.375,0.0262596583258281,0.0213802406636749,0.0221159764980964,1.0628084074395847e-07
506ceb5c4be1c923,5896fd07b40f6ce9,3,1,1,11.0,0.9565148692730226,0.969791854283264,0.9704053820831924,0.9998645445929064
96903602ea8395ce,0dcb8e08a3accf39,1,0,0,-7.0625,0.11300287622892,0.088275093375166,0.0860387366997024,1.6897980124950775e-06
6b235e72f705415c,b715d86361691336,4,0,0,-9.5,0.0780419393064455,0.0327947057811464,0.0324966794290785,3.449086569401e-06
1e50ceb1d8c3c0b8,f8bca751feaafc05,4,1,1,4.875,0.7419130423508911,0.8727534605278899,0.870328096479513,0.9999999666904988
d8d52d872ff696e2,2d38c298a51b3bc0,4,1,1,6.3125,0.9264676100485492,0.9343095934951844,0.9342307200878492,0.9999927655047816
0dc1c2a9c428c833,ea4ec6eb3ff001a9,3,0,0,-2.125,0.146779518427524,0.0144941424254187,0.0142696444236067,0.0012987069966988
8086048debd58977,75a230900b647fa9,3,0,0,-9.4375,0.2113705811794261,0.2686901296822396,0.2645678875233701,0.0007659939896294
2d1517c568b6322e,2e5467bbfe128daf,1,1,1,8.1875,0.944692869527146,0.9590047934965752,0.9593783407130267,0.999942079759877
f42e1a35bac52ca4,e79dfb9f02ff6cde,4,0,0,-5.0,0.2835178493987605,0.4099723207723512,0.4141202665508329,2.506187313190364e-06
648977851a40a816,308db0704e9bf7dc,0,0,0,-9.625,0.0370321237014999,0.0205532170358022,0.02105188131421,0.0001637197604777
884197973e8125e8,0c06d1de868a4c60,1,1,1,7.375,0.9611002829471036,0.9834445182600448,0.9838136438988512,0.9999962769734256
a6dae344486c87d4,37a9077ec00e4c1a,2,1,1,4.875,0.8522954788239081,0.9570203276781388,0.9572759849864608,0.9999641086480204
469d35b59d02ddd9,8fa761ea663d5e18,4,1,1,8.5,0.8724565864092345,0.9553638726927548,0.9579180095132735,0.999999727323988
9de3cc1b98f44dad,0e7aa74b6daa5bc5,0,0,0,-9.5625,0.0671189210476626,0.0245200498543353,0.0243197631442152,1.030254731936431e-05
f08978497d7a6897,dee1ca3ac96a4ed7,1,0,0,-10.875,0.0323056599539474,0.0304245091470364,0.0305341555721258,0.0022096625118337
c4c5d9ad33199ba8,3275f12007cd133d,3,0,0,-2.75,0.5177269372386678,0.0632234447475992,0.059388628148564,0.044835180979118
d6317f5def858349,f00645ede8ca8176,3,1,1,10.3125,0.944105091136604,0.957653877390602,0.9580883862040156,0.9995628936125576
57467fc784e85004,4b36dc1dcba4c7e8,4,0,0,-6.4375,0.220173920322048,0.1786088481480312,0.178038862678829,6.180270537452128e-06
7e74698990f85316,300e5190c442b6cf,4,1,1,7.1875,0.9262319246160654,0.9469463751670538,0.9466298947219222,0.9999999906936762
638be164f3f35579,477d365efdcafd6f,0,0,0,-6.9375,0.1064596896009942,0.0410796002246943,0.0404539936279662,8.804706002131832e-07
43424f951a56f410,2e6c423c1a8553f8,3,1,0,-6.25,0.2864340853759189,0.1399502819948631,0.1424585509929608,0.0002441471315476
8875659dfaa2683d,d3b370248c6d5de4,3,0,1,9.75,0.97591707164953,0.9877496967069924,0.9872662054118472,0.9999933943477524
9fb793b75115cd6e,91ca51f5a3a4aecb,2,1,1,6.0,0.926194659499337,0.9709624623011616,0.9706839018986884,0.9999241070089636
f73a6418bf048cf2,d4f37bbc5e04505e,1,1,1,8.125,0.9419828355807144,0.9820503584567826,0.9822881378669208,0.9999774891967907
5d2893fd8d59035b,6a2c5eff4a88ea23,2,0,0,-9.3125,0.0519538269657159,0.0140965740576477,0.0137323932333935,0.0008343653353759
938c2efdc2f08e56,1de45ce3bf1ff09b,1,0,0,-9.3125,0.1632086760400234,0.0450177741364009,0.0449420564711548,0.0016087064133867
e90a7b71e4ab214f,2a5142cccd0dcc08,0,0,0,-9.0625,0.1259757055539883,0.0267171816140581,0.0263711046537018,1.1564647724595485e-05
37709469db548720,66bbe0b3161e9bc8,3,0,0,-7.4375,0.0901189717254846,0.3542527813980006,0.3514651642829316,0.0010457432639195
f42433d8c5deb552,a5c30144410e797c,1,1,0,-8.625,0.1436064784827618,0.0585363778717803,0.0605605943904192,2.6970649242360605e-05
64f2ef01f153b67c,75e30ae9f4878386,1,0,0,-4.25,0.330956703881503,0.2286747710742508,0.2311405936923282,0.011024892066116
8b5f20d56dccb229,fa8e5c6b3bef947e,2,1,1,10.0625,0.949467547395864,0.9638964292071596,0.964208270682498,0.9998218072600789
5a4a861a9a3e7eb4,e4c51bf3ed90b4f9,2,1,0,-5.375,0.237586700867467,0.4522398484763436,0.4520381010967619,0.0003813014386184
ebc1342da01a85ba,03df79f7b235fd2f,2,1,1,8.8125,0.9110733083728736,0.9710638251887056,0.9719817941023856,0.9999462878550462
93b6f3ec182fbcb4,0a72a3c91be8610a,0,0,0,-7.375,0.0559093111982155,0.0219590174605712,0.0219284202833306,1.9320643469083124e-08
73f765e9930da038,776db44203641185,1,0,0,-7.3125,0.053071069129034,0.0456403859553056,0.0473735400282144,0.0008590998240009
f6494c2b48e5e532,57ddbe1fc9df0817,3,1,1,9.5,0.900997159130618,0.94279237364558,0.9440141355534524,0.999895936764604
43d1562376255bb0,f104326d09766648,0,1,1,8.375,0.859718418754222,0.9611478503558856,0.9622388079752467,0.9999996407651768
8da2e8739bfb7d2c,67a6e31b4cf89a53,1,0,0,-9.8125,0.0780327067846214,0.0110294554860154,0.0110386302060771,0.0002769103740591
b74cf20c4335f221,3f9c2970847a6325,4,0,0,-9.0,0.0510961358674098,0.034172142482322,0.0345776002004496,3.310942121861208e-06
004fd103e1e78e9e,794617d1fb2a1887,3,1,1,8.1875,0.9654598562558112,0.9772598832811464,0.976165602526604,0.9999794705395912
58a5915acdef091d,219c1e92031ad601,3,0,0,-8.75,0.1036972113990195,0.0789410431476572,0.0753438007991423,0.0003409188316163
06b5547ddc6147ad,1725e82b2742718e,4,0,0,-2.875,0.4032148834263406,0.4895073345050951,0.48926638958342,2.4097911942966117e-06
630a66647f687157,43041c43e9dd7620,2,0,0,-6.375,0.050269695423912,0.0546852658530291,0.0567923385475869,0.0001202891682231
3d808049577c61b4,f36a1dfff34abc87,4,0,0,-9.0625,0.0460306572071729,0.0139737891448493,0.0137869279458671,1.069138505086905e-05
c6487441af78b5bd,3083eb4edf0c0738,1,1,1,8.4375,0.947764316774628,0.9859873607566366,0.9857425934192204,0.9998776673332916
d7bf4fa869c552a1,62f58c01d09443eb,1,1,1,8.8125,0.9712272204708972,0.984453912864956,0.9841650256800788,0.9999394372711032
30923a560e334c84,49960c5f32bc3513,0,1,1,6.0,0.9302795494541996,0.948012791101118,0.947253718801603,0.9997979938422592
b675a3919578bd49,b8287c03b09ace9d,4,0,0,-5.8125,0.2199210628713991,0.141038914397471,0.1392992644007946,7.217019491025094e-08
7d63ee77b31408f2,5ad9aaac3072e0e3,4,1,1,6.8125,0.8584773595145612,0.9468265209337016,0.945206763575357,0.9999999977038988
d7d3a4a6969f7463,6a3142c5d9acbd49,2,0,1,3.25,0.4835951623013532,0.4860180045019061,0.4910546727547129,0.9864037705918464
0a06d22d0f01f8da,e68051c7b19b10b5,1,0,0,-7.25,0.4897057119493467,0.4437817520030947,0.4291045078052016,0.0029488885557487
2a9d7ba91020a870,4de99099e97292c5,4,1,1,11.0625,0.9035787400340314,0.9639733981837708,0.9661998785735236,0.9999954023110588
23ee83138788c58c,89d54c3cfd435753,4,0,0,-8.0,0.0897913067978751,0.1077227621541957,0.1076500436586212,1.2226344130244296e-07
fc727653afe0f466,8e6ed98d117bb87e,1,1,1,6.9375,0.888760896378341,0.9116337235220496,0.9104871189912328,0.9995033455265776
ecd5ee8a60168cbf,0e9302d754c4f39b,4,0,0,-9.125,0.0542716735202282,0.0435488184345995,0.0430384338673862,2.3146705990156467e-05
d08874ea4399ba93,6df70d57569902b2,4,1,1,4.875,0.7776534149083306,0.85847094061757,0.8652850232669581,0.9999979853493132
682d7d4294caa549,a4886df3ba2414c5,4,1,0,-9.5,0.0963706110588576,0.0602021430915646,0.0612368482726045,1.0066437990027903e-06
db4d4dda13d0d8b3,3ebfcbbf9f6912bd,3,0,0,-6.4375,0.0711432903241386,0.1424601329093387,0.1515015121673669,0.0201699907283301
6784f40a3a7e6444,21d0f50eccc57d08,2,1,1,8.1875,0.9858859651888026,0.974468950443902,0.9739125673271054,0.9999812822649848
ea5726b7f0701c64,d4e857e59c42db46,1,0,1,2.625,0.7256224122372366,0.8030011283590407,0.7993743608322359,0.5845628649541978
4dd22cd703487e38,2555446bb5c172c5,4,1,1,9.1875,0.866793460431675,0.9493918390599764,0.9501798729994988,0.9999999063866056
60f6ba2fb3841aba,fb5e168e4e977b1c,4,1,1,9.5625,0.9695339552583117,0.9690058148903836,0.9683982887212964,0.9999996309602532
4f120506ed715330,70b2164ff6717429,1,0,0,-7.4375,0.2788312857273094,0.06500037818705,0.0603996198775999,0.0021029499037362
7bb1f0e3cf66b16c,68f03fe4afb19614,1,0,0,-10.0625,0.0224324683397454,0.0191987019270099,0.019805660453094,0.0013424298535247
e95cac5f2e59cd29,6de7b8b56328822e,4,1,1,6.125,0.8319523775678002,0.9574315040283472,0.958122913597352,0.9999998796592302
17a27119dbaf9950,cbe1fb91d9da7294,0,0,0,-6.25,0.0142252989279251,0.0172003634522326,0.0180003227886796,6.936721733428258e-07
ae6e9b3c8919b2bf,eab9d35809d155bd,3,1,1,9.125,0.9856143224905944,0.9887985023464664,0.9883063377058382,0.9999278754923524
f18ce0a49c7d0e40,05d2ae75de9876c8,4,0,0,-6.9375,0.0354162593632896,0.0105331051096682,0.0107266876108398,2.785118746485691e-07
103c5e70a3483f57,b39ce1ec96d89481,3,0,0,-6.125,0.1713214195638398,0.1820823212110006,0.1856267110660864,0.000434713356413
dc7927e3331338da,829256076a45c9ca,0,0,0,-8.6875,0.0859710343816316,0.1376718251211014,0.1387245900890006,1.873054203442456e-05
d88c808a2efad36b,c02b5ea60aeb7df7,4,0,0,-10.0625,0.1244944962414218,0.0481805001676374,0.0474510808491887,1.9707812188926627e-06
7311a0da98ed8ddb,7b8d50914ed4ed82,3,1,1,11.6875,0.9847093409648586,0.9781511854602272,0.9773146651016168,0.9998495137873904
821a1614c62fcb06,a5c53eddabe87a9a,4,0,0,-6.5,0.049033997966663,0.267144589764919,0.2811690331133242,9.450012594317952e-06
1ae0315f148ff205,54860ad40476eadf,3,0,0,-7.5,0.2867318980682758,0.4807538154250636,0.4875368665687355,0.0054193127205609
59a1dd79dd30a0cb,be073a2f78fbbe29,3,0,0,-8.75,0.0888968865566375,0.0529359231658142,0.0525514941328714,4.22719760095425e-05
b5ffd4ecc57f3b55,9ce19254fdaa1337,2,0,0,-10.1875,0.0726294031746175,0.0342969076639308,0.033675274580282,5.17572406477846e-05
5024ba6936cb73f9,4ff875da5bbd33d6,2,0,0,-7.125,0.0341007592575361,0.0351633918418461,0.0362010402879593,3.8698009776309104e-05
74e0272a6bd3efcc,b51659aa2bdd45dc,2,1,1,7.75,0.9287964166773738,0.991282995026827,0.9911403252670844,0.9999931122672928
cc99bb3d77112e48,99430f26d8da545a,4,0,0,-6.5,0.1034153291340383,0.0962326621981892,0.0961355703149933,4.0871319370974506e-05
8fcd6c9d8711dced,5e75cc332661d195,4,1,1,8.5625,0.9559348025826448,0.9719041163389556,0.9713913470311756,0.9999992288709852
7a46cb7a10b875e6,89b7d9d506a62b10,1,0,0,-9.6875,0.079920346131623,0.1026924520016203,0.1063558740899209,0.0016269139130073
36aa25f53235ab9e,3a984f143f7d7615,1,1,1,9.5,0.9780601783094522,0.9708891217932032,0.9712703706683912,0.999728772806123
cfff883dc0d7f900,4aed78c5971aee45,2,1,1,5.0,0.7766699932190819,0.8106490338659883,0.8106575227646107,0.9998745496235144
16c3f7f22e768400,fe20b7ae7a8bff5a,2,0,0,-6.625,0.1166754232059743,0.0931123937361644,0.0915463366839719,0.0004132209765433
f9a420bbe050d9f6,8016daef35ee296e,4,0,0,-10.625,0.048070762361877,0.0207500148736638,0.0198506964250706,1.161438948399834e-06
bbb362f87015de3a,b875a50ee256525e,0,0,0,-9.375,0.0432187026745632,0.0101260262991151,0.0099999420943464,3.9296791682289953e-05
9cbdd00b4bb9db11,cc29ca02fe3bf4ae,2,1,1,3.75,0.7732282420573884,0.6000847795425596,0.600371436507764,0.9908428813209756
c3f857fca399306d,b213f4889da48c8c,4,1,0,-6.5,0.3598044462697352,0.5523585701200137,0.5563058273732865,3.522172373475884e-07
68ee2925d9959c67,914966acea46693f,2,1,1,10.3125,0.9426344998647634,0.9474968920709244,0.9496641129301858,0.9998632371592132
26deb999caea4e79,a5f7b97b89c265ca,1,1,1,11.0625,0.994534418672266,0.9756313627897352,0.9754134478233842,0.9996665177210692
0d38501ea88f08d3,b79a07aa93519f35,2,0,0,-9.1875,0.0496903587396382,0.017127037826926,0.0166466641908451,0.0011260294089878
f12107818ee0fc2a,503febb4dfe3e4a7,2,0,0,-5.0,0.0522569184523535,0.0545093720861071,0.0574620143230593,0.0005641258095399
9f84008ee6d55491,7b7bc6900516dcf9,3,1,1,10.1875,0.9766567101303176,0.9826904198747056,0.9831896386498944,0.9998670545708764
70f69f1f3b3e5c0c,5e3a5f40e2f8a3cc,3,0,0,-9.0625,0.0744622087497252,0.0430605937875334,0.0448062754875374,0.0003427266534463
a1afbcfc523241ab,4c8dccb645ff5fd6,1,0,0,-9.0625,0.2056185037796626,0.0723439191404482,0.0686627941839098,0.0003192423617173
62bdb444fa0c26fc,067d09e4d64e0f52,3,1,1,9.1875,0.9757258638698952,0.9852035293984406,0.9844058556400546,0.9999609227095496
0d3f2403b6df1736,f1bec355ffee3ae9,4,1,1,6.625,0.895624975908805,0.9297758917722614,0.9316896419343468,0.9999987456888548
6a577d5b4fd9932f,faac532332e68995,2,1,1,6.8125,0.9322211243617192,0.9254407666802368,0.9228147634603308,0.999972769719605
0e8552d3759ef55f,f591629211ab09fa,3,0,0,-4.25,0.4390343281187138,0.5083700024638356,0.5130309347295388,0.0001167752998892
70e82b7d13f275df,26e687c2c4037d43,4,1,1,9.0,0.941283125446262,0.9860115512977274,0.986529915679728,0.9999999917696768
5cc160480b453535,09b475d19b97eed8,4,0,0,-9.75,0.0281748947705719,0.0366164588883246,0.0369539753772095,2.1057438166079e-05
5ecd03a565ff67ca,f93ac336fb6551fa,1,1,0,-3.75,0.2681677778468945,0.5982154972536489,0.6044032405270059,0.0003313417576022
bcea7fdce9385560,e2847e1af55fa101,1,1,1,9.6875,0.9772382059687424,0.9515934341383976,0.9510902117762424,0.9997415045937602
12550787157c9745,3dd9a855f3b00f6e,2,1,1,7.75,0.9654778508482496,0.9723914444865716,0.9721139796311624,0.9999886615958672
c8572269ad987448,afc4b8252e1c3411,4,1,1,7.999999523162842,0.9002209624845717,0.977396433601342,0.9786719839533748,0.9999999488764146
0f9e41b12d942739,c8f6bb21e8527ab6,4,1,1,12.375,0.961237975739025,0.9568511362456638,0.9594991992532632,0.999990833772003
9e2096332d37bb4b,9f7f1108d867fd9d,3,0,0,-9.5625,0.1176458980336707,0.0219496525040719,0.021402069612005,0.00313877033827
f3d3e609941911e8,64257b0c3b1ac793,2,1,1,9.5625,0.9677078892638236,0.9580382484399304,0.9576234418754584,0.9999313363876596
01096a89870e12cf,412995d3f32dd174,4,1,1,8.375,0.9498746550728902,0.975649984969629,0.9750369685440302,0.9999999930548358
36f4f625e6781d85,64c3f7a71e94791b,0,1,1,9.0625,0.96025200599222,0.9635380237638258,0.963705480726364,0.9999992475603918
a308d8835fe65bc7,9088dcf40f5c346e,1,1,1,4.5,0.7993772049786418,0.9263457357478562,0.925801269635812,0.9998200154745378
e05df0c97e538182,85acdfd29ae9698c,1,1,1,4.375,0.8867328320798941,0.9130098788834998,0.9118451094030628,0.9993535825358176
5974f812cc0b210d,a9ded170576478f8,4,1,0,-1.0,0.7518513843046503,0.7566314823479785,0.7523688773375943,0.0628538300575297
98cfbe5a577a2812,f2be493df669d88f,1,1,1,8.4375,0.973636561805572,0.9821684043263944,0.9819855450728252,0.9999421955211442
fb6622d77bccb5c8,5a5d935e901729fd,2,0,1,1.25,0.5240088092802978,0.3443760306021889,0.346301158772866,0.7957876893473156
914d8dfb5f4d6641,66accb4604dbe938,2,1,1,7.3125,0.8586854390677291,0.9159320741522894,0.9154668480143076,0.9997554134854668
3fab2e16c7a6bc48,9a339ebdea0628fc,2,1,1,10.0,0.9821845439848604,0.980181593762737,0.9800942206691892,0.9999695883845058
e1f46ecb546ce69f,0c5226a433a288b6,4,1,1,5.375,0.7690154948641847,0.9388197441663914,0.9396396283785916,0.9999991314103436
0b258b17c4caf8d4,d2a9830eb0535799,4,1,1,6.25,0.8695580768516242,0.9696385145120284,0.9685886072362876,0.9999999884036892
ce2b49ccfbd825df,1f983b311593257e,2,1,1,6.5,0.95586896427845,0.9738225569587922,0.9719458319536636,0.9999696941699332
62c1f283ff70a1c9,0f3b1fd5142b280a,2,1,1,9.9375,0.9714524488975091,0.9861281219085124,0.985970022808132,0.999995468539958
bda706bd00811cc0,ab0bce1f06ef7d9b,3,0,0,-9.0625,0.1318768110173944,0.0127725248949892,0.012471224953701,0.001917963956139
f6c0f4488fb5ddde,ae6193def9524123,3,1,1,11.6875,0.9903911620343666,0.9777119415823852,0.9778352019867788,0.9996286154071422
9dc7b9031581615d,721c602627a42b03,3,1,0,-6.5,0.0541326463905831,0.0158644075612228,0.01637613276868,0.0001378114626516
69009f3ebde99830,3147e7ae2bf78363,3,0,0,-10.3125,0.0209709736053469,0.0325256927418392,0.0330452630523019,5.622819205011841e-05
09a4472544ae06f2,67da042f4fab75b3,3,0,0,-3.875,0.4320920956755515,0.3996572368435765,0.3940946440033527,0.0361909940275438
9a54a9beb82a3735,5b27735388efcd2d,3,0,0,-10.3125,0.0599422577828986,0.1930064621511046,0.1942646877740064,0.0001421908131415
c1cc0bc4cc19852c,8e9d6a4a55b4d7eb,4,0,0,-9.25,0.0227047051484233,0.1284475921869106,0.1275556826141184,8.21179189036443e-08
5a6208e05c133e32,eb7d519bb0821308,0,1,1,5.75,0.8121750858736837,0.9401536777313908,0.940379826171357,0.9999999927643796
945b9514f8118249,bed2a4b89370837c,1,1,1,8.75,0.9790679802218634,0.9722620093703096,0.971303131365018,0.9999724458957082
ee4da1acbbceacc2,7acb3771ac8d7e23,4,0,0,-8.0625,0.1019713510610122,0.038836660771103,0.039087918174541,7.281331798269623e-07
7e86ed5227689525,5bfbb883883343b0,1,0,0,-8.5625,0.1200959370218215,0.0231144118427859,0.0219726666967404,5.08607698634127e-05
dac75f834b4bde74,ded4ea7761c82a52,3,0,0,-4.25,0.2858858013635049,0.4957201520313701,0.4965748184027223,0.0141554651325609
cf94dcaa7f9332ef,ed2567715c20b544,2,0,0,-5.875,0.2074446470996583,0.0618485046001692,0.0614841231319042,0.0001772806062046
8f48e001e5a1ab48,8c264866730d6578,4,0,0,-6.125,0.1667362582222519,0.0552061164630974,0.0579957200706581,3.323982907863604e-05
023229ee609a7075,3310096f75c55301,4,0,0,-6.4375,0.3543496878954416,0.1796942900042054,0.1828551949830036,2.383745409505005e-08
c3cca0d97e9a70ff,f763a0de87aa9560,2,0,0,-9.875,0.2507532820557875,0.1642103238270776,0.1570012700534895,6.929455993827444e-06
e9ccfb766c312585,f7744ff265c0f275,1,1,1,9.25,0.9854856437567472,0.9800002975071724,0.9792153329308336,0.999916290790166
5d5f61a1dc3ddb1c,63be0edbe9ec975f,3,0,0,-7.25,0.198027425916843,0.445174625556286,0.4412662464131791,0.0003091729968359
92528298268008fe,24dad62c11aae494,3,0,0,-6.5,0.1147179696981717,0.1983759752821641,0.2054261533902341,3.208647167264551e-05
c4e867d7ca4dbc13,c2b6687621192e45,0,0,0,-6.5,0.0695893408949542,0.053395988840894,0.0564448222586122,2.512377580515786e-05
36c27e2a56205d41,f2f2fbdb8dd53b57,1,1,1,8.6875,0.8835665112363548,0.9659582265174964,0.9669242898925862,0.9999861718842938
fe78b654672ac42a,f1a34704a9c59f3a,1,0,1,0.25,0.7568869364519104,0.8394029682346954,0.8335212943638021,0.3123385484498902
714b8b8b9e5243e3,502379f4045dafdb,4,1,1,8.5625,0.8322605446329764,0.9447377864015934,0.947674692061111,0.9999999739970352
5a7344c0867feaf6,0df12a7a2883740f,4,1,1,3.0,0.7443229325059031,0.8627814688205981,0.8674884112672848,0.997418055594
56b3fa13a479758e,2eb64e7f3bb60ffa,4,0,0,-8.25,0.0762283408266186,0.0313776839805498,0.0316196597635608,1.3683317142465903e-05
8cbb0ed10b118611,c18054149418453f,2,0,0,-8.25,0.177321056156872,0.0255980227476459,0.0244150870611089,5.079211663778872e-05
7a0b987e4a6d9bcf,5842e937947b0b4f,2,1,1,6.8125,0.8534930947965813,0.9679602391892936,0.9690410848082835,0.9999807697295098
253c2c16169b2294,792d0beafef38542,0,1,1,8.75,0.9555471872794168,0.9645375287062832,0.9641567079709298,0.9999998867596298
05ca83579b98b4f2,66808d781fd9dc84,3,0,0,-6.6875,0.0885577274304152,0.0443661145333076,0.0429299187674446,9.090036484648142e-05
7658fdc6d2035210,28df80b7b67ab3d9,4,1,1,6.25,0.818598521243027,0.9556384005169666,0.954962727338411,0.99999934226291
cc972ab82e38af78,ae344452c9cd46dc,0,0,0,-8.4375,0.1695095420296195,0.0234370967493641,0.0223673445526651,2.17856118239213e-08
5653959ab2c071ef,fe8650679be21d00,2,0,1,5.75,0.8091073084997683,0.7787333653618856,0.7777945344018645,0.999680809656491
fba76c1c0dc2e122,bbc6dc247f6627fa,1,0,0,-10.3125,0.091068481375213,0.016788164728169,0.0169875383536517,0.0001243982795175
a6c50a2cf04a3455,08b65288f8e6bfb8,0,1,1,9.9375,0.9898382699468058,0.9786428868263148,0.9769032720710298,0.9999954508894784
2a76413481893d31,64d3bc17e0538b93,0,0,0,-7.5,0.1787456012377036,0.0546794892164317,0.0544798722716051,6.420082868162454e-08
5944da452be73677,21580a5061eb4c50,1,0,0,-9.1875,0.0831220215564965,0.0265962980047409,0.0263769055565056,0.000356139327948
a369a1c74e16bbe7,3b97a2fadab346de,3,1,0,-2.5,0.5055778371309425,0.4824852644951218,0.4799386747518875,0.2722599260003547
aadf59be8dfd4da3,830376532517d682,1,1,1,8.8125,0.9835875542266916,0.9566253656863356,0.9551550293984368,0.9997841483463208
9053f61896a29a10,826e10065c161776,0,0,0,-8.5,0.2595666282666276,0.0567802932718303,0.0518456268769025,1.6807233856837482e-06
7bf9d600b8340c74,b135939af773ff6f,3,1,1,8.125,0.9073422431180824,0.9493200188822885,0.9474782645412124,0.9999870468143258
57cafb463dac8493,3828615688ceee33,0,0,0,-7.75,0.1409536565243311,0.0159804776371536,0.0157809510730081,3.491277195164166e-05
71f644582a35c925,9c8df71c78870d65,1,1,1,7.75,0.9612828150850322,0.9857712280825804,0.985759764516318,0.999982892588547
784fbcda881b2085,df02e700b999c281,2,1,1,10.875,0.973277458429628,0.9693403665856164,0.9700025070025186,0.9999528022767123
a8a1b813cbbb3955,48d08f174e583870,3,1,1,9.25,0.9751520566335928,0.9775671438500948,0.977565648462314,0.9999879272331642
fa1e5964944bb062,20e477055f7da798,3,1,1,6.3125,0.945025194367356,0.9264386327379964,0.9248388739489702,0.9995493026949168
5015baa1df5d5839,db374e93c63b57fe,2,0,0,-8.9375,0.1688984591011685,0.1160120303294243,0.1133700606393374,0.0001339718495413
ec669d2acefa4652,d9db487282e734f2,2,0,0,-8.875,0.043685735745345,0.0211325361514237,0.0216098968104179,0.0001174490838071
47cb708de3aee02a,8f7bb80e6b1ddf03,2,0,0,-11.0625,0.0983574175703925,0.0560809906327532,0.0548356141503849,0.0001919973198095
43e99a85512c562f,7f10e34981c9b50a,2,0,1,6.1875,0.918666578798105,0.9395233665642624,0.93962457202371,0.9998411732243152
02f88b1cbd882f36,ba94a26520906a6c,3,0,0,-7.375,0.1813448321538927,0.0657671901871302,0.0662002955770247,0.0003727838862395
ee9a589f9711302f,8c7b72aa72a252f7,3,1,1,12.375,0.9835494212233696,0.960584307321478,0.9601355222230942,0.9995597968003068
09c0037e95672359,3637ac54bfcf7f87,0,0,0,-10.9375,0.0261223609773774,0.0375730862008086,0.0382883304092121,2.437647000352275e-06
c8809c99e2222177,3c68cc5263b11605,1,1,1,6.0,0.9337539656244788,0.940232895263596,0.9408784169946568,0.9995980304970742
546073ca403872ab,f571c48df6c3007f,1,0,0,-8.625,0.1389219026448507,0.0671752976054958,0.0677502103576175,0.0001769380575977
c81624b2994d90f2,5798d517100dc03a,2,0,0,-4.5,0.2750660603510859,0.3866414593406885,0.3865399127282939,0.0004224947293941
77d2ec1c58a9ca4b,37f4dfa39a50911b,3,1,1,6.9375,0.946008466217898,0.9777810906666432,0.977331787526134,0.9999793595737856
13e0f3f62fee6721,4a87436d0b70f580,4,0,0,-0.875,0.408346064587139,0.6676263997326332,0.6739558090061987,0.0001852061306622
c1941eaebfe958a3,e6652ab7fcc2886b,1,0,0,-5.25,0.3719490944267837,0.6002775889518891,0.5883630625301427,0.0027998196467444
ad8b8750065ff572,358c72a0db2290eb,2,0,0,-8.6875,0.0831672088036815,0.0880305710849716,0.085418933219281,0.0002547835603189
e95f802dade4d58f,64c537bb8c19b5b6,0,0,0,-5.75,0.1741834229111268,0.1018559690068486,0.0981552087534243,0.1119163276231056
0a9a0e340c650f16,c343c0802d0d5123,0,1,0,-1.0,0.7683990856596272,0.6537562917416614,0.6495314912319764,0.0040730854037501
6f991a19926ce14e,8d1fbff57287794b,0,0,0,-6.625,0.1392319536492864,0.0312262656410137,0.0296070307573116,1.7042856373628406e-08
af1e8499b6729412,82d4388e1f008f7b,1,0,0,-9.25,0.0662425195298499,0.0308101481610221,0.0314907113977559,0.0002377796879699
5369339830864169,49dd8280382c049c,4,1,1,8.5625,0.9645796928608578,0.9734409491593058,0.9736192128596998,0.9999993451927855
b0459de13d9445e8,a617108a388f0f9c,0,0,0,-9.9375,0.0405686056009486,0.0535103637038191,0.057542277090431,1.6561737188503134e-06
8ff0ddf46341bd8d,15375b21e6ce21ea,3,0,0,-9.875,0.034445619157233,0.0520020868299929,0.050884024731203,0.0049638570698791
e366b6533f9f1496,961c5864796550aa,0,0,0,-9.1875,0.0876772967771636,0.0429760692171352,0.0417817669154865,0.0047199856511408
61ac0c34319929f8,1635d54327b3bbad,1,1,1,10.0625,0.988548725415772,0.9862227067554766,0.9866757724462591,0.9999567793550188
c85fadff03e6bc0e,cadb9f2dcb63c6f3,2,0,1,3.25,0.6070089020328723,0.3629669670234468,0.3650517781170485,0.9927407432866292
94f17b4fb03f25e2,281447b19da83221,1,1,1,7.375,0.898814080946959,0.9680346326518188,0.9688768781223625,0.9999470656790784
23103a14d0f81ca3,da7ab4c83d9ad3a4,3,0,0,-7.75,0.0889379456787453,0.2139577426993301,0.2152314821657581,0.0059903900728777
0f114d14b1aca7b6,7f801d0823a124cf,0,1,1,11.375,0.985088065242926,0.9743308344229524,0.9739921334423248,0.9999968282704484
75683703530bf00e,c5aa601a9d4d8f82,2,0,0,-7.125,0.1302397573764065,0.1286801302871522,0.1279773369392291,0.0011646041300199
32decb5bc3d89019,6f5eb47cc56a3322,2,1,1,9.1875,0.9543045476291084,0.9512967487262568,0.9512034534983904,0.9996023023341764
3238bc6f8199881c,cb5b26148fb44fe4,1,0,0,-8.1875,0.1164711902646274,0.0474753965214468,0.0458813008395103,3.0424382985294474e-05
b01c4738dcabd120,28cb0478dea54952,2,0,1,3.125,0.8806537877852845,0.6601512115574559,0.6501467338493545,0.939658001503586
327141a4b9afe978,3f10e90dcdb5b132,2,0,0,-8.6875,0.0803734621199181,0.1212321368731567,0.1224611732575887,9.872144188778676e-05
80431880f023971a,5dfd4668a449172a,2,0,0,-9.0,0.0953732244316511,0.1227365315539729,0.1248343638425631,7.825446784286734e-05
851fe6165c924f29,536dcfa9398e075a,0,1,1,9.0625,0.9901766330018564,0.9749470553555902,0.9735132041656054,0.9999998662628794
c64ca20d9e05bc66,d8c5b8119531cfdc,2,1,0,-4.25,0.1768867148997071,0.5162998599381521,0.5206951677646903,0.0112298101161273
8f02a554311f89a9,6b107a4d5f2d12e4,0,0,0,-9.0625,0.0413100070816175,0.0201879562071788,0.0199667881906406,5.667080931656359e-06
763ecad59fa81f61,108ed5fa0239d7f9,3,0,0,-6.875,0.1478957869687061,0.1619646716577208,0.1643682950421751,3.8734524540933806e-05
89b7f8470d014dc0,395f83bc6d92c997,4,0,0,-9.25,0.0497165366562438,0.0348853591675788,0.0356410013733372,4.805213805815084e-07
828d31ed30049cf1,dc835b56c381ce34,3,0,1,3.999999761581421,0.8833507760663452,0.9073450613642584,0.9055287975567972,0.9988826536222728
9454117e60cbd50a,bae7c4ca118cfb19,0,1,1,7.3125,0.98821808919159,0.9857367285468864,0.9850377047900896,0.999969560788227
6d80debd947b5242,f590376e4644e8ff,0,0,0,-8.125,0.1117738511464,0.0430680110204298,0.0435387397617711,5.682390167331254e-05
fbd1df2621bd50e6,c5d6e20f64bdd2ee,1,1,1,8.75,0.9768827943905743,0.9814337247643076,0.9813143179228622,0.999984722422891
dde43a99ededf8a0,e04efc7fad62adf0,3,1,1,8.4375,0.8377903225779699,0.9505966042320744,0.9522411157947956,0.9999667375609446
7177145e1b4b1390,d44f93ddfcf97ace,0,0,0,-5.375,0.0963336029169819,0.0407709669823185,0.0406900899835205,0.0001260154341514
e752ce0e0dbca591,5302e70403488eb5,4,0,0,-9.5625,0.0457568618324976,0.0330808162814572,0.0334662193493919,2.943533052224713e-06
975d36ca9137884c,78ce93e8fb41f71e,0,0,0,-10.875,0.0105935590450021,0.0129055932767131,0.0132486318540637,7.493513458867365e-07
4c8159e79589d875,e54fc3a8a13677d8,3,1,1,7.375,0.9470327196828876,0.9789859250384008,0.9788599542050926,0.9999818884655444
31ddd4f0e4341a5d,2951ff98ce614603,4,1,1,7.125,0.8705962722269983,0.9886932236543832,0.9888994996781312,0.9999997876029112
17f18c44d01c2937,953475b7e532d8b2,1,0,0,-8.9375,0.0789599841471349,0.0350924324338169,0.0340967750584908,0.0006301735503509
cc83ccf42344c328,8df63f363669c774,1,0,0,-8.3125,0.1944650700385745,0.1504029187066884,0.150982731358829,0.0003222726034631
62888a92718e0a91,3c58a6e3203cea50,2,1,1,6.6875,0.9111613336534043,0.9614196007057348,0.960650972506774,0.9999850018257556
b0a166faf285a1dd,0af783af13dab214,1,0,0,-7.4375,0.1500583307078653,0.1301327440227622,0.130622859051563,0.0028344330153206
d149877fe0489273,7ffee7aa554579a7,2,1,1,11.3125,0.9857961747274986,0.9713297877548838,0.971228778497803,0.9998915922271312
e84331fa1cf57861,4120f27cbde36394,0,0,0,-8.6875,0.0323660708549036,0.0327940543731492,0.0330964506091294,2.083809235187297e-06
24902c5217aa7831,f08ba7dbada305a5,0,0,0,-9.625,0.0545986008616341,0.0322220855882533,0.0322170996117509,6.12693062539747e-06
f37820ed3a582694,f92cf25eb7dc30d6,3,0,0,-9.4375,0.0123665717959378,0.0157915830066377,0.0163658577444519,0.0014840679276774
4b9befd9918930fb,c7335824dca752e6,0,0,0,-8.4375,0.1662301341508279,0.0445790248532998,0.0425488399728323,3.791055850033124e-06
fe3e03cc8dce1aac,26007238b0bc0324,1,1,1,7.8125,0.965869884530328,0.9625553891121422,0.9628448834476702,0.9998512872394716
d2715e6fc65d7073,79f2b159d244e687,1,0,0,-6.5,0.081513774821219,0.1084567224909959,0.1066913935902692,3.723013186225515e-05
952c0cfdbdd04432,1487355c4f7cc504,0,1,1,11.0625,0.9845332196392242,0.9808636243208264,0.9810465216858848,0.9999996151382572
8de8a55ee42ddef8,4bc3360f13f63065,1,0,0,-7.1875,0.1192297545446243,0.076722271344531,0.0805157483593398,0.0003967355158382
97055d33a1ed7a3c,54b4d75a2eb5f630,3,1,1,9.25,0.9907443301195824,0.979238299379091,0.978171885055025,0.9998534772606568
ab705a09c7c64c83,31a50bc2b51cfe5e,4,1,1,6.125,0.9124426829937452,0.9802351434625742,0.9804760336982108,0.9999999904642184
b47e1bab5ddcf9bc,16642d02d90c0b0f,3,1,1,11.125,0.9600234942102344,0.9858598511216696,0.9866687593150912,0.9996770612012136
cae0dd8407a4e3d8,a2376088395d1fb8,0,0,1,3.5,0.8597726504004232,0.9333658118084176,0.9300434270672644,0.9879905410655496
4cbe2685a8c5af5b,2b944fbb5af7f85b,1,1,1,10.0,0.8916232298955776,0.93125256450702,0.9317146970575946,0.9995006471289553
75c3672d09880b02,5123c660a5727170,4,0,0,-9.375,0.069000417981764,0.0197625920889046,0.0190569422231775,9.95477280218158e-05
7b354d2bfdb746ae,32a92e445b3b4936,2,1,1,10.875,0.9934846256921532,0.9660275048723476,0.9653084229343358,0.9998906845923916
1c60b3322b13db01,6f18b0aff6261f7f,3,0,0,-9.625,0.106751688945656,0.0326677087704075,0.0324656162125099,0.0002256865248212
be5077c83e0a92b0,06b7121498d3cc65,3,1,1,3.75,0.9086681801761094,0.9546392186426922,0.9550593566372642,0.9994121557548564
ecc3178368ba0570,b1d03142c2c0d24c,3,1,1,7.75,0.9032498344483032,0.9580798338462644,0.9573570599611262,0.99996388770296
63bd1cab0943d2c3,478fd8e5fac6a636,0,1,1,6.375,0.892831048920464,0.9409243120612388,0.9414472240374884,0.9999999384959368
5a244f19f8f466ec,178da1a48106c6f5,0,1,1,6.25,0.9540069488077696,0.905623273980256,0.896831834302275,0.999997312728825
cdff364dd6efe4c6,e14b9617711f71be,4,1,1,11.0625,0.9923985619391724,0.9829513036868154,0.9822595140357572,0.9999932963204272
bf3229b88f2ee0bc,1affcc5570732f7d,4,1,1,4.75,0.7982379233704737,0.9288016604722452,0.9288327521705696,0.9999968584361794
77b917cef9640e71,bdc1bc794f9d2628,1,0,0,-6.4375,0.0654570709343203,0.0574043760540408,0.0617280421717102,0.0005096583465597
57c2903031f5594d,edcbe7e6daddea5d,0,1,1,10.75,0.9924181404287298,0.9820808832747192,0.9820438355598106,0.9999977132657224
db6c55a637fd3835,dc3aa8364bd9915a,2,1,1,10.5,0.9306525783400112,0.9728984768300958,0.9744432464161856,0.9999558732474292
c28df19cd54ce7a6,2ec93fe556f0ab43,4,0,0,-9.8125,0.0577082399187312,0.0940558648256003,0.0963044820876064,6.93586300514471e-08
640c74c1bf56f092,5714a86283c526ec,0,0,0,-9.1875,0.0624847749320481,0.0337833977504433,0.0343002224395467,1.8475350215159825e-05
2096311b9ba82c42,dee7cfe0c4413eb0,2,1,0,-2.25,0.5801176465254247,0.77037174462106,0.7665024792594732,0.0730813951975504
4e0f7566f4b4a23a,a985054e218408a1,4,0,0,-10.625,0.0327215046937688,0.0428651267705132,0.044315837934016,2.6757853579594384e-08
8f67cabd3f470bf8,aa0d093824f0ca31,1,0,1,2.75,0.7345030797042456,0.6152084712673208,0.6098545695687313,0.989028509948118
4322dcb5264eaaac,9e40a44c552d4a4e,0,0,0,-8.25,0.0699828808733248,0.0224807654033349,0.022085370149751,3.7078748099891504e-06
713e526dcd8b5ebc,cef5a1f9c2d3994f,3,1,1,10.625,0.991038229159406,0.977644939750962,0.976707398703268,0.9996622093285132
42741fcae80fac58,8a8aec45f84b3b54,3,0,0,-9.0625,0.113497952710864,0.0169313342620267,0.0165255536195143,0.0010221694650541
bf6073adb97855ef,ff3f47e30f947a8e,0,1,1,6.375,0.8982523740507603,0.9059444020362925,0.904542318328463,0.9999999989370978
9b72fffd9afe08d1,14d595e57c5d4780,3,1,1,7.25,0.9054364249161916,0.9433478025135456,0.9431952545435646,0.9999806173557342
fd357c24cb81d1b7,04ef933bb2592d6f,4,1,1,8.375,0.9684616700761622,0.930693461481684,0.9293944542760878,0.9999997051235268
7dabc016b0711b7a,53eab0c05bf0e927,0,1,1,7.75,0.8242101936213845,0.9738360115794616,0.9739727922567958,0.9999997126017236
ca4e035aa0f3f618,a0e1c0d5600cbddf,0,0,0,-10.0625,0.0848361646928999,0.0470341578847414,0.0451469907051498,1.3097778940886577e-06
a64e2d6daa11c359,699389edc41d6bf0,3,0,0,-7.5,0.393127864127661,0.2154314859723279,0.206508542742961,0.0008889832170873
8ad27e19cb3aac9f,40f6382b3a30ef87,4,0,0,-3.375,0.1049202301040549,0.1753844120535159,0.1771299715792186,4.132736801095096e-05
b6d7d525a781510d,aa7670fdf478fd3c,0,0,0,-5.25,0.4147182025437974,0.3436684870856545,0.3384112716690141,1.903923888451893e-09
7d4385fad4964eaf,c5906c97482672b1,2,1,1,4.75,0.8635383239941942,0.8810960054337357,0.8770674011412747,0.9995087249927106
1a2806a157ae83bd,1a1a75238186a34a,1,0,0,-10.0625,0.07806686176279,0.0352046263287435,0.0373488777572323,0.0001041227006675
adb108ecaa3becac,6051e2ebefafe97e,0,0,0,-8.0625,0.1173686414985549,0.039903127928006,0.0382656095465536,6.054252796597578e-06
375d6d686aa35dbb,f3a033c1dd5ffeb0,1,0,0,-10.0,0.0255425367681877,0.0429636006144405,0.0449974415057614,7.257223610771965e-05
180283ee45d4df49,b932f348e4c7874b,1,1,1,11.0625,0.983672699463053,0.9841512578604424,0.9840994135378348,0.9998263743299508
e9a9f9e28abaa005,6eb33c29898f9438,4,1,1,7.625,0.8948744188047074,0.7562703470378236,0.7614203494345492,0.9996589064433598
a3d68083bceb8322,77f9d32e0e023713,3,1,1,8.4375,0.9866302692556488,0.9779413096409888,0.9764468460837976,0.9998359255188904
c6651fc046ea9bbb,6277ae0a01cdc33e,2,0,0,-5.375,0.1770248046841027,0.0751587393090937,0.0753020460593848,3.584790905149404e-05
4cf73f8053fae484,d3b370248c6d5de4,3,1,1,7.375,0.9339772752658564,0.9836279930892714,0.9836393628745472,0.9999772722525117
331b406f8ffcda78,08874a7064fea4c5,1,0,0,-4.25,0.0395573331018606,0.0258528609826015,0.0270500140416746,0.0014432933911174
17662381f9f27bf5,d015dce091374146,0,0,0,-8.75,0.1306694709343519,0.0120371993023987,0.0116867532276485,3.62497142925935e-08
236b71dd99a96de4,26eba363d91816ec,0,1,0,-1.125,0.7290715140207389,0.8928060089986447,0.8916992887809095,0.0912730533685246
b0a9dc5b641deba8,b30b05f2e6e517c1,2,0,0,-8.8125,0.0486252199794439,0.0232907054777969,0.0237071049621804,0.0003291867799759
b8ee859f49b712d1,19b5f94f4d29fea2,3,0,1,6.75,0.9263640090259307,0.9188310073995508,0.9151544072936942,0.9999572266352716
cbfefe38c75cdd76,aa1725ccaa166192,3,1,1,7.999999523162842,0.9538863556147784,0.954882711817052,0.9520822901920228,0.999975337778061
ded28ad0dfacc411,5b9259634ada8113,0,0,0,-9.75,0.0463563914494847,0.0197199774365879,0.0199897415282042,5.354712681595253e-06
1fa8d24173c9311d,cdfe3a0b508d791d,0,1,0,-1.375,0.2770108865159789,0.3800655450249462,0.366801185226614,0.5996207907412604
dccdc0d1e61b056f,32042db13717f404,1,0,0,-10.5,0.0666691871894978,0.0135948413375657,0.0132046905348914,4.474408151416731e-05
2689dd2d77c3565a,332fd28672085eae,2,0,0,-8.9375,0.1203272023408367,0.1148238961733421,0.1132996970433074,3.370468438420781e-05
a71c0a3cd7e7d457,385e00101990c02a,4,1,1,9.8125,0.949248060838659,0.9538203547772324,0.9565069565082815,0.9999981390134018
bdfeda1a84f98233,f3d98816f662162d,0,0,0,-10.1875,0.070527423230621,0.0486729967908346,0.0471602714679955,0.0001143006403371
694bf1b9cfb88733,1bf7428728a4e8cc,2,0,0,-8.4375,0.0610725061176042,0.0216590538911141,0.0215652288824626,0.0006311747989695
81f58388b88c6116,a5b7e67bbc39cbb2,3,1,1,6.8125,0.9430031857073676,0.9713578492003648,0.9714391083499494,0.9999983598776002
4b21a0da49747608,e08daf3d1d987efa,1,0,0,-10.125,0.0876617144542302,0.0127939047035117,0.0123836978371926,0.0001797654603519
158b2d8bd6774e61,03ddf185acfc93db,4,0,0,-8.0,0.0860933926933331,0.0724211077314898,0.0723159464992928,8.193212803258876e-09
9d6e66573b465008,2579729de4035e71,4,0,0,-2.125,0.4784070279358904,0.1000389133870933,0.0965990158959515,0.2410587497920355
b2a44ebb0ddb0e6d,6f857b8d39a05b59,0,0,0,-11.0,0.0316677176824011,0.0271570815988988,0.028614332952263,7.399405877008895e-07
298d77ee8f4c0ebc,425ff989f15d795a,3,1,1,9.8125,0.9647798022624274,0.9814840309982468,0.9820855017584956,0.9999143448357884
4d103f3bb5352b6c,c1a41740449fc190,4,1,1,7.3125,0.8165589465901413,0.9719169906316422,0.9727614248734284,0.9999998839640216
42a2ff875673dd2d,82fd9e4ec0876025,1,0,0,-8.875,0.056606637184428,0.0306299652255205,0.0307165200804219,0.0007033724383012
7a39791a31c4961d,3a1610f2894f2334,3,1,1,8.125,0.982303506911322,0.9794806646742038,0.979100470612002,0.9999938875901394
3f08726957babfac,217ae5f32321d572,3,0,0,-9.4375,0.0565913996899467,0.0666236506555904,0.0661349916016642,0.0002544458715477
09c153c0e10c1dc3,205db03a779b5d24,2,0,0,-10.8125,0.021693199945165,0.0211234916620395,0.0219131503108574,0.0001023598031751
6956e42beef8f50c,cde8fbce840819c5,3,1,1,11.125,0.985284434529744,0.9764516963480924,0.9755788701753388,0.9997202018761584
2dd8da68927be02e,358237e48a5c8712,3,1,1,3.625,0.9308713446424404,0.8745627873804295,0.8750560098260634,0.6684946231355501
c001c0fb32d55068,715fd1c1d23837ce,0,0,0,-9.5625,0.0638908002467403,0.0319819283213348,0.0312664593040699,5.893677450045567e-07
1c24f9e935e7e4a9,64a44c3025bd90a8,0,1,1,10.9375,0.9879134794314922,0.9797173482003814,0.97916783041777,0.9999999084792344
de030f03ed863714,8d4a50ad04b0ddc1,2,1,0,-3.0,0.390127731660533,0.8500927592438879,0.8496341763371084,0.1621493680181788
b625bad6123c994b,3b1f5da8fcaecece,2,0,0,-6.8125,0.0761519973512032,0.0287389084539889,0.0289357812866,0.0003071116120805
61e060f76c9bbb9f,7637c0cb9c7dd11d,4,0,0,-1.875,0.1535664715911279,0.0996278178066923,0.1034763360880672,0.0503482381074094
60ca0260dee30918,e94178bcf2380530,4,1,1,1.8749998807907104,0.6807020999974657,0.651030375340156,0.6480974173445705,0.9960558248450676
1092a0fbc8ea2875,2216383e51ca5915,2,0,0,-10.875,0.0149811797660132,0.0224783954950344,0.0239727709707722,0.0001970802097268
0227ec949459e72c,da5b65840f7199d1,1,1,1,8.6875,0.9257827068843956,0.9837896030400148,0.9842618071246768,0.999994316473289
e3660d03668ae69d,132a0c39fe620925,2,1,1,11.0625,0.9831566712885936,0.9783703952049664,0.9781215157665528,0.9998700291338108
888144118d681210,3c820576ec0e7836,0,1,1,9.3125,0.9573912431377009,0.98662869705509,0.9868949045983044,0.9999996236770716
1606b1115a5d688a,2f31a8c36571a25c,2,0,0,-5.875,0.2739304326222592,0.1921788173553254,0.1896455863773168,2.983021680575536e-05
ea2de9654e8f2891,41570e464a365a59,3,0,0,-9.25,0.0687878335138172,0.0292704532987756,0.0295728344268537,0.0001413710185576
e1a59bc0c329f165,f2bce37d5f9ee1ae,1,0,0,-10.125,0.126507923061981,0.0236568626605051,0.0228816734729179,1.4590014536548624e-05
3871612d0df05c66,2a70c25dd58c3f87,2,1,1,4.75,0.8615257637202772,0.820906518065011,0.8209519455040614,0.9984696242943716
e6f5454a6ac9ae93,17c04a2e29bbf7de,0,1,1,8.0,0.9668446805792092,0.9863046733002032,0.9856664152457748,0.9999999807685072
9be94e2b4ae99f99,20dec6664835dc5c,0,1,0,-7.5625,0.2071808973128294,0.3833758379193571,0.3784472106378466,4.999942239124848e-07
de49850a2d86bbaf,50e02acd44d6b628,4,0,0,-5.25,0.0262972197202755,0.0273751751725143,0.0284568344957586,4.647200180328132e-06
65229efd4a6958a4,7c725b82708290ca,1,1,1,8.5,0.9659633389962318,0.9653961156575694,0.9660179935912868,0.999915818795124
924060afd32781b5,c5af2e92e2c1035d,3,0,0,-7.875,0.0615290710661705,0.0319272562220295,0.0318160019666674,0.0016455499034695
48677a8f459c0a5e,f3fdfccf0b1b0581,4,0,1,3.625,0.6246776921727548,0.5931582342494556,0.5900691627070247,0.9999247813219904
4d78e4f0b2741ca2,40d07f92c2fa5c9c,0,0,0,-9.3125,0.0667554569652606,0.0204532007418341,0.0209340741560435,2.8037193720308548e-06
053033cb772da161,26fcb0e48263e9e1,2,0,0,-9.875,0.0724422013294736,0.0270842860718562,0.0269594182045687,1.981814428942679e-05
3ce6a65bfebca65d,de045c8f17b3f66e,2,0,0,-4.125,0.1443783435282421,0.107340162786676,0.1092909031314666,0.0002030367563282
6ff5a8b627d679f2,57bd749307c7390e,3,1,1,7.25,0.9772220089165328,0.986260176275906,0.9860822106522448,0.999991881744829
fb89e837a09b7e46,d5e694733e947fdf,0,0,0,-7.625,0.0873340562194434,0.0544815999675541,0.053802282716621,6.933010530417132e-07
28043ab5e0825f16,0b115b42d0dabd4e,2,1,1,7.5,0.9569576394053878,0.9656689010272836,0.9658222558728312,0.9998395346287002
4df42af77cc02830,e56bff3c55bc59cb,0,1,1,7.8125,0.9878283182786972,0.9750034836514616,0.9729274767867852,0.9999999077945206
ce7e66d693540b15,f25141c824ec8d2c,2,0,0,-7.3125,0.3184353193429339,0.4166149919779272,0.4147335905889618,0.000584888257338
0571663d818605ea,c153dce05b453726,0,0,0,-8.75,0.0243440856473546,0.0351094181996134,0.0356470135711908,1.836774495998809e-06
eaf72b8cf32d5fa1,a6cee3198e0984d7,1,1,1,9.0,0.9741071481712164,0.9940347859043276,0.9940020069365452,0.9999959497375152
cdc7e6b2aebe7a37,790b9e4eca77d099,1,1,1,9.75,0.9388440762349608,0.9749587482436678,0.9753333624176704,0.9999228547870064
6f6c55a2b61e2d34,7462421f1e2dd787,2,1,0,-6.9375,0.11101917028492,0.4450542590136179,0.4448805129588694,4.395654908035303e-05
421da9ae4558a237,2a6dfc3c4558b47c,4,0,0,-6.0,0.2890895788849637,0.1434481181725324,0.1394360178419451,0.0001777477065443
37e1c7377f87b209,17d108db82e94e3f,4,0,0,-9.375,0.0319539254058773,0.0404216334297787,0.0424703583473665,0.0003131209174325
2fb0c83f4754a06f,4a5ae7dd024b91ba,0,0,0,-8.5,0.1004325217823834,0.0354699640960321,0.034893100417911,0.0005720174441202
6dc107b56d3d0e5b,68f03fe4afb19614,1,0,0,-8.875,0.0750504635867379,0.0824474667335876,0.0830028095158821,0.000765932418732
06a4e844ba6dcdcd,663cfb736bc8dd98,1,0,0,-5.5,0.025881467020212,0.021299352479155,0.0225370042393067,0.0010735771746147
73c553e18b5ec80e,c21f322ac5dfcd65,3,0,0,-7.0,0.0829560382569515,0.0455764236887561,0.0471991598450456,0.0002776851257951
77da30cd9728d9d2,795691f4f8be2f91,0,1,0,-5.25,0.1943704788889293,0.2759298592534576,0.274994415067944,8.850274268043222e-06
e5ad8528f1eae3b0,4685ee66881b82b7,3,0,0,-9.125,0.0896693538532383,0.0463056807537144,0.0437322194430236,0.0014167027596319
fa6cb48ad0f0aeee,1d0aed2890cf6b56,3,0,0,-8.8125,0.0280936962318157,0.0577296777189755,0.060747646589072,0.0008371492894742
111036dbe62817f9,2cb31632e53291a9,3,1,1,5.125,0.7836481806717701,0.805259273880118,0.8048629048506436,0.9997392791076408
eafb52e5ca5e1d29,4822f3cc019ee159,1,1,0,-2.75,0.52899093056585,0.2388201480623486,0.2305366333697086,0.2898734726655886
8b4d8ce0b0693e0d,c251e31284b3a371,2,1,1,4.125,0.8193582186648134,0.8428104066338966,0.8455305721397431,0.9992983531404814
70692659c313b77f,e55e308cf29ad0e9,4,1,1,8.1875,0.9592497889872406,0.9677997524785632,0.9672516468608984,0.9999998663955731
d968bfde15cb6010,51f1ed6f4c6218ec,4,0,0,-9.125,0.1507402315510449,0.1544118332693667,0.1549790812360967,9.106912758842184e-07
9989cf2c28ec5c61,124ecf478bacfa27,1,1,1,9.9375,0.9838024857174196,0.9559015477151588,0.9544017975118656,0.9995349947734188
8bab7840bfb7ca2d,828b15b764cca2fc,1,1,1,2.375,0.904469554956952,0.94652429140889,0.9459885066811048,0.6415358180136407
d446f3c2376c820a,fab8b5d1895299c9,3,1,1,5.125,0.7895813658282677,0.8864924331207553,0.8874694374642302,0.9378855789419774
1426e74b562aabc6,569f8e4c43710f57,0,1,1,9.25,0.9086713901892643,0.9328519330701558,0.9336482657469348,0.9999983413998924
672e92693a0da715,178da1a48106c6f5,0,0,0,-2.125,0.5318831497513289,0.1926811823741183,0.1875782949054421,0.0001742740026546
1b6b6a8dea27cd52,311a7c89e9a59ec7,0,0,0,-10.5,0.0379922876078618,0.0382805559115859,0.0396862321725583,3.515053394878954e-06
376de92ced8798b8,7ae20686ded8d807,3,1,1,8.8125,0.9585498768694783,0.9699470027766752,0.9683129016408972,0.9999130383114392
f6bb69803e4b2e74,b69fa85a34922000,4,0,1,6.4375,0.9011831083001156,0.9285032694551464,0.9254039625666826,0.9999999253713135
c8fdf90a5cc0c8c2,aabbc070446f17dc,1,0,0,-10.0,0.0768903848644951,0.095839887794309,0.0990597495693269,0.0006377338456932
78d482c4caac7f2f,93fd5d079af87009,2,0,0,-9.3125,0.0448077092102685,0.0150192054335411,0.0147795319695338,0.0005713427880472
bc1bf76a6f684933,b527ebaf211e7071,0,1,1,10.0,0.9683584388218426,0.983017958096017,0.982842130975988,0.9999998861242227
feab8008686d6f4c,b91e8c61c4e79318,0,1,1,3.5,0.8224649097543044,0.8805677722212074,0.8730110833722099,0.99997514089498
c49c2caa241eae71,9d3f1f0babd74def,1,1,1,8.875,0.973780026463116,0.9861398025102546,0.9861780308655552,0.999932993679806
fa0c6e03745d29ef,6344d5fba4557ec1,2,0,0,-9.0,0.0184521322204956,0.019379910755594,0.0202033851979164,0.0022872674420251
bc7ee77fe4d9b967,862cc83e43dee031,2,1,1,11.875,0.9445520318649628,0.9581054030376908,0.960746470944392,0.9998419173747144
e3d08b5a3be0be54,1dde2be9e236e3d2,0,0,0,-7.0625,0.0198452971496268,0.015089532190667,0.0150406643200362,2.7659550749808484e-08
ca42d1608c45526b,567b6b7d712db000,0,0,0,-6.875,0.0604213427796531,0.1833365993310883,0.1922600818105433,3.524946657398303e-07
efec8cff351ff9a7,4bd3d0b3a9952dfc,0,1,0,-5.625,0.1553220126681532,0.4829013730485514,0.4845673051722888,3.2353273177355585e-07
75c92f8c925e1291,462ad3fae7c6a5ea,3,0,0,-10.75,0.077655173184116,0.02753483133941,0.0275744892838916,8.40560965913463e-05
92f70765e37becbc,372f941bfa2b4fb0,1,0,0,-10.5625,0.0327915613707209,0.0233384312920199,0.0237204420155157,0.0018259234531454
c88bd8c051657fc5,90e14b18fefad372,2,1,1,7.4375,0.950593286353054,0.941529056253458,0.9402203474724148,0.9999515566089292
0d3dacef30eaaa03,eedd79bfd507c6e8,4,1,0,-8.5,0.0517126707535248,0.7412029156836435,0.749634552971086,3.0962619304845648e-06
6143325fcbd94019,116ef65e3c2feaa7,4,0,0,-7.4375,0.1516401687182736,0.1148872412768432,0.1127318850218878,1.78617139901259e-07
c66084234b4676c8,af7925d78dbb3707,1,0,0,-6.875,0.0179083095406562,0.0238860777262021,0.0239652592912461,7.148558725467856e-05
ed035739ec75cd00,4e310cd9707834a4,2,0,0,-9.4375,0.1186118079212596,0.0345211370892884,0.0338630857004199,0.0015682695491902
ecbd402b012e6433,612b493efb9c75d3,1,0,0,-9.0625,0.0962531879254978,0.0184756203367135,0.0179409487345892,0.0007506186595585
2b0f2633b31b72d6,b49106d6adc6b78c,0,1,1,8.1875,0.8473181493406908,0.9633634865582444,0.9644910976206996,0.9999997004314056
5588d7837306f8ed,066d66be2f36a209,1,0,0,-9.125,0.0461585688413427,0.0210843759484253,0.0217131060635444,0.0004300131663497
2b5f45c2b43fed15,dc3aa8364bd9915a,2,0,0,-8.0,0.0186090253392645,0.0330898119347415,0.0353610567534588,2.157962315721512e-05
0cf93743b32bd357,a9382f70a6656d78,2,1,1,5.375,0.7041026295361121,0.9162749301894814,0.9185293771698516,0.9999959086157172
d4f554d4b023a7d6,1c005e331c235f69,3,1,1,9.625,0.9332443142487432,0.9737162300595495,0.9739654224699136,0.9999877269198982
def1ee0a282c31c7,f4d77b0330641b3b,1,0,0,-6.25,0.1165960509223382,0.083859389035003,0.0837769626312387,4.541169541794167e-05
1893e441a994fb7a,cfed1332ad11cb55,3,1,1,8.4375,0.9885696658105176,0.986584467757344,0.9861807908925784,0.9999661367689568
9ff8663258beb673,2848ff77ec0dab1d,1,0,0,-7.5625,0.1246461495949135,0.0426666621485354,0.0414432300525303,0.0026080049261467
db896d091fbb82fd,2f31a8c36571a25c,2,1,1,6.3125,0.9135214760950258,0.9436087985151194,0.9415433587273628,0.9999825540236382
49d904e4231bd312,649537aaf45b1d26,2,0,0,-8.9375,0.0533606583812094,0.0212778537137749,0.0214652546879273,2.060380368335601e-05
48054690d848dff2,382a66ddd045c56b,4,0,0,-8.9375,0.0423419958527861,0.0197426669279825,0.0201076299863721,1.336476342857503e-06
8d8876353d3ea1fb,a80f2f74cd0c4f72,0,0,0,-8.625,0.0496882286070424,0.2943266614531378,0.2998267655327646,2.190382770147596e-09
d3c050a16e18f53c,46b07a972bf208be,1,0,0,-8.5,0.2258949260775338,0.0381438066879992,0.0351896393089947,8.854418576534459e-05
5e9e4be4174fd794,300e5190c442b6cf,4,1,1,9.0,0.9054908507636594,0.9718412731608084,0.9726143220306916,0.9999999734059648
4c730d9664333492,620e29578408a231,4,1,1,8.0,0.9691561581571312,0.9610452998982704,0.9602001059897765,0.9999996872710456
393f988a6ecb4957,8b175af332c12c2d,4,0,0,-8.375,0.2336851817866587,0.086769448903143,0.0869674973232208,4.3912118867648e-07
356bd5117e4e29c7,d3b51d9be01d3024,2,1,1,8.75,0.9727189384649204,0.9653485617267358,0.9652729528812396,0.9999210655126712
11479cf1c2a05fbb,6f2445550050ece4,4,1,1,8.5625,0.848777633169776,0.9155033700526952,0.9163845886993264,0.9999975781096836
23198b8b2030bdc2,b3426febba21ce03,3,0,1,4.375,0.8189202410635606,0.6284144332148143,0.6381967615328719,0.967461273400255
1c4c897763f81120,7e23cef6e9d879ef,2,0,0,-5.75,0.2416018050490397,0.0587567490665473,0.0562508510947786,0.0005549575926033
122c56420d51b931,3112690cf1e0f29f,3,1,1,10.5625,0.996851610341686,0.9838341109146248,0.9823589264276932,0.9999450182799066
31e65171b38f289d,a5f1000b88c1c8d0,4,0,0,-8.125,0.0688833006270078,0.0222469683837346,0.0219711569190432,2.6558972518797825e-05
32a278a8ee691fff,0da71003bd3b0697,2,0,0,-3.25,0.5274556618097116,0.2564381432415885,0.245797606659432,0.1070826768160385
d1b446b7410851c1,61870e7d23853f70,3,0,0,-9.625,0.0496654746523966,0.0126134848161608,0.0122206257218477,0.0023588334029406
3d16fa04247c90a4,982207c660e689a7,4,1,1,6.0,0.9606609833258472,0.9430506052562284,0.9443651344537656,0.9999999840530992
eb4ab9e2ece943b9,d6d480c0fab6a7a5,3,0,0,-9.9375,0.052217051684352,0.0182208454416108,0.0184376614978044,0.0011969980084064
e640920e0da9a6ff,034828c72c2fd3cb,4,1,1,4.375,0.8769082266510172,0.9233771979460804,0.9252972454823728,0.999997541330776
b6c40c1017eed73f,99fe349ac0b25480,2,1,1,11.375,0.9932489016250904,0.9805967265019376,0.9795177621543396,0.9999624209699765
00987c6dabd01089,c2fbf23d3a3d564b,1,1,1,8.25,0.9868005150485364,0.978036025059828,0.9761528565030354,0.9999592502178748
fc90fa11674bf4f6,bc0f39fd553c4b84,1,1,1,7.25,0.9077151364114262,0.9730824989147718,0.9722969499280952,0.999991178778141
72646d870fd7a98e,0a77e193b02cd0d5,1,1,0,-7.0,0.2058892319931816,0.1982558899465766,0.2052347859857994,0.0004208933466426
0dd2c5b181261283,32a6b96a6801f74e,0,0,0,-9.5,0.1018348469690095,0.0196339714785395,0.0190096417602548,3.074504793222754e-07
e75ac9365e78ddcf,00f6552ab2e84913,2,0,0,-7.3125,0.1865888148914445,0.1778949316483246,0.1772267283693491,0.0005368032328597
d8f17f0bfb0677ab,10f7b9adbd122f79,1,0,0,-0.75,0.4491338648096304,0.1552706223628593,0.1527139316683657,0.0770916513174188
75f9e26f68000dfc,a4f8a327d03538e8,3,0,0,-7.5,0.145332956626517,0.0289502563046248,0.0284188199372121,1.9836236979914277e-05
43d2bdf94287abb3,f20d52dc9444c14e,3,0,0,-9.5,0.0291876411763717,0.0411433649890337,0.041821744261256,0.0002234464859193
f5cbdca1a8cb0944,9bf543713c431e85,2,1,0,-1.625,0.7635087868526562,0.6817469182644611,0.6850520632913998,0.2209058365788528
4bdf8dcb6c0f95ba,a07b5db2ac0a693c,1,0,0,-11.25,0.0263330550771556,0.0203057514156622,0.0211404481893585,9.613781725693562e-05
bbd0cd8ec9c2bd31,baafeca967e089e9,0,1,1,12.375,0.995045580025964,0.9781220567533356,0.9781969705896146,0.999997084431558
32f969834a657e20,99f26f78a65b5320,1,1,1,6.75,0.8786740215709212,0.9541690219162452,0.9550649420784962,0.9999339337274796
0dd93bc0de8996ec,fed16164a28d3baf,3,0,0,-9.8125,0.0682059169730395,0.0351845081235162,0.0362733479422706,0.0005196179883207
92c2d1e6de860b17,27a738c37e6db683,2,0,0,-9.3125,0.0224642823012844,0.0099809627770631,0.0101819602854367,0.0015130463639973
c647f6541d081254,3ed334521e7aa34a,3,1,1,5.75,0.8817749907362188,0.966112712778196,0.9666971450428384,0.9999544361072504
b1ef3321637e75d0,8e3cfc3c5dba2fac,1,0,0,-6.4375,0.1446021068031745,0.468091490647308,0.4807644281361349,4.729512409560423e-05
e009ad5220a7ce54,5b40ed486f0f8b4b,1,0,0,-5.5,0.0321484799930256,0.0266112568865963,0.0265606143291029,0.0005993662949501
b6f93728c2ae8ad5,0cc4b080d9568910,2,1,1,9.0625,0.9579067043397804,0.95784699765669,0.9559754639649772,0.9998998961887142
e8a0f343447b8190,14554511788d58df,0,0,0,-4.75,0.2595431816958771,0.5988339645303368,0.6058010452421803,3.7462911682892975e-06
574c61af7fc3014c,e43900b0a00e322d,2,1,1,7.5,0.8780212354946997,0.9794618976456662,0.9806525947590252,0.9999209729772978
ac8c1228f7d17c82,5135f6af785097fe,0,1,0,-1.5,0.3876999670124523,0.4034596329807375,0.4133900331789818,0.0737276723967061
4f5995cb169a33bb,18c51fa26d583447,2,1,1,5.0,0.8962854038343299,0.6569709306845418,0.6566507845684925,0.9935077919101122
4367e759c04cb5ab,78b601b9bccfcd73,1,1,1,9.6875,0.9849651072137896,0.9808128113743284,0.9802246392692604,0.999973310508964
e88b4e7cf60bf90f,0468efb6a7118e91,4,0,0,-9.125,0.0704597493107448,0.0423740660638719,0.040948951416014,4.70038293033184e-06
6b8979c2f8478fbb,4e7412ff20e9b41d,4,0,0,-11.0625,0.0265941776865432,0.0145756507224842,0.0148283463340069,8.824858254889038e-07
2c800915b6ded76c,aa018cdca8bb701f,0,0,0,-8.4375,0.1198863383143205,0.0200627214761458,0.0192756673686703,1.3422418557237474e-06
b33aa80afb350f16,4e82038cb8e10f6a,0,0,1,4.625,0.9441316474790292,0.9057956434034669,0.9030124866259672,0.9999986280310222
62feb4bd5f255b75,a6694d1d1b3b98dd,1,0,0,-4.125,0.7570891463584531,0.378335152277491,0.3524535999723279,0.0136983207552194
c385d022d3e02f6c,49e6e042344b9f20,2,0,0,-8.1875,0.0286849968210917,0.0361870138934589,0.0381110827424063,2.2211593337284352e-05
897fb8e18f64b6c5,0f1c57eeb3cf839c,3,0,0,-9.375,0.0438084629927607,0.0381294897374079,0.0385270121518431,0.0002487378776472
ebaf7b9feec1dcec,1659c18a859aa43b,4,1,1,7.625,0.945461227800164,0.9695302370100556,0.9691750788450928,0.999999961511258
059344070a668872,19162d2b485c4e4c,0,0,0,-9.75,0.0231228568945658,0.0411080747548813,0.0433373636725095,5.535205647841504e-06
c07166eecdf63597,2e309627e9c27809,3,0,0,-8.3125,0.4519684137252605,0.4350038545054976,0.4170876466157793,0.0001551910436075
a3f306a045cd3c6b,2a252cf20e11d812,1,0,0,-5.75,0.0561627155591287,0.067766418626789,0.0653451055377345,0.0002347520634223
cfeab655262dece1,e4104a9b17964fc1,3,0,0,-6.875,0.3192769495869139,0.2661393950690247,0.2667896926398341,0.0050560364647246
796da27187d3249d,1091c43d8b461603,2,0,0,-6.125,0.0817044071047527,0.0293577899737186,0.029975510063763,0.0008035210022629
ddb83d95334111d5,c26aaf3aa8e3f231,4,1,1,7.5,0.8738548449559079,0.968927383734454,0.9691721873490264,0.9999994425269098
1a8f567b52a41d93,c5ce49d2ac63a5e6,0,0,0,-7.75,0.1017787371197629,0.0557722330466723,0.0565455072743685,1.1163767404417916e-08
3deda63516433913,2f25041d06fe3577,3,1,1,7.5625,0.9649977897176556,0.98862521296098,0.9883347087944006,0.9999844186505727
53b16aac95970a96,cb0cf6b6de0ad6cd,0,1,1,6.5625,0.915429633383412,0.9632599510139518,0.9629616565197648,0.9999999964454838
ddcdba0e25de2cef,14a0b9026a266440,3,0,0,-9.25,0.4303532387232468,0.4333767682970453,0.4179686036143429,8.605324756466262e-05
fea213aafeb6b67f,96b1c50bee35bbeb,3,0,0,-5.0,0.7385574432670328,0.5758369232281949,0.5596943851263595,0.0009871805105147
39763ff3eb4a6630,0fa526a96f462f45,3,1,1,8.5625,0.938616016088971,0.9791478424831422,0.9788489687917912,0.99991881752704
8ea06699306e4234,81806727efb6adc2,4,0,0,-9.9375,0.051885965311125,0.0303694447781553,0.0303191957872853,4.937779940938826e-08
bdddf0d49cd77c04,bdc5ac885e4ded43,3,0,0,0.0,0.4883303142918014,0.2309736437424709,0.2273728343370056,0.3436853354764084
33e67841333ee2b8,f6661b12db4b2c3e,4,1,0,-6.875,0.1539907774532944,0.4549394197777772,0.450507028123116,2.1418538480665697e-06
b3ca71e3055ce346,72b7eae758e1d3ef,4,1,1,1.25,0.6656492156818327,0.716124902711585,0.7196773150277831,0.8178793058122358
f5500213d947c08e,2bcfebac5d0b4e3b,4,0,0,-8.375,0.0618958534354628,0.0350579389395771,0.0355669226789815,1.1251914554067017e-06
cf149fd131cf83ae,5de1941ad32ae5d9,2,0,0,-11.0625,0.0820775040085272,0.0329990339989864,0.032483364868967,7.595786532176187e-05
8ca08e3debd14201,dd46f9eb0b762a51,0,1,1,9.75,0.9491164165711026,0.968638026763404,0.9700236260596252,0.9999941090770588
9cc0c6db5f5cd6b9,dda3049b9a2e19f1,2,0,0,-10.625,0.0943669103223494,0.0218022596841953,0.0214231063255444,4.4815812363078015e-05
a0a8094a710f07fd,8ea2bce5cf72a629,2,1,1,11.4375,0.9746626667665034,0.965200121354305,0.9650208699592424,0.999800477446404
89bd73d11eff0778,97ca92469d60714d,2,0,0,-8.125,0.0536338769900962,0.0215182535196929,0.0216186147176783,1.4334459356522631e-05
1c5c17db86687a20,cd5647c278526260,2,1,0,-5.875,0.1350524477810056,0.1826937243053839,0.1891131386681249,0.0026015195204381
e095faa0b5cf5c2b,198a0dc7f97b7ba5,4,1,1,8.0,0.8885958867044705,0.9760712906475356,0.9773078192348232,0.9999999831732336
9b1df4a3f8d2e05c,25cd2b8c87da1494,4,1,1,8.6875,0.93791485992614,0.96381932091568,0.9628789564187784,0.9999999031081348
fbbdc387b0d5718d,cab6ac55d0bfd376,1,1,1,10.3125,0.9811209321545264,0.9818420342104012,0.9815371365442124,0.9994567914780054
a18a24c3da28adf9,7ea91942320eb363,2,0,0,-5.375,0.0958097022113289,0.0866676084039802,0.0866364175484899,0.0002734482039542
d51668d897357280,563a7e3ba32b3bbe,0,0,0,-8.6875,0.027787422615832,0.0186230923218184,0.0190625540221583,4.677375328073031e-05
f50d770291360855,0c4a0dae0863a29f,0,0,0,-8.875,0.0906568525821995,0.0333149185032148,0.0319431398148832,3.704662573901532e-06
d3d291649205041a,672359e8c664ec63,3,0,0,-7.9375,0.0249150009974642,0.0223457784199011,0.0231503026869919,6.299128029320814e-05
b750f6aeb68d16ea,a6e8b08d6689e216,1,1,0,-5.25,0.1967966656736784,0.1921904963338522,0.1949605712630646,0.0004616593807509
68946d7fb0369d7d,2d2bd283ae56c66a,0,1,1,10.3125,0.984818200248137,0.992162896905456,0.9920556181920976,0.9999997792142508
b95ae7930a05c34b,56896c237b45a130,4,0,0,-7.625,0.0159415177216336,0.0120986411266476,0.0126833472254688,6.93125238132107e-07
7596badb5a84e854,6b39a15dd6c269be,2,0,0,-8.625,0.0942417853956989,0.0323635043514422,0.0323526254487508,0.0001453680769218
7e9652e38e9c4946,49ab725a4c430d01,2,1,1,6.625,0.8635745093825515,0.9124617625056444,0.912579397340456,0.9999360204951416
a3cc426157cbe159,358237e48a5c8712,3,1,1,9.25,0.9944271232195652,0.9869310517516215,0.9861114146884082,0.9999912741180926
185ebd00cec8f7fa,8056758bb833a131,3,1,1,11.375,0.9767037981557164,0.9735904969608326,0.9739485313309408,0.9998019370354404
81286cde6e6ade53,77d71bb1276ab818,0,0,0,-5.0,0.2830040157118242,0.0682372172310954,0.0674592274747754,6.781195124070658e-05
272754b989d846fe,b4bd68c1b8f179b3,3,1,1,7.0,0.9667417552219694,0.9617282591537796,0.9606561461087806,0.9999804405106892
e64565df6073b4f1,fb3ea2edf2bf609e,1,1,0,-6.75,0.1510278311991519,0.1757250162391061,0.1801631518825227,0.0001488169180767
363a1d01605f4404,1dde2be9e236e3d2,0,1,1,7.5625,0.9225539941118888,0.924161981388727,0.9234999095936374,0.9999993800456628
3233e010c85f4a6f,59de7a447739a871,4,0,0,-8.9375,0.1186504350007137,0.1098908495852317,0.1118605990224792,0.0001830080070382
f611e889f17c060d,7f0584a4ba78111d,0,0,0,-2.625,0.0423885592402665,0.0277717042113919,0.0289846996399487,1.999260437284226e-06
829cc6c973cd9e6d,cb5bcb977f587c1a,0,1,1,8.75,0.9844769319086156,0.9755099564327536,0.974796761967426,0.9999998218673938
54063b2ffa79a6c7,ad755664dd95a115,1,0,0,-6.875,0.0853522928918346,0.1711581315868565,0.1734888253033288,0.0009092402391484
5e6ea33187d430a2,c487e7274ab5217c,2,1,0,-7.625,0.2692345736534735,0.4834318031158353,0.4793767566712038,0.0094643596499423
484336154e4987d3,6bf8b1e0eb9a9c00,4,0,0,-6.0,0.0869333406148566,0.159562420774586,0.1638873274847738,1.606041271399585e-09
e9a36a4ac9f7a74f,7e97e0fd0df52313,3,0,0,-9.125,0.0585293489794687,0.0329492908549053,0.0337612950544764,0.0003315201928079
8ed453ae18eb98ce,36552b6c2757e29e,4,0,0,-1.9999998807907104,0.345338157419357,0.6177860662985406,0.6141389747046054,0.0001575639123028
5378850e93cb1871,384b4dfd7d95bb1b,1,1,1,7.25,0.8372804876316156,0.9588778566909674,0.9600194611646083,0.9999879429320512
3f3431d86ea0c19f,3326e3dfc7d3c710,4,1,1,8.625,0.9183726928981688,0.9748842701585568,0.9755407843076092,0.9999999946818214
2a9b3ab44ea85d3f,9757ff00290c502c,0,1,1,7.625,0.9371871976801418,0.9818141505691448,0.9819762989877412,0.9999999971289656
0b47205cc5cb1a78,85e8336391310565,3,1,1,7.375,0.7253963022710512,0.9436485840655332,0.946295829276156,0.9999917796627724
c03c5f19926cae01,85dce7fd4c647a1c,0,0,0,-8.3125,0.0817767687776154,0.0339705905418437,0.0333158194384122,1.065776605965853e-08
ad7fdb8c66f7cef3,921061772ba183bd,1,0,0,-6.625,0.1695613448952173,0.2345021627527517,0.2310285203928425,0.0001648921227119
089aeb2003610e33,77d1adbb9f574221,1,1,1,9.8125,0.9754896347666812,0.9755422323114304,0.9761895523621322,0.9985146293992528
6f32b5a013b5617e,973c7da5a286a968,4,0,0,-8.8125,0.0764911311064459,0.045475214508053,0.0441597077106443,5.626363592237256e-07
3e7ed53eddb42b0a,09a64bd255049b41,4,0,0,-8.875,0.1785347447893747,0.0789801740945266,0.0798494387471109,6.778806425532581e-06
5673bd58fb3e3727,7ca5d0562307c7b9,3,0,0,-6.375,0.0603270141926012,0.0587120652942546,0.0622748556449507,9.169536854641985e-05
1c03fc1f3347c205,853fe09b9a7d9e22,1,1,1,7.5,0.9593263223722576,0.9943701601503144,0.9942908847402608,0.9999607295978544
ab1991f1cb59478c,0f607327a13e84d8,1,0,0,-8.125,0.1074334100610996,0.0371955389881229,0.0370098580423108,0.0004043078664014
4bd405a83276de02,6875fad10d42e16b,3,0,0,-6.75,0.079014753071957,0.2331706267686465,0.2424451580326091,1.6467431233887127e-05
b6b2d554e36d3e05,18c1821a7b4087c6,2,0,0,-10.125,0.0589169966859725,0.0908147910565898,0.0909987427288693,2.644566066074751e-05
a00bf270b76b76d8,275591705a957ddb,4,1,1,6.0,0.8451907286564827,0.9146683467786964,0.9155242945968008,0.99999997996993
b2b8ff6b5442f79e,5e3beb9e13530b56,4,1,1,10.0,0.9863969453906448,0.9532881022313028,0.9531875784094852,0.9999972872173376
73a81f1f971851c7,55dac1ea31e52f1a,1,1,1,10.0625,0.9488557526172824,0.964628850598511,0.9637479796042429,0.9997192007301476
cb370d9eaec4d954,2b5cb0e6d0d431ef,1,1,1,10.8125,0.9955059386606648,0.9933368930731428,0.9931165647554258,0.99999015291817
6302e1fa52950509,13f21e392b2d961b,2,1,0,-9.3125,0.080244872883503,0.0341822232555585,0.033396409276634,6.983606777831744e-05
27186228373e1063,0f99ad70bd39f84b,1,1,1,10.75,0.9741862044953822,0.9905683025067415,0.9906327951357492,0.9998221422136906
c395389a79bef311,15e29adda98108e8,0,0,0,-10.625,0.072800174790401,0.0425681034098869,0.0415784434202374,1.1783942198389046e-05
e7fabd1a4a9d57a6,0739190cfb13a38c,3,0,1,5.375,0.8690561545916634,0.8321704809042819,0.8298651087488275,0.9998282028341882
0869d9ede0c78d28,16ff01f36c406748,2,0,1,0.125,0.635981762422496,0.6165692522909834,0.6087587625903282,0.385644980124488
ffcb7a5479f2757e,1b1a07dd7d3763b4,2,0,0,-9.6875,0.0799220364328338,0.0214396475997908,0.0216601946896393,0.0010753740156379
c47a8a551d517fbe,55552e2d778f2dbb,0,1,1,7.3125,0.9681754814623516,0.9903842223724272,0.9905593410824374,0.999999973202632
94401ba3150f5e3a,45d68d49075f1244,1,0,0,-4.5,0.2083298505240118,0.179472754346076,0.1845143500409642,0.0009618795108926
d2e44b69095bea01,90c7bedb3639f3c6,1,1,1,7.75,0.9520567457549342,0.9799091092289438,0.9793999143114696,0.9999730223511564
21746e61d0992fd5,8a23b1b0fbfda498,2,1,1,6.25,0.8846124803934989,0.9511637210965984,0.9493431359419214,0.999945155068768
9ddfa833086f415a,580b6b8a3b2b0c38,3,1,1,5.75,0.9573110964645154,0.944548489923599,0.9440684058853128,0.9997700137161152
269085fc805ea679,bd2b8c34a26ef687,2,0,0,-8.8125,0.0441271242591437,0.0387343842184773,0.039272905900433,0.0002128175191721
04107ff1b29386d1,7460370a9aabf1bc,2,1,0,-7.0625,0.3272917737823757,0.3962737019034117,0.3912677657073778,0.0044919243159846
0184396aceb47360,0950f1aa7b00bf64,2,1,1,4.0,0.7035384196846287,0.8835103510372662,0.884671792249359,0.9982354978431748
e52e91045031fd06,cb4c5db73a448c98,1,1,1,1.8749998807907104,0.8799961956169131,0.8413315069567151,0.8350394940099523,0.7931531293059678
ca1365e5dc484cb6,11d6f7b32b0c57c8,4,1,1,10.6875,0.9918630293152514,0.9722083964785092,0.9709118675029014,0.9999993834846834
fc40ef910ab4a440,f1b365e6610e1ff8,4,1,1,1.0,0.6193677827629394,0.7503989162961984,0.7564097244615566,0.9931745122748968
94a6040135ecbddb,8573f3f50936d8cd,0,0,1,3.999999761581421,0.4377533502825458,0.5993173016405393,0.6128763300429702,0.9934612433728324
c48a83845ea31479,99a79a3915b75b3d,1,1,1,6.0,0.9097805301457504,0.9260373278912002,0.9272991105779136,0.999847866936384
595531a21be144db,1385db1e5f5a9f9d,2,1,1,6.6875,0.9405682263997656,0.964681494637316,0.962999257215534,0.9999957255347112
fd86f765c239d522,0910ae128ae00a61,1,0,0,-8.75,0.0863064985253031,0.0356740093466361,0.0364861771826477,0.0006114192101054
abb05c1fe27117f6,5b976ee8f2265e95,4,1,1,4.75,0.8825954514527204,0.9833271749116032,0.983366632831511,0.9999999941604624
ae89a0126186991a,1cbb14cc9507db9f,0,0,0,-9.6875,0.0655610234113041,0.068990933881537,0.071235579641606,2.0866243484092214e-06
caaccaa2831986ae,1f6558fd743e030d,3,0,0,-9.5625,0.1054256951184641,0.0622088739675826,0.0602725208993048,0.0001723020736145
0b5ac782bbfbb3d9,a068fbf5348ff0a9,1,1,1,9.75,0.9723024648698289,0.9581496560056258,0.9586930108085862,0.9996654880472012
5f7b013d8f28e457,5e839106b25b1146,0,1,1,10.3125,0.9822856477323,0.9888713509084168,0.9888334346523,0.9999988923968408
d08a231c0247336a,1c8b8e5c1df69c2d,1,0,0,-6.625,0.0236922204660598,0.0303453373125687,0.0305587594385193,9.993739578534122e-05
e11ff165dc39e06e,7c37359b3e9095ca,4,0,0,-10.4375,0.0214088660162746,0.0255271060229293,0.0259458769169809,5.852920565166429e-06
ca8e3ee99e4c09fa,95c892aeed89702f,0,1,1,8.6875,0.9611041894695236,0.9850953452751448,0.9853808897757832,0.9999998633313868
f63aa2a5e660f8ff,46427cd74c8fd0de,0,0,0,-8.875,0.0139614330704693,0.0141595850916066,0.0147143902648418,5.542830432881002e-05
2aa887ab8404f23e,e517747cc1ee6a38,0,1,1,3.999999761581421,0.6911483295308062,0.6335160668743431,0.6321491791811866,0.9999987547830392
6c22a54e82cecf60,c7f45d1a316baa1e,3,0,0,-9.6875,0.1629685592389131,0.0321288032211504,0.0315124965538497,5.9386933484680325e-05
3ede3d9b9908fec7,71d485c79648b0ec,4,1,1,7.375,0.955249136858234,0.9707989930392577,0.9706595545850752,0.9999999922014065
7e8b7616a373bd75,c100131b41174483,2,0,0,-8.9375,0.0481834290511212,0.0418642260321223,0.040479819144263,1.449011542884742e-05
4c598f5b95ae763b,fcec489e477ebd1f,1,1,1,9.1875,0.9530056865966992,0.991602629668043,0.9916080842160684,0.9998178196848472
35e2e57e8bed6eed,5350ab9732b8f0f7,2,0,0,-9.875,0.077284877858201,0.0146995531379447,0.0141388704969792,0.001075221855592
596a5156e52f34c9,8adb75bae922423e,4,1,1,7.5,0.9702005453994912,0.9841421173218576,0.9833914667274396,0.999999988217671
dd7ffc75832f01ec,d5436a05398b1fbb,3,0,0,-7.5625,0.0730808951590803,0.0617916142418711,0.0630336381055446,0.0033117803530566
fdac7060b469d909,d1a938adb9f6bb47,1,0,0,-7.75,0.23233892434783,0.0527280609362575,0.0505287477506376,2.167980941688612e-05
e11e0402324796eb,c9a69c0db4546d1e,1,1,1,2.875,0.7508690971141074,0.6417933880857789,0.6485753812310217,0.9936549669025928
15bd4e83c37f3ae3,01b86681209b47e5,4,0,0,-6.875,0.1181434335862333,0.0858811870161798,0.0892569820719455,6.520030382810093e-08
a3832fb9c0c90494,d564f7aace5e9365,1,0,0,-0.375,0.766726879121412,0.7300617389312553,0.7282688470844457,0.1146503252956965
50b8dc559a88b613,48eb7664b20d89cf,4,1,1,10.1875,0.9946459392617466,0.9513544018927574,0.9469120118912364,0.999984482990438
8cdd0a78f82e3aff,0abad1ce383567e2,2,0,0,-7.4375,0.0972823799063156,0.0909921675939798,0.0907805832480753,1.5830171520907692e-05
ce054a6a5f40f7cc,aededc51f121f4b2,4,0,0,-4.75,0.1509646946729664,0.2308900873788834,0.229154091243232,0.0013050614118582
9f6f57d68a32dacf,2a1a3e1a304eacd0,0,1,1,9.75,0.9598635608087536,0.9816839385762316,0.982074005861846,0.999999981906432
79d2b1d2ec99d7cb,83d08aa88e5c4875,2,0,0,-9.6875,0.049632481536096,0.022897378503685,0.0225505211149249,9.371885127854315e-05
445ee81ecd1f5bd5,45930d9f20a27e1b,0,1,1,7.0625,0.928139143728593,0.9761765871268442,0.9768268127648434,0.9999999672290024
773646c7f4019ccb,518fa863117750f4,3,0,0,-4.125,0.5154798147189353,0.3860418175464883,0.3754225938670018,0.0218737599809537
283a81ff65e15179,1459dc40de6e2848,4,0,0,-9.625,0.0295292604578219,0.0798480174892784,0.0817140586678623,1.0285445672115348e-05
12f633481972f0f6,e485aad2e54f538f,0,1,1,4.75,0.9657975591104344,0.9865295563725364,0.9865704367757884,0.9993207061387605
da65fe53c9c4f8fe,370e72ce47354bca,3,0,0,-6.125,0.0712455026914371,0.2026813870751237,0.2104060139798388,0.0029563742527448
51aa334fb234846f,f38655c61943a525,4,0,0,-0.25,0.3266174116396912,0.4640892721707221,0.4651666521989572,0.980154185527778
35280b5e9b311c4f,8a214ab17de0d220,4,0,0,-6.5,0.1873625687777964,0.1999201633765881,0.1905327741843966,9.434774837189903e-08
41bf70a42170ec60,c39c117c118b4594,1,1,1,9.3125,0.9873256129112457,0.9925986246910652,0.992375558188413,0.9999669522712288
765ab4541cb8ee45,12067fc64602809c,1,1,1,3.625,0.8062051108787998,0.8372704474054452,0.8366652809541212,0.9895793759712932
725d99ffd4289e01,33535ce94a91b80f,3,0,0,-9.375,0.0464661063061126,0.0191464459048014,0.0197584567527222,0.0007567841157304
783faa328b6ba7ef,90baf5f8f76a05c7,2,1,0,-7.5,0.0940310054022302,0.2935420300374344,0.2953352143347101,5.329116803328199e-05
03f384d4b1b2e290,4b78262183ff0318,3,0,0,-10.9375,0.2112817738798238,0.0445323597007468,0.039722013909487,9.228337857259684e-05
8680b3d21f72eaf5,45d3b6cbce45a457,3,1,1,11.8125,0.943546660664128,0.9593977697943952,0.9616490696156832,0.9998796279743354
e78001ec6923f746,4cc3f2ca424bd826,4,1,0,-0.75,0.7254637535595576,0.6390657493948511,0.627462928337709,0.87565111820553
cab15a67793e0820,1a4f523a89fc29fd,2,1,1,8.75,0.9494630657737252,0.9582096474823534,0.9576537729022496,0.9999405380535098
cdc3d790ae4033d4,90e8fddb8c66899f,3,1,1,8.0625,0.92752890770903,0.9686269362344848,0.9671468541845752,0.9999808772601256
0a2c5a7af7deed81,74986e93f69c4e50,3,1,1,6.0,0.9106450586163576,0.9613687565672888,0.9602352979513968,0.999970475924995
99623266045347de,86d97abf4a687f51,0,0,0,-6.75,0.0831632829503579,0.0560502909260903,0.0559426230761507,2.070220084632228e-07
1564f0b2070cb772,aa6f807d9a77dac8,1,0,0,-8.25,0.1223305689683585,0.0518864147526615,0.0495379202695313,0.0002073438001481
81b1760590f0bf04,e92d38f4c2f3f734,3,1,1,7.875,0.9411784043981252,0.988848830202607,0.9892497028610244,0.9999990978668748
791c1bc3099135b2,edfefba3c184768c,3,1,0,-4.125,0.6344269749507386,0.798482438158095,0.8003790260539899,0.0009467731260952
ec693d23c85cb074,66676c5a30e5653c,3,1,0,-3.25,0.6236432629260424,0.7964756930760724,0.7928887481044359,0.0152008975281769
54e1f9cf84a63045,10b509f1100d3be4,3,1,1,10.125,0.969055340435512,0.9865978248012112,0.9868727094106332,0.9999857069017094
bc134798ded57ee7,ef27d5a8b7fb1fa2,1,0,0,-10.1875,0.0531922761339611,0.0165080494113505,0.016834342775015,0.0001003745292898
5c8df3d80fa0d63d,e705cb6da34608c3,3,0,0,-5.25,0.0262001481015283,0.0284269502055301,0.0286715830726886,0.0009648912031187
25efd7fd920eda34,8b99dc86a5a49870,1,0,0,-10.125,0.0805945197876954,0.0198087721094361,0.0193381052079258,0.0001634365288539
c59211c8db69b6bd,e3cbabd5d3479d1f,4,0,0,-10.1875,0.0582808060304092,0.0355720569707025,0.0333586027303918,3.083416502165861e-05
8752fbfbd2832c10,0221a0962ad6f7f5,4,0,0,-9.375,0.2112836587521946,0.0308040187868656,0.028103327356604,1.198703127608392e-07
31247415177dc92f,edc93e2330784a98,0,1,1,10.375,0.9768932689618712,0.9889679143177152,0.989300484447543,0.9999999266183413
31d3573000072fe2,23c02381e8195157,0,0,0,-9.0625,0.0837138301327235,0.0592137138287353,0.0601318078162576,2.925069678093271e-07
fa92f3168de084a9,11849e5788b4f331,1,1,1,9.375,0.9709722240900964,0.9708405911818004,0.9709623015966692,0.9995238192480718
52decd66bbfc621b,ad737bd0d81f410b,2,0,0,-2.5,0.3788354411430992,0.2938139825127911,0.2958583678990589,0.0015454032871603
221ab11df5b8e6a3,69b7bb4d7345fbd1,1,1,1,7.25,0.8909303127478633,0.96180463992439,0.9628756447877612,0.9999742050355396
888f28d7d88b305d,85eb4ae17f13b2a7,4,1,1,7.0,0.9374988021272432,0.9334028095363944,0.9263295116986096,0.9999999675274106
97ad52daac5b5c01,bac02784ac9565f3,3,1,1,3.5,0.7471840155895237,0.8816477663063386,0.8849047153322317,0.9955187485326656
3669424e721d7e79,1e29a810c9c98302,4,1,1,3.125,0.7403692902248709,0.7105538395983411,0.713928770905404,0.999975737557414
38e13df0b9793400,76f499abf307215a,4,1,1,10.625,0.9586822259654711,0.9609501068246796,0.9622398526284464,0.9999908765484636
45de79a5893ad110,c98fd224308bab90,2,1,1,8.375,0.9766178939411504,0.9516017149129016,0.950566957931286,0.9999790076907804
2939a1549ad0d3cf,c241bb2410ef5c72,3,1,1,0.3749999403953552,0.7518259442319098,0.8067773277878604,0.8033910365411289,0.5548399176358589
f06eb5d5d53ddc05,ed3e00c72995f02d,1,0,0,-8.5625,0.0861917128461699,0.0219387765447118,0.0210598429361023,0.000777617294385
5924a2d6f099acc0,4e68223301c405a8,4,1,1,8.4375,0.9327699848904668,0.9568340645209112,0.9562537023361356,0.999999905105546
77e06d59a1a681b5,129e2d0c7294c6b5,4,1,1,4.625,0.822250827011048,0.8841717261464703,0.8912332555913799,0.9999902309956854
06497558fefd8def,5bdedd4ecd4996a7,1,0,0,-10.1875,0.0484616133348122,0.0294637410457405,0.0295762393572418,4.731466536724794e-05
15b5efd013ef1ebb,bfea172cc0c0055d,0,1,1,2.25,0.8327878237873448,0.9048115346193129,0.9013590674888216,0.7138824397552725
df0c0c9559aacee5,222f93623a0cde6a,0,0,0,-6.625,0.1735640371485446,0.0421449694901639,0.0422061653204703,3.0416558317271464e-07
fca2bcf2bdf9d9ca,1d046a6efcae462e,2,0,0,-5.875,0.1309664772246258,0.2124010017484772,0.2133387855175856,2.3372574136445552e-05
9ec8f624fba01d9a,ba200a44b8990234,2,1,1,6.625,0.839666500376997,0.9070257676799112,0.9110872190203344,0.9999635064976614
d241168d6c17465e,af5a04144d829688,1,1,1,7.0,0.7353859203934888,0.8902338324019238,0.8920314882506667,0.9999893389887252
754d101ac24622b7,9d30772b2e7349b2,3,0,0,-8.625,0.0852528844343092,0.0994708521715294,0.1013336858174064,0.000161483868973
8db303e8c6c2ecff,8709047146f5d64f,3,1,1,3.625,0.8560217584853141,0.8142871692108428,0.8119260461330385,0.9996915086398966
0039f05d4d7b7da8,4390f08f959e317e,4,1,1,10.625,0.9845109645174251,0.9710705107461516,0.9721981760115708,0.9999969833908174
26d16148f6a6b040,d2689082b1d13974,3,1,0,-9.6875,0.0824115148096178,0.2000735522298312,0.1979745559336556,0.0001617066223764
964f4a31a02a9edb,294d188d27611f1a,2,0,0,-8.5625,0.0226970483895765,0.0140317802062655,0.0147684259230906,0.0001089313697186
120c9b15f21cc667,1d876a291ea0f65d,3,0,0,-10.0,0.2196601941847212,0.0557775421542965,0.0538968015891226,0.0005458842417583
dffaa3362dd4b705,f0235f1554007f91,3,0,0,-7.875,0.1401682165743104,0.0170199924383776,0.015862668809681,3.984456480568914e-05
cdd9e19e3e9af688,10fc90ba974c30ea,2,0,0,-10.125,0.0989910091956204,0.0565508726318441,0.0554874998007834,3.533636666686363e-05
d8ae9c68489a602a,2f8a6bddca35df62,1,1,1,6.125,0.9437031290668532,0.9608203043503244,0.958163564346679,0.9999483778189936
f567864e32887707,2eb64e7f3bb60ffa,4,0,0,-8.8125,0.0484219582555726,0.0242633576974871,0.0246452542298795,1.1087434437810085e-05
2e7b8b9594c99b6d,9ba41e2529935fdc,0,0,0,-9.75,0.0468094436374152,0.0194891786534665,0.0191090393984099,4.416064897297485e-06
00439fff3bc6aec2,6fab7c0b842c2e6e,1,1,1,5.375,0.8633277775701262,0.8843984805689055,0.8858581702790068,0.9999853416218928
87ac879b12205b80,57a254c1e79afd32,3,0,0,-8.6875,0.0320124854041739,0.0152676125794411,0.0156005274342477,0.0055753647808927
c7092eee457a0f1b,b56c30094327e177,0,0,1,3.75,0.654963848221591,0.5613465854298917,0.565939297544997,0.809934435620935
49450cd99b482c36,ab6e207a92bd7633,0,0,0,-9.25,0.065605642451552,0.0360230514386466,0.0366289354366931,5.519620755681662e-05
c354ce001a68fa41,ba42d3c59378b8e9,0,0,0,-10.0625,0.1195680396932874,0.0588720583306756,0.0581427400540215,2.122375294365145e-07
47838203f9308036,f56b9e56e1d625fe,3,0,0,-8.75,0.0489899137019555,0.0215884420870668,0.0214893220325835,0.0004979729041953
313e93c3c3776bf2,ab9740730235f21f,4,1,1,9.625,0.9777523032006912,0.966928811699954,0.9661262975071117,0.9999982778037152
031f78311d92844c,63c57a013e32511a,2,0,0,-6.8125,0.1318505764799188,0.2455996733254358,0.2367811039244365,1.3247988770860802e-06
f51d107da9d774cb,0819126f284bdc75,4,1,0,-1.625,0.4432143016543612,0.5749180284817886,0.5820968463805606,0.0010592864686964
6e1748fc031d1456,3ab8b67f46785042,3,1,1,10.75,0.984053801444147,0.976904841878266,0.9762728666646888,0.9998152901260356
cff26d9c8ac546b6,69817e835cc60a73,1,1,1,7.0,0.8755742993416671,0.9229692033594412,0.9239246688647862,0.9997347748302146
5e3705c1e60af017,5e6bfcb4cf6530cb,1,0,0,-10.1875,0.0297937068396771,0.0155056220173283,0.0164368662342894,0.0001392164779218
31c3bcef4ae88a61,13d544bda33b7747,2,0,0,-1.9999998807907104,0.3367072758308613,0.3139796568659317,0.3179224706160503,0.2226536306653792
12159c1fbcb5c5af,d0513945995d6ebd,4,0,0,-8.5625,0.0937253733716696,0.0412763288655795,0.041736143871515,6.362739649814456e-07
bd0713ee9514ed56,f48399494774d488,4,0,0,-6.875,0.2816130967331826,0.1436472441888586,0.1445738971792163,4.0987707779252606e-07
0cc2d4e0d0877438,9fde3dc14d8009d4,0,0,0,-9.1875,0.0725241352326685,0.0167363023315485,0.016930651593713,4.539439156924874e-05
3da916b19f43bf26,345a34eb4936596d,4,1,0,-7.0,0.2951349956559225,0.0603363778602294,0.0575930157862478,7.343928015996489e-07
03145c1dbf772dd2,de3666c3488f1289,0,1,1,7.3125,0.8940478103202537,0.9645474457075328,0.9650316698830748,0.9999999999488136
fda550c3d64b0ec3,f29832b7134d779c,4,0,0,-4.25,0.2902460116999273,0.1399892732501112,0.1435960212179401,0.0039035798469352
d58b1fb0e900ff7a,ccedaf35b2fcc5cc,4,0,0,-5.375,0.2039480719810588,0.2877741068910063,0.2797199892562491,6.886273895539425e-05
770575c186c81f60,e1578358b181bb5e,0,1,0,-6.1875,0.0817930930748553,0.1256230800876705,0.1311589878500987,3.5175182115512515e-06
ffe1e972636054f5,812a18a2829045c6,4,1,1,9.1875,0.9553533214640448,0.9716145910218332,0.9717742658787673,0.9999995186339145
21bb0fbddf4e3d77,20fe15af11b99b6e,2,1,0,-6.375,0.1534194099748423,0.1387729413582734,0.1363348966281545,7.728470188511581e-05
6783524783ecebf8,d0c41d5ef7f52414,1,0,1,6.4375,0.9564026712347868,0.9852950471168628,0.985358461008484,0.9998244942811964
adf6fbdeba8cea3c,b9a2d808823973c6,3,0,0,-8.8125,0.0614580739399045,0.0177274752190823,0.0175972849235586,0.0011041707110068
6912c7734d8005f7,24f4ab101d799365,0,1,1,8.0,0.926042810625492,0.965132175609982,0.9651265085534002,0.9999998302262992
666c206533f57ccf,4d6a07d9e9710f5d,2,1,1,8.375,0.9670645095661856,0.9663967660335738,0.9659704901295882,0.9998528150571458
19d4ad0f2e5ff290,59f06cb4d616a2d3,0,0,0,-10.5625,0.0556382783837637,0.040935641306213,0.040322186647778,0.0004158937617727
3f8ed94bc259b8cc,5168e0615259f3ec,0,1,1,5.625,0.8324193092406591,0.8760480832018129,0.8798461366763202,0.999999002327006
71385738846013f8,26ed3afc4013d30b,3,1,0,-7.25,0.1772999743912008,0.0980264754496276,0.0963464192472456,5.5708214580137536e-05
a4fdc7c24e1c278b,625d18c0c8395589,2,1,1,8.625,0.9727290282755986,0.9737206234601912,0.973147621333658,0.9999827183561852
247e36eaa533a612,15de37768ba59f9d,2,1,1,7.9375,0.9340246350814496,0.9623324229507344,0.9615029361303412,0.999916711010011
7922713b41e7b0eb,9e242fe5fcd929a8,4,0,0,-8.75,0.1292681529607818,0.0260760701353703,0.0253796991392481,3.0582868026407764e-05
f5602f67fcfb98e7,a0c3e53e3e75f6c4,1,0,0,-9.5625,0.0102272819402792,0.0152003616317776,0.016122074433307,0.000827421482429
665241fc6123729d,70206475df0588c9,0,0,1,4.625,0.8607738584320727,0.8692281750064136,0.8716874225239017,0.9999956367195322
ab56656c91319b4a,8d870e67af42ff68,2,0,0,-3.375,0.444578325193469,0.1185693449341791,0.1167261162328747,0.011259188461087
8dfcecd670ecbe85,5d73ee79baf102f8,3,1,1,6.625,0.9534288100869944,0.9546658940590832,0.952058859988845,0.99998820105813
bbfa881b25334ca9,4120f27cbde36394,0,0,0,-10.1875,0.0225359446767685,0.0324131868027773,0.0331510113235511,3.703788797389523e-07
25d698e14912f6f0,cd41610946e307b1,0,1,1,6.0,0.94646838554347,0.9602113175061894,0.9584859951205408,0.9999998896610868
47f47bee6783d536,8b899a8da58f0f67,2,0,0,-5.625,0.0781236002702129,0.1500797496987424,0.1517980579454542,0.0031114164897769
7375c2a4c1228633,767901de46ceaf11,3,1,1,8.4375,0.9596038403330308,0.9290488980913328,0.9235711003485804,0.999965898013152
9f8ab5f0605db468,1d655eeff1da68ba,1,0,0,-5.125,0.2416647490289978,0.2192030437746647,0.2134554520838274,0.0043800769578105
86f8f63c3475a196,47bfcb2e1c7db872,4,1,1,6.6875,0.6940240583773004,0.8938650681721059,0.8968805232509001,0.9999999921156394
9d09751e81bc0a95,746d870d2e9aad12,1,1,1,9.4375,0.9736312880671856,0.981267399272144,0.9817048131831584,0.99998726805292
8af6684e0846d368,835c9ea12ebc5b2d,4,1,1,9.4375,0.866574307706353,0.9573178038721788,0.9577907401581504,0.9999953621027172
a436bd8bf8a8c9b7,2afecf7dc43c61c9,1,0,0,-9.6875,0.170728801787076,0.055099532746967,0.053292473201865,0.0005557326861647
1dc7c0f868dbce85,c99f878b17f93533,0,0,0,-7.875,0.0672949426151742,0.0475700254626769,0.0483426749057954,3.245527579823077e-06
2494ef4d6ce4f41a,6d9a37cfe271b8f9,3,1,1,11.375,0.9402052919447608,0.9655996853166486,0.9681495730240786,0.9997054505691922
3f48dd0db0410cad,f7ee852b2168a091,3,0,0,-9.4375,0.0237773981855471,0.0157127979701575,0.0165637268128291,0.0036967246889588
49179169e66f24c1,f441dd6e35997cd4,1,1,0,-1.875,0.3985679396221094,0.5518091176611037,0.5491964066276653,0.3573427532609102
71e9e492cd62cdac,93bf9c9624debe0e,4,0,1,5.0,0.7138484611635252,0.6038721350539888,0.6129442742286088,0.9999515071439328
df8a7e763c72c27c,674cd0fd1c7abe2f,2,0,0,-2.875,0.2994830432807916,0.2356317793847422,0.2308930768259419,0.0808329127068793
a645794a93227b20,cf85addb8310c25c,1,1,1,7.375,0.9571771517117712,0.97714386058782,0.97753741280602,0.9999863852618714
989391f4d88fa756,779a9c69c8f2dc56,2,1,0,-7.375,0.1838146889668658,0.4529430737268413,0.4552928754498119,9.124521784099354e-06
08b5ab0fd4bc3bc3,b1a504ff44eb103a,1,0,0,-9.125,0.1477498247776199,0.0142158022506634,0.013613123742204,0.0004315541697191
3139ea0ab587b1b2,23b36f2e7c0992d3,2,0,0,-10.625,0.0631794548522353,0.0184022875209918,0.0184068606668818,0.0001447278988512
529ccdf134d2874b,5b9cf9d968acaa6c,0,1,1,4.375,0.6094061047228346,0.88402740773681,0.8885829688299369,0.9999993040707912
b7665764b566e816,98dccee1dc689bf5,3,1,1,8.375,0.9807179343444484,0.9688178719184432,0.9681019413149446,0.9998754142845668
d99441bd620c6111,84b9a09b3f1c306f,3,0,0,-9.5,0.0193101437396448,0.0118835909959918,0.0124889459068111,0.0006600758057055
2b103dcd5a69ceb7,5347758570c5ea8e,0,0,0,-9.9375,0.0676180058274245,0.0639235053585626,0.0636946224190917,6.7463023614140175e-06
f1de38bdb7617b98,92fcc2307aa0c09c,2,1,1,9.9375,0.9760229994017962,0.9804747590027127,0.9809001089098104,0.9999971542060812
ccf9d86f9ef0c0de,58f81073a1975395,4,1,1,7.5,0.9288299490471362,0.9760068455342716,0.976890101963896,0.9999999707303886
604bee5b51ac7cc0,6adabd08e6c086bf,3,0,0,-9.5,0.033304281198567,0.0146645719866292,0.0152398494521013,8.136008336963511e-05
b1f1384795f9f894,0c74aeb922bb5035,2,0,0,-5.0,0.0648867202534363,0.0463779173769358,0.0472180867133784,0.0016018171417611
d1b5d11f0e57797f,dec25e89328b2ae4,4,1,0,-5.5,0.0855349513544631,0.1593393196053508,0.1612299573597092,1.217452131748684e-07
cce6410990029faa,a2f63b4bb458f6fe,4,1,1,7.875,0.9829757683086696,0.9703527406953976,0.9698643739956976,0.9999999964402968
c268e6ea26a4b41f,6785c26a3e48dbc9,2,1,1,7.25,0.9544444175688134,0.9887524791116292,0.9889715303682812,0.9999571310850052
ca544ab53eaf654a,67abdda6c2f5ed36,3,1,1,8.875,0.930908563078296,0.944993341695732,0.945851892311832,0.999973749028548
eaeca33c12a8fe95,941890a2a8869c82,1,1,1,5.75,0.9081602645351932,0.9537373548398104,0.955041943235074,0.9999378708769514
de989f180eebf4c7,59ace5c4caf5235e,3,1,1,9.5625,0.9621061003127264,0.9792655666986744,0.9789363868592388,0.9999929054379036
79fb7f92c0dbe55e,eabb47123081c430,2,1,1,11.4375,0.9870504018982476,0.9569186040321204,0.9561407252979172,0.9997203114766292
f74c9acdfb9d3cff,3a5f8ea88b61fbff,0,1,0,-7.0,0.3803582639820985,0.1495490308774052,0.1420720430513069,2.745812871854022e-06
e44011d7a96c995c,d0e5a5089b8b8cab,4,1,1,7.3125,0.944165523816358,0.9667200984908288,0.9650979638131444,0.9999754445889472
dc137a3095544b6c,c0d300aa3193ef38,3,0,0,-8.5,0.1156885121111604,0.0237409016668903,0.0225028742398404,0.0007063057596903
040ba846d9dfb414,a6d54e353033bc0f,2,1,1,6.1875,0.8772880381682893,0.9647857109814848,0.9659457127456084,0.9999912979135088
f887fe65c7740c24,9758c766ef7b8b10,2,1,1,5.0,0.865902559919856,0.9018657654059744,0.9010492911982514,0.9998669065715728
259751083ef91930,6875fad10d42e16b,3,0,0,-6.75,0.2016908003296459,0.2365220641750877,0.2375166194235045,0.0005605924375982
c7ce8953ff91acd2,a9ce070243ac2ebd,2,1,1,8.4375,0.9754596145577854,0.9761169709121778,0.97576716930783,0.999953232557768
8c5555c2363afa18,a99c775773698928,3,0,0,-6.75,0.1639980853632878,0.2606560002681166,0.2691850464847072,0.0002632123678805
7b1fa255395907ab,426392ea778a01a2,0,1,1,8.375,0.990115170902644,0.9913755005063222,0.9906645527090232,0.9999996703074476
d7f50a9d891f4935,9dfdd36f3911558a,0,0,0,-9.6875,0.0846610319160928,0.0480015021550314,0.0474317326414965,1.201877679243182e-06
1e1baa1122085a29,3e51ffec4373d921,0,0,0,-7.625,0.0568302367910615,0.0399547333621898,0.0412685844146976,1.8396612569331557e-06
96e96b5d7605bcf3,c62f1a0f02472afe,3,0,0,-5.125,0.4854756275267339,0.4108544194749713,0.3930861067893335,1.859531658886129e-05
1a67b0bc831f4b4f,f33e99e740aedeb9,3,1,1,6.75,0.9530596845115784,0.9853187936910046,0.9848412552996274,0.9999913835039378
122d972e8951207c,72ba632a71ff5de8,2,0,0,-10.0,0.0904242255951211,0.0528236919180663,0.0518309903406711,4.469377407814284e-05
1ceefc702cbe6fe4,1fcdabf08d6d74fe,0,1,1,8.625,0.9802341533644362,0.9780212920806272,0.9769040843143388,0.9999999721441668
b4dfc23adb22e826,ec8cb4edbef64d5b,2,1,1,7.3125,0.965676198342078,0.9508140298164196,0.9504765517079754,0.9999583623758844
ed3fb1123e736731,36552b6c2757e29e,4,0,0,-4.125,0.263240842936208,0.1628342728863374,0.1598574142384762,3.715701331643672e-06
efafb76d567ab5d2,143e3af0510c8c87,3,1,1,8.8125,0.9703623261979382,0.9690841611398208,0.9687691875636852,0.9998676536081924
2cd7b3db287c4eb8,a9c9aecb6e27ea27,4,1,0,-6.9375,0.0969821117622666,0.0417484426320696,0.0432007108807274,5.787004674672519e-07
f2257591447b08fa,58b531dc639c1bca,1,0,0,-9.8125,0.0396419466448578,0.023270906206206,0.0234022476601859,0.0015074979207412
b9a3b3fd19b1f9f9,3ca9a139d7013f31,4,0,0,-7.8125,0.0560304789368871,0.0862703205748429,0.0916018232564879,4.966886263250816e-07
51da5b084f90ce1c,28bab10bf5e89010,4,0,0,-8.3125,0.0499239724941778,0.0170195760454736,0.0169255521300162,1.2194090913149021e-08
23fee76c9a0dc63e,77f84166d87a765b,2,0,0,-4.0,0.2755679531720083,0.4660753389648263,0.4676283805468184,9.823869703437232e-05
7ae7b3c055fe31f7,55020c887ba2a4a3,3,0,0,-8.3125,0.059670701626283,0.0342831133608525,0.0350726507431309,0.0008823041669615
3842395d52f2c162,6c359ceeabc6788c,0,1,1,6.0,0.895501832054771,0.9541659440397824,0.95444396011083,0.9999993921818368
bcedc95876f2a8fe,67aa1f88e7e378c7,0,0,0,-7.1875,0.0726552026147708,0.0483444481411822,0.0489205279026885,2.697796129823919e-06
3c59f7c5ee1a117b,2e77b3fddeea067a,0,0,1,6.8125,0.982089870287168,0.9766637974896252,0.9746717007671843,0.9999997325906536
be0ada2e4c901703,c614cf992cf21450,1,1,1,9.9375,0.9434572175336408,0.9841898013977264,0.9844803095390524,0.999890125881214
ba6193928ef8fc51,93979f842c2d2918,3,1,1,5.5,0.8314316852040364,0.9121668466612732,0.9119969459776812,0.9999895043525155
b77794292a844bb2,90c7886c9aadb2c1,1,1,1,1.5,0.9033149611847268,0.8090145196081133,0.8041664260831847,0.9923533336538826
a4e76cfa2a69dcb8,f0a80d1840b9826c,4,0,0,-7.875,0.1420420212821784,0.1316724727265645,0.1275346639687493,3.173957646921419e-07
19fa804ca2913fb1,699073cbc43c38c5,3,1,1,5.75,0.9273462017840602,0.969478992111996,0.9691882336069216,0.9999784413753132
ef9030f871e41a3a,779e80f5113588fb,1,0,0,-8.75,0.067016107836629,0.0363743787250351,0.0376152340532212,0.0004220491974564
449693ef76ba05e1,63f3a9e1a321b958,2,1,1,5.0,0.7316559273350404,0.9456517928610356,0.9476409549005882,0.9999567527915548
e13f3a51dd973647,e30527307ba1c274,4,0,0,-9.0625,0.2214026887942128,0.053712446802005,0.0512616066263464,8.912692948247405e-07
332063f02a192dcb,f038e1c5dfe3c6be,1,1,0,-2.75,0.1927338719906786,0.1012727261034284,0.1046413377039783,0.0178595590343116
6c59e021e6164dda,06cf178f14779fb5,4,1,1,6.625,0.9194930653994132,0.936359830281525,0.9345765988408732,0.9999999834128888
eb739cce7626f280,d8dc6db38d86b1a0,0,1,1,7.6875,0.9575866878291364,0.981586018224028,0.9814038644235288,0.9999998864137124
4d6375bbac3bd621,06d1cafaac0b3adc,2,0,0,-8.375,0.0844289747164326,0.0912585497131937,0.089513023772854,0.0001939502907908
96d13e3c8b6480d9,535c83bd2a7074cc,1,1,1,10.125,0.972957052653099,0.9509092408684384,0.9536405108292496,0.9997790993699084
922b78823878e963,1443f9fda94852a2,1,1,1,7.125,0.886317676062423,0.9292150144006476,0.9303843846292834,0.9999875920920072
bc10d2d3bddf4c89,0848ee5860e9fa74,0,1,0,-5.75,0.220057042254438,0.7646479659365901,0.7696010098391237,6.757966769119235e-07
77b2801af42f82b3,abf35da033396fe1,1,0,0,-6.1875,0.0632967440349571,0.1116674949523321,0.1171316980085011,1.8186123906604142e-05
fc3df7f55129d038,6384214eaa341a34,0,0,0,-6.0,0.019921963994909,0.0447988102459023,0.0483061749093772,9.963952604830449e-08
6bfae3f71d0266a3,5368cce226bbb722,1,1,1,5.625,0.8521282250074982,0.9175137630325776,0.9181199993725836,0.9802426812121284
8bd5cb46eddd9504,63d0670de2701435,0,0,0,-7.625,0.0554654365310557,0.0523631940890343,0.0553246027292394,0.0002767734885904
e6fa86b851101e30,f05c01da500c5db2,3,0,0,-7.75,0.0183477875384784,0.0292140237139516,0.0299775960388915,1.1134191135518053e-05
9d5ab0cd9deeb87b,04682bf646c35f12,2,1,1,10.6875,0.990967790882953,0.9818126265935174,0.9814954566326238,0.99993921247764
337bb0f28341f0a7,8727802b6cc67173,0,1,1,5.75,0.9369368600226154,0.9758838844696552,0.9759310049903126,0.999999807102982
6dc94ac99330c938,154c275c300076c5,4,1,1,6.5,0.9067691317046366,0.9756845104890788,0.9760059739373516,0.9999999998166358
ceeb526e8a4e6639,d7799f6d273323a2,4,1,1,9.3125,0.9738912876822128,0.9834973098306328,0.9832511863210842,0.9999999678851148
525adb4330ac8ea6,a7609d1bbac25502,2,0,0,-8.5625,0.0942946183976908,0.0345377120817155,0.0325518198711371,0.0006840565557749
ea5a7ccf35eb6980,13f878e560a97eeb,1,0,0,-10.625,0.0371501822700989,0.0181311405351776,0.0184607665466056,7.346051106917861e-05
63f062e2ce6d16e6,4840c07b96e9b50f,4,1,0,-4.125,0.258499168672456,0.1238813752014751,0.1272982419734484,0.0001350776453994
8b8f529e63c53fc9,77dfc8822c61688b,4,0,0,-6.625,0.0851008311331698,0.1582743019732709,0.1615915446501203,1.4114475748639593e-05
39151c3d6dbdc2e4,696fd840c2424218,0,0,0,-9.0,0.0149436422718987,0.0103108814591537,0.0108084449757491,0.0001640367414894
bea74377a1237eaf,fcdfb9265b50a812,0,1,1,2.625,0.8855735493334358,0.8854572323968648,0.8822325398612184,0.99610126367237
adc1c67110399b0e,67da042f4fab75b3,3,0,1,1.125,0.7241028952421024,0.3104341024431309,0.3071370258895119,0.331275865727833
214e64caffcf2932,88c3d73545b2b658,2,0,0,-9.4375,0.037666139609808,0.0544981520427671,0.0552413822840622,0.0001117079015028
750cd975de5014e1,67e7b6176711e8c7,0,0,0,-7.5,0.1144708162180644,0.0324872968905392,0.0331610972076578,2.417133009457082e-09
c65ca4b07339a2c6,e4be53ad7c0188d2,3,0,0,-9.125,0.0812169766559855,0.0225662359408849,0.0230231303793452,0.0004344488140105
6c329df4fde60957,a2bc7836b71f59ab,4,0,0,-10.4375,0.058384594516986,0.0575374650719549,0.0585290028126612,5.447332721225891e-07
22b8e390d6c3a020,c6807440df8c92b0,0,1,1,10.1875,0.9691788827271792,0.9649393314832602,0.964872400784616,0.9999995630645384
22a0ba264178104d,87b9dc52a44b90b6,2,1,1,9.3125,0.9559913878994436,0.9720493262410688,0.9714262383786908,0.9998931055613772
093556f094eec26b,d3b51d9be01d3024,2,1,1,8.5625,0.9064336094738064,0.9459409479289634,0.9476117604869432,0.9998462788322504
4c6bc01d7c74a8cb,0ecd8c70fa81902e,0,1,1,4.125,0.9133898722291746,0.8726641910808902,0.866675574439735,0.9999999751293008
344bea4c10d20676,cd5647c278526260,2,1,0,-6.5,0.1067166086427907,0.2723758105800172,0.2755820531386745,0.0012163278574926
ff4345964140b06d,644b31ee27734503,0,1,1,8.1875,0.9465601084850152,0.944402934861576,0.9450580708193412,0.9999999768757104
de37c08aaa1eeb04,12b43f218221a6d8,4,1,1,5.75,0.8858989812092775,0.8399501053418998,0.8328717108443,0.999999532701268
e2b1def0d1edcd57,3986d1e526178c64,2,1,1,9.1875,0.9723774276758992,0.973661533703247,0.9739868074002694,0.999976764290908
f0de37512752644f,3de4453f76d993b9,1,1,1,6.25,0.959061320141254,0.9517145119814884,0.9505913954372912,0.9999702415079372
d2449681e84471d4,567a142b6e31ced9,1,1,1,7.875,0.9728420320859728,0.9857096798452673,0.9853033093321776,0.9999315579086264
3ea32ccf77d21833,9ffb9c99bb15229d,0,1,1,3.0,0.6196333854015789,0.4646680393062857,0.4815489024977263,0.5747178795062462
4880ee38625dd8b2,6d578e3eac138ada,0,0,0,-9.5,0.0416938301491564,0.0558163092111073,0.0588297821301129,5.684711500683424e-05
669204b31148117b,9917cb5652e3e969,4,0,0,-8.25,0.157045438899268,0.0463284785253209,0.0451992633533479,5.213960190779728e-06
dacf794d534320bc,9a4ad17b9b8f87d1,0,1,1,3.25,0.5366402926782542,0.3738439394473457,0.3922279324604925,0.996949603122426
7e910a4ac2bc8dfa,90ff4f8275463725,3,1,1,8.0,0.940391558260667,0.96521434040435,0.9661074309621244,0.9999742501686748
4289c1de5715ea58,28c54d242c2268b7,2,0,0,-8.125,0.1105690750239619,0.0463914353176026,0.0480007090142288,0.0015193767141518
0e65e6ffc84bae78,274cc67cd2ed82cb,2,1,1,11.5,0.982506701282098,0.968518094908118,0.9687563763738564,0.999743697378076
ad3927d5aa794c2d,fd18864debc2e188,1,1,1,10.0625,0.970828647218588,0.9862949738168544,0.9859019266973608,0.999766584678192
78f6234c71f81bc6,9d81da11b6947ec2,3,1,1,9.0625,0.9200782021085532,0.9469967573285454,0.9502522650426538,0.9997470100207292
0a4a2772ed9a459d,5cf2d216cde99be0,2,1,1,8.0,0.8558815480064426,0.9665918465872846,0.9670726497601854,0.9999556090331958
1d4579c179f179a7,353900b6bb5b0e8a,4,0,0,-7.0625,0.0209746295047026,0.0224944594861584,0.0233885541825553,9.680009003271088e-07
a4bc1c113cd09131,c6bada2350bfec05,1,0,1,5.125,0.7898420159559901,0.8294775959294708,0.8355826684947495,0.9997100506890696
da14137c33f6aab6,ba8b85b3f128ba73,2,1,1,3.375,0.6851421081154645,0.529775416957001,0.5273899828583939,0.9841325018301124
25ab2b9d051acaaf,32c49498a92bc062,0,1,0,-3.5,0.1642800705096802,0.1348992665829877,0.1418195319952665,0.0169449787217237
50f590fe176b3b73,5ebb8db6e8d26b40,2,1,1,4.625,0.89182125857001,0.8740957752277686,0.8730718213775315,0.9980875697045004
737769134dc0484a,15ef4b5e9895ced2,2,0,0,-9.3125,0.0865809025260409,0.028994609628392,0.0284082882245913,0.0001928501199288
97a3cb79018a95fa,62c12372f4bec16f,4,0,0,-7.625,0.0444442971297203,0.0307010934750929,0.0310040140311238,1.3984245038222558e-07
26d47e14f3af5ea7,4ef472ee54557d17,3,1,1,8.1875,0.9246772231866472,0.9615974542684496,0.9605201301400732,0.999930223278968
79f6a8ea3211d9e4,8f77541f9715a858,4,1,1,9.0,0.909891280852253,0.9675211129167997,0.9685570282602214,0.9999998770599584
6eb35ed48c841a79,fc8af2ffa71e1fd5,4,0,0,-8.9375,0.1205709285443528,0.0404894700957598,0.0392666370336176,3.5591757316810344e-08
22f1cbbe54bfea6e,30d693b004c26a4d,0,1,1,10.625,0.9895101415020244,0.9917964920156264,0.9916068128840692,0.9999995164491752
ee8df202365298d5,7fd7be1950ab58ae,0,0,0,-7.875,0.0681516160131487,0.027255722382268,0.0274933026986693,0.0003271430289953
5465f5fc423ef07d,added69dd056f663,1,0,0,-3.5,0.1105547172027562,0.189981724026674,0.1949063895268328,0.0401014052504634
2a8e077d83cf6299,29d7fb3fbd90ad82,3,1,1,7.5625,0.9463972164606432,0.9296368851088834,0.9295423587929864,0.999979987015836
32c4c9bf8aa779e4,804164e8a147200f,0,1,1,11.6875,0.9884086755812326,0.985540569636903,0.9854162944119148,0.9999999673443694
e9c3c6630bbc1670,380bbbe6de0f8abf,2,0,0,-10.8125,0.0328297010267501,0.0244119778939153,0.0247315139270134,1.669826215046413e-05
3c3e30ff58238205,87d381b680ab4a40,2,0,0,-8.25,0.0441465174410313,0.0428923101694263,0.0431354206912929,0.0006668753101094
a3cbf077beeae073,3bab1640af33b04f,4,1,1,6.4375,0.9238473460114732,0.9706724962825714,0.9713887019393542,0.9999999471111168
0318b00c39fb5516,28888c125f82058f,4,1,1,5.375,0.8074125964665138,0.571223715758942,0.5819805916306175,0.9999989903834632
dec73f4c86e5c8bf,2f29bd450dcaaeda,3,1,1,5.5,0.9121234523466952,0.941544322989154,0.9396361137323488,0.9998818983184
3f54e450fa412e3b,d01150e795981159,3,1,1,1.0,0.6731434397977398,0.3561236696513983,0.3465287909917584,0.9023160259280304
4cab21bcde61d74e,5072cf78c8b7e921,3,1,1,6.875,0.9085028136218622,0.92109681197978,0.922126930348698,0.9958232209179544
06499c4f8d4ef264,bd52776c18579a57,0,0,0,-9.3125,0.0095555549140719,0.0195447799897921,0.020997782659921,2.7395245444485072e-08
1daaa35b5e3f7977,a9962c5c28cc0c33,0,0,0,-4.25,0.4197147025528234,0.4224577429090946,0.4203084049200805,9.363536638906172e-06
0fd24232e5b20c66,988d7909bffa7d79,2,0,0,-7.4375,0.0330286470644114,0.0544783361854611,0.0560593517930303,6.61462001578074e-05
0a55900acbc8d562,0ce82ce9160402b1,2,1,1,8.625,0.975063431399182,0.9696881452643428,0.9690700017986474,0.9999498747384412
9cae075c9483316a,dbbd75784bf0f183,0,1,1,10.125,0.992942087247553,0.987687819551932,0.9872914047489032,0.9999994928265687
2d4bacc5221fbff8,043c5a4b6a426ef4,0,0,0,-6.5,0.0458804443499025,0.029714130904803,0.0309805821206331,2.2350530631485698e-07
1b495a8c548c5910,808d3e6a0440ca96,0,0,1,4.625,0.7375055170734072,0.2726845246537129,0.2653766817968047,0.9332487161394032
e10d1eeb6d1a91a9,84f0b3c42df6f89b,2,1,1,7.625,0.8508044266905931,0.9686953949694012,0.9705762039077016,0.9999514340200806
ec16729e628aeb3d,5022c22cf589e098,4,1,1,5.25,0.7689613155347333,0.9020884683592726,0.9040244114347966,0.9999992789731792
7a2a73a6f6bad02e,8f9dac0dd54b7ee7,3,1,1,7.5,0.9072645701726154,0.9715567903125756,0.9725817946128232,0.9999595129709764
77d0f7ce2c54e835,118ef4ff668b50ad,4,1,1,5.25,0.8641087085625756,0.7475820024293982,0.7502106746699351,0.999754498951881
e5d0edbccdb18cde,135b53b51b116ad3,4,0,0,-8.75,0.1598171479472265,0.0203555036417359,0.0202051292851127,2.6841881318271204e-06
b821b356d1e509cc,e214b11c22e6f31d,3,1,1,8.1875,0.9597844046486774,0.9669881262686708,0.9663852400453944,0.9999509026749864
893a402baeface26,e2ca1d1206a223a1,3,1,0,-1.0,0.2085251400980317,0.254171720396472,0.2667616378190985,0.095925564602525
c4eef3c479a01aa9,0922e79c1f21f562,3,1,1,5.625,0.8652865820743513,0.7887288081398489,0.789747415568953,0.9992172725885422
888757b2b3158e6d,c507bdb8714f2c20,0,1,1,6.6875,0.9838824745571364,0.982793554086304,0.9817664622194832,0.999999991320783
46247c847545f1a0,7f6aa1aca4241bdf,1,1,1,3.125,0.936910910786463,0.6870179260465795,0.6809462203152732,0.9742603159611548
6a08ae151736ca4e,161a631514fd1549,0,1,1,7.625,0.9856001508769374,0.9957696292476486,0.9955247035369752,0.9999999604260976
b704ad1480afeb28,73c5267944aebe60,3,1,1,12.3125,0.9911953830911302,0.969581454773712,0.967852782028015,0.9996756921820004
5371c4d10e5ff397,66c572f03ddccb4e,4,0,0,-7.75,0.0536177368036455,0.0314831572453201,0.0331141483506769,1.2013837255151744e-05
dbafbd2736dda4aa,fd883d481b08e26b,2,0,1,5.0,0.9359400580616284,0.8280044910177605,0.8247605109609574,0.993839284316266
2f3412eea196091a,a4c25aca3cac0701,2,1,1,7.625,0.9520621828809716,0.9817095690440248,0.981923700067992,0.9999962925860488
3ffe9b5f3ebb068b,d5cd23242b86903c,3,0,0,-8.75,0.0105369398829171,0.012176522141849,0.0131243128275472,0.0001925969137396
842cabad0bc84a5f,2c58d473b99a779a,2,0,0,-7.875,0.0285675470377153,0.0129803466430495,0.0132129631153418,5.7919283325473135e-05
6332494304d3a5b8,4777c0a7bf211381,1,1,1,7.1875,0.9331297778388914,0.9602829583916724,0.9613440069629454,0.9999772242604076
b7a906efe279450c,36917d1c5f657ecf,0,1,1,6.4375,0.9749831427815632,0.9629816312488664,0.962112107357455,0.9999999985883156
c917fcd9ba743313,583e553dc3148acd,1,1,0,-3.75,0.6329808637703859,0.8546605344287367,0.8476952937094774,0.105014732649923
ab8971da73f2dd66,f2c32ce1fe7a967d,2,0,0,-8.25,0.1729530949161776,0.1340106921786649,0.1312568829101796,0.0001492817461918
651b810c5e9f30dd,73b6af2b937cf1b8,1,0,0,-7.0625,0.0298548990235445,0.1657806010454672,0.1724448157369938,4.104701834035241e-05
e82166aa69a2df6f,8b228f742a7e8569,3,0,0,-8.375,0.1221635286608361,0.0586597667563014,0.0568729929919089,0.0006529880264571
9e5bb778d9e2a40c,f41181dcff4e2a20,1,0,0,-8.0625,0.055848966231343,0.0362099203854029,0.0351624387905049,6.37599999018276e-05
b205984564048a75,2f0d6b24f6ee863f,1,0,0,-11.4375,0.0449540471281957,0.0359143520732048,0.0363549938372583,0.0004515967626626
c273cba29673bf03,9dab093b25c9c948,4,1,1,10.1875,0.9648590821463122,0.976074801582872,0.976136233315667,0.9999998975602672
65e1ea51e7883a50,4c31cf0892dabd10,2,0,0,0.0,0.4251804218856886,0.1085556572959383,0.1098975662309395,0.178056005455206
79392ed8fb953279,6866dd16229470e8,1,1,1,5.5,0.8626640902615121,0.9480128884358568,0.9476390763040724,0.9999419937168992
8ffeb92e06cd72a3,77607a5bdc9666a2,4,1,1,7.0,0.9743115846387562,0.9830978748898348,0.9819623263664584,0.9999971918644764
fe08b64342d059ab,4d3a020f6be56c23,3,1,1,7.25,0.987536037726406,0.9766310586254972,0.9750868291070356,0.9999849622363362
1d435342cf768d1a,2a0e2f7869af946d,4,0,0,-9.4375,0.1240477171608269,0.0660168098268545,0.0634461578320479,3.018568860071169e-06
b10f443af5aae361,907d12006ec1c0b1,4,1,1,9.1875,0.9717806398526118,0.986252848243174,0.9867711781077344,0.9999999965281324
139797d7cd512327,50f28e79dae4890b,3,0,0,-7.75,0.0265303108879324,0.0279195890489397,0.0279260079603851,1.4419176339765908e-05
f13bdc2d6913b095,4cfef0c06fe52f81,0,1,1,9.3125,0.949661514152825,0.991394754237632,0.9914280381631791,0.9999997449491054
c2a953347daea507,bdad58aa6feb6b0b,1,0,0,-6.625,0.0416801517930359,0.0374214857041903,0.037474366279646,3.6174834560269175e-05
aa0415994472e2f8,890d6886f1173527,0,0,0,-10.3125,0.0165044308098566,0.0453906688456095,0.0476458601954052,1.7096362578216872e-06
1c7654caff9f4384,6866dd16229470e8,1,0,0,-9.875,0.0702535955376811,0.0172424389119325,0.0166444027674252,0.0008315700102474
9adb277341ba724b,776ce0ea86508203,0,0,0,-8.1875,0.1608413860137118,0.143479703728369,0.1454562754066749,2.1891376369109235e-06
a458715dc7ddebfd,4baa591eebd85597,1,1,1,8.3125,0.983872558783471,0.9819607649673588,0.9804758534059742,0.9998559191145692
17153f8025c546fe,cbc2ee5a033a75ab,0,1,1,8.375,0.9937857192053924,0.9695827610902236,0.9662392927402444,0.9999999257965342
c9bf5d10dd0166c4,fbd5afa5a56a368c,1,0,0,-9.0,0.0442042412378011,0.0203313326521145,0.0199634064964599,0.0007879388866296
aa1920bfc4b52be8,34064dcbf4349fa4,2,0,0,-10.0,0.0333081340810241,0.0389125306288839,0.0404345061591728,0.0001122649239396
60553934cd6135f5,6957172b7c6ad9f2,2,0,0,-7.1875,0.1779923031681776,0.2678064968998058,0.2623590710699532,1.0034870248011071e-05
2bcf7b994482d17b,c3de3506e17e8054,4,1,1,3.999999761581421,0.8438314612949841,0.911830611601725,0.9113743962822324,0.999999283035934
6e5ad5c48bf2f0bb,b73e304fa95ea7aa,1,1,1,6.75,0.9174933274752696,0.9212815529806436,0.9221919251904128,0.9998839390175432
b8bd2e1343fc5400,fd0b2393e02996d1,1,1,1,9.5,0.9897888925272478,0.9845771256148388,0.9840455702679862,0.999972502181013
745f036cb6c6b746,ded331c8e82a0814,3,0,0,-3.875,0.2673451300294681,0.5772687575983421,0.5798171663312677,0.008630395771815
aa0bee6debcbd029,1d47b35e85ed4bed,0,1,1,6.125,0.9493634320645672,0.9633124279456268,0.9629926477067356,0.9999999741140028
a4c47402bd7371a8,a519d575e36650e2,2,0,0,-9.0625,0.2560512090522046,0.018110344591153,0.0159797616513805,0.0003077336380468
f9586e4db2916f5d,b93b1941368b24da,2,1,1,9.5,0.984323055991361,0.9876969388226016,0.9876097582327324,0.9999170795586202
6b552527eb3f3354,0fa54ce99c8c5c2f,2,1,1,12.0,0.9682848468059622,0.968509795813674,0.9696044356264518,0.9997339078840778
a0ad2647a9002bfb,29a7ac67d7b86680,4,1,1,8.9375,0.9931516876655664,0.9781756370066258,0.9767276107832904,0.9999999948019084
d55f3f065f8c1f97,3c35507874126547,0,0,0,-5.5,0.2399279102802502,0.0874347879307427,0.0845566451456482,2.8395069983155086e-06
75451858bbdf90cc,4a702dd17c91bd5c,0,1,1,10.8125,0.99383917934174,0.9822105932984646,0.9811040795229694,0.9999996943083642
224a02b32a0af981,a853b0369fad744e,0,1,1,7.1875,0.9559339429775656,0.9663883021336456,0.9665567266878892,0.9999998372134464
a845b96683800673,23f98caad279d07a,1,1,1,7.75,0.8480259625896044,0.9605479265837704,0.9620742848143288,0.999911893325241
d0f33a332819a8d1,29205a48797e1aef,1,0,0,-11.25,0.0311711482966208,0.0231571470408416,0.0244705713449398,9.867078911485154e-05
f72861ea74355e94,9f47b01f967d7f49,3,0,0,-5.875,0.2343762606946625,0.0538041464060707,0.052284143625113,0.0001788056663563
7a55d0993066ad10,6c538347dae59868,0,1,1,10.125,0.9722538500920822,0.9870341458263148,0.9872473067338676,0.999999903395498
5b2d850b00661717,7f9d6a3daf0e45a7,0,1,1,7.5625,0.8805323588310384,0.9658263958432364,0.9671697747449964,0.9999978019707904
fd273cab54120e80,5e6bfcb4cf6530cb,1,0,0,-9.4375,0.0300353122048526,0.0139611236105342,0.0145003548744849,0.0012170954642445
aa2c88b2f8f7eed9,deae997ce726da97,4,1,1,9.0625,0.9856558614356414,0.9832325559385084,0.9823680919294296,0.9999907917126548
7f5e3d7512bde154,83d40531b002766c,4,0,0,-8.9375,0.094356570593862,0.021943855416295,0.0216662684252193,2.1632679855584206e-07
717f83ee2fff11b0,e8f00ea2d8630953,3,1,1,8.0625,0.9832785352387976,0.9879435707471896,0.9877815030124012,0.9999367139894784
fe35063c7ee008eb,af876b1dc35f1da3,0,1,1,10.625,0.9898902457222156,0.9843831960079616,0.9841611103141152,0.9999998259060604
e3be382d336d4593,bd948a2d94f7daeb,1,1,1,8.125,0.8576037694257644,0.9708885616006548,0.9723396674091936,0.9999649319697748
28a311ff58a6e15f,b7d85c002d8cea7d,2,1,1,7.625,0.9562187938319248,0.971740504362691,0.9719684347245652,0.9999182771939102
2dfe23147353fbfc,3272413be5cfaf07,1,0,0,-7.6875,0.1034508220872009,0.0541125656524241,0.0547115595180604,8.562239167226617e-06
1dbb9dd6fd9abca3,99ed0f9c0efcef66,2,0,0,-8.9375,0.1168024425870105,0.0482432877879839,0.04625204822461,2.6385468061665407e-05
f5445534fc40a107,5bcff8abb48b54c1,0,1,1,7.875,0.9190901987969652,0.966302666282738,0.9660088797738352,0.999999817472834
3af4eee85b7301be,c02b5ea60aeb7df7,4,0,0,-8.25,0.1144722649639488,0.0347377264277555,0.0339851009533106,7.266726131656405e-05
6fbe8b1d320e782a,15d758e8867ae89c,2,1,1,6.25,0.7576463337133502,0.9648572347053492,0.967316374868649,0.9999971783158838
367290274fc3ea8e,3e3e7cf8e338b892,3,0,0,-4.875,0.4093951129704209,0.5490524690736892,0.5435284655149817,0.0465546653363263
769a072390c012b6,8a91aaf2045adf27,0,0,0,-9.125,0.0383164824498867,0.016377825357596,0.0165689583943236,4.2076373523240585e-05
378e1ab34c74f24c,b7bd9f52bf91ce52,0,1,1,4.875,0.9532011763255228,0.959100650945649,0.9568313472421316,0.9999985906586224
c914b35cfb5e0580,66b4cb96db91b8db,4,0,0,-10.375,0.0292138354159869,0.0312439554230664,0.0322299963061449,7.469918330142759e-07
654cfd59f5451c20,3ed74034e00010f0,3,1,1,7.625,0.9793404996033952,0.9806112000111477,0.9801279772346564,0.9999900006180408
f1928bb0bcbf93b2,d455ae4e30adea2f,4,1,1,9.5625,0.9792483515858827,0.9678232937417692,0.9672479652044772,0.999996475424145
0f0c3531bcd2c46c,2065cbca68c96146,2,1,1,11.25,0.961966880514967,0.963427158494181,0.9658947208162876,0.999769919943189
9ed2205f5bc4e328,d15fe646d799f230,0,1,1,8.0,0.8862258833358198,0.9573071106610606,0.9591445891078132,0.9999998582021632
b7aaa4d9403619a4,0f55c910842a2aad,3,1,1,4.375,0.7828705893734309,0.5869058511656042,0.5811151844990048,0.998538200068403
f2ab1e08ebc3a3cf,10496d5e817eabf1,0,0,1,5.75,0.8439749856461131,0.7746499453157184,0.7724444538711684,0.999999963006548
ba04dd67fb09c3da,147549cfe30abbee,3,1,1,8.25,0.8879638194047178,0.9886744905037816,0.9891407945379668,0.9999865695294974
3b17e958d60fe5aa,229ee8604d12b347,1,0,0,-8.625,0.0535631142270658,0.1055529967471641,0.1079328519856064,0.0002755809669094
9804a758bbf18ac5,cb7cea59717a8efa,0,0,0,-3.625,0.3871576270562515,0.2654070790311789,0.2534100264979605,8.000946376113927e-06
44a4357427f805b9,df350940a4c633c0,1,0,0,-6.4375,0.0333246399876237,0.0365108869279861,0.0369248564489195,8.049374277347842e-05
9acb8b66cd6ed172,3ff5b3bc56016901,4,1,1,10.875,0.9795184842761444,0.976838247383825,0.9751819841542532,0.9999976888511174
2b25a51e4f42a81e,f3134cf582a1d873,4,1,1,10.75,0.9698180820583128,0.978530875855753,0.9788110808455428,0.9999988279956136
69585d082eb43804,5808e70c0ddc9066,0,1,1,9.5625,0.9579914588810868,0.9856835416082868,0.986144615919275,0.9999999719746376
e9e403dc02edd414,b921ff472cac694e,2,1,1,6.5625,0.8101630400884084,0.95266869041568,0.9543673149186728,0.9999648588398272
11db087837266068,966595cabb7f4f9a,4,1,1,8.125,0.8873273336870178,0.9587491926269642,0.9603069771085612,0.9999999646012756
2b5eef24a2331862,3c03c1b756592520,1,1,1,9.1875,0.8352458989777637,0.9505610256133956,0.9521487306154456,0.9996503748158913
d9152ddf2b8b9ebf,8ea188919ccfea43,2,0,0,-8.4375,0.0766231160400918,0.0295807513580375,0.0292310814028394,1.922381928365094e-05
9b80133782979572,3a8add87583c585e,3,1,1,6.5,0.9045185874034328,0.9658620223725762,0.96642137736302,0.9999982072676727
da3b0de5587ec5b8,2b5be0e58eea0f38,1,1,1,10.0,0.9879219599374652,0.9893603026751192,0.9890066655984848,0.9999825883574588
dedddc2603e8ace1,d4bd09c82b496259,3,0,0,-9.3125,0.0518963984256984,0.0208291070098113,0.0207057040564436,0.0003274688847839
f301e5918b7ab4c4,ee4afa97ccd69327,2,0,0,-8.4375,0.0392317918232759,0.0386132303554983,0.0399834970502711,0.0001555567408503
580a9ba47583b76f,ee7dbc5aefbd3dec,4,0,0,-8.25,0.1713178461350885,0.0326190680278171,0.0313280327085531,3.67753215387787e-05
690110a1d49cb0d5,8bb08ecef38e6836,3,1,1,8.0625,0.9677576603805778,0.9831912545907948,0.9828427759367248,0.9999861309425316
74da994ef204ab40,ba1b542cb3d9a6a0,3,1,1,8.375,0.9475880311530644,0.992251574597458,0.992198602437356,0.9999828784164928
5e8c9e270218613d,8c572448417601c5,3,0,0,-8.125,0.036293714463037,0.135207647387806,0.1390132914113381,0.0122797526467125
eaede7c8bd7baec4,a519d575e36650e2,2,0,0,-10.1875,0.1471103669190693,0.0227614189121753,0.020929852376778,8.249982254063062e-05
f7c1b6afdb4fc375,1537c6528b465def,4,1,1,11.0625,0.9889469846699386,0.9861056300940272,0.9868015021413804,0.9999983328948372
952d57c4d01a6abb,bd52776c18579a57,0,0,0,-8.25,0.0518311170235269,0.0331440729823437,0.0338845605698975,8.15807659149673e-08
4ad8dc43aa5b94a7,88deff9883fb0d0b,4,0,0,-7.999999523162842,0.0898600107183852,0.034040925021269,0.034255025365359,8.905413933596006e-10
257ed7d46f3d3ed9,9377f779d68074e0,0,0,0,-8.875,0.0299196786206203,0.0164179705286936,0.0171926918437411,2.9292790554482477e-06
450509f04fb1075f,179140b73be50a15,4,1,1,3.75,0.8348721654827544,0.937015298901973,0.9352005772758024,0.9999941895075608
563241d278a89e63,31fe533b3909b80a,2,0,0,-6.5,0.0362395812133653,0.0323383217191541,0.0326555195657199,0.000171499121624
81e5e6226f88501e,eaa832db6903c076,2,0,0,-7.9375,0.1150482965484171,0.0238790834418251,0.0229089319235206,0.0007039520187264
f931c65a58b6b46e,11fff1093b965e9a,1,0,0,-1.125,0.5595033653995273,0.263176127580768,0.2615111447301769,0.153941369676034
a5fd29d4a4518216,56b427ecef87d829,2,1,1,8.75,0.9245296588246382,0.9426198896545676,0.943239933431217,0.9999168465696332
7d200d9fa596255a,8c7843d3e2a9a27b,1,1,1,11.375,0.9891684111596084,0.9830644451263284,0.9825425543395312,0.9998082957701586
c14a58e8b8642940,a2ac6b712e5f359d,1,0,0,-9.375,0.0379646513144168,0.0187726552410804,0.0190633337171052,0.0006542667402967
a1d5bb914b1f7423,2d54b4a67d33e490,1,1,0,-6.875,0.248152419663514,0.3793106929016323,0.3731164194614944,1.7219472985718777e-05
cef1a8782c03c1c6,485373b9d3133963,2,1,1,7.0,0.9283323348755776,0.9179632412465478,0.9177878761553,0.9999838376252496
f5789cd839841468,db67dd8299a8c82d,3,0,0,-9.5625,0.2069108743534254,0.0801836808123215,0.0796605322715464,0.0041653598008749
ee5034525a204ae8,baaaff3f5aa3f80f,4,1,1,10.6875,0.9468202191517526,0.9675130107457246,0.967790178651493,0.9999996164854208
cd3d5bad8d40eae3,f176e9a0cb42f7c9,3,1,1,8.9375,0.96037343896245,0.9584369611316804,0.9569105295839768,0.99960662408065
ccbcd38070e08d79,cc03869e44b8d208,4,1,1,6.25,0.8992845945732175,0.976328417848866,0.9762608869373184,0.99999986995979
a40b5f4232592f15,8caa1d051c5eb56c,3,0,0,-8.5,0.0848170083696032,0.1200661752904791,0.1249450752870158,0.0001370183098083
67cded46fe3568b3,65a6d1f1b63cf59e,4,0,0,-9.1875,0.0237448145920501,0.0139229692136295,0.0145428508308052,1.387336445569632e-05
b3fbd7935938d6b5,0290fbcbbeb61cae,2,1,1,8.1875,0.949525443755988,0.981066712139378,0.981887137339764,0.9999874913508487
561dbd9bdcb62be2,b52d6fe8452f4d0c,1,0,0,-1.625,0.4260331476249571,0.2903704393097475,0.2868698891678743,0.0861613782980108
f66c6d8b5315f285,a87354407ffaed8d,1,1,1,10.375,0.9655033619664348,0.9808741423951624,0.9815373451397296,0.9999758394053626
974a75924097563a,0c13ffa8759ae61d,0,0,0,-9.4375,0.0707778457326879,0.0196127995579171,0.0191032346166598,3.2572438905618595e-05
f076130786a582d3,d787cede5673838b,0,0,0,-5.0,0.0649096840601933,0.1587742735383889,0.1699336438939121,1.39810834150585e-08
9ac9a43650e73016,56d3b9e49c5d5f5e,2,1,1,6.6875,0.8878299961847717,0.8519654043760512,0.8517524012391734,0.9991073916148264
6dfcaa76cd0ef700,abdcf81f7008dec3,4,0,0,-10.0,0.0822438635033875,0.0302307815453941,0.0298751093176237,3.817390564027812e-06
e4969d5b24b273cf,92e461b341760c20,1,1,1,10.875,0.974416638794696,0.9802323150348352,0.981017276214517,0.999786557139094
a8a532fe0df26b19,eefa5028fbbe4065,4,0,0,-9.0625,0.0628398688523975,0.0316964188677757,0.0317269637385138,0.0002114723804264
dbbc318e3bc3eeba,93a0055c41b9e000,2,0,0,-9.5,0.1413525201690947,0.0401135554036126,0.038517606736395,0.0001486454172114
228604a0bda31910,63f3a9e1a321b958,2,0,0,-3.25,0.2329816069186209,0.3018437709018567,0.3026947472388547,0.0056602872053934
f6bc8bb9f65b92e0,4d0a227a4f71745d,4,1,1,11.25,0.9811011761269732,0.9621347961953838,0.9634225395938824,0.9999916558381564
99c7c19ad5489d8e,2eb15dc2f37767f7,1,1,1,10.375,0.9830522840887926,0.9922834889695182,0.9921045941906876,0.9999377252801772
fd3c731654059bf9,749cdba8d861f9db,2,1,1,12.0,0.9979196736652632,0.9761638211077288,0.973989545855964,0.999381315910806
ac2aceaf928a1584,aa156d03ce6a735d,0,0,0,-5.5,0.0989992010663726,0.0464143348566117,0.0462645263497412,4.495687519362713e-06
000976a2747a6948,6a601b57fe588708,2,1,1,3.75,0.853052720885152,0.9057799883868352,0.9070328075814394,0.9576005953141647
2afb83d2f9f35297,938413580bb1c855,3,1,1,6.5,0.935621509109014,0.9756203410589396,0.9756594992155104,0.9999958509617982
89c4ab85e939fe7c,5647dffa03ee11f7,0,1,1,6.6875,0.9658092460790672,0.9379566823983028,0.935661941667063,0.9999999523397068
a989d68039fc17ec,c27910b721b33de4,3,0,0,-9.0,0.243943709018478,0.0279236716352219,0.0254088631404348,0.0013993207271396
a173e85333e44bbc,c5bbe8cd3baa9c71,3,0,0,-9.375,0.0864584146407511,0.0210544081021182,0.0200648474832073,8.478000156185995e-05
0a9658849673a299,f61de03f85c3d2e3,0,0,0,-4.75,0.1782838941539269,0.0496236167496034,0.049720402188137,3.381048055575364e-05
36400de0a8be65aa,d2c3aef3d9acab88,0,0,0,-10.9375,0.0694880722357486,0.0218359860341807,0.0216171287054335,2.8067922389027e-07
89b10b392c8c3a0b,4f825b8dec5dd6e8,3,0,0,-7.25,0.2211836349356842,0.068455063786458,0.0682358496976407,1.8340865331978668e-06
c1373893b9c4b687,d9951b3583e6b958,1,1,1,6.25,0.925805640180494,0.9372764578873568,0.9384320042548456,0.9999504289309606
99e7dbe65b892eea,861e77996dbcadb9,1,1,0,-5.375,0.2123169549581516,0.2200745925766971,0.2104635227614039,2.60539287443746e-05
08b118423e86f814,800cbc0018057795,0,1,1,9.8125,0.9892168110141396,0.9684868362685908,0.967067223730176,0.9999993075612198
c8c79788a68c289f,25245f7cb03b54c9,2,1,0,-7.625,0.1740526724546337,0.3687841431103565,0.3637240282569772,0.0131611825995169
db345a4e38fe2d2a,3d45b7ed448cfca3,4,1,1,9.6875,0.9724639767758286,0.9618666102922786,0.963103923015097,0.9999987329873218
6970f4611db5a8fd,a4b4c406deaa4450,2,0,0,-6.375,0.188021433035466,0.213056402920703,0.2196616513492238,1.6629299733826754e-05
8d257a7ee2f30d6c,5ac52c6a204f6589,0,0,0,-6.625,0.2560308475050413,0.1666902230895336,0.1689631002323961,1.3011337746048348e-05
9cf7501d2ea13b46,6afc915c8c941fa6,4,0,0,-6.8125,0.1692418964507455,0.2354973352400091,0.2361889766607085,7.921214097213143e-07
f34bf62bf58e84f0,74dac8973337cb67,0,1,1,8.25,0.9049139017654632,0.9745712548483134,0.9749682850460192,0.9999999855491412
c26a34a26189fa01,c251e31284b3a371,2,0,0,-8.875,0.123395086576315,0.0561355462671369,0.0546813585733649,0.0003284170016983
b6e258f934f8bccd,98a1bb85700646b3,2,1,1,10.8125,0.989915837086378,0.9824478724796638,0.9824721914158152,0.9999312232847996
80ff240621150944,6e3daec596190e93,3,1,1,6.75,0.9803171400630868,0.9872111825891364,0.9866772999087826,0.9999937533351424
9928a4683f04dfcc,d2a2a45bc467882b,2,1,0,-6.0,0.3654016720761156,0.5597743415267313,0.556231535242873,0.0001147560324711
a1e8b623454c8d95,bc4bb93fc4b8e5cd,1,0,0,-6.875,0.1082698806795094,0.0665896016190664,0.0669891544972532,1.8479164654010905e-05
58176b657425fecb,e9d806eef73d3641,1,1,0,-7.75,0.1254305457226228,0.3378176205701035,0.3335988713955683,0.0814946656124018
c402b48372c0f1cc,696c42f73b015e0a,2,1,1,9.1875,0.9703841041881296,0.972967979953477,0.9736891363111182,0.999988719009488
55805f1ef46d3f79,77f9d32e0e023713,3,1,1,9.6875,0.9764940443572314,0.9721518338836288,0.9716629080952458,0.9997672038122748
26e5b16ef03557f0,76c6931b3b857fbd,1,1,1,3.625,0.6153439084201621,0.9408050202044514,0.942374186112948,0.9998707687963982
2827240f7fdfaa64,8bf86d5e13260708,4,0,0,-10.0625,0.0467300405543303,0.0182959499743026,0.0182788396653831,1.851121821833976e-07
b272a0611c0d02ff,05e2cea8e0a722a1,4,0,0,-5.25,0.168427749149531,0.6224558738639504,0.6304698246502421,0.0010217926546248
54e68b0c9f43e52d,f061aba181826661,0,1,1,7.875,0.8879978866068328,0.9774298467897335,0.9785543898641748,0.9999995161730266
c8259e86da1ac129,aee97ea2f390af2e,2,1,1,7.75,0.972527680318504,0.9509783596121952,0.9485994094773624,0.9985670401915472
b3b05f554ac37bdc,3fc855d15df17280,0,0,0,-9.375,0.040834515751852,0.0282174002947777,0.028825729100404,6.134783013922419e-08
e8bb5b48cc52d94e,07a037fbd228d4b6,0,1,1,9.25,0.993658985373848,0.9921716078509324,0.9916591835368388,0.999999846711712
729b66d232dfc3d1,7413878ce3dda2b7,3,1,1,2.625,0.8969149908773153,0.9499677456667156,0.9484943693807812,0.9715251785515628
1aaf2bc18efe5e2e,b3ad6bfa5511077c,4,0,0,-8.75,0.0573941861399518,0.0446922983777583,0.0442048121528704,1.1917095449643129e-07
cd3c23d464f13024,0c5a4418206a976b,0,0,0,-7.625,0.0375911614056885,0.0452896774660734,0.047272942022916,4.1253439216525206e-09
d2a545f69cc7d5f4,fdc5db480a1be997,4,1,0,-7.875,0.0612560849733675,0.1323452750068306,0.1362031730344525,2.7000200993387024e-06
834ac3ccd83b08d5,fc6820081e9a4e90,4,1,1,7.9375,0.982441933250086,0.960461509911798,0.9578245823996804,0.9999996571085766
d9f678d648f3462e,67f1fa0751ddad08,0,0,0,-6.5,0.1565714631484012,0.2105395091065928,0.2104644732338808,0.0003391810724279
96a6ed4c2c138efa,21a3eb552a0c6f87,2,1,1,8.5625,0.9133257533231935,0.9527523830159194,0.952360308504823,0.9993872587339798
20e029534b042714,3f9b27f6f1a41b14,4,1,1,6.8125,0.8813329963196546,0.964633266226624,0.9650943993252252,0.9999998150639596
488f2f63dfb4711e,03dc93d8d22f60c2,0,1,1,9.8125,0.9704361137043738,0.9891271476140924,0.989431494362932,0.9999999793413245
9ad49e86f6a9aa7c,5e3be3505c33deb8,2,1,1,5.625,0.9384244471828695,0.94809610828394,0.9468273213280772,0.9999678143145904
169762786354900d,4e056e20683d22ba,3,0,0,-7.625,0.1065543038690094,0.1108121432219617,0.1072814075067084,0.0008169059879001
7b239ee238fb8684,93f4bacb0b67c011,4,1,1,9.8125,0.9700928392561252,0.9816933617394764,0.9823402329828164,0.9999989470047418
816bcf46cf7899c3,9df5c5d6253aab00,0,0,1,7.375,0.9128501154773988,0.956729176424635,0.9562555506030882,0.9997621967331928
9df526cfa3deec09,1e1197f99ae50043,2,0,0,-9.75,0.0492383822857499,0.0298600923402501,0.0304604965859612,0.0003275862596849
f1a2d81eec298de4,fddb5d27af03f416,1,1,1,8.1875,0.97933984629379,0.9803743486530838,0.9797349404254658,0.999993770174288
b74ab7e1cd0962c6,f2e3ab70a40b0e35,2,1,0,-3.25,0.2199220031581922,0.3369079073931769,0.3391341855132357,0.0700607320480535
18a6359fc85b5e70,b645c426ca8fcbee,2,0,0,-10.25,0.0663756679776089,0.0161178331943927,0.0158468308259795,0.0004059555107298
4bb8f340e66c7ee0,dae48bc2ccd8d3a6,3,0,1,2.25,0.813083433866476,0.5832940402531854,0.5793930180188991,0.9887802913451982
1fde1cb9b467c96f,c9ebb08db03a7d3d,4,1,0,-4.625,0.4692251582321236,0.235322876244053,0.2363049624218793,0.0001667720378115
4c1b95cd816c50b9,702bbd611c0473d1,2,1,1,9.5,0.896099592683183,0.9586285834822252,0.9602321788317308,0.9999201779408288
82b00905d6379916,ad73ab49b9b7eacf,4,1,1,8.125,0.8475353843415879,0.9427163704406716,0.9430363426425332,0.9999998898114498
2fad1e134a174028,fa6705f06408262f,2,1,1,9.8125,0.981571522067092,0.9598207107777376,0.9596127705409369,0.9998564726775812
ad4ef240c649546c,3d3d433d498ee47c,2,1,1,9.625,0.9811420277764844,0.9719459927457116,0.9721889554426828,0.9999302412800004
9365dea17c7de1ee,cdb0a4bae8eb08bc,0,0,0,-9.75,0.0133378308648371,0.0333472006923018,0.03500483802701,6.566001259369216e-06
8bfe8d6a2a760c41,1b9c9c619b224fa1,1,1,0,-5.625,0.3706478572638616,0.6253477207592071,0.6136406222408644,0.0004880342932499
b8ff4af5fc7f42f6,81c4d88efbc804e8,0,1,1,12.125,0.9946636198796676,0.9830751611474008,0.9820888009198244,0.999998021318044
0fdaea72f522f5db,9eba2247db80cdce,2,0,0,-9.75,0.027115849808002,0.0204291205012897,0.0211370151039218,8.339820965691371e-05
e7af17aef05f9769,cadff704a93f5b26,3,1,0,-6.8125,0.1596753413471965,0.1679755385277662,0.1739478276066046,0.0024195436067786
70e688d10484e40c,003bbb5c27cf9941,1,0,0,-8.75,0.0970199266219854,0.1204728204524843,0.1193863136138628,0.0002688890516803
