row_id,unit_id,fold,label,report_sign,native_margin,L0_prob,L1_prob,label_probe_prob,report_probe_prob
d0d2d3a6164b85cd,2701fc80e157470c,0,0,0,-5.0,0.0435294687579958,0.0008368559161056,0.0011798811227635,1.332978595169499e-05
37ebb6a62f5d1b51,887698b52a1c3d92,3,0,0,-2.25,0.1721276713748378,0.0193479587831366,0.0190070245545843,0.000136034333192
611f01e0f9a9e8c6,01751117d5c78c32,0,1,0,-0.625,0.5624502410784116,0.4579546729704786,0.5061918590289063,0.0055644711471853
8434a594dbec2f3c,89b7d9d506a62b10,1,0,0,-11.75,0.0001882024186673,0.0032909463457357,0.0033246788897925,9.205454440068373e-08
cda20d51594f09da,40d30ee03117becc,4,0,1,0.75,0.6441158348141737,0.8543730365230393,0.8527188036321446,0.9937191800827494
0676042f0a31a8cb,239ed3722a29149b,3,0,0,-3.0,0.2254357060425213,0.0802622481849054,0.0748652030876397,2.1698862046471957e-05
1bb62e2077a905a8,80387680cb464a3a,0,0,0,-5.0,0.1793314353274378,0.057687643423125,0.0568165616269844,0.0001197535418823
d0a764076d5003b2,c7f36c92d4466302,3,1,1,0.125,0.5292461217835789,0.4706991553759178,0.4599726776543555,0.4329413274332808
ff6123d2bc6902e6,8763eddb18825818,2,1,1,1.8749998807907104,0.9841897923867274,0.9919980282083084,0.9915553680174553,0.9997264577843312
794019fd59fe731d,52dbde88a017bee4,3,1,1,0.625,0.7111659549994018,0.8567220659644129,0.8614834211731965,0.9454440927623065
a8ff4e6fe42b9b5e,6cfb5b1d6184251e,1,1,0,-0.125,0.7824395407897329,0.5869504634487935,0.5826926588039817,0.2043180929283214
3fcdbd1da708dac3,3e8dd9f03b80744c,4,1,0,-4.0,0.1284289140768977,0.0877750456101932,0.0863401086695887,1.3844819021356532e-05
dfa4d7d37e4dc160,38721ddd09432d0a,1,0,0,-5.75,0.0329955508180932,0.0108753277681243,0.0108050073918082,2.287660488914266e-05
f599ef672152ddd3,7c070031ae9e9aa5,0,0,0,-3.875,0.0937189995164624,0.0824445101654693,0.0815071216520082,3.997656557144265e-06
13ff453e02ae2c71,0cd6611bc41c124a,4,0,0,-2.875,0.1793476049441386,0.1108005169679464,0.1089155670703672,6.518288389326685e-05
335776280ac35485,9ccd15a27e5443d4,3,1,1,6.75,0.990180288667152,0.886162394079945,0.9027746184688892,0.9999996762459744
03519a0caca71339,60f1ab7e387d9dca,3,1,0,-1.625,0.5880138124265228,0.4794387597639888,0.516944786118706,0.000458230199176
2fad7e0269dc434c,45c0cc7f4aa61426,0,0,0,-5.125,0.0265878737014984,0.046211991675436,0.0541211844197747,4.849944907143726e-07
bc96624eb0b2b08d,384b4dfd7d95bb1b,1,0,0,-4.625,0.042818165567183,0.0207153778804251,0.0210350703634454,2.3042904693817355e-07
e69ed7e92259fb18,6a0734b6fb8b96b7,0,1,1,2.25,0.7190421028714225,0.8839723660225005,0.8835580766889535,0.9976649784711812
a48c6ddd403b3e35,bbd76feb11a50970,1,1,1,0.25,0.3568554105175375,0.136296931290544,0.1382606322704261,0.5760757671328928
3a70c88f156154b7,850e6b50ca8b704c,3,0,0,-3.625,0.1662195956279546,0.0078660128926066,0.0073322112046209,0.000145790487031
86a4ea6d91d3efc2,345361e6dc509034,2,1,1,1.0,0.814061694616127,0.9335425531328192,0.9321903764164684,0.9995741651043748
5905879b9e061699,cb8a4912a30e3970,4,0,0,-3.999999761581421,0.1826499521396691,0.125423205433859,0.1256615025948705,4.077102270091812e-06
e7a42acf6a6a4cae,8f7ad7bb2ab1edf9,3,0,0,-2.375,0.6509793841901036,0.016332776620209,0.0132628049689312,7.019957473157734e-06
950722713eb971c7,ef38c4edf8f5762d,2,1,0,-3.625,0.1287789810762502,0.0429110403733475,0.043618883723204,2.350609407424271e-06
6cd3ffea8979781c,7558640e0dc61f1d,2,0,0,-0.375,0.688237038437027,0.5887320723116547,0.574187589971609,0.0305939432099351
aa9676009132c575,ce13ba4f41a410a4,1,0,0,-5.75,0.1138026354244857,0.035867844091285,0.0342497692283603,1.0566871811366935e-05
11eb7838c5a41921,243c0ad0ed8757c4,3,0,0,-3.375,0.1130439945626592,0.0154814662331658,0.0155978406923088,2.1758343334785502e-05
726588cc179b1779,26b67250f7a42351,2,1,1,1.5,0.9615692385634071,0.9745758359944984,0.9739486935037466,0.9999232833123288
b6a7944ce7c873dd,d22a8aa9c599bcd4,0,0,1,0.25,0.4430193071950147,0.4461417584581305,0.4121290860344954,0.3895133563554179
7081327ada7c56c5,f38e25aab6eb9759,2,1,1,0.5,0.8903546879324415,0.9825543218848868,0.9824010054011674,0.8658582685482087
c0f777986470e0db,1311eaf6920d390a,1,0,0,-2.5,0.2674523581284853,0.0902265939569652,0.088305273443058,1.3498900543169658e-05
1035f1e7e1a3d514,746faf1cc9451d90,4,0,0,-4.625,0.0463562529934233,0.1219304007828403,0.1245304936525358,2.985736134614892e-06
2da5b0f97649b74a,43eb7e15ec622276,2,1,1,3.75,0.9785367371893504,0.9700817402561528,0.9710122160069896,0.999989417162834
10b290d719282c6c,7b22d80c3c558808,1,0,0,-7.75,0.0310965554718222,0.0307554849737656,0.0293049682337777,7.030649015676139e-08
23aa136135258c2a,cb5fabc4576208a2,4,0,0,-3.625,0.0711925104604555,0.1528834966664061,0.1581973843286389,4.594045896783204e-05
33e42fa235f93774,d54716e1eb1d149f,3,0,0,-6.125,0.0284413580621805,0.0024583150655659,0.0021428436590127,1.9691856398526992e-05
742630f60133a8e9,5c6bb06bfef2bbfd,2,0,0,-1.375,0.4587173488401855,0.3210398836258152,0.3266172015686396,0.0017643793651073
b87a2168f5721817,224b46f8525a30a6,2,0,0,-2.125,0.1877952806678637,0.0383798497365617,0.0403123379677566,7.025530223421947e-05
1e2125faa1ca3fc4,aa552b08634e5768,3,1,0,-2.875,0.0675464961592727,0.0082342440546314,0.0106178814278299,0.0016664561097986
fde6b9549acfe442,59c855bc3b276eaa,3,0,0,-3.75,0.0907226771293352,0.0016421612034119,0.0018179821941255,1.9391765706703736e-05
351df750b0efc489,f48675b313797983,1,1,1,5.375,0.9975726218552632,0.9916588250969588,0.991467973315779,0.99999575512817
27926679a28b79b9,198e1d49035f982d,4,0,0,-5.375,0.1836167408169675,0.0446070802389065,0.0425905222337607,6.028862531964564e-05
27bf4888d03ab7e8,8a573ca40e89ada8,2,0,0,-1.8750001192092896,0.6222975918016987,0.4517538574568204,0.4460172772790405,0.0003337086996488
a1ce966bc1851a52,989b6396ab79e0c2,2,1,1,0.4999999701976776,0.8565431888336845,0.9731237772462558,0.973673080778718,0.9693536411348956
66e5bc68a6b30ed6,75f6cef2b622f570,4,0,0,-1.625,0.4873984966388102,0.4924240908050097,0.4844337467535743,0.0009700604664216
3058de947364f78b,f401b5de26b71b5b,3,1,1,2.875,0.7937475518668647,0.9183552609364372,0.9226635601973906,0.9999905416314064
77f7bc9431de9b82,17c20107fa4837b7,3,0,0,-11.5,0.000797294975552,0.0002154129819385,0.0001675806620685,4.354914096841557e-08
f89f44fdc393571d,2dd63e42e1feb745,0,1,0,0.0,0.5078940602756387,0.9302067942486808,0.9273487913843396,0.7458307987400798
1db422f7209cc5fb,b92652e862203aa4,0,0,0,-2.375,0.5293309310713827,0.4235059736329735,0.4513344561003826,0.0001019226651647
fd4c67a98eb6f00c,e947519188c318fc,0,1,1,4.875,0.9940648124627,0.99772282187603,0.997446082532197,0.9999705852092774
b728688bbd3cffd9,28c41c4292d9329d,3,0,0,-6.375,0.0020267831854866,0.0009942201128062,0.0011278510938859,7.02488170599802e-06
8d1d05a9aea6827b,6d2e936218af59a4,0,0,0,-2.875,0.0355643607433273,0.0345084764727704,0.0401808667767218,0.0012302743041236
3be342c05a44966a,d06f803266f1b18d,3,0,0,-7.75,0.0103556010036095,0.000315336685446,0.0002935331608885,1.98711261822028e-05
d869a87e3a5debd3,96ff21f76203ed72,3,1,0,-3.5,0.1377859247169554,0.2382780309746129,0.2415121148606422,0.0010159033689755
9b997cd0cf600cfd,eb8816fa6af4f4c2,0,1,1,0.875,0.957835048562142,0.9993663365695108,0.9993414519075424,0.997493175976016
bad32222b1bddc2a,057c055a2669531b,1,0,0,-2.625,0.1866476571982651,0.1558899156895165,0.1613681009633134,5.0656444134883694e-05
b2c53b036c748a83,fcd49a24166fcb30,0,0,0,-5.625,0.2129506921178474,0.1774121550346506,0.1346010419004921,2.352561888938859e-07
62b502aa688ca137,777bb310cd8e3eeb,3,0,0,-2.375,0.6672994743839314,0.0717193062012454,0.0627727222767919,1.1791808119351726e-05
ad853e04fdfbab90,d2b3a431aec453b6,3,1,0,-0.6249999403953552,0.6995381127935263,0.8715934745874316,0.8775578623010838,0.0173396242992358
2a544f66e91b7aed,4e30ed32ce3e08b8,4,0,0,-5.0,0.0122483160303634,0.0082535555490381,0.0084015057916585,1.3876010594876827e-05
436d6f2a145075b5,c2ad3a47d3a36e24,2,1,1,5.5,0.9930710969601017,0.9944777238288216,0.9944119189205224,0.9999996686344452
49ece12c4e45dc65,8cac485bec1548a2,1,0,0,0.0,0.2830795487006908,0.1488104022703615,0.1516435706314412,0.8199277521627253
6090ff61b5549741,d45bc0b6c93ff7c3,2,0,0,-2.625,0.1391184983353549,0.0633422797906865,0.0623491010282885,2.238365338222072e-05
814924e67ddde3b6,4c16094124400f9b,4,0,0,-5.625,0.0379738873870425,0.0330670012256742,0.0329161512232255,1.0790751294543316e-06
25137530833402ac,fc7efa0c52853d1c,4,1,0,0.0,0.8332585742554727,0.9298189351789324,0.9269584834393014,0.694196444627281
7347041cbd76d98c,d6d480c0fab6a7a5,3,0,0,-6.375,0.0305710042914057,0.0368534667960667,0.0353832864678646,8.149602420658833e-06
eec047ec9fd74c2a,c54c4b5d836b78da,1,0,0,-2.5,0.4606350538355855,0.0891898516526386,0.0858801336686176,2.5059613333179703e-06
b07a76a7e70ee853,d9a27504d76c3d3a,3,0,0,-5.0,0.0228253081937259,0.0261041311704625,0.0293734567383877,1.5267499211586916e-05
79a78726c9c40157,b831a8a52727e543,4,0,0,-4.875,0.2123752543208124,0.2648363515643434,0.2609402318444085,0.0002570252534391
6cab5f53977652e3,9a082fa34241fe97,4,0,0,-0.875,0.1286273385932496,0.1267078847285967,0.1262471877354347,0.0048901201122579
cdabbedbf2dd4c64,d20af26f1f6c6253,1,0,0,-0.625,0.5898928104163753,0.5982445718917849,0.5906907209396309,0.0998220994612702
5e84732c456d8a47,32a92e445b3b4936,2,1,1,6.125,0.9992871324446684,0.9874373813804622,0.9865961064062156,0.9999995960192553
68198f5f5a8e8c93,36fa79e04c2e4fa5,0,0,0,-3.125,0.3596373365046508,0.0473209743476866,0.045632708163922,2.382405885656623e-05
c74eb7847bce62c8,9b57fc5b765a4c64,2,0,0,-1.8750001192092896,0.0549683244786787,0.0361894313257043,0.0364622271726852,0.0001548588629735
774137f23e321af8,7eb8398fdb15d1da,1,1,1,0.125,0.7874437801331,0.8434933437347868,0.8457663167619779,0.458480253674665
d7ba1ab07af72ac0,96c2a1832b07abf4,1,0,0,-5.125,0.0310083939863804,0.0490285425246857,0.0506515060072329,1.0097995910668109e-07
476887f17b914ea6,d20429e516528a7c,0,1,1,0.5,0.6782104721629036,0.9363410707008905,0.9179480086219094,0.987868734571599
6b20b81d54930718,f91a1f5f70ec1c53,1,1,1,1.5,0.9199662625187204,0.9515740710596644,0.9512268211447236,0.9996434615999504
2a6195c6c857faa0,b9b67df0d63ee9f4,1,1,0,-1.625,0.3501356514315534,0.6750521687357869,0.6787650962010707,0.0016526278112577
8dcebe4baf4ad09c,fe9538b218f9a7bc,3,0,0,-9.25,0.0007462242812092,0.0045761464239847,0.0044474097179181,7.340800346164216e-07
400302b3d7348214,280a80c4de9a0adf,1,1,1,1.0,0.8780802959807749,0.9582502459637916,0.9577863491293884,0.9997020485428556
8d2f963cc168345c,8ca981cb123c6b14,4,0,0,-4.0,0.0334937680704873,0.0187974383428468,0.0188514650469754,1.5390502985370934e-07
ead15c008075a0fb,aa5fef80e1fcabce,3,0,0,-1.8749998807907104,0.3298978603178971,0.6317739784410746,0.6702443568495864,0.0008956849392544
98c68bd25457d5e5,44aed910dd03fcf6,0,0,0,-0.5,0.623850197321248,0.2526976546288211,0.2910943863971248,0.0157364186397398
aef5458fd3bb8529,8e477dd4b0563e3e,3,0,0,-2.5,0.1595568616890128,0.2417159963639017,0.2126442886805343,0.0001861555332055
9b35a8157e7b2a17,8b0f06ba6a147a58,0,1,1,3.875,0.984174490690744,0.9970312863009742,0.997204614094586,0.9999761458501244
cadcd34b991a2e8d,e30b6cc8a00bfa1e,2,0,0,-1.5,0.3952606400081519,0.3143820187542104,0.3174692250372256,0.0002207003650874
d84ef350ced8e580,70b07ac777addfc9,3,1,0,-2.75,0.1015488168509602,0.1973536380927966,0.18754288165107,0.0002517547849595
3faa55a3d0996ffc,08517f533c10a393,2,0,0,-2.875,0.2338134445607492,0.1602266521954321,0.1515119457676051,4.010033919134316e-05
43f2de02d561e516,240ee8d5194fb7f5,4,1,1,7.75,0.9921963095051014,0.8649621113265298,0.8668224527372924,0.999999840152966
4355b8c0e0a9cb26,1adb04f6ad39b356,3,0,0,-1.375,0.287232699510296,0.0133149926873861,0.0147368453867736,0.0108739439899896
b092d916f8aa9230,9f2d9a24dcbf4967,0,1,0,-4.125,0.1035475251788065,0.0441436175500319,0.0506145467299834,2.184133995456039e-05
1be6b3ae9d5a51fd,e83601b5ef93ec09,4,1,1,0.875,0.8635540368366346,0.975922967886057,0.9758298947351997,0.9979622224468064
85751c2727ec5537,1bbda3f9d4ae5f6a,3,1,1,3.0,0.959224572147131,0.9959966522936792,0.9959185372383914,0.9997371895984284
506bef59129dd242,0a216fd5e069350d,4,1,1,6.125,0.9989173650716788,0.9812301756305044,0.9807337967548794,0.9999994936074654
22420f68d351976a,5f4c47b1d3b7b9f5,4,0,0,-7.375,0.0124787182018983,0.0191727328221173,0.0188002033046104,2.089103599136159e-07
39a977bd4ca442a6,4e1010ded1a9de83,4,0,0,-1.75,0.4747033409117264,0.2597326076582111,0.2570369177275265,0.0008462285340278
60d0d2b28d8e6132,188e060651fcdcbb,1,0,1,0.6249999403953552,0.8274768448718499,0.9599473400947196,0.9598916408204752,0.9897973927693614
61c8433a191f720f,9a5e890bcf5faac3,0,1,1,1.125,0.8261643830554664,0.8767736870296644,0.901570015468735,0.9882172109849158
57f4e4bbfa3c4449,06f4790d7c100702,3,0,0,-3.375,0.2634269768123147,0.1211976090334757,0.1382090245389056,2.887695183800077e-05
537cb729472c4815,1e05776f11c38f49,4,1,0,-1.375,0.3910922591268721,0.3858503813463233,0.3857606065214307,0.0044473943165397
286cc3793ce7312f,27a1cc4286cb4a0c,4,0,0,-3.375,0.1115459854657189,0.1298337936703416,0.1303520359892628,9.722973739489912e-05
233a92e4f66400a4,99544a9cc5b8a1d1,4,0,0,-1.25,0.1119430290739277,0.0546792415810231,0.0547993212897757,0.0008445517861554
bc45ab8fddfa1e34,06af892fed6834ad,1,0,0,-2.125,0.2999065396440483,0.2257011768119392,0.2304795000043571,7.77115559788625e-05
5e49308f0910374d,230822529562d3b6,4,1,1,6.25,0.9903414799878304,0.9796484355971988,0.9796779003095594,0.9999997237069882
159cb7e129b943f0,4e306a925960242a,3,1,1,4.0,0.99220448266005,0.9993473502662708,0.999249162268942,0.9999997718137802
d4299a2c753bec85,e7ced310e9d0ac63,1,0,0,-3.75,0.1715100921550264,0.2613863180061233,0.2594003941605429,3.998055528684398e-05
7ec6b3fe5e7083a6,7c1c7b8bec9f9ab7,1,1,1,4.5,0.9988250611918408,0.994984574541785,0.9946234512133888,0.9999810067962523
117e97ea6c72d838,5de8a1fc1cdba771,3,1,0,-1.5,0.8179718443050367,0.8070349135543917,0.7912116982493802,0.0002601871907945
c56535bec82d1f63,49e3153c6e807729,0,1,1,0.625,0.8147624297342696,0.8742274332143597,0.8802041438870278,0.9157225359644016
d5260fcb639b0c4e,8e93af888386481a,2,0,0,-3.75,0.036345442951395,0.0233099231301648,0.0238333484509189,3.052494775970512e-05
f6a207d018123038,a2e1010114a9c5b0,1,1,0,-2.25,0.3935651412397516,0.5039576174235831,0.5059531386433843,0.0132703421834566
632057a60c8bf2cc,6f3425e0c664f04c,4,0,0,-1.8749998807907104,0.0705995061880228,0.0372741165540061,0.0379795611179987,0.0028179218849635
5e43f728ca498681,2f10e102c477de66,2,0,0,-9.0,0.0013967939253981,0.0363484119475754,0.0364135241070544,5.454107359292856e-07
8bd3d11540ab3a3a,3e47b9fe70fd4794,1,0,1,0.375,0.2416601970371061,0.1252376219848623,0.1259356506519609,0.3909609329551301
2be267ffd295c5d7,56d3f710bd63d47d,3,0,0,-2.25,0.7675768443444005,0.4051005547814057,0.3708157620803702,0.0001129369274361
fc0236a86cba8f53,ddebf664c31f84af,2,0,0,-2.625,0.4105977544009411,0.3494927138111611,0.3488322410926592,0.000108626079855
cad5a99856cc2f6d,141c9dc099856e08,4,0,0,-1.8750001192092896,0.3818639226527194,0.4728411522716295,0.470282055309371,0.0001123888196469
409650ed61062f07,30f1fb4d2a45631e,2,1,0,-1.125,0.4129491444225274,0.662820099544502,0.6758191876742191,0.0769950323149635
cfa86b9509b095a4,2b632e743eeb377d,1,0,1,0.875,0.8938855037290533,0.9582876465298158,0.9573525669230828,0.975814949857291
20670c69f07e0cf3,ae5981aeeda8e935,1,0,0,-4.25,0.1100030403932864,0.0706618897081028,0.0707958932885454,1.7603861695050262e-05
3836a9b8fc8abd42,9c22d99def59199a,0,1,0,-3.125,0.3287232485355714,0.6981008055669383,0.6801591530464486,0.0001200543002488
57ef3d3f0a0e6414,2f34ce6b5dab1927,0,0,0,-3.75,0.1137802539867568,0.0176394873697392,0.0240677540872342,6.319084725641345e-06
df70e9eb0e8e24e4,1324d7bd663fc122,4,0,0,-4.75,0.1568033477533073,0.0221710893553916,0.0218463616614421,6.071290716901241e-06
14aca01d3f8f4031,16e3c15e0acef506,3,1,1,1.625,0.8816793528113206,0.9972749454823554,0.9969729907289278,0.9858160160066668
dd48f9647e95bc6f,5abde7a9e4ad0dba,1,1,0,-1.5,0.5408488772050715,0.5150140562344738,0.512025331764448,0.0121211498163853
53be6901df3111fd,e9bd78a747f158e7,4,0,0,-7.75,0.0018091493175577,0.0141941567701474,0.0143732531006044,9.792561550560875e-06
cc14175351eebf4c,52bd0f41b75e18f0,3,1,1,7.625,0.9997765662518469,0.9988604403188484,0.998850241125102,0.9999999358415962
3eecd8b9504610c9,ae929f0407e05e8d,2,1,1,4.625,0.9872671946538402,0.9919779776294124,0.992276716979802,0.999999850081609
13d2b5e97bc5de67,7e071f09b6a63d7b,0,0,0,-8.75,0.0045266726135766,0.0008531379630715,0.0007766438381366,8.740143110637163e-08
081a384983d95d4d,fe3db62385965087,2,1,0,-1.5,0.3710490452819827,0.4800208971568704,0.4841924652446425,0.0006391751274705
7fdbb0998e6124a9,12fada088b994f84,3,1,0,-1.125,0.5347172731896128,0.7340201946373518,0.7237943057148463,0.1091193933346245
094df6095c77c253,481fe0a422b795fa,3,0,0,-0.75,0.4241879839921896,0.7857581904567956,0.8056413352967271,0.0362174690181217
82ac01f5ea30d867,e4fff40385d0c70a,2,0,0,-3.5,0.0797855753077229,0.0748561604493877,0.0754901222679097,6.874935956735375e-06
c0ec0ffcc9327dbd,80c0edc8e9bad6f0,0,1,1,3.0,0.9694378638908776,0.9804057830820192,0.9789968047099888,0.9997669336077848
eb6d272b5a01b062,208e0f0aeb43ac40,2,1,1,5.625,0.9975978709492134,0.9904328657553522,0.9903969520498876,0.9999996736411038
d2b7c83c3234e4f8,eae24bc96fa68983,4,0,0,-4.75,0.1576356148416748,0.0566959776802885,0.0578006182414723,0.000119012774589
b0bf369c2bb893f5,4446de3ca40c17fa,0,0,0,-7.0,0.0854940329859122,0.0647424589925866,0.0620525700094724,1.5506427284464133e-06
aa16cb5aebad3798,e4d465cfa2796d4e,4,0,0,-1.625,0.2255527343721569,0.0741084323980919,0.0748735282487577,0.0008596100263084
36835d5e1265cdd9,596db3dc3327d8d6,0,1,1,0.375,0.628645637937446,0.4166015429569581,0.3997294639685922,0.9650180386334632
024a0177150b8a4e,dd20053c291b4345,3,0,0,-4.25,0.0707825935080961,0.006970869227421,0.0066167304776819,1.398022897053637e-06
668e3d0a358e24ee,8d90063e8a56c45d,2,1,1,2.125,0.9837851250685116,0.98953216501028,0.9893801026921628,0.999977808514752
cbde2a6728491a6e,97551a663855f412,0,0,0,-3.375,0.2296623204327303,0.0407984820470934,0.0399092515817538,0.0030136012602977
9b90969637bf52eb,fb90431d64a15d3c,3,1,1,2.375,0.9610197517401594,0.9957069595707402,0.9951798618027928,0.9996883467920924
046eaa38dc3ea5aa,8d1401ccb964a378,0,1,0,-1.0,0.6072542540213893,0.1132251702430819,0.1191858720226459,0.0215554043714386
c18a48321efd5c09,bb514e33303e013d,1,0,1,5.625,0.9972562008824376,0.925971184830094,0.9243168633186908,0.99998846957766
c01dcf7965021aba,e2b61fd1b8ca2afd,2,1,1,0.125,0.8025023989456874,0.8586258596250799,0.8579154979999085,0.0913543115173548
d22c7186d3b4fedc,64df63ae04087619,4,0,0,-6.375,0.0437061950171659,0.0170596140291364,0.0164649528753051,0.000287008153673
8ce05a91cad95241,a5d2461152fd5e99,2,0,0,-10.375,0.0004180112776948,0.0062981904924605,0.0061601656650971,1.728518267020684e-06
62795d6b0feb7d12,516ff748950464b5,1,1,1,1.125,0.9823942394242104,0.9792026723965592,0.9788301717524742,0.9505116107101724
267ab0c2abdd4128,5e264115b3221b91,3,1,1,1.125,0.8095426393573182,0.9754397283498984,0.9788092014044943,0.9859940419087876
dd033761d0895fc7,4489d1dd66e4d261,0,1,1,3.125,0.9677925484954952,0.9896371083321436,0.9900250360299536,0.9999923294793612
19550c18d0c294bb,26a7e47981272488,4,0,0,-10.75,0.0014341946611868,0.0507682524032686,0.0509329820011426,5.459604917937613e-05
556045c057f4fa9f,15b60e73233338e8,1,0,0,-3.5,0.0954648862633175,0.0178209123340566,0.0178075984902542,1.04296140502332e-05
c4f5fdced0b8c98a,d7da2fa9630d8a40,2,1,1,2.75,0.8626827432003956,0.9474528677252242,0.949566946156011,0.9999011058745342
c2e4e3528af68028,179dbf7d16456d08,3,1,1,1.5,0.9341471250796312,0.964953463139464,0.9674707482621132,0.9959114331876204
eb74e8e47f86750b,a15e0af4b91e95c1,3,0,0,-5.5,0.0272474935395675,0.0202431280357878,0.0219422877716318,4.092013131626616e-06
3cbf6d539186ca02,dfa428543a9a081c,0,1,1,5.5,0.9841229264321772,0.9979877929507616,0.9976461787453844,0.9999829149831236
f798ddfa65b95e51,dc1d655de21e9c2b,3,0,0,-5.0,0.0145276737289612,0.0024374875040768,0.0027673179553366,4.587125164719803e-05
73734d252355f02e,f1123828705b488a,3,1,1,7.25,0.9993216494427088,0.9967415223789572,0.9960821027317692,0.9999990187004818
1fba18e4bb58d94b,0f1f64ff8a5270a2,2,0,0,-4.375,0.0971072904138079,0.0412878815764003,0.0424177174047995,6.785703020216333e-05
fde810a5b8b03183,e8ebc1f724850bcb,2,1,1,0.25,0.6945328528882324,0.9310603381460136,0.933000840478301,0.8716293900520005
844c189700027399,0ff646c41538fbe2,2,0,0,-3.0,0.0743430622011123,0.0456194249468567,0.0470786883122121,4.813831866330554e-05
260b99675cfe80f3,fac73ca9171fa301,1,0,0,-3.75,0.3716600821939734,0.0506176047722958,0.0484779106221254,1.498745794129527e-06
9cf5ead19289c74b,1dad733d445b6d8f,4,0,0,-3.25,0.0489453197020339,0.019566833253171,0.020202099518609,2.186504807412232e-05
ecb38d114380adaa,4f84be40eb2cba38,0,0,0,-7.75,0.0168414566844778,0.0003337941840452,0.0002782449539085,2.517449556057694e-06
4e0545fff875f0ea,d607528eea679c7b,3,0,0,-5.0,0.0789355037751309,0.0036308790705376,0.0030782689508071,4.246727436386691e-05
70cfd2529ac39137,a999a55a5b8e0a32,3,1,1,8.0,0.9981731269010868,0.9763923326348124,0.975928231228862,0.999998136990478
1d635181e704d4e0,f6529fe1d92fd20f,2,1,1,1.625,0.9371146645339548,0.954072384485078,0.9534366897658958,0.9998618253413056
d47f4df6eb46e701,adbab5b3fd18583c,1,1,0,-2.75,0.2073432340171903,0.8303803741764789,0.8313461690270617,0.0027676498269916
77fbcfa340567860,534036fe531f3d81,0,1,1,0.125,0.70719953538575,0.893531187818035,0.8887812736048589,0.9223222647320916
31e91cd9abf30322,515aa4862dc1b3cd,4,0,0,-1.125,0.399872513602452,0.167921625917455,0.1668223723662454,0.001198527901423
f7165bef10dada76,4059e4d91253b34b,3,0,0,-5.125,0.006398706977263,0.0003746474829766,0.0005015256586014,1.987131170936985e-06
65f101eacdd34eb9,7f2b17926860cabe,0,1,1,8.0,0.995995739265454,0.9712777882421636,0.9701656099756356,0.9999963440743664
e49c1c7e56755798,cf2704f03aa6144d,2,0,0,-10.375,0.0002217083129167,0.0329322999523397,0.0349406677650079,4.360618934814389e-06
7e5adeb503146a7f,d89e47328c3e4c7b,3,1,1,1.875,0.9770577353191504,0.9832954238198528,0.98242164398253,0.9982124440313516
26457506a02a90e8,42833ffec1ca0765,1,1,1,0.625,0.9603940469221012,0.9877389543695708,0.9872776965241352,0.9658529790624008
8f0eb0458f6123e1,c97b1f6ce1d05ed4,3,1,1,1.0,0.8406998469010939,0.984862332572037,0.9851402019822874,0.9987533032077962
02665abc7965d43a,fbdbaeb0426668a9,2,0,0,-5.625,0.0475880115943754,0.0221111136903728,0.0224984972026801,3.750119171197829e-06
2e8193ff2c94535a,d734d1f5f78f4396,0,0,0,-4.125,0.0136252466176583,0.0005888644609055,0.0007591377214574,1.2659217129429035e-05
05106d908c50bc8f,eb8606f626bfaa02,3,1,1,0.5,0.9249376899435612,0.9863976920610436,0.986360980429576,0.9980995505721468
64394eda15e71d1a,c32a87444ce6cc17,0,0,0,-1.375,0.3305134436916604,0.1755932618773815,0.1604452330230298,0.0090383301578696
4617f36da2d6a7fc,6a643bcf6ba44565,0,0,0,-1.0,0.2332975137471278,0.0218261272447793,0.0231201487156016,0.0026761186564655
aa013c5af650d33c,b6902ba07b76492c,2,1,1,3.875,0.952655790352416,0.991256674034859,0.9914960517782428,0.999922127493904
000e8a6f2dbca31f,a19b88a720a22887,1,1,0,-4.375,0.0786340225146296,0.0418427701871317,0.0417047068026088,1.3003169150587575e-05
4a71cf19d756e6e6,454bb1fd2ebe39d9,2,1,1,6.5,0.9978872332064288,0.9731403783499326,0.971522066866232,0.9999989665245708
e97113de23ff8d7c,f8bca751feaafc05,4,0,0,-3.0,0.0440945605122749,0.0329446484817064,0.0338729422010588,1.661634548301667e-05
4fa770c28f30ac0c,6a0734b6fb8b96b7,0,1,1,0.875,0.8104694637073371,0.9971601561308538,0.99740158278944,0.9903247364159228
bd5c37b6ae9c31bd,0ccc3f6c8fa55694,1,0,0,-4.125,0.0388974290234716,0.0746312997773211,0.0763892316106766,9.260648833105868e-07
aa868cfb356c3b7d,1b1380488e3845de,3,1,1,4.0,0.9776729909055628,0.9769700067310304,0.9752202159376304,0.9999620334674996
8f6b8750320d8ab0,c2c743e849368995,0,0,0,-4.375,0.2097554784246153,0.0140771892866367,0.0132360739498682,2.201793513271456e-05
fe04d6268ceb39a2,014826bfb3544dd1,1,1,1,0.75,0.7824621616635932,0.891635801792933,0.8914440833111898,0.9542242482800348
89cb5e87497c49a8,99fde5d46eb1b00b,0,1,1,0.25,0.6612691965139356,0.8394679181083539,0.8415771894417333,0.9552271878923552
95804553fff7f0c1,fe63cc57aa116195,1,0,0,-8.0,0.0013288526737836,0.0025117743694246,0.0025378531142302,3.730343916212896e-05
e153f5a75859f7f3,5c69ad1690f14193,3,1,1,3.875,0.9875994733568736,0.9988364639400364,0.9987467089126356,0.9999998617609474
0a677fe76066a6ce,43cdbda3d1ee0a17,4,0,0,-3.0,0.1506372862902742,0.1109923705330221,0.1135218081887458,2.976522495970522e-05
45b97beccedf9bc1,f60e821c4ff49c61,2,0,0,-3.25,0.0152935954377494,0.0280220771008684,0.0282727435415487,4.5376860337179945e-06
71c1b95d99ddc802,8917434718c6b609,2,1,1,3.0,0.928685199746662,0.930999857808454,0.9337293618335224,0.9999285605960296
a30ba18e77b1b495,90bcbc38d80a0661,4,1,1,3.375,0.9742470855199414,0.9951156635240824,0.9951124233566552,0.9999961979517596
3e810300ce39f58f,8c0a770c3213fe69,2,0,0,-1.75,0.0765778279080555,0.097098570475256,0.099255346945521,0.0005538893660137
082c7f5b7802f7a6,a4f9e3240e1ef94a,0,1,1,1.8749998807907104,0.8792725437857603,0.9982090666513148,0.9981801004799116,0.999943964023114
24ce3489229861fd,0ea023e0a0434a09,2,1,0,-2.375,0.3476165314722962,0.5258300538398701,0.515748287244114,5.064936419271042e-05
fe9f6f3348d73fe7,a6fe3e3c0674cde8,4,1,1,2.875,0.97820198908081,0.9921205132471465,0.9922128513649666,0.9999951778871008
9ea8dda906ef1fd7,d34e5fb56e5bfa14,0,1,1,1.625,0.7744358363613908,0.0618381953166058,0.0624846424236839,0.999401722271499
152cb418939b69ca,ea656a6b866afb8b,3,0,0,-0.5,0.3561978055181197,0.0111184237980599,0.0115564628102203,0.1374525841220945
80f357ff01d60967,2e6c423c1a8553f8,3,0,0,-3.125,0.2236581801187932,0.079033308107946,0.060848106015548,1.2180059103484007e-05
5d61fade01410cd3,c0524d6d3cd88773,0,1,1,2.625,0.9008394354260522,0.964076108727009,0.9623058336960156,0.997591581681242
0373e25582cfca5f,06c64d113e9d3926,2,1,1,3.25,0.9304728065665184,0.9906608774608258,0.9906922694445596,0.999998712520208
3ad7b933ed5a717b,31cf67b363de619c,2,0,0,-6.875,0.0085366116847977,0.048275675352803,0.04989457646226,2.545590888564577e-07
c3a363ffbf400b92,b1a5e73b43ff2680,3,0,0,-3.875,0.0565882565533073,0.0103141791816241,0.0100693121990555,3.315897883874616e-05
8f730493e13c869c,9e26b27945e52d78,2,1,1,2.0,0.954974811120846,0.9704592083760234,0.9710779049180466,0.9999233575941324
a227895367e2bdbe,89755ef4be322f0d,3,1,1,6.0,0.9968104493564433,0.9915960684659356,0.9904324025281336,0.9999774482363808
48482ad996d0ef28,7e1be1e3aa861aba,3,1,1,0.6249999403953552,0.7794998668001477,0.721924162826191,0.6969790747258997,0.971630336950784
98091865c425bffe,83d254677b30429d,4,0,0,-3.875,0.064718803975716,0.0530398939694884,0.0529700239817666,1.7471545619054124e-05
2d1ee15210fef83c,be71840b50b3408f,0,1,1,5.125,0.965280983339632,0.9909767818486848,0.9890571081896316,0.99999932659798
8fbf3c46333f54d5,93a0055c41b9e000,2,0,0,-3.0,0.1031767049370759,0.0480935183243057,0.0499305314146595,3.7375541309365686e-05
0336b330263eb125,baa0dc35e89ac230,0,1,0,-0.75,0.3706851791394302,0.1116494990612549,0.1285994155406925,0.0013131968606306
14acf1ed9ca802eb,4dc3a2e81bcbaaf1,4,0,0,-6.375,0.0496893404405552,0.0284736893801281,0.0272890454158762,1.08790037893407e-06
67a087f25b60dde7,aeb88d469cdb4f2e,0,1,1,0.375,0.7319413145081863,0.92859501645167,0.9357839498951585,0.8283264134868131
b97552dc976c8bfa,3f10e90dcdb5b132,2,0,0,-4.5,0.0476575403005668,0.0447838097332317,0.045288260215575,3.5262059424781784e-06
45daffef5268492b,6147c557ad69dc54,3,0,0,-3.125,0.2074353725112732,0.0668481117803873,0.0912366707621963,2.0577990762852693e-05
a666774f0811f1fd,97670af8595b59e1,4,1,1,7.5,0.9906241503656452,0.8427199088042309,0.8431883639186399,0.9999988446284565
550b1a841a42255c,5668f438ec7167bb,4,0,0,-5.375,0.0482922075358086,0.0532019911257617,0.0518268258576833,7.974207432716507e-07
b2aebb99f454ef3f,5a449c90be557f6f,2,0,0,-6.875,0.0140929042736942,0.0171274328465162,0.0168338360086945,3.1340930986145816e-07
2d176878479f015b,e40baa42723023d1,3,0,0,-0.75,0.1049617166336364,0.0708986533839288,0.0708274218129572,0.0078862516683119
5dcc2bcb2ace3870,e765a99e77ae27fb,2,0,0,0.0,0.2201072111878706,0.0846847337073933,0.0837826590988575,0.1740213928023617
e30e02102ea7ae7c,cdf214f4754e40f2,4,1,1,1.0,0.7898101984503406,0.931507130373448,0.9343027374501384,0.9974884353228366
20deae36445afc0e,a177763d35b214e1,3,1,1,2.875,0.9891400224573548,0.9980679741982534,0.998029152332478,0.999997734785905
aa8a55cebe8ddc38,f6f32211a7b11ebe,4,0,0,-12.0,0.0002813354385991,0.0061640572710218,0.0063111918496588,8.633295495376557e-06
31fcb8d73348f437,8887175930d07ede,1,0,0,-3.999999761581421,0.1780510899157762,0.0120697846432004,0.0115845577559514,9.185609216533616e-07
3a90fd6be6fbed84,ce21b1895f7e1822,4,0,0,-6.625,0.0109024393354676,0.0029612411101858,0.0029341104368551,2.1162285587886738e-07
26aa70f7f4932b94,a874cea015face9c,3,1,1,2.0,0.955994647004084,0.9919934952619908,0.9910645778181868,0.9985293892983176
71d31468ed118f82,33612927904cdfcd,0,0,0,-5.0,0.093577354873409,0.0048175014861984,0.005506553111689,7.601761327355717e-05
8135dd303ffb3e43,123c1a5f3977539c,4,0,0,-4.375,0.035457086599079,0.0689704506072627,0.0703236923885387,3.881093324141879e-05
1ea267ff38219e68,1334d84ced7b569a,1,0,0,-11.875,0.0001403815028335,0.0018341878762611,0.0018775634739539,9.978770133571753e-08
779c40de21dfc282,18624cd7801d1bfd,1,1,1,2.25,0.9457832778135636,0.9737474193567894,0.9735171884606324,0.9996617260825624
452104c079a1419f,e43c2af225980957,0,1,0,-3.25,0.1841551092479371,0.4977644909199357,0.5112502244273389,0.0001211211211936
2ab0890b0a5b840f,6896b5b02a598f84,1,1,1,0.625,0.7977436484669178,0.8843118842059604,0.8838929333744129,0.9961541338940908
6dcaaab3753b5b38,8866e29bd34b48e5,2,1,1,5.25,0.9936835988383778,0.9930103545428488,0.99281607490917,0.9999976943374644
0aa6f9a8c4bae4de,1610d953725518c8,0,1,1,2.25,0.900353248788278,0.9687507299540388,0.9652674078881066,0.999889694485717
55ae1ade49a5a5d6,98bc5b3ca99a4860,3,1,1,1.5,0.9542487378225052,0.949851442977997,0.9436396752678844,0.9986906661614864
7dfdcf236db7577d,6c6354cd6fa57207,0,1,1,1.75,0.8136927343575663,0.9898394287984816,0.9915717512186416,0.9967887154340408
bb73b9b53fb0c5a9,ff4a0a8bf440aa49,1,1,1,0.75,0.8914770516564782,0.9448634261595314,0.9445340877885112,0.848424832159901
deaa8dcfb9c2c2b9,727567534d681ba5,2,0,0,-2.125,0.6209205522505329,0.5352338959541096,0.5276168820399161,0.0001153469622623
e07382f46c928b34,3b37311a1f982ad5,2,0,0,-1.875,0.4230421674140556,0.1867418900731063,0.1886941041451189,0.0005018765644992
f751c8cc27bf647b,ccf9288f51ce9d6a,1,1,1,1.125,0.8712018543569916,0.9577665347240264,0.9578962715744244,0.9995984400859383
1740ce693d4c7b12,2e70211d36f932df,0,1,0,-1.625,0.3289265145847189,0.5921333569426069,0.6196832688243448,0.0018762835073682
5f69a6e90c05be7f,155b4056a609cf9a,2,1,1,0.75,0.9143911429998112,0.9643048188889524,0.9648392459101884,0.9637128495106748
40cff1485b3e4cee,b331a20257f45acf,2,0,0,-4.5,0.1408844623061579,0.0801237580195761,0.0807949025968801,3.540009135078108e-06
4028a16e473f59c2,a31dcf953da5f9c6,3,1,0,-0.125,0.7404757724206563,0.926913085141588,0.9152584294093278,0.0106496182414776
b622fa70998a4653,04f90585acd45ea8,0,1,1,7.875,0.99953614134993,0.9993305796251404,0.9992755048642414,0.9999998785645212
6277908b6e1b5c15,f852c1a453a2cdd2,1,1,0,-3.625,0.070391374546084,0.2021591201796629,0.202234386390225,6.829838371813134e-06
b4288ecc6f2bc4b7,ebedefcb1b01c08f,2,0,0,-4.625,0.0242377246638743,0.017576329301459,0.0180286819573438,5.999377213617349e-06
74d425d3f5c7fb47,9bd5cdb88d73a634,1,0,0,-3.25,0.3783068835029716,0.2400759946001788,0.2401577750025936,4.7920185879373134e-05
a3223a47da6c8376,97196bb94e06e6de,4,1,1,0.125,0.7001355116099328,0.6515018131397524,0.6479387793022906,0.7257589729314573
4ba568d5851c74fd,fc8440242bf6f8e4,0,0,0,-3.375,0.0193314890966157,0.0018822033911262,0.0022713269628587,8.000248886813912e-06
47b3bc84c758cf9d,3ea79703d557a2c4,3,1,1,1.75,0.9090375051472884,0.9377967526724548,0.9390316852299406,0.9956846187272964
800ab43abb9b1277,aa5e95b3013bdb9f,0,1,0,-3.0,0.431126349939486,0.5530082922365042,0.5889459109206163,4.1832127238763554e-05
7d07d948bcdf763c,d18e6826a7852359,4,0,0,-2.625,0.2554631651630664,0.2094761772794738,0.2104211326956993,0.0001247602804066
ac7bd5333b6b60bb,ae85b878a95adb40,2,1,0,0.0,0.7637991980570792,0.842968087593785,0.8428977445274186,0.4545567887019071
4a36e3be3e7008c9,f1e92f5351502d57,1,0,0,-3.875,0.1098901145440207,0.0435148835424419,0.0445253580438329,2.226610169093399e-06
0b8012f6f3124434,32d75e77560a96a5,4,0,0,-2.25,0.1158018924069582,0.1237001004206038,0.1255213482884601,0.0001760268541593
8d7c0ed5e3afa7a4,019cfdf49651b3f1,4,0,0,-6.75,0.012913744200975,0.0185533801826745,0.019349390617679,0.0002638128959617
0105a48f670ce9c4,05bfc0e990239cdf,3,0,0,-1.625,0.1489544765172073,0.0302578928307992,0.0362840658289102,0.0029876735788708
8749a8300e5e8723,61cce79200dbb4f9,3,0,0,-2.875,0.222614195419171,0.1104817713559014,0.088534408085706,7.26653346193795e-05
efcb4e746800771f,25c9a90c4be08bef,4,1,1,0.375,0.8579911193593248,0.5849759237493235,0.5722781411670439,0.8593978362042438
2c48d1d8f6c7b70f,ebaf062ea5f7f15c,1,1,0,-0.75,0.3906930011461035,0.3643243596725943,0.3692848669796142,0.0021870565268361
4625ad1c720603f6,ceb9e5691d681592,0,0,0,-2.5,0.3096354905913584,0.3439815132525707,0.3521308314108857,0.0002055768338453
7c05c47fc0808c2f,f3e3f2e125a958ae,2,0,0,-1.5,0.0464440246317758,0.0865605802016938,0.0889250486886865,0.0001310640113159
651c4f387649502e,6e987380b1249057,0,1,1,0.625,0.8695128588941407,0.9876866558623082,0.9893984712926702,0.9125241053935768
f78e6bd8d6730077,f538c8200941a0c9,0,1,1,9.75,0.9986626072804328,0.9285609030098272,0.9332609925681452,0.9999996713153284
a43122e9b42f00c3,293a7244e588ae30,0,1,1,6.75,0.9902999540601533,0.9966143849837008,0.996953689563124,0.999996578729342
8ca17cb85ebd91fa,1091c43d8b461603,2,0,0,-0.6250000596046448,0.1224824001996065,0.0662222112332726,0.0676925770961453,0.0265959118756865
d982148c92108146,2a4f9774d6f4dbd6,2,0,0,-6.5,0.0346768573733121,0.0169779213075033,0.0161842975362299,1.798714366666966e-07
2435ba970776881b,f3134cf582a1d873,4,1,1,5.625,0.9922390267068836,0.9643663715918208,0.9646368046373276,0.9999993626666388
3dc738a468cea034,7eb8398fdb15d1da,1,1,1,4.125,0.98044375929185,0.9774395181528424,0.9775419289679554,0.999977492120752
1c9c45e503541582,a7ac44503ea45341,3,0,0,-3.625,0.1235266642883031,0.1034139144297691,0.1098256243588032,2.5205149420353493e-06
b441a60834b1d480,f1b4e19e4e0985a6,4,0,0,-6.875,0.0079860982658529,0.0231006538022254,0.0236676648873914,2.3234224074448834e-06
980d473777835e1d,d86927851a94f2b5,1,0,0,-2.125,0.243876470228406,0.1953907990623825,0.2025490363758229,0.0001054623954715
a9e9674d544c1eac,a4f07d110d11cc6b,2,0,0,-3.75,0.0688916119054908,0.0385937380850741,0.0396720775698138,2.3174814214968023e-06
78e4293b5d2b9c1d,c06c3a68ae4d234f,0,0,0,-0.875,0.5880576940277855,0.8629143920234857,0.8769675980096783,0.015338223050349
004acfa9b8145a69,ce511b1938a85049,4,0,0,-3.0,0.5814437871695802,0.2800206623651211,0.2764884516864863,3.7315028713379545e-05
2e57496686020411,9b121c049d3ea681,4,0,0,-5.75,0.0891390704374392,0.0369628595790705,0.0365079844776781,2.0493586048509907e-05
c5e3180781998772,db2cc357dd5fbd0b,1,1,0,-1.5,0.6653811647001407,0.7401676930644564,0.7357340596350219,0.0041134593988048
46d59be05c245208,e389b84253e0d470,2,0,0,-7.5,0.0030603969425176,0.1131466435110656,0.121377029932305,0.000629137529626
ba0c5078c62074cd,cd5f9d29f9739f05,2,0,0,-9.0,0.002500160961252,0.0088243664091409,0.0087194777203356,1.677520879193455e-07
6f2504a60dc0cf35,81b6832eb3bcbdce,2,1,1,0.25,0.3739709626964499,0.8137681217833469,0.8280623666318041,0.8792709003761664
99c7c689b3d30da4,541058ce45a292db,1,0,0,-5.375,0.0513456808104516,0.2249380718561534,0.218977388038646,2.9905214205056124e-06
c680cfe6514aadbe,348cdd23b60af4dd,2,1,1,1.375,0.9340631665395298,0.9852772512770616,0.9848333698204208,0.9998877692942124
d6c6652f2844d8bd,ffbcc60f81b95fff,1,1,1,5.25,0.9884713925390816,0.9635098127010452,0.9644037819790782,0.9999675269961156
df1507c4b5e10dd0,b0995ad09101fdcf,2,1,0,-1.875,0.4898084673031462,0.6250058661810591,0.6304492539170093,0.0012001701160316
f0bd7d46d0ee11ad,a9e9959ad425a874,0,0,0,-1.0,0.4436152668118746,0.7027484910767808,0.6519411594358141,0.0257806977642247
3c229a643ed4bceb,2d209a6466f0fdde,0,1,1,6.5,0.9821320718141052,0.9626096376094274,0.9578371352156742,0.9999975074497928
34e2590f0d22a072,6c17ea1cb1d9ea1e,4,0,0,-3.375,0.3093052261253438,0.2656636261406443,0.2707891305170014,2.431493364281564e-05
02809722cea37e43,17072c3cd144fd9f,1,0,0,-1.25,0.5985452160417777,0.4178262730594797,0.4208719429216382,0.002546559917714
bc20f3f42e0f7c3c,ae4ecaf0585e3776,1,0,0,-0.875,0.4947943178267487,0.2269866645311574,0.2268088288789871,0.0222339326788534
2f73f04be248fc65,520b44c305f5662c,2,0,0,-0.8749999403953552,0.2281753102397951,0.5477418168516976,0.5522220317953755,0.0053757686482347
5b00e93c8d7ab194,b69a32e50f332daa,4,0,0,-6.25,0.0082743927722043,0.1223081285661091,0.128775712987077,1.903477629292726e-06
4f7a2781b429552e,4b01b00cc103dcc0,3,1,1,3.0,0.9842009965292428,0.994750349679262,0.9942144950882892,0.9999977015379063
8eb9e8262699921f,47b45469ada74e6c,4,1,0,-0.9999999403953552,0.7893756565620856,0.939057097869464,0.9395445264170524,0.0135926281209792
34dc2f3c0e7c6220,d8491f46d4544d28,1,1,1,0.125,0.5673167820550441,0.9118145125043482,0.913505267321052,0.8086049321274783
0cc19a53414b72d2,9d4e6a0015bed305,0,1,0,-2.0,0.6441124470854219,0.7808026901652751,0.8072234156332444,0.0009799036967463
f9959ec15c2711fb,fce03bfd36d4c2d0,4,0,0,-4.375,0.3011350457803732,0.4777141525720879,0.4652240392204892,0.0019814326701391
4e1f7ff7299b0c6f,7924e591fd1759bf,2,0,0,-3.125,0.2681047553468479,0.1027556789117274,0.0995091006107633,5.284868214097085e-05
2962f346744fd5d3,3a1610f2894f2334,3,1,1,1.75,0.979643777164089,0.9928334212842368,0.9916168813033148,0.9975771345913612
02cbaa17ad58e6ea,81cea53c31f95106,1,0,0,-0.25,0.146105093451408,0.0341822221259794,0.0348189591052601,0.0392089037811491
37e7c752b0f0d753,21ece4c3888e2e14,0,0,0,-2.875,0.1467864713969753,0.0840863391642646,0.0797413710256123,0.0003564001508648
2b84c6b14308af24,7db5bbbd1fb2ee09,2,1,0,-5.0,0.0706481962474737,0.1323681544481275,0.1358449899280076,2.3503505947897024e-05
17f7761192643b89,05bf1758226c573b,1,1,1,1.25,0.9791774041226738,0.9697662309627028,0.9679261976455328,0.9999006757166292
712e89382d8bc6e1,8ff653e9cd911d61,1,0,0,-4.0,0.0206131849037891,0.0259512864042287,0.0261486471918413,8.104061074871229e-06
6e1e769cfb8f2a84,106fb795d8ac7251,2,1,1,7.375,0.9998063714027934,0.9939855264718284,0.9936376246364824,0.9999991162192926
b815d5ef854051df,cf0794214fcc9849,0,1,0,-1.625,0.346062911047152,0.0803023408372212,0.082180509965416,0.0001351745663658
4ba6219696e55525,e51b7ce27c7c9f11,4,1,1,6.5,0.9943442203538004,0.9742632150667624,0.9743115527751616,0.999999533617362
35c776deda2283bd,79773f9c7737d4e0,3,0,1,2.5,0.9677741500850352,0.862218189587239,0.8428379018283795,0.9998430321907648
324d4da51217121d,f5efa1d1f22a0ee9,3,0,0,-9.125,0.0008243290385022,0.0054972882742419,0.0063708741348545,1.9700929842074613e-07
521f06a35e241eb9,0959ce3b761211b9,3,1,1,1.0,0.6741259764743818,0.9944240401885284,0.9929620535013052,0.9998205752457318
5220f41a6abbef28,d8e57c1aef041eb5,2,1,1,3.0,0.9230692264182366,0.8891457964666309,0.8944345633781619,0.9999736374552648
5566be0a2b1846f3,9b565b2140bc50d9,3,1,1,6.125,0.9926516607237732,0.9134826885063388,0.9166443288611228,0.9999875653646082
ad39e3a15a2dadad,0752da66886d1641,3,1,1,6.75,0.9972254610523346,0.9872907163769672,0.9874088634175529,0.999997963515353
beef79a7dc94eceb,a68f055c9c7e84ea,1,1,0,-0.4999999701976776,0.3944232192415272,0.8929829716754908,0.8952288502366227,0.2465492176724879
551d3215b6b06dfe,70b1143883b1b6ce,4,0,0,-1.625,0.5459970732024658,0.2537424165018832,0.2527970739374167,1.2840943863681134e-05
c159d5e97f456ec3,281931e0c572e695,2,0,0,-2.625,0.277127868009882,0.1245396373744158,0.1238521835378946,4.163954304754453e-06
50f9f1aac62dac2e,4e4e937537501d3c,4,1,1,3.75,0.969004425257202,0.9827764461146972,0.9824075632364614,0.999999565340016
647193fec9ecffb9,bf99f6ee9077dee5,2,0,0,-2.75,0.1373973803831115,0.2430821986679606,0.2561153140066943,2.0351628280490996e-05
7a5c9508cbbd83fe,9a11dd2cc42b0ee9,1,0,0,-4.625,0.0345028115281819,0.0193412003877848,0.0191177863672907,1.771800578335777e-06
eaee4016f0ee8573,cedf0c54091c010f,4,1,1,6.375,0.9972883899704896,0.9769323691114794,0.9761463661687952,0.9999842107012964
ef001411408803af,c5bf7aabfb1c67e1,4,1,1,2.125,0.8783379107383715,0.968079229747547,0.9675818577873316,0.9999968154521488
6c8107a4e958f400,afbfae7d57577d41,1,0,0,-0.9999999403953552,0.078172914577602,0.1157868562857267,0.118818692132679,0.0156365974476777
e2cbeaae07d720eb,71f286e74a2c1ac3,3,1,0,-2.625,0.110712427738631,0.0804043347887482,0.0955794662209429,0.0001549462293877
7dcb7554c55592c0,7460370a9aabf1bc,2,0,0,-6.25,0.015066603664704,0.0167867743027957,0.0172155585545707,1.2363406157522165e-06
43b5d6a277151936,d7a0aed66eb98ee4,3,1,0,-0.125,0.7960740726382558,0.5221199165562819,0.4668716737775432,0.3155480780986742
c49633dfab07ee93,96bb9f21d93bdf4b,1,0,0,-2.25,0.0402210518916862,0.0305224775318787,0.0311613456391167,9.665815631670968e-05
5f57a9f46c1589d2,87ab8c5feabf9311,3,0,0,-3.5,0.2184016886636222,0.0324238616823541,0.0293151027456032,2.0776280362454226e-06
3885caa272928462,42da14e2e216542e,1,1,1,0.5,0.9521772796364624,0.9454350401981308,0.9440548179284058,0.9663850330346516
b836f4da66fc7938,6d834497f2fcad76,0,1,1,0.375,0.5820358092907,0.8495558775818928,0.8617614266091495,0.615478966362088
eea7a58b987c56cb,205db03a779b5d24,2,0,0,-9.0,0.0016425224024075,0.0099717042238289,0.0096661039354894,1.0662253035884664e-06
faced699264b8b05,55f2d710960a1aa9,2,1,0,-1.5,0.4004323018784584,0.8418283444058092,0.8482849177802623,0.0006611196927626
c5ff454faee21281,ebe591e0b3e0c745,0,0,1,1.125,0.4683626947311453,0.0341323601265288,0.0411649519845153,0.9847891311328454
454be80022995b92,e65b49b3034a3ab2,1,0,0,-4.875,0.0593320485933396,0.1116975459846425,0.1135752161057101,2.7451376901768224e-07
8fbcade94cc22f36,b81d1a2e05093bdd,1,0,0,-1.75,0.112847037777663,0.1909800991320212,0.1930902627090225,0.0010167122168503
4ee15fe117f4d96e,18fdf91b5ed205ff,2,1,1,2.75,0.8927873423496672,0.8427462877888786,0.8351316349030824,0.999947932336737
6db020999f9454ec,3c662b19cd22505b,4,1,0,-0.375,0.5615317824343592,0.6687551266311675,0.6648618459623502,0.1134101872246269
66d78de26e2c39d8,f8b8d721c9f05336,4,1,1,7.75,0.9992333184058144,0.9745502815919924,0.9749109631308724,0.9999997370767996
e9d8202cf167887e,31568093fa533296,2,0,0,-5.625,0.0189205095229958,0.0116404951782274,0.0122677433503839,2.9907694772135137e-06
b62f34e1a6cb2bf2,82d4388e1f008f7b,1,1,1,0.375,0.8604951698895937,0.9744751990997828,0.974336858354366,0.8945974951081554
14fa7b6cc7e9e1b8,30e473a0844fccba,0,1,1,3.875,0.9567640214994838,0.996045466392175,0.9952538930865872,0.9999915350478596
fb80fe1b7059cb3c,8baa297173ba3a07,0,0,0,-3.875,0.2107888939861615,0.007884271662871,0.0069218859742429,4.502178477593819e-06
407c33146fd90b92,7c49ad67e3074325,0,1,0,-0.375,0.6435424268779242,0.6812169870424776,0.6430708644589253,0.1277771938769006
06b938b731f2b4bb,e055d2bba83b1d90,4,1,1,5.5,0.989526987436222,0.9717372580611836,0.972024532310175,0.9999988694467284
f8055d377df32b2e,dc46a07202623571,1,1,0,-0.875,0.5794597242002643,0.3066190463032198,0.3092925524959532,0.000177374211173
cc256a36e9af9ddc,5f2e48d65f7ea56d,0,0,0,-6.25,0.0264646709659559,0.0221723537444567,0.0173866617823281,2.5985330196609434e-06
408e8d54204c6df1,a2f456aeb9b3adcf,3,0,0,-2.75,0.0582141451615253,0.1028917383682026,0.0952982820382866,1.651211869765294e-05
729283daa121411a,53072f0281f57426,2,1,1,6.25,0.997056861618762,0.9983074142234574,0.9982746394906004,0.999999987509988
4aff6667b2dff47c,af8a05b8a2e513e5,3,1,1,6.75,0.9973509660795408,0.9893748827239468,0.9874928158753912,0.999990997773538
4161b71c493bbe4d,f9f94cc004583903,2,0,0,-3.5,0.0692344968590693,0.059446884553503,0.0574727172837457,3.409750004851123e-05
bbbdf627804eebbf,6343fe4f5470f9dd,4,0,0,-1.5,0.5930185631186996,0.1032782484412395,0.0985013988435029,0.0002460473125063
387d679124527620,9abe260a73ecb7a8,1,1,1,8.875,0.9999312182257812,0.9876918146998294,0.9869523048412292,0.9999997764720452
fa2d04ffa2d8b907,f22fd79922a3aab2,2,1,0,-1.25,0.477003948956278,0.8243617118147136,0.8298948650668291,0.2349567978677332
d93ea380f63f6503,c573a7aa4d2c9513,0,0,0,-8.5,0.0213290599255443,0.028665118331858,0.0313528962471698,2.429033338001558e-07
7bee051d702716ac,e4fff40385d0c70a,2,0,0,-3.625,0.0945176273541911,0.1712476254512302,0.1742578652538619,2.3267020120852185e-05
69ac3cd726694b98,b57a414501aa2f84,2,1,0,-0.25,0.5280772642084006,0.7369428471487789,0.7371877028376135,0.2373556074446419
75ef9e8e3eab7481,ad3f43a33e8f9371,4,0,0,-1.625,0.0948529403902169,0.0942409042919385,0.094262201079681,0.0004226017264122
715a4c5cb8fc4d36,783289073a828810,4,1,1,1.25,0.9708244545367654,0.9857197435202156,0.9850545412900048,0.9992766063674584
98e74c67f7832586,09ed8d1676720f91,3,0,0,-9.0,0.0025581220316325,0.0036567134878387,0.0037058873481188,6.460809798581355e-08
ba81544f2954971c,d362083786ed194d,1,0,0,-0.75,0.3668842148351935,0.5042006322762621,0.5057214588107074,0.006179906005504
ce648dc45d1df4b9,cd9a436f34308495,0,1,0,-6.25,0.0276805747977344,0.0325047134585449,0.0383474084136246,1.6928416887000525e-05
a2b0c5dcef80d309,1a1ec8baa2ceb072,2,1,1,1.125,0.9494759332032484,0.9776088472607644,0.9776353015912989,0.9891601185398032
26b1594b56ef18c4,af7c3ea1969f8b25,3,1,1,2.25,0.9437915144568532,0.9396878774846528,0.9434337715836976,0.9998958599035744
df858f3448aaa620,ecd86c013dc73804,1,0,0,-8.25,0.0022228875076975,0.0105352647296613,0.0105794701429946,4.836161990522068e-06
2f5aaccf3624e862,6ec00af21c58803a,0,1,1,3.25,0.9782841211017193,0.9993147310419936,0.999313581834539,0.9999992672214948
ab64a835592569f2,db9545771e1170ad,2,0,0,-3.125,0.1541164980658697,0.2517065990161286,0.2442040393796004,3.390333614888341e-05
3acbeed28b77cc8f,a785734d99eeef65,1,1,1,4.625,0.9731114419917076,0.9480560038240028,0.948946029649203,0.9999947670130432
1d9123b89be5c086,8a3a640bc81aebd0,3,0,0,-1.0,0.8055190311419593,0.8512460088240899,0.874201883147662,0.0046432260625418
33e5a5c5030d0b09,e111bb229716804d,4,1,1,6.5,0.995477438281267,0.9772412169085866,0.9765682629368072,0.9999996788214428
6734e3ffd23aaf32,519845fa3eaf49e4,1,1,1,1.75,0.9587114955369928,0.9908550634351332,0.9906805275364234,0.9920869529127092
6ad1089e5b3afd7e,d4eeefebf04cf336,0,0,0,-1.0,0.5784994727441772,0.713661790254489,0.7074820139475659,0.0037664031233073
c3144896fe573396,678d8cf80a4e505b,4,1,1,3.999999761581421,0.9976157998505456,0.9871941027049872,0.986545839997106,0.9998788415971386
71059c8e7ffedd21,5091f5a062de20db,4,0,0,-3.625,0.1314989820620828,0.0416773588633921,0.0422270120841822,8.710065163591067e-05
e2ad4d2ffcea46eb,9becfe92fbb0a756,1,1,0,-0.25,0.558317179978826,0.8817928183117169,0.8826484965509189,0.2005546833917134
6bba7fb2e8fdc331,0dbd8984d388ec03,0,0,0,-1.5,0.5555486355370176,0.437894938266932,0.4499763336676348,0.0054849410592668
061629d92bd49b3e,489c1e3bcbd33c4a,3,0,0,-2.625,0.2881631775150902,0.4909623068966341,0.4704482707379726,9.302592076928606e-06
079faeac4bb37304,3914a9239d6aeb8c,1,1,1,8.75,0.9996956231455794,0.9581420260450648,0.956536211870223,0.999998987854908
05e6973f0854d271,1df1fc67c7654362,0,1,1,0.25,0.7433233842515896,0.3842889519581292,0.4617497403656947,0.8247908851019583
7f2b5603b59e7d21,c6013a4a99e5036a,1,0,0,-8.375,0.0053536372942269,0.0170938585483456,0.0171861353059145,1.6744283934118773e-07
c67a8c55656f162b,3d85bf1452a0e35f,1,1,0,-1.8749998807907104,0.2086570272494733,0.1699535381458604,0.1706729204266966,0.0003493861562427
e8415cccbd4726b8,f2b045780a541067,3,1,1,5.75,0.9981926623151494,0.9895512168288269,0.9897481847126184,0.9999951087902544
ed93ae5bd9b85422,06af892fed6834ad,1,0,0,-1.75,0.4177240420539617,0.2157425691310851,0.2159252306905282,0.00025377813406
052cee13e05b933c,14e7137e8c3da01c,4,1,1,2.375,0.9305483504172296,0.9830849212876466,0.98284643760388,0.9999951075941842
daee54e2391ad023,52efe93272aaf1a5,4,0,0,-4.5,0.1876870567545386,0.1049203324793026,0.1004999541469475,3.219107958677174e-07
802ae2a44b52ef05,31b3cb28e3227eb4,0,1,1,2.375,0.9255662832987754,0.9666774646351656,0.9659105973309052,0.9999651045493438
f135511bc82bcd31,b314431b7b6b8da5,4,1,0,-0.25,0.9007619621556592,0.7925414961528425,0.7875429143365494,0.123180797042154
64a32f60a7547a72,fb0515ebc2a6aaef,4,0,0,-4.0,0.1228576272283691,0.0705504854593303,0.0697155914786951,6.021609785824236e-06
dee13cbe16ad790b,76b3d78466750a59,2,0,0,-5.625,0.0550996306437408,0.0262473734682342,0.0250207779900866,3.987032755530366e-06
3b072c2e02c02a4b,06bdc28d29fd1332,3,1,1,2.5,0.9814909070759265,0.9957903582896456,0.9950571705521316,0.9999915387493454
e0ef7e5912732cc6,b2418f8c2e39f26c,4,1,1,8.75,0.9988424403100632,0.9761496131470908,0.975186572778062,0.9999998902863132
d0ce83e7ea9bb123,25d6c8a46373c63f,3,0,0,-3.25,0.0665447201186488,0.0139177326267398,0.0141130936121789,4.27681994473315e-05
d0f0f3a2cbbd1326,6425503defe0f49f,1,0,0,-5.375,0.0339796115380856,0.0131575311181796,0.0129751187549321,8.874997346435324e-06
08d1def258604bac,2692a884fda11613,0,1,1,4.375,0.9960533075276586,0.999578516167678,0.9994896206407072,0.9999970021527446
811744d3d17633e5,1b67e7ca55b7ab9a,1,0,0,-4.5,0.0738441375876588,0.0256414180426627,0.0253175563918624,8.457817276858242e-06
d6b2633a0e137fa5,a7bb16e3d35b91d2,1,1,1,4.75,0.993509333394664,0.980509259322168,0.9800874054417752,0.9999093376244824
ed00edeff04ecbf4,2d4743e89371ce99,2,0,0,-1.375,0.4841873278094955,0.5258836459158364,0.5185220172474891,0.000962187920392
d63e45441bdeb365,19baf53e911efa1a,0,0,0,-2.625,0.0227115608639563,0.0127548265734082,0.015966123479237,4.6765966935350063e-05
523f5af48ba272d3,a5adf73145564005,2,1,1,6.75,0.9947718802444634,0.923473587882665,0.9228518437673372,0.999998614723326
293d3701958664cb,1c99bcefcade0c42,3,0,0,-4.625,0.0121222852450941,0.0184388027212758,0.0186548974940006,8.260739686305752e-07
0ed595e95af4763e,6ad2c2b89c5356f1,1,0,0,-4.75,0.0485761554246135,0.0258402160201802,0.0258140361952103,1.5020321973438129e-05
8eb709cd8a84eeee,2a9d2de2d5e4eb76,0,0,0,-2.0,0.0456292801440558,0.0113292762874579,0.0146507547561014,0.0002296518674042
d5a44750a882b070,1fc59a9645921afc,1,1,1,0.6249999403953552,0.8688826490021401,0.984654308228379,0.9845064377828782,0.9825037594581676
01b3492602c1501e,a15f4e2316d0b405,2,0,1,0.125,0.6917960116943598,0.3900067719668798,0.3830079957638913,0.7408228543286819
690032de29d10a21,b7d2e4825a41b6b6,1,0,0,-0.6249999403953552,0.6388603050186896,0.6987419997362533,0.6967012188658576,0.0210374260512688
960ca45d2fb71df4,7b2b2aa324e32535,0,0,0,-5.375,0.0757673588327909,0.0059005322319439,0.0066498625470274,2.3974232451036485e-06
2c15de08e42d4f28,a9fcc7d97f5592b3,3,0,0,-6.25,0.0039066216582178,0.0047294844276514,0.0068150080043668,2.7200702997346373e-08
d9136528317f8ff1,b1cce4f090d37131,1,0,1,2.125,0.8794771922550445,0.8820549331350712,0.8815710928344207,0.9998132728805892
1e8a0ba1dc080a28,21461b24355fe012,3,0,0,-1.375,0.1602484476184408,0.2303017369663623,0.1727178682410818,0.0082858070371756
bcc796234abe8e8a,c20b2ff076bf0eed,4,1,0,-2.625,0.1753303221454674,0.7168752885264288,0.7203483257217225,0.0003799879654512
bb84c6019e12fe8c,7d3157ba786ddc57,3,1,0,-0.875,0.2367052967259811,0.6767691574038068,0.6872317614721813,0.0606811636629664
787fd03a3922f895,1e77b8f72fde3536,4,1,1,3.375,0.9512438560054676,0.9727607550346142,0.9730602025868428,0.9999227851652636
8b8b20271b4087ed,6c5bf407098691af,3,1,0,-3.0,0.2395422501723169,0.5503203556944612,0.5520261888928435,7.644789037418863e-05
80f7db5a1fc1052e,bc0f39fd553c4b84,1,1,0,-0.25,0.7787679879494211,0.8184698283896705,0.816323289026688,0.2407480407505059
caebf3ad06386002,7ca9f49c21ffc398,4,0,0,-2.5,0.3655148970618182,0.489968631249747,0.4878852270484357,0.0011158808565087
66d75d0fcebf2492,826b6709fa961f29,4,0,0,-3.375,0.0662723587071092,0.7252789849816419,0.7319097090282758,2.0186911443758015e-05
4b0f98eda2abf03e,b639bdfc8ac3b022,4,0,0,-1.75,0.2413112996529293,0.1113896721147392,0.1087473294705262,0.0001015749837027
a01e8db19b00831b,f3c86e0171421f45,1,0,0,-2.5,0.2946860412561868,0.154650607066543,0.1555428531414524,6.092013752001508e-05
7032b24481183213,f902a8e01cbfeada,4,1,1,1.75,0.9680007756808536,0.9826151070040862,0.9820509949887102,0.9999472653870796
3b8afc61307d21d4,c109de01cb125006,2,1,1,6.75,0.98830170434132,0.8591294596783461,0.8589896453690835,0.9999959597535986
9a3540256221faa2,5074c7e271e9fc48,3,0,0,-3.0,0.2720116122211014,0.1352963451760792,0.1332222310177721,2.38261922514373e-05
328ccbb96e4737b3,65d836d6e375ac18,0,1,1,0.125,0.5945577501505303,0.9271222191942226,0.9407907346305378,0.8615712011048549
1e97738ce568a247,388fed39b39ed03b,2,1,1,3.375,0.9698205313682268,0.9793658638552716,0.9793307066486452,0.9999642978727508
4b2c0c236275c26d,5e3a5f40e2f8a3cc,3,1,1,3.375,0.9789784205991064,0.9993711984181622,0.999472827728462,0.9999991072864892
529604616dcb077e,7d90e4634df98079,1,1,1,7.0,0.998048604836902,0.9733393074322124,0.9729817271252768,0.9999972992699296
699d1adeeb2a3c69,207bb393e22397ca,0,0,0,-4.375,0.0753129311683404,0.0193737143878251,0.0156949912666223,6.682756951605178e-05
a0e26bd81a8f3d60,68b9e41f74302a48,0,1,1,5.125,0.9773170023367111,0.976478891541033,0.9721637083803912,0.9999950276361804
33d29c7038daff99,cdfe8c49cb4eafd0,1,1,1,2.625,0.8655114480559611,0.9735908635033548,0.974307593869376,0.9999985798053296
6e16ad0b46b5ee44,e1e25204dd02906f,1,1,1,5.25,0.9970164407582806,0.9922749832500408,0.9923166837245508,0.9992734520209602
821a82ef3da4c8b3,663b30001356a9cd,1,0,0,-2.125,0.2311402514898939,0.0392198516548076,0.0389660982169856,1.8270465886085088e-05
79a003ff7e5cc44f,1fa02607fc6262ea,4,1,1,4.125,0.966139441571357,0.9867123124399116,0.987132334773491,0.9999980642578408
53ee4a8d5764e078,f5a76a09db964fcb,3,1,1,5.875,0.9918833731776584,0.9797282750119736,0.9768680702863636,0.9999992139307832
ff193755030e5561,ded9ef00189379d8,3,0,0,-3.75,0.025261564449298,0.0073314735887904,0.0061028983376785,1.6916148484378566e-05
6fcc4203623c5f59,4872dc4ceafc7b8c,4,1,1,4.0,0.9956569762025984,0.9922512370949752,0.9916865324317016,0.9999974368294176
557b94995cfd52f3,82535e418f37933c,4,0,0,-2.125,0.0561958281238416,0.044137783834213,0.0443299477932712,0.0005202809380712
c038f203a4364585,fee85bc3fe9f2c58,3,1,1,6.75,0.9977352342912228,0.9820192585699908,0.981885840918458,0.9999971222574556
4dd1b96e012f94ec,ee885541fb7811d0,3,0,0,-3.75,0.105550351482787,0.0201420665173789,0.0205121730263477,3.045069505091705e-05
168bd01e9593ca35,1ceef39111244a6b,3,1,0,-0.125,0.7814161350240528,0.971009122226451,0.9734432266160752,0.6139722762537062
1fe04362f414da46,e3b791ccd84cfb63,3,1,1,7.375,0.9981450405708344,0.9719487686189217,0.9680767114437888,0.9999952448920628
45efb62e0063fa7b,b36e05f71bc63a10,3,0,0,-7.125,0.0039306249304437,0.0024306379824304,0.002840048360337,1.7433361681056925e-08
872813b1d7f29317,949ff89671f9c85d,0,1,1,2.875,0.925185127889506,0.9548842448774232,0.9560963500920108,0.9988277677929072
bcffe572252c3ca0,a5ef284ee795cffe,3,0,0,-0.25,0.8536818784930332,0.5726586606107656,0.5245984208168036,0.0080228686449018
c2bc4047392cce79,905d49a1294c0e4a,3,1,1,7.375,0.9955906613699322,0.9980225906022224,0.9985540801699948,0.9999999962777462
20befa776e1e65e8,08444f76df182f30,2,0,0,-1.5,0.3074620797562269,0.1265264363407963,0.1195254874356447,0.0008010794501764
c8fd3f4dfb215469,5b8ecd9557f1344e,2,0,0,-4.375,0.2678018454409078,0.0213059530838877,0.0198582595001528,5.061244876143363e-05
3783c70025644b88,74cfb9c55634d1c2,1,0,0,-12.75,0.0001184416700747,0.0069601110784982,0.0071837801973802,1.1394580850619422e-05
23ff73515a8be12a,491448791488641b,0,1,1,0.75,0.9599201507876172,0.9877479531935522,0.9862513036149524,0.9364632998478922
3893931afd368581,abf6234bf2d1629f,3,0,0,-1.25,0.1624167038333013,0.0971003965108349,0.1097592801386202,0.0282700203559639
0359e03b316e0377,4252192d6d104868,2,0,0,-3.375,0.1395371793357369,0.2086273318443757,0.2129179791117778,2.76606635028898e-05
254f015704ef411a,290e22993f89d339,4,1,1,2.75,0.9743228179575748,0.9843829297041023,0.9851555713419344,0.999966260661509
525d980dee2dcf49,4f336b7b89d04658,0,1,1,0.875,0.7830469742722335,0.8801085000288701,0.8546319037530941,0.8157699172182545
40a4ca8780868ff1,674de26a7d198d4b,1,1,0,-5.625,0.0162990867492454,0.2442409404054215,0.2479649099761022,0.0005312707524444
5a088ef04555d668,a5dd9e346f1e03e3,4,1,1,1.5,0.8397601650412141,0.9332381379879632,0.9323598673721012,0.9999322131803846
686af50b449bfbd9,ab6a367247fc056a,0,0,0,-3.875,0.2768872710155887,0.0045051488604438,0.0035529025676991,3.6967493317557855e-06
8c6f7d0d1e63be83,25d2510b830bfefb,4,1,1,5.625,0.9850719744774126,0.9932504810895308,0.9931264810672592,0.9999992356043348
aeaea4d48ffc3a03,4e7fc99d2049e297,1,1,1,0.25,0.5507902237767247,0.7169396564763807,0.7219017125905929,0.2279026507102737
84ccb39a8c3b5f94,a06ee1c6bcd6789d,2,0,0,-7.125,0.0038351793194889,0.0168882050714737,0.0183293797181228,1.0316854160874053e-07
54942d278408820d,2c75f169566e7784,2,1,1,3.0,0.9193371390477584,0.9705151630645528,0.9718858493092166,0.9998881887137672
85fdabc9d3c3e993,1f19278d4db8d225,2,1,0,-0.875,0.5744015150435416,0.6455229806986004,0.6405016832975603,0.0361729874187815
60c9e4618a2554dc,782152cd09b7d248,4,1,1,0.625,0.5971687354854882,0.8980935807224973,0.9000039806940322,0.9705201689126964
68302bdf3cd73586,e95bdfa2dd10793c,0,1,0,-1.9999998807907104,0.3685129573512578,0.1846386920550176,0.1709378663421763,0.0001508148935668
9d7504ad961ee358,d9b3db986389b29f,4,1,1,6.875,0.9938925551155776,0.9770449634051775,0.9771126663122836,0.9999994159083568
d59d7c3012260c5a,cb79f065fd05125a,1,1,0,-1.125,0.7457634975726403,0.9014982698118807,0.899791254733196,0.0074962417544224
c3995e4314d10200,e3094cf700695984,2,1,1,0.125,0.8068753736418713,0.9000638327870546,0.9010902105559347,0.95907524124067
c003db1404d316e4,8eaf962af19850e5,1,1,1,6.375,0.99885273640035,0.9973222751465745,0.9972768333080688,0.9999999739935864
e193f9ded43ba6b2,38b897ed313c8b17,0,1,0,-1.25,0.1348325783856542,0.0365934675460896,0.042317309581412,0.0040658758427437
3bfa57dde959f343,ff0745056c454d0a,4,0,0,-1.5,0.612761381767536,0.3945080827032232,0.3990163410654538,0.000185876965339
eb16f280088ddf92,a9facd9fd3730e57,4,1,1,8.375,0.9975539884397878,0.9505161084119444,0.951148638388315,0.9999997794763004
abb7e21a8f55c480,dbaf6460f855b7b6,3,0,0,-6.5,0.0107379797702459,0.001725755161907,0.0025049675921678,7.889854261232897e-05
51b4893cd120a893,b8dfc5030c281bdf,1,0,0,-12.25,3.766490654407823e-05,0.0018242880290077,0.0018739410336595,2.568809550626893e-07
9094472876c1cda7,a0c9e17e1462a002,1,0,0,-5.0,0.0430489489805118,0.014489028843898,0.0146431359572155,6.194790205716544e-05
baa00bd1db904589,f7f49abf2a5e1417,2,0,0,-8.125,0.003113055779236,0.006551827067434,0.0065608942132285,1.1864606253406781e-07
3a8d9d1037e6bf8c,a9671c1340cafa36,4,1,1,2.0,0.9496224315847954,0.9796594363418334,0.9787003531157096,0.9999682627708923
a15356f80be667ca,2e77b3fddeea067a,0,0,1,7.875,0.9985922271375296,0.9984994423573264,0.99803214583509,0.9999982745095248
25f1873b1a841e9c,0e115329f0de373a,0,0,0,-0.125,0.7427039096569343,0.4592754625013197,0.422143221502716,0.098914008941819
78d69431d8f639a2,699331582a59494c,0,0,0,-2.375,0.5129386631817047,0.575392510006191,0.5616890278886795,0.0001470716435163
ba5d05b6b55ac160,5ec0a1e0172cb1bb,2,0,0,-3.0,0.1236603983893068,0.2958150435261584,0.3030557894302344,3.672487039116898e-06
1f4fbf01b6fb7e63,a595783332fa93cd,1,1,1,1.625,0.9303276629919148,0.9846088589679496,0.9848231876722572,0.999932151345095
bd110f9615e96486,ff89944ab89ce416,0,1,1,2.375,0.9171893042829438,0.9512548769286884,0.949934094687517,0.9996418496192214
527a27c48dc39d8c,ec528446de97568d,0,0,0,-1.625,0.4148012523354285,0.716208598674708,0.7252402153978681,0.0008283518653216
1a4f8b428a52bc99,e4cd03fcf9ae9c6a,4,1,0,-4.125,0.0890718706394476,0.2647849391455614,0.2638563416080581,2.906676741022146e-05
11ed7093bd7bf419,8abbe458cdd125ef,1,1,1,1.125,0.9716812678509864,0.9547239565465456,0.9534092271822284,0.9982547893825824
ada1a4b449c43303,f9f194cc66d162b2,0,0,0,-1.125,0.2523549462096552,0.1175772759416577,0.1085891537317993,0.002770306651768
bb020af734b35030,025c63b2f5bb5072,3,0,0,-7.5,0.0046225115362635,0.0028412283380633,0.0030283379972563,7.423656677028e-08
d365e2ea34b9ab19,86a325b6e8842dd9,0,1,1,5.0,0.9045001943266088,0.9520172751827208,0.94619881302135,0.999998814406999
5e2af3730f8964fb,869f80df6dae6566,0,1,0,-0.25,0.2098482894064788,0.6994194189866677,0.6911214690750164,0.1289796989291089
aba3a1badcecafbe,13d9979a4e1c067b,1,0,0,-4.125,0.1353482277857587,0.0657329338385205,0.0646482656952484,8.210267229490603e-05
279006b00cdc497c,21838e4d5fcc2e26,1,1,1,2.75,0.9765980553407608,0.986738825230722,0.986754935718414,0.9999854867407648
ba54f3b618d8802f,a7e1ad01d82df679,3,0,0,-10.25,0.0006165887545557,0.0055217339896287,0.0045728083101809,1.28740481088946e-06
f13767a633d24c3c,a11cb89f3584787a,2,1,0,-0.125,0.8041423805995499,0.9316629763642909,0.9334244207009688,0.9380889480665776
d471f561f9561099,bfe2669458a03712,1,0,0,-3.625,0.1225572325534422,0.0431880234934694,0.0436353290392475,1.2329796962361558e-05
9477d24fcef497d8,61c315beeca24084,1,0,0,-6.625,0.0046736652392663,0.0174863378660857,0.0178920421086928,2.5952467864969816e-07
0c80475e703873cd,4df59694e223fb80,4,0,0,-1.125,0.6585797090560256,0.3916248764015562,0.3795017622643446,0.0054451061760889
33272fc3d55d7b38,439ebdc81baa042a,3,1,1,2.375,0.7679281440058497,0.9810273244788128,0.9819447164054158,0.9996935848735886
5e10798000f4f826,952642961ccbd5c3,1,0,0,-5.625,0.021514364713688,0.0251213347652107,0.0254679877394614,3.071417406618217e-07
252977f3eef9b396,0db934a21e0042ed,0,1,1,4.625,0.9941568010279328,0.998514217796698,0.9983900602865428,0.9999951653392212
ea8e19bf08d58578,f6c8ecf2963e1c90,0,1,1,1.625,0.9448835620873284,0.9962723252749576,0.9961937285912628,0.9998948833727792
e5832820dc2508d4,80aa3944fc48615c,1,1,1,7.625,0.995813772029324,0.9341304338252104,0.9354395574915833,0.9999991470947904
5e4a34e22defa020,41feecb451d7fef9,2,0,0,-4.875,0.0959954206489546,0.2836388876877793,0.2804348821443952,8.69632708774637e-06
7ed806a0d58bd768,b66193865ded7148,1,0,0,-4.25,0.1529219163049358,0.0339471743122836,0.0338975435200986,8.924783237380731e-06
2b785da2787197e8,3b3815ecb56e34a0,1,0,0,-3.625,0.1066167629463266,0.0832027215754846,0.0832181978413802,1.2600521840089876e-05
7da328bef13b85de,240db04eb118d799,4,0,0,-11.625,0.0002322526578868,0.0025356627803132,0.0024890597433902,6.812453404628632e-07
b8ce46dc0bdd0424,25d247cd5378b34c,3,0,0,-6.0,0.107070664748638,0.0895657062471502,0.0996565958716006,1.1611981076496985e-07
1d35a1fb9cd802dd,d5ccbed1f11bf4b7,1,0,1,8.125,0.9989666098117042,0.9659833575391096,0.9663458965196152,0.9999678110397864
d90fb73769f9ca26,229ee8604d12b347,1,1,1,1.625,0.9520387056932632,0.9952100526526882,0.9952517560086396,0.998806272682948
76c3770c26accbdf,c8b730477c669d7d,0,0,0,-0.25,0.6659793089753708,0.8502003999720108,0.8258523761618488,0.0948936551945861
09c4e14c92235282,e1ee0ca6d094e5fd,1,0,0,-0.75,0.6581787279553557,0.4626685127740875,0.4594402887143073,0.0675934525737965
87ff3d460db2c865,2e54a8e7791fbad9,2,1,1,4.5,0.9908913551433668,0.9761015969334018,0.9753462805490012,0.9999972313154804
384d2afed1d6d4fc,30c3a77072a00edb,1,1,1,9.125,0.999858841292374,0.9476167173054838,0.9459934927807192,0.9999992776671536
eb265f9dbae9529a,2ddee34f55c6fd38,1,0,0,-5.125,0.0603408001626305,0.0287155444336334,0.0275214999963043,5.058054462319146e-07
bb3f56ab48cc1541,36917d1c5f657ecf,0,1,1,1.25,0.9556000219941932,0.9976371189385524,0.9977193786919476,0.9991333458063232
e31ae4af31efbf78,3c065952b9302d1f,3,1,0,-0.75,0.3452977226944675,0.8391384907575707,0.8653593867773648,0.2502499087673616
22cf5b67ba727efa,b1af9d39e9026ad0,1,1,1,4.5,0.9920629478705426,0.9884056409273898,0.9884070973672076,0.9997801089576248
64cadfc6b9952cea,4fcc2a175729e961,4,1,1,1.125,0.910257316292824,0.9635521876321196,0.9633867107314202,0.9647423628817852
d2701f4af8736a1b,d9f7f30a806afaa4,3,1,1,0.375,0.3716604514325338,0.3011476890811061,0.3228355923665674,0.7962687913409003
9f52c48ebd0e158b,bc0b1314602cb8b4,4,0,0,-2.375,0.0530030537930056,0.0233410931338169,0.0232511094575326,9.461834373365377e-06
506ceb5c4be1c923,5896fd07b40f6ce9,3,1,1,6.75,0.9917513214328876,0.839260464411273,0.8505017892859991,0.99999191823147
96903602ea8395ce,0dcb8e08a3accf39,1,0,0,-3.5,0.2945002966304623,0.2416057341787533,0.2316908421100874,0.0001288939594234
6b235e72f705415c,b715d86361691336,4,0,0,-6.0,0.0124430619640867,0.0144783140026914,0.0144726303894897,3.368952449508484e-06
1e50ceb1d8c3c0b8,f8bca751feaafc05,4,1,1,1.5,0.8031754930825218,0.9487757346382848,0.9488603346580912,0.9997612710258896
d8d52d872ff696e2,2d38c298a51b3bc0,4,1,0,-0.7499999403953552,0.7822384812449575,0.8525703228535596,0.8523013524646351,0.0231733255222229
0dc1c2a9c428c833,ea4ec6eb3ff001a9,3,0,0,-1.25,0.104028099348146,0.0223383635368944,0.0213810324986777,0.0050317386564227
8086048debd58977,75a230900b647fa9,3,0,0,-10.5,0.0039250601756321,0.0326462315488614,0.0266798192775006,8.405320045079194e-06
2d1517c568b6322e,2e5467bbfe128daf,1,1,1,5.5,0.995656568784075,0.9952474903050124,0.9953486916424814,0.999999761212667
f42e1a35bac52ca4,e79dfb9f02ff6cde,4,0,0,-1.625,0.3706304500145539,0.4032813062308798,0.4028693759235695,0.0045980692492979
648977851a40a816,308db0704e9bf7dc,0,0,0,-5.125,0.0948847968367175,0.000257274923772,0.0002776839795515,5.210283269179423e-05
884197973e8125e8,0c06d1de868a4c60,1,1,1,0.75,0.9302635478636054,0.9491642928476548,0.9499887887510894,0.9895322378678842
a6dae344486c87d4,37a9077ec00e4c1a,2,1,0,-1.0,0.6091805991123272,0.7848710090605817,0.783676418679854,0.0018887029590559
469d35b59d02ddd9,8fa761ea663d5e18,4,1,1,6.375,0.9941817447690072,0.9958823448782314,0.9959645909355412,0.9999998744340944
9de3cc1b98f44dad,0e7aa74b6daa5bc5,0,0,0,-2.0,0.5336711184476851,0.334275850187673,0.3511530387977756,0.0010442915698405
f08978497d7a6897,dee1ca3ac96a4ed7,1,0,0,-10.25,0.000949884351768,0.0170839591299114,0.0172672239461601,0.0003074196014316
c4c5d9ad33199ba8,3275f12007cd133d,3,0,0,-1.625,0.5361231582886681,0.1958885338633587,0.1828704982235409,0.00153155699835
d6317f5def858349,f00645ede8ca8176,3,1,1,4.625,0.9892924454620456,0.998545762218576,0.9983719574713964,0.9999999039469596
57467fc784e85004,4b36dc1dcba4c7e8,4,0,0,-3.125,0.1903829445666804,0.118095688033497,0.1180607909928794,3.273341220199863e-05
7e74698990f85316,300e5190c442b6cf,4,1,1,3.5,0.8649430652935455,0.82146330878538,0.8260268912470096,0.9999913956258653
638be164f3f35579,477d365efdcafd6f,0,0,0,-3.625,0.095861482590584,0.0126771763435898,0.0145084625869425,6.284430176926727e-06
43424f951a56f410,2e6c423c1a8553f8,3,1,0,-2.375,0.2766871233457227,0.0479885416405953,0.0540704668850134,0.0001474999663855
8875659dfaa2683d,d3b370248c6d5de4,3,0,1,7.375,0.995348458918529,0.9442313875028662,0.9462471897940172,0.9999994385051424
9fb793b75115cd6e,91ca51f5a3a4aecb,2,1,1,0.25,0.9083413165968728,0.9390090880117168,0.9367498205805748,0.7786048212902146
f73a6418bf048cf2,d4f37bbc5e04505e,1,1,1,1.625,0.9341683821418872,0.9087643874566468,0.9106899628263316,0.7291122159965573
5d2893fd8d59035b,6a2c5eff4a88ea23,2,0,0,-6.125,0.0101315651678573,0.0095329271711145,0.0093257773483375,3.3842094995242625e-06
938c2efdc2f08e56,1de45ce3bf1ff09b,1,0,0,-6.875,0.0841665511091022,0.1176959615350892,0.1182286356685133,0.0001297645692841
e90a7b71e4ab214f,2a5142cccd0dcc08,0,0,0,-1.625,0.7542263106439197,0.1032006923098712,0.100263107473454,1.439574052723218e-05
37709469db548720,66bbe0b3161e9bc8,3,0,0,-2.75,0.1187467931727336,0.696937140206716,0.7099571369972669,0.0005151492647843
f42433d8c5deb552,a5c30144410e797c,1,1,0,-0.375,0.6428453162903437,0.6747759113997343,0.6788265889195613,0.1815755783172236
64f2ef01f153b67c,75e30ae9f4878386,1,0,0,-0.875,0.5997744698892418,0.6292211786590676,0.6245769231022297,0.1483562681628904
8b5f20d56dccb229,fa8e5c6b3bef947e,2,1,1,2.5,0.9300675978543488,0.858673823081602,0.8556693874469832,0.9939175979759846
5a4a861a9a3e7eb4,e4c51bf3ed90b4f9,2,1,0,-0.8749999403953552,0.7233483412146556,0.6055003675106579,0.609921295551635,0.0035344474498946
ebc1342da01a85ba,03df79f7b235fd2f,2,1,1,3.875,0.9864794959333244,0.9978524542794168,0.9978531801970524,0.9999979318565796
93b6f3ec182fbcb4,0a72a3c91be8610a,0,0,0,-2.0,0.114584080403703,0.0086134200860029,0.0088448717024978,0.0003043003239599
73f765e9930da038,776db44203641185,1,0,0,-3.375,0.0275882742689747,0.0201514285037503,0.020734620110622,2.493803221209157e-05
f6494c2b48e5e532,57ddbe1fc9df0817,3,1,1,4.75,0.987874369359814,0.995448328256794,0.995075039312472,0.999999299366636
43d1562376255bb0,f104326d09766648,0,1,1,3.125,0.8531134597713287,0.9953197371710684,0.9954510555210292,0.9999996061589654
8da2e8739bfb7d2c,67a6e31b4cf89a53,1,0,0,-5.625,0.0846836070278454,0.0035292401108688,0.0033835036387248,7.147903681202554e-06
b74cf20c4335f221,3f9c2970847a6325,4,0,0,-5.125,0.0400083893117787,0.0224450977000827,0.0230039038749559,1.4052619542663017e-05
004fd103e1e78e9e,794617d1fb2a1887,3,1,1,2.25,0.9730840334910148,0.9977503559621989,0.9975867443247008,0.999935029066287
58a5915acdef091d,219c1e92031ad601,3,0,0,-6.625,0.0089278806100195,0.1012217161720197,0.0977544734648109,1.6107286248943657e-05
06b5547ddc6147ad,1725e82b2742718e,4,0,0,-0.625,0.593524378029213,0.691855075596852,0.6951114641125334,0.0233313981095512
630a66647f687157,43041c43e9dd7620,2,0,0,-2.75,0.0835027442353171,0.0636537523623175,0.0642228181949979,4.011199230236413e-05
3d808049577c61b4,f36a1dfff34abc87,4,0,0,-5.0,0.0196649925343341,0.0193381320469092,0.019555027335097,1.349077176589018e-05
c6487441af78b5bd,3083eb4edf0c0738,1,1,1,1.75,0.9408575023769024,0.9823974352323596,0.9824045534575374,0.9902714066043324
d7bf4fa869c552a1,62f58c01d09443eb,1,1,1,3.75,0.9794267797469842,0.9789608054442648,0.9792028549987284,0.999405931234104
30923a560e334c84,49960c5f32bc3513,0,1,0,-2.25,0.3421701417903116,0.8991098006898309,0.8872908159868842,0.0010686062456786
b675a3919578bd49,b8287c03b09ace9d,4,0,1,0.125,0.4143994255521387,0.2168761044616675,0.2195846988689593,0.3512296497338888
7d63ee77b31408f2,5ad9aaac3072e0e3,4,1,1,1.375,0.7889077200533346,0.9701003446769072,0.9700203608273832,0.9999465592199664
d7d3a4a6969f7463,6a3142c5d9acbd49,2,0,0,-3.25,0.0992924868102436,0.1029196875215411,0.1053656043716609,7.875598881943069e-06
0a06d22d0f01f8da,e68051c7b19b10b5,1,0,0,-4.25,0.3231852087305887,0.2114233985841168,0.209735152243428,1.2771818352185905e-06
2a9d7ba91020a870,4de99099e97292c5,4,1,0,-0.5,0.2280115520508535,0.5364790815174025,0.5449526130325489,0.1984777203383275
23ee83138788c58c,89d54c3cfd435753,4,0,0,-3.75,0.1572619717892566,0.09012575772268,0.0915183010690976,2.192705511766162e-05
fc727653afe0f466,8e6ed98d117bb87e,1,1,1,0.125,0.823369752633925,0.766676001714668,0.7602671541167297,0.6790887248122984
ecd5ee8a60168cbf,0e9302d754c4f39b,4,0,0,-3.0,0.120758055142742,0.0620251419121305,0.0635571538016866,1.493118226461611e-05
d08874ea4399ba93,6df70d57569902b2,4,1,1,2.375,0.8827823851708034,0.9049932685763,0.9085428665509148,0.9999665865769743
682d7d4294caa549,a4886df3ba2414c5,4,1,1,0.5,0.7887540460783369,0.8409029199489633,0.8411806339457967,0.7061379838686862
db4d4dda13d0d8b3,3ebfcbbf9f6912bd,3,0,0,-6.625,0.0039496720342559,0.0244643881808979,0.0267736787933179,1.1798189780517655e-05
6784f40a3a7e6444,21d0f50eccc57d08,2,1,1,2.75,0.9846371677494316,0.9904402317989266,0.9904933946783504,0.999777876164508
ea5726b7f0701c64,d4e857e59c42db46,1,0,0,-2.0,0.1284605255874509,0.1279677257293248,0.1307263309659887,0.0001325352491336
4dd22cd703487e38,2555446bb5c172c5,4,1,1,5.375,0.9590077987440474,0.9922244360950048,0.9923533421870504,0.9999999974163548
60f6ba2fb3841aba,fb5e168e4e977b1c,4,1,1,5.0,0.9965612821226382,0.9973330990993338,0.997204914783218,0.9999999960626512
4f120506ed715330,70b2164ff6717429,1,0,0,-6.875,0.041177595303281,0.1147152046128051,0.1080859267572736,3.209135871286155e-07
7bb1f0e3cf66b16c,68f03fe4afb19614,1,0,0,-3.999999761581421,0.0777047554900049,0.1197378856693872,0.122595349903512,0.0001916005959965
e95cac5f2e59cd29,6de7b8b56328822e,4,1,0,-1.625,0.4074988163705155,0.7934656422708576,0.7978662543933548,0.0102740219648189
17a27119dbaf9950,cbe1fb91d9da7294,0,0,0,-2.625,0.0233308273582866,0.0135933928549351,0.015975479783143,9.222803624647548e-05
ae6e9b3c8919b2bf,eab9d35809d155bd,3,1,1,3.625,0.9956068620261868,0.9994175679668656,0.99931610484081,0.9999421994230115
f18ce0a49c7d0e40,05d2ae75de9876c8,4,0,0,-1.625,0.1138343751949464,0.0521035299768441,0.0522555044507725,0.0013188831870827
103c5e70a3483f57,b39ce1ec96d89481,3,0,0,-0.125,0.5909844695905749,0.4644534576694998,0.4735363983120553,0.5234961243893617
dc7927e3331338da,829256076a45c9ca,0,0,0,-1.25,0.5349109905983166,0.0452649438676966,0.0450369520825864,0.0114315600012599
d88c808a2efad36b,c02b5ea60aeb7df7,4,0,0,-8.25,0.009210760401039,0.0195727311267791,0.0197899946528636,3.750839361009145e-06
7311a0da98ed8ddb,7b8d50914ed4ed82,3,1,1,7.875,0.998605994355054,0.9851504405544528,0.9832721466343464,0.9999997356345602
821a1614c62fcb06,a5c53eddabe87a9a,4,0,0,-5.25,0.0273902379120118,0.0458062824104742,0.0475141867357011,6.331470879532591e-05
1ae0315f148ff205,54860ad40476eadf,3,0,0,-6.125,0.0199189046625467,0.2889392942782198,0.3156476178997633,1.1653758687678425e-07
59a1dd79dd30a0cb,be073a2f78fbbe29,3,0,0,-5.625,0.0346539939777358,0.0180684157283783,0.0189176612597791,1.365207440579499e-07
b5ffd4ecc57f3b55,9ce19254fdaa1337,2,0,0,-4.875,0.0399555922123128,0.0783656805167863,0.075324304473147,1.879790292605834e-06
5024ba6936cb73f9,4ff875da5bbd33d6,2,0,0,-1.875,0.0271752575790821,0.0310310493651388,0.0324554266269979,0.0010494928566585
74e0272a6bd3efcc,b51659aa2bdd45dc,2,1,1,5.0,0.983373877757696,0.9879123006578892,0.9880028269287344,0.9999922293470258
cc99bb3d77112e48,99430f26d8da545a,4,0,0,-3.375,0.2194790975962306,0.0902106557214886,0.0868316842205609,0.0002013278743299
8fcd6c9d8711dced,5e75cc332661d195,4,1,1,1.8749998807907104,0.8866044633053983,0.9206355473655544,0.916472480993586,0.9946301706401316
7a46cb7a10b875e6,89b7d9d506a62b10,1,0,0,-8.375,0.0026857130703457,0.0796263191877404,0.0830046932102716,8.882599570865951e-08
36aa25f53235ab9e,3a984f143f7d7615,1,1,1,5.75,0.9955813973760786,0.9951699162518488,0.9952046584985932,0.9999999789530492
cfff883dc0d7f900,4aed78c5971aee45,2,1,0,-1.8750001192092896,0.5906912269476351,0.5516320937103876,0.5487305495592266,1.6699993747918444e-05
16c3f7f22e768400,fe20b7ae7a8bff5a,2,0,0,-3.625,0.0827466046190101,0.0325226864140955,0.03305876692281,9.25720103583565e-06
f9a420bbe050d9f6,8016daef35ee296e,4,0,0,-7.75,0.00156261061406,0.0128905550557839,0.0128540384135733,7.060120834838328e-07
bbb362f87015de3a,b875a50ee256525e,0,0,0,-7.999999523162842,0.0084407824870482,0.0002226658660869,0.0002196986850022,1.6367547540834166e-05
9cbdd00b4bb9db11,cc29ca02fe3bf4ae,2,1,1,0.6249999403953552,0.8774457946513065,0.8493077831241324,0.8506828899586224,0.3505342831012896
c3f857fca399306d,b213f4889da48c8c,4,1,0,-0.125,0.6622006864304012,0.6268780493052746,0.6244127608806292,0.2384493879036604
68ee2925d9959c67,914966acea46693f,2,1,1,7.875,0.99916901696024,0.9976339999616356,0.9976912776707804,0.999999999563114
26deb999caea4e79,a5f7b97b89c265ca,1,1,1,4.0,0.9935237827833536,0.9690486995949144,0.9695610489086862,0.9998711229576662
0d38501ea88f08d3,b79a07aa93519f35,2,0,0,-7.5,0.0049801066920231,0.0073829489942634,0.0071936367327519,2.363199165492481e-06
f12107818ee0fc2a,503febb4dfe3e4a7,2,0,0,-3.25,0.0416973624151766,0.0300304281869621,0.0311692051249356,2.3400665800140084e-05
9f84008ee6d55491,7b7bc6900516dcf9,3,1,1,6.25,0.9962924121091192,0.9897197386899722,0.9901511016135326,0.9999959935808516
70f69f1f3b3e5c0c,5e3a5f40e2f8a3cc,3,0,0,-6.375,0.0227741541314714,0.014462585730207,0.0169685381054083,2.187125273866741e-08
a1afbcfc523241ab,4c8dccb645ff5fd6,1,0,0,-4.75,0.2822549314202269,0.0954343257251065,0.0885337645568754,1.9648812843477626e-07
62bdb444fa0c26fc,067d09e4d64e0f52,3,1,1,4.75,0.9882623528347309,0.9836297527782344,0.9776851685539012,0.9999910543714742
0d3f2403b6df1736,f1bec355ffee3ae9,4,1,0,0.0,0.8183194763046981,0.9244821700877556,0.9253066684805956,0.1310407437140101
6a577d5b4fd9932f,faac532332e68995,2,1,0,-0.5,0.6477274125957516,0.8285091491471046,0.8337019795382248,0.0930880958824438
0e8552d3759ef55f,f591629211ab09fa,3,0,0,-3.625,0.2468583956183543,0.0423493540623335,0.0476503243850973,4.194085663707381e-07
70e82b7d13f275df,26e687c2c4037d43,4,1,1,6.25,0.9898883530255262,0.984995169708214,0.9858199423632448,0.9999984843347528
5cc160480b453535,09b475d19b97eed8,4,0,0,-6.0,0.0082881449485679,0.0059086989259206,0.0059095058041569,2.235564486201464e-05
5ecd03a565ff67ca,f93ac336fb6551fa,1,1,0,-1.375,0.4456235730062762,0.3207382839191211,0.3234795012860388,0.0005208630689196
bcea7fdce9385560,e2847e1af55fa101,1,1,1,8.25,0.9993825237224404,0.9945633963999388,0.9945808460289096,0.9999999952557526
12550787157c9745,3dd9a855f3b00f6e,2,1,1,1.125,0.9183012551405336,0.9580482293520144,0.9576738688625358,0.9875019621107836
c8572269ad987448,afc4b8252e1c3411,4,1,1,2.625,0.8640866653444681,0.9959417181343144,0.9961688122450628,0.999999332086331
0f9e41b12d942739,c8f6bb21e8527ab6,4,1,1,9.5,0.9982277932480575,0.9204980951823938,0.9240179947520448,0.9999997910086944
9e2096332d37bb4b,9f7f1108d867fd9d,3,0,0,-6.75,0.0077044655094784,0.0137228931746467,0.0146642652462402,2.292788529422627e-07
f3d3e609941911e8,64257b0c3b1ac793,2,1,1,4.375,0.989278735627975,0.996265241698728,0.9961074545479583,0.9999999840023372
01096a89870e12cf,412995d3f32dd174,4,1,1,5.5,0.9614143981740756,0.9355158707893008,0.9370406813828006,0.9999990039218376
36f4f625e6781d85,64c3f7a71e94791b,0,1,1,5.125,0.9853262570511429,0.9947321101829474,0.9953507953588764,0.99999997060295
a308d8835fe65bc7,9088dcf40f5c346e,1,1,0,-1.25,0.4844301024880567,0.5480747977574139,0.5388276112181363,0.0080406292263764
e05df0c97e538182,85acdfd29ae9698c,1,1,0,-1.5,0.5840424979882523,0.4994242887351475,0.492523002268734,0.0008427745414
5974f812cc0b210d,a9ded170576478f8,4,1,0,-1.625,0.78428838527244,0.5538033084748705,0.5529972017044181,0.0034512768358599
98cfbe5a577a2812,f2be493df669d88f,1,1,1,1.8749998807907104,0.9598735580642505,0.9776637243944024,0.9774307859737298,0.9992098989270504
fb6622d77bccb5c8,5a5d935e901729fd,2,0,1,0.25,0.7852393766673348,0.8339225883598648,0.8297021378018349,0.6780045052476528
914d8dfb5f4d6641,66accb4604dbe938,2,1,0,-0.875,0.2852552175599638,0.2507398563409045,0.2573497848658868,0.0429412605879295
3fab2e16c7a6bc48,9a339ebdea0628fc,2,1,1,5.875,0.998050305648492,0.9819805744974072,0.9804777870711489,0.9999991628031754
e1f46ecb546ce69f,0c5226a433a288b6,4,1,1,0.125,0.6799078782767661,0.7355544700671913,0.738697723086602,0.4894960827936729
0b258b17c4caf8d4,d2a9830eb0535799,4,1,0,-0.625,0.5158974533981228,0.8040879691275131,0.8048883757541541,0.0353710449204469
ce2b49ccfbd825df,1f983b311593257e,2,1,1,1.625,0.9147117737448354,0.9847414608723398,0.9847499345539936,0.9999794489536245
62c1f283ff70a1c9,0f3b1fd5142b280a,2,1,1,5.0,0.9841678567707348,0.986407383170144,0.9870423327828948,0.9999845127670696
bda706bd00811cc0,ab0bce1f06ef7d9b,3,0,0,-1.875,0.5611976733826336,0.0356901791752027,0.030763916477656,0.0002390681602719
f6c0f4488fb5ddde,ae6193def9524123,3,1,1,7.375,0.9988127173677696,0.9788250250017456,0.9789260790778678,0.999999356280184
9dc7b9031581615d,721c602627a42b03,3,1,0,-0.375,0.2816497421076667,0.3202505760683353,0.3370490612230664,0.2709374840049541
69009f3ebde99830,3147e7ae2bf78363,3,0,0,-5.375,0.0108406988431777,0.0013086015490912,0.0014447634197988,2.3776899371129382e-06
09a4472544ae06f2,67da042f4fab75b3,3,0,0,-2.125,0.5735752211938687,0.3948402874376128,0.3752856776627101,0.0010940271916367
9a54a9beb82a3735,5b27735388efcd2d,3,0,0,-4.125,0.2183157992029168,0.1397086473667889,0.1325362912666728,3.678279314709715e-05
c1cc0bc4cc19852c,8e9d6a4a55b4d7eb,4,0,0,-6.0,0.0047854909841561,0.04413797534046,0.0456396721877246,5.607551033227943e-05
5a6208e05c133e32,eb7d519bb0821308,0,1,0,-0.75,0.5111552611768954,0.7670945631763131,0.8026697470197127,0.0023454594126473
945b9514f8118249,bed2a4b89370837c,1,1,1,3.375,0.9883918364809672,0.995714516198354,0.9957272196593872,0.999999968815991
ee4da1acbbceacc2,7acb3771ac8d7e23,4,0,0,-3.0,0.2256136317028131,0.0689484787584091,0.0710747729125131,2.2203941211413865e-05
7e86ed5227689525,5bfbb883883343b0,1,0,0,-1.0,0.2199270100437114,0.0304935799403801,0.0301444572995163,0.0062987503847594
dac75f834b4bde74,ded4ea7761c82a52,3,0,0,-2.0,0.4320834543808465,0.2207353493198433,0.2226851234833562,0.0002203406621377
cf94dcaa7f9332ef,ed2567715c20b544,2,0,0,-1.9999998807907104,0.2651968611268446,0.1205244503732064,0.117401390024124,0.0002226536676783
8f48e001e5a1ab48,8c264866730d6578,4,0,0,-1.8749998807907104,0.4351170727858534,0.1462175897084136,0.1472968954786032,4.670115501163087e-05
023229ee609a7075,3310096f75c55301,4,0,0,-2.25,0.4611787584914549,0.3277879527186896,0.3290893687096966,0.000145669930499
c3cca0d97e9a70ff,f763a0de87aa9560,2,0,0,-9.625,0.0068427646535286,0.1850305824257291,0.1812665351763469,9.178782976430549e-06
e9ccfb766c312585,f7744ff265c0f275,1,1,1,2.375,0.9878362371838856,0.9847350468877938,0.9845551604915468,0.999827632854576
5d5f61a1dc3ddb1c,63be0edbe9ec975f,3,0,0,-6.625,0.0133434173136589,0.0070620120874623,0.0064137184420983,1.883968970498337e-07
92528298268008fe,24dad62c11aae494,3,0,0,-0.25,0.7076268315524213,0.4174555170484002,0.4585648932884112,0.075667511371278
c4e867d7ca4dbc13,c2b6687621192e45,0,0,0,-0.8749999403953552,0.4462157793650356,0.5142945168655135,0.5363919708487814,0.0109954007989603
36c27e2a56205d41,f2f2fbdb8dd53b57,1,1,1,7.75,0.9945483290752344,0.9140867240007629,0.9155812984157822,0.9999989549688704
fe78b654672ac42a,f1a34704a9c59f3a,1,0,0,-1.8750001192092896,0.6578620737858258,0.3774214659231833,0.369279436928898,2.4390296291115868e-05
714b8b8b9e5243e3,502379f4045dafdb,4,1,1,2.25,0.8129334642639165,0.9883385187942982,0.9882319190280412,0.9999999074353196
5a7344c0867feaf6,0df12a7a2883740f,4,1,1,1.75,0.891419029420122,0.9706249014338978,0.971817899309508,0.9988031080651564
56b3fa13a479758e,2eb64e7f3bb60ffa,4,0,0,-3.25,0.1845398636973413,0.1870246089694119,0.1917503396196406,0.0004065460064181
8cbb0ed10b118611,c18054149418453f,2,0,0,-4.75,0.1272810325895036,0.0665227223581497,0.064877846649783,3.24479300312447e-06
7a0b987e4a6d9bcf,5842e937947b0b4f,2,1,0,-1.375,0.4154209865249692,0.8298213091806057,0.8283130416665628,0.0041194859820651
253c2c16169b2294,792d0beafef38542,0,1,1,1.5,0.8235534532923658,0.995026878404546,0.9943326964093384,0.9997813824051331
05ca83579b98b4f2,66808d781fd9dc84,3,0,0,-3.0,0.0733091438951998,0.008134506537805,0.0086219498786575,0.000355331393989
7658fdc6d2035210,28df80b7b67ab3d9,4,1,0,-2.125,0.3139758088692378,0.344464180769364,0.3531112699915972,0.0001776576110824
cc972ab82e38af78,ae344452c9cd46dc,0,0,0,-0.625,0.5648297303794994,0.2119358950043198,0.229184680852528,0.3893863144107226
5653959ab2c071ef,fe8650679be21d00,2,0,1,0.75,0.784636036976784,0.6728703575903737,0.6668931037709172,0.9179854701773232
fba76c1c0dc2e122,bbc6dc247f6627fa,1,0,0,-9.5,0.0018505419734028,0.0088314362988088,0.0089644363975364,2.5738816823606546e-07
a6c50a2cf04a3455,08b65288f8e6bfb8,0,1,1,4.625,0.977349619745988,0.9422967040517932,0.9297067629360644,0.999961140813854
2a76413481893d31,64d3bc17e0538b93,0,0,0,-6.125,0.0559808952725685,0.0255361113801141,0.0274833268139111,2.209163129073461e-07
5944da452be73677,21580a5061eb4c50,1,0,0,-7.0,0.0197862626791672,0.0174136576674501,0.0170239732934466,1.270557549795906e-05
a369a1c74e16bbe7,3b97a2fadab346de,3,1,0,-4.25,0.1716809623954033,0.2966561975572847,0.337295683300771,4.422540773336388e-06
aadf59be8dfd4da3,830376532517d682,1,1,1,2.75,0.9840164945213776,0.9850657061673032,0.984822644594184,0.9999767193386496
9053f61896a29a10,826e10065c161776,0,0,0,-3.25,0.6141566082684117,0.4454763522535133,0.4262125796263484,3.194018286000159e-05
7bf9d600b8340c74,b135939af773ff6f,3,1,1,3.5,0.9703457596924512,0.9910875228849936,0.9904142030938446,0.9999999078183522
57cafb463dac8493,3828615688ceee33,0,0,0,-3.75,0.2213309519976084,0.0039214503294497,0.0041238688128812,1.0883866511463652e-05
71f644582a35c925,9c8df71c78870d65,1,1,1,2.0,0.8952335668931509,0.9750973737559638,0.97553119608201,0.9976963354965854
784fbcda881b2085,df02e700b999c281,2,1,1,7.0,0.9946787293627276,0.979499587533886,0.9799567785122612,0.9999996324503724
a8a1b813cbbb3955,48d08f174e583870,3,1,1,0.75,0.9224655791170966,0.9954034877993132,0.9944159634884868,0.9956631922335826
fa1e5964944bb062,20e477055f7da798,3,1,0,-1.0,0.8382308984369656,0.96545163087033,0.9665501885466484,0.0052592015783208
5015baa1df5d5839,db374e93c63b57fe,2,0,1,2.0,0.9592369815130716,0.8853090260690107,0.8773969678185766,0.999975175286471
ec669d2acefa4652,d9db487282e734f2,2,0,0,-6.125,0.0124293748177322,0.0269096615726148,0.0265108346248046,1.8847579972170087e-06
47cb708de3aee02a,8f7bb80e6b1ddf03,2,0,0,-11.5,0.0004767479830203,0.022529310955957,0.0237834542930772,1.7176588169232875e-06
43e99a85512c562f,7f10e34981c9b50a,2,0,1,2.75,0.9817460685524342,0.9874248536792848,0.9870549393224912,0.999697064661485
02f88b1cbd882f36,ba94a26520906a6c,3,0,0,-7.625,0.0143526369145626,0.0134506935100783,0.013927032650627,2.139991128972358e-07
ee9a589f9711302f,8c7b72aa72a252f7,3,1,1,9.25,0.999494277603223,0.9467177557695114,0.9425268927018046,0.9999998742509492
09c0037e95672359,3637ac54bfcf7f87,0,0,0,-10.125,0.0017865587824914,0.0001587539812367,0.00013376611314,7.845743799835583e-07
c8809c99e2222177,3c68cc5263b11605,1,1,1,1.125,0.9164702824611516,0.967659368396002,0.9682124988796956,0.9985643724973172
546073ca403872ab,f571c48df6c3007f,1,0,0,-4.25,0.1549015329570997,0.0595745834615935,0.0598197278350388,1.531958916029922e-05
c81624b2994d90f2,5798d517100dc03a,2,0,0,-5.125,0.036057366662859,0.0610803743145689,0.0618520335684836,2.981548227983476e-06
77d2ec1c58a9ca4b,37f4dfa39a50911b,3,1,1,0.625,0.9643460914431216,0.9930110864691042,0.9924228136047818,0.985206688400442
13e0f3f62fee6721,4a87436d0b70f580,4,0,1,1.0,0.7070985324412101,0.7773741530653316,0.7826182013644193,0.9940116571009736
c1941eaebfe958a3,e6652ab7fcc2886b,1,0,0,-0.125,0.773608691698822,0.8394492172683721,0.837010622296637,0.4668671420785967
ad8b8750065ff572,358c72a0db2290eb,2,0,0,-5.25,0.0143210402531018,0.1305907242318109,0.1388213487272887,3.57038067946626e-06
e95f802dade4d58f,64c537bb8c19b5b6,0,0,0,-0.375,0.5828554164600935,0.4559518397663586,0.482874726624556,0.2815873630200193
0a9a0e340c650f16,c343c0802d0d5123,0,1,0,-2.75,0.5529792131227513,0.126888297727452,0.1073133035650672,6.858929060281857e-05
6f991a19926ce14e,8d1fbff57287794b,0,0,0,-3.75,0.1449482237882043,0.0061725754721053,0.0041098298408562,5.549864075222179e-05
af1e8499b6729412,82d4388e1f008f7b,1,0,0,-3.5,0.1894770412170439,0.0895970865132786,0.0883802775301366,1.0221394320320976e-05
5369339830864169,49dd8280382c049c,4,1,1,3.125,0.9571167115361088,0.9931445027471324,0.993172264888766,0.9999996716468734
b0459de13d9445e8,a617108a388f0f9c,0,0,0,-4.625,0.1029017219174712,0.0123196910409117,0.0136840475533741,3.824104805937736e-05
8ff0ddf46341bd8d,15375b21e6ce21ea,3,0,0,-6.75,0.0074718974504679,0.0059285118674201,0.0055687278258461,9.876735841724056e-05
e366b6533f9f1496,961c5864796550aa,0,0,0,-6.125,0.057944167930256,0.0153339436374573,0.014882146090394,0.0009411679806575
61ac0c34319929f8,1635d54327b3bbad,1,1,1,7.5,0.99851778948835,0.9908922372097272,0.991178007483748,0.9999900794540612
c85fadff03e6bc0e,cadb9f2dcb63c6f3,2,0,0,-2.25,0.2328416685002262,0.1715706005109855,0.1747666549533657,0.0001905298957179
94f17b4fb03f25e2,281447b19da83221,1,1,1,0.625,0.8591799957243905,0.8443496467247561,0.8464852761168786,0.9840567816807724
23103a14d0f81ca3,da7ab4c83d9ad3a4,3,0,0,-2.625,0.2198369789933387,0.3025940912300865,0.3342530953530389,0.0005795013394881
0f114d14b1aca7b6,7f801d0823a124cf,0,1,1,7.5,0.9953522916033486,0.9832723336945784,0.984141108673385,0.9999998595364336
75683703530bf00e,c5aa601a9d4d8f82,2,0,0,-2.375,0.2509607119756111,0.1283666400335999,0.1264475346721233,3.131323072825303e-05
32decb5bc3d89019,6f5eb47cc56a3322,2,1,1,2.125,0.95640932116556,0.9805309026226596,0.9806232639582618,0.999987120849412
3238bc6f8199881c,cb5b26148fb44fe4,1,0,1,2.75,0.8528277626770633,0.8362195520639039,0.8398637083119932,0.9999735795607544
b01c4738dcabd120,28cb0478dea54952,2,0,1,5.5,0.9938845219572818,0.9422803598287356,0.940853479250763,0.999995843443632
327141a4b9afe978,3f10e90dcdb5b132,2,0,0,-0.625,0.3502982805770901,0.6389140513570583,0.6450100078131169,0.0762801846668791
80431880f023971a,5dfd4668a449172a,2,0,0,-1.8749998807907104,0.2863859212816061,0.4806688926099153,0.479079736431435,0.0016683010656163
851fe6165c924f29,536dcfa9398e075a,0,1,1,5.5,0.9953452044955104,0.9999245891661496,0.9999093984630464,0.9999975176343032
c64ca20d9e05bc66,d8c5b8119531cfdc,2,1,1,0.625,0.727528654725966,0.9301021204343586,0.9302665583402288,0.9753135677267172
8f02a554311f89a9,6b107a4d5f2d12e4,0,0,0,-3.75,0.0240687345048936,0.0036548640493983,0.0040534051635191,9.10591063251338e-06
763ecad59fa81f61,108ed5fa0239d7f9,3,0,0,-5.625,0.0489592827531156,0.0936513010273417,0.0902562672663712,3.817304241729884e-06
89b7f8470d014dc0,395f83bc6d92c997,4,0,0,-5.25,0.0533639159133664,0.0198089481760682,0.0205544039568579,1.704233590325061e-06
828d31ed30049cf1,dc835b56c381ce34,3,0,0,-0.6249999403953552,0.8478944975161585,0.8579502569858931,0.8566909626549042,0.0216250001382218
9454117e60cbd50a,bae7c4ca118cfb19,0,1,1,0.375,0.8953950864881002,0.9456519542346548,0.940776995566764,0.2249304584708064
6d80debd947b5242,f590376e4644e8ff,0,0,0,-3.75,0.2474923544417814,0.0450349616543846,0.0450593403115715,0.0001032455147203
fbd1df2621bd50e6,c5d6e20f64bdd2ee,1,1,1,1.625,0.9814927622108852,0.9903540622489628,0.990103571033672,0.999002889898378
dde43a99ededf8a0,e04efc7fad62adf0,3,1,1,2.25,0.8071322799863079,0.955114411135602,0.9557750943523124,0.9999984567073722
7177145e1b4b1390,d44f93ddfcf97ace,0,0,0,-4.5,0.0718635627794472,0.0304517625551538,0.0296324863204426,3.745539842550122e-05
e752ce0e0dbca591,5302e70403488eb5,4,0,0,-5.75,0.0213793191284,0.0127156222786955,0.012980929960136,3.663268305500823e-05
975d36ca9137884c,78ce93e8fb41f71e,0,0,0,-11.0,0.0003339509860505,0.0003491875920967,0.0003742890068623,4.3568196760875923e-07
4c8159e79589d875,e54fc3a8a13677d8,3,1,1,3.25,0.9823545627868124,0.998997273350098,0.9989407332123706,0.99999864002156
31ddd4f0e4341a5d,2951ff98ce614603,4,1,1,3.125,0.9462369694230208,0.9540033918452014,0.9546901580202816,0.991180117510316
17f18c44d01c2937,953475b7e532d8b2,1,0,0,-1.5,0.4033241836872858,0.3121770184553255,0.3093849188366607,0.0022332634484259
cc83ccf42344c328,8df63f363669c774,1,0,1,0.625,0.8328139598706171,0.8676692165133832,0.8733304389661816,0.991774428126634
62888a92718e0a91,3c58a6e3203cea50,2,1,1,0.75,0.8022035863766911,0.9950179808067968,0.9947911986915386,0.9986347884670784
b0a166faf285a1dd,0af783af13dab214,1,0,0,-3.875,0.0855173915526326,0.0648757382537159,0.0664896943832404,5.52115304888077e-06
d149877fe0489273,7ffee7aa554579a7,2,1,1,7.75,0.9992601375824832,0.9608236517532568,0.9593043401459054,0.9999995280202
e84331fa1cf57861,4120f27cbde36394,0,0,0,-2.625,0.0882886279159049,0.0112188736486768,0.0126643105476041,1.0673666776433196e-05
24902c5217aa7831,f08ba7dbada305a5,0,0,0,-4.125,0.139172187839191,0.0083613975173436,0.0067621660676572,1.6676823022206384e-05
f37820ed3a582694,f92cf25eb7dc30d6,3,0,0,-5.5,0.0055733213519487,0.0012061206966356,0.0010878978542225,3.886548544608715e-06
4b9befd9918930fb,c7335824dca752e6,0,0,0,-3.875,0.3804925957439526,0.0251580719372298,0.0245915732055702,1.5994233390270773e-05
fe3e03cc8dce1aac,26007238b0bc0324,1,1,0,0.0,0.8307763837656247,0.4346035317834998,0.4372612638538633,0.0083639900540571
d2715e6fc65d7073,79f2b159d244e687,1,0,0,-0.25,0.5939062014819125,0.6837332257118864,0.6839218249036753,0.0665480493434978
952c0cfdbdd04432,1487355c4f7cc504,0,1,1,8.25,0.9963797316519302,0.9911297348735368,0.9903034462669222,0.999999139219778
8de8a55ee42ddef8,4bc3360f13f63065,1,0,0,-2.125,0.3062607146062436,0.2528607379068202,0.2605143098972177,4.104545963477848e-05
97055d33a1ed7a3c,54b4d75a2eb5f630,3,1,1,5.625,0.9986066825758958,0.9992764819594564,0.9989663352451774,0.999999968848672
ab705a09c7c64c83,31a50bc2b51cfe5e,4,1,1,1.75,0.9413511099987608,0.9390628102997578,0.9392252784312208,0.9900178697810766
b47e1bab5ddcf9bc,16642d02d90c0b0f,3,1,1,4.125,0.942998016112977,0.9987639119704854,0.9991054397056658,0.9999808990644842
cae0dd8407a4e3d8,a2376088395d1fb8,0,0,0,-2.875,0.2405440191516243,0.2971209708994133,0.2911352132117585,1.1006488663041847e-05
4cbe2685a8c5af5b,2b944fbb5af7f85b,1,1,1,3.75,0.9647931305440836,0.9823279943900652,0.981979731113109,0.9999999263172616
75c3672d09880b02,5123c660a5727170,4,0,0,-6.75,0.0208752054396273,0.0084363459183331,0.0083592297596377,3.964008529099628e-05
7b354d2bfdb746ae,32a92e445b3b4936,2,1,1,4.875,0.9972384704007532,0.9821997529100316,0.9818301204310276,0.9999987968449356
1c60b3322b13db01,6f18b0aff6261f7f,3,0,0,-4.5,0.2238221631308313,0.0039760524381364,0.0046257212217141,1.4777014312352457e-05
be5077c83e0a92b0,06b7121498d3cc65,3,1,0,0.0,0.7570060141652786,0.9566220298149968,0.9596745308372204,0.9569305940489612
ecc3178368ba0570,b1d03142c2c0d24c,3,1,0,0.0,0.7301266167666465,0.925862271951096,0.9110986307183214,0.5744742607779071
63bd1cab0943d2c3,478fd8e5fac6a636,0,1,0,-1.875,0.4821330378537964,0.3786605087434599,0.3919547876915288,0.0006307360571937
5a244f19f8f466ec,178da1a48106c6f5,0,1,0,-2.0,0.5328108206892114,0.7571975090691926,0.7473378638451964,4.887348772847358e-05
cdff364dd6efe4c6,e14b9617711f71be,4,1,1,5.125,0.9942383047030238,0.970734245758018,0.9700691747681645,0.9999959480395848
bf3229b88f2ee0bc,1affcc5570732f7d,4,1,0,-0.75,0.7199618466907496,0.7426571699427769,0.7338067680859363,0.1002728635704704
77b917cef9640e71,bdc1bc794f9d2628,1,0,0,-4.375,0.0256030572625304,0.0216434194915666,0.0225424285217075,6.558183216247606e-07
57c2903031f5594d,edcbe7e6daddea5d,0,1,1,7.875,0.9983535461547476,0.9606588340678864,0.9605079248186308,0.9999992736826128
db6c55a637fd3835,dc3aa8364bd9915a,2,1,1,7.875,0.9958095610458748,0.9345535546490432,0.935845617279593,0.9999992748840258
c28df19cd54ce7a6,2ec93fe556f0ab43,4,0,0,-6.0,0.0159786532247595,0.0563069776617375,0.0571967516794901,3.971786802101209e-06
640c74c1bf56f092,5714a86283c526ec,0,0,0,-5.375,0.1111882412780528,0.0065215590403198,0.0077005964236263,4.203807590352842e-06
2096311b9ba82c42,dee7cfe0c4413eb0,2,1,1,0.25,0.9151880713278802,0.934302955472528,0.932165628130327,0.6705542221715234
4e0f7566f4b4a23a,a985054e218408a1,4,0,0,-10.25,0.0005732222869022,0.0058050650114438,0.0061304090027632,1.0862489277914667e-06
8f67cabd3f470bf8,aa0d093824f0ca31,1,0,0,-3.75,0.1289176002316922,0.1339062913054207,0.1346745150837263,4.932380268439003e-06
4322dcb5264eaaac,9e40a44c552d4a4e,0,0,0,-4.375,0.1092572637728377,0.0159459922802037,0.0174612834946378,2.3439974635535568e-05
713e526dcd8b5ebc,cef5a1f9c2d3994f,3,1,1,7.125,0.9995004630600994,0.9834622443811892,0.977417930089606,0.9999952282096136
42741fcae80fac58,8a8aec45f84b3b54,3,0,0,-5.625,0.1315131092918713,0.0198073551014285,0.0167873099164103,1.8456973564317671e-06
bf6073adb97855ef,ff3f47e30f947a8e,0,1,0,-1.25,0.4233545025089369,0.6936674969384171,0.6945123241171984,0.0073930663337831
9b72fffd9afe08d1,14d595e57c5d4780,3,1,0,-0.375,0.5276493449469349,0.5777161916145479,0.567236378259766,0.2833768398531297
fd357c24cb81d1b7,04ef933bb2592d6f,4,1,1,3.875,0.9626033106720624,0.6998294114286834,0.6991188921272221,0.9999681385464898
7dabc016b0711b7a,53eab0c05bf0e927,0,1,1,0.375,0.6431218518877763,0.9684396305280168,0.971095620323202,0.640636965020897
ca4e035aa0f3f618,a0e1c0d5600cbddf,0,0,0,-10.75,0.0038270003928402,0.0495152679565597,0.0550318298316478,8.585611013571524e-05
a64e2d6daa11c359,699389edc41d6bf0,3,0,0,0.0,0.8125491443083959,0.5606933808805928,0.5469779414901834,0.3906562215920909
8ad27e19cb3aac9f,40f6382b3a30ef87,4,0,0,-1.75,0.0863516574605296,0.1334799950433404,0.1400311156217492,0.0014827402765263
b6d7d525a781510d,aa7670fdf478fd3c,0,0,0,-2.5,0.3454207017529276,0.2402037019376803,0.2389240972499883,0.0005159582271316
7d4385fad4964eaf,c5906c97482672b1,2,1,0,-1.375,0.3721773029979983,0.3702320998975898,0.3765809742960191,0.0042343990133141
1a2806a157ae83bd,1a1a75238186a34a,1,0,0,-5.625,0.0401879018370608,0.0257593260321334,0.0263134820149631,7.345708687205703e-06
adb108ecaa3becac,6051e2ebefafe97e,0,0,0,-2.875,0.2478810632627883,0.0373609359146054,0.0395595470257453,0.0001221495507445
375d6d686aa35dbb,f3a033c1dd5ffeb0,1,0,0,-7.875,0.002920559669816,0.022242797593459,0.0225114175852843,7.300170192044547e-08
180283ee45d4df49,b932f348e4c7874b,1,1,1,7.25,0.9971732429502632,0.9562697080372528,0.9564300000350116,0.999997105960008
e9a9f9e28abaa005,6eb33c29898f9438,4,1,0,0.0,0.6041312027673743,0.5490999795116962,0.5555019761312157,0.8409509361163447
a3d68083bceb8322,77f9d32e0e023713,3,1,1,1.0,0.9773923526708888,0.9964566903761104,0.9963249068638752,0.9843973018478812
c6651fc046ea9bbb,6277ae0a01cdc33e,2,0,0,-0.625,0.5940599949796795,0.7433353594649063,0.7485252821098703,0.0296014636246716
4cf73f8053fae484,d3b370248c6d5de4,3,1,0,-0.125,0.7268588373895216,0.9843280994239734,0.9884208066293536,0.866779416243973
331b406f8ffcda78,08874a7064fea4c5,1,0,0,-1.75,0.0538098654677869,0.08370646650214,0.0858703390228629,0.0007526380881145
17662381f9f27bf5,d015dce091374146,0,0,0,-0.125,0.4558763141525137,0.0529941250125862,0.0497312848255374,0.658629513199992
236b71dd99a96de4,26eba363d91816ec,0,1,0,-2.5,0.364323747951576,0.4517314080787757,0.4256457950213567,6.997796850160758e-06
b0a9dc5b641deba8,b30b05f2e6e517c1,2,0,0,-5.125,0.0263120868739533,0.009798072872252,0.0096909355027523,8.342948364219467e-06
b8ee859f49b712d1,19b5f94f4d29fea2,3,0,1,3.625,0.9629120059745944,0.921176663738182,0.8963591529298077,0.9999840120572429
cbfefe38c75cdd76,aa1725ccaa166192,3,1,1,1.625,0.8380006187569113,0.9907764120113842,0.9881351423898944,0.9999759161317794
ded28ad0dfacc411,5b9259634ada8113,0,0,0,-4.0,0.1245006367635881,0.0101157817441655,0.0100877523684479,1.392373344131514e-05
1fa8d24173c9311d,cdfe3a0b508d791d,0,1,0,-2.25,0.1049515896037949,0.6141810149534013,0.6095638711080824,0.0001518205272697
dccdc0d1e61b056f,32042db13717f404,1,0,0,-6.625,0.0181770737668154,0.0081236164318126,0.0079298590736123,2.0157666822796485e-07
2689dd2d77c3565a,332fd28672085eae,2,0,0,-6.75,0.01124719790492,0.0305996004306825,0.0304790405184683,9.98861726059743e-07
a71c0a3cd7e7d457,385e00101990c02a,4,1,1,7.625,0.9972133514734473,0.997955040383827,0.9980098757090556,0.9999999998587832
bdfeda1a84f98233,f3d98816f662162d,0,0,0,-9.5,0.0037570801647156,0.000263521349159,0.0002628597831847,1.042270144665907e-06
694bf1b9cfb88733,1bf7428728a4e8cc,2,0,0,-3.5,0.0783283065647705,0.057758258917476,0.0563320349481443,3.821335376458898e-06
81f58388b88c6116,a5b7e67bbc39cbb2,3,1,1,1.125,0.90530053606125,0.998068308901877,0.9981400300975252,0.9745017456525856
4b21a0da49747608,e08daf3d1d987efa,1,0,0,-8.125,0.0030394787759811,0.0080090705651929,0.0082018903941303,1.3596549261201174e-07
158b2d8bd6774e61,03ddf185acfc93db,4,0,0,-4.625,0.0488158833161662,0.0365546351004942,0.0359500738965007,9.8231978712588e-08
9d6e66573b465008,2579729de4035e71,4,0,0,-2.5,0.3907801437131838,0.4531259820131514,0.4489773522189101,0.000243591832769
b2a44ebb0ddb0e6d,6f857b8d39a05b59,0,0,0,-11.25,0.0016027644741122,0.0001877102335801,0.0001734831926994,6.886583436217976e-07
298d77ee8f4c0ebc,425ff989f15d795a,3,1,1,4.375,0.982939836552209,0.9878484349200451,0.9882284061721668,0.9998192104584502
4d103f3bb5352b6c,c1a41740449fc190,4,1,1,4.625,0.9495148010855714,0.9667926708572924,0.9681122368631664,0.9999993611080984
42a2ff875673dd2d,82fd9e4ec0876025,1,0,0,-3.0,0.1739174982777059,0.0366340396535875,0.0358141216559402,1.6542212572452011e-06
7a39791a31c4961d,3a1610f2894f2334,3,1,1,3.875,0.99559823135972,0.9988162883579556,0.9987588536098604,0.9999126616913994
3f08726957babfac,217ae5f32321d572,3,0,0,-4.75,0.012429570458543,0.0010942537587754,0.0011541640108097,6.170525798987856e-07
09c153c0e10c1dc3,205db03a779b5d24,2,0,0,-10.625,0.0004930084854323,0.0020742484528027,0.0020998950105659,5.267523400705721e-07
6956e42beef8f50c,cde8fbce840819c5,3,1,1,5.25,0.9895255164761824,0.9907889664391692,0.9883940630400498,0.999998355665265
2dd8da68927be02e,358237e48a5c8712,3,1,0,-1.0,0.7552413345423599,0.8553114747237724,0.8541395509142594,0.0220817922598847
c001c0fb32d55068,715fd1c1d23837ce,0,0,0,-1.0,0.2557502278736807,0.1657139488048014,0.1688008759587551,0.0011816868344333
1c24f9e935e7e4a9,64a44c3025bd90a8,0,1,1,4.75,0.9720037065589696,0.9853662883487112,0.9849684914957972,0.999990928983016
de030f03ed863714,8d4a50ad04b0ddc1,2,1,0,-1.375,0.5147731301677512,0.5804711437684351,0.5827753162836847,0.0008056986536973
b625bad6123c994b,3b1f5da8fcaecece,2,0,0,-1.75,0.2779250624647597,0.0639306736243564,0.0631064444667777,0.0001905146728068
61e060f76c9bbb9f,7637c0cb9c7dd11d,4,0,0,-2.625,0.0830915767052069,0.0671511475101792,0.0668456251848682,1.2338026257498154e-05
60ca0260dee30918,e94178bcf2380530,4,1,0,-1.0,0.5114298794297687,0.5245347480409506,0.5225053445505622,0.0023721525575503
1092a0fbc8ea2875,2216383e51ca5915,2,0,0,-9.125,0.0010887211998906,0.0074812922449712,0.0075391837539185,6.263888468980247e-07
0227ec949459e72c,da5b65840f7199d1,1,1,1,7.5,0.9978191823780368,0.9566098861156532,0.9564401100393328,0.9999989776609788
e3660d03668ae69d,132a0c39fe620925,2,1,1,8.0,0.997521803460482,0.915447063577956,0.9196645313425892,0.9999994847696292
888144118d681210,3c820576ec0e7836,0,1,1,4.125,0.9598372576818694,0.990284445739599,0.9900704991790936,0.999974023835444
1606b1115a5d688a,2f31a8c36571a25c,2,0,1,0.625,0.7375017518233803,0.7156359424875222,0.7110767471889121,0.990730628324014
ea2de9654e8f2891,41570e464a365a59,3,0,0,-1.75,0.4833418342004619,0.2574863715433212,0.2282201734130871,0.0006965055539403
e1a59bc0c329f165,f2bce37d5f9ee1ae,1,0,0,-4.75,0.0794858285651031,0.1306740378467227,0.1310895797948642,1.4053005794955524e-06
3871612d0df05c66,2a70c25dd58c3f87,2,1,1,0.7500000596046448,0.7736581645734503,0.9626494917578136,0.9631288051742288,0.9942618255226584
e6f5454a6ac9ae93,17c04a2e29bbf7de,0,1,1,3.25,0.9286990488389112,0.9412321941821138,0.9341519817944052,0.9999991323168356
9be94e2b4ae99f99,20dec6664835dc5c,0,1,1,0.8750000596046448,0.8209988898411349,0.982444384229326,0.9777970665166826,0.9905790299198148
de49850a2d86bbaf,50e02acd44d6b628,4,0,0,-1.125,0.0519755223389215,0.0801662682230445,0.0833534223676298,0.0019874768120563
65229efd4a6958a4,7c725b82708290ca,1,1,1,3.75,0.9902288049129752,0.9956326906990062,0.9956748077754964,0.9999986815017794
924060afd32781b5,c5af2e92e2c1035d,3,0,0,-6.25,0.0172166384460846,0.0051506223479556,0.0063379389480676,2.3073154264858168e-06
48677a8f459c0a5e,f3fdfccf0b1b0581,4,0,0,-0.625,0.1984478485822814,0.2925074059312731,0.2917810376347502,0.0233371473815172
4d78e4f0b2741ca2,40d07f92c2fa5c9c,0,0,0,-5.25,0.087469667727844,0.0030700061514441,0.0038110143143306,5.949261705147771e-06
053033cb772da161,26fcb0e48263e9e1,2,0,0,-3.0,0.1023938754606494,0.160453668962092,0.1580165472205143,0.0001200589823703
3ce6a65bfebca65d,de045c8f17b3f66e,2,0,0,-2.125,0.2258017346853774,0.2446966291932517,0.2570452751185677,2.0106041474525708e-05
6ff5a8b627d679f2,57bd749307c7390e,3,1,1,0.75,0.9184606391047916,0.9887029585485017,0.9895115395691648,0.989503750688174
fb89e837a09b7e46,d5e694733e947fdf,0,0,0,-1.125,0.3842510006829702,0.6941867246445185,0.6726391386700289,0.0052030523286721
28043ab5e0825f16,0b115b42d0dabd4e,2,1,1,4.25,0.9872104156046564,0.979057310082076,0.9783242646396306,0.9999890040496352
4df42af77cc02830,e56bff3c55bc59cb,0,1,1,0.25,0.8509335735300587,0.9548304240722082,0.9432585396570736,0.7349980045481505
ce7e66d693540b15,f25141c824ec8d2c,2,0,0,-0.625,0.7275599950690693,0.8193344273102253,0.817336468190415,0.4033626287166932
0571663d818605ea,c153dce05b453726,0,0,0,-1.25,0.1166892963860789,0.0308547138056987,0.0300560780944281,0.0002376636931879
eaf72b8cf32d5fa1,a6cee3198e0984d7,1,1,1,3.625,0.9858767579758302,0.9919442245329196,0.9916552295309932,0.9974561254368828
cdc7e6b2aebe7a37,790b9e4eca77d099,1,1,1,3.0,0.9527462044096776,0.948589763137562,0.9491826115492756,0.9999993664966694
6f6c55a2b61e2d34,7462421f1e2dd787,2,1,0,-0.875,0.6509461192628907,0.7628390584028655,0.7603449041606913,0.0017794983873348
421da9ae4558a237,2a6dfc3c4558b47c,4,0,0,-1.5,0.4380071398464815,0.2994227722357415,0.2960037004436828,0.0012439098311207
37e1c7377f87b209,17d108db82e94e3f,4,0,0,-6.625,0.0174371429985754,0.0263682233972042,0.0267962643858771,0.000116874853514
2fb0c83f4754a06f,4a5ae7dd024b91ba,0,0,0,-4.25,0.2069954381938378,0.0153803742830887,0.0181746722330473,7.241455175344114e-05
6dc107b56d3d0e5b,68f03fe4afb19614,1,0,0,-5.0,0.0555661560515423,0.2386878661826189,0.2423385123812666,8.034174471042766e-06
06a4e844ba6dcdcd,663cfb736bc8dd98,1,0,0,-1.125,0.0779902834346589,0.1508872668700555,0.1549084997392051,0.0099522331424134
73c553e18b5ec80e,c21f322ac5dfcd65,3,0,0,-2.875,0.2738066889675461,0.0371095882165842,0.0423174647548658,8.249585429501807e-05
77da30cd9728d9d2,795691f4f8be2f91,0,1,0,-1.25,0.183876069911815,0.5114583203169295,0.4710915654831207,0.0034792188078774
e5ad8528f1eae3b0,4685ee66881b82b7,3,0,0,-5.625,0.0367284408488028,0.0205720243602225,0.01583025847596,5.719388956981817e-06
fa6cb48ad0f0aeee,1d0aed2890cf6b56,3,0,0,-3.875,0.0663712931311006,0.0782343101518554,0.0763959380898494,1.7879748641519734e-05
111036dbe62817f9,2cb31632e53291a9,3,1,1,0.875,0.6077251177539769,0.843298442127502,0.8341217281375969,0.986556023741898
eafb52e5ca5e1d29,4822f3cc019ee159,1,1,0,-0.5,0.8397760081279785,0.8826850138426338,0.8797519911852766,0.0385343233595855
8b4d8ce0b0693e0d,c251e31284b3a371,2,1,0,-2.25,0.2701342710280378,0.3520839330343358,0.351969686422379,5.576171637485033e-05
70692659c313b77f,e55e308cf29ad0e9,4,1,1,3.125,0.9622693715413604,0.9891145571499818,0.9891314090653488,0.9999897371655384
d968bfde15cb6010,51f1ed6f4c6218ec,4,0,0,-4.25,0.1294287013106256,0.329549168331912,0.3355976124019415,9.363066639083323e-06
9989cf2c28ec5c61,124ecf478bacfa27,1,1,1,7.75,0.9994897464452196,0.9916593550684604,0.9916017984997868,0.9999999901754948
8bab7840bfb7ca2d,828b15b764cca2fc,1,1,1,4.625,0.9979677877051908,0.9866088994762956,0.986004965935234,0.999998836752228
d446f3c2376c820a,fab8b5d1895299c9,3,1,0,-1.75,0.1539974707647323,0.4357370723142563,0.3984524549529707,0.0028037042457111
1426e74b562aabc6,569f8e4c43710f57,0,1,1,6.5,0.9894843436853982,0.9925600444112052,0.9927728655137548,0.9999999904512386
672e92693a0da715,178da1a48106c6f5,0,0,0,-4.5,0.2375736555932598,0.0804506753218381,0.076931618286348,3.410779167652485e-05
1b6b6a8dea27cd52,311a7c89e9a59ec7,0,0,0,-9.25,0.0037427633409305,0.0007983083756966,0.0009482861509282,3.937229394434226e-07
376de92ced8798b8,7ae20686ded8d807,3,1,1,6.25,0.9976083413054626,0.9992778634918056,0.9991141000450408,0.9999999972807756
f6bb69803e4b2e74,b69fa85a34922000,4,0,1,1.25,0.8534619228606471,0.9679909286181596,0.9663690108767242,0.99958978568196
c8fdf90a5cc0c8c2,aabbc070446f17dc,1,0,0,-7.125,0.0142620317174481,0.123025197585695,0.1260323001403275,1.1591885787840932e-06
78d482c4caac7f2f,93fd5d079af87009,2,0,0,-6.625,0.0054312607437488,0.0051244786300698,0.0050395911588101,2.920001551843462e-06
bc1bf76a6f684933,b527ebaf211e7071,0,1,1,7.625,0.9888309980724416,0.8953417483614005,0.8942678619036892,0.999998918676586
feab8008686d6f4c,b91e8c61c4e79318,0,1,0,-4.5,0.1649127330139433,0.8713315904132886,0.8591991323329525,7.525615386752765e-06
c49c2caa241eae71,9d3f1f0babd74def,1,1,1,6.25,0.9977274729735816,0.9876803577315254,0.9879467953178864,0.9999867638439816
fa0c6e03745d29ef,6344d5fba4557ec1,2,0,0,-6.125,0.0049255056226339,0.0083338694915803,0.0086647878694542,1.6236199207075726e-06
bc7ee77fe4d9b967,862cc83e43dee031,2,1,1,8.75,0.9985736844094272,0.9431115130536604,0.9450843520493092,0.9999987727447156
e3d08b5a3be0be54,1dde2be9e236e3d2,0,0,0,-1.5,0.0628034645814125,0.0089402986734352,0.0088741386857261,0.0008281917451287
ca42d1608c45526b,567b6b7d712db000,0,0,0,-5.125,0.0396602537391733,0.0036709261857581,0.0041483609449898,7.030947678531158e-07
efec8cff351ff9a7,4bd3d0b3a9952dfc,0,1,1,1.625,0.7650162059424224,0.9968354956513352,0.9967243544977096,0.9990785044789052
75c92f8c925e1291,462ad3fae7c6a5ea,3,0,0,-12.25,0.0001769890509449,0.0004527371395411,0.0005274725263045,7.833946865905888e-08
92f70765e37becbc,372f941bfa2b4fb0,1,0,0,-10.125,0.000479711869771,0.0097292901996145,0.0098950280105267,3.538004707411698e-05
c88bd8c051657fc5,90e14b18fefad372,2,1,1,3.125,0.8991814682711868,0.8558318089703186,0.8610597486904705,0.9999411091721956
0d3dacef30eaaa03,eedd79bfd507c6e8,4,1,0,-0.25,0.4163339305497165,0.9109454700376872,0.9139579620806272,0.3195914195504212
6143325fcbd94019,116ef65e3c2feaa7,4,0,0,-1.625,0.1171200444831155,0.0531147325971005,0.0526390630148767,0.0053060516271116
c66084234b4676c8,af7925d78dbb3707,1,0,0,-1.75,0.0523973398666575,0.0548302430117751,0.0547168651107934,0.0002761406165617
ed035739ec75cd00,4e310cd9707834a4,2,0,0,-5.25,0.1292856285258617,0.0614107682357437,0.060955908696166,9.8418009671619e-05
ecbd402b012e6433,612b493efb9c75d3,1,0,0,-5.75,0.0444505512502101,0.0184566657170568,0.0179223594789322,6.416137912663618e-06
2b0f2633b31b72d6,b49106d6adc6b78c,0,1,1,3.25,0.8397053918559367,0.9843434807266124,0.9845546902340926,0.9999993772100102
5588d7837306f8ed,066d66be2f36a209,1,0,0,-4.0,0.0919363878350922,0.0532128925763918,0.0533901882774938,3.63831295063471e-05
2b5f45c2b43fed15,dc3aa8364bd9915a,2,0,0,-2.0,0.0271933555656997,0.037345064953267,0.0386757327574645,0.0006409167979819
0cf93743b32bd357,a9382f70a6656d78,2,1,1,0.375,0.7916700670378198,0.9098578345839228,0.90889009906891,0.8935238130642186
d4f554d4b023a7d6,1c005e331c235f69,3,1,1,8.125,0.9967734438199476,0.8604023414621124,0.8535078063585397,0.9999998170853268
def1ee0a282c31c7,f4d77b0330641b3b,1,0,0,-2.875,0.2758657455972995,0.0981985494924823,0.0978527719154437,9.783785520354256e-05
1893e441a994fb7a,cfed1332ad11cb55,3,1,1,1.125,0.966664049441677,0.9952964627036766,0.99591487287006,0.9994797387205304
9ff8663258beb673,2848ff77ec0dab1d,1,0,0,-1.9999998807907104,0.3990210751769295,0.2837559081703957,0.2802586952184746,0.0003083411727693
db896d091fbb82fd,2f31a8c36571a25c,2,1,1,1.0,0.8118094303293665,0.903490291541533,0.9036447333848616,0.9962127085183644
49d904e4231bd312,649537aaf45b1d26,2,0,0,-1.625,0.3199269738835604,0.0984153720760006,0.0981518704386141,0.0033584689546811
48054690d848dff2,382a66ddd045c56b,4,0,0,-0.6249999403953552,0.140045586448595,0.0693083398973449,0.0703740028974196,0.0339835324422118
8d8876353d3ea1fb,a80f2f74cd0c4f72,0,0,0,-1.5,0.2925095892384506,0.7520571236714383,0.7095439280357847,0.0006845874442174
d3c050a16e18f53c,46b07a972bf208be,1,0,0,-4.875,0.0448220818395494,0.0780619584596214,0.0770508722622492,2.978381827492883e-06
5e9e4be4174fd794,300e5190c442b6cf,4,1,1,4.0,0.8774178377253288,0.8911131888258912,0.8939283424506478,0.99999590616233
4c730d9664333492,620e29578408a231,4,1,1,2.375,0.9284481256957254,0.8392763917810575,0.836979706246359,0.9993207274776016
393f988a6ecb4957,8b175af332c12c2d,4,0,0,-5.0,0.1325526388116964,0.1224708038310519,0.1181072119821595,1.1242424286715736e-06
356bd5117e4e29c7,d3b51d9be01d3024,2,1,1,3.75,0.98548321327972,0.9969370263946022,0.996923784134222,0.999998994327142
11479cf1c2a05fbb,6f2445550050ece4,4,1,1,0.75,0.5183744552135605,0.7938413147126346,0.7954537417650807,0.9939409369918452
23198b8b2030bdc2,b3426febba21ce03,3,0,0,-1.625,0.6593759430442195,0.4305621497960296,0.4364848741375661,0.0005720683910019
1c4c897763f81120,7e23cef6e9d879ef,2,0,0,-1.25,0.4129130299636599,0.0297622122105161,0.0294231827298403,0.0139521940028982
122c56420d51b931,3112690cf1e0f29f,3,1,1,5.5,0.9994245678668874,0.9980004898110044,0.9978426127651008,0.999995233989023
31e65171b38f289d,a5f1000b88c1c8d0,4,0,0,-2.625,0.0888205487269098,0.1012738424174987,0.1028587398794278,2.181666258914413e-05
32a278a8ee691fff,0da71003bd3b0697,2,0,0,-6.25,0.0327339903958512,0.0602480156301198,0.0557923911308542,9.314240898278596e-07
d1b446b7410851c1,61870e7d23853f70,3,0,0,-8.125,0.002675304864668,0.000152458510206,0.0001276890249244,4.908443219971429e-06
3d16fa04247c90a4,982207c660e689a7,4,1,1,3.625,0.9887990127047234,0.9804380213620884,0.9803793526828646,0.9999948809848772
eb4ab9e2ece943b9,d6d480c0fab6a7a5,3,0,0,-4.75,0.1473922276225757,0.0012990771976103,0.0013183091451784,2.2409715936503422e-05
e640920e0da9a6ff,034828c72c2fd3cb,4,1,0,-3.875,0.1525406343565983,0.347761252942431,0.346886002616188,5.582208297830475e-06
b6c40c1017eed73f,99fe349ac0b25480,2,1,1,4.375,0.9948554065119408,0.9879186711364644,0.9871240990098296,0.9999944053003232
00987c6dabd01089,c2fbf23d3a3d564b,1,1,1,2.375,0.9906023827303962,0.8666070350241988,0.8618414508318969,0.9701223966879852
fc90fa11674bf4f6,bc0f39fd553c4b84,1,1,1,0.5,0.8216670071613428,0.961481747909448,0.9615326175879184,0.8897125054940308
72646d870fd7a98e,0a77e193b02cd0d5,1,1,0,-2.375,0.4516476892029694,0.3479592670324491,0.3576866561770623,0.0004412690695404
0dd2c5b181261283,32a6b96a6801f74e,0,0,0,-7.125,0.0328520353541969,0.0032959267781891,0.003359816737797,3.133404205945256e-07
e75ac9365e78ddcf,00f6552ab2e84913,2,0,0,-3.5,0.3883527007373237,0.1065220501017113,0.1053175467764222,2.534723338537462e-05
d8f17f0bfb0677ab,10f7b9adbd122f79,1,0,0,0.0,0.8469605713533245,0.8275576412216394,0.8232210944060607,0.6930560321420993
75f9e26f68000dfc,a4f8a327d03538e8,3,0,0,-2.5,0.1695666813707263,0.0056135328943321,0.0051120374418166,1.705899702701674e-05
43d2bdf94287abb3,f20d52dc9444c14e,3,0,0,-5.0,0.0129734434529317,0.0055312508313166,0.0052904542556142,2.9256025969485925e-07
f5cbdca1a8cb0944,9bf543713c431e85,2,1,1,2.375,0.9895892470466324,0.986649079779732,0.9856466179908316,0.9999020255789306
4bdf8dcb6c0f95ba,a07b5db2ac0a693c,1,0,0,-13.0,2.144198160836233e-05,0.0022016294430399,0.0022652830057295,2.59611820026673e-06
bbd0cd8ec9c2bd31,baafeca967e089e9,0,1,1,9.625,0.9988722538928304,0.977585113040383,0.9764611961680396,0.9999991383389588
32f969834a657e20,99f26f78a65b5320,1,1,1,0.875,0.7826760036489383,0.9152759816313548,0.9139887379110182,0.9480410534920338
0dd93bc0de8996ec,fed16164a28d3baf,3,0,0,-8.625,0.0041962692787657,0.0002874521547285,0.0002888506418588,7.717320765479577e-08
92c2d1e6de860b17,27a738c37e6db683,2,0,0,-7.375,0.0021694292256544,0.0055044630677142,0.0056657237566817,1.2130734254357971e-06
c647f6541d081254,3ed334521e7aa34a,3,1,0,-1.75,0.6602383018575589,0.6004866716158247,0.6606819697919626,0.0004703072263139
b1ef3321637e75d0,8e3cfc3c5dba2fac,1,0,1,0.25,0.6698749740106414,0.8190177316206881,0.8247021117371705,0.6689061297617025
e009ad5220a7ce54,5b40ed486f0f8b4b,1,0,0,-1.5,0.0361510277775373,0.0537208284808245,0.0550206053397563,0.0006364863039964
b6f93728c2ae8ad5,0cc4b080d9568910,2,1,1,4.0,0.9874438055443822,0.9956743259430914,0.9954848095948732,0.999999544267276
e8a0f343447b8190,14554511788d58df,0,0,0,-0.25,0.6329403087452632,0.6089206942615105,0.6442976214482642,0.2798748324124808
574c61af7fc3014c,e43900b0a00e322d,2,1,1,3.375,0.9690225550567756,0.9908625670852848,0.9913797349401956,0.9999992754484294
ac8c1228f7d17c82,5135f6af785097fe,0,1,1,0.125,0.7375891395837704,0.557501990266091,0.5673656628787564,0.5450493906750365
4f5995cb169a33bb,18c51fa26d583447,2,1,1,0.5,0.7956871520831597,0.8830453933778841,0.8841558709112068,0.9756688431140323
4367e759c04cb5ab,78b601b9bccfcd73,1,1,1,4.125,0.9853552017769216,0.9837043557288409,0.983151587961936,0.9999961299797792
e88b4e7cf60bf90f,0468efb6a7118e91,4,0,0,-5.625,0.0837486423730852,0.0338480364252727,0.0323854066295902,1.5522806056193314e-05
6b8979c2f8478fbb,4e7412ff20e9b41d,4,0,0,-9.25,0.0016391577634096,0.0088403815711613,0.0087203342401911,3.867305768226826e-06
2c800915b6ded76c,aa018cdca8bb701f,0,0,0,-2.125,0.3744223632437684,0.2834587912354397,0.2636368767330219,0.0002542332681363
b33aa80afb350f16,4e82038cb8e10f6a,0,0,1,0.75,0.8726073469976868,0.7768356901430772,0.775060920114644,0.9873585461700668
62feb4bd5f255b75,a6694d1d1b3b98dd,1,0,0,-1.125,0.9407510840381832,0.7299304978767119,0.7184899549785626,0.0515992166415514
c385d022d3e02f6c,49e6e042344b9f20,2,0,0,-1.75,0.0357864107395539,0.0728046902080064,0.0745965444476642,0.0016603064740705
897fb8e18f64b6c5,0f1c57eeb3cf839c,3,0,0,-10.0,0.0006688558661728,0.0012578244514813,0.0011917762567168,2.995773264000228e-08
ebaf7b9feec1dcec,1659c18a859aa43b,4,1,0,-0.375,0.7908904600797518,0.7561306731109583,0.7546620300581424,0.0202372582880081
059344070a668872,19162d2b485c4e4c,0,0,0,-6.25,0.0316877011743052,0.4565311037276726,0.4494128870795771,0.0005207801929685
c07166eecdf63597,2e309627e9c27809,3,0,0,-5.0,0.1278447462496705,0.210919535776089,0.1826238524164191,1.41684494622541e-06
a3f306a045cd3c6b,2a252cf20e11d812,1,0,0,-2.375,0.056914890754389,0.0783630509539179,0.07615065656264,0.0001248066313463
cfeab655262dece1,e4104a9b17964fc1,3,0,0,-6.25,0.0553694704471482,0.2042326030347694,0.1967172464786467,3.138204160598352e-07
796da27187d3249d,1091c43d8b461603,2,0,0,-1.25,0.1201022597013259,0.0489203070291295,0.0500440373797838,0.002787770278417
ddb83d95334111d5,c26aaf3aa8e3f231,4,1,0,-0.25,0.6879041231367161,0.8326878488250462,0.8326953990695912,0.2010265164792182
1a8f567b52a41d93,c5ce49d2ac63a5e6,0,0,0,-2.5,0.3120978995271363,0.089204884995403,0.0981276483653739,1.848937962659997e-05
3deda63516433913,2f25041d06fe3577,3,1,0,-4.875,0.0502710338881789,0.1336360189455321,0.1139148537877311,6.142583178179253e-06
53b16aac95970a96,cb0cf6b6de0ad6cd,0,1,0,-0.25,0.6992526889640331,0.9619092650942872,0.9652837287416476,0.1813509061927217
ddcdba0e25de2cef,14a0b9026a266440,3,0,1,0.625,0.9530175294801868,0.9835233767461076,0.9820955653965628,0.8069118830121792
fea213aafeb6b67f,96b1c50bee35bbeb,3,0,0,-0.125,0.9648892623638672,0.933706428147122,0.9254822297779172,0.6598422105579361
39763ff3eb4a6630,0fa526a96f462f45,3,1,0,-0.25,0.5039729460535601,0.8216270837335252,0.7982586794087658,0.3431019809066236
8ea06699306e4234,81806727efb6adc2,4,0,0,-6.25,0.011491737930452,0.0343682073889823,0.0354315692732635,1.906083859115333e-07
bdddf0d49cd77c04,bdc5ac885e4ded43,3,0,0,-0.75,0.7236245023781892,0.3058786451451256,0.2493489088704997,0.0516540958265824
33e67841333ee2b8,f6661b12db4b2c3e,4,1,1,1.375,0.7794340311357573,0.7976173898616595,0.7952666639216829,0.9984136617473977
b3ca71e3055ce346,72b7eae758e1d3ef,4,1,1,1.125,0.7786231338950123,0.9636961994226718,0.964296926097182,0.9990692335040162
f5500213d947c08e,2bcfebac5d0b4e3b,4,0,0,-3.375,0.2249839117061238,0.1686813949846371,0.1680344257754976,4.155978776314316e-05
cf149fd131cf83ae,5de1941ad32ae5d9,2,0,0,-9.75,0.0029119203011808,0.0087860900626668,0.0083760028174835,3.7238288154330427e-07
8ca08e3debd14201,dd46f9eb0b762a51,0,1,1,5.75,0.9857447278440674,0.9986703200278476,0.9989119872744286,0.9999999766426972
9cc0c6db5f5cd6b9,dda3049b9a2e19f1,2,0,0,-6.75,0.0184356396806962,0.0192920074389394,0.0189454865340854,2.3933753510528e-07
a0a8094a710f07fd,8ea2bce5cf72a629,2,1,1,7.625,0.9981827217251724,0.9251858888886236,0.9226158377255635,0.9999997593298272
89bd73d11eff0778,97ca92469d60714d,2,0,0,-3.875,0.0181761180910446,0.020099572509495,0.0202816861741143,4.2095360922566494e-06
1c5c17db86687a20,cd5647c278526260,2,1,0,-3.0,0.0975288942854293,0.0736954596529073,0.0781038383484101,1.1135968081798269e-05
e095faa0b5cf5c2b,198a0dc7f97b7ba5,4,1,0,-1.75,0.2405670866982973,0.5912520369743197,0.6136801748667173,4.573399542249717e-05
9b1df4a3f8d2e05c,25cd2b8c87da1494,4,1,1,3.125,0.9237643338493208,0.9924963520786874,0.9923624086380238,0.9999998793886564
fbbdc387b0d5718d,cab6ac55d0bfd376,1,1,1,1.625,0.9427938397839876,0.9791875898331688,0.9790010651849737,0.991440509720323
a18a24c3da28adf9,7ea91942320eb363,2,0,0,-4.25,0.0161957670720186,0.0281644047414399,0.0280805260328627,3.5207381999495746e-05
d51668d897357280,563a7e3ba32b3bbe,0,0,0,-2.375,0.0844949845769391,0.022468855912578,0.022720723158111,0.0001595732697304
f50d770291360855,0c4a0dae0863a29f,0,0,0,-5.125,0.1377388570408243,0.0099743998685715,0.0084904111360164,1.7140222927815878e-05
d3d291649205041a,672359e8c664ec63,3,0,0,-0.375,0.1019952429592944,0.0108791172762437,0.0117025953029608,0.0106173985751758
b750f6aeb68d16ea,a6e8b08d6689e216,1,1,0,-3.75,0.1625704967287187,0.2665300566440077,0.2633652866831477,3.197617443529579e-05
68946d7fb0369d7d,2d2bd283ae56c66a,0,1,1,6.0,0.9928640873694506,0.9944043315320714,0.9940963753000588,0.9999906828361248
b95ae7930a05c34b,56896c237b45a130,4,0,0,-2.625,0.0212741958091776,0.0360561551820108,0.0374492605710095,0.0001014293463433
7596badb5a84e854,6b39a15dd6c269be,2,0,0,-4.375,0.2017149237258895,0.0301500467413708,0.0292738143205815,2.4982554006892822e-06
7e9652e38e9c4946,49ab725a4c430d01,2,1,0,-1.0,0.442908014130028,0.7340804962184392,0.7382644561975031,0.0141070810054102
a3cc426157cbe159,358237e48a5c8712,3,1,1,5.5,0.999522550921555,0.998582362816065,0.9984068074430772,0.9999920666532852
185ebd00cec8f7fa,8056758bb833a131,3,1,1,6.875,0.9983200131184684,0.9697640770908617,0.9650596535496854,0.9999946834525246
81286cde6e6ade53,77d71bb1276ab818,0,0,1,0.75,0.7351728608443615,0.0346029565452105,0.0332345865826038,0.906438137913642
272754b989d846fe,b4bd68c1b8f179b3,3,1,1,0.125,0.9443411015960492,0.9933571630770276,0.993648708688832,0.5275615716935865
e64565df6073b4f1,fb3ea2edf2bf609e,1,1,0,-2.125,0.1956962534809677,0.1120165588423137,0.1151536906203087,0.0006352651692939
363a1d01605f4404,1dde2be9e236e3d2,0,1,1,1.25,0.7997748694670548,0.9548277518273882,0.9520680881888498,0.9996556078959968
3233e010c85f4a6f,59de7a447739a871,4,0,0,-4.875,0.1673826560427324,0.0443439891287463,0.0451136132740524,0.0001753823385087
f611e889f17c060d,7f0584a4ba78111d,0,0,0,-1.0,0.0417976489443781,0.0171981654267085,0.0223859352520717,0.0078664052514082
829cc6c973cd9e6d,cb5bcb977f587c1a,0,1,1,2.25,0.9370731895844772,0.9995403397661649,0.9994607733865036,0.999984328106439
54063b2ffa79a6c7,ad755664dd95a115,1,0,0,-1.75,0.1607501399420916,0.0817227562305809,0.0824126630626625,0.0018465919431358
5e6ea33187d430a2,c487e7274ab5217c,2,1,0,-2.625,0.4072952217737632,0.387458383879382,0.3879827490256989,9.373326016450572e-05
484336154e4987d3,6bf8b1e0eb9a9c00,4,0,0,-3.5,0.1424020740197497,0.1587600810686972,0.1609582707170272,0.0001600240803445
e9a36a4ac9f7a74f,7e97e0fd0df52313,3,0,0,-4.375,0.0567717652186611,0.1556113337113437,0.1357217503910693,3.982790240030152e-05
8ed453ae18eb98ce,36552b6c2757e29e,4,0,0,-2.375,0.1226332729549553,0.2002131220234225,0.2001660439166532,0.0001613185584685
5378850e93cb1871,384b4dfd7d95bb1b,1,1,1,1.25,0.8310545663184192,0.951088276993224,0.9511174514590504,0.9993223842948784
3f3431d86ea0c19f,3326e3dfc7d3c710,4,1,1,5.625,0.9776610795337732,0.9442673905990616,0.9448374994718064,0.9999996280461448
2a9b3ab44ea85d3f,9757ff00290c502c,0,1,1,3.125,0.928544419700698,0.9940132936805212,0.9923645321403552,0.9999831881866008
0b47205cc5cb1a78,85e8336391310565,3,1,1,1.375,0.5878531450021299,0.8517632728279878,0.8458683601699438,0.9999832028017672
c03c5f19926cae01,85dce7fd4c647a1c,0,0,0,-1.5,0.223473317869088,0.021281777014256,0.0194987628046775,0.0177999115589617
ad7fdb8c66f7cef3,921061772ba183bd,1,0,0,-0.625,0.7314381838998554,0.4520112586848245,0.4556968276358167,0.0110455273409233
089aeb2003610e33,77d1adbb9f574221,1,1,0,-0.75,0.6457278930323377,0.6736965110772434,0.6716706590382662,0.0358573287538181
6f32b5a013b5617e,973c7da5a286a968,4,0,0,-2.375,0.3092822214086079,0.2276284085112285,0.2208254726181203,0.0002544207440115
3e7ed53eddb42b0a,09a64bd255049b41,4,0,0,-5.25,0.0680899233878308,0.0249464715279789,0.0240689022084697,4.12794159476739e-07
5673bd58fb3e3727,7ca5d0562307c7b9,3,0,0,-4.125,0.0418526438501026,0.0162684546258616,0.0189907960095495,1.7423421394164946e-05
1c03fc1f3347c205,853fe09b9a7d9e22,1,1,1,3.375,0.97054623166568,0.9785234779519588,0.978342437230616,0.9999813638823966
ab1991f1cb59478c,0f607327a13e84d8,1,0,0,-3.875,0.1325932210381497,0.0343029597799417,0.0335897153803918,1.9521594371328192e-05
4bd405a83276de02,6875fad10d42e16b,3,0,0,-3.625,0.0639900199922864,0.0838957937252234,0.1103916231660492,3.734043850029132e-05
b6b2d554e36d3e05,18c1821a7b4087c6,2,0,0,-5.75,0.0180497925872996,0.1592431534796122,0.1636931058313086,3.233677846657143e-07
a00bf270b76b76d8,275591705a957ddb,4,1,0,-2.75,0.3126218260726409,0.3990316246932335,0.4053535143543385,2.512690484529965e-05
b2b8ff6b5442f79e,5e3beb9e13530b56,4,1,1,4.375,0.9943743714141496,0.997885247991949,0.9978263942969156,0.9999999814402132
73a81f1f971851c7,55dac1ea31e52f1a,1,1,1,4.875,0.995369183360206,0.9933633140269476,0.9929322183670102,0.9999999958312668
cb370d9eaec4d954,2b5cb0e6d0d431ef,1,1,1,6.0,0.998138346140058,0.9828214167729282,0.982289266079358,0.9999904576713904
6302e1fa52950509,13f21e392b2d961b,2,1,0,-0.625,0.2404540068451534,0.0957461477226895,0.0958459148446105,0.1101666619145746
27186228373e1063,0f99ad70bd39f84b,1,1,1,6.0,0.9930065608502902,0.9782404634378268,0.978364020221679,0.99998642921656
c395389a79bef311,15e29adda98108e8,0,0,0,-6.25,0.0547042788241258,0.0379921731997068,0.0404237441089417,5.855364382373346e-07
e7fabd1a4a9d57a6,0739190cfb13a38c,3,0,0,-2.125,0.6488755721200069,0.0897316202794908,0.0799216608380111,5.5225010191436935e-05
0869d9ede0c78d28,16ff01f36c406748,2,0,0,-1.75,0.4556608644191003,0.270888460152703,0.2722093925971863,6.16021675650421e-05
ffcb7a5479f2757e,1b1a07dd7d3763b4,2,0,0,-6.125,0.0253760677337596,0.159589976534239,0.1606631522841665,5.512203828363058e-06
c47a8a551d517fbe,55552e2d778f2dbb,0,1,1,1.125,0.8940241970446203,0.9819693775773742,0.979934763235636,0.9897992192181584
94401ba3150f5e3a,45d68d49075f1244,1,0,0,-2.25,0.2579400392123761,0.2672302112493032,0.2668736340095823,0.0002280355432776
d2e44b69095bea01,90c7bedb3639f3c6,1,1,1,3.0,0.9866329135627048,0.9785480244206796,0.978020341435566,0.9999054802340056
21746e61d0992fd5,8a23b1b0fbfda498,2,1,0,-1.625,0.2034029411458967,0.6575470415542557,0.6663417306635354,0.0002421505056421
9ddfa833086f415a,580b6b8a3b2b0c38,3,1,1,3.625,0.9894398242891864,0.9962744325527508,0.9957453930451758,0.999987944661607
269085fc805ea679,bd2b8c34a26ef687,2,0,0,-2.75,0.1869099058522225,0.0848600264139097,0.0827868830458979,7.032685454128231e-06
04107ff1b29386d1,7460370a9aabf1bc,2,1,0,-5.125,0.0553640283703521,0.0598650597242584,0.0625926715095388,1.959343667688258e-06
0184396aceb47360,0950f1aa7b00bf64,2,1,0,0.0,0.6255692447675714,0.7864103187122086,0.7886270429861606,0.1190061628899807
e52e91045031fd06,cb4c5db73a448c98,1,1,1,2.75,0.9461386487309752,0.9646604938804544,0.9631265149274242,0.9999540112986374
ca1365e5dc484cb6,11d6f7b32b0c57c8,4,1,1,3.375,0.9840659700249632,0.976491207431752,0.97582749817899,0.9999954719249148
fc40ef910ab4a440,f1b365e6610e1ff8,4,1,1,0.625,0.8482253369156343,0.95264913166056,0.95029311949389,0.9785927930226388
94a6040135ecbddb,8573f3f50936d8cd,0,0,0,0.0,0.3331353872206152,0.5650250631890721,0.614565536535625,0.3423113311497004
c48a83845ea31479,99a79a3915b75b3d,1,1,0,-0.75,0.583050160617757,0.6581587049421659,0.659054198620691,0.4351705710643002
595531a21be144db,1385db1e5f5a9f9d,2,1,1,0.7499999403953552,0.6767893823455571,0.8916108788518737,0.8912505059192676,0.9876894655789188
fd86f765c239d522,0910ae128ae00a61,1,0,0,-3.125,0.1894202029684855,0.0613533361341217,0.0615604541594365,0.0001329116146551
abb05c1fe27117f6,5b976ee8f2265e95,4,1,1,1.375,0.8891436163009268,0.9829594650253884,0.9829801475688308,0.999471699179437
ae89a0126186991a,1cbb14cc9507db9f,0,0,0,-4.75,0.1364307043022337,0.0527259845817201,0.061366713901226,4.355586159341964e-06
caaccaa2831986ae,1f6558fd743e030d,3,0,0,-4.0,0.1652737630937465,0.0886065866770347,0.0807699491604284,1.7071522419066482e-06
0b5ac782bbfbb3d9,a068fbf5348ff0a9,1,1,1,7.375,0.9985992726867003,0.996104201308412,0.9961502712464948,0.9999999989346888
5f7b013d8f28e457,5e839106b25b1146,0,1,1,6.0,0.993755342367259,0.9983004539459392,0.9983657013492016,0.999994722935872
d08a231c0247336a,1c8b8e5c1df69c2d,1,0,0,-1.625,0.0786429946133026,0.117035327411458,0.1156449246833309,0.0005963328627783
e11ff165dc39e06e,7c37359b3e9095ca,4,0,0,-7.5,0.0046463995004405,0.0112400542322692,0.0113091437258124,4.393032391437221e-05
ca8e3ee99e4c09fa,95c892aeed89702f,0,1,1,3.125,0.923227658372617,0.86269166092458,0.8781332131452688,0.9998520137986504
f63aa2a5e660f8ff,46427cd74c8fd0de,0,0,0,-4.75,0.0165265377900709,0.0007404155021981,0.000894408406969,1.1340857578558085e-05
2aa887ab8404f23e,e517747cc1ee6a38,0,1,0,-0.875,0.4261821037631551,0.4866464679987669,0.5216275264708767,0.1414392855010742
6c22a54e82cecf60,c7f45d1a316baa1e,3,0,0,-5.5,0.0343953870809733,0.0065539686042011,0.0066663561995844,2.636661193551589e-07
3ede3d9b9908fec7,71d485c79648b0ec,4,1,1,1.875,0.9725192879535836,0.9927214438316656,0.9928808832689996,0.9992169233965292
7e8b7616a373bd75,c100131b41174483,2,0,0,-0.25,0.1660902061728769,0.0576854213981872,0.0567029203586279,0.1498369422495614
4c598f5b95ae763b,fcec489e477ebd1f,1,1,1,4.5,0.9909625012281836,0.988164049167718,0.9874675498254069,0.9999056161359972
35e2e57e8bed6eed,5350ab9732b8f0f7,2,0,0,-8.25,0.0074844603522381,0.0050673507035691,0.00491174621827,4.870407685807959e-06
596a5156e52f34c9,8adb75bae922423e,4,1,0,-0.5,0.8662933325721974,0.91585977531149,0.9146631808750468,0.3221352518859195
dd7ffc75832f01ec,d5436a05398b1fbb,3,0,0,-1.625,0.2358846607017156,0.054747790720608,0.0575734161092414,0.0006992425717739
fdac7060b469d909,d1a938adb9f6bb47,1,0,0,-3.125,0.1453924122614661,0.0382495434162342,0.0381466215237103,1.2177115174326016e-05
e11e0402324796eb,c9a69c0db4546d1e,1,1,0,-0.375,0.5060369626709748,0.4169395797789871,0.4229653985846553,0.0274044983435999
15bd4e83c37f3ae3,01b86681209b47e5,4,0,0,-1.625,0.3058522282652523,0.0816589670594564,0.082807844476668,0.0042214954753256
a3832fb9c0c90494,d564f7aace5e9365,1,0,0,-0.75,0.7511690654420234,0.7381545767231945,0.7340292941316778,0.0632827768074702
50b8dc559a88b613,48eb7664b20d89cf,4,1,1,5.25,0.9990066609566072,0.998182834534298,0.9980274342314716,0.9999999976850276
8cdd0a78f82e3aff,0abad1ce383567e2,2,0,0,-3.5,0.1176017706830057,0.0677223651383594,0.0659557627357104,1.4657526812157016e-06
ce054a6a5f40f7cc,aededc51f121f4b2,4,0,0,-3.625,0.0703298866001258,0.1125860671741907,0.1144681173153455,4.601224496618979e-05
9f6f57d68a32dacf,2a1a3e1a304eacd0,0,1,1,4.875,0.981273272467777,0.9976491956404456,0.9972953444215528,0.9999303374503392
79d2b1d2ec99d7cb,83d08aa88e5c4875,2,0,0,-4.25,0.0102145716400034,0.0109813026653603,0.0107817870845213,5.768485289129361e-06
445ee81ecd1f5bd5,45930d9f20a27e1b,0,1,0,-0.625,0.705414774850934,0.927347746520438,0.9450717383331212,0.0504609359843835
773646c7f4019ccb,518fa863117750f4,3,0,1,0.5,0.8970939956338033,0.9684503932589584,0.9668529336359524,0.958435445591994
283a81ff65e15179,1459dc40de6e2848,4,0,0,-1.75,0.2443542745777526,0.2279366160368436,0.2290866956431893,0.0001646224678606
12f633481972f0f6,e485aad2e54f538f,0,1,1,0.9999999403953552,0.92583598659253,0.9535165526093784,0.9591477040421034,0.4606493345766412
da65fe53c9c4f8fe,370e72ce47354bca,3,0,0,-6.0,0.0111423320946217,0.0158975302282201,0.0191543845287496,9.20328328188616e-06
51aa334fb234846f,f38655c61943a525,4,0,0,-1.625,0.3164097162839906,0.3813717500649874,0.3694297984239225,0.0104184455241965
35280b5e9b311c4f,8a214ab17de0d220,4,0,0,-5.0,0.0688965650326701,0.0652668121059107,0.0641400810536348,2.461230900809984e-06
41bf70a42170ec60,c39c117c118b4594,1,1,1,1.25,0.923682640318966,0.9011767755182808,0.9012215535636112,0.9993684881662904
765ab4541cb8ee45,12067fc64602809c,1,1,0,-1.375,0.660555474896003,0.3726697268160108,0.3604943039217813,0.0010462264157291
725d99ffd4289e01,33535ce94a91b80f,3,0,0,-6.375,0.0080915070606757,0.0005794615901579,0.0006594059355687,2.3553449521532585e-06
783faa328b6ba7ef,90baf5f8f76a05c7,2,1,0,-4.25,0.1784699568652938,0.5246055890643261,0.5261717053569805,7.012581225435223e-06
03f384d4b1b2e290,4b78262183ff0318,3,0,0,-11.625,0.0005508792983311,0.0043168848273637,0.0037676277268523,4.753611124810006e-07
8680b3d21f72eaf5,45d3b6cbce45a457,3,1,1,8.25,0.9970016827663865,0.852437340452236,0.8689467878624424,0.9999993081971936
e78001ec6923f746,4cc3f2ca424bd826,4,1,1,1.625,0.8545229643027575,0.9259732793523388,0.922810304015227,0.9986667693615748
cab15a67793e0820,1a4f523a89fc29fd,2,1,1,2.75,0.968732618811784,0.988049412518535,0.98833036180754,0.9999796995509488
cdc3d790ae4033d4,90e8fddb8c66899f,3,1,1,0.9999999403953552,0.375682110146391,0.6802176039391726,0.6815821508322831,0.9983850281426078
0a2c5a7af7deed81,74986e93f69c4e50,3,1,0,-0.4999999701976776,0.7960018337649327,0.920926328390692,0.9240731982321392,0.0615392550864074
99623266045347de,86d97abf4a687f51,0,0,0,-1.75,0.1787623033485999,0.0236951051469913,0.0240223299778883,0.0009050555761965
1564f0b2070cb772,aa6f807d9a77dac8,1,0,0,-3.375,0.3001039480245452,0.1325115683908074,0.1301711605895162,1.5765830691135503e-05
81b1760590f0bf04,e92d38f4c2f3f734,3,1,1,2.0,0.9362054259356266,0.9945573396268212,0.9946472945344508,0.9642988346341274
791c1bc3099135b2,edfefba3c184768c,3,1,1,0.375,0.8595324765356445,0.9818181154712016,0.9824401548280628,0.9590432145057868
ec693d23c85cb074,66676c5a30e5653c,3,1,1,4.375,0.9953379518111244,0.9916221044077264,0.9885279844216924,0.9998635395884532
54e1f9cf84a63045,10b509f1100d3be4,3,1,1,6.125,0.9945521766553734,0.9875149199762971,0.9872576617286274,0.9999973869204822
bc134798ded57ee7,ef27d5a8b7fb1fa2,1,0,0,-7.999999523162842,0.002434922089039,0.0068660810232396,0.0070195543466658,1.755582186258588e-07
5c8df3d80fa0d63d,e705cb6da34608c3,3,0,0,-1.375,0.0463586801865773,0.0201013681153581,0.022667208687543,0.0006435343026092
25efd7fd920eda34,8b99dc86a5a49870,1,0,0,-4.875,0.055347343288102,0.0461698844427029,0.0446543001515069,1.0730959765581462e-06
c59211c8db69b6bd,e3cbabd5d3479d1f,4,0,0,-7.375,0.0074063809152788,0.0093826345184986,0.0093865402994572,3.034848315781913e-05
8752fbfbd2832c10,0221a0962ad6f7f5,4,0,0,-5.0,0.1171353249741521,0.0236304988745775,0.0223119598937697,1.219941607892143e-06
31247415177dc92f,edc93e2330784a98,0,1,1,7.125,0.9876757459944642,0.921035575784122,0.93066441164716,0.9999976721469744
31d3573000072fe2,23c02381e8195157,0,0,0,-2.5,0.4132132564869882,0.1333331807242626,0.1369544119441062,0.0001162285921296
fa92f3168de084a9,11849e5788b4f331,1,1,0,-0.25,0.6558946223640241,0.4931287076241776,0.4968880061465797,0.684698746491957
52decd66bbfc621b,ad737bd0d81f410b,2,0,0,-1.25,0.5709203208759275,0.324472972875512,0.3207120426492492,0.0007854698772496
221ab11df5b8e6a3,69b7bb4d7345fbd1,1,1,1,0.375,0.7507920742852144,0.903030846161425,0.9059001128651368,0.8286977713080108
888f28d7d88b305d,85eb4ae17f13b2a7,4,1,1,1.5,0.8518017007565475,0.9846140386210612,0.9841585631179378,0.9997400414879822
97ad52daac5b5c01,bac02784ac9565f3,3,1,1,0.625,0.8077940858171984,0.966335397502628,0.9676122340608388,0.9944599196505984
3669424e721d7e79,1e29a810c9c98302,4,1,0,-1.75,0.3470000098469213,0.1862606887847599,0.1897270188909873,0.0001779866683059
38e13df0b9793400,76f499abf307215a,4,1,1,3.25,0.9047915925618776,0.8634794419933128,0.8649955987194988,0.999584501428988
45de79a5893ad110,c98fd224308bab90,2,1,1,1.5,0.9784900190106506,0.9909875506514751,0.9905939188303222,0.9999276480425126
2939a1549ad0d3cf,c241bb2410ef5c72,3,1,0,-0.6250000596046448,0.8263023289634887,0.8743588005531251,0.8649900749693944,0.068924842049545
f06eb5d5d53ddc05,ed3e00c72995f02d,1,0,0,-4.25,0.0906903224464734,0.0292515872343038,0.0286596117379925,4.6676983046337866e-05
5924a2d6f099acc0,4e68223301c405a8,4,1,1,2.0,0.8710963749916428,0.9911342685071984,0.9911510597152028,0.9999322286376702
77e06d59a1a681b5,129e2d0c7294c6b5,4,1,1,0.625,0.7427788145650532,0.6759868456107131,0.6872470853430758,0.8510191766875707
06497558fefd8def,5bdedd4ecd4996a7,1,0,0,-10.375,0.0005780595630854,0.0035859796825089,0.0035352073064946,5.0966924436791966e-08
15b5efd013ef1ebb,bfea172cc0c0055d,0,1,0,-0.125,0.793473842724769,0.9794318384887724,0.981174094959124,0.401610907258395
df0c0c9559aacee5,222f93623a0cde6a,0,0,0,0.0,0.5970608424706774,0.0058491390284291,0.0056636249501429,0.832445415406356
fca2bcf2bdf9d9ca,1d046a6efcae462e,2,0,0,-1.125,0.4543692348595073,0.3445508168229058,0.353705178988331,0.0001756752274688
9ec8f624fba01d9a,ba200a44b8990234,2,1,1,0.25,0.6088024303471606,0.7790799787348746,0.7815447581808094,0.7395109191374231
d241168d6c17465e,af5a04144d829688,1,1,1,2.625,0.8308974880988202,0.9754954025849232,0.976022781950258,0.999999237479699
754d101ac24622b7,9d30772b2e7349b2,3,0,0,-5.5,0.1045276519313958,0.0786033894385555,0.0729877860583849,3.0324725233571817e-06
8db303e8c6c2ecff,8709047146f5d64f,3,1,0,-0.75,0.6954342606811305,0.5623747412701358,0.5160271933619066,0.0226632594408766
0039f05d4d7b7da8,4390f08f959e317e,4,1,1,5.75,0.9950770287065478,0.9836493646011126,0.9840905487386554,0.9999873196030968
26d16148f6a6b040,d2689082b1d13974,3,1,0,-3.5,0.1321299126858099,0.778942127005556,0.8205950706168768,5.548882604048453e-06
964f4a31a02a9edb,294d188d27611f1a,2,0,0,-2.875,0.1838360878394566,0.0437964826329418,0.0437711113484929,8.936241578019173e-06
120c9b15f21cc667,1d876a291ea0f65d,3,0,0,-6.25,0.0528516420216322,0.0085132374097344,0.0072465744998564,1.1368776110922385e-07
dffaa3362dd4b705,f0235f1554007f91,3,0,0,-1.5,0.3052317042147067,0.0528558751960343,0.0430528292815123,0.0004113322053574
cdd9e19e3e9af688,10fc90ba974c30ea,2,0,0,-5.25,0.0462404472827282,0.1897114383343804,0.1888998441829079,2.197936317801596e-07
d8ae9c68489a602a,2f8a6bddca35df62,1,1,0,-1.25,0.7418792482746525,0.7927589242947687,0.7851139784618892,0.0016276606790308
f567864e32887707,2eb64e7f3bb60ffa,4,0,0,-2.875,0.196971669320959,0.1566673273791961,0.1594509261247389,0.0002508283862688
2e7b8b9594c99b6d,9ba41e2529935fdc,0,0,0,-7.0,0.036098162232301,0.0026422981073508,0.0021034707167539,5.939854581151884e-06
00439fff3bc6aec2,6fab7c0b842c2e6e,1,1,1,1.0,0.8140311007440582,0.8952197664726168,0.8958436458707333,0.9992004290647308
87ac879b12205b80,57a254c1e79afd32,3,0,0,-5.375,0.0093483723881248,0.004348660298625,0.0048029542603236,1.4913639830724814e-05
c7092eee457a0f1b,b56c30094327e177,0,0,0,-0.625,0.5089510900702721,0.6808377496385811,0.661205311552216,0.0246240603434764
49450cd99b482c36,ab6e207a92bd7633,0,0,0,-5.625,0.0412787376080602,0.010861889238425,0.0105603629089811,9.320995949035684e-07
c354ce001a68fa41,ba42d3c59378b8e9,0,0,0,-6.5,0.0661508643141913,0.0311457938443799,0.0330917534207101,5.657316684528644e-07
47838203f9308036,f56b9e56e1d625fe,3,0,0,-5.125,0.0190986481848766,0.0043948544483885,0.0037616766625794,2.057052838143976e-05
313e93c3c3776bf2,ab9740730235f21f,4,1,1,5.75,0.9919345326642952,0.9953491165504332,0.9953534250086152,0.9999999883382764
031f78311d92844c,63c57a013e32511a,2,0,0,-2.875,0.1363966927570587,0.3088454656274131,0.3161061201100638,8.317497463931319e-06
f51d107da9d774cb,0819126f284bdc75,4,1,0,-1.75,0.4165924238167655,0.691293313352019,0.6922560775655952,0.0006449411442556
6e1748fc031d1456,3ab8b67f46785042,3,1,1,4.5,0.9934846148930911,0.98609357432722,0.9871129095737288,0.9999395889850262
cff26d9c8ac546b6,69817e835cc60a73,1,1,0,-0.125,0.6595841548611981,0.8036611134979942,0.8044490244762212,0.0726323048331914
5e3705c1e60af017,5e6bfcb4cf6530cb,1,0,0,-5.75,0.0049524106101243,0.0092147266903914,0.0094768902443688,6.745347751003225e-07
31c3bcef4ae88a61,13d544bda33b7747,2,0,0,-4.375,0.1027814795822291,0.2756269696600469,0.2765146941702442,5.106530465241562e-06
12159c1fbcb5c5af,d0513945995d6ebd,4,0,0,-3.25,0.1532636725072524,0.0283290289978842,0.0278308064451041,6.883012517208552e-06
bd0713ee9514ed56,f48399494774d488,4,0,0,-2.25,0.4966214450100687,0.0632239317177054,0.0633628540154705,0.0005154593565297
0cc2d4e0d0877438,9fde3dc14d8009d4,0,0,0,-5.25,0.1131290709372554,0.0096681143297319,0.0104435099021651,5.083347182884209e-05
3da916b19f43bf26,345a34eb4936596d,4,1,1,1.25,0.8420724397327614,0.511429511419314,0.5107660557248833,0.6936391710416474
03145c1dbf772dd2,de3666c3488f1289,0,1,1,1.5,0.7045679364921457,0.6440485399671061,0.6742063048784961,0.9977751623623432
fda550c3d64b0ec3,f29832b7134d779c,4,0,0,-4.125,0.3191749761154676,0.2979870277639578,0.3017847348522374,6.096501407827775e-05
d58b1fb0e900ff7a,ccedaf35b2fcc5cc,4,0,0,-0.375,0.3741799504835836,0.3705006802067905,0.3664999323771,0.2051245624150645
770575c186c81f60,e1578358b181bb5e,0,1,0,-2.0,0.0811385519531785,0.4356925953324176,0.445185832608089,0.0001023787776427
ffe1e972636054f5,812a18a2829045c6,4,1,1,6.75,0.9902194275640492,0.997698343732917,0.997799365640491,0.999999998792269
21bb0fbddf4e3d77,20fe15af11b99b6e,2,1,0,-1.625,0.4058157778528344,0.1622303879246735,0.1640574888880511,2.971138074661007e-05
6783524783ecebf8,d0c41d5ef7f52414,1,0,0,-0.5,0.7546176421323088,0.8879173688699153,0.8878610095320886,0.1015888896355689
adf6fbdeba8cea3c,b9a2d808823973c6,3,0,0,-7.5,0.0034937517118993,0.0021306074759654,0.0021359963558377,9.155508269561686e-07
6912c7734d8005f7,24f4ab101d799365,0,1,1,2.25,0.8611165425317627,0.992804327831168,0.9926472207541226,0.999996836794777
666c206533f57ccf,4d6a07d9e9710f5d,2,1,1,3.0,0.9877166780600204,0.99645855701501,0.9963661856150108,0.999999556020489
19d4ad0f2e5ff290,59f06cb4d616a2d3,0,0,0,-8.125,0.0237327312689522,0.0077754435335753,0.0082838539522779,0.0019581159415751
3f8ed94bc259b8cc,5168e0615259f3ec,0,1,0,-0.125,0.6322996445707023,0.9142355940985716,0.9236215224757128,0.1867469409903878
71385738846013f8,26ed3afc4013d30b,3,1,0,-4.625,0.0785755269789365,0.0321861501622033,0.0280342527966353,3.4605639091307978e-06
a4fdc7c24e1c278b,625d18c0c8395589,2,1,1,3.875,0.9821220819886346,0.9974332649117104,0.9974101460739788,0.9999998952468548
247e36eaa533a612,15de37768ba59f9d,2,1,1,3.0,0.9718744522054024,0.9865769622349676,0.9856969820280664,0.9999783518951558
7922713b41e7b0eb,9e242fe5fcd929a8,4,0,0,-4.75,0.0928332911294609,0.0512439105180225,0.0509684181100918,5.632888317499398e-05
f5602f67fcfb98e7,a0c3e53e3e75f6c4,1,0,0,-6.0,0.0038580250038724,0.0080408796190531,0.0081996547134948,6.320899203012386e-06
665241fc6123729d,70206475df0588c9,0,0,0,-0.6250000596046448,0.5354993419400925,0.9755413173138016,0.9751964611669162,0.0170886302939163
ab56656c91319b4a,8d870e67af42ff68,2,0,0,-1.5,0.7027564956586317,0.6631097993943241,0.6628384268049383,0.0042015060472184
8dfcecd670ecbe85,5d73ee79baf102f8,3,1,1,0.625,0.8119973217784506,0.9978229385121123,0.997636341750276,0.9970732753964264
bbfa881b25334ca9,4120f27cbde36394,0,0,0,-1.75,0.0829157492015821,0.0871422421068265,0.0899972746697879,0.0003140629568129
25d698e14912f6f0,cd41610946e307b1,0,1,1,3.5,0.9109314295862329,0.9461753498205184,0.9471171476457904,0.999986947709555
47f47bee6783d536,8b899a8da58f0f67,2,0,0,-1.8749998807907104,0.2612867025026618,0.1378983488025119,0.1411458694377397,0.0003820147695154
7375c2a4c1228633,767901de46ceaf11,3,1,1,2.125,0.7522765085054504,0.7999338733629875,0.7734842422845399,0.9997795726377456
9f8ab5f0605db468,1d655eeff1da68ba,1,0,0,-1.625,0.4640184704626673,0.2633057307524438,0.2600358759758991,0.0002613687258642
86f8f63c3475a196,47bfcb2e1c7db872,4,1,1,2.375,0.7959562837299274,0.9724175476800012,0.9721257898141136,0.9999988942836888
9d09751e81bc0a95,746d870d2e9aad12,1,1,1,5.625,0.9967390078432457,0.9719108366418072,0.971781101454092,0.9999978644832582
8af6684e0846d368,835c9ea12ebc5b2d,4,1,1,3.125,0.8653247823470519,0.9926383756752258,0.9928732586771236,0.9999998919925532
a436bd8bf8a8c9b7,2afecf7dc43c61c9,1,0,0,-6.875,0.0190172302108625,0.091619209142658,0.092498217757248,1.7366493917742868e-07
1dc7c0f868dbce85,c99f878b17f93533,0,0,0,-3.75,0.1697960989871534,0.0088987174918661,0.0109194317293454,2.0371553520754827e-05
2494ef4d6ce4f41a,6d9a37cfe271b8f9,3,1,1,4.5,0.9558399381157978,0.8217593379781507,0.8372509796467388,0.9999827693219268
3f48dd0db0410cad,f7ee852b2168a091,3,0,0,-7.0,0.0083742080940774,0.000449141802692,0.0006015870535318,3.5590366429388544e-05
49179169e66f24c1,f441dd6e35997cd4,1,1,0,-4.0,0.2602108509719616,0.6936870649242918,0.6888609107399791,0.0001818992423548
71e9e492cd62cdac,93bf9c9624debe0e,4,0,0,-3.125,0.0790590750807765,0.0648980218927965,0.066123965019469,0.0001832293181049
df8a7e763c72c27c,674cd0fd1c7abe2f,2,0,1,2.5,0.8080864174992174,0.722106531863291,0.7086751382910275,0.9997458027568272
a645794a93227b20,cf85addb8310c25c,1,1,1,3.125,0.9748982954081956,0.9853001494223272,0.985423905480428,0.9999608250519126
989391f4d88fa756,779a9c69c8f2dc56,2,1,0,-4.125,0.1708969367952805,0.56970848016874,0.5661594263725657,0.0007441220633695
08b5ab0fd4bc3bc3,b1a504ff44eb103a,1,0,0,-4.5,0.1025231564109922,0.0251477517459118,0.0245756164917967,3.029812719510884e-05
3139ea0ab587b1b2,23b36f2e7c0992d3,2,0,0,-6.875,0.0063108019145314,0.0112244474717985,0.0117267184290073,1.135379720745613e-07
529ccdf134d2874b,5b9cf9d968acaa6c,0,1,0,-0.625,0.4364066730737527,0.5919419273386374,0.6078081364424455,0.0136886500263272
b7665764b566e816,98dccee1dc689bf5,3,1,1,5.375,0.9973586719837384,0.991558881988694,0.9897332308892536,0.9999976582611388
d99441bd620c6111,84b9a09b3f1c306f,3,0,0,-4.625,0.0336674065849105,0.0008604951496445,0.0009179840426961,9.181195865084638e-06
2b103dcd5a69ceb7,5347758570c5ea8e,0,0,0,-7.5,0.0159550632324551,0.0130419115900231,0.011473031497279,3.267004808711544e-08
f1de38bdb7617b98,92fcc2307aa0c09c,2,1,1,4.875,0.9926492433378208,0.9927637320615252,0.992837896866264,0.9999977031031164
ccf9d86f9ef0c0de,58f81073a1975395,4,1,1,1.375,0.9239417914112876,0.9621573932919234,0.96327046101282,0.9987269313811707
604bee5b51ac7cc0,6adabd08e6c086bf,3,0,0,-5.125,0.0086791465029377,0.0013078937779177,0.0012423680922526,1.1837951380066009e-07
b1f1384795f9f894,0c74aeb922bb5035,2,0,0,-1.625,0.0840927503611213,0.0840947682281096,0.085437156866366,0.0002420223822887
d1b5d11f0e57797f,dec25e89328b2ae4,4,1,0,-2.5,0.1637644211621511,0.201292030335613,0.2046559908094442,2.911477158590304e-05
cce6410990029faa,a2f63b4bb458f6fe,4,1,1,3.875,0.9900625612113392,0.976283573566476,0.9752646057675456,0.9999924725605024
c268e6ea26a4b41f,6785c26a3e48dbc9,2,1,1,3.5,0.988186540323168,0.990587351490552,0.990343327433571,0.999993962094178
ca544ab53eaf654a,67abdda6c2f5ed36,3,1,1,6.875,0.9951533078793564,0.9677623891181418,0.9661694405263996,0.9999983065367484
eaeca33c12a8fe95,941890a2a8869c82,1,1,1,1.0,0.8533608145155778,0.8845678372474656,0.884751934415232,0.803360418630865
de989f180eebf4c7,59ace5c4caf5235e,3,1,1,4.5,0.965581872872458,0.9587026556162808,0.9621986259578248,0.9999986892680424
79fb7f92c0dbe55e,eabb47123081c430,2,1,1,9.125,0.9997883399967752,0.930211617196148,0.9278623598539852,0.9999996563142856
f74c9acdfb9d3cff,3a5f8ea88b61fbff,0,1,0,-2.375,0.4000661763241982,0.1720003802891007,0.17779391124746,0.0009409743581897
e44011d7a96c995c,d0e5a5089b8b8cab,4,1,0,-0.25,0.5535331608851963,0.967582445373136,0.9681843290942196,0.9210899199004908
dc137a3095544b6c,c0d300aa3193ef38,3,0,0,-3.875,0.1984106269457321,0.0148108712678977,0.0123628894295297,2.9776294905778502e-05
040ba846d9dfb414,a6d54e353033bc0f,2,1,1,1.625,0.9428450376676476,0.9847005524077316,0.984552158809495,0.9863873291169531
f887fe65c7740c24,9758c766ef7b8b10,2,1,0,-0.5,0.6294965983961457,0.7437325575609238,0.7469554580714387,0.0065231197254341
259751083ef91930,6875fad10d42e16b,3,0,0,-1.75,0.4350824422656641,0.4250175429779247,0.4544206340921641,0.0004187756359841
c7ce8953ff91acd2,a9ce070243ac2ebd,2,1,1,2.5,0.9722357918445128,0.9955447608857108,0.9952532537982766,0.9993143335072504
8c5555c2363afa18,a99c775773698928,3,0,0,-1.75,0.57458111878827,0.2479051109672544,0.2736465919048982,3.2294141356541306e-05
7b1fa255395907ab,426392ea778a01a2,0,1,1,3.375,0.987684969228872,0.99765332121353,0.9964146497422978,0.9999867325595596
d7f50a9d891f4935,9dfdd36f3911558a,0,0,0,-3.25,0.3187428223485846,0.2006950729921282,0.2464330871591632,0.000153366723629
1e1baa1122085a29,3e51ffec4373d921,0,0,0,-3.0,0.2728178077568264,0.036882241163442,0.0358644153262696,4.781147222300797e-05
96e96b5d7605bcf3,c62f1a0f02472afe,3,0,0,-0.5,0.6356378509367105,0.7944445595766993,0.7535709986481532,0.6264407890291545
1a67b0bc831f4b4f,f33e99e740aedeb9,3,1,1,0.7499999403953552,0.9458935574913871,0.9954450447311808,0.993736102307828,0.985001510555554
122d972e8951207c,72ba632a71ff5de8,2,0,0,-4.25,0.0714080162500043,0.1347832713348101,0.1323529642028854,9.930060379942406e-06
1ceefc702cbe6fe4,1fcdabf08d6d74fe,0,1,1,2.125,0.9592727030123492,0.9986263619570344,0.9987133504369126,0.9999833988560924
b4dfc23adb22e826,ec8cb4edbef64d5b,2,1,1,4.125,0.9884401349440268,0.9715711356614476,0.9707115273426988,0.999977399432818
ed3fb1123e736731,36552b6c2757e29e,4,0,0,-3.25,0.1645809411711714,0.0688484512804041,0.0682546659959619,8.080526845919434e-06
efafb76d567ab5d2,143e3af0510c8c87,3,1,1,3.0,0.9857499975412588,0.9903602758452948,0.990579318707997,0.9999991494076098
2cd7b3db287c4eb8,a9c9aecb6e27ea27,4,1,0,-1.0,0.5335282370033831,0.4332935307516273,0.438149353422568,0.0043324603796519
f2257591447b08fa,58b531dc639c1bca,1,0,0,-6.75,0.0120880546814873,0.0161307349848411,0.0163243651242637,5.250648863671806e-06
b9a3b3fd19b1f9f9,3ca9a139d7013f31,4,0,0,-8.375,0.0032273183007566,0.1214354175485679,0.119021629891293,0.0017518168270149
51da5b084f90ce1c,28bab10bf5e89010,4,0,0,-0.625,0.1929427215657574,0.0315440385536171,0.0316195611215316,0.0089913169274814
23fee76c9a0dc63e,77f84166d87a765b,2,0,0,-2.875,0.1776385295598767,0.2794236836649651,0.2741602744321297,2.6194906137671225e-05
7ae7b3c055fe31f7,55020c887ba2a4a3,3,0,0,-2.75,0.2642885491960868,0.1100841776846708,0.1164766740736513,2.355068808976421e-05
3842395d52f2c162,6c359ceeabc6788c,0,1,1,1.0,0.7238099746796134,0.9581782719013836,0.9461025285700954,0.978307015757981
bcedc95876f2a8fe,67aa1f88e7e378c7,0,0,0,-2.625,0.2641766762526873,0.0132640217679781,0.0130077290905858,0.0001139861604222
3c59f7c5ee1a117b,2e77b3fddeea067a,0,0,1,1.125,0.948134387697217,0.9969651939763314,0.9959961355059098,0.9980701313593608
be0ada2e4c901703,c614cf992cf21450,1,1,1,6.5,0.9975285631511588,0.9549924992423212,0.9546421411378178,0.9999846012049975
ba6193928ef8fc51,93979f842c2d2918,3,1,1,0.125,0.6846547620107657,0.7143612570132565,0.6874024996637993,0.5911360726376188
b77794292a844bb2,90c7886c9aadb2c1,1,1,0,-0.875,0.8929650539732181,0.7728719264949513,0.7680463707345034,0.2658340809917826
a4e76cfa2a69dcb8,f0a80d1840b9826c,4,0,0,-3.375,0.0511689828106977,0.0265230026247057,0.0263959134177674,4.986519637941931e-06
19fa804ca2913fb1,699073cbc43c38c5,3,1,1,0.4999999701976776,0.8591628972608522,0.9533812071856552,0.9496082299096772,0.9230378774868814
ef9030f871e41a3a,779e80f5113588fb,1,0,0,-2.625,0.3959219648836842,0.0891427879920691,0.0876104874520093,2.9980905859875613e-05
449693ef76ba05e1,63f3a9e1a321b958,2,1,0,-0.875,0.6781297001452667,0.8779562271758962,0.8745723073140453,0.0009401098130278
e13f3a51dd973647,e30527307ba1c274,4,0,0,-5.125,0.1327941735260408,0.118925652443679,0.1198874580245304,2.454154505440285e-06
332063f02a192dcb,f038e1c5dfe3c6be,1,1,0,-2.0,0.3395819748356031,0.1399982980565697,0.1391126794980735,0.0003955273963748
6c59e021e6164dda,06cf178f14779fb5,4,1,1,0.375,0.7340097635634948,0.5831888692843159,0.5850448483390945,0.939635029021238
eb739cce7626f280,d8dc6db38d86b1a0,0,1,1,3.25,0.9366370773912064,0.9984205744085478,0.9984306837008352,0.999999335912756
4d6375bbac3bd621,06d1cafaac0b3adc,2,0,0,-3.0,0.1778784202729219,0.037348518190343,0.0364586596203566,3.676776399169969e-06
96d13e3c8b6480d9,535c83bd2a7074cc,1,1,1,6.25,0.998750325460102,0.9982427527682683,0.9983103912228456,0.9999999968885678
922b78823878e963,1443f9fda94852a2,1,1,0,-0.75,0.4277987457789855,0.7440037982678568,0.7459145769796903,0.020232582544891
bc10d2d3bddf4c89,0848ee5860e9fa74,0,1,0,-1.625,0.4292902654838859,0.8009699147791898,0.8182280680282485,0.0015829838601316
77b2801af42f82b3,abf35da033396fe1,1,0,1,0.125,0.3496732523497917,0.2567951856002383,0.2633309859900785,0.0531356521407782
fc3df7f55129d038,6384214eaa341a34,0,0,0,-1.375,0.1009309224889132,0.0773308588282351,0.078458511691948,0.0001834983690023
6bfae3f71d0266a3,5368cce226bbb722,1,1,0,-0.5,0.7395021642165452,0.7146105303114911,0.7186089609449074,0.0657637207189676
8bd5cb46eddd9504,63d0670de2701435,0,0,0,-3.0,0.2100312978646911,0.0597686151049725,0.0672398662870781,0.0001308214658691
e6fa86b851101e30,f05c01da500c5db2,3,0,0,0.0,0.083027772860369,0.0153660408548234,0.0179292666001359,0.0244624484346934
9d5ab0cd9deeb87b,04682bf646c35f12,2,1,1,3.125,0.9715438735890886,0.9802202795606456,0.9795481751351708,0.9999863838081056
337bb0f28341f0a7,8727802b6cc67173,0,1,1,4.25,0.9641984742302996,0.979758929804022,0.978237402580458,0.9999991969956434
6dc94ac99330c938,154c275c300076c5,4,1,1,1.125,0.9299156998177802,0.9703659284845884,0.9704471497185948,0.9698468322434068
ceeb526e8a4e6639,d7799f6d273323a2,4,1,1,5.125,0.9807954461369516,0.964178707221501,0.9645863919560256,0.9999995135306856
525adb4330ac8ea6,a7609d1bbac25502,2,0,0,-3.25,0.0708016402433236,0.0624399066178064,0.0615955706833348,1.393527749841521e-05
ea5a7ccf35eb6980,13f878e560a97eeb,1,0,0,-9.0,0.0005288394260255,0.0077096448628593,0.0077786017829126,2.5707280518472e-06
63f062e2ce6d16e6,4840c07b96e9b50f,4,1,0,-4.0,0.0955053220588291,0.141908937711892,0.1431213561320598,3.3464561295596944e-06
8b8f529e63c53fc9,77dfc8822c61688b,4,0,0,-4.0,0.12187849227601,0.1158842526068644,0.1184607007891415,2.599776138961028e-06
39151c3d6dbdc2e4,696fd840c2424218,0,0,0,-3.75,0.0247222951525383,0.0031226063445534,0.0035354158606067,0.0001997327589442
bea74377a1237eaf,fcdfb9265b50a812,0,1,0,-2.125,0.7144759298101994,0.96647320026448,0.9709274148591298,0.0018822870162653
adc1c67110399b0e,67da042f4fab75b3,3,0,0,-1.75,0.7732665474933381,0.3611161137214279,0.3001574302355639,0.0004485824322486
214e64caffcf2932,88c3d73545b2b658,2,0,0,-4.375,0.0191398483835046,0.0807113212204627,0.0803556247637821,9.386611506877424e-06
750cd975de5014e1,67e7b6176711e8c7,0,0,0,-0.5,0.4287785022953416,0.0090130149556927,0.0098078214619698,0.087939429449494
c65ca4b07339a2c6,e4be53ad7c0188d2,3,0,0,-5.25,0.0714454181969518,0.0046557945524497,0.0047530468722306,5.114935507859612e-06
6c329df4fde60957,a2bc7836b71f59ab,4,0,0,-9.5,0.0012893595776595,0.0420159328243706,0.0430497871053486,6.97088655585603e-05
22b8e390d6c3a020,c6807440df8c92b0,0,1,1,2.125,0.8703181094241937,0.8229148688523668,0.8519588809478292,0.9973209779019028
22a0ba264178104d,87b9dc52a44b90b6,2,1,1,2.5,0.8776423199843087,0.9485835670372508,0.948662189389004,0.9996652499447024
093556f094eec26b,d3b51d9be01d3024,2,1,1,4.875,0.988231561142865,0.9978955720508992,0.9979402752066042,0.9999998576395982
4c6bc01d7c74a8cb,0ecd8c70fa81902e,0,1,0,-1.0,0.7079914116368827,0.9530076933555204,0.9544315964543126,0.0968909862518956
344bea4c10d20676,cd5647c278526260,2,1,0,-1.375,0.5990170991067286,0.1883208781982365,0.1831856101700659,0.0001158886352493
ff4345964140b06d,644b31ee27734503,0,1,1,1.75,0.901588318474466,0.9839810543077884,0.985491792327403,0.9996257847760368
de37c08aaa1eeb04,12b43f218221a6d8,4,1,0,-1.5,0.6402320743914217,0.6997175488219791,0.6966830106779611,0.0064301058735028
e2b1def0d1edcd57,3986d1e526178c64,2,1,1,3.25,0.9819590739080766,0.9526128107794112,0.9508447627812688,0.9999294006744964
f0de37512752644f,3de4453f76d993b9,1,1,0,-1.125,0.8798525718955712,0.5912917481448817,0.5825999829002196,0.0035146129350953
d2449681e84471d4,567a142b6e31ced9,1,1,1,1.0,0.8584855817310743,0.974737006332698,0.974465227788156,0.9814032645216886
3ea32ccf77d21833,9ffb9c99bb15229d,0,1,0,-4.625,0.0742428554240382,0.1457148754884214,0.167347467146558,4.809936753646131e-07
4880ee38625dd8b2,6d578e3eac138ada,0,0,0,-3.75,0.1129140982527458,0.0730021819969571,0.0730667837436354,1.8284520973362543e-05
669204b31148117b,9917cb5652e3e969,4,0,0,-4.75,0.1512979690293298,0.0979993741497832,0.0969716503651578,1.6380598111966952e-05
dacf794d534320bc,9a4ad17b9b8f87d1,0,1,0,-2.375,0.2562608251227966,0.031030825515321,0.0335303528267263,0.0002318854412584
7e910a4ac2bc8dfa,90ff4f8275463725,3,1,1,0.875,0.9083985369100585,0.7711528944999099,0.7901451707480928,0.9465644036986556
4289c1de5715ea58,28c54d242c2268b7,2,0,1,0.125,0.649237100521287,0.4725906252027136,0.4779450559954006,0.6249075585017103
0e65e6ffc84bae78,274cc67cd2ed82cb,2,1,1,8.5,0.9994349765019914,0.9805195340788672,0.9807927606977932,0.9999999444281094
ad3927d5aa794c2d,fd18864debc2e188,1,1,1,4.25,0.942326909298658,0.9797840373568384,0.9802787506664028,0.9999787373334316
78f6234c71f81bc6,9d81da11b6947ec2,3,1,1,2.375,0.941442516377642,0.9530227841963768,0.9580021839006452,0.9999941606979436
0a4a2772ed9a459d,5cf2d216cde99be0,2,1,0,-0.375,0.6023210006176543,0.8611112539400986,0.8625132803154485,0.0573218806819577
1d4579c179f179a7,353900b6bb5b0e8a,4,0,0,-1.5,0.0514481952623646,0.0804060256740771,0.0834749197472007,0.0006242940685397
a4bc1c113cd09131,c6bada2350bfec05,1,0,0,-0.875,0.3667645150891773,0.6290995924431276,0.6356624861761178,0.0049059299428258
da14137c33f6aab6,ba8b85b3f128ba73,2,1,0,-3.0,0.2973403817188484,0.0872160789792488,0.0863448730720373,2.7645895353078154e-05
25ab2b9d051acaaf,32c49498a92bc062,0,1,0,-3.375,0.1907296832269333,0.053202435046524,0.0564172624934943,1.1433351344183502e-05
50f590fe176b3b73,5ebb8db6e8d26b40,2,1,1,1.25,0.8964947239796722,0.9519822706348005,0.9513477441752438,0.9976383067497396
737769134dc0484a,15ef4b5e9895ced2,2,0,0,-4.0,0.0605176788626941,0.1292974150846068,0.1238957522599917,2.571762116670877e-06
97a3cb79018a95fa,62c12372f4bec16f,4,0,0,-4.125,0.0609440762403861,0.0221982544457346,0.0226068850807485,1.3021078936466507e-05
26d47e14f3af5ea7,4ef472ee54557d17,3,1,1,1.125,0.8753920358170056,0.9882037413176864,0.985847309286382,0.9976172698363328
79f6a8ea3211d9e4,8f77541f9715a858,4,1,1,5.375,0.9883747222658436,0.989049074265398,0.9889355162319132,0.9999999977862536
6eb35ed48c841a79,fc8af2ffa71e1fd5,4,0,0,-2.0,0.1049227239593846,0.0442808468834031,0.0439457006926476,0.0021445906208278
22f1cbbe54bfea6e,30d693b004c26a4d,0,1,1,3.375,0.9771756118514,0.9976879247433236,0.9973148825597687,0.9999913899604952
ee8df202365298d5,7fd7be1950ab58ae,0,0,0,-4.25,0.0837933706403558,0.0117192112585298,0.0100245236170133,2.6162397862399752e-05
5465f5fc423ef07d,added69dd056f663,1,0,0,-1.75,0.2417870385092377,0.1613310240791307,0.1639889832033457,0.0007025741831525
2a8e077d83cf6299,29d7fb3fbd90ad82,3,1,0,0.0,0.8876523001553291,0.8519974178614017,0.8510538443459055,0.1427369959098717
32c4c9bf8aa779e4,804164e8a147200f,0,1,1,8.75,0.9978837909633066,0.9827752061163793,0.9802201423363872,0.999999905422572
e9c3c6630bbc1670,380bbbe6de0f8abf,2,0,0,-7.25,0.0022406941560546,0.0097420670888967,0.0095803664702206,1.264266436010142e-06
3c3e30ff58238205,87d381b680ab4a40,2,0,0,-2.75,0.1193942357693756,0.2055789000406506,0.2081274466029284,0.000116464464575
a3cbf077beeae073,3bab1640af33b04f,4,1,0,-0.75,0.5530576855107773,0.8162803153855908,0.8153646042375735,0.0300672861515553
0318b00c39fb5516,28888c125f82058f,4,1,0,-0.6249999403953552,0.4859164677228024,0.4829999202104326,0.4940168666502013,0.013583575013821
dec73f4c86e5c8bf,2f29bd450dcaaeda,3,1,0,-2.375,0.7266805762026798,0.6260950308720279,0.5827306145376735,7.070653923129736e-05
3f54e450fa412e3b,d01150e795981159,3,1,1,1.75,0.789700918248948,0.964440606346387,0.9595658204750812,0.9999527507669824
4cab21bcde61d74e,5072cf78c8b7e921,3,1,0,-0.375,0.7983015751798324,0.9589215274767102,0.9584574994916324,0.3345561697404079
06499c4f8d4ef264,bd52776c18579a57,0,0,0,-3.375,0.0116772416108158,0.0051879954049196,0.0057453448571161,1.2249908970637207e-05
1daaa35b5e3f7977,a9962c5c28cc0c33,0,0,0,-2.375,0.4233597267361732,0.5079403453424814,0.4935212093507404,7.050256098432087e-05
0fd24232e5b20c66,988d7909bffa7d79,2,0,0,-2.375,0.1420954164888361,0.1278233811495778,0.1318535497141616,0.0001017137548436
0a55900acbc8d562,0ce82ce9160402b1,2,1,1,3.25,0.9849433326697584,0.9958733882465632,0.9958606229780016,0.9999967630778752
9cae075c9483316a,dbbd75784bf0f183,0,1,1,4.625,0.984814154996562,0.9644777060251404,0.9652778055149572,0.99999907707076
2d4bacc5221fbff8,043c5a4b6a426ef4,0,0,0,-2.375,0.097180673679776,0.0305941895727452,0.0363566686588023,5.903499663728252e-05
1b495a8c548c5910,808d3e6a0440ca96,0,0,0,-2.75,0.256037925079863,0.1532922469336473,0.1463485240703202,0.0007672843943797
e10d1eeb6d1a91a9,84f0b3c42df6f89b,2,1,1,0.375,0.8276357220768741,0.9393231729185924,0.9387585954370304,0.6942942904899022
ec16729e628aeb3d,5022c22cf589e098,4,1,0,-0.625,0.3768915097448169,0.5082254770007014,0.5035006291951282,0.0662697151916072
7a2a73a6f6bad02e,8f9dac0dd54b7ee7,3,1,1,2.875,0.9769584853481972,0.9930694905924908,0.993186863411955,0.9999973995335142
77d0f7ce2c54e835,118ef4ff668b50ad,4,1,1,3.375,0.9485468139731122,0.9808479098196294,0.9808973894539236,0.999995738628596
e5d0edbccdb18cde,135b53b51b116ad3,4,0,0,-4.0,0.1768228642508334,0.0414053197044244,0.0429596510767483,4.890715197423567e-06
b821b356d1e509cc,e214b11c22e6f31d,3,1,1,2.5,0.9598807219399556,0.9847979071653784,0.9855323795500393,0.9999971815733448
893a402baeface26,e2ca1d1206a223a1,3,1,0,-1.0,0.2277879077011522,0.2954377341081637,0.3469375592423672,0.0081546491048422
c4eef3c479a01aa9,0922e79c1f21f562,3,1,0,-3.0,0.0994775843763494,0.1822079787133122,0.183913787604621,7.967331169975269e-05
888757b2b3158e6d,c507bdb8714f2c20,0,1,1,0.875,0.927494251886566,0.9537564261626832,0.9473681681637524,0.9792415644000796
46247c847545f1a0,7f6aa1aca4241bdf,1,1,1,0.875,0.8810776788165933,0.981919942411882,0.9822034079495268,0.995541398723634
6a08ae151736ca4e,161a631514fd1549,0,1,1,3.375,0.9714441848662504,0.998225519221858,0.998049194455884,0.9999897306781604
b704ad1480afeb28,73c5267944aebe60,3,1,1,9.875,0.9997282194243634,0.93142231428215,0.9165827399257744,0.9999996641174036
5371c4d10e5ff397,66c572f03ddccb4e,4,0,0,-4.0,0.0841405362884708,0.0826170073643829,0.0849182242737571,8.971141698593612e-05
dbafbd2736dda4aa,fd883d481b08e26b,2,0,0,-1.625,0.4852419684064466,0.4269671255607917,0.4230006164015619,0.0003722926381783
2f3412eea196091a,a4c25aca3cac0701,2,1,1,5.0,0.9924450329891192,0.991488126674736,0.9912895430212896,0.9999992943455036
3ffe9b5f3ebb068b,d5cd23242b86903c,3,0,0,-2.375,0.0244725335669071,0.01837657717451,0.0213519827482921,7.565237736381497e-05
842cabad0bc84a5f,2c58d473b99a779a,2,0,0,-2.25,0.0319764590278441,0.0392384285753567,0.0404660635450987,2.0943924115145696e-05
6332494304d3a5b8,4777c0a7bf211381,1,1,1,1.75,0.919271610911522,0.9682527323950704,0.968312944012404,0.9981558690958328
b7a906efe279450c,36917d1c5f657ecf,0,1,0,0.0,0.9063591555182878,0.9802122520857534,0.9819863207548054,0.33699936886409
c917fcd9ba743313,583e553dc3148acd,1,1,1,3.75,0.9935077343361384,0.9973104153761336,0.9972333296333626,0.9990010129136072
ab8971da73f2dd66,f2c32ce1fe7a967d,2,0,0,-3.0,0.3621620462160926,0.0339829173076079,0.0336064200666002,3.449692834959954e-06
651b810c5e9f30dd,73b6af2b937cf1b8,1,0,0,-3.25,0.0329236453166075,0.0445671174044059,0.0474672156180539,1.279078985392468e-05
e82166aa69a2df6f,8b228f742a7e8569,3,0,0,-3.375,0.3684298447962474,0.0577130393739072,0.0516967383133884,4.098626807408989e-06
9e5bb778d9e2a40c,f41181dcff4e2a20,1,0,0,-2.375,0.0751048310342954,0.0310232578907342,0.0308414881648421,0.0002231894989382
b205984564048a75,2f0d6b24f6ee863f,1,0,0,-11.875,0.0001534732858474,0.0090968595619492,0.0095765375486535,3.96484875301501e-05
c273cba29673bf03,9dab093b25c9c948,4,1,1,4.375,0.9723527476704102,0.9730854492786616,0.9735065653889824,0.9999661317084918
65e1ea51e7883a50,4c31cf0892dabd10,2,0,0,-1.375,0.5096109306246323,0.5454129402490853,0.551088954503405,0.0018918528054163
79392ed8fb953279,6866dd16229470e8,1,1,0,-3.625,0.1450374598092543,0.3870883030086118,0.3872689417270822,1.92259988663723e-05
8ffeb92e06cd72a3,77607a5bdc9666a2,4,1,1,5.125,0.9957537267597282,0.9836716663987364,0.983132252017122,0.999997623313526
fe08b64342d059ab,4d3a020f6be56c23,3,1,1,0.75,0.955005782349728,0.9941980930073916,0.9940584023965732,0.9951271402078856
1d435342cf768d1a,2a0e2f7869af946d,4,0,0,-6.0,0.0284757790686763,0.0316280128773197,0.031430830427786,6.764284035144951e-07
b10f443af5aae361,907d12006ec1c0b1,4,1,1,4.875,0.9932265652157374,0.9908878833817578,0.9912100549924392,0.999998025695284
139797d7cd512327,50f28e79dae4890b,3,0,0,-1.25,0.0411068927498362,0.0186012081422188,0.0209901714914467,0.0042710659171964
f13bdc2d6913b095,4cfef0c06fe52f81,0,1,1,4.875,0.970343210350022,0.9789118116760186,0.9752533898108778,0.9999397052128212
c2a953347daea507,bdad58aa6feb6b0b,1,0,0,-1.75,0.044617343559249,0.0238602627030638,0.0239347848931625,0.001991270158126
aa0415994472e2f8,890d6886f1173527,0,0,0,-3.625,0.029452939435311,0.0467206026599495,0.0507180534524263,1.251827519187116e-06
1c7654caff9f4384,6866dd16229470e8,1,0,0,-7.125,0.0035405950667133,0.0067197249287909,0.0068280867767235,9.874762120927933e-06
9adb277341ba724b,776ce0ea86508203,0,0,0,-6.125,0.0656795234529512,0.0250423261273674,0.0238080998174093,4.0462655506565495e-08
a458715dc7ddebfd,4baa591eebd85597,1,1,1,2.75,0.9864329487079057,0.9934392404349456,0.9931072535584806,0.9999780453174318
17153f8025c546fe,cbc2ee5a033a75ab,0,1,1,0.125,0.9185624222953668,0.9511879022820172,0.933613702444439,0.7462948752938465
c9bf5d10dd0166c4,fbd5afa5a56a368c,1,0,0,-5.625,0.0176216395394185,0.0118277620402485,0.0120421903661067,1.9942414202683284e-06
aa1920bfc4b52be8,34064dcbf4349fa4,2,0,0,-8.25,0.0049940291102194,0.0217749733083069,0.0217339701994325,3.840993496640301e-07
60553934cd6135f5,6957172b7c6ad9f2,2,0,0,-3.25,0.2507642706459552,0.2673021753332332,0.2656892164754691,3.41287777670723e-06
2bcf7b994482d17b,c3de3506e17e8054,4,1,0,-4.875,0.0821850468431887,0.5120355637628929,0.5147174561768658,2.758070317267039e-05
6e5ad5c48bf2f0bb,b73e304fa95ea7aa,1,1,0,-0.375,0.6463683989015206,0.6582557850281099,0.6634079333298035,0.0417762670382732
b8bd2e1343fc5400,fd0b2393e02996d1,1,1,1,8.75,0.999616941137018,0.985578590715989,0.9854872145916728,0.99999894218166
745f036cb6c6b746,ded331c8e82a0814,3,0,0,-1.5,0.2850408959965851,0.3239490629869477,0.2958571102854783,0.0006832284165186
aa0bee6debcbd029,1d47b35e85ed4bed,0,1,1,0.25,0.745876780522821,0.9275867016753632,0.92524148033841,0.474406902989506
a4c47402bd7371a8,a519d575e36650e2,2,0,0,-5.125,0.0922924453053552,0.011661549440727,0.0108093549638386,1.0519711868823016e-06
f9586e4db2916f5d,b93b1941368b24da,2,1,0,-0.25,0.6994030845292958,0.9102565546315852,0.9137316271755128,0.967072948931198
6b552527eb3f3354,0fa54ce99c8c5c2f,2,1,1,8.625,0.999292620495752,0.964306024095106,0.9628897775709248,0.9999996896137484
a0ad2647a9002bfb,29a7ac67d7b86680,4,1,1,4.75,0.9972613159379936,0.9745601814290332,0.9738209839055288,0.9999988840466966
d55f3f065f8c1f97,3c35507874126547,0,0,0,-1.125,0.5479849178942083,0.2649721705902074,0.2934590416739348,0.0019877701343517
75451858bbdf90cc,4a702dd17c91bd5c,0,1,1,4.375,0.982196776329666,0.995547367129188,0.9947891286131012,0.999948327735244
224a02b32a0af981,a853b0369fad744e,0,1,1,1.8750001192092896,0.9347356774608204,0.9970616645542428,0.9974484165886396,0.999865792174796
a845b96683800673,23f98caad279d07a,1,1,0,-0.4999999701976776,0.6465617356746551,0.900972186505705,0.9040481774790065,0.0306041066791751
d0f33a332819a8d1,29205a48797e1aef,1,0,0,-10.375,0.0005132934449276,0.0141532707968395,0.0146707847772299,6.095473762675188e-07
f72861ea74355e94,9f47b01f967d7f49,3,0,0,-1.25,0.7138910932331034,0.1744566992705395,0.1455365619382302,0.0002017185073819
7a55d0993066ad10,6c538347dae59868,0,1,1,7.0,0.984461344888904,0.988969766273726,0.988849767970957,0.9999977535464948
5b2d850b00661717,7f9d6a3daf0e45a7,0,1,1,0.25,0.6852154369185746,0.9202600019172846,0.9256816495971916,0.4729785618142559
fd273cab54120e80,5e6bfcb4cf6530cb,1,0,0,-4.625,0.0235055451117539,0.0096414933216695,0.0097571100944199,2.6566101348806307e-05
aa2c88b2f8f7eed9,deae997ce726da97,4,1,1,0.5,0.9490578473131234,0.9174858691763133,0.9138421375866952,0.9454827636681868
7f5e3d7512bde154,83d40531b002766c,4,0,0,-3.25,0.408151931545848,0.0625443554606208,0.060169776146763,2.5110196849626263e-06
717f83ee2fff11b0,e8f00ea2d8630953,3,1,1,1.75,0.9845641038949156,0.9973726689455208,0.9972347232882622,0.999615207880956
fe35063c7ee008eb,af876b1dc35f1da3,0,1,1,7.125,0.9947212361683652,0.995635389893793,0.995865012638632,0.9999996842116584
e3be382d336d4593,bd948a2d94f7daeb,1,1,1,0.75,0.5036647612729582,0.9199772596375732,0.9243258920903672,0.9723782984655982
28a311ff58a6e15f,b7d85c002d8cea7d,2,1,1,2.875,0.9768268675572476,0.948552180695199,0.94937868738831,0.9999896360927444
2dfe23147353fbfc,3272413be5cfaf07,1,0,0,-4.25,0.0274048834002878,0.0207721864585083,0.0207336343352116,5.650879879880021e-06
1dbb9dd6fd9abca3,99ed0f9c0efcef66,2,0,0,-1.0,0.2484206076171649,0.0527358924183716,0.05100221919925,0.0150381188882352
f5445534fc40a107,5bcff8abb48b54c1,0,1,1,0.375,0.6293069615704193,0.8108526701137704,0.7873869255070804,0.8313748477340076
3af4eee85b7301be,c02b5ea60aeb7df7,4,0,0,-4.75,0.0596004666044895,0.0231085524164356,0.023091896462252,3.0302384134377555e-05
6fbe8b1d320e782a,15d758e8867ae89c,2,1,1,3.5,0.9668987012928072,0.9892938159760658,0.9898809786566728,0.9999993048110516
367290274fc3ea8e,3e3e7cf8e338b892,3,0,0,-2.375,0.3577938094017643,0.376395544798674,0.3202374312343639,0.0004004670377615
769a072390c012b6,8a91aaf2045adf27,0,0,0,-2.875,0.1800195217341679,0.0012337303085452,0.0012479280661365,5.095869885303628e-05
378e1ab34c74f24c,b7bd9f52bf91ce52,0,1,1,0.25,0.8835615787280032,0.9932359149975546,0.99368985907879,0.7715890937483405
c914b35cfb5e0580,66b4cb96db91b8db,4,0,0,-11.625,0.0003084530809011,0.0141025675699137,0.0141844720880776,1.6671800693018727e-05
654cfd59f5451c20,3ed74034e00010f0,3,1,1,1.125,0.9295100441767016,0.9750679731169088,0.9728698799949274,0.9994556638685298
f1928bb0bcbf93b2,d455ae4e30adea2f,4,1,1,2.375,0.9679732505293148,0.7983989976070016,0.7984152163753019,0.9998179016878348
0f0c3531bcd2c46c,2065cbca68c96146,2,1,1,8.625,0.9985517950164904,0.928829919730821,0.9300736609093058,0.9999996453753058
9ed2205f5bc4e328,d15fe646d799f230,0,1,1,3.375,0.8850240305804462,0.8726735041556016,0.9043343982222986,0.999999100745576
b7aaa4d9403619a4,0f55c910842a2aad,3,1,1,1.375,0.6228165028216469,0.4351893665722387,0.4150943997643149,0.9772663522920968
f2ab1e08ebc3a3cf,10496d5e817eabf1,0,0,0,-0.9999999403953552,0.5512376947592418,0.375267453009693,0.3884088594926004,0.0017512430377349
ba04dd67fb09c3da,147549cfe30abbee,3,1,0,-0.625,0.4710370784316953,0.957623965771774,0.9664964976641882,0.0317864279307706
3b17e958d60fe5aa,229ee8604d12b347,1,0,0,-3.125,0.1786721891889732,0.1442268884791219,0.1459953982920294,1.3435181029645665e-05
9804a758bbf18ac5,cb7cea59717a8efa,0,0,0,-3.375,0.2667387639202884,0.0559196352886752,0.0520472957688975,3.634525369971954e-05
44a4357427f805b9,df350940a4c633c0,1,0,0,-2.25,0.0323082853331891,0.0581962504342237,0.0582646896370789,0.0004952938100332
9acb8b66cd6ed172,3ff5b3bc56016901,4,1,1,7.5,0.9984983099752252,0.9788041129679392,0.9771792915695772,0.9999981124455898
2b25a51e4f42a81e,f3134cf582a1d873,4,1,1,7.125,0.993270004902922,0.9502927397517604,0.9514525775478434,0.9999997028840538
69585d082eb43804,5808e70c0ddc9066,0,1,1,5.5,0.937806760364834,0.966722468934694,0.9727342255420875,0.9999945947218511
e9e403dc02edd414,b921ff472cac694e,2,1,1,5.25,0.9941364600676308,0.9980422135907964,0.9980472683418536,0.9999998914921986
11db087837266068,966595cabb7f4f9a,4,1,1,2.625,0.9081116237576724,0.9917343000343568,0.9923189346091652,0.999997349500333
2b5eef24a2331862,3c03c1b756592520,1,1,1,3.375,0.9528095985529932,0.9827714899158608,0.9828402307533368,0.9999968021859242
d9152ddf2b8b9ebf,8ea188919ccfea43,2,0,0,-1.75,0.1201249905247276,0.0243075880894736,0.0234077209504487,0.0010520796700921
9b80133782979572,3a8add87583c585e,3,1,0,-0.5,0.8078874955606947,0.944500744915067,0.946232577609184,0.013972216770686
da3b0de5587ec5b8,2b5be0e58eea0f38,1,1,1,4.625,0.9959462179527075,0.9932746059828071,0.9928650241456206,0.9999937725177034
dedddc2603e8ace1,d4bd09c82b496259,3,0,0,-5.875,0.0078699799247551,0.0006568390964948,0.0007454755967428,3.2916910071449945e-06
f301e5918b7ab4c4,ee4afa97ccd69327,2,0,0,-2.625,0.2190566966094134,0.0939236567379295,0.0928295482816867,1.9156586353402705e-05
580a9ba47583b76f,ee7dbc5aefbd3dec,4,0,0,-3.375,0.3346338422142238,0.0805444975990155,0.0804137958120895,2.220556130075901e-05
690110a1d49cb0d5,8bb08ecef38e6836,3,1,1,0.875,0.8176591339971974,0.9148230885997864,0.91326511549849,0.9949172178213054
74da994ef204ab40,ba1b542cb3d9a6a0,3,1,1,2.75,0.960981398233908,0.9984354498629014,0.9984036424688892,0.9999681427338144
5e8c9e270218613d,8c572448417601c5,3,0,0,-2.75,0.1051313270626627,0.1424398273659592,0.1582082432367026,0.0003332373400626
eaede7c8bd7baec4,a519d575e36650e2,2,0,0,-8.25,0.0028631958755523,0.006849405331155,0.0068573420244484,4.5616310148032986e-08
f7c1b6afdb4fc375,1537c6528b465def,4,1,1,7.375,0.9988648635714787,0.9790009810967364,0.9793932392257122,0.9999939823441084
952d57c4d01a6abb,bd52776c18579a57,0,0,0,-2.875,0.066676811720204,0.0059554638064639,0.0062759946970439,4.2837043086334825e-06
4ad8dc43aa5b94a7,88deff9883fb0d0b,4,0,0,-1.375,0.3636675369685047,0.0296305041140964,0.0289806741547802,0.0077629454085334
257ed7d46f3d3ed9,9377f779d68074e0,0,0,0,-5.0,0.0461427378303344,0.0025257704299455,0.0025180200771083,9.98610067450621e-06
450509f04fb1075f,179140b73be50a15,4,1,1,3.75,0.958183612420846,0.97918863710069,0.9788731141575728,0.9999938193694964
563241d278a89e63,31fe533b3909b80a,2,0,0,-1.625,0.0486865647634542,0.0721396145708061,0.0745840770032399,0.0003701598244085
81e5e6226f88501e,eaa832db6903c076,2,0,0,-2.75,0.1978787334507516,0.0533565524262372,0.05097783630518,0.0002177761914405
f931c65a58b6b46e,11fff1093b965e9a,1,0,0,-2.375,0.3952244960038557,0.1458607167778477,0.1432760137469287,0.0001413815993515
a5fd29d4a4518216,56b427ecef87d829,2,1,1,2.375,0.8982688991167709,0.9926257406920382,0.9928732253072148,0.9999888446884094
7d200d9fa596255a,8c7843d3e2a9a27b,1,1,1,4.75,0.9963667566013408,0.9711668795809594,0.970898291212628,0.9999938236342488
c14a58e8b8642940,a2ac6b712e5f359d,1,0,0,-5.0,0.051290710619542,0.0394537860686265,0.0397523604882439,4.955563805941453e-06
a1d5bb914b1f7423,2d54b4a67d33e490,1,1,1,0.5,0.6169343927035185,0.7516620301431955,0.7545793796853922,0.8603332189725529
cef1a8782c03c1c6,485373b9d3133963,2,1,0,-1.375,0.7750660965245457,0.5750641394049018,0.5799727198761275,0.0017041697873015
f5789cd839841468,db67dd8299a8c82d,3,0,0,-3.625,0.3320966247458062,0.1012842022881025,0.1175434113286107,1.732022176731744e-05
ee5034525a204ae8,baaaff3f5aa3f80f,4,1,1,8.375,0.9970742337147342,0.9734666603193272,0.9730582762798636,0.9999998794583892
cd3d5bad8d40eae3,f176e9a0cb42f7c9,3,1,1,3.375,0.9904145423272576,0.9993213298881416,0.9992537726283046,0.9999999180334284
ccbcd38070e08d79,cc03869e44b8d208,4,1,0,-0.125,0.7530638755737612,0.7395561069419933,0.73808157365511,0.0516785243957461
a40b5f4232592f15,8caa1d051c5eb56c,3,0,0,-2.5,0.1857738700099649,0.3813580678348006,0.3821833851463707,4.0851019007614295e-05
67cded46fe3568b3,65a6d1f1b63cf59e,4,0,0,-6.0,0.0066528191149432,0.010059104691312,0.0104469160317833,6.558984204796027e-05
b3fbd7935938d6b5,0290fbcbbeb61cae,2,1,1,4.375,0.9822211520931076,0.975697599796832,0.9759435603722064,0.9999970926631272
561dbd9bdcb62be2,b52d6fe8452f4d0c,1,0,0,-3.625,0.1967974113683124,0.1622897765957459,0.1627985284095157,2.773760933623141e-06
f66c6d8b5315f285,a87354407ffaed8d,1,1,1,6.625,0.9955958596264642,0.9620353819640604,0.9617380938814346,0.9999995540116162
974a75924097563a,0c13ffa8759ae61d,0,0,0,-7.0,0.0478656722512726,0.0106254709247163,0.0100305335873578,2.7446208345502744e-05
f076130786a582d3,d787cede5673838b,0,0,1,0.125,0.3576120611351424,0.3786393009768178,0.4211331742879534,0.2210247242411342
9ac9a43650e73016,56d3b9e49c5d5f5e,2,1,0,-0.25,0.7557223416971658,0.6291253682690262,0.6269202989065087,0.0535275689788413
6dfcaa76cd0ef700,abdcf81f7008dec3,4,0,0,-6.75,0.0122061352441065,0.0103521406775168,0.0101977198574181,1.1215034583256647e-07
e4969d5b24b273cf,92e461b341760c20,1,1,1,5.625,0.9948200521299162,0.9834378570668008,0.9836248056564656,0.9999799868942422
a8a532fe0df26b19,eefa5028fbbe4065,4,0,0,-7.25,0.0189270520427091,0.0642847859000131,0.062619707095039,0.0067562478449258
dbbc318e3bc3eeba,93a0055c41b9e000,2,0,0,-6.375,0.0095809913608417,0.0220535209815743,0.0222566220283199,4.255718194675307e-07
228604a0bda31910,63f3a9e1a321b958,2,0,0,-1.8749998807907104,0.3440715193585329,0.303494294374459,0.3027543580314519,2.743014123272562e-05
f6bc8bb9f65b92e0,4d0a227a4f71745d,4,1,1,4.0,0.9795898391484864,0.9114213506769904,0.9114792778119772,0.9999843688028712
99c7c19ad5489d8e,2eb15dc2f37767f7,1,1,1,4.875,0.9869303438116648,0.9815294825084327,0.9813574839975854,0.9999845670132614
fd3c731654059bf9,749cdba8d861f9db,2,1,1,8.875,0.9999475778038402,0.9729894379712174,0.9715961759680362,0.9999999588603712
ac2aceaf928a1584,aa156d03ce6a735d,0,0,0,-1.25,0.428017373046523,0.2793053733563986,0.2517328365268384,0.0014040308514588
000976a2747a6948,6a601b57fe588708,2,1,0,-0.25,0.513910230982062,0.6847856503839906,0.6908622381577654,0.6952501144856358
2afb83d2f9f35297,938413580bb1c855,3,1,1,3.125,0.9750870625168796,0.989139939281322,0.9886904075190104,0.9999788789735556
89c4ab85e939fe7c,5647dffa03ee11f7,0,1,1,0.5,0.9106559678994884,0.9688152556900894,0.9675590195969884,0.8287252172354106
a989d68039fc17ec,c27910b721b33de4,3,0,0,-4.125,0.152223298113242,0.0422400987159614,0.0354447834735809,2.3800242283042074e-05
a173e85333e44bbc,c5bbe8cd3baa9c71,3,0,0,-5.375,0.0152390404723952,0.0053874185738755,0.0050848725758593,4.76239081904384e-08
0a9658849673a299,f61de03f85c3d2e3,0,0,0,-2.25,0.3628889107343042,0.1628348231022391,0.1522838828275223,3.5149464896104616e-05
36400de0a8be65aa,d2c3aef3d9acab88,0,0,0,-7.0,0.0269430841643039,0.00919727657744,0.0071469640153225,4.354964477836691e-07
89b10b392c8c3a0b,4f825b8dec5dd6e8,3,0,0,-2.0,0.4114676193661251,0.0599355519624358,0.0534872994466413,8.696900485819039e-05
c1373893b9c4b687,d9951b3583e6b958,1,1,1,2.5,0.9632369661967712,0.9819144973285052,0.9817410384392996,0.9999619398190364
99e7dbe65b892eea,861e77996dbcadb9,1,1,0,-3.625,0.0899561788467881,0.1748779492646631,0.1740701530739155,3.2415498396958505e-06
08b118423e86f814,800cbc0018057795,0,1,1,5.625,0.9951034485482878,0.9997379912361408,0.9996918442345614,0.999999997456638
c8c79788a68c289f,25245f7cb03b54c9,2,1,0,-2.875,0.3946732049745439,0.1640138578900901,0.1617426927528424,3.730875287120818e-05
db345a4e38fe2d2a,3d45b7ed448cfca3,4,1,1,6.625,0.9962673357196716,0.9977439953787728,0.9977676949734272,0.9999999990684734
6970f4611db5a8fd,a4b4c406deaa4450,2,0,0,-2.0,0.2024110243524674,0.1199286830239487,0.123555835805016,0.0001768143916375
8d257a7ee2f30d6c,5ac52c6a204f6589,0,0,0,-3.875,0.2891134840752767,0.3119304927824022,0.3401488604217346,2.1365164253855152e-05
9cf7501d2ea13b46,6afc915c8c941fa6,4,0,0,-1.75,0.3286337032291549,0.5192396986014794,0.522713611156912,0.0005535440654758
f34bf62bf58e84f0,74dac8973337cb67,0,1,1,3.0,0.9278989538037352,0.9914115103795608,0.9918585247316392,0.9999886555972504
c26a34a26189fa01,c251e31284b3a371,2,0,0,-6.375,0.0279596921615119,0.0633975081800805,0.0615619237075801,2.7417511623769035e-05
b6e258f934f8bccd,98a1bb85700646b3,2,1,1,6.0,0.9960638447669652,0.9683557013868792,0.9674387196754268,0.9999993301377856
80ff240621150944,6e3daec596190e93,3,1,0,-1.75,0.7747573644669439,0.9320958420701206,0.9314366129581604,0.0033805395362548
9928a4683f04dfcc,d2a2a45bc467882b,2,1,1,2.125,0.9604429417237286,0.976168532941441,0.9754387774841952,0.9997873968190272
a1e8b623454c8d95,bc4bb93fc4b8e5cd,1,0,0,-4.75,0.0283376904238766,0.0516390564295696,0.0524628879254435,1.6832937675384306e-07
58176b657425fecb,e9d806eef73d3641,1,1,0,-2.75,0.3384330769658226,0.3617660802069077,0.3512178678475652,7.75807788585836e-05
c402b48372c0f1cc,696c42f73b015e0a,2,1,1,6.0,0.9935951517665398,0.9413541667209688,0.9401412337368372,0.9999983754421498
55805f1ef46d3f79,77f9d32e0e023713,3,1,1,6.125,0.9985813707584484,0.9980421575156408,0.9977878958516192,0.9999998048914652
26e5b16ef03557f0,76c6931b3b857fbd,1,1,0,-2.375,0.2350734674729919,0.4172885585605035,0.4228031057175456,8.07263209322268e-05
2827240f7fdfaa64,8bf86d5e13260708,4,0,0,-7.875,0.0022308639493869,0.0107451800339394,0.0107280689777021,2.455238863763085e-07
b272a0611c0d02ff,05e2cea8e0a722a1,4,0,0,-1.0,0.4438677636366119,0.7524403626647209,0.7599529409826973,0.0139479959761813
54e68b0c9f43e52d,f061aba181826661,0,1,1,7.25,0.994210274520314,0.9937686184383308,0.99426886058557,0.9999999356904437
c8259e86da1ac129,aee97ea2f390af2e,2,1,0,-1.5,0.684608307830094,0.6010313946766946,0.5945247393849211,0.0026909425599716
b3b05f554ac37bdc,3fc855d15df17280,0,0,0,-2.875,0.1806393229161546,0.0124813618733967,0.0153315620624767,0.0021595508523312
e8bb5b48cc52d94e,07a037fbd228d4b6,0,1,1,6.875,0.9963084104308804,0.99407448581661,0.9932959439039454,0.9999980991647716
729b66d232dfc3d1,7413878ce3dda2b7,3,1,1,3.125,0.9856720164342364,0.9945697644148594,0.9931608985866814,0.9997905788071034
1aaf2bc18efe5e2e,b3ad6bfa5511077c,4,0,0,-4.75,0.0219228841495102,0.0200194486724988,0.0205409396254864,8.29721650287078e-06
cd3c23d464f13024,0c5a4418206a976b,0,0,0,-0.375,0.2434750348194134,0.006621918708294,0.0063586072841618,0.0451403198426928
d2a545f69cc7d5f4,fdc5db480a1be997,4,1,0,-3.0,0.191164798960827,0.1796257707192881,0.1754853844707075,0.00018861457901
834ac3ccd83b08d5,fc6820081e9a4e90,4,1,1,1.125,0.9697535736176852,0.963483136754916,0.9621879894851922,0.9997057587457508
d9f678d648f3462e,67f1fa0751ddad08,0,0,0,-2.125,0.5377949537836472,0.1281489632573168,0.12603699406394,0.0002865530029117
96a6ed4c2c138efa,21a3eb552a0c6f87,2,1,1,1.5,0.6632938557362089,0.4814484837896668,0.494206365877796,0.9986143976733663
20e029534b042714,3f9b27f6f1a41b14,4,1,0,-0.125,0.8042346035787648,0.9250275378669984,0.923879957419282,0.7651438032127961
488f2f63dfb4711e,03dc93d8d22f60c2,0,1,1,5.875,0.9789681580122744,0.994227052442326,0.9946670829453684,0.999999645362175
9ad49e86f6a9aa7c,5e3be3505c33deb8,2,1,0,-0.9999999403953552,0.7075703186507146,0.814005606630798,0.8071946548658376,0.0089357994836972
169762786354900d,4e056e20683d22ba,3,0,0,-1.75,0.1223609252240292,0.4893582640554326,0.4915985945168509,5.279523525486175e-05
7b239ee238fb8684,93f4bacb0b67c011,4,1,1,4.5,0.9887004388541292,0.9729305376643133,0.972424129102782,0.99993667397636
816bcf46cf7899c3,9df5c5d6253aab00,0,0,1,0.375,0.5738615334327759,0.9635942601990348,0.9610254722353396,0.8980032967563282
9df526cfa3deec09,1e1197f99ae50043,2,0,0,-4.0,0.1541703148072211,0.0309696482733476,0.0319266048545316,3.016435412066933e-06
f1a2d81eec298de4,fddb5d27af03f416,1,1,1,1.375,0.9172514940195649,0.9215561368201682,0.92111536400145,0.9994435888777284
b74ab7e1cd0962c6,f2e3ab70a40b0e35,2,1,0,-3.0,0.1469733943695498,0.3404540091580136,0.3415918848730714,2.9854498126073524e-05
18a6359fc85b5e70,b645c426ca8fcbee,2,0,0,-7.375,0.0028300662349567,0.005587962575968,0.0059182269634196,1.0585212051165905e-07
4bb8f340e66c7ee0,dae48bc2ccd8d3a6,3,0,0,-0.4999999701976776,0.6573991453597404,0.4474219543199292,0.4359479589467762,0.0984668324898825
1fde1cb9b467c96f,c9ebb08db03a7d3d,4,1,1,0.625,0.887145826205887,0.98557039260586,0.985514192130082,0.9767598519294464
4c1b95cd816c50b9,702bbd611c0473d1,2,1,1,3.75,0.9516945471692436,0.9192230923230592,0.9217512302478232,0.9999972677710732
82b00905d6379916,ad73ab49b9b7eacf,4,1,1,2.125,0.8284209041970539,0.9655926899623652,0.9663230664211884,0.9999966376065264
2fad1e134a174028,fa6705f06408262f,2,1,1,6.375,0.9979604533979632,0.9978966339970352,0.9978039195784784,0.9999999984442964
ad4ef240c649546c,3d3d433d498ee47c,2,1,1,4.0,0.9906777557613914,0.9867325058691846,0.9864923924507608,0.9999909556786388
9365dea17c7de1ee,cdb0a4bae8eb08bc,0,0,0,-7.375,0.0023727132332599,0.0020134152990394,0.0023397342504128,6.114513335946016e-07
8bfe8d6a2a760c41,1b9c9c619b224fa1,1,1,0,-2.5,0.6673757460062842,0.7900031367811242,0.7884037182858414,0.0005064698335913
b8ff4af5fc7f42f6,81c4d88efbc804e8,0,1,1,7.0,0.9967037383513866,0.9945023424066686,0.994516291275217,0.9999954778343244
0fdaea72f522f5db,9eba2247db80cdce,2,0,0,-6.25,0.0127849175607128,0.0076299626693544,0.0077322034753484,8.639952333779349e-06
e7af17aef05f9769,cadff704a93f5b26,3,1,1,2.875,0.9162692495700964,0.9709292573077156,0.9713881879073306,0.9998752994906576
70e688d10484e40c,003bbb5c27cf9941,1,0,0,-5.0,0.0621252462618271,0.1264675707129492,0.1283444338891188,2.892837742222773e-07
