actor,dataset,row_id,group_id,label,score,conditions
llama,AMPERE++,0044b5d7ac3fef8489825c5cf695f762c14f36805791c69d7501b5bdcefe24ad,SyU_UK2lf,1,0.0046143587807786,8
llama,AMPERE++,07c8024a981205b93e6cf8e605bc8319970b22784d487b089b7cc62dca603712,SkxHS_vlz,-1,-0.8282911879045276,8
llama,AMPERE++,07f152baeb0778692ee2be8be858a91c8f230cf950e628da5c7fcb8a305d3873,SysTGDdxf,-1,0.2347245527167413,8
llama,AMPERE++,09a07d99fe5e6c1bdef8917640776a118d093f9cbd2794d5a481670457abf85f,By-4qhFeM,1,-0.1529024456190951,8
llama,AMPERE++,0cf9169eb9f17fdc3b4dd3ba26433e564dabf40aa3fc2906389120e26430aeb3,SkugmHtgf,1,-0.1452345902384502,8
llama,AMPERE++,0dc3f725f2882d1131e2bb91789735f5ec29d0dd180df1a74382b9da210bc0eb,SJNicmVeM,-1,-0.3715820531999868,8
llama,AMPERE++,0e46737d9335158d8a666df18f7edcb36566ce038a171a03395361b4eb666f48,Hk1CjNZyM,-1,-0.2690977240002477,8
llama,AMPERE++,1108f3ce968c17f4c5e64138f602e0624c8d4fec3566fa1fa6d9e6fa66d27e99,SJNicmVeM,-1,0.0489923381332553,8
llama,AMPERE++,1540a384560a286c441f48090f08eca93a72989632ac340e1183d7d5affa9924,SkxHS_vlz,1,0.1321820622834949,8
llama,AMPERE++,15648943d7255ec10cc91984ba0c788f7bb0208a73da07e3187d14f478eae3f8,HyLL47JGf,1,1.0132586553687313,8
llama,AMPERE++,1706b241f9282f6ac28ef2ad95a37e6168ca9f35e784df3e077409df3be3f8b4,S1_Zyk9xG,1,-0.1458756083171631,8
llama,AMPERE++,17bb2a03be69f645346d789034ff2bee9f122735e3c0ac8668f886cacf92713f,Hk1CjNZyM,1,-0.4825671260026862,8
llama,AMPERE++,18053c8d0dabeb2fe1f2e835d01db7d15f78689c2525bdd11db07c23f541981f,SkxHS_vlz,1,0.1684900734513832,8
llama,AMPERE++,190a808a592800bbdec2d2a32ca78cff571d5fca6a53dd1ad849f7a6a95cbcb5,SkzzOIcez,1,-0.2729440616859878,8
llama,AMPERE++,1985bac36b4ddd68e690434dc9678c199db82f3871e70e32605b4f8978a7a7ff,BJfU-qDeG,1,-0.2992860632292722,8
llama,AMPERE++,1a329ca3006845eb1426cbed679fa8afa593707c446c9b117685c21088ffe380,H1g6cQsxM,1,0.2147453393479858,8
llama,AMPERE++,1be23d368190d028d73c0e26b2089031514c170293dcacd6a25855309446dfd1,BkL0g3a1f,-1,0.1345551329624208,8
llama,AMPERE++,1c2838fa81fc5c5fd629a5a70a24515bf06cb0beb5c2ca31972d7f2052b3d615,ByL47G5lM,1,0.6932224365494936,8
llama,AMPERE++,1e6686115732e85ca2bf568ae5a4f154f0f133db367a02a62d420c52a3dd576d,Hk1CjNZyM,-1,-0.323809163749798,8
llama,AMPERE++,20e9ff5d5a09ff6074c951331194be00884c062f077f935badfb92ffb40b81ac,BkWlPOFlM,-1,-0.8230540979908467,8
llama,AMPERE++,213dfdeba855073ce82c885e3a85b741e17a56f6ba8b65f00a1c5fdf373d9ee4,SJzxff6xM,1,-0.2582447259862879,8
llama,AMPERE++,21cadb52f36e2506e715a95f3f09e5deee710050153b8ce3a29bf03fd63c855e,rk4VD6Ymf,1,0.2448053200601945,8
llama,AMPERE++,29e912f0fe176d3169ac88822a360ea5512436576a1882abe828961a3883ffae,SyU_UK2lf,-1,-0.229048416113529,8
llama,AMPERE++,2a735ed0f218dc6dd112956704657764f411027f461b5a347f2f525435105848,SJNicmVeM,-1,0.1699827289800153,8
llama,AMPERE++,2ab4584733b637783d7d8384090ca75dc2fd5af960d187221c08af79089765f3,HyZBE0IlM,-1,0.3549585377114499,8
llama,AMPERE++,2bc83276bc5182f92c96b2fea38434ef391e3d1fb09eb265cb45ed6371b243c9,SycLo2FxG,-1,-0.6936254464425224,8
llama,AMPERE++,2ce72e8e47cbd8f4fcafffe97fc627505e04f65e0cc55fc975d4226a1edf94c9,Bk15lpF1G,1,0.027205583716902,8
llama,AMPERE++,2dbddb0e783c04af1948c63ec01a85441930a7f888794ccca6f0f452a23a3a41,HyJlQlQWf,1,-0.5000493321281089,8
llama,AMPERE++,2df188b7b0f083a25bd6ebb7d641587f9980aa717ee8fa0b38efc46a31302d6b,SkwCEXalM,1,0.3101661616315476,8
llama,AMPERE++,2e372fe3f3559b39dddc7249574779a75a5daa64d2f608767b0cd1f3cceb2a93,ByL47G5lM,1,0.1047971414516046,8
llama,AMPERE++,3002af440eb8418eaba47fd5e2e5270f7cb63f5918f88950bd4151d834c217f8,SkFdaJtgf,-1,-0.3597586802459123,8
llama,AMPERE++,306fe75b7030eba77aca376029c31d930ebb1d0f8946c289a945ef0cf81e4d8c,S1_Zyk9xG,1,0.1681090232257101,8
llama,AMPERE++,330d310d5575a69c7afb1a817f405efe229ada6c31f1c3534638eff1fe1b9a65,SJ3tICFlz,-1,-0.1932153540002794,8
llama,AMPERE++,33ad0870906c77384d3a33c501a3e77de5409758dab909b8f2335ffda91da308,HJ_BtypgM,1,-0.1350438603963339,8
llama,AMPERE++,36fa693b47a944bc05b065e81e69959d12ab2c933ecb22a5fe9a9ceab4f8e26b,rkBmo9ryM,1,0.0306911743217641,8
llama,AMPERE++,38f634aa0d8d14b763113073787566885726f2ad76dd438839e40f92ec81fbd8,S1skfxRxM,-1,-0.3292445721844169,8
llama,AMPERE++,3a005b584108b0875429792c1fcf0a868c1cbcad1d358f94b2b7b9fcf9e52eb2,Hk1CjNZyM,1,-0.0831868894036447,8
llama,AMPERE++,3ad9e2b5ee65ac6faee7c2d779231ce197f1649855505bae50e9d5bb9a758da9,SkwCEXalM,-1,-0.2174326174029517,8
llama,AMPERE++,3c3ed11433698326e25f03beedf699ec1dbc09df101ce03a90a5f860bfc56d0d,HJ_BtypgM,1,-0.1699140353461624,8
llama,AMPERE++,43fc64b006182d5fa886e2ae2694628bf210aaff2c8d99da968ac38b7079e53b,r1k_ETYlM,1,-0.2303989219270758,8
llama,AMPERE++,474b27ddf628a5a2f7c301a81e9f0ad1bb623d1482d3639db2e57f408665cb16,SkNXYkbkz,1,0.4452862121055504,8
llama,AMPERE++,47f3be77b1120925732ea3234cb1765c2e1ba803608c3011424cb84ab3701f6f,SkF57lqez,-1,-0.2567616105534744,8
llama,AMPERE++,4e4361e195c1dfe7d7d526a7307dbb464233c3abf2174841726b144467f9eaf7,S1_Zyk9xG,1,0.1392871674811236,8
llama,AMPERE++,4f7ef70c50486f2551f58ce5eca64609291229b48955526808ac399c74520f00,S1skfxRxM,-1,-0.7553246959461689,8
llama,AMPERE++,51a19c0265e3e854a3b46cc72e4d37657f327c15ee89eb34d22da24fe94c8a49,ByL47G5lM,-1,-0.4927011617501415,8
llama,AMPERE++,5246eaf6d16597936010983ba45db89a6f3553dc041a64d1945f0e997ad55200,ByC55Gcxz,-1,0.1709801453744349,8
llama,AMPERE++,5633b7b615166c761c012def58d80f3a566c3436ba82cc78ffd79da28bd04a26,Hk-OLVKeM,1,-0.4113345892809668,8
llama,AMPERE++,56d27c374d9e14b5dfb70b784d59894fc9517cab73e213277232317f99e90a3c,BkWlPOFlM,1,0.3634802864528501,8
llama,AMPERE++,575a23e3acd34b2c9a38c757e20101b963f89da8dcc28d37c71e4c8fe42f9645,SJNicmVeM,-1,-0.3524313807013313,8
llama,AMPERE++,57e26a78b64c7c393084e78c1406cef1fccb02cac0463b1def4cc90125b6ae65,Hk1CjNZyM,-1,0.4813346202563641,8
llama,AMPERE++,59656221d6d71406c7fe2452c80fc09498bd2955c921a01e08a7b48d8a60623e,H1g6cQsxM,1,-0.0519760716749514,8
llama,AMPERE++,5c05666f1430aabdcc28f24ea0895bd27a05f6a31c1cb3390e9e9e72a52097f8,rJ96Jgclf,1,0.054187271420153,8
llama,AMPERE++,64fac84bca0d907ddc8f12419d6612976f16eb10a4eb8597cea3dfc1ea44f8f5,SJzxff6xM,-1,-0.6362584408235172,8
llama,AMPERE++,674a2568b7024218f0e78cffb1134994a092067855edee9f1920ee3df110bd36,SJzxff6xM,1,-0.0233490486421716,8
llama,AMPERE++,6a04ca85cc83425c9fa5f811b9b67dba5270a7cdb5390226842b2b852b60beca,SkxVw6t7z,-1,-0.3122830008199397,8
llama,AMPERE++,6e37378de323b1843af98a910065e1a4c758e67868bd08d1ea79c811ee8de78e,rkBmo9ryM,-1,-0.6171532578063097,8
llama,AMPERE++,7001e1c6b5acfa7c58ec9e06b3d0409f1d1ea10fe1800dafde539f00ab13b25b,SJzxff6xM,1,-0.5549443078385139,8
llama,AMPERE++,710cc5cfca521ef82056807a34188e7fedb223b0b330c313a39404de0204e9b5,r1k_ETYlM,1,0.1364018423944074,8
llama,AMPERE++,73184b27bed078bb5762612413959ff1fc38eac9128242da1bac9a8d9a93345d,HyyQKdklf,-1,0.4665565594676502,8
llama,AMPERE++,74070de2246a41be7200adf41f78eee779000049eb6c454de7c40ef9957e0e6c,S1_Zyk9xG,-1,0.0014092905071237,8
llama,AMPERE++,74b9afa37df22a86b737f2032b4b3d970c8587c8884d9a69668fb0b76a1ec224,SkxVw6t7z,1,0.3804009665692967,8
llama,AMPERE++,75a05fed20003776e7a6b78a1683df23d75276987ab2d6602a9e6a8b4491a131,S1uz175xf,-1,-0.1828690475802771,8
llama,AMPERE++,762729544e35d5aead0e19e3beba9e58ca04e5ab1e45b703cbc803ba56407340,SJNicmVeM,-1,-0.2102309934786763,8
llama,AMPERE++,76fe17ecfeef068dd194a7b123ed615e3b144626f610716c518a4195dff6309d,SyU_UK2lf,-1,0.3148347656791296,8
llama,AMPERE++,7792a033abd07ec34997f7c5896efa4df39539c7ce24e24bfdc4866c051f0c0b,SkNXYkbkz,1,0.0382779682159257,8
llama,AMPERE++,7895fa3874601b383a5a8c07f98ae9374b2f63fa3a310915f626860d354e9881,SJNicmVeM,-1,-0.008848723221876,8
llama,AMPERE++,78b1d2550c009613b486e1dc3c3eda6e96bc7e1067f82d47c57cad11f2ffd337,BkL0g3a1f,-1,-0.2303732855245498,8
llama,AMPERE++,78dd852994890cb0ca1f5fe276f2d212e41db6033fd08ee8e27fd81c7f88ae84,Hk-OLVKeM,1,0.0763253208964565,8
llama,AMPERE++,797f051194f3278d33acd84a65ec32187c7bb0ee06d9369a964353c01a89abb7,S1_Zyk9xG,-1,-0.76940696150893,8
llama,AMPERE++,7dac8ab2e300a57a8023d184c77127c4ce51c6755e84723f860abb69042abf0d,S1skfxRxM,1,-0.0169727376621718,8
llama,AMPERE++,7eec79b3db4f0756580b638a7614dff6cc293ec00af693d25bce47869916661e,S1skfxRxM,-1,0.1446331435617535,8
llama,AMPERE++,821fb6025af92374524a711f5d8a68d4305f7611c2a341895eebc644f05aa5ae,B1chwjFlz,1,0.3702657140400838,8
llama,AMPERE++,82a4053c8079d1bbf224da7cff308df1669dad9a3899bc3b16e9e04ce078b6ae,SyU_UK2lf,-1,-0.591539793798119,8
llama,AMPERE++,832fd28dbc541fe53eec0dc36d2e3631f177b616bd10c7fb5f50f5642235104b,H1g6cQsxM,1,0.1195733146929696,8
llama,AMPERE++,84b9526f0b9c9082e189f4d085bbf29110dcb7043a7c085fe0936bbebc5c57f8,SJNicmVeM,1,-0.1904516107387813,8
llama,AMPERE++,87353e351c4fbcae41734fcb2d01d6ac3e2ae518cc5125623a8a961843f79597,ByL47G5lM,1,0.3268289089171957,8
llama,AMPERE++,87c33e0b1d83627d7dc1b92cb9ee64213a23a4bc0dc9777732a8b66b2d438f4d,SJNicmVeM,-1,-0.140885458054564,8
llama,AMPERE++,8886e71faf7fd6cc6683fc2ccf3fc20a0457914b663af68a75e4c2594c4d1dcb,S1skfxRxM,1,0.0620307764101967,8
llama,AMPERE++,88fb39883b18ee7ff665255970f4b5c0a3f0b9b95248ca655b0a0645cdccf93c,SJNicmVeM,-1,-0.3653820779035062,8
llama,AMPERE++,8fa2d8a386c38d6c78bd6042868b3da5a6b3fbd47f041f99bc8f1d6224ec1674,SkpfobogG,1,0.1921713771409373,8
llama,AMPERE++,91c5ec5d981096aae564e3a00fef1f1ee65c44cb7059fae1ee36b91e0ce90b22,HJ_BtypgM,1,0.3429233081574349,8
llama,AMPERE++,93939eb4c568230c9ed68593495fa4e6bd654f6c70b123cb68253231a4544ac7,SJBZut5gM,1,0.4660223471203404,8
llama,AMPERE++,96e4823031bfd511d2bcbbf39f8c463f7953b4c2e9f188c38d8a9aed359a2b30,HyJlQlQWf,1,0.0857578458426411,8
llama,AMPERE++,9c762fb816708dd51e5f6e03551309f54c31456b48331c0e4356173187c42588,ByL47G5lM,-1,-0.068287651249599,8
llama,AMPERE++,9f788b7b2eb16973d3508a1b13ae696505df8d930930f815568f8252609644b9,rkBmo9ryM,1,0.0212223747919639,8
llama,AMPERE++,a06c8894ea4035996878f286edb55c42759881e5c52b48f27fb18980276e64ce,SkxHS_vlz,1,-0.1504069596605515,8
llama,AMPERE++,a2e704a6925efb9e846574d04ffeae2cb66dcee1049717221059f1810143e6cd,ByL47G5lM,-1,-0.2750275498350905,8
llama,AMPERE++,a39ac1bb43e8dd08f38b3dbde62d69d8f306a9acad102fe44f40f452edcac670,rJW-33tlG,1,-0.2100169594273651,8
llama,AMPERE++,a425a7a76b546b18005bbfb23d1d7e81a5fb18272718cf6378ccc18117aebbf2,H1g6cQsxM,-1,-0.23980054105173,8
llama,AMPERE++,a53659a019cd6c73b71cf4afdc70421a0b7059a9c3cb9ee86945d02d8ace0c44,SJNicmVeM,-1,-0.2599931874263342,8
llama,AMPERE++,a5e41fcea7b092f9a22111a7af654adfcf7efa30fa5f9af865fdf68d2898abb3,ry6zwoief,1,-0.0988396260867948,8
llama,AMPERE++,a746739bce22d94e7de591fc048b5537015b2489c27dc61105129b282ee7f476,BJfU-qDeG,-1,-0.4087292570730983,8
llama,AMPERE++,a78d8e2b4d93896e37dbf09dfcc1d6e018440eb21cf9a826115ff104f0a7a927,SJNicmVeM,-1,-0.2185224595866509,8
llama,AMPERE++,a93cf1e46005f4619fda7a7b5948ca90c03281a5808278460e221df31486eb8b,rJW-33tlG,1,0.1793599110248508,8
llama,AMPERE++,ac84629981ca59eecc7291f5b1a7c798c68b500ec6b8eccc90535c59845388b8,HkxWKlkgM,-1,-0.2825347672183617,8
llama,AMPERE++,ad18067b916bdd6c94d6d6300574a23a9215c85c615d5dceba19ad3e021b1cae,SkxHS_vlz,1,-0.3328553820464774,8
llama,AMPERE++,ad2b093305c492f7c4fc28b07cf7f88c2393bab049d0891ca0e71de6f158178e,r1IUXROxz,1,0.0452606641552573,8
llama,AMPERE++,af29a3aa15bf28c48d853811286f3d373c7061de22866c86183305c2240d4a65,S1skfxRxM,1,-0.2935645417357593,8
llama,AMPERE++,b13131b40aee4a0a605555ac6c7a75ba680e28150117f0e381f6c3252a944820,rJwXkeOgM,1,0.0533705745157596,8
llama,AMPERE++,b1f3b6028851f2a46f5b22b12a42c1086de54d8afe6184c0d549d8d7675a374d,HJzVc2sxf,1,0.284776225546799,8
llama,AMPERE++,b30e7fc53100a001bf0aa57fe1be35b0ac7d1015adea69ef887e37a8755d5d11,SkwCEXalM,-1,-0.6238385089961941,8
llama,AMPERE++,b4ef9d494b9b746a0a4c4070e09c96faa190948c320db37783923948977eff19,HyJlQlQWf,-1,-0.2493287586160998,8
llama,AMPERE++,b84405a3d9d10a2413b42cdb799885703d7125ff884c88cee353650ea6ab913e,Hk1CjNZyM,1,0.092542864644297,8
llama,AMPERE++,bb89e35bc63dbd9a9aae73d55889416baf1a720d77d113552ad7ce95bab2ba9c,SkxVw6t7z,1,0.3992047337931065,8
llama,AMPERE++,bd2cfbbfb9a8225920f901a5406f771112698cdfdee21da9b39256a2ab648cd5,SJNicmVeM,-1,-0.2318808898486231,8
llama,AMPERE++,bdf3bdf6633d20a1fc4c8884932d5081d334337026dd26b30b0aef7366e7ddcd,S1skfxRxM,-1,0.0317271200020022,8
llama,AMPERE++,bf0d8a5c1767c39dc8dfbf72a4314375cfe4c4100e575b0e8064de5474ac224e,BJfU-qDeG,1,0.7645528827236077,8
llama,AMPERE++,c02db8d9923bf581bc31f48ff20ac1d6631d4ac44e8458b671bbd10e7380f16e,SkxHS_vlz,-1,-0.7144451232342399,8
llama,AMPERE++,c2a13c07ee1a4faa1c676b95200b0cac0b76b59406594d4bb77f2b652111b69c,SyU_UK2lf,-1,0.3211637748914147,8
llama,AMPERE++,c31b07a5af80f011745eb801b8ddbc850c1bacd230e5544440b67f42a156f0b8,SJNicmVeM,-1,-0.020266723916754,8
llama,AMPERE++,c3f28b04fe3392750ac96b4570aca92cc9e408d0574f58515ba6259d2aeec4f1,BJfU-qDeG,-1,-0.576918622301356,8
llama,AMPERE++,c5ca7c33b63115e725c6e7742239fc5682fc794cf1f03b845de32c7ea23177fe,SJNicmVeM,-1,-0.3316057158804093,8
llama,AMPERE++,c634567aee66ed3095f4fdb841215fd1ea8b6bbf3eff659570e75e977df1946c,BJfU-qDeG,1,0.6426059939254647,8
llama,AMPERE++,c6d1c2596f70d513bfa78b4b68c5bf8430c9240668a4a3dcdd0973c074696179,SkxVw6t7z,1,-0.0770984097429167,8
llama,AMPERE++,c7e9d5d7bf0c6e936388ba63bb9dc77b194b9ef0327c9c24eefd6a4fded2f595,ByL47G5lM,-1,-0.4205342776716184,8
llama,AMPERE++,ca31bba2a8899cce39c64a249f575eeba5cd892202dec8b2a47f87521d6f6c71,ByHD_eqxf,1,0.1460698411263625,8
llama,AMPERE++,cb1927b3dbbdf454407027f09eb8a893399550e7f88a134e5820662b008780a6,S1skfxRxM,-1,0.1742538411450655,8
llama,AMPERE++,cb2961c8e1ed454a90f2fcddbbf1a60f58afb840c5bfac9fd5b24756747084fa,rkBmo9ryM,1,0.1583561437767172,8
llama,AMPERE++,cbb2fc5d05f780f024ab3e0e95ce11072c5f36db0d576132569744b0acbb537a,rk4VD6Ymf,1,0.2060234704710363,8
llama,AMPERE++,cc8c48cf131c0c9d1674d05d3d1c7a5de84c9a1b2f39cc5fc07f7d8c203d0b41,SyU_UK2lf,-1,-0.1510072394307719,8
llama,AMPERE++,d3f298e2374d22159aa86a989e0f651907276a9100e567677b68d781931309de,S1skfxRxM,1,0.1919253401149377,8
llama,AMPERE++,d3f7ff23e43f172e002a7dcbb0417cf0d272e542f8b646acccffbaf616cf4b47,SJNicmVeM,-1,-0.2796107715120308,8
llama,AMPERE++,d54f03476a0544f2461ba12aade4b3ebe92b34df10e61d22a31e42199f92d3da,H15HuyMlz,-1,-0.1189211491058097,8
llama,AMPERE++,da0a1b1f148d24b884fd09e1a69c1fe8d4c42b32f7f9a262ccf7cd1e24e05b04,SyU_UK2lf,1,-0.2078030535912005,8
llama,AMPERE++,db8ab806b8843e6b34e6d6b197ef91e1c833e0e5c6d025372fa9d917f108db10,S1sHPAWgz,-1,-0.2026972270800972,8
llama,AMPERE++,dbfb79c731635dc42a6793e05064a4fac005b17023de73bd9a487dd67ded549a,SJNicmVeM,-1,-0.2952425417224651,8
llama,AMPERE++,ddaf8da22e4e466f99a2140a017fea2244f3e3fd0611f46b029721c68a05d8a4,SyVv9AjWG,1,0.7289368036375963,8
llama,AMPERE++,dfce1ee6fcae257a9c48483efa1466f7ca79e3f692ec7a4c80dc3d1c91723027,H1aEoGAgG,1,-0.3169014786344738,8
llama,AMPERE++,e0802ede76036298d87189d01c0a8b2cab83f23a73b0bf80d9cf1cf4bf1a65c8,S1skfxRxM,-1,0.0757080554120099,8
llama,AMPERE++,e51947f17d4028e07a84b3f74b57f7cecd5eb9caf8cfdc5623af644776f2e1fd,rJFaZDqgz,-1,-0.6216131019928562,8
llama,AMPERE++,e5fa2be93917c70b111d501d0ff4b02fcd0b8974b3f46df6a3d6b22a688729e5,BJfU-qDeG,-1,-0.5373503820164638,8
llama,AMPERE++,e6e39ffcc5d2170be21d28e4ba084b3bcd56c108a710116794e944714a6ba916,SyVv9AjWG,1,-0.0669031268907292,8
llama,AMPERE++,e8c67119c976a453a5aec169dffed399b77acf7681b147606e01377c9e200edf,SJNicmVeM,-1,-0.1469789756065368,8
llama,AMPERE++,ea896ea7baba11426db019338643bdbb46866b55d2a2935bad04c6c356249819,Hk1CjNZyM,-1,-0.6456683472624563,8
llama,AMPERE++,eaef743449136e32fbc93e4f6e15b04b53a5d398a77d9da031b2de07e65cff02,rke8ggtxG,-1,-0.133881354170893,8
llama,AMPERE++,ec20c1cd8e650e16e78db5131f21fe76d5a36cdc9a243265624cd4bcf5ad709c,BkWlPOFlM,-1,-0.1773628573342679,8
llama,AMPERE++,efe623a9b4488c9a231fcc363bb7fc9d4b89fa98c529ee219fdf40719982a403,ByHD_eqxf,-1,-0.4008218420474868,8
llama,AMPERE++,f09db9d30808ceb37d81d5c9522c07ac33241d198ad2617958f3c6279e19f3c4,S1sHPAWgz,-1,-0.3100063048441176,8
llama,AMPERE++,f186f21901e7dc02011504ff5f09d0ca5ed5b88f3970db858ac058019e7a21c9,S1skfxRxM,-1,-0.3105667459519887,8
llama,AMPERE++,f205cf7252cee46f8806b18d93146d256481a71b32c0ef2caf162b56e6818d54,SkpfobogG,-1,-0.3326717652298698,8
llama,AMPERE++,f41519ff4f4cf8f9607269233f7263aad62dfb57fa6baa97f40ff1c1ffebfd91,S1skfxRxM,1,-0.4556019726806435,8
llama,AMPERE++,f583e949325706e38289208aa9facbb110ecc121a5173122d99469fc9bdb6c39,Hk1CjNZyM,1,-0.0412825081331654,8
llama,AMPERE++,f5caf0fff041560bd4dc113525b9f6c8ba532cb665304d3c541b5d0c5dfdd681,SJNicmVeM,-1,-0.0111098914523252,8
llama,AMPERE++,f71640f4b900e8ffcfbf2a88579b1df7e7394677348bc6b06c5c61934bd18499,ByL47G5lM,1,0.1005537007175653,8
llama,AMPERE++,f748409f7997c87c1ff7ba05fe7b28151f3c84be2eb939a53fd51666b9971b41,HJzVc2sxf,-1,-0.190522996407821,8
llama,AMPERE++,f7648d8bb582bac47b6b0eb6d3df35e158e26acbbc9599b87df6406ed70ae00a,HkxWKlkgM,1,0.3166473678710991,8
llama,AMPERE++,fad9a985acbd83e16e2977404324f5751a7a321904e4f5422e34699557764d24,SyU_UK2lf,-1,-0.5168399531092029,8
llama,AMPERE++,fbc8154cc30485ef7b02113973493f05afafe47db4bf6eb78cf0283db3ffecda,SJNicmVeM,-1,-0.1555739655322296,8
llama,AMPERE++,fc55169dc1ab6b227e49381fe002bd2a7daea8f15c1de25369c17a25c1d1f626,Hk-OLVKeM,1,0.1430714839765822,8
llama,AMPERE++,fcafdf8ed3bc66170b99dcf5b7747e9f3bb1f2aef69075cd5a71c999a9662d9d,SkxHS_vlz,1,-0.2403983445356558,8
llama,AbstRCT,01961582763a74698fcad975a5e546387c29150612c8de06f72d448e480823ee,22775229,1,0.4191738120358903,8
llama,AbstRCT,01dff482cd3f34500dd4618ecb69e7e3a6ecf13d4c1ee6591ec42f0c44b4368d,23598172,-1,-0.0481596051760809,8
llama,AbstRCT,03b3cfd3df7b5d9725086afc45d46cdeecd3e89c91934d914c415eec8eec9c5c,28777224,-1,-0.2675532184218929,8
llama,AbstRCT,05d999004f205b12225edc3c576b81b691fa6d4fe4422a40e806f42239e93fb6,23609927,1,0.0133149567704521,8
llama,AbstRCT,0922b6611628d61468de51719fd39953e7def2cece176ea35cc899b7aa4b950c,23803270,-1,-0.719498227362913,8
llama,AbstRCT,0b935dd9c3c430b7a301bca8f29b86a90cc1e9049da757b330239021f7115ef1,17690882,-1,-0.1484216229685254,8
llama,AbstRCT,0cfaf0f3c41f9873df5eb2e0756fb3f79aa7b6da115eaefb001b332652f8f4f4,20420586,-1,-0.065140006685177,8
llama,AbstRCT,0da128cb36a3f5866fc99a6e36b87e15f348ee97108fdbb28885153aee63f1b8,18520802,-1,-0.2877566510334917,8
llama,AbstRCT,1139508a3ff51c966c4cb0659d5aab7e1b60e3a6cbd412d9ba5dc02674302048,18457329,-1,0.0017774027009544,8
llama,AbstRCT,1165e95a9d4a7c2118b5e04994dcd034a841e8aa91dbea95630f5d16c4f3a6ef,23203707,-1,0.759852740499638,8
llama,AbstRCT,11cfd9150cbbd2631644e6c7472c3ad6befe04de15bfe33cf7306f55e98d2a1d,16571129,-1,-0.1954605496070103,8
llama,AbstRCT,1258f94a312f039121302549cd212762cc8ebec34f7667cc0918ca8dde363032,24246508,-1,-0.229423557751308,8
llama,AbstRCT,12b33878829f02cc4263caaf4887cb89aaad2b545e7efc396e26bf6f8d17ab26,16571129,-1,0.1159103997602297,8
llama,AbstRCT,131faad85bdcbf5627aa0cd69e3ad7d41af46879e7938a8d557974d26c7672a4,11912355,-1,0.3137569661563854,8
llama,AbstRCT,13e0feed0c51ba5054e695494714ce4edc67231120ef77a0fd1e932a085aaae1,20733132,1,0.4254422970184903,8
llama,AbstRCT,141ae741df36cb2efed3443c456b40e73bd781a2f9ecef79d8a442398bc5f031,16524633,-1,-0.1951620418035595,8
llama,AbstRCT,167fb9f0293a14971499694762cfa816829a1f138b6118983006717ced22a1f8,19336424,1,0.9217218647335828,8
llama,AbstRCT,17c3d4a712f04edcb3d33cb09b549c2644d2f6e224151354d27f00bf9bdedf45,10837379,1,0.6870045335645187,8
llama,AbstRCT,18a483cef18b642fb78903232cd1624fb52dedf89f89eac592250c6c24e72874,11346336,1,0.8336486382726502,8
llama,AbstRCT,1a1a936dba395ff9c62438ee67e9249b00aa4f9a8ca98cd0dd768323fde442af,8058290,-1,0.0103357008033237,8
llama,AbstRCT,1a367e6469d54d8e7ebd95935f2dbe9f5c33ef7d229d2c2c0a35258abac5f281,23059481,-1,-0.0518050817211341,8
llama,AbstRCT,1ae30f9397ac2255afe05bf805848e4130a89c44334c88687732c8e38f597a36,29463627,1,0.3802949538643543,8
llama,AbstRCT,1c49992b729b329ae66c1d5c47d45947cff07dd17afaffef52364ab33670327e,9034838,1,0.1770344959431509,8
llama,AbstRCT,1d0bc352da8c4ccf199d7cf6f476615f25799076c36833f8d32ff309f528914d,9626213,-1,-0.6348711277808412,8
llama,AbstRCT,1d5640be0364c691de9f3c59238354cb673ba1e51c298ec3a764cb6f472116ce,29588138,1,1.077693009087783,8
llama,AbstRCT,22b9ffc368ad84c5ee0fe3f953fd7cd11888a2f1ef8d435d395db86279f6ee0e,24246508,-1,-0.4859163852565972,8
llama,AbstRCT,22fce2e7177c643d6c3307acff32f8e3a4e10fc49defdfa20b0294006268c892,16462503,-1,0.7781357791004571,8
llama,AbstRCT,25b1d377e016b4e5783946cd6f9f16c6a426c29255cdc89f1366d5acffa07bfe,19243831,1,0.296937103814774,8
llama,AbstRCT,25d880165f1bad58b3e8d561ce07efd2e0b07359ca8f996da9ff395455ce38e3,24246508,1,0.2519602694330636,8
llama,AbstRCT,25fcd79c5e73f04979830f2e7a3251e22ce4d6a30618834efa28646243ce5061,21183518,1,0.743322244502046,8
llama,AbstRCT,2a6d6d086bd5ed5d00983e2fa080226eb935af491df1e272f0064460fde01bf1,17876009,-1,0.6421684681508248,8
llama,AbstRCT,2cb1c519110a0614568093ac5663e5299a54f06e858a2438b4c10df432f12feb,24178750,-1,-0.02100340258168,8
llama,AbstRCT,2f311b7dab52a605fd614cbf5cb01afd7ab5e56a1ff887643159a133063b3a36,21901389,-1,0.362043331647863,8
llama,AbstRCT,31cec79d421d4841ad003d0e4c042d515b6184d07d693ffcba97e38ef086a4e5,12837811,1,0.372897372872133,8
llama,AbstRCT,371a45bd59b4a20bbbe06245f7f3633b1c3773c64857ebd70ca549687a38ec13,22835512,-1,-0.0131356684785574,8
llama,AbstRCT,39b3d7f0496a1636bebb337edc60332666d98863a9935d715c57d5c213438e3e,18485819,1,0.940599170437796,8
llama,AbstRCT,3a346af7d2cb386df35e67ea2be8134f86b6562c463b3224bf0c4c6bb5b3ee9d,16462503,-1,-0.4427754854952669,8
llama,AbstRCT,3b5f9a9709619300c9efe1c22416a2cdcd3773cdafcfa5077dae6ce341ea4db4,20584708,-1,-0.5928490470211771,8
llama,AbstRCT,3c90281a1b6acf429240bb46cc522775fbcc4241fa4c129eb99c8daca78a41bc,20585099,-1,-0.7256332797891133,8
llama,AbstRCT,3fd21a6cc78cf46acfe8f20a867cc22a2505289a95a20874f1eb83af6a881732,12711121,1,0.6622024244051051,8
llama,AbstRCT,40833c6ff69653e34f13df514de6d21350d99cce2b4d1d3da81974a7bf6f6289,11813932,-1,-0.8099887425837498,8
llama,AbstRCT,424af8ec167ef6dac8f7057580035009355cfa6dd952b4462b57f94ac457b069,11813932,-1,0.1689984946062191,8
llama,AbstRCT,437d31019dfbb9591d553730fa20140eec76083bf07f3bbf094dfee1fd794ed3,29601076,1,0.7165432282857963,8
llama,AbstRCT,44650cb25a56288b99d8c5e9d94ec3313b9349bdfec71697c860507b9d0120af,12169965,-1,-0.144764000867877,8
llama,AbstRCT,4587489223c82ebeeccd03e979257e1795cae585c068b0239eab9ae6f50e3bd0,18402717,-1,-0.04448642669085,8
llama,AbstRCT,45fdc58937557ba9c5e85f4d60aec721cd50e7721b1251d884cc13763f2dcd4a,11124286,-1,-0.0095816125751229,8
llama,AbstRCT,468fcc8dc312a4325e6435be00224442f76a30e101b63311412256d970145fe2,17825417,1,0.6868356884966234,8
llama,AbstRCT,46db801223f01e09689434b559cbce6b3d39d40ee5c451078417459659134b16,10403690,1,0.5069670305183529,8
llama,AbstRCT,49c1baae9704e00bf21298c0c34434ae76f34807c0807476c7aeb3ecadf7960e,17852440,1,0.7564042901996908,8
llama,AbstRCT,4a84e563e3854fc0fbe71adcce3959687a15f8ebc11bfe0620325dce5829c7fa,29658370,1,-0.4918882110101109,8
llama,AbstRCT,4a87635bf939d3197301e52b7c230e0cfe9e75d7d6181fd7a21c6a527e95069a,28266150,1,1.0871634789861442,8
llama,AbstRCT,4c881697ae08cbff6e62acd66635d42382aa9e28e558dee15695cfa54b0ed722,28889724,1,-0.0100271464449174,8
llama,AbstRCT,4d772a596a025e10ed4e413a9e2de633e285239c1dd180d7efb8bb3bedbf0ce5,21543992,1,0.7370593385473874,8
llama,AbstRCT,4f08fb5c3ff57dc38034237e44703eca052b2f120604bbc5f8336eaeccb87a85,15157043,-1,0.4452557964896176,8
llama,AbstRCT,4f9b858de041f5ef0221e54c1289f186da63bd5abda6bd01e0036821bfa814a8,29452204,1,0.6609091609438092,8
llama,AbstRCT,4fdeb405f24bea2a11f144176d40c7fa705f75b90aae7ccb90b62bbceab97ec0,12383808,1,0.8174548910278381,8
llama,AbstRCT,504c26ab04a62f850673689f891f998cd24fb1dfb1b7e40f89c473baa7905a05,11438417,1,-0.8876529475504034,8
llama,AbstRCT,52ffde1279f6808e2e7fcbe723316483692514e286b64e62ebda739761a2c89f,20733132,1,0.1445452218663579,8
llama,AbstRCT,532f62e1b01edcd113d925a11691b5ac81d389273619a3bc3ca5244f2f70d3b0,9230823,1,0.9701011038480868,8
llama,AbstRCT,546cc4f818978546c5bc9a0e51ebfbaeb6d941cddb446b24d66fa7b1794bfbc5,15220019,-1,-0.1864767600575541,8
llama,AbstRCT,54dea6155110cb0fa4b6bcf73d7a23b95fc1a634c0cc1030fd0b0d1bf8a01a0d,23768153,-1,0.2957990051364522,8
llama,AbstRCT,550a9d66e2ca69d43a5d689fc91641597ea20ff72285018289794dd621663ea4,22344189,1,0.5369899287221401,8
llama,AbstRCT,567bad22fef09c84e139b6353eae36f31fd279383cfd88f9fddb75b5c57ad366,12118024,-1,0.0753203962819759,8
llama,AbstRCT,58e55fb5c34df89c6cae85840752a967e612ace27e32bde0f118a54cb19f05ee,24007947,-1,-0.3009833022283092,8
llama,AbstRCT,595de6abe1c9a429874ba6607b7db5d4021c51cf65b91eef937bc104b1035949,20733132,-1,-0.3413464169297091,8
llama,AbstRCT,595efc6ce0873fba775f861b0bd22242f3732f69b57099b5f64cce3848b74372,18603947,-1,-0.2873380232018688,8
llama,AbstRCT,59b5fa753a0c44a2bd864b23deba68c8b803d8a09b9d0a461ccfa03fe7ce6a0c,23771714,1,0.6414070796969549,8
llama,AbstRCT,5a874046d1041c1522832820dc96afe585a1595e2b8df54931cfd33fca697c8b,24127364,-1,0.1885875731598202,8
llama,AbstRCT,5ab72a3200e97b17f3116c59e8fb4531795803ae0538825516725fe52fdb57ca,28371482,-1,0.1448836101058345,8
llama,AbstRCT,5b53671b6d887dd6d5e55cc95583351c496365f353d426ae73be19b1ea85f55d,9640214,-1,0.0506146885117822,8
llama,AbstRCT,5bebb27095668ce89293f4a50558135ef66b8bfe5400011eb2b4f9bd62129326,10682964,1,0.8319510829405418,8
llama,AbstRCT,5bf99ea85353b75220e2825d43b4c17c577af03a1212afbc6d9b3f6222ab1543,21921953,1,0.5699033174685296,8
llama,AbstRCT,5d5921ab24b14da31e848043234ebca79ddab02310fe9297fbfac122b58d992c,12118027,1,0.4167005026965289,8
llama,AbstRCT,5d666cca3ba0b378aff0308c98cdcf4e453a8ff7c589eb033146804af8c9d1d1,10901475,-1,-0.4165883760642216,8
llama,AbstRCT,5d9ea48069b4f5885825a261879771f9eb636cd32f3b65b8ae53c888ee1579ad,15251160,1,1.0672254310299785,8
llama,AbstRCT,5da45a6cccd6ecd3aa84417d10be43100575f9d1cd7f8428a445ea8b1721ae64,14982045,-1,0.0609513880449658,8
llama,AbstRCT,5fa168c8135a8569a30dbb5bcaccbe30b06b0b91424d30ec2b7651db5930a48f,11124286,-1,-0.0253214784548639,8
llama,AbstRCT,5fc85561bf32752d7e08419eca282174bbdbedea4847b60febed74b88b611a7f,20733558,-1,-0.0416324601209837,8
llama,AbstRCT,611da04a936dbbb4307384ce8cb5358b93cf5ea0cbd41046cd76418e53f23caa,21921953,1,0.8085072774741103,8
llama,AbstRCT,62613001a59129ab8433e6bbee7c220a5dc6fab868953b2a11c03370ec57b846,9643663,1,1.0708592495357443,8
llama,AbstRCT,62b94473ced6528afcc9640a16d96166dac88e0a97f90155448184efd1efdd58,20651011,-1,-0.284327777892235,8
llama,AbstRCT,64318fc9ede5a64a7ea24873668d20e96eda3a935bbfa5f5aabc706e346610c0,23749688,-1,-0.06378819695421,8
llama,AbstRCT,6525d18fbfff0fb2cefb78c529460d851724324feec96ac17c5945e17e7900e4,29596950,-1,0.2403946220453716,8
llama,AbstRCT,689e5f244c35c37f38a05579b3f8d347b9f3fb37bb4f78124f0fd41e953a6706,19860553,-1,0.4228644533113038,8
llama,AbstRCT,69e7197245e8d4fa0812f1532be75ca5c26cec8e25f5806a2f9c8ba70eb647d5,29596950,1,1.0110722468395688,8
llama,AbstRCT,6a28eb7f40dd42389b036c90ea93e6c6790945de518544f6403c9ef045cee04b,29654381,1,1.0185445898122545,8
llama,AbstRCT,6d2ee2465f645ad4b6d9b18e546aa16ed82549c6cf52f85b4af452aa0c8fda39,18402717,-1,0.2861117791374845,8
llama,AbstRCT,6dfd36446c12af7e67d2911545097d2d6f5b256dbf16abc6c1bd2f009c74ee83,23768153,-1,-0.1373036657421266,8
llama,AbstRCT,6e4010c1673cdd193618554f73124f997591ae0dbba99e56be76e60c22e41455,21034177,-1,-0.5477257757418563,8
llama,AbstRCT,6fa2b45f572037505ae29ca985fcc1fd0e386cf317b36cee5f632bc6fdf0049d,19383599,-1,0.540163334373201,8
llama,AbstRCT,7395178748f2709f202d99f7ab33f2a0b70a8e2bc0fd8577eeb63ffbd7005d65,29452204,1,-0.0111941729538094,8
llama,AbstRCT,73c69014d3a08c1d5f20eb5842d3c93f7a731c1e7e6072b59d028995cd3db4ae,28291960,1,0.4326368381131539,8
llama,AbstRCT,7410d24ddb57c7669b8c607b427b3b64ce28e8f928fa5e1907f27502ed2d644c,29625440,1,0.5541648643866,8
llama,AbstRCT,75c5c1630dc8a25ff6cccb2b7f2b582f59dd9b8050f410864e6cd6fcb4c3fa04,9230823,1,-0.0421772410432724,8
llama,AbstRCT,7726436bca664732d4c786b989f89b31c7feba1de97d58818f172879862365de,21892106,1,0.2099568485089081,8
llama,AbstRCT,780ba43a47e83f4bf327777d006a674a5bab2f72cd4684947778b12ac4b8bed7,12118027,-1,-0.0009587547324281,8
llama,AbstRCT,7869f28b5dcf2c1c137a7f98931c1f8fde48a7d090a10178f674487d3694808d,23598172,-1,-0.2204501994653763,8
llama,AbstRCT,79354fe534feaf5a0833d79e951eae43af3d4c36253ec59a486db9de64303366,20545217,1,1.0215865203407484,8
llama,AbstRCT,79610871675de5bd2ddf89979df7b4c081d3c037dd4cd51fe0328bde818da2b2,24019545,1,0.9152807436455024,8
llama,AbstRCT,79b795efab750ded0ad4a895a880d742d8104efe0f8c882a9f1b5179a89d686e,14982045,-1,0.2188453827446937,8
llama,AbstRCT,7a5905bdaf5328f05e3d691fdf952d8d2a8eea16995143a9635a9aa29115b39d,20585099,-1,-0.7095547012866665,8
llama,AbstRCT,7ab074e6d34d4a324f9f864b885a4466db33c2561bbc2b52020ffbd4e02e46ad,29654381,-1,-0.0383608123164495,8
llama,AbstRCT,7bd8d3ed05e73eb7380cccae7aa85817b1d922c9c072f0ef53614d150ae8defd,29316213,-1,-0.602429295119434,8
llama,AbstRCT,7bff9fb52ebe50e158cc0b9fe500bd90c7de387558379440268f46d093a0db81,11813932,1,0.8594653118056772,8
llama,AbstRCT,7e3be28517528d1b18091e8efe81fc01df27f950bb20112de59a528b323cc90b,20821047,-1,-0.7902783624533869,8
llama,AbstRCT,7fe6a622302d5dd6fb2bcb8552be4fa1c3c65e6163ae17fae70950933b9d0377,12837811,1,1.0032410656699389,8
llama,AbstRCT,805996d21021034ca10147528a18dc15ce94b53f5f120115e64aa17372877271,19383599,1,0.6212842517670808,8
llama,AbstRCT,80eb0c78819cd7a91b54736f93c9ecbc8b21946b4a2b295181189b3a7f45dc5a,17244215,1,0.9160620440787056,8
llama,AbstRCT,83da9c7d56189b78422b5b67aa5cd996b529d9fe249c507b904c521b9646ea31,19336424,-1,-0.115483764978531,8
llama,AbstRCT,84e5885447a0b7bb7a9d25116e899b24344e048f16afdf99702802ab73dee48d,9626213,-1,-0.2519406730201851,8
llama,AbstRCT,86b59be1fa1d13ab9595b27e119b4ff7e6346c868981b031042b37485f5b3fff,12660585,1,1.049013147412906,8
llama,AbstRCT,88aff95ecc579fb11b0713ed063b195ca1f28b69c47a74158c3f1d1cd18054a4,12660585,1,0.7073357218987588,8
llama,AbstRCT,89571d03aaa6b680ee3bf21123b0667aa235ecd8138cdc94a19765bb97f65b3f,29577107,-1,-0.1658331559586375,8
llama,AbstRCT,89b4ae4b116e8354547eb6aba012dd1465f68ae06b01879550a9537ac50246b0,15234141,1,0.682476052491569,8
llama,AbstRCT,8b4e9514457df0150e1226cd1ed42078c2e66fd2187c3cb4db7554a3fde31731,11148810,1,0.0830374663247796,8
llama,AbstRCT,8c6b297e748050c621a8945a3885d8d4df12d0da2925b7e24a61c2ba3b9de738,22814041,1,0.9183892023213872,8
llama,AbstRCT,8cab51dec796a6018f09266c616302e6b9dc029f7a59265ec9f4bcfd00ad66ca,20584708,1,-0.0723572526957089,8
llama,AbstRCT,8e0b3e95030ac20c105616385d32b7da9b08a438d376523d990d491ff9605c33,29633159,-1,-0.532467970328446,8
llama,AbstRCT,8e2a53f98d4135bcb746aa4be84f1db8905f84e0503512d125c60f0f538b22f7,21141017,1,0.3164715369483064,8
llama,AbstRCT,8e5d6f5bc61a3d164524b4b9ab2ceb20623279bf1e8008287c7120c886b96163,10901475,1,0.4499539780797377,8
llama,AbstRCT,8eed9fe926ef69f4276553fa173bc5f5a731f16869cdd679042ef636013aff72,10877373,1,0.841229385802275,8
llama,AbstRCT,8f5db202011545798babb4fcb2b2fbc1fb7dac7a2ec89b04edb5d8e961e32b61,9626213,-1,-0.1343597410417441,8
llama,AbstRCT,8fb966cbe7ce9e8e0d6f842cd2e595f046e885c134b578a3016a1d6dfcfee0bb,19900212,1,0.7497640736888326,8
llama,AbstRCT,9032e02b078608d0ec2c422371747b82cbb0c881e50bab4b81192e2fec053dc9,23768153,1,0.5475940386797946,8
llama,AbstRCT,940475e5a4f7329376a08d937baef84907742b3cac6cf584c7e5c856925eade2,22835512,1,0.1609912351081506,8
llama,AbstRCT,95eac449c26feb84095861bee4d1ae1f797db88be1c3d8ca655dcb5ecab3e50d,19092465,-1,0.3615060581849806,8
llama,AbstRCT,979ec857a8547a6adf92f0b48b1eb8381310eb8d4a574a3ddfdbc740b45926c8,12750084,1,0.1079825479153872,8
llama,AbstRCT,98f1c91dda4c3ee59a9197051d961ebd50cdd5ce8ef84ce09d175d04ed4e512c,18402717,-1,-0.591716314073798,8
llama,AbstRCT,9a5bc2fc79d72432ec2fcde8e043e34a15e6d0647d56952b1d60fa494b5f5eb3,16571129,-1,0.5409508377790102,8
llama,AbstRCT,9c403720cb9e90490bac646be8ae01fa98512466b6655fabb964d928ff5563e8,29332633,-1,0.5656312231683428,8
llama,AbstRCT,9c47412f7414ed35a76308cfb08586257142e72f204200d8a5cdd8eb55a1ce92,10080213,-1,0.2594756124319074,8
llama,AbstRCT,9eb9d7a8e41d991b92bbb1ed3ace8e79f252b19a2d53bf85bae79eaead05a9f9,16505413,1,0.9021657689118991,8
llama,AbstRCT,a19dcc3dd615ad92dbfa34303d56be4626412f8ec01f58b5d920fc0489efd8c0,8683634,1,0.077900092801502,8
llama,AbstRCT,a28eb6592d74bb1320d7a2ffe2e426a65d355b5ac83df4742c597c02fa8cb00f,10837379,1,0.4305086698717463,8
llama,AbstRCT,a3578a1ffbc1edb4304cb40be9b22a153118db118c0b42b19ef017774adf41ea,18402717,-1,0.070371283525742,8
llama,AbstRCT,a35b64a677577330d027a73b2425da1887d24144eeb5ecfdd48bd5434f28de4e,29506674,-1,-0.1924485781256409,8
llama,AbstRCT,a4420a6b6ff83c200e35aa0a2f15f636d6b93b6b2219a2b470a6de3793a7edb5,21892106,-1,-0.2587304708359213,8
llama,AbstRCT,a65629757a636bd971be0551ba2c10bb423414b4f11ad8d0ecbd3c1921604cd7,23788218,1,0.0903945667105088,8
llama,AbstRCT,a8eae906445dbdd9e3ff6fe70abbdb4a2f1d6de4e8a3a67a868e7d2af4cd1af3,29463627,1,-0.0854704490431544,8
llama,AbstRCT,a98da931d9c8239b86e9ccdf9ef542ba743fb30d3878722e422b47ca28123a61,24246508,-1,-0.0389975811984088,8
llama,AbstRCT,a9d062a78b4b74ae7cc1414e97024a7dc659f4e9a7adc363244c5033a3eabb12,20585099,-1,-0.5311708717452412,8
llama,AbstRCT,aab9712c843061103a012e16f0e0d8b6c08165fbff216755aad7b8ab0bad9ac9,15251160,-1,-0.2478308030498566,8
llama,AbstRCT,ab7701bcce4dd5708e9cd49691452ff91d071ab103b552fce65bb1ca1f44f03f,12011126,1,1.0145036943944623,8
llama,AbstRCT,ab78003d911975ddb057f2b28001aa42ca6c4cf77296077b275749697e11d563,21701528,1,0.0069282716395893,8
llama,AbstRCT,ab8611c26166ddc21aff9cbcb6cc32944046246d55aa43748961ee52d3b98c97,29432772,1,0.7307103825067883,8
llama,AbstRCT,abcdff1e1eb958d91fc9294997b1efc8a13ea3dcbec52fd841ab9c70caf50e35,29654381,-1,-0.5645699996070105,8
llama,AbstRCT,af56f8d25ab655909d81a9cf2e95768618b0897257089efab0d77c7cc00b871d,24007947,1,0.1082806253348853,8
llama,AbstRCT,afcf53f6e19a98f5a7dd9c030e712e8548c89b1f3d6aadae4572f154357cb517,12908569,1,0.534000711616591,8
llama,AbstRCT,aff3c849f2201328cc77b8b015289551b2dc7d51d0ed07616a8528aca219a868,19092465,1,0.9500962207648984,8
llama,AbstRCT,b09acefbeab47ad0d65413b6557d3a81863dde76e9dac347436773de36a46a7b,16490846,-1,-0.0162916316212066,8
llama,AbstRCT,b107943003e12d1d662394d7cdde82e56f01ee5f3040f4d39a900cf924cedf05,17876009,1,-0.2936786726740705,8
llama,AbstRCT,b58ceab8ae793d989f3a7f79e505e4ab18942986d2ed00439dae4ef531748f20,21905158,-1,-0.0785213746624982,8
llama,AbstRCT,b5e4c13105faa9bf46d146a1e4d899e187f4e044b382fccb3bb85ebac3804d4a,9643663,-1,-0.3260647320876678,8
llama,AbstRCT,b5e572a2869cdf49986eabb264624ffb439a8cd9c596c84be68b7e65e61ed5d1,29654381,-1,0.2881654074049018,8
llama,AbstRCT,b665bf574e54c58d9136628531ef3a45679c5433aab834f2b1b85bb39d787e02,11558817,1,0.0525777470673226,8
llama,AbstRCT,b6c11918d0982478b79141bd6145a61530adb869aa06c440156013fb08927340,12908569,1,-0.5989271345927454,8
llama,AbstRCT,b7a2ec8ed0bcb3aff8e707755c86fb86642a75ae3a2b5a6908b60adef3d237d9,29456079,-1,-0.427519871256999,8
llama,AbstRCT,b89d5b5b20225ccd710ca5a9aac6ca98b132c7e1b037631b1caf1227b7e3aee5,28912358,1,1.0022995461307154,8
llama,AbstRCT,befe1fdee9a351b27d06cc34eb0465b36e88eee81d0cbd75983830fe6e51b280,8648360,-1,-0.0029004483245245,8
llama,AbstRCT,bf137b02740133090f10048531c216727dac2f19609fbbc9a60021166ad046b2,15284262,-1,-0.0404325438374248,8
llama,AbstRCT,c05d5fda10c96b79b277fdcde61677c9494240ff45862c1e16c7919901e3a892,28912358,1,0.1853908813261001,8
llama,AbstRCT,c093f92d57dd44c6f2ac908ff24a3ad24b078b4e2bbfb818f3cef72f8d419ba9,23860204,1,0.1407053860285217,8
llama,AbstRCT,c6253f59fc5153c8379b347417b9e0d2982d43511cb06dab0e1f379ba7045670,11158796,1,0.0807085779363129,8
llama,AbstRCT,c7622b9173b7e02b38c9b780d3b835335eef363768fd35549a029f82eaf72274,9626213,1,0.1101173412436708,8
llama,AbstRCT,c7ecfb754a16043eee965b33f46dc2440c1ba76d64ead956c7c7a783bf425b14,20809177,-1,0.546865321061946,8
llama,AbstRCT,c8f085fcf74de7320a406ae63aac86abedabd42d35a02d2e8f7b78766b3375c4,15288288,-1,-0.3791352919885016,8
llama,AbstRCT,c9ecbbb8b9078d5f850a50bb19ea713ac6c6a5f916a09461066abcfa41667f85,15288288,-1,0.485343254086534,8
llama,AbstRCT,cc647e23cbade7a070bd89fdc9227a72812322bb58a7ebcca34d973b2c3c8568,24028441,1,-0.4655164871945956,8
llama,AbstRCT,cd7d4cea4b48d9770675cbe3dbb36dedbdf1821f2342178f76a3ba21a4eff12a,12908569,-1,-0.4834172390419555,8
llama,AbstRCT,cffc5ea1ab3e7202cbaec34f9fd6ca9b5750c4d69999a01125dbece12121cd00,14982045,-1,-0.4934445592621537,8
llama,AbstRCT,d39ceedd9738756e0b9fbe1f87e8445680fe0018e1323bb038e326593ab295e7,21892106,-1,-0.279905206719184,8
llama,AbstRCT,d4825233dd3ddcdb0ff85280d538e49df0730a01d297f018ba3811063d6fe0e6,16524633,1,0.6582321350196343,8
llama,AbstRCT,d5b5e2dae5dfb7ce457fb18fd00fe4b89e91f6082d210d15e4ae2882d8d0093b,10837379,1,0.8171462539399195,8
llama,AbstRCT,d635324c4cf7bdc62d421a4191aff248ae8514442cce91673f9f49f867f8798c,22344189,-1,-0.5361435540712959,8
llama,AbstRCT,d71f243c119637e546575e37d92b71495a96fb95a285b82e4d0328e880c0bc74,28911991,1,0.2849955879081725,8
llama,AbstRCT,d7b16853dddebc41f7af0c174668a306654733b062dc21fdf619c6bf214f719f,9230823,1,0.6587898619766033,8
llama,AbstRCT,d8a40756352d6eb1dbd1270d3c6e18ba99975dcad330ef4bf8c290e71624590a,18448745,1,1.0248270988792427,8
llama,AbstRCT,d9025908cc4fad9a4f38f62c37348ef5c82a7e857d10c40ff489f5c6922756b1,27545497,1,0.8265504022610413,8
llama,AbstRCT,d905244fe8f6bf6ea9d7e60f5dfdb5f83b094946f664c1975e107793eba50213,12915593,-1,-0.5620006999287812,8
llama,AbstRCT,d982df24d4894554ffbe676c4c6dd3c86f50e462b63bdf3492c2def7c04fb2d9,28291960,1,0.9364904057303454,8
llama,AbstRCT,d9e88b561e6068360757f02c0a4c68628b189b1cabc22982eb04abfbbdaf5884,29565948,1,0.1672384239823567,8
llama,AbstRCT,dc0d0acd428512aff0f1c8e31ca797cbbb31cc46a5c9a92261f979e92153ca71,20651011,1,0.2048532687801405,8
llama,AbstRCT,dccfb4412fb46c141f7a8843b7ade76dceb9a0d43f6e64c03fa0ee340c3a233e,20585099,-1,-0.3942425268258451,8
llama,AbstRCT,de4e841046109096e65076055c8f0c2eb00aa5a82521f007bdacbc7b3640b548,12721239,1,1.1005863538507172,8
llama,AbstRCT,dfee4bf98126c6b0b21c948e8e70fdd5b15aeacf30f3bcdd0a9ba3658aa3a1bf,23285843,-1,0.2123107805089832,8
llama,AbstRCT,e14d7dc20135bcc9f580f467a1ca55b0389ca8b9d1e9a9a54962c88534ff196c,23820680,1,1.1018790429049112,8
llama,AbstRCT,e5ef4ccf297163bfe88c662629c84c309fc98bbb9eb3f307e1f3ecacaecc9b8b,29654381,-1,-0.2095598267992265,8
llama,AbstRCT,e62c11ac1a9d1fcfdcec9597a956b4a23b1eefa1cb1203acf46e2e18afdf894a,20733132,1,0.2313705603549852,8
llama,AbstRCT,e678403f5820bcdc53194859a233ef3602369198be165d0c415b3418b6e5c5cc,29605574,1,0.3744605072318815,8
llama,AbstRCT,e711ff96fb777169652959397c3c173abfefdebf400bf80616c67cb8872af5c2,19337705,1,0.766072864056612,8
llama,AbstRCT,e79976423dacad1dc96759d50f98e1624ce644022e4d7e684b7b2bc5f1d5a80a,29316213,1,-0.2183709185679394,8
llama,AbstRCT,e94217034c9a3a778c825d6996112aef433e57de90e10d848a038903a5948d91,11438417,-1,-0.1087215296206972,8
llama,AbstRCT,e9bc06d7c1d7e637a7b80193cb5ae1355c72711fa223839f1bd17853cbad734b,23771714,-1,0.2229139178197781,8
llama,AbstRCT,eb39ceac6ac4524ffcff39a91e227a6f437f8ed46f0c0c2224b468c3866fc5aa,11730649,1,0.6832138225148034,8
llama,AbstRCT,eb5c7645da87182107a8690fa08baa74874317b59d490f0bad313d8a8f17a9d7,24178750,-1,-0.3193004310303714,8
llama,AbstRCT,eed2c3a8ab30338da0878bebeb47a469837932fe589b00a4a12bda80156f3dc5,11730649,1,0.527347786963206,8
llama,AbstRCT,eed9a3bff9df9ecfb3ead91edef65518269de8dcf6ce081556f595101a383aae,17244215,-1,0.1311312002444621,8
llama,AbstRCT,ef1c844331677dce86e498d36a17041c94a768db0cd9b2ce6a739d1a75f32e2d,20697941,-1,0.0443080277030226,8
llama,AbstRCT,ef7a71f413365bc235a07ca2b5db125156716d4ff56432959d7919660abf645a,29329305,1,0.4068713736618583,8
llama,AbstRCT,f058c8e5da754eb4a129c1698face8c1e898dfd65de673cf9bd3188cf91f4f81,27545497,1,0.964375338368468,8
llama,AbstRCT,f1e9055e092ae323b898a092ddb2515e0d6532fae3b555106cb7168ba445d0c7,15226325,-1,-0.5744627480461743,8
llama,AbstRCT,f24c479931b19a50b34168a97700d493129d58884a1fdf99648d9a3073bb6cf8,12047964,-1,-0.3057213678386071,8
llama,AbstRCT,f3c96799ee56e9c4104756647fb9d281c8119549ba3cfedcbea5bf122b7297c6,16571129,1,0.8286718763440545,8
llama,AbstRCT,f3e4807dcee4c35e3617269854987c0dbe4ddd114f963a0f6bb8872ec57e1d35,15226325,-1,-0.3921037313556924,8
llama,AbstRCT,f4e156c69ce2788b76fdf5fca95e64b300eccf91d774d403562da1d65be54101,17848814,-1,-0.1256808466995063,8
llama,AbstRCT,f5e3dc0a2557eece41a0c50c47103bfeff5cb21d6ccd3e278688bd1de6819ec0,11346336,1,0.0929795692259016,8
llama,AbstRCT,f73abe7df334fa19da081455e4f6aba0cb71099aca3cf5f617b2d8b2c2e487b7,19243831,1,1.0360835806333113,8
llama,AbstRCT,f7671fcba9a4efa4310c76c10ce88d6b2dc27c60152e510ef30b004a0f5a64cb,23632471,1,1.3753027829339723,8
llama,AbstRCT,f7857add3c7a2912e6844c5defa936dbf3c2e45fd9a3fe3cd17076743365555e,20697941,-1,-0.1465424211576321,8
llama,AbstRCT,fe4ad3e100f0b2f4f09bb628946bd5ae5381007c24a19a55a922a824da767ff8,16524633,-1,0.3002664323079338,8
llama,AbstRCT,fef412a55efbbc1113a69c4c4bbcd52637e10b8afda3f53879014ffecfd935ba,12118027,-1,-0.4457568198238675,8
llama,AbstRCT,ff70b2d1d5475737de88fa8d48a64e8c83c99fb2dbd2a59ae8a088bad351e930,11148810,1,0.5912323563344732,8
llama,US2016,018ed66eb9fe1bf21853e5a01b573fe38fa8ef8d512821394cbe9ee7ab9b8422,9864c58b16e0dde84b1f458660504ffe1e3aea5101eb38bbedf47c945fcfe305,-1,-0.0629795801698096,8
llama,US2016,032104aa5ab7a2ca6c042244ea93fc462ce30dc56993eb3a7d028a343fa8bdc3,a9a89b9f6804fbf27f4c09e4408bb1ec95bfa340edc00473b6a82e41de9870eb,-1,-0.1214973890230271,8
llama,US2016,03d668339aab6ce02e76955c9c43cc10573d8747be1754e544962e89871aaf28,49d5fb4cfe8352e402a6a2d4516c8b2a29b32d8f33f23c094eefaa1332d109b7,-1,-0.8468442488206283,8
llama,US2016,03db8b6b03a7289a5ccccb1af880eae5d0948b23d2036483a814cd9dc133a7de,9864c58b16e0dde84b1f458660504ffe1e3aea5101eb38bbedf47c945fcfe305,-1,0.2396011009025771,8
llama,US2016,045ebbd5fe3b8f72e2945d914973431b366ae1ebcdc040b693d635633a62113d,e3c01269c887e89b47513c28168dc7115fa8f0c50d19de71e4856e7c5b424e97,-1,-0.3948330954105616,8
llama,US2016,05075ff39c7ee6515889da1867efbdc175aded1bad4e010f5ef7dd8870366bc3,02d06282cac7912e866126c46cf81bbaf8a39b8f35b3938647fa089e65459d74,-1,-0.0114923341909618,8
llama,US2016,0722cf5bfde8f1250623dd92819bc71a2cb1ca0f3a1a32d81337a20eb8da8f4e,f4241006fb761d105e514556de9a1fd07c9eb291bcc9625ac06722fbe9fc7f22,-1,0.1025488883038451,8
llama,US2016,093f8c3a8530486157c6631859a56e85a42be7337f810ed35504c2f48fbf574e,02732ed4ca5626832d598c29107e4827c631d993b1eb38d915cc090c9485e6ae,1,0.5439342293941511,8
llama,US2016,09cc69326981944adb06523a5c20f678da8364bb28eb4fddb7456514fcb185bb,6033f46be736f71e2d3dcefc1463eca6a3efebfdf96a555ae26f79d380ee6a9d,1,0.6391636700454866,8
llama,US2016,0b0f63c8d6ac059a9abaef8d55d68bdd51915ba7c08ad8025f5c806fc9e883e4,02d06282cac7912e866126c46cf81bbaf8a39b8f35b3938647fa089e65459d74,-1,-0.8108480718271474,8
llama,US2016,0c46cc042aee32c1e10052ae553010ed1307b8c65f741e8002498e7d9f0bfabe,85961e001bda72c047588ea89c0e3720d38c3bd61947a6d373b944e8d2bcccfa,-1,0.0875674612104197,8
llama,US2016,0c85be48ff5de084f81025c5429f5dc1d17d319399bd48a2f5f882c8cdd11494,aabc79cfb438282316a1babc0442b3d7893f763811878013e8cad1bc1d016673,1,-0.216388289143676,8
llama,US2016,0d600260e13314ecfe0134265ab5fc5d742ebf2240c6e039f28aaf7d7dc46cbd,6325c2f4bb67b08418fcf7a07157c248a397acf2c9c32e4e0735ee35f6e267da,1,-0.2145283365637704,8
llama,US2016,0db600ea4ea2468ef8707e0dd811150a18c142e04b103dd3aef4d7db482f26a7,1f3ba3e6e208e70e82e6f7ba50f0df4f58b1ac8b04ba843538ada4fbe413cfde,1,-0.83186549721922,8
llama,US2016,0e0d0e6cbe9f8201c150a2dc886e3fd873178e38ed9bee6e2b22bb65eb98f19a,d74bc5eb6c81c54d2a062c22995bc34c9dfb01366ac5196fdbc73afebbdf7ef8,1,-0.4356394592301142,8
llama,US2016,0e1d5760020b1e08ffb69fddfc45d2b926a505c3f84b57baacf044c4e2456647,df32b6182377a216e3bccff380fd75db450340f71d443758ac2bf0fe6f866b14,-1,-0.2603728583886177,8
llama,US2016,0ecec7d7030c3272d88c55967a45a91090ccefb56fa5166febbd718b9415f61e,0ce53b565db725c43fa01fbb4b1f3e322f797a4b0eb91e2ae64817a78057b0b4,-1,-0.6306738979773073,8
llama,US2016,0f6114e95d3359cab86b65ceff57e0beec88c63bd8213d1bd2a3924c71801d39,2e18746894cb4fd22d9b4a9b8fac7657746cb4caaeed9664755bb2bcdd9928d7,1,-0.3788155440544793,8
llama,US2016,0fe9d662984b0fa2f3f994c2a36dc7c4886c269bc74f9a56e68ec1efb2b1b80b,c1e5eee9ace3f80c43edf9cb97cf5a34aa6de9fa926b869c11e2483d1cea26c1,-1,-0.1423329335177515,8
llama,US2016,0ff9ba71abcd59f5635ce85b68d19fec7f8c9871553cdcbb33e28e48ed649092,40573b41f5270bb78f55de2a66ca43f44c7e9f051d685ea4f539c33cec387285,1,0.0367135860457494,8
llama,US2016,110bd9c40f5b6b3ce8a7909de96afb37a0a4620f3c4829d07d15262c5ca8957d,aa1c865ffd1598cb13a42db8721ab7ba1f09202cb9ac3b46b40e2b8a107ef46c,-1,-0.2367959313402448,8
llama,US2016,117d17701e754f0917136084f4918e3e72509b7f2ff5cc7d406e679dd9980606,02d06282cac7912e866126c46cf81bbaf8a39b8f35b3938647fa089e65459d74,-1,-0.4358259182938923,8
llama,US2016,11c403293097b2725236889158816c3ee527b885ae1b7dd3f4d72f30fb896b0e,9282d4d3f55fc486e648c6e3b616ed913f5ed5a71f36c6f9c0a772a1bd86139e,-1,-0.2859154980936818,8
llama,US2016,1298644fb552a3ac37f1fe59e971c64e7553b5c68e0be605dd0f4ea71c6a4be5,0ce53b565db725c43fa01fbb4b1f3e322f797a4b0eb91e2ae64817a78057b0b4,-1,-0.0618190730387356,8
llama,US2016,12e3ee681968b9cabf7b22265de73d1f640be488fad3431a337ab40502ad51a2,02732ed4ca5626832d598c29107e4827c631d993b1eb38d915cc090c9485e6ae,-1,-0.7043693516664653,8
llama,US2016,13a0c777f9a6e88be95b3c8a0a7c84b9d50bd6715a4fe009d349aad0c435b190,be62dad26ea87f0c20f5edbe69641c1221a31cab868e23e67243e10e13945280,-1,0.0967553500677192,8
llama,US2016,14b427ec81ca21f0ec5d7a0ed294e2100f732509613a4eecb5725f67bba8937c,e65b8dc6b8e49973e14fcd5c2a6a90cf9976a37d67f53e333620791d718be940,-1,-0.4252811547098157,8
llama,US2016,14c31a58ae8e61e7a860b45f4b0bc278d0f84981b53cc3cd8ea0da468ded4838,dd9135e0cdaa66465a2e9419084a13d65c2b4722667067fab884404a88493b16,-1,-0.8569827001338715,8
llama,US2016,1686847447aeed9351dd7f639711ee71842e3e3ce77ac54bb74c95fe7826d263,bfaa0819446b74e85865671c16131cf17a9ac48953d382d2cfcf74de2ceb7d84,1,0.3243124644078816,8
llama,US2016,16c905bb50359ec598913c93ad5501b2d61de253ecc73abefe456455cf80a853,e3c01269c887e89b47513c28168dc7115fa8f0c50d19de71e4856e7c5b424e97,1,-0.0942704293417326,8
llama,US2016,17239075ced3556c1f4e47cb3a1040e0897cb2ff598644cd5698a7ad9043e838,9864c58b16e0dde84b1f458660504ffe1e3aea5101eb38bbedf47c945fcfe305,1,0.0697168960209282,8
llama,US2016,175c8646f4e435a8e8eb283b813b4651b40d0fc9c3c4c849b786abfe7da44809,6033f46be736f71e2d3dcefc1463eca6a3efebfdf96a555ae26f79d380ee6a9d,1,0.015397504402915,8
llama,US2016,179796a53f4be7e82a955d79110414313e3382768a0ce2ff36f5f56466e02def,7e7adbcd5d8bb01dc7448b4e78606bf06ce90bffd3bb83a7b0815790946f8e8d,-1,-0.1272964318114578,8
llama,US2016,1849ab949f7d301b5d28bc37ee7503c92b15b38b3ef5e76a00d988e087a53998,6329c214e99b5c1b9cb4706c80a1a04930999f0d88d5cc03d492248cf292df91,1,0.111101369017965,8
llama,US2016,1894cb669245c34469226cd480e022a5fbdcf382d96e3f66f6a41f728c12162e,df32b6182377a216e3bccff380fd75db450340f71d443758ac2bf0fe6f866b14,-1,-0.1443287708266482,8
llama,US2016,1915910a61b9ea0c2393229b491d1f80c0be463cb9b8f9318e7d3ab0f14a5165,dd9135e0cdaa66465a2e9419084a13d65c2b4722667067fab884404a88493b16,-1,0.1671524055503973,8
llama,US2016,1935f7494dbeb8aaf14485c56190410d83d98697ca5643f1bcfc38f1abd16d50,97c4d2927c7212ab7af045acf0bece8036a5340631506df5e06f2547a1eb725b,1,0.0199603385531332,8
llama,US2016,19910dedc7316a77d52be9bb8fcea8404e683f333c4cc5f9f4b69e5d02e5c7b7,02d06282cac7912e866126c46cf81bbaf8a39b8f35b3938647fa089e65459d74,-1,-1.0025773584663575,8
llama,US2016,1a28bc9f27bccb3e8ab2e06b44b887c672e0fd21562f9df75dbc2ecd7db96b69,9864c58b16e0dde84b1f458660504ffe1e3aea5101eb38bbedf47c945fcfe305,-1,0.221722234378748,8
llama,US2016,1b694cd2cd7e2d735ee54dc75edac449d1a8efc3ca6479aec6616e19da12b139,9e6fa7673158177680132ecea0f082692641fe9ea2022a72d997b0e672ea8cbb,-1,-0.0123023790880213,8
llama,US2016,1c37477ef83466dcb5ac3dfb480a01db2565a895e28c9091fe9683386e3135c0,313b80f14b6bb6064d8ef4e5f51ad4166743cfe16baea6df7aa50df4207c748a,-1,-0.1766287790847028,8
llama,US2016,1c53ec8806068391b7e703c70e5ce0f859b8611ac792ad78dac7978f5882cfb7,2265018ea51d5d75143cc6b76bf2821720788f6d9e40dd4b28a31733ea020735,-1,-0.3556320318403189,8
llama,US2016,1c562ddeb8cd2e03467afd96173c25fffdb5bd4878b5d514ed3ddca5e46630f9,098942031f0e6e406f1c567888dd76a60417438f0cdff2afd7cf145bd5659327,-1,0.4387246111298298,8
llama,US2016,1c625a24813a764c13e66eaa8ac46e7fb69abc05d1630936ae74be137b70c67c,5617487e960b014f0b7dbfed21cdc094b9f73041276ca160992fee0a69ec2793,1,0.2189033373309447,8
llama,US2016,1c89836a82cb711243693b1602e30f449212b45492e9bf2b29821b8ff2baff55,6033f46be736f71e2d3dcefc1463eca6a3efebfdf96a555ae26f79d380ee6a9d,-1,0.3614711002371853,8
llama,US2016,1ca34a50ea991721447afe5a40100a9f0abd7cb0ff70198fdf508034377ca825,6d02059a8a175e3e117b20991ca71281d4b492ea1d247212a49dc1871b626fc0,1,0.0803041365136652,8
llama,US2016,1cd371b4bc983d33713f527dc4a201dbd776e97ea7a4d8b96a3cf5a09f5c89dd,180bd5850be20e0dd9228ab47d15ebf387cc0659c4ff18a3d52388f88ab01f70,1,-0.1828375762532641,8
llama,US2016,1d380e8f605e861f8032b2d8a9d146ef5309cb0ca3820c4a4b33499dd23d231b,2e18746894cb4fd22d9b4a9b8fac7657746cb4caaeed9664755bb2bcdd9928d7,-1,-0.0035221215556776,8
llama,US2016,1eb0c3e4fc2a79de8022db3719310c114a49b62c554f56b642b5f5dbdd6f5da9,de1c205fd4370e4c2880e332ac13e764a2ab13973250ec6b3137e2a978fbc0a8,1,0.2680644646347299,8
llama,US2016,20248c8b4d88be12e70584f5f74d622f7031270c5dfd9dfc365c974579ecf87e,85961e001bda72c047588ea89c0e3720d38c3bd61947a6d373b944e8d2bcccfa,1,-0.4241615180230567,8
llama,US2016,2051959de796621f0ec2ba0e64baf9502b85569fc023768869bb4943a2a5491f,0eeec1bb7c0247dd4a88098cda357d595aabc1e6c90fcaf0595be01c45efb42c,-1,0.3676157660058062,8
llama,US2016,209a9190759acee5da4c56a132149895fe18e7c1ed1b49d77e00d2a6dc94834e,497c1ce037a8c038805ab0afa9ada2ee04f0f6c40d9cd2c60bdff0c3bd7fa852,-1,-0.101041090947627,8
llama,US2016,2133c9d1c621059ccedd5f46d2520a32c3837593a9259acef205f0a31ffde955,0ce53b565db725c43fa01fbb4b1f3e322f797a4b0eb91e2ae64817a78057b0b4,1,0.7939659922751137,8
llama,US2016,213616ac12718fb0bf4db456473019635e42e74a7fc773a6d88cc7d006685c31,1ce1612592ea0ccb5bd719f5b72b56bbb28ceecd3fe6d33fa226f16c357d631b,-1,0.154993554007556,8
llama,US2016,21f98f24ebefa7241f884a555c7daddde348a1ddd33c4045c1307b9c8254adee,85961e001bda72c047588ea89c0e3720d38c3bd61947a6d373b944e8d2bcccfa,-1,-1.3358045404708705,8
llama,US2016,222e4fb368d116307595719b9078ce2bbedffad39bafded107acde40821e5c89,6033f46be736f71e2d3dcefc1463eca6a3efebfdf96a555ae26f79d380ee6a9d,1,-0.0494767604624673,8
llama,US2016,224929332fc5ed26da294eb3509722bed499687454b11c72c934283b58d80e74,5617487e960b014f0b7dbfed21cdc094b9f73041276ca160992fee0a69ec2793,1,0.4101315143504843,8
llama,US2016,2357c8810a02806db07850aef9656277f02323a457a672bfd59c7dfee328310e,2e18746894cb4fd22d9b4a9b8fac7657746cb4caaeed9664755bb2bcdd9928d7,-1,0.1784884523120434,8
llama,US2016,245de0082fa2b70c692dd890b84598d07b1843ab8157b0fd5db09fe57bc0a1db,dff8667d896083855d7cd15dfeb49c76745fe83c7af99da5f4af584fbbb3ee08,1,-0.5732341635790582,8
llama,US2016,24a213c0fb8dd1b7628583717d2f7bd12b527f9f3e3eae9a1116c9fad25abfe6,5aec976d491465afd9b1d87c2ea34cb65927964ef8a70da34cad44761e1a3e2e,-1,-0.3926160821152981,8
llama,US2016,24c977cf25a920e416a8404d6b506e7777e5acd86a8c429d82f81d1844226aad,2265018ea51d5d75143cc6b76bf2821720788f6d9e40dd4b28a31733ea020735,1,0.0145556147191077,8
llama,US2016,24e383dca514053ebcfa57576ac2dd97fbdb2cb8c9baeef5f6e421784535e9d7,dff8667d896083855d7cd15dfeb49c76745fe83c7af99da5f4af584fbbb3ee08,1,-0.1804090496013785,8
llama,US2016,25421eac98a4ecf01bc7d8c62a196aec0e3b0d274229a8a492663ef60843ae9c,9864c58b16e0dde84b1f458660504ffe1e3aea5101eb38bbedf47c945fcfe305,-1,-0.3299827068674753,8
llama,US2016,2932fc383078ff7ad8ec84a6266e85bfeb4b74da5f5168927232420482ded3cb,97c4d2927c7212ab7af045acf0bece8036a5340631506df5e06f2547a1eb725b,-1,-0.4097183682727061,8
llama,US2016,29b4aecccc5d4b37bad3dad403efb5b158a0a709e1773753c93838a0bf51c6b7,2e18746894cb4fd22d9b4a9b8fac7657746cb4caaeed9664755bb2bcdd9928d7,-1,-0.0038691939685485,8
llama,US2016,2ac25aa1ecb1713106bf9c7cf9e447b8a2e7ea5211190361c2d9dee268e7c9dc,fb9e62e8eeb12e3dc0a0735249ee3115e848137577e3602e1e08853b4a28400b,-1,-0.1235369556870719,8
llama,US2016,2b9ecfa940a2cc1c500980f55a26157147074666317cb89b1ac6e88c89ff379f,dff8667d896083855d7cd15dfeb49c76745fe83c7af99da5f4af584fbbb3ee08,1,-0.1034876308878167,8
llama,US2016,2ecdd4d7688333c0fe63e01c12f80310b9e7bf5ddd78a5a4423ba454850ae5ac,0ce53b565db725c43fa01fbb4b1f3e322f797a4b0eb91e2ae64817a78057b0b4,1,0.5055217565310849,8
llama,US2016,2f1f16b874d93664ab405280ae75690e6303b33a59e0cd1982a707e4d9744c7f,a617df4c9bb376e7b4b0bd604b5707fdcf6eae1e0667879c6fecbbb5dd35001b,1,-0.4785708033452434,8
llama,US2016,2fc48063567a92ae4c57436977903e8fadcb87255398e4b1b8d66cc8b5730429,65cd5739fb5454d52edabb65d07cbd941472c0b0f17d8351dbbe117409db7cbf,-1,-0.2912695690928678,8
llama,US2016,30f3f5713df781f30b65150ade822c55159c2383e34c161528984a828a5d1711,5aec976d491465afd9b1d87c2ea34cb65927964ef8a70da34cad44761e1a3e2e,1,-0.5189405258878597,8
llama,US2016,30f55c1ed692ce559b70659c8b5ef670933e037d5a632e68577b545ff14f5bbe,02732ed4ca5626832d598c29107e4827c631d993b1eb38d915cc090c9485e6ae,-1,0.0395891075842441,8
llama,US2016,3263d51ee9291dc8044c632470edc458260d52f61f97b82504eedd985f7ff7b4,0ce53b565db725c43fa01fbb4b1f3e322f797a4b0eb91e2ae64817a78057b0b4,1,-0.0492057582122771,8
llama,US2016,34f2578fb00b9783088fe785856cbc34d5dc1085e68a5552f0740d71334fc0c9,e53b982fcc5dd131af3821bb7b7c04ba055ef214fb91cca2c8290bb3afd3545e,1,0.0978601808224752,8
llama,US2016,373db8823a992713ec1eb4462ca22553fefc086683bc2dbf1da842df22ae5e71,bfaa0819446b74e85865671c16131cf17a9ac48953d382d2cfcf74de2ceb7d84,1,-0.1872773856250723,8
llama,US2016,3be5136a9a9036ad9f5ae4121621e50e87ed99e2a0f21bb48170e124255ca372,e3c01269c887e89b47513c28168dc7115fa8f0c50d19de71e4856e7c5b424e97,1,0.9456660465865432,8
llama,US2016,3d2359c1a98271699b067cebcdfd7c5f4557571bb5f5ce917d16d0d1f076445a,2e18746894cb4fd22d9b4a9b8fac7657746cb4caaeed9664755bb2bcdd9928d7,-1,-0.0362114820372592,8
llama,US2016,3d2b1434e52f45e8909cfda67ce6298c5b65727a6efaa12cda25c308d395584c,9cd84ca538622e6da5f761df165facc5ae650ab55992ca8c03db14d75af76e37,-1,-0.1221770092975935,8
llama,US2016,3d7193a43645f0ae35f27839a1d0cf5df27414c7561a69e8b8b04c7b598b5ad0,2e18746894cb4fd22d9b4a9b8fac7657746cb4caaeed9664755bb2bcdd9928d7,1,-0.912837451039455,8
llama,US2016,3d99ed36fc7d7e7214b279904ccae9d00e0b362f145cc0d02cf2ec15c81a2e91,fe53b0ff13a6a944d49ba6c019124c1f1925479502333a00f280dd6323edb4a1,1,-0.2479266785338001,8
llama,US2016,3e15aa9e401aae44a24d94e4b299e71325b1c540f66580872d9d1b70c2c3ac22,098942031f0e6e406f1c567888dd76a60417438f0cdff2afd7cf145bd5659327,-1,0.0694813890119166,8
llama,US2016,3f10ee58f8d3e382617acf24351f35fc406dc4a994923ebe3a392a9bb8b8dff0,e89abcf371903a5020f03f5db33ef0bd452eddc9a5202d45c053dac22d56b575,1,-0.1565597448632238,8
llama,US2016,3f8edb929bef50e1b56e4c62ad216a4e66acc24be8614bad36ba25164c430f46,2e18746894cb4fd22d9b4a9b8fac7657746cb4caaeed9664755bb2bcdd9928d7,1,0.5401039587678123,8
llama,US2016,408322ff09f825fd4a3e3c0c53a285ede43a3337fc41531896d6db9f05a9edef,de57def327414befc40b5546c49dc1b954eb0b30a96742dce36139184800ed08,-1,-0.0113169099327851,8
llama,US2016,409fd04151837eb439f4476ec397e1c7b97d5db6b3af98f31f5e801ba9d7c60f,02d06282cac7912e866126c46cf81bbaf8a39b8f35b3938647fa089e65459d74,-1,-0.6036728535534813,8
llama,US2016,412c7c8a7261eaa26d6f0028e859712e63354e52b6e96b07c860d3cad16fcdb4,5834738f605e9e970628e74b60dfc25cdca2d5a501e4305c57996d1a5809c3b1,1,-0.3859662220751908,8
llama,US2016,4183642f1e31c41df7739e328a48465f8722c2c88b604a443f2efed9ee2fa788,0eeec1bb7c0247dd4a88098cda357d595aabc1e6c90fcaf0595be01c45efb42c,-1,-0.0294823037604307,8
llama,US2016,4192b4d7f300a2b075a03af0b9adaf6894da4d83df0e4af2fcd2d079f122f08d,0ce53b565db725c43fa01fbb4b1f3e322f797a4b0eb91e2ae64817a78057b0b4,-1,-0.0330068101550576,8
llama,US2016,41a8b1e402b9ee60afbeef65720b541ff802c278a03e1c0855e5abbd7b6b2ebb,b77588e9ea37a4f5ab9b236b1a97a271222b1138095ce901132cee290ae868cd,1,0.0213042322000404,8
llama,US2016,41d3421e9ad0f5f11fe18063db5d783769598b05dc44137191cf44fa78171528,098942031f0e6e406f1c567888dd76a60417438f0cdff2afd7cf145bd5659327,1,-0.1053037288826224,8
llama,US2016,41f408cd1cb1b17265f7b7bf2223c577f9d9d9a43dd5f79c4838f12e5eab0e75,e3c01269c887e89b47513c28168dc7115fa8f0c50d19de71e4856e7c5b424e97,-1,0.0102452182112738,8
llama,US2016,432ad2c54e042e877705027452f6cb9fa8e771e93c67b907e620c761de2a10da,9864c58b16e0dde84b1f458660504ffe1e3aea5101eb38bbedf47c945fcfe305,1,-0.0785952750444724,8
llama,US2016,454982d03268b19910322951590b0292e6efac4bf99c678c14388719c93a0c90,2e18746894cb4fd22d9b4a9b8fac7657746cb4caaeed9664755bb2bcdd9928d7,1,0.2033427008226096,8
llama,US2016,463d031244f69398be44c9829c7c72e08cdb384a7b7a64ca450f5880e9fb6b3b,97c4d2927c7212ab7af045acf0bece8036a5340631506df5e06f2547a1eb725b,-1,-1.049566624846169,8
llama,US2016,46d0cab5f5cf07fd5c93049c290bbafe3a8cf9a5324e2a534f573d48c33fb53b,5617487e960b014f0b7dbfed21cdc094b9f73041276ca160992fee0a69ec2793,-1,-0.3060022155370429,8
llama,US2016,473bdcc882f117bdc62770972117cf74c3c6b93efe58f3de56a753283d8902a2,3387eb2642e6ab5305341d2e47427cc13c48c8c5118fd3df7c8535733f09bcb0,1,-0.5807732139741238,8
llama,US2016,47607ad4a49a283f0acd3bfc4f2585339691e11eef034efa6594969066b27155,6d02059a8a175e3e117b20991ca71281d4b492ea1d247212a49dc1871b626fc0,1,0.4727329894489349,8
llama,US2016,47d09b9cd52df7140bfeb5a1fa31fd3c0f3dda80486982e13f55e83bbd1c04d9,0ce53b565db725c43fa01fbb4b1f3e322f797a4b0eb91e2ae64817a78057b0b4,-1,-0.7187651960325272,8
llama,US2016,480514cbf765ddc69b6042a176fa4aee1894d400168c794b8abb0d426a3b1ada,9864c58b16e0dde84b1f458660504ffe1e3aea5101eb38bbedf47c945fcfe305,-1,-0.43213008822928,8
llama,US2016,486ed989a145fc0822a9d0dc13eaef4aa780f38a8dad3aca072bfaef7410c6e3,c9f233bbc2af25c3ef850e6f62749612487c31a947035f61c98e1bcf48498841,1,0.2342441423445154,8
llama,US2016,48a0703632cf249d1bf46261e05ef4929450544ed93aef39f7758b1151b22daf,9e6fa7673158177680132ecea0f082692641fe9ea2022a72d997b0e672ea8cbb,-1,-0.5689887970359855,8
llama,US2016,48aac5b81c1fdab11620febb66d39ade9c5c9e82012aaff63094c6ccc176769e,9e6fa7673158177680132ecea0f082692641fe9ea2022a72d997b0e672ea8cbb,-1,-0.2157774123084653,8
llama,US2016,48b33190fe072fbd55a278d4955107ee47ba0c1d415b833539fefaf695aa2c2d,2e18746894cb4fd22d9b4a9b8fac7657746cb4caaeed9664755bb2bcdd9928d7,-1,0.4092679512511555,8
llama,US2016,4a4de718c05d4be69bd03191ee572e361a68b5240873f46bb1e6aa4345b9ac36,9cd84ca538622e6da5f761df165facc5ae650ab55992ca8c03db14d75af76e37,1,0.1458081778782653,8
llama,US2016,4a618f7208042b58c58d9c3867b0728928c031a7329d5a7da7fe15618572aa04,8c79f050e00774627ab41165a682ac9899f45c427bba52d6c12c14e28d105633,-1,-0.2204939617758433,8
llama,US2016,4b871197055e3e4a88487e8430629887376b9285443eb79620fdeaddf8d00ef4,098942031f0e6e406f1c567888dd76a60417438f0cdff2afd7cf145bd5659327,1,-0.4634099846406977,8
llama,US2016,4ca7a8308573afffd312d65d311bc305dc49b52a3468621341d061c699b7839e,2e18746894cb4fd22d9b4a9b8fac7657746cb4caaeed9664755bb2bcdd9928d7,-1,-0.0958154628622468,8
llama,US2016,4ed9c7466a9d244d0fe5506c95f94e478cb87e297ca92cb7d933517db6c5fddb,97c4d2927c7212ab7af045acf0bece8036a5340631506df5e06f2547a1eb725b,-1,-0.0556770311774671,8
llama,US2016,50a753d31fd00c0eb727d81835b6c148091df5910e862ffe41dd8f1bbeb76202,94d2429faba8a8ab8c5a080463a1e4b92709c627da7320e47dcd97668d6f08c4,1,-0.2452419633531669,8
llama,US2016,5237e4b90a90cf5cd14482317c667ac7997d5e4afe7354054dd6113fcc882109,1f83371ec4e5b3baf900c750d1ff682d95e2f39fdff73c7ebb1fa6d772bc8f22,1,-0.1436727529285329,8
llama,US2016,541915cb8b95b603dd35b35c81679f8d7b1ca1bdf7dc66967ebe120633faa711,7e7adbcd5d8bb01dc7448b4e78606bf06ce90bffd3bb83a7b0815790946f8e8d,-1,0.0684518456227448,8
llama,US2016,547336ef5d86f560e2a5f0bd1036af97ef596a62e7fe1cbe0c9fc17fe60510a9,5617487e960b014f0b7dbfed21cdc094b9f73041276ca160992fee0a69ec2793,1,0.3877122051921129,8
llama,US2016,555800b4522315b1394c8570bf0647247173833bec6075f875404b62e63f78ac,fb9e62e8eeb12e3dc0a0735249ee3115e848137577e3602e1e08853b4a28400b,-1,-0.3332517403315153,8
llama,US2016,55da98ca2cb16d440b1a4c2c078e3da87e7fadee2fdebfbc86ecd4198e8f238a,9864c58b16e0dde84b1f458660504ffe1e3aea5101eb38bbedf47c945fcfe305,-1,-0.1562150145964637,8
llama,US2016,55f77cf3242815fa97dd4e00f565b8889f38ac72927df6c28ee666500362b700,9cd84ca538622e6da5f761df165facc5ae650ab55992ca8c03db14d75af76e37,1,0.3779197980673569,8
llama,US2016,5631305b64f41381e05780ab028be70105ab390bbba1ede552caf1012f5e6c09,cafb639f3d026a8f08dd70d519e6dc000abe9483b8d4498913c6c1fc5de78352,-1,0.4745504818668879,8
llama,US2016,5670fe135df4308a07f4b01760e2c4c62f82064916da0569d03c58ff6845bbc2,de57def327414befc40b5546c49dc1b954eb0b30a96742dce36139184800ed08,1,-0.4511982413223626,8
llama,US2016,577804d5addc90c25d4a8d126d9b6dc784b9c256b5d4b8f7f433a26626000995,2265018ea51d5d75143cc6b76bf2821720788f6d9e40dd4b28a31733ea020735,1,0.5589105511594963,8
llama,US2016,57ffdd169320871a5b7707a42ed232a2b5a0a6ada062da397f406ad1535f2546,b1c2a5cebac49a7ce188f4ab44173b21731a2ba544bc31f32059d9e85c6470fd,-1,-0.5070563977977414,8
llama,US2016,580ba5814e9de527d3d263c924e7e0b1537ccbc10152c55d1f910cea2cb75140,5617487e960b014f0b7dbfed21cdc094b9f73041276ca160992fee0a69ec2793,1,0.5021181497641175,8
llama,US2016,5810626a1476f8ca006d357602eab1f271360a1091eb5451a214814979ea066b,aabc79cfb438282316a1babc0442b3d7893f763811878013e8cad1bc1d016673,1,0.9545079325316984,8
llama,US2016,583dd06a14353ea5a1a76cd6bc699b7033d6eacd3ff9fd1404228ae0173f85bf,a03d67f54aa63563abf4ea146ff7d24ed69b67fed978a253d56058984b352c06,-1,-0.4817950126212801,8
llama,US2016,58b40dd2d597232156b9d93d6f5193e2cedff18b4321757b1e0167efabcb2bb5,dff8667d896083855d7cd15dfeb49c76745fe83c7af99da5f4af584fbbb3ee08,1,-0.1527041359970678,8
llama,US2016,5a20ff1fed762fbae053ca2f5689afadcd5814952c2930f467a0b710c2e4caa7,0ce53b565db725c43fa01fbb4b1f3e322f797a4b0eb91e2ae64817a78057b0b4,1,0.0537719710952026,8
llama,US2016,5ab1c50045d48200e3c845cfa9e07790d0759110c688b2458045972ce5a85a1b,85961e001bda72c047588ea89c0e3720d38c3bd61947a6d373b944e8d2bcccfa,-1,0.0625664787911113,8
llama,US2016,5b3310d1205cd8743ecdba7b385157cb62d1c093ee7b1edd48cdf57f3c67e43c,180bd5850be20e0dd9228ab47d15ebf387cc0659c4ff18a3d52388f88ab01f70,-1,0.3930183614789319,8
llama,US2016,5c8cc9cbed92b59054200bbabfae42eb422727b10daabb090ac1f51148561300,de57def327414befc40b5546c49dc1b954eb0b30a96742dce36139184800ed08,1,0.2946519365817618,8
llama,US2016,5d53ed04d528f81fa4f4702c5f901c637401ead9aa1a14591532ea357770e466,828a6ba97c348450ad7392f49b392260677c5dc2751c3259872b0dd046ac3069,1,0.0888130213827059,8
llama,US2016,5d5737e54b6028d44d9625653c862f566c95c7c6f120358ff925992ebc0ab6bd,b77588e9ea37a4f5ab9b236b1a97a271222b1138095ce901132cee290ae868cd,1,0.7241831947211836,8
llama,US2016,5d5d579e86b0edc7251d7b3f1ea43edd72eb59350c6a5141d450ddd42aa2b3f4,9864c58b16e0dde84b1f458660504ffe1e3aea5101eb38bbedf47c945fcfe305,-1,-0.4877261591260714,8
llama,US2016,5dfea1e6eb6615c37d2fa1e0ac048f4382eaa313df4c0f9d2e0e170bd489d8b6,97c4d2927c7212ab7af045acf0bece8036a5340631506df5e06f2547a1eb725b,-1,-0.4443521430287593,8
llama,US2016,5e2f4fa255983aa5bcc906385d7ee59ad91c6759bc010be80b35acf2433ab325,e53b982fcc5dd131af3821bb7b7c04ba055ef214fb91cca2c8290bb3afd3545e,1,-0.2825467635482145,8
llama,US2016,5ec43b48fb35d7a3edacd651add8fc062e0d73e9d3907a476734b63f2b07bccb,0eeec1bb7c0247dd4a88098cda357d595aabc1e6c90fcaf0595be01c45efb42c,-1,0.2430161606439841,8
llama,US2016,5ee03eba9c29cfa16188903dd0e1d237afcabb9317fae7ab24de84168d7c988d,2386cafef5dd3a8ffa68bd12bbfca8593c1a6472a9e733bd9460b3358527e9b1,-1,-0.7602840651909133,8
llama,US2016,5fb5a564b15ac975ac4dd60e49faddafb9a78e09710b5125f998033609baa3c6,313b80f14b6bb6064d8ef4e5f51ad4166743cfe16baea6df7aa50df4207c748a,-1,-1.0056354522806743,8
llama,US2016,601049c1e077297a7d978c15dff05494f24a7df6065c2e220f6ceca9f21473ac,0ce53b565db725c43fa01fbb4b1f3e322f797a4b0eb91e2ae64817a78057b0b4,-1,-0.1267045681648687,8
llama,US2016,601b552d7c8dc492fe91194d4b5e0917bd42fc497e8eca5481d2cbde37c38d6f,85961e001bda72c047588ea89c0e3720d38c3bd61947a6d373b944e8d2bcccfa,-1,-0.8314314309920546,8
llama,US2016,62882a131c3df7394f2bea78a4e1314f688066a1f4b8d1ba7c4bd101a106e0e6,be62dad26ea87f0c20f5edbe69641c1221a31cab868e23e67243e10e13945280,1,-0.3009574316668094,8
llama,US2016,6291200e22045260d20cfbb4c37f168edacaba8eb281767491cbfc910512f96f,2e18746894cb4fd22d9b4a9b8fac7657746cb4caaeed9664755bb2bcdd9928d7,-1,0.0566717007176467,8
llama,US2016,62e1d4a2349a12fb5bada85c8dce802f20d8ae55446717b8110de9b0d726eb6f,9282d4d3f55fc486e648c6e3b616ed913f5ed5a71f36c6f9c0a772a1bd86139e,1,0.593117849033394,8
llama,US2016,63092c3bc4a679802d1eeaf2536125ff603f199f2b0ef2751e769569123cc3ac,e89abcf371903a5020f03f5db33ef0bd452eddc9a5202d45c053dac22d56b575,1,-0.3194139132716775,8
llama,US2016,63102264de9d8761b3388bca5c0e15fda21a7e9262cd1dcda4a925f384a6bb79,180bd5850be20e0dd9228ab47d15ebf387cc0659c4ff18a3d52388f88ab01f70,1,0.1022310279997919,8
llama,US2016,63d4d559ff6f915398f675a5a44040d916276c1a5096970beb3a286c757131fa,492f3062d340a6ee7880cce80e51bf8a26a7b3a549b10aa6a60c03f21133199f,1,0.0053040400420114,8
llama,US2016,6472a25d9f8534b0bb24f1b7af10b64542008a8e2aa6cddd76a93436f3a0333c,a617df4c9bb376e7b4b0bd604b5707fdcf6eae1e0667879c6fecbbb5dd35001b,-1,-0.034648472274969,8
llama,US2016,6547f6c4cc74d17016a06d24852b1c9d859e230cc0a0b0c6319604950b55bcfe,65cd5739fb5454d52edabb65d07cbd941472c0b0f17d8351dbbe117409db7cbf,-1,-0.0501904769490744,8
llama,US2016,67254652cd1b7bc7b7af6f5a7f12fb52adecc1e07ed4e3ce614d5ad81da1b17b,02732ed4ca5626832d598c29107e4827c631d993b1eb38d915cc090c9485e6ae,1,-0.5108502261789177,8
llama,US2016,6801456c2fc5fbc86e3a210da233da3f25793ad4ce41188a94c35c947a5c10c2,9e6fa7673158177680132ecea0f082692641fe9ea2022a72d997b0e672ea8cbb,1,0.3873654737332811,8
llama,US2016,689b0c50eb6ab6955b36e7a41c2282b06965a3b02e9d29464d0fdf49a38b53ea,40573b41f5270bb78f55de2a66ca43f44c7e9f051d685ea4f539c33cec387285,1,0.1801330913373083,8
llama,US2016,69bc230b5b980b041152c8c93214b37aaf16e5d71d57625ad3fb03bc4728c038,7e7adbcd5d8bb01dc7448b4e78606bf06ce90bffd3bb83a7b0815790946f8e8d,-1,-0.2420080393363335,8
llama,US2016,6cffa96d5c769963863fc94db02bf2fbae6da44ddf6d8452cbac1e60015a0bc5,e53b982fcc5dd131af3821bb7b7c04ba055ef214fb91cca2c8290bb3afd3545e,1,0.2488769977917701,8
llama,US2016,6d6949e0b70b65995cafc4cf7050d40451a349d65dd66bd7a1ef0891d16cd87f,0ce53b565db725c43fa01fbb4b1f3e322f797a4b0eb91e2ae64817a78057b0b4,1,0.6964397638900832,8
llama,US2016,6db9039c281f86508b3a08e70dcf4e0e79df98f4f95f10f41f49441554c981af,e3c01269c887e89b47513c28168dc7115fa8f0c50d19de71e4856e7c5b424e97,1,0.1606777621499748,8
llama,US2016,6e4edd2e712a8214698ad09e729ea224c60163850ffa4ebe6c5669ab0a052fe4,9864c58b16e0dde84b1f458660504ffe1e3aea5101eb38bbedf47c945fcfe305,1,-0.3857068578067065,8
llama,US2016,6ea341c454894d7b18cb4a05fe5a10044beede2337b68e5409dc6f4f6af2b144,e3c01269c887e89b47513c28168dc7115fa8f0c50d19de71e4856e7c5b424e97,-1,-0.4926669909297168,8
llama,US2016,6eff3ba8ee529fb67b4815c5f0177985a207d42b4e21b197daf3ad3e4144d8a1,faca65a3649acb9e0433361c04fc535ab61149f6d13b5952600cb2c740fe2572,-1,-0.4545414898446935,8
llama,US2016,6f23114c3fd0c487c13672a1269f1ae057b98345aef488877fed273f9df5f96a,df32b6182377a216e3bccff380fd75db450340f71d443758ac2bf0fe6f866b14,-1,-0.331599656581766,8
llama,US2016,6feb5a2f2fba7e60bdfce5e4c1e4456a1157637d79bd9efe1ab1d21182594aa3,e89abcf371903a5020f03f5db33ef0bd452eddc9a5202d45c053dac22d56b575,1,0.302017489522878,8
llama,US2016,6ff464efaef4e384c97965dc555878dbddfa7cc365d9ca38ee3ae6ef4d0bd927,9cd84ca538622e6da5f761df165facc5ae650ab55992ca8c03db14d75af76e37,-1,-0.4537515905010882,8
llama,US2016,70383a6389ac205ffcb779a1871227a9d61334cadf8784cb99fefac6949ecdd8,f4241006fb761d105e514556de9a1fd07c9eb291bcc9625ac06722fbe9fc7f22,-1,-0.4317627289276847,8
llama,US2016,7167f2a9c1e035da0cba31999bc7ef489638647de04b97367a6d9a28ab926642,2e18746894cb4fd22d9b4a9b8fac7657746cb4caaeed9664755bb2bcdd9928d7,1,-0.513797372530834,8
llama,US2016,73288fdef99682dda828694afae2e1cafb4fa0433e104d1664813d35e25e5d86,0ce53b565db725c43fa01fbb4b1f3e322f797a4b0eb91e2ae64817a78057b0b4,-1,0.2266963810522138,8
llama,US2016,734a39284ee39d002e1bce55bffc37100a9dc13bd5441c23c277d314e6cc2ac4,5617487e960b014f0b7dbfed21cdc094b9f73041276ca160992fee0a69ec2793,-1,0.121846046442315,8
llama,US2016,73d37ecb4fb66ce1a776295a730268cc3bdf8ffcd7ce98bf4c4ee6b25b188416,2e18746894cb4fd22d9b4a9b8fac7657746cb4caaeed9664755bb2bcdd9928d7,-1,-0.1997037239534187,8
llama,US2016,7455d5cb06a7cf7ee46a46e05ce21967d423781cd7f63e0d93ea68038bc526cd,6033f46be736f71e2d3dcefc1463eca6a3efebfdf96a555ae26f79d380ee6a9d,1,0.9206378984346116,8
llama,US2016,7471d9fac749bd4039573f2ffc22eb9551535b5e0bb06aca070b1c42f13952c6,97c4d2927c7212ab7af045acf0bece8036a5340631506df5e06f2547a1eb725b,1,-0.338325212671667,8
llama,US2016,750a0a80e922d76c52916b7d78c3a28616305dcb54e8dbbbac082df7ebd05a6a,5617487e960b014f0b7dbfed21cdc094b9f73041276ca160992fee0a69ec2793,1,0.5981374366939263,8
llama,US2016,7531d951436cfca66141c57406dd36b5f2ef8c1f1da084ed52220ddc0614838d,cafb639f3d026a8f08dd70d519e6dc000abe9483b8d4498913c6c1fc5de78352,-1,0.2163030415320926,8
llama,US2016,75a41fa399830bfd313e560f002ed0ab5e6b38acdec4bdd689a966e60c1962e4,9e6fa7673158177680132ecea0f082692641fe9ea2022a72d997b0e672ea8cbb,1,0.2077743597863788,8
llama,US2016,75c143496135351459c2bdad46067661211d9706ce940b1eea9b136ee4ec2e30,6d02059a8a175e3e117b20991ca71281d4b492ea1d247212a49dc1871b626fc0,-1,-0.2849710511549784,8
llama,US2016,76deab7b95da4d00b366774974bd1044a16f657d2bd1924f0f8de93c48cc24cb,9cd84ca538622e6da5f761df165facc5ae650ab55992ca8c03db14d75af76e37,1,0.5779578320606727,8
llama,US2016,773e525ab80522c555a3551b2521dc3bc450169f8586ecf7677c6ecb2bccfd63,df32b6182377a216e3bccff380fd75db450340f71d443758ac2bf0fe6f866b14,-1,-0.8100058670240963,8
llama,US2016,77ad947b87989aad4222d2fbb5b8608a7d870b68c2aa56509382934d057f8b3d,a8898beb107a4e43e6b96330acd22bf2759f13e5099b8fb7d969408b09a2ab71,1,0.2438875416900435,8
llama,US2016,785438492767014e9fa9fb0c4a12afb661316016ac0a5220524d3b57fbd067e8,dff8667d896083855d7cd15dfeb49c76745fe83c7af99da5f4af584fbbb3ee08,1,-0.2685628362405693,8
llama,US2016,794f3cfc66d55c1ce0f561887f6c669bd576674d1b1dd69f6452a28931239822,cf830fb50cdbd4b1389006b15ebf6dc74a4cef74751f8b49f5900f3a05eccfc5,1,0.5999821619814543,8
llama,US2016,7a5e73c99e8838312866b9b7509939e62e7c5156ed3f4988e666a0aa5f2a5460,3e617ad18d1163fa2b8b7a49bccd845d607632b7fc5dfb2c1b91f624af96d623,-1,-0.1028086098719506,8
llama,US2016,7a7a343bbb0ee71a80e5ca2ce8fb08384ec39a1b9108593849fd6be24cbe76d5,40573b41f5270bb78f55de2a66ca43f44c7e9f051d685ea4f539c33cec387285,-1,-0.6226348039073777,8
llama,US2016,7b35ef09bb43449d667ff20a66570712526edd1db4f28bc0aa1344dd75c299f9,e3c01269c887e89b47513c28168dc7115fa8f0c50d19de71e4856e7c5b424e97,1,0.7281737049864047,8
llama,US2016,7b97f361031fc0e4689f20d8642eac2f8e2a76c127bdf229260c382b5d16637d,1ce1612592ea0ccb5bd719f5b72b56bbb28ceecd3fe6d33fa226f16c357d631b,-1,-0.592530814697771,8
llama,US2016,7ccb512b670951e13bf5af743b2cdf23d134ab24722dbf656d1b0ab173c6313d,3387eb2642e6ab5305341d2e47427cc13c48c8c5118fd3df7c8535733f09bcb0,1,-0.0648093904831774,8
llama,US2016,7d248e22b89f7b93a684e9f2b67ed862c5eb15b835c360f0b4aab675b3f38268,aabc79cfb438282316a1babc0442b3d7893f763811878013e8cad1bc1d016673,1,0.8253109832488577,8
llama,US2016,7d6f70e7a3b309566c941705c3a2d25e2bb49008c62170d09b4b53940958bff8,a617df4c9bb376e7b4b0bd604b5707fdcf6eae1e0667879c6fecbbb5dd35001b,1,-0.0297593767957996,8
llama,US2016,7d91fb7b3cea93f3e187fe11f41a2955752489a8fa8544266b4794359fa2f81a,5aae21af111888044996332f4119ba0afeb1a0bc724d73e542c641d6cb4c8921,-1,-0.1620336676720268,8
llama,US2016,7daf9b6d9dd75b094a665319d0dea1aecc667b22ec101ffd75b0633530425429,ad8eeda8b45455d5baef64bba90970116d1fa18dac10f22f9deef5635758391f,-1,0.0722033775069631,8
llama,US2016,7dbfe36953f83879552c5579262b3a3b5b3326103a4943f6f3484dfce7f3e6b5,2265018ea51d5d75143cc6b76bf2821720788f6d9e40dd4b28a31733ea020735,-1,-0.5256593124744842,8
llama,US2016,7dfa08035f18890e5734ec683cb4b21faa30468c35eeb5e069886e48dd87ce38,40573b41f5270bb78f55de2a66ca43f44c7e9f051d685ea4f539c33cec387285,1,0.7532455694141409,8
llama,US2016,800bd964d35231ce021e44544f71171335cae20dd9e1b1dd92f6970dcc8f5cc6,2265018ea51d5d75143cc6b76bf2821720788f6d9e40dd4b28a31733ea020735,1,0.1119745646869282,8
llama,US2016,803fa76db2870eca323ab05ff374e92710ca9312444b814ed916635377dc8f63,bfaa0819446b74e85865671c16131cf17a9ac48953d382d2cfcf74de2ceb7d84,1,1.1157240186939614,8
llama,US2016,82563ebbcc76ca4d926eb234297c9c9d9c6112561a08f03caa9d66c138915f36,df32b6182377a216e3bccff380fd75db450340f71d443758ac2bf0fe6f866b14,-1,-0.8304224567467671,8
llama,US2016,84ae15f97dbee20d5a2b0a753e6d5a3995cdc8e54ac31bc82f8891db18c0ef23,9cd84ca538622e6da5f761df165facc5ae650ab55992ca8c03db14d75af76e37,-1,-0.3023708103190833,8
llama,US2016,851fdc84017dc271288fcf32497761fca0b59a0822a840768a703823dc78c32c,40573b41f5270bb78f55de2a66ca43f44c7e9f051d685ea4f539c33cec387285,-1,-0.2518862269855932,8
llama,US2016,85c1d981aa773275db42c986404a5946b34ec17fbb6a47bfb81f93eb4bcc849e,cafb639f3d026a8f08dd70d519e6dc000abe9483b8d4498913c6c1fc5de78352,-1,-0.0884788140767482,8
llama,US2016,8769cc569c2eb00ddba958373f589816152583f7312005dd8bd945624e548dad,7e7adbcd5d8bb01dc7448b4e78606bf06ce90bffd3bb83a7b0815790946f8e8d,1,-0.1806323029200347,8
llama,US2016,87b141e976264a765183687d12c7d38c044bfd5b687fccaf21924b8fad7217e7,e65b8dc6b8e49973e14fcd5c2a6a90cf9976a37d67f53e333620791d718be940,1,0.8130161667448215,8
llama,US2016,890bddf7f2f071aa0dcfb0e8e9a9a997c040ab2b08426f7b735f0b462fcf6f60,02d06282cac7912e866126c46cf81bbaf8a39b8f35b3938647fa089e65459d74,-1,-0.200649062095896,8
llama,US2016,89422a6a83000651513d483c059a27e7aeae628284bc72182e53e76ae79ee68e,9864c58b16e0dde84b1f458660504ffe1e3aea5101eb38bbedf47c945fcfe305,-1,-0.3524645730137725,8
llama,US2016,8989c99499561dbabec5792a86d776816551e4b0cf591d7e5cc5b33f0fd429a3,450d927946e72d76da4b90eecaad94096533cd79bfa97c0a8884187919cc991b,1,-0.0852187334738166,8
llama,US2016,8994402aba7def42213e3c56624d59b1d0a703cb73a5e1b964b925b630fbaf63,7e7adbcd5d8bb01dc7448b4e78606bf06ce90bffd3bb83a7b0815790946f8e8d,1,0.5531982810873353,8
llama,US2016,89fc052085932c7e64f4210da19617d016b148a420c7b4554f1d98fe087d7001,3387eb2642e6ab5305341d2e47427cc13c48c8c5118fd3df7c8535733f09bcb0,1,-0.1167996906483079,8
llama,US2016,8c3e93c9f28686e2491ed830362b54578dacf232e902278bf05f34d97e434dec,dff8667d896083855d7cd15dfeb49c76745fe83c7af99da5f4af584fbbb3ee08,1,-0.4902671461963275,8
llama,US2016,8c4c3741e469590ba3dfa2320e5e0a18126253fa89eb3fe4e8e8d3db73723e7f,9864c58b16e0dde84b1f458660504ffe1e3aea5101eb38bbedf47c945fcfe305,-1,-0.2783954523581156,8
llama,US2016,8c5901b52f5e6264787b6708a4f13e47dc24132e13fa31d4f1979419c870c6d0,0ce53b565db725c43fa01fbb4b1f3e322f797a4b0eb91e2ae64817a78057b0b4,-1,-0.2682680262924066,8
llama,US2016,8d883ca3e7af000f6c21fcd0466159a1fbc72be713cc19d2eab4a5c9fc8ee235,9cd84ca538622e6da5f761df165facc5ae650ab55992ca8c03db14d75af76e37,1,-0.0174850192158179,8
llama,US2016,8da34b0e623339195903cf3731666d4e628a67878492b84cbb6818f9097dbc19,1ce1612592ea0ccb5bd719f5b72b56bbb28ceecd3fe6d33fa226f16c357d631b,-1,-0.9635987829594116,8
llama,US2016,8e35e50c77aeafa97dec389c89d2709f57223cd1d10accf337e3dfb71da1d942,6d02059a8a175e3e117b20991ca71281d4b492ea1d247212a49dc1871b626fc0,-1,-0.106258752133679,8
llama,US2016,8ece402954cb5b270280c211aef02cde7be8a400bf7b4373d61c445b01d729d8,a8898beb107a4e43e6b96330acd22bf2759f13e5099b8fb7d969408b09a2ab71,1,-0.1827412912719835,8
llama,US2016,8f2220ab33c65f9b348dcb9cb1889c790f6a329e457e92b6b3e7909eb6099e95,dbdebf5af92275b76584d5e0ffc1c4cb6be6d02afa29c6f5f7c8875e7199bdb3,1,0.8263056151822704,8
llama,US2016,8f492cb008d60fa205e5696310ce961e6e6a329cdf0498c47f994045d1d35e1c,0ce53b565db725c43fa01fbb4b1f3e322f797a4b0eb91e2ae64817a78057b0b4,-1,-0.7204999269014312,8
llama,US2016,90bea3bf1a171af3f2cde55303874a8e5480eed5ecf87db0d517fb3d84b74b1b,40573b41f5270bb78f55de2a66ca43f44c7e9f051d685ea4f539c33cec387285,1,0.387321749856729,8
llama,US2016,90f5b7d44adbfceeed77def501396c9b0e7138a534e39ed14edc6a76cc766ff8,180bd5850be20e0dd9228ab47d15ebf387cc0659c4ff18a3d52388f88ab01f70,-1,-0.606323996955179,8
llama,US2016,917bb59ecbee954353b37b6dce1621bfef6fcb9475206adb5cb783c08856d8c8,9864c58b16e0dde84b1f458660504ffe1e3aea5101eb38bbedf47c945fcfe305,-1,-0.3866638962928382,8
llama,US2016,925400937d91963da6c7037b17a03525319159c0411f2925d713fa124927224b,5aec976d491465afd9b1d87c2ea34cb65927964ef8a70da34cad44761e1a3e2e,-1,-0.0341546869317479,8
llama,US2016,925c1afce8cbc13f82b3134dd56c3c6dbff9eab2d42a998c3c8aa810bff17820,9e6fa7673158177680132ecea0f082692641fe9ea2022a72d997b0e672ea8cbb,1,-0.0168674678251678,8
llama,US2016,925ecae8183e13d2fea2c58bcd28ab7af5156653c51a06785f16889ddd3b0359,78790ce59aeac5f9adcb052dbbf79e753ef47216c849ae140ba7048a081002e9,-1,-0.7967375769591714,8
llama,US2016,9390c7d2141a656f21d39dbb0d0eed7356a5acc7b7ea6c50ee66906a44e235c3,97c4d2927c7212ab7af045acf0bece8036a5340631506df5e06f2547a1eb725b,1,-0.1729101376377902,8
llama,US2016,942092146fed3c2d47055a214f886576a07902bc8220d87e5c21130132648d2b,5617487e960b014f0b7dbfed21cdc094b9f73041276ca160992fee0a69ec2793,1,-0.3548114586391504,8
llama,US2016,946af9939c1154e80bdabd3f43e4d294845079e235b5f405a52c3fd7b66785f9,94d2429faba8a8ab8c5a080463a1e4b92709c627da7320e47dcd97668d6f08c4,-1,-0.8552467099687004,8
llama,US2016,9810600e4dab8ff5575935bd9ee2c5d074ca0c7486cc921c3f466ebad44fb69f,5617487e960b014f0b7dbfed21cdc094b9f73041276ca160992fee0a69ec2793,1,0.1761849038263756,8
llama,US2016,98304545560f6a4a47fc640c8d42ffd0b07970b2c0e3f62631b4349e1cb331e4,2e18746894cb4fd22d9b4a9b8fac7657746cb4caaeed9664755bb2bcdd9928d7,-1,-0.3087806827596498,8
llama,US2016,98740fbca9b84d4a0adbc092e53caaa062b58ce43760231936927c1ce7e814d3,2e18746894cb4fd22d9b4a9b8fac7657746cb4caaeed9664755bb2bcdd9928d7,-1,-0.2848667265377766,8
llama,US2016,99e3d90f05f09d7a215c8281943e1c3feb99ff5846e3437e985e6deb827e3fff,cf830fb50cdbd4b1389006b15ebf6dc74a4cef74751f8b49f5900f3a05eccfc5,1,0.4825055526620698,8
llama,US2016,9aa447bcc0c96bdad87800a7ba8b5b63b995c448669c47aa618d8f05071353e1,9e6fa7673158177680132ecea0f082692641fe9ea2022a72d997b0e672ea8cbb,1,-0.1280387635366434,8
llama,US2016,9afb9eb5150e46ad34b71694b683c59cb41d7a8683df1770f56cd601b9c46524,7e7adbcd5d8bb01dc7448b4e78606bf06ce90bffd3bb83a7b0815790946f8e8d,-1,-0.4437970616999336,8
llama,US2016,9bc2a96b39fcc9ba2caa5df0e8924b9a08ed5379c04c9ff80119a8ee294981f1,5834738f605e9e970628e74b60dfc25cdca2d5a501e4305c57996d1a5809c3b1,-1,-1.0685110461819587,8
llama,US2016,9c7ae1720ad9d52417fbdb5d0dd1a78651a9fb0e5d89de7ce55e88e4ad4a2350,e53b982fcc5dd131af3821bb7b7c04ba055ef214fb91cca2c8290bb3afd3545e,-1,-0.276551827443663,8
llama,US2016,9cc5c6554e7893ae95a7440e11fc28f61441c469103f4ae60f02470d8fc21e6c,dff8667d896083855d7cd15dfeb49c76745fe83c7af99da5f4af584fbbb3ee08,1,-0.4062023012687674,8
llama,US2016,9d1af0af5cd2994002b30fe5ef2eae73575629b2a377cd5e45468e8097eef36c,02732ed4ca5626832d598c29107e4827c631d993b1eb38d915cc090c9485e6ae,-1,-0.2795708468167096,8
llama,US2016,9f4e834d8f2c9a1958cf728d0b8120b40e45192158eae37dacbcbe65002cc492,9e6fa7673158177680132ecea0f082692641fe9ea2022a72d997b0e672ea8cbb,1,-0.3686575532210521,8
llama,US2016,9f9aa787275852bd76132460c238c3563d5eb591228b568ed8bd44708835d530,2265018ea51d5d75143cc6b76bf2821720788f6d9e40dd4b28a31733ea020735,1,0.4251083081327765,8
llama,US2016,a0113f7d9513cb1dc59c00e574478976cc27097603628d298e4525ee7b7d74e3,40573b41f5270bb78f55de2a66ca43f44c7e9f051d685ea4f539c33cec387285,1,0.1305463835934428,8
llama,US2016,a081e4e2eed104de4dfd6d4efb3cc61c6c3cb3a3c109ae1c6d6d438c1389bd21,40573b41f5270bb78f55de2a66ca43f44c7e9f051d685ea4f539c33cec387285,1,0.5145168215314112,8
llama,US2016,a23a17ae834fc2170e95adaadb72ccd77979e3992a1d3238a95f7838ac1b6784,497c1ce037a8c038805ab0afa9ada2ee04f0f6c40d9cd2c60bdff0c3bd7fa852,1,0.4886716171444164,8
llama,US2016,a2f6925c4c4f50b939c3359100b8700eb8069bac9c97c75aa8d1fad515ff8119,02d06282cac7912e866126c46cf81bbaf8a39b8f35b3938647fa089e65459d74,1,-0.5441594864473988,8
llama,US2016,a371976fae067fcf86f6526adb77939b9f40366512901e77a77bc894540124b7,bfaa0819446b74e85865671c16131cf17a9ac48953d382d2cfcf74de2ceb7d84,1,0.960158667578744,8
llama,US2016,a3c2ef763513f4f7c4ae7591566ecc63889ca9a7494bce440e02ea2467ac6a18,1ce1612592ea0ccb5bd719f5b72b56bbb28ceecd3fe6d33fa226f16c357d631b,-1,-0.5761607611408278,8
llama,US2016,a48dc8e6293472565f36b75826d64af643dc825dfb168049e28855f79508a1bd,6033f46be736f71e2d3dcefc1463eca6a3efebfdf96a555ae26f79d380ee6a9d,1,-0.3537754331145874,8
llama,US2016,a48ea1076163660b09adfedced1e5e7e166253bb59dec30259db8096d3c52f23,5834738f605e9e970628e74b60dfc25cdca2d5a501e4305c57996d1a5809c3b1,1,0.7473502053042562,8
llama,US2016,a4aa1263150890a40a84d631c7e4a71ff7c67e9f557fcd2e72e1416ebbee76e4,2e18746894cb4fd22d9b4a9b8fac7657746cb4caaeed9664755bb2bcdd9928d7,-1,0.1636654800539805,8
llama,US2016,a5006c3f35a6ed41b60d20b1f7d4fccc4d342348191849bb8c7c55907cc62699,02d06282cac7912e866126c46cf81bbaf8a39b8f35b3938647fa089e65459d74,-1,-0.1124344520901151,8
llama,US2016,a519c0199b8872cd21832b1d7a27cc8f21d71a2e7e1032ff663873a05b72b9f9,497c1ce037a8c038805ab0afa9ada2ee04f0f6c40d9cd2c60bdff0c3bd7fa852,-1,0.0231792708269676,8
llama,US2016,a5a1f08d994d5ada1d1137ae5f7a86839d77a60524d93a1a0086e53f2837008b,0eeec1bb7c0247dd4a88098cda357d595aabc1e6c90fcaf0595be01c45efb42c,-1,0.2744035083873779,8
llama,US2016,a5c179c2c8dea3b4728370f54307a2e35c49af3863da5944ae8032b0d2b2066e,9864c58b16e0dde84b1f458660504ffe1e3aea5101eb38bbedf47c945fcfe305,-1,-0.2320294295394593,8
llama,US2016,a5c80155f0fcfcfab28c79df47f6e60cfab4e5177ccd8b6f97c28d7a25e2314a,180bd5850be20e0dd9228ab47d15ebf387cc0659c4ff18a3d52388f88ab01f70,-1,-0.4482399323510199,8
llama,US2016,a65a0482a1f533f19b7d0a4cb20efc4bc04c480bdff84c5fa8ea04aef01cdf47,d74bc5eb6c81c54d2a062c22995bc34c9dfb01366ac5196fdbc73afebbdf7ef8,1,0.8037221544473113,8
llama,US2016,a73fdbeb445def68ceb05076b3ab519f1bdf3358b207acd6d2e49855f2ed4f56,c9f233bbc2af25c3ef850e6f62749612487c31a947035f61c98e1bcf48498841,1,-0.2354438305499343,8
llama,US2016,a7c13fa1e983e28edc2d4afee29590e5044d431cefc87c41af69c8b652a7cd0c,ad8eeda8b45455d5baef64bba90970116d1fa18dac10f22f9deef5635758391f,-1,-0.0580150653474645,8
llama,US2016,a822f44f4c15941301339f6fbfcf227733dfd879cbd80b37c5457e9a70f5b6eb,40573b41f5270bb78f55de2a66ca43f44c7e9f051d685ea4f539c33cec387285,1,0.0803215723791897,8
llama,US2016,a88a01ad4f058cc882f90e3e8e93b1e27e553f3a702800e2cd023803ad9a1b2f,fb9e62e8eeb12e3dc0a0735249ee3115e848137577e3602e1e08853b4a28400b,1,-1.0692002404478915,8
llama,US2016,a92e6592e22536bfb75abbf9832f98051b9b8ecad945155fa8f119a450fe04a2,9cd84ca538622e6da5f761df165facc5ae650ab55992ca8c03db14d75af76e37,1,-0.1559338676375698,8
llama,US2016,a9bfd357473f6a3041587e5a44cdb292c9f1b9fd5241eaa7a87a2da6cd16374a,85961e001bda72c047588ea89c0e3720d38c3bd61947a6d373b944e8d2bcccfa,1,0.2263257093702206,8
llama,US2016,aad76d4ef41d66bd7c71a474589c7987fd50402db819d35240349ae697d814ea,6ca845035227eddea19ec1990a51d2b49bfe45103397bcead77b937a6edaf4e5,1,0.3631056020332258,8
llama,US2016,ab12620bf17532c2bfd539f7fc46dba75081befd0825a266bdb95ec5eea8dc68,02d06282cac7912e866126c46cf81bbaf8a39b8f35b3938647fa089e65459d74,-1,0.1450873653719905,8
llama,US2016,ac432a62f08da95e6272c2124b1fcf767650c06c673f2819e6a6e2de54e67ed0,faca65a3649acb9e0433361c04fc535ab61149f6d13b5952600cb2c740fe2572,-1,-0.0622425557366561,8
llama,US2016,ac8474a4a57278c9aa262412f09eb2cff02145286235b93da744fbce3336eece,5617487e960b014f0b7dbfed21cdc094b9f73041276ca160992fee0a69ec2793,-1,-0.2203570393367566,8
llama,US2016,acff233fe018d7e63ef0a954a721dd1070fe47c325fc29da4149714c87544cdb,9cd84ca538622e6da5f761df165facc5ae650ab55992ca8c03db14d75af76e37,-1,0.4773081834566457,8
llama,US2016,ad0d20b50f6d069028b8d09292be4c47abbe6dcee97919e665d023d017a81098,9cd84ca538622e6da5f761df165facc5ae650ab55992ca8c03db14d75af76e37,-1,-0.0239874806066517,8
llama,US2016,ad12cbb48aa087de7cab0e382a5bda4204d76cea730b764b8a2bdfddee3f9741,9e6fa7673158177680132ecea0f082692641fe9ea2022a72d997b0e672ea8cbb,1,0.0860158041136184,8
llama,US2016,ae76e39686f14048414fcb895d35cddf82c3337b976814fa5b50aa897ebfbfd6,d74bc5eb6c81c54d2a062c22995bc34c9dfb01366ac5196fdbc73afebbdf7ef8,1,0.5712664357581203,8
llama,US2016,af04baec2a2a2d369306e49392c8f16b6654a5cec574e927e0359f86f2446473,e53b982fcc5dd131af3821bb7b7c04ba055ef214fb91cca2c8290bb3afd3545e,-1,-0.2926178004720174,8
llama,US2016,af4a666e4d62f0d39ff292d7b643847306e0f66da0800b5a14351a9e11555d39,e89abcf371903a5020f03f5db33ef0bd452eddc9a5202d45c053dac22d56b575,-1,-0.1395567851719194,8
llama,US2016,af6fb543e8be4c86da8575428123e7896198a76290a8ba4f892221c2b9857b72,02d06282cac7912e866126c46cf81bbaf8a39b8f35b3938647fa089e65459d74,-1,-0.1698921442191034,8
llama,US2016,afcccdc78c9f9d031c510fb04d5a685f55c99cee2f271d7b6059b4cc326dfede,5834738f605e9e970628e74b60dfc25cdca2d5a501e4305c57996d1a5809c3b1,-1,0.5466251875091342,8
llama,US2016,afe045ee288ab4bbd8095545491b940c57848016c1dc7ecb0a9b7db1719f6246,02d06282cac7912e866126c46cf81bbaf8a39b8f35b3938647fa089e65459d74,1,-0.2025996071291719,8
llama,US2016,b067858ff82ff844e0bdbae86b7910dc07f68fe72bef6a4ee0d2c774eaf18e05,e3c01269c887e89b47513c28168dc7115fa8f0c50d19de71e4856e7c5b424e97,1,-0.4525867283176062,8
llama,US2016,b25d8ef1362e7057c6dd88c8c71e51c37612cbe0e956fb01970aa2eb2855d654,e3c01269c887e89b47513c28168dc7115fa8f0c50d19de71e4856e7c5b424e97,-1,-0.548768464311845,8
llama,US2016,b3abb1c8053c470151d3c3a36ee4c91824eb05d6c6b7f4005810e2fb38656091,d74bc5eb6c81c54d2a062c22995bc34c9dfb01366ac5196fdbc73afebbdf7ef8,1,0.161368233971751,8
llama,US2016,b4505c8cb0fd818eb74d2a0054013a0891575918bbe6349d6dfaae009bdad050,d74bc5eb6c81c54d2a062c22995bc34c9dfb01366ac5196fdbc73afebbdf7ef8,1,-0.2002483434378785,8
llama,US2016,b553ffc44bd22b49682f6ac26270e9e473e862c91f62799bd64e44c9445c2835,2386cafef5dd3a8ffa68bd12bbfca8593c1a6472a9e733bd9460b3358527e9b1,1,0.1485821465823193,8
llama,US2016,b62addc2dd7272a0ef5cbb2c115be57ade829e9cb05a7f8bc31469c91e535851,2265018ea51d5d75143cc6b76bf2821720788f6d9e40dd4b28a31733ea020735,1,0.0132725900095626,8
llama,US2016,b7a659290a2019f8b46eec101c22b54c6c49c335e0fa8c76733acd0bf7bcae78,bfaa0819446b74e85865671c16131cf17a9ac48953d382d2cfcf74de2ceb7d84,1,-0.5654322584586804,8
llama,US2016,b8da21f647d10fa8c7ea76a476df39f419d2308103e2c3afb8bdeaf7d8c12674,e3c01269c887e89b47513c28168dc7115fa8f0c50d19de71e4856e7c5b424e97,1,0.674568113095538,8
llama,US2016,ba7c52ecfd8eb0b007a1a7462dfe0b22699997d61d2f1fd1cd0b69eb95205c8a,49d5fb4cfe8352e402a6a2d4516c8b2a29b32d8f33f23c094eefaa1332d109b7,1,0.2529744239552586,8
llama,US2016,bb9b1d9c0e6fe467353473cf0f18ab43ebc399e27d52c8be8e4ebc7291cd7e4e,65cd5739fb5454d52edabb65d07cbd941472c0b0f17d8351dbbe117409db7cbf,-1,-1.0647305884926404,8
llama,US2016,bbc329b981a7ae16b6f4093dbacbea021f46c652032c300da4000fff9e587802,892435c916fb280bd33258fa9137d106c1769a9b16b700ad714477923c1b920f,-1,0.3004499137644638,8
llama,US2016,bc38d5599f7bb9bc6e9c157fc41eee1afe87f69bf7b4a17354af0c1a9db47b2a,9864c58b16e0dde84b1f458660504ffe1e3aea5101eb38bbedf47c945fcfe305,-1,0.0742962514371455,8
llama,US2016,bd17f7d8c420806919866b02da1340c81de4cf4746d1b7a378dacd2e383298f7,9e6fa7673158177680132ecea0f082692641fe9ea2022a72d997b0e672ea8cbb,-1,0.1684532906972244,8
llama,US2016,bd778f5742203780e5cb86fb0bf8af6dd08064cf7bd4992bbd6ec51dcf5fb31b,e3c01269c887e89b47513c28168dc7115fa8f0c50d19de71e4856e7c5b424e97,1,-0.260331158836895,8
llama,US2016,be53a8ec092127f90d60b9106903191734110c10f76885a37afb4b1e90d13ef1,e89abcf371903a5020f03f5db33ef0bd452eddc9a5202d45c053dac22d56b575,-1,0.0459764249049563,8
llama,US2016,bed36ad41d5216220140c8a94abc4f9bb474525cd0adfd360bb7a2226f9f9375,78790ce59aeac5f9adcb052dbbf79e753ef47216c849ae140ba7048a081002e9,1,0.3119412987313659,8
llama,US2016,bedddd5b077697b8f33a312a7afef63b578b07474fc0b494c6ec26742d3e9cdf,2e18746894cb4fd22d9b4a9b8fac7657746cb4caaeed9664755bb2bcdd9928d7,-1,0.8084097486832653,8
llama,US2016,bf60e26598aaf4cfa71b43c75af36205ecb72c1e9c8fe3c800d13f8c8b18c59a,6033f46be736f71e2d3dcefc1463eca6a3efebfdf96a555ae26f79d380ee6a9d,1,-0.0410980707571013,8
llama,US2016,bf82ad905f532a4df4e39bb26733751cfa66c638c4758c00bc2c0f2b1925358e,1f83371ec4e5b3baf900c750d1ff682d95e2f39fdff73c7ebb1fa6d772bc8f22,-1,-0.3332290346259772,8
llama,US2016,c0633e0558e32d59e499adc86e2fc62cdbc5ad5bfccab9f60683f6cddc0f5ae5,40573b41f5270bb78f55de2a66ca43f44c7e9f051d685ea4f539c33cec387285,1,0.0568966081329658,8
llama,US2016,c07e684d54535bfd7cc88a94fa589fa3c43e26bf0433063fc30e08eda38be51e,9cd84ca538622e6da5f761df165facc5ae650ab55992ca8c03db14d75af76e37,1,1.0450277498876797,8
llama,US2016,c092faf60d501a708b140f37d0acc4090b3bc59acf63d1c210b5fde1588554f9,e3c01269c887e89b47513c28168dc7115fa8f0c50d19de71e4856e7c5b424e97,1,0.2193166310434755,8
llama,US2016,c130a6681b488a64916e02946651b0459e594f2f6039f480684cf7c16d14cb2c,9864c58b16e0dde84b1f458660504ffe1e3aea5101eb38bbedf47c945fcfe305,1,0.4761475251450439,8
llama,US2016,c2953fbcc3a62b9307c3d28a0277808d2a4ec41665e54484293a45f6b15d2305,313b80f14b6bb6064d8ef4e5f51ad4166743cfe16baea6df7aa50df4207c748a,1,-0.18780035984993,8
llama,US2016,c350fe4b2bb9da171f306e8f34c7ec7c442a393f563fc1d2b229d52c9c1c0947,02d06282cac7912e866126c46cf81bbaf8a39b8f35b3938647fa089e65459d74,-1,-0.1510545026440546,8
llama,US2016,c38d4cb748abd48156d32b68a65f164bc0e541acb592392c57f57df34ad7347c,2386cafef5dd3a8ffa68bd12bbfca8593c1a6472a9e733bd9460b3358527e9b1,1,0.2718999045060675,8
llama,US2016,c3b4f7872527eb5dcc36865be24cfdca484e5d8849beb41be6e0b57dade0793e,5834738f605e9e970628e74b60dfc25cdca2d5a501e4305c57996d1a5809c3b1,-1,-0.0917182001060602,8
llama,US2016,c3ee2078f5ea2d97f8f7e2831e13db58c66b8cb4ab5e2570b9c5e6a526f5cd22,02d06282cac7912e866126c46cf81bbaf8a39b8f35b3938647fa089e65459d74,-1,-0.292361683515682,8
llama,US2016,c3fa36a72ca307f6ec4d1edb9bf23688a9c4b85d8e4348b9faac9e773e288292,9e6fa7673158177680132ecea0f082692641fe9ea2022a72d997b0e672ea8cbb,1,-0.1067033692504667,8
llama,US2016,c3fafebc208eaa6bcdc30039279dbe841d57ced522de7233384769235f032fa8,97c4d2927c7212ab7af045acf0bece8036a5340631506df5e06f2547a1eb725b,1,-0.6012647575826189,8
llama,US2016,c404daf942311508cdfd2438eac22aa6cf4c17daf8939b5fd8c888e154d843e6,2386cafef5dd3a8ffa68bd12bbfca8593c1a6472a9e733bd9460b3358527e9b1,-1,-0.1807433838052957,8
llama,US2016,c40c57491e6d7a4b68c868d6002a77fa2895bf18dd3a8e3b45086ea48af41fe9,5617487e960b014f0b7dbfed21cdc094b9f73041276ca160992fee0a69ec2793,-1,0.1436355126041146,8
llama,US2016,c451ac631cd1c8a4a76ec2c92bd7d18f77dfbf99866a37dc079c2e1ae7692ba4,9282d4d3f55fc486e648c6e3b616ed913f5ed5a71f36c6f9c0a772a1bd86139e,1,-0.0372305963355356,8
llama,US2016,c4bf5eadbb860cf3290317f01d0051ff985ec5db4ec5630e6dade0b1bffeb22e,9cd84ca538622e6da5f761df165facc5ae650ab55992ca8c03db14d75af76e37,1,0.1946348947260493,8
llama,US2016,c53e03968f38dca2073b421607dd5e9a8f774898e2ed6b2c318a81248b3fc15b,02732ed4ca5626832d598c29107e4827c631d993b1eb38d915cc090c9485e6ae,-1,-0.5903026257736087,8
llama,US2016,c62b9daf512ff062d7877c7b17a110612aef8a977ce0624ecd2dd809b6f351d9,2e18746894cb4fd22d9b4a9b8fac7657746cb4caaeed9664755bb2bcdd9928d7,-1,0.616895299198825,8
llama,US2016,c6527438bf4571348a72b9ee9882d5350eea849dd014ed44ec56106bdcbfe7cc,02732ed4ca5626832d598c29107e4827c631d993b1eb38d915cc090c9485e6ae,1,0.332069248781656,8
llama,US2016,c6b750a233094a95621430936041984faaecb213c2983342609924fd3decff5d,0ce53b565db725c43fa01fbb4b1f3e322f797a4b0eb91e2ae64817a78057b0b4,1,-0.1966469603931371,8
llama,US2016,c7786ad20df666f811f5c9342a270e4572771374595226cc7fcec19a9cea4fc3,f4241006fb761d105e514556de9a1fd07c9eb291bcc9625ac06722fbe9fc7f22,-1,-0.0449529397829645,8
llama,US2016,c78c2399e5bd15a9e8275889295e3b58185539e0ca45a3e132267c7797779484,02d06282cac7912e866126c46cf81bbaf8a39b8f35b3938647fa089e65459d74,-1,-0.2378019052315385,8
llama,US2016,c7f7c634434aa2ff8c7bf6658946318223ad7e7505e4dbb60d03536185ea271b,0ce53b565db725c43fa01fbb4b1f3e322f797a4b0eb91e2ae64817a78057b0b4,-1,0.096568030602655,8
llama,US2016,c7fa470118eb1a10de96d36c39998ebc699fa8b663288c5666074cc19fe62537,1ce1612592ea0ccb5bd719f5b72b56bbb28ceecd3fe6d33fa226f16c357d631b,1,-0.3473718900737244,8
llama,US2016,c8b8c0b5248331cb38efe8ccd89f485e11a3abaa5dad0a312331ce4628e7e50b,5617487e960b014f0b7dbfed21cdc094b9f73041276ca160992fee0a69ec2793,-1,0.0168096256212579,8
llama,US2016,c8f7864617302b96649ebf926ba4009c355a824d89d914767f911acb8ab7aa61,e53b982fcc5dd131af3821bb7b7c04ba055ef214fb91cca2c8290bb3afd3545e,1,-0.1703781502157654,8
llama,US2016,ca818a69d8fdab8049bfce1b43ed4289ccf2d8c6d1624cf3365f9c95b573136d,9864c58b16e0dde84b1f458660504ffe1e3aea5101eb38bbedf47c945fcfe305,1,0.5927864821014139,8
llama,US2016,ca9cdb7b0e3ca4913538023c7dd845d98f79c236ed9b5ecde9f1a9e36f60b708,dff8667d896083855d7cd15dfeb49c76745fe83c7af99da5f4af584fbbb3ee08,1,0.7677168624158245,8
llama,US2016,cacecaefaa7013e80607331d133e79870c3f1eb50167ce46f10289ff2062b831,e53b982fcc5dd131af3821bb7b7c04ba055ef214fb91cca2c8290bb3afd3545e,1,-0.3270941893034889,8
llama,US2016,cae38fd9c71974e48e20acf10b2f1ff644f698394f25e1a9f7ae14c036945e7c,bfaa0819446b74e85865671c16131cf17a9ac48953d382d2cfcf74de2ceb7d84,1,0.3047743547104234,8
llama,US2016,cae8817b501ca8ea2be00fbb5a656588ed4fbdfd0896b96fd21c443304c0d693,40573b41f5270bb78f55de2a66ca43f44c7e9f051d685ea4f539c33cec387285,1,0.007550896811527,8
llama,US2016,cc6be4eb58362e3207851e282a9772fab9859ab466fb57025dc8bc59b7620b4e,9864c58b16e0dde84b1f458660504ffe1e3aea5101eb38bbedf47c945fcfe305,-1,0.4349133813590476,8
llama,US2016,cdc2826c0f9c078d5f1611d44cbff7f199a26e4240b3b7398a2e1c08431c7370,85961e001bda72c047588ea89c0e3720d38c3bd61947a6d373b944e8d2bcccfa,1,0.013855549432458,8
llama,US2016,cef15aa23c61050962b77f48d9d1f2312f1e8640cc35550a49ad4759a8b01243,2386cafef5dd3a8ffa68bd12bbfca8593c1a6472a9e733bd9460b3358527e9b1,-1,-0.8485199973188862,8
llama,US2016,d1430d9e9c1c4cc18c6f04acb784594f3c7afe1ebf5c29544db2047e7e24fc2b,97c4d2927c7212ab7af045acf0bece8036a5340631506df5e06f2547a1eb725b,-1,-0.1464687568630967,8
llama,US2016,d220de04588cba73113ff7a73ce47a71114a9a346d93fafa025c7c61e9fdce07,892435c916fb280bd33258fa9137d106c1769a9b16b700ad714477923c1b920f,-1,-0.1278782875147813,8
llama,US2016,d3d31a5c1c915c9810a005f7f4925e4c63902beb984e14afecf857763199dbfb,2265018ea51d5d75143cc6b76bf2821720788f6d9e40dd4b28a31733ea020735,1,-0.4359684654848955,8
llama,US2016,d668ba3331c1ba6c56dcd400f422bfa0388cd62d9104c946fa8170be20e38b2e,2a1b3fe4d0a89fa71b1186b94407e256ef5e606e25bb82015d1068cc61f85831,-1,0.0230978290754074,8
llama,US2016,d6c3a895b66379dcbdc3d0bdd7283308adefbcaf153ecea36cadc736c0a14a06,de57def327414befc40b5546c49dc1b954eb0b30a96742dce36139184800ed08,-1,-0.6756301859428702,8
llama,US2016,d6d4e4b307d2925c2895a30a78dc0bf4f77632dca12819ca87c0113101d4cfa7,e3c01269c887e89b47513c28168dc7115fa8f0c50d19de71e4856e7c5b424e97,1,0.287112331940454,8
llama,US2016,d889c875a41f23de96a2abbb7b018a9b0b027f5e0355940be52921f70bf30c9b,78790ce59aeac5f9adcb052dbbf79e753ef47216c849ae140ba7048a081002e9,-1,-0.4106700073274861,8
llama,US2016,d8fe95799d00df75b6590083ec2602dade9adbcf21b97d34d9c0768518f9f4fa,e53b982fcc5dd131af3821bb7b7c04ba055ef214fb91cca2c8290bb3afd3545e,1,0.8573723043065287,8
llama,US2016,da286766473c5ff43290f868e0489b6a2ca2007ec384afddbc92e48df01060f3,40573b41f5270bb78f55de2a66ca43f44c7e9f051d685ea4f539c33cec387285,-1,-0.0829842902016089,8
llama,US2016,de32da66ea94ee994132a5759e7a30eef7866600d41a7ae999e775632f79012d,a617df4c9bb376e7b4b0bd604b5707fdcf6eae1e0667879c6fecbbb5dd35001b,1,0.5687493695896972,8
llama,US2016,de73cfcec0a597e4c51f991956f7e67f9262b691555906cf6c733515325e9dbc,e65b8dc6b8e49973e14fcd5c2a6a90cf9976a37d67f53e333620791d718be940,1,0.108590533700218,8
llama,US2016,de9da602ba892c1492cecee168d3683f96f7e1adbc747308802c2eb5520e8ad1,9e6fa7673158177680132ecea0f082692641fe9ea2022a72d997b0e672ea8cbb,1,0.0884389660761506,8
llama,US2016,e103786052fe542c3c17309d1180d73ae49ea64353d7a373835963e72d98d3ed,02d06282cac7912e866126c46cf81bbaf8a39b8f35b3938647fa089e65459d74,-1,-0.3555166919254388,8
llama,US2016,e2ca14eafaac268f27715cb22c56f1cde6f3aa6d50469e8ae3bc8f021e5aa923,9e6fa7673158177680132ecea0f082692641fe9ea2022a72d997b0e672ea8cbb,-1,0.1386366613357317,8
llama,US2016,e33ed0837c7e71f5e238a45e8335a081ce8db13a0998e2275c0e240da8088367,9e6fa7673158177680132ecea0f082692641fe9ea2022a72d997b0e672ea8cbb,1,0.3873891996289863,8
llama,US2016,e34882a3bfd6d47ba4e82596897d24c111479a348d5c4809a93065a04d2e0f3c,e89abcf371903a5020f03f5db33ef0bd452eddc9a5202d45c053dac22d56b575,-1,-0.0425294939872987,8
llama,US2016,e39771daf0a531d5aa41c3e39332444e4880a707415933da9d1d788a6458b6a1,02d06282cac7912e866126c46cf81bbaf8a39b8f35b3938647fa089e65459d74,1,0.0845352184746722,8
llama,US2016,e3efd1de40e21883931331d5f729dc2186cb1497262a2bdfb322a80853c015c6,78790ce59aeac5f9adcb052dbbf79e753ef47216c849ae140ba7048a081002e9,1,-0.9513279713492576,8
llama,US2016,e45ff2bd331a6a27285651bc3255ddff5d6ba42b632e65b0537054060135714c,892435c916fb280bd33258fa9137d106c1769a9b16b700ad714477923c1b920f,-1,-0.4599618171139071,8
llama,US2016,e575bd5ba5302111e53d294ba95fa23e435585e2f22c35e620ddf3a6287bb06f,5617487e960b014f0b7dbfed21cdc094b9f73041276ca160992fee0a69ec2793,1,0.2800936569972947,8
llama,US2016,e5e8db15f01acef9632c911a06a6a39a6dc6c914cc376aba8a9969052a776e4a,9cd84ca538622e6da5f761df165facc5ae650ab55992ca8c03db14d75af76e37,-1,-0.0939133658793274,8
llama,US2016,e6373272d17331cf4977226fe58bbf630b93158cacadf6307ace1bd9618c3bc9,828a6ba97c348450ad7392f49b392260677c5dc2751c3259872b0dd046ac3069,1,-0.6051030431605802,8
llama,US2016,e821122dce48e7efcf856d0e9e1625ce4b0f797e9acb79caf42b737200247c71,e3c01269c887e89b47513c28168dc7115fa8f0c50d19de71e4856e7c5b424e97,1,0.5886029198580691,8
llama,US2016,e870d5a8f7ee989fbadc4fb70b4693e1235d3fe2226c16bed341003d61f8c91b,b77588e9ea37a4f5ab9b236b1a97a271222b1138095ce901132cee290ae868cd,1,0.2195631880552866,8
llama,US2016,e8b23ac77d9e17d57e1d341102c9c9ec23f66d0ed11989ce100db9d25a3b9ecb,cafb639f3d026a8f08dd70d519e6dc000abe9483b8d4498913c6c1fc5de78352,1,-0.2727225917145847,8
llama,US2016,ea8c95ca15b82bde382de262fbd361530ac0859c72be7e8897400ee91659b38f,40573b41f5270bb78f55de2a66ca43f44c7e9f051d685ea4f539c33cec387285,-1,-0.2205665828855334,8
llama,US2016,ea95a4223eae40382929a2a27aa43153a554a7ff2f864f95fd6b50b2d31e4c9b,aabc79cfb438282316a1babc0442b3d7893f763811878013e8cad1bc1d016673,1,0.128765324298948,8
llama,US2016,eb8063dd8bd6d4596d94a9c63531abb866589b93b04861ab3792526fb1ccf1c8,aabc79cfb438282316a1babc0442b3d7893f763811878013e8cad1bc1d016673,1,0.8605683532777778,8
llama,US2016,ebfa018fd9cc8719cd1e6fa9641f5bcef76d33cb742db2c0a4939699a0fd67d6,dff8667d896083855d7cd15dfeb49c76745fe83c7af99da5f4af584fbbb3ee08,1,0.266929669966636,8
llama,US2016,ed114ac8bcfb72237aff7ef70eae30eb782a04561c4a876ec1ce89c7c4454ed0,02732ed4ca5626832d598c29107e4827c631d993b1eb38d915cc090c9485e6ae,1,-0.2181523193362905,8
llama,US2016,ede57b2a37f68a01497da4de7b9fec49f489d10d1a203b146c6abcc641b2da51,a8898beb107a4e43e6b96330acd22bf2759f13e5099b8fb7d969408b09a2ab71,-1,-0.6177631166237978,8
llama,US2016,ef2475e60ab7109435e7f75b1da6ba7514ca81fb1fc137f898feea6d469ad5e5,bd856b8d5c16ab8aa8a03dc5475cc42b40e04626eeac396e3832df6d4ae7107b,-1,-0.4730148245435254,8
llama,US2016,eff9e619d116efbb4be796d4b2e43cbf546d9b362a63112d7663f2f9a56d4a64,49d5fb4cfe8352e402a6a2d4516c8b2a29b32d8f33f23c094eefaa1332d109b7,1,0.6439018127432274,8
llama,US2016,f0e2f5a3a3b13310b144291d9d0127f4130e28406c3055723bf28ab6c6403de5,e0f1c51dbfce4e32c9ddb3c85270225096983aec7b943d0e580cc07e816cb9fa,1,-0.4293700937485462,8
llama,US2016,f1579ab8ae0a8d06e85949ab3b876096fa82124af97abb9742ab00b3b5fd64ae,d74bc5eb6c81c54d2a062c22995bc34c9dfb01366ac5196fdbc73afebbdf7ef8,1,-0.2342491364611108,8
llama,US2016,f2189cb37cb7e1a750cc197b55f41b24ed8f86f5a5af29bd604b990d4f8ae9a3,2a1b3fe4d0a89fa71b1186b94407e256ef5e606e25bb82015d1068cc61f85831,-1,-0.3894911875292199,8
llama,US2016,f2d4ddf13f2f2beb48e5cd2fc1cac4f16e97140e654a565588395d84ee1a2f88,2e18746894cb4fd22d9b4a9b8fac7657746cb4caaeed9664755bb2bcdd9928d7,-1,-0.1463232991181145,8
llama,US2016,f315c35fbcb62891a1fb7403f31ac81ea6afb1ee902f241e13fe4eb6d938e728,49d5fb4cfe8352e402a6a2d4516c8b2a29b32d8f33f23c094eefaa1332d109b7,-1,-0.232608407249512,8
llama,US2016,f3cc0d5faa10c6f6a0c0ae1b8ac08bc13d0852201587fac3c38de64ee4835c8f,e65b8dc6b8e49973e14fcd5c2a6a90cf9976a37d67f53e333620791d718be940,-1,-0.5458872168912704,8
llama,US2016,f44bd259eb6965e9ae88e2a2ec13ba8428b3246bb7a92fd764b3b54f39085113,9864c58b16e0dde84b1f458660504ffe1e3aea5101eb38bbedf47c945fcfe305,-1,-0.1306777250633327,8
llama,US2016,f459c5b660569f250063e193789a53189caf35982ec8f5f855746dae7a21197e,ec8bd680e70c3e0d0a94b62439656d3232396b12f9ba35bb2663d5dfd09f88d9,-1,-0.2504787432217811,8
llama,US2016,f469155e842b9755c52a0328bffac03cb7e8846b867e424f5d9906188aed0039,e3c01269c887e89b47513c28168dc7115fa8f0c50d19de71e4856e7c5b424e97,-1,-0.2049522990343884,8
llama,US2016,f4d0eab5faf3bfd8d6bcf45a28193301718ff39eb5a4085a82b2952bc104b146,e3c01269c887e89b47513c28168dc7115fa8f0c50d19de71e4856e7c5b424e97,1,0.8623940826046717,8
llama,US2016,f54cbc60c7f91e73156854577a6c93723b43863bd6b4e28c03056fccb455eff2,e3c01269c887e89b47513c28168dc7115fa8f0c50d19de71e4856e7c5b424e97,1,1.048058530105925,8
llama,US2016,f5712a0735e77f7c8d5ad5f2ae0aba52fa7425a0070be7cab7383573a0f754a0,2e18746894cb4fd22d9b4a9b8fac7657746cb4caaeed9664755bb2bcdd9928d7,-1,-0.2789915469587951,8
llama,US2016,f5cdd6e1aa6a4b1178d0597befc0d9bed0cd83aae37c93c402eade725af325e4,9864c58b16e0dde84b1f458660504ffe1e3aea5101eb38bbedf47c945fcfe305,1,0.2285797776538328,8
llama,US2016,f67aa451de3352262a51ac0977afa4d601187d022c95469225676014a6bd9e56,97c4d2927c7212ab7af045acf0bece8036a5340631506df5e06f2547a1eb725b,-1,0.0302309271780446,8
llama,US2016,f702514f753258971a9d7f84c59f9e40e40fc840eccad55107cd5d96399980d6,9282d4d3f55fc486e648c6e3b616ed913f5ed5a71f36c6f9c0a772a1bd86139e,1,0.2160300342459812,8
llama,US2016,f73a8a03a5d3026ff04b662f01cc65d018116491a3879ed3cafeba9dd0f5c2f1,78790ce59aeac5f9adcb052dbbf79e753ef47216c849ae140ba7048a081002e9,-1,-0.9127834789844774,8
llama,US2016,f78ec3db4779d13fd5bbe065e660ead2a05c0870797713a9bb3efd6e990d4c9c,dff8667d896083855d7cd15dfeb49c76745fe83c7af99da5f4af584fbbb3ee08,1,-0.2788840529820524,8
llama,US2016,f86f044e5dde2c79807ca189e445cae5a1a16d9796dc31ff11cbf84d96176693,2e18746894cb4fd22d9b4a9b8fac7657746cb4caaeed9664755bb2bcdd9928d7,-1,0.0387547807369737,8
llama,US2016,f94afa5e0b8a5a66a0bcf512e3b5ab12e889366384e308ce33cbab1c02ab9def,e53b982fcc5dd131af3821bb7b7c04ba055ef214fb91cca2c8290bb3afd3545e,1,-0.2325482411960794,8
llama,US2016,f9621b529a6fa6ce166db6a65e9dd7539b7ec4baa71274f8c59038e9a42f995f,6033f46be736f71e2d3dcefc1463eca6a3efebfdf96a555ae26f79d380ee6a9d,1,0.9629587499206552,8
llama,US2016,fa937ecda60f012f5e6ac76d5a3af57d9cffb57ed8ac4c15147449703008afe8,6e3a97947a7e43aff136c15b2fd61ef4047c9a0063d78e576388653e8475e6a6,-1,-0.1200497586342389,8
llama,US2016,fb79e94f77a10f1496a477473af7cfec7d118a82eb3f5223348d548e6738ee7d,9cd84ca538622e6da5f761df165facc5ae650ab55992ca8c03db14d75af76e37,1,0.3064200818863076,8
llama,US2016,fc304936e84a663beebb48fcc790055dc3bde25a5206ffc297c60559bc89bd72,91717f233c54d6a20ec5bd707c0ce8a2c6fb10c579d53178c22ed6c7d5998c1f,1,0.611176159295844,8
llama,US2016,fd2a392ddae8154028d40dc1d7c69b7266ca0f87a85e00e4a503d53764fb706b,f4241006fb761d105e514556de9a1fd07c9eb291bcc9625ac06722fbe9fc7f22,-1,-0.6770459285888126,8
llama,US2016,fdaa309079195c76d2fbdb3d14a083f35b6bb47d576a2e6712ff55d7fb43a23d,40573b41f5270bb78f55de2a66ca43f44c7e9f051d685ea4f539c33cec387285,1,-0.0587821623724749,8
llama,US2016,fe3e8595c228e83983612161360c9b752862b5f7a116f4d24a0bfde118552ea8,6e3a97947a7e43aff136c15b2fd61ef4047c9a0063d78e576388653e8475e6a6,-1,-0.6200168865150903,8
llama,US2016,fe6df0bec7e877a0fdd4a6969d0893bc46a5e90b79bde58401424af231017720,dd9135e0cdaa66465a2e9419084a13d65c2b4722667067fab884404a88493b16,-1,-0.0024857619709788,8
llama,US2016,fee2f6103174c1651d21d9dc8a127c3f4c5c816548c003bf83ae25cf350d4a24,6ca845035227eddea19ec1990a51d2b49bfe45103397bcead77b937a6edaf4e5,1,0.6136620382875055,8
llama,US2016,ff0c853c47a89215d01940befe65beec30970b651b258676936eb8fb44d12e9f,6033f46be736f71e2d3dcefc1463eca6a3efebfdf96a555ae26f79d380ee6a9d,-1,0.096614881523189,8
llama,US2016,ff3b2d59a061ac70d62081726cfc467270bf5420207a423b74bf40b9df090d74,6033f46be736f71e2d3dcefc1463eca6a3efebfdf96a555ae26f79d380ee6a9d,-1,-0.5306363063697488,8
llama,US2016,ffdaa95bc5783c58095f24a0512f854a0adc2f147f147552358a11a3cae98acb,e89abcf371903a5020f03f5db33ef0bd452eddc9a5202d45c053dac22d56b575,-1,0.3024707102688956,8
llama,ValuePrism_PILOT_EVAL,001800999d0e8480,36b44414c0a6,1,-2.855514843488838,4
llama,ValuePrism_PILOT_EVAL,02a83de7aa948680,59ab64774169,1,-3.119644117933352,4
llama,ValuePrism_PILOT_EVAL,02ae4862b617dcc2,aa59e2fea465,1,-3.156176752178525,4
llama,ValuePrism_PILOT_EVAL,038dfd1e4c9a0918,94ae49c62885,-1,-4.459299935996684,4
llama,ValuePrism_PILOT_EVAL,04593ff0a7e2d158,1ed43b987724,1,-3.605680852553753,4
llama,ValuePrism_PILOT_EVAL,0504b83d2d360e4d,b8063f0c17ff,1,-3.189944111272459,4
llama,ValuePrism_PILOT_EVAL,05b6ecb68d0c59a8,e7860ea4b963,-1,-4.857932539550106,4
llama,ValuePrism_PILOT_EVAL,05c925bb354239fc,5c0bf6cfe59e,-1,-4.943493282025619,4
llama,ValuePrism_PILOT_EVAL,0616b974433182fc,918093301aef,-1,-3.816779978007188,4
llama,ValuePrism_PILOT_EVAL,072d23afb16a4b01,f426101b1538,1,-2.813857117214628,4
llama,ValuePrism_PILOT_EVAL,07e9f3755ec22bb1,bb1db8edcfe9,1,-3.0902707336709128,4
llama,ValuePrism_PILOT_EVAL,0831f369f99fac4e,0c456cbac017,1,-3.1312724139218377,4
llama,ValuePrism_PILOT_EVAL,09441c66e709eee8,2b30dc97db48,-1,-4.503464268176247,4
llama,ValuePrism_PILOT_EVAL,09fb317f32871c7d,a11cb6581b8d,1,-3.827857744950129,4
llama,ValuePrism_PILOT_EVAL,0a9e7c23ad9fe3bb,6c22db837d6a,1,-3.199174841920573,4
llama,ValuePrism_PILOT_EVAL,0afc1915fcd6ef60,c5ff78577964,1,-4.244185011318491,4
llama,ValuePrism_PILOT_EVAL,0b81c7bf92a1e9e9,c484ba14cd1a,1,-3.295501635001762,4
llama,ValuePrism_PILOT_EVAL,0bfe3298680d2297,5e0291b4a26b,1,-4.146544453256736,4
llama,ValuePrism_PILOT_EVAL,0ce8b4e9630e9298,ea2512a2e57e,-1,-4.795228927633196,4
llama,ValuePrism_PILOT_EVAL,0ead1aebee9d98b6,663ca6e15948,1,-4.218158913564566,4
llama,ValuePrism_PILOT_EVAL,0ed3dda72baa8c8f,1a3477a1a33b,-1,-4.897749286617121,4
llama,ValuePrism_PILOT_EVAL,0f33a085289d2db2,5077ada3358c,-1,-4.3960981124351965,4
llama,ValuePrism_PILOT_EVAL,0f3ac9fab6c1b52b,622b44bd3782,1,-4.639060108342221,4
llama,ValuePrism_PILOT_EVAL,0fb65c7657856e8d,d3d192f6f2e9,-1,-5.119764127081119,4
llama,ValuePrism_PILOT_EVAL,10990d3ccca17cbb,1a3477a1a33b,1,-4.72552556310718,4
llama,ValuePrism_PILOT_EVAL,10c24dd2ed0ded7e,136a9772e348,1,-2.667483008382698,4
llama,ValuePrism_PILOT_EVAL,11601426c9e96a6c,d51a3d0bbd87,1,-4.333200328639522,4
llama,ValuePrism_PILOT_EVAL,120738e4fa5be59b,b9591cb5d863,-1,-4.963494432808255,4
llama,ValuePrism_PILOT_EVAL,1239b5c3379b2570,5e0291b4a26b,-1,-3.63074926443198,4
llama,ValuePrism_PILOT_EVAL,126391590c955ec5,62903863ec3f,1,-4.034851105326748,4
llama,ValuePrism_PILOT_EVAL,1326e77b870513fa,52c92fe42219,1,-4.57915145000137,4
llama,ValuePrism_PILOT_EVAL,1340135dfd7975a0,1451e3efdff5,1,-3.264403544591341,4
llama,ValuePrism_PILOT_EVAL,137519d9bfdee345,67777e744c13,1,-3.6863912584540417,4
llama,ValuePrism_PILOT_EVAL,148d6dcaaf2b1cb3,dc4a0e322bef,-1,-4.896249511600168,4
llama,ValuePrism_PILOT_EVAL,14925822fd522714,6f496dd18524,1,-4.955737143847472,4
llama,ValuePrism_PILOT_EVAL,14c3c4aa84749145,4fdbcddceaaf,-1,-4.781360258589889,4
llama,ValuePrism_PILOT_EVAL,14ce3f593f0b783c,ea2512a2e57e,1,-4.307532988122906,4
llama,ValuePrism_PILOT_EVAL,14f7135b2a77ee9e,e68b633a57ae,1,-3.594811820630632,4
llama,ValuePrism_PILOT_EVAL,152b710804d0521c,f05147254c6d,-1,-5.039563232870831,4
llama,ValuePrism_PILOT_EVAL,161a02d9b7e3750f,e7860ea4b963,1,-4.486049832713114,4
llama,ValuePrism_PILOT_EVAL,17c236bccbd1986a,0cc60aa12ea6,-1,-4.241074934607021,4
llama,ValuePrism_PILOT_EVAL,17e8812393f68be3,9f051a541429,-1,-4.454453585379178,4
llama,ValuePrism_PILOT_EVAL,19566934e1401d55,aefd878b4270,-1,-4.2985909555734105,4
llama,ValuePrism_PILOT_EVAL,195cbd237287db88,622b44bd3782,1,-2.65913690287681,4
llama,ValuePrism_PILOT_EVAL,195faf3022b94281,d3d192f6f2e9,1,-3.68054730925367,4
llama,ValuePrism_PILOT_EVAL,198b5fbc52793f6d,38ddb7218f16,1,-4.266215442501964,4
llama,ValuePrism_PILOT_EVAL,19f4a9cbba137f20,1ed43b987724,-1,-5.054462714856179,4
llama,ValuePrism_PILOT_EVAL,1d343d57c9219052,67777e744c13,-1,-5.006430415707069,4
llama,ValuePrism_PILOT_EVAL,1da9054720d516ed,5559fc6fc893,1,-4.787171925392576,4
llama,ValuePrism_PILOT_EVAL,1ddc5888f5871da7,d0db8c0419d8,1,-3.9715345989680735,4
llama,ValuePrism_PILOT_EVAL,1e5735f5256baa20,4740beac2df9,1,-3.2079994839325674,4
llama,ValuePrism_PILOT_EVAL,1eacb59275f11d29,45333f3c52dc,1,-3.0558202268688963,4
llama,ValuePrism_PILOT_EVAL,1ec4184964fda718,8ef83b6e21b4,1,-4.027039584645545,4
llama,ValuePrism_PILOT_EVAL,1f2c7d6c565ddf68,7318a5922efe,-1,-4.8181391361483055,4
llama,ValuePrism_PILOT_EVAL,1fba9196afdf7b1c,9bbc802f386b,1,-3.825799048999856,4
llama,ValuePrism_PILOT_EVAL,206fc5b851e2938b,9aa417751887,-1,-4.448222974316271,4
llama,ValuePrism_PILOT_EVAL,20b533a0d7903dbb,44c2a3bf9b5b,-1,-4.846441706560318,4
llama,ValuePrism_PILOT_EVAL,214e524902e26e27,87d5ed23661d,-1,-4.57881575807168,4
llama,ValuePrism_PILOT_EVAL,221570f1f3975298,e8dda5c05cc8,-1,-4.325063989908285,4
llama,ValuePrism_PILOT_EVAL,222d475eb20c6af4,2b30dc97db48,1,-4.2866038256214205,4
llama,ValuePrism_PILOT_EVAL,2247c2a41145d820,b9591cb5d863,-1,-4.972510359141711,4
llama,ValuePrism_PILOT_EVAL,2274c1abc8089826,85be8d41d913,1,-2.6387221949748656,4
llama,ValuePrism_PILOT_EVAL,2326cd36d1fa85e8,d0db8c0419d8,-1,-4.528039372963103,4
llama,ValuePrism_PILOT_EVAL,2355d364cf755ea3,6db8d2ba4a71,-1,-4.524389832258311,4
llama,ValuePrism_PILOT_EVAL,2377ec0f5c85d247,8d91bb644137,-1,-4.800363501694161,4
llama,ValuePrism_PILOT_EVAL,23c95614c44912f1,65cde817fb8f,1,-3.2008757865792665,4
llama,ValuePrism_PILOT_EVAL,240a77e7dbfdd9f3,0c5a75f6bae8,-1,-4.997611222812232,4
llama,ValuePrism_PILOT_EVAL,243c124aef75375c,d3d192f6f2e9,-1,-5.065418125586454,4
llama,ValuePrism_PILOT_EVAL,24d0d5cc2490ced3,b2493d617b2f,-1,-3.1814376776195887,4
llama,ValuePrism_PILOT_EVAL,25100d3d41ec4720,ae86d96aa9df,1,-2.843115680829521,4
llama,ValuePrism_PILOT_EVAL,2526591c68e601c6,926dacce2e7d,-1,-4.736003371441446,4
llama,ValuePrism_PILOT_EVAL,25d0e0c7346580a9,0c5a75f6bae8,1,-2.8682669992825187,4
llama,ValuePrism_PILOT_EVAL,26aedfa6e9457a04,3cf48760defe,1,-4.95982864429933,4
llama,ValuePrism_PILOT_EVAL,272027393a7123ea,65cde817fb8f,-1,-3.8529673880855047,4
llama,ValuePrism_PILOT_EVAL,278c65465eaab0ce,f98f6f231f01,-1,-4.542379777555626,4
llama,ValuePrism_PILOT_EVAL,27f75dc17e60d990,a61ef25edfa9,-1,-3.6852523161076185,4
llama,ValuePrism_PILOT_EVAL,281a1a7178d24329,5c0bf6cfe59e,-1,-5.101807411777622,4
llama,ValuePrism_PILOT_EVAL,2a608af0a264e135,2b30dc97db48,-1,-4.536318894140907,4
llama,ValuePrism_PILOT_EVAL,2b2d3e0a849cb00c,f8fb5453bb41,1,-4.191187523166632,4
llama,ValuePrism_PILOT_EVAL,2b6d970ce17e9385,87d5ed23661d,-1,-4.347408360226895,4
llama,ValuePrism_PILOT_EVAL,2b783e977360c3c7,622b44bd3782,-1,-4.714970651085341,4
llama,ValuePrism_PILOT_EVAL,2b89d6e2ec8dd917,192c2928e2ae,-1,-4.1046076249201855,4
llama,ValuePrism_PILOT_EVAL,2c0adaccc752360b,9bbc802f386b,1,-4.482159336298,4
llama,ValuePrism_PILOT_EVAL,2cf699d380578348,b5c6b002c47b,1,-3.8216933415031904,4
llama,ValuePrism_PILOT_EVAL,2d2e83262c67d234,fd5da0bf0f2a,-1,-3.701781979720821,4
llama,ValuePrism_PILOT_EVAL,2edcab7d7dde4412,353ea7e598f8,1,-3.5460712254714486,4
llama,ValuePrism_PILOT_EVAL,2fde1292a5d67b29,f8fb5453bb41,-1,-4.7441109096673975,4
llama,ValuePrism_PILOT_EVAL,30332726d0bec65e,a94b5c7c3f06,1,-4.383768425891606,4
llama,ValuePrism_PILOT_EVAL,3073dcc318c4ca84,638b0d9da530,-1,-4.660883729217701,4
llama,ValuePrism_PILOT_EVAL,30c193caedc571df,e68b633a57ae,-1,-5.066015634599903,4
llama,ValuePrism_PILOT_EVAL,3165460eb106fac3,5c0bf6cfe59e,1,-5.020287807290564,4
llama,ValuePrism_PILOT_EVAL,31bd2c3c1456a0e4,2838b362b8f3,-1,-5.009659919774661,4
llama,ValuePrism_PILOT_EVAL,324da3e78a14a5ea,d5798890cc8f,1,-3.577476315311489,4
llama,ValuePrism_PILOT_EVAL,332439a4b3866e20,5077ada3358c,1,-3.2908720606826414,4
llama,ValuePrism_PILOT_EVAL,336edc9ee67280a6,c484ba14cd1a,1,-4.36158354236728,4
llama,ValuePrism_PILOT_EVAL,35563125816d323b,aa59e2fea465,1,-3.788637254316788,4
llama,ValuePrism_PILOT_EVAL,36663738cee4b4d4,a58c036ae817,1,-4.744337405333955,4
llama,ValuePrism_PILOT_EVAL,382e2e682024383f,264c908ab889,-1,-4.561624723142753,4
llama,ValuePrism_PILOT_EVAL,383a458761bfe817,c5ff78577964,-1,-4.939369713317625,4
llama,ValuePrism_PILOT_EVAL,38942c8c1e8bfe28,e1e202f73f44,-1,-3.824256008478361,4
llama,ValuePrism_PILOT_EVAL,38ab30a11085fd1c,9f051a541429,-1,-3.5024774108346173,4
llama,ValuePrism_PILOT_EVAL,393b66b548a7cc05,264c908ab889,1,-4.046345563999424,4
llama,ValuePrism_PILOT_EVAL,3a5b1a50e31baea9,90522fe1f8dd,-1,-3.965588209960484,4
llama,ValuePrism_PILOT_EVAL,3a6b3d40ef1ef732,638b0d9da530,1,-3.1602701464029805,4
llama,ValuePrism_PILOT_EVAL,3b99bcec59f7dfbd,6f496dd18524,1,-3.952348866208967,4
llama,ValuePrism_PILOT_EVAL,3c6afb4efd26adbf,59ab64774169,1,-3.977011240473432,4
llama,ValuePrism_PILOT_EVAL,3c84548a16a45ec8,fd5da0bf0f2a,1,-4.793782624219465,4
llama,ValuePrism_PILOT_EVAL,3c917c6f0740243b,8a66018e75b5,-1,-4.47894387723176,4
llama,ValuePrism_PILOT_EVAL,3cc8c62b71e76ec9,90522fe1f8dd,1,-3.614569489592496,4
llama,ValuePrism_PILOT_EVAL,3dd65896b592391c,0c456cbac017,-1,-3.430491019195294,4
llama,ValuePrism_PILOT_EVAL,3f8f9c8fb970c7f2,257896eeb5b0,1,-3.755387310431484,4
llama,ValuePrism_PILOT_EVAL,3fb23363b76613a8,3cf48760defe,-1,-4.464911333731534,4
llama,ValuePrism_PILOT_EVAL,402b85577e6a3658,257896eeb5b0,1,-3.1642554763929622,4
llama,ValuePrism_PILOT_EVAL,408ae07d6a1ce818,dc4a0e322bef,1,-3.1145014541847567,4
llama,ValuePrism_PILOT_EVAL,40ccdba4909f358f,ae86d96aa9df,-1,-4.636547706291688,4
llama,ValuePrism_PILOT_EVAL,4108b6ffd0e8f358,7fc74b77564e,1,-4.892497955011777,4
llama,ValuePrism_PILOT_EVAL,4319e211ba2ca263,f8fb5453bb41,-1,-3.279615095087807,4
llama,ValuePrism_PILOT_EVAL,43c85ba46a78eafe,a94b5c7c3f06,1,-3.398431720075921,4
llama,ValuePrism_PILOT_EVAL,43eb59525ea86913,f964326d08d9,1,-4.652884884095156,4
llama,ValuePrism_PILOT_EVAL,445821c5412a20e6,2af4bf031c7a,1,-3.207130730042791,4
llama,ValuePrism_PILOT_EVAL,45b0af6eefba83f3,440bdd09b8f1,1,-4.025147465205527,4
llama,ValuePrism_PILOT_EVAL,46592e2f94bc0142,ebd7adca85db,-1,-4.746114658114015,4
llama,ValuePrism_PILOT_EVAL,4716df92ca8cb79f,b82faf8ede14,1,-3.4409096718178533,4
llama,ValuePrism_PILOT_EVAL,4720981bdd80b594,51e790c22d59,1,-3.282887395182898,4
llama,ValuePrism_PILOT_EVAL,4747a34ed4b24369,c484ba14cd1a,-1,-4.302543413017972,4
llama,ValuePrism_PILOT_EVAL,48561ac0af001646,663ca6e15948,1,-3.2860927523905463,4
llama,ValuePrism_PILOT_EVAL,49080309b89f66e6,6db8d2ba4a71,-1,-4.898925190040887,4
llama,ValuePrism_PILOT_EVAL,491a1ac36bbabcb2,a58c036ae817,-1,-4.925636600083298,4
llama,ValuePrism_PILOT_EVAL,4968c21fd2293e14,c5ff78577964,1,-3.1973693239583447,4
llama,ValuePrism_PILOT_EVAL,49d87d0185dab3af,85be8d41d913,1,-4.771960092099439,4
llama,ValuePrism_PILOT_EVAL,4b0b3dec9b12cc00,4775892f3335,-1,-4.842991524805852,4
llama,ValuePrism_PILOT_EVAL,4b19af86dd655b05,4191f58e9158,-1,-4.575540572165462,4
llama,ValuePrism_PILOT_EVAL,4c71ef2467b153ec,8d91bb644137,1,-3.0870228798832504,4
llama,ValuePrism_PILOT_EVAL,4d2f67f5ceb55820,a11cb6581b8d,1,-4.7175832733808125,4
llama,ValuePrism_PILOT_EVAL,4df0d080d067c2e2,a922079ba6b3,-1,-4.658321284556569,4
llama,ValuePrism_PILOT_EVAL,4df49afd030b428b,b339e6e88df0,1,-3.409094954068202,4
llama,ValuePrism_PILOT_EVAL,4fb8907bffd7866a,fd5da0bf0f2a,-1,-4.842744940583268,4
llama,ValuePrism_PILOT_EVAL,4fcc127d57f76c8f,6bb9730ff8ce,1,-2.941188808525044,4
llama,ValuePrism_PILOT_EVAL,50dba36ebb14bd5f,4775892f3335,1,-3.4276010699146804,4
llama,ValuePrism_PILOT_EVAL,5169b78ecaa23ef4,8a66018e75b5,1,-4.356102067236124,4
llama,ValuePrism_PILOT_EVAL,517a9cf4705b905b,b339e6e88df0,-1,-4.715156578477676,4
llama,ValuePrism_PILOT_EVAL,51fef2cb1c9a8bd1,3b9497cfd342,-1,-5.237063651388305,4
llama,ValuePrism_PILOT_EVAL,533b833c15e0e525,5ffc8594267a,1,-3.294635185394938,4
llama,ValuePrism_PILOT_EVAL,53a97d44813a4850,9bbc802f386b,-1,-4.492181658171171,4
llama,ValuePrism_PILOT_EVAL,5401daeceb3d7450,b2493d617b2f,1,-2.8815910868254866,4
llama,ValuePrism_PILOT_EVAL,546b60891856cf37,832fedab88df,1,-3.887323259150332,4
llama,ValuePrism_PILOT_EVAL,5478c228ad5568d1,b2493d617b2f,1,-3.155118936087434,4
llama,ValuePrism_PILOT_EVAL,54c00b24475db779,f5ea35cccd52,-1,-4.994655101002025,4
llama,ValuePrism_PILOT_EVAL,54d2b88b529b21bf,13f01030b40e,1,-4.648791244674104,4
llama,ValuePrism_PILOT_EVAL,5640c155a210ae20,36b44414c0a6,1,-3.4711744567654605,4
llama,ValuePrism_PILOT_EVAL,5647d610debeac4a,3f2e4b9db3d0,1,-4.956118070258535,4
llama,ValuePrism_PILOT_EVAL,56ba4a0b7dee2582,e0f9c65023a9,-1,-4.584185057235772,4
llama,ValuePrism_PILOT_EVAL,57793c0ca8fcaf3b,f964326d08d9,1,-4.262001123401142,4
llama,ValuePrism_PILOT_EVAL,579b674f04d567e3,3b9497cfd342,1,-3.607713821842028,4
llama,ValuePrism_PILOT_EVAL,593455f72bafa27c,8a66018e75b5,-1,-3.747963316287387,4
llama,ValuePrism_PILOT_EVAL,594c4fe216809612,e1e202f73f44,1,-3.4109054160657504,4
llama,ValuePrism_PILOT_EVAL,59657428ead0c70e,c5ff78577964,-1,-4.727030410376143,4
llama,ValuePrism_PILOT_EVAL,598ec702f72dad54,ae1f880ad3be,1,-3.1745217994815365,4
llama,ValuePrism_PILOT_EVAL,5a259be0d834e58b,d5798890cc8f,-1,-3.9738302771770937,4
llama,ValuePrism_PILOT_EVAL,5b39d44bbeb1e56c,737c2fe51f4f,1,-2.9877337652613107,4
llama,ValuePrism_PILOT_EVAL,5b8cfd9f9162e9d9,e6f181a4c26e,-1,-5.237987843366312,4
llama,ValuePrism_PILOT_EVAL,5bc7058cffaf432a,7fc74b77564e,-1,-4.907634640227749,4
llama,ValuePrism_PILOT_EVAL,5c68a1cc1538da10,ea2512a2e57e,1,-2.821644972537933,4
llama,ValuePrism_PILOT_EVAL,5c9470f19f00630a,257896eeb5b0,-1,-3.4559366092696235,4
llama,ValuePrism_PILOT_EVAL,5ce19bc7a2538a96,499932b126ef,1,-4.81317257833647,4
llama,ValuePrism_PILOT_EVAL,5d014f190376a663,5077ada3358c,-1,-4.949153136760744,4
llama,ValuePrism_PILOT_EVAL,5df3526c8e13c10b,f5ea35cccd52,-1,-4.740663860695124,4
llama,ValuePrism_PILOT_EVAL,5e52212327d25d3e,b82faf8ede14,-1,-5.0599435396563095,4
llama,ValuePrism_PILOT_EVAL,5e5c2de9f8826dd4,5077ada3358c,1,-3.633858526270762,4
llama,ValuePrism_PILOT_EVAL,5ef57422da8a93fa,0c456cbac017,1,-2.9984708020346726,4
llama,ValuePrism_PILOT_EVAL,5f0f9db632cee312,8ef83b6e21b4,1,-2.903492715675336,4
llama,ValuePrism_PILOT_EVAL,5fb73bebfb3e73f0,b87d702c3e0e,-1,-4.730337057926108,4
llama,ValuePrism_PILOT_EVAL,5fe48f6a7ed9eb0b,ebb994099954,-1,-4.893049686623891,4
llama,ValuePrism_PILOT_EVAL,600e5f5032de8438,85be8d41d913,-1,-4.62978862117958,4
llama,ValuePrism_PILOT_EVAL,6091681f8bc18631,91aad4caf206,-1,-4.7586801308728175,4
llama,ValuePrism_PILOT_EVAL,60b27917a9e01e07,e6f181a4c26e,1,-4.976844106827766,4
llama,ValuePrism_PILOT_EVAL,613f1c99635410fe,2af4bf031c7a,-1,-3.942658858715181,4
llama,ValuePrism_PILOT_EVAL,616ee1b8111bd7ea,ae1f880ad3be,1,-4.354757517664217,4
llama,ValuePrism_PILOT_EVAL,61bdbaab34c15058,8ef83b6e21b4,-1,-4.89969250519653,4
llama,ValuePrism_PILOT_EVAL,61e8c04db872b382,b1668f14295a,1,-4.115434997216158,4
llama,ValuePrism_PILOT_EVAL,620b0ef5b6e59063,926dacce2e7d,-1,-4.90733737741879,4
llama,ValuePrism_PILOT_EVAL,626b95317b840657,440bdd09b8f1,-1,-4.145917944051595,4
llama,ValuePrism_PILOT_EVAL,64e4fd0a8ea32876,4fdbcddceaaf,-1,-3.909561177229148,4
llama,ValuePrism_PILOT_EVAL,650ed020d7bd6a86,90522fe1f8dd,1,-3.754567034108512,4
llama,ValuePrism_PILOT_EVAL,65723bacf520580d,0cc60aa12ea6,1,-4.336871088398561,4
llama,ValuePrism_PILOT_EVAL,657d94212b7aa21d,3f2e4b9db3d0,-1,-3.0328683745099747,4
llama,ValuePrism_PILOT_EVAL,65848c675304978c,b1668f14295a,1,-3.3985511562711954,4
llama,ValuePrism_PILOT_EVAL,65a71c9ca289ead8,2838b362b8f3,1,-4.136639891294691,4
llama,ValuePrism_PILOT_EVAL,6600dade21b8572c,ebd7adca85db,1,-4.02392505289943,4
llama,ValuePrism_PILOT_EVAL,678a6d4fa4d817f5,622b44bd3782,-1,-3.777649619561161,4
llama,ValuePrism_PILOT_EVAL,67c5b6643dcefd07,5ffc8594267a,-1,-4.834167558230559,4
llama,ValuePrism_PILOT_EVAL,68905e33a7a7088a,b82faf8ede14,-1,-3.453917134364223,4
llama,ValuePrism_PILOT_EVAL,6899eab825ea22e9,c5798d139de7,1,-4.3492640473939215,4
llama,ValuePrism_PILOT_EVAL,689d8711e24fe447,9f051a541429,1,-3.927070236158801,4
llama,ValuePrism_PILOT_EVAL,690e06638f8320f5,b9591cb5d863,1,-4.9058860490523415,4
llama,ValuePrism_PILOT_EVAL,6935ef95af133d4f,499932b126ef,1,-4.314242851585132,4
llama,ValuePrism_PILOT_EVAL,69f942b36b6b5235,b8063f0c17ff,-1,-4.297316780663804,4
llama,ValuePrism_PILOT_EVAL,6a28850cfbc372f9,65cde817fb8f,-1,-3.515561284680716,4
llama,ValuePrism_PILOT_EVAL,6a5a355f567cde1c,4775892f3335,-1,-4.537887831461694,4
llama,ValuePrism_PILOT_EVAL,6b9a627e34022302,a94b5c7c3f06,-1,-3.06607597352598,4
llama,ValuePrism_PILOT_EVAL,6ba7c2bd33638f2a,13f01030b40e,-1,-4.024845177454427,4
llama,ValuePrism_PILOT_EVAL,6bfd3c1937a5ef44,2c39dbc75575,1,-3.5681269757958765,4
llama,ValuePrism_PILOT_EVAL,6c3b62123a6927cb,e68b633a57ae,-1,-4.808480289764432,4
llama,ValuePrism_PILOT_EVAL,6c731f8e424c6a45,a7fe53a4018d,1,-2.904128203229305,4
llama,ValuePrism_PILOT_EVAL,6cb616bf28139fe1,ee96462a37c0,1,-3.924384469952337,4
llama,ValuePrism_PILOT_EVAL,6d743a97d6083798,a922079ba6b3,1,-3.1996915583163568,4
llama,ValuePrism_PILOT_EVAL,6eaa3dd33cd9484b,4775892f3335,1,-4.584810096254866,4
llama,ValuePrism_PILOT_EVAL,6f4092e4d4d6c986,39c9d15be2c9,1,-2.8591836064723286,4
llama,ValuePrism_PILOT_EVAL,6f9ca8dc7dc33587,fd5da0bf0f2a,1,-2.766216323087737,4
llama,ValuePrism_PILOT_EVAL,7030aa8cdaf9379a,ee96462a37c0,-1,-4.749268762829405,4
llama,ValuePrism_PILOT_EVAL,71302aa94208e007,5f7967356dc6,1,-4.07498836202018,4
llama,ValuePrism_PILOT_EVAL,716f6495cbff49a9,a9fd0e21390e,1,-3.439527462040903,4
llama,ValuePrism_PILOT_EVAL,717e14f4be3cd587,663ca6e15948,-1,-4.783793391873125,4
llama,ValuePrism_PILOT_EVAL,71bfb043e66fd77c,ee96462a37c0,-1,-4.098472981857157,4
llama,ValuePrism_PILOT_EVAL,72093e60b8a8daf7,e68b633a57ae,1,-4.7154966020665325,4
llama,ValuePrism_PILOT_EVAL,72fe1b2bcbd6a663,38ddb7218f16,1,-3.2586683251206483,4
llama,ValuePrism_PILOT_EVAL,73b7635d05d74787,f98f6f231f01,1,-3.00351731658045,4
llama,ValuePrism_PILOT_EVAL,73ed63552d58bdac,4fdbcddceaaf,1,-3.275911447241376,4
llama,ValuePrism_PILOT_EVAL,747881deb7cfb0df,a8c08cb7bde1,-1,-4.808383761088989,4
llama,ValuePrism_PILOT_EVAL,74850d888d312cb9,e8dda5c05cc8,-1,-3.800649534764515,4
llama,ValuePrism_PILOT_EVAL,7578a336f023c7c8,192c2928e2ae,1,-3.7665367178889833,4
llama,ValuePrism_PILOT_EVAL,76da7f0c50522dbd,a8c08cb7bde1,1,-4.211866975979598,4
llama,ValuePrism_PILOT_EVAL,76f55792044491ce,a9fd0e21390e,-1,-3.9705198396403154,4
llama,ValuePrism_PILOT_EVAL,77c1dd796cf72c99,f05147254c6d,1,-4.994172492184543,4
llama,ValuePrism_PILOT_EVAL,781dfeec3cf7dfbe,51e790c22d59,-1,-4.723491699284823,4
llama,ValuePrism_PILOT_EVAL,78e0c3ee8785cb9c,51e790c22d59,1,-4.228818936433318,4
llama,ValuePrism_PILOT_EVAL,7a40f5ffcca5ab24,5559fc6fc893,1,-3.2462036323241867,4
llama,ValuePrism_PILOT_EVAL,7ac17fc7ecdcdb7c,832fedab88df,-1,-4.754944581045183,4
llama,ValuePrism_PILOT_EVAL,7b9e54798b232b41,a61ef25edfa9,-1,-4.812131378757954,4
llama,ValuePrism_PILOT_EVAL,7c6faeb00138290d,6bb9730ff8ce,-1,-4.519478933794378,4
llama,ValuePrism_PILOT_EVAL,7d2651eaa9dbfb02,b82faf8ede14,1,-2.962492078267683,4
llama,ValuePrism_PILOT_EVAL,7d2771194054e6db,a61ef25edfa9,1,-3.3063164461504786,4
llama,ValuePrism_PILOT_EVAL,7eb72542912561ff,7fc74b77564e,1,-4.261473692719017,4
llama,ValuePrism_PILOT_EVAL,7efcee8719150625,e8dda5c05cc8,1,-3.986932509051317,4
llama,ValuePrism_PILOT_EVAL,7f59b51470bcc3f7,7318a5922efe,-1,-4.741113962171265,4
llama,ValuePrism_PILOT_EVAL,7f627e1ff54f10dc,b87d702c3e0e,-1,-4.202408428957352,4
llama,ValuePrism_PILOT_EVAL,7f7f9527f26890a1,a9fd0e21390e,-1,-4.37899311587872,4
llama,ValuePrism_PILOT_EVAL,80c4921df26252c8,e8dda5c05cc8,1,-3.6785684158436527,4
llama,ValuePrism_PILOT_EVAL,811b4672e70cd051,62903863ec3f,-1,-4.032722424941303,4
llama,ValuePrism_PILOT_EVAL,81c5f17b47ff7179,45333f3c52dc,-1,-4.814548193135475,4
llama,ValuePrism_PILOT_EVAL,81ce12550cb297b0,0c5a75f6bae8,1,-4.109680589415443,4
llama,ValuePrism_PILOT_EVAL,82252e95660f0237,7232a03c0414,1,-3.341577450613666,4
llama,ValuePrism_PILOT_EVAL,82436e3072e5c995,e7860ea4b963,1,-4.282859165229163,4
llama,ValuePrism_PILOT_EVAL,828214489933c1be,c571eca3306b,-1,-4.806248640729964,4
llama,ValuePrism_PILOT_EVAL,82e78d85a78fc42c,c5798d139de7,-1,-4.792994079416764,4
llama,ValuePrism_PILOT_EVAL,84239ad3ffc701b1,d51a3d0bbd87,-1,-4.980509678903326,4
llama,ValuePrism_PILOT_EVAL,84c5acf9e6da8365,d3d192f6f2e9,1,-4.88792695216255,4
llama,ValuePrism_PILOT_EVAL,8609fbff4bcb833b,b87d702c3e0e,1,-4.355043511894936,4
llama,ValuePrism_PILOT_EVAL,8700446cdedafb5a,a94b5c7c3f06,-1,-4.793983014312142,4
llama,ValuePrism_PILOT_EVAL,872421ae456707bf,ba5f5285d226,-1,-4.287934337815534,4
llama,ValuePrism_PILOT_EVAL,873f9efbbafbdb22,bb1db8edcfe9,-1,-4.615509531693892,4
llama,ValuePrism_PILOT_EVAL,8830db8083a0356d,5e0291b4a26b,-1,-4.655189261949043,4
llama,ValuePrism_PILOT_EVAL,88da04bf9b584c67,bb1db8edcfe9,-1,-4.960873172457214,4
llama,ValuePrism_PILOT_EVAL,88dabfb21f8352d9,2838b362b8f3,1,-4.159471154635788,4
llama,ValuePrism_PILOT_EVAL,890e0cc85c1d4262,f426101b1538,-1,-5.211314307238778,4
llama,ValuePrism_PILOT_EVAL,89e1f76d68412691,a58c036ae817,-1,-4.971291868649529,4
llama,ValuePrism_PILOT_EVAL,8a67d72d38b22d57,264c908ab889,-1,-4.132718852129648,4
llama,ValuePrism_PILOT_EVAL,8a6c2443e92c54ca,9f051a541429,1,-2.7578584426861594,4
llama,ValuePrism_PILOT_EVAL,8a71aef06349948a,6f496dd18524,-1,-4.509051566615866,4
llama,ValuePrism_PILOT_EVAL,8aaf3a5e74c87147,59ab64774169,-1,-5.011471446814209,4
llama,ValuePrism_PILOT_EVAL,8bc60402151702e5,13f01030b40e,-1,-4.677487197568652,4
llama,ValuePrism_PILOT_EVAL,8c0202f6b8311c5e,c571eca3306b,-1,-4.88483705876391,4
llama,ValuePrism_PILOT_EVAL,8c1f553c1c58cc7a,b8063f0c17ff,1,-3.445888769172135,4
llama,ValuePrism_PILOT_EVAL,8c890c2ef83c7de1,94ae49c62885,1,-4.6140302280175565,4
llama,ValuePrism_PILOT_EVAL,8d9273f8a3cc9eb6,5f7967356dc6,-1,-4.415270164193706,4
llama,ValuePrism_PILOT_EVAL,8dced934995ddcfe,1a3477a1a33b,-1,-4.784492429146004,4
llama,ValuePrism_PILOT_EVAL,8e10dae12ee758ac,67777e744c13,-1,-5.038423395879417,4
llama,ValuePrism_PILOT_EVAL,8e11e6d0232d523a,39c9d15be2c9,1,-4.322944457640206,4
llama,ValuePrism_PILOT_EVAL,8e3370887c48917d,1ed43b987724,1,-5.038735325879392,4
llama,ValuePrism_PILOT_EVAL,8e4a4bc8bcd98ef1,d51a3d0bbd87,1,-2.896565589834684,4
llama,ValuePrism_PILOT_EVAL,8ee3e394c960ce51,918093301aef,-1,-4.518899537654281,4
llama,ValuePrism_PILOT_EVAL,8f4b19414b27424c,499932b126ef,-1,-4.93878379570042,4
llama,ValuePrism_PILOT_EVAL,8f8463a198538c6e,68eda3326b3c,-1,-4.412225044326624,4
llama,ValuePrism_PILOT_EVAL,8fd0449061872933,926dacce2e7d,1,-4.378167443462159,4
llama,ValuePrism_PILOT_EVAL,8fd2ef70080e78ee,a7fe53a4018d,-1,-4.900169674416735,4
llama,ValuePrism_PILOT_EVAL,8fe761c1d5e532cf,aefd878b4270,1,-3.900230692804923,4
llama,ValuePrism_PILOT_EVAL,902c6dbde4f91bbd,ae1f880ad3be,-1,-5.082543204428954,4
llama,ValuePrism_PILOT_EVAL,9044ec11a85a4994,f51224fb38be,-1,-4.289300092769587,4
llama,ValuePrism_PILOT_EVAL,904a6649d62d2ea6,2b30dc97db48,1,-4.002924684806892,4
llama,ValuePrism_PILOT_EVAL,91ffe57821f33318,68eda3326b3c,-1,-3.987062143243227,4
llama,ValuePrism_PILOT_EVAL,923530e7519082b7,aefd878b4270,-1,-3.0495750008991087,4
llama,ValuePrism_PILOT_EVAL,92c796ac11e084d9,38ddb7218f16,-1,-4.866453979540272,4
llama,ValuePrism_PILOT_EVAL,941a6d9a509f8e1e,ebd7adca85db,-1,-4.640476302524427,4
llama,ValuePrism_PILOT_EVAL,94c0d83ba5e50eb0,1451e3efdff5,-1,-4.904173244935288,4
llama,ValuePrism_PILOT_EVAL,94dd5f73e7863791,df2a966a5c33,1,-4.814045402259534,4
llama,ValuePrism_PILOT_EVAL,954d0b47675c29db,b277e77cc6f8,-1,-4.70493351686397,4
llama,ValuePrism_PILOT_EVAL,954df1be0c8bc786,f426101b1538,-1,-4.889457450593001,4
llama,ValuePrism_PILOT_EVAL,964ea9127f82adef,e0f9c65023a9,-1,-4.56817072488445,4
llama,ValuePrism_PILOT_EVAL,96bd9176532c9557,7232a03c0414,-1,-3.838594192720096,4
llama,ValuePrism_PILOT_EVAL,9727f29fc0a99860,8d91bb644137,1,-4.575193504781528,4
llama,ValuePrism_PILOT_EVAL,98285d003c152fb9,3cf48760defe,1,-2.6000411263390424,4
llama,ValuePrism_PILOT_EVAL,9949da2b7d36630b,a58c036ae817,1,-3.5894096842204304,4
llama,ValuePrism_PILOT_EVAL,9976b430a67ea364,b339e6e88df0,1,-3.9510525557143104,4
llama,ValuePrism_PILOT_EVAL,9aad60bbd4bce354,dc4a0e322bef,1,-4.434214629420096,4
llama,ValuePrism_PILOT_EVAL,9ac80ef29f71df96,1c196c3207c2,1,-4.291474722283583,4
llama,ValuePrism_PILOT_EVAL,9aebd6d55a9c7306,1451e3efdff5,1,-3.1301945735815293,4
llama,ValuePrism_PILOT_EVAL,9afe4f2f48e7b7c5,a9fd0e21390e,1,-3.73607070458041,4
llama,ValuePrism_PILOT_EVAL,9b0aac29e8c95fbe,0c456cbac017,-1,-3.575957203907862,4
llama,ValuePrism_PILOT_EVAL,9b1c3012e9c63b9a,638b0d9da530,1,-4.677831252414261,4
llama,ValuePrism_PILOT_EVAL,9babd4de907b8992,5f7967356dc6,1,-3.8644808927726526,4
llama,ValuePrism_PILOT_EVAL,9d25d9a869afce81,5ffc8594267a,1,-4.684193857662165,4
llama,ValuePrism_PILOT_EVAL,9e75406247f6233a,d63083f5e364,-1,-5.027688666212772,4
llama,ValuePrism_PILOT_EVAL,9e796d2d4e33d05a,f426101b1538,1,-4.5493061091924485,4
llama,ValuePrism_PILOT_EVAL,9e9841072aabb83b,440bdd09b8f1,-1,-4.495621012186316,4
llama,ValuePrism_PILOT_EVAL,9fc73991deb0271b,ae1f880ad3be,-1,-4.822034947576521,4
llama,ValuePrism_PILOT_EVAL,9fe6f8962dab9d17,6db8d2ba4a71,1,-3.2353152763949384,4
llama,ValuePrism_PILOT_EVAL,a0046b693af02f5d,192c2928e2ae,1,-4.623129301479494,4
llama,ValuePrism_PILOT_EVAL,a04110fd0d9ec2e6,b277e77cc6f8,-1,-4.312445020269088,4
llama,ValuePrism_PILOT_EVAL,a0a22d977fbf1ea6,38ddb7218f16,-1,-4.978530342997194,4
llama,ValuePrism_PILOT_EVAL,a1283ced76195c09,aa59e2fea465,-1,-4.575344463594263,4
llama,ValuePrism_PILOT_EVAL,a17d60271e4d5a02,39c9d15be2c9,-1,-4.767750327122098,4
llama,ValuePrism_PILOT_EVAL,a255ecab6b162e79,6c22db837d6a,1,-4.188020525333748,4
llama,ValuePrism_PILOT_EVAL,a2daedc6a369772f,ba5f5285d226,-1,-3.430633947663693,4
llama,ValuePrism_PILOT_EVAL,a36ad3126b962560,353ea7e598f8,-1,-4.963997916711026,4
llama,ValuePrism_PILOT_EVAL,a38f24dba315b3f5,a11cb6581b8d,-1,-4.309549689370742,4
llama,ValuePrism_PILOT_EVAL,a3a98e90462487ef,90522fe1f8dd,-1,-4.966465947335213,4
llama,ValuePrism_PILOT_EVAL,a3beacf1507901c5,1ed43b987724,-1,-4.251875359288952,4
llama,ValuePrism_PILOT_EVAL,a3e0af3c229d9ff0,ba5f5285d226,1,-3.1777311749712336,4
llama,ValuePrism_PILOT_EVAL,a41eea25654bbccd,c5798d139de7,1,-4.6222097521462375,4
llama,ValuePrism_PILOT_EVAL,a4aaeb5820248088,737c2fe51f4f,-1,-4.1370162143433244,4
llama,ValuePrism_PILOT_EVAL,a4b7d8e30734d172,3b9497cfd342,1,-4.041463580926765,4
llama,ValuePrism_PILOT_EVAL,a6498375e1f2e2e2,b1668f14295a,-1,-4.513538711894158,4
llama,ValuePrism_PILOT_EVAL,a68741c8ed42e6fa,91aad4caf206,1,-3.304789685927359,4
llama,ValuePrism_PILOT_EVAL,a690da8ea8439591,94ae49c62885,1,-2.885365051525352,4
llama,ValuePrism_PILOT_EVAL,a6a6d8e53cc0ddd5,c35228e609f6,1,-3.188051539020534,4
llama,ValuePrism_PILOT_EVAL,a77392082271dd31,2af4bf031c7a,-1,-4.5184317820976565,4
llama,ValuePrism_PILOT_EVAL,a7a681adf60286c9,638b0d9da530,-1,-4.909078606647666,4
llama,ValuePrism_PILOT_EVAL,a7c3725bf1a4a170,62903863ec3f,1,-3.2856275991342256,4
llama,ValuePrism_PILOT_EVAL,a7dac3b7bd635b1a,e1e202f73f44,1,-4.594385169638143,4
llama,ValuePrism_PILOT_EVAL,aaabef6d133f7da4,ebd7adca85db,1,-3.1526608273157137,4
llama,ValuePrism_PILOT_EVAL,adf26dbe29a47f30,7318a5922efe,1,-3.5501443487162527,4
llama,ValuePrism_PILOT_EVAL,ae3b7b96d9f69e7d,df2a966a5c33,-1,-4.6918325035751725,4
llama,ValuePrism_PILOT_EVAL,affdfb3d3bc2248f,f964326d08d9,-1,-4.593974150188683,4
llama,ValuePrism_PILOT_EVAL,b0c5468d0a0bbabf,353ea7e598f8,-1,-4.158973070914777,4
llama,ValuePrism_PILOT_EVAL,b1c10fec9b52e2e9,e1e202f73f44,-1,-4.808657773587793,4
llama,ValuePrism_PILOT_EVAL,b1e7d12a0705770b,832fedab88df,1,-5.003559701857313,4
llama,ValuePrism_PILOT_EVAL,b1f1691a79a2a312,5877a571834a,1,-4.142655489853049,4
llama,ValuePrism_PILOT_EVAL,b36258625267e261,f8fb5453bb41,1,-2.779418624333613,4
llama,ValuePrism_PILOT_EVAL,b3d32fd4c5694e93,8ef83b6e21b4,-1,-4.786121052643401,4
llama,ValuePrism_PILOT_EVAL,b5dd33bcaf7306da,b87d702c3e0e,1,-4.167923176754487,4
llama,ValuePrism_PILOT_EVAL,b64ab0ec86e685af,94ae49c62885,-1,-4.8498465196484455,4
llama,ValuePrism_PILOT_EVAL,b6ccb8f0d86c4102,5ffc8594267a,-1,-4.277043937855765,4
llama,ValuePrism_PILOT_EVAL,b745624adf63fecc,c5798d139de7,-1,-4.873566534431834,4
llama,ValuePrism_PILOT_EVAL,b76833f2507e7ed2,4fdbcddceaaf,1,-4.535185592305609,4
llama,ValuePrism_PILOT_EVAL,b77d135045c96bf8,6c22db837d6a,-1,-4.522856697521723,4
llama,ValuePrism_PILOT_EVAL,b8036589df1abfc8,b277e77cc6f8,1,-4.929075051472611,4
llama,ValuePrism_PILOT_EVAL,b833003106435695,737c2fe51f4f,1,-4.817084972402913,4
llama,ValuePrism_PILOT_EVAL,b864013c70a77d13,ee96462a37c0,1,-3.125728236641182,4
llama,ValuePrism_PILOT_EVAL,b8cfe53fc210b1f5,136a9772e348,-1,-4.59482038697441,4
llama,ValuePrism_PILOT_EVAL,b969333994aff2d6,87d5ed23661d,1,-2.808096033877968,4
llama,ValuePrism_PILOT_EVAL,b9aa98600c73937e,d0db8c0419d8,1,-3.660071496796897,4
llama,ValuePrism_PILOT_EVAL,b9c16ec2af3211b5,499932b126ef,-1,-4.945234218750125,4
llama,ValuePrism_PILOT_EVAL,b9cd78a1f5eaeecb,a11cb6581b8d,-1,-4.743382011125632,4
llama,ValuePrism_PILOT_EVAL,ba03a51ec5239614,ea2512a2e57e,-1,-4.782897410387342,4
llama,ValuePrism_PILOT_EVAL,ba10ae6bfab2be08,f964326d08d9,-1,-4.521133267393054,4
llama,ValuePrism_PILOT_EVAL,ba50d081d801470e,8727d613ce78,1,-4.9679681232191815,4
llama,ValuePrism_PILOT_EVAL,babd188bf16b33f9,67777e744c13,1,-4.984524262380825,4
llama,ValuePrism_PILOT_EVAL,bb532e1f88580193,3f2e4b9db3d0,-1,-4.97539645828804,4
llama,ValuePrism_PILOT_EVAL,bcaa06092813a25b,c35228e609f6,1,-4.377989125849464,4
llama,ValuePrism_PILOT_EVAL,bda9277e17b8b6b5,aa59e2fea465,-1,-4.632319284066848,4
llama,ValuePrism_PILOT_EVAL,be65b0234d68bd57,c571eca3306b,1,-4.619474581128597,4
llama,ValuePrism_PILOT_EVAL,be7c5e8307a4aa98,87d5ed23661d,1,-3.534661260731892,4
llama,ValuePrism_PILOT_EVAL,bea26c7e098f3900,0c5a75f6bae8,-1,-4.190973128225872,4
llama,ValuePrism_PILOT_EVAL,bf5f01295617eb93,2af4bf031c7a,1,-4.842850372327307,4
llama,ValuePrism_PILOT_EVAL,c092264ca865d952,508180109679,1,-3.910604851632342,4
llama,ValuePrism_PILOT_EVAL,c0ca41c9474e9a0a,a8c08cb7bde1,-1,-4.625846991477842,4
llama,ValuePrism_PILOT_EVAL,c0d2fa7d6bfc65d8,8727d613ce78,1,-3.853375370513314,4
llama,ValuePrism_PILOT_EVAL,c2b039ab5dee4bf7,1c196c3207c2,-1,-4.291581937416368,4
llama,ValuePrism_PILOT_EVAL,c3390d1fe7adfeb2,5877a571834a,1,-3.2660781035880264,4
llama,ValuePrism_PILOT_EVAL,c33e7ae5fd86b8e2,b5c6b002c47b,1,-4.056319069586604,4
llama,ValuePrism_PILOT_EVAL,c35cf1bd4f02dc93,f51224fb38be,-1,-4.573438753814717,4
llama,ValuePrism_PILOT_EVAL,c36e0cb057441f19,59ab64774169,-1,-4.661421754240293,4
llama,ValuePrism_PILOT_EVAL,c410bd0687e02c23,926dacce2e7d,1,-4.13622208030719,4
llama,ValuePrism_PILOT_EVAL,c425b8d4cdc3f0c5,f05147254c6d,-1,-4.92972697706015,4
llama,ValuePrism_PILOT_EVAL,c4270c869e26056d,6c22db837d6a,-1,-3.1822075492444304,4
llama,ValuePrism_PILOT_EVAL,c48a0dbf1e94a419,918093301aef,1,-2.659197140554318,4
llama,ValuePrism_PILOT_EVAL,c4b3be402a15155a,7318a5922efe,1,-3.8700509154219778,4
llama,ValuePrism_PILOT_EVAL,c4d3b4376708f863,1c196c3207c2,1,-4.599824252662191,4
llama,ValuePrism_PILOT_EVAL,c4fe8eee84353551,1451e3efdff5,-1,-3.956211776157886,4
llama,ValuePrism_PILOT_EVAL,c565d87594900e9b,f98f6f231f01,1,-4.645599737274139,4
llama,ValuePrism_PILOT_EVAL,c5921c405c2b72d3,36b44414c0a6,-1,-4.853740036053114,4
llama,ValuePrism_PILOT_EVAL,c79a422870f0adc5,ebb994099954,-1,-4.478019666694781,4
llama,ValuePrism_PILOT_EVAL,c81aceb410682545,5877a571834a,-1,-4.163055174622155,4
llama,ValuePrism_PILOT_EVAL,c846cf4a636504ed,9aa417751887,1,-4.082538025719655,4
llama,ValuePrism_PILOT_EVAL,c8f2419d67f39518,508180109679,-1,-4.7101173616399095,4
llama,ValuePrism_PILOT_EVAL,c93594b5f21ac830,c35228e609f6,-1,-4.691639387464656,4
llama,ValuePrism_PILOT_EVAL,c94ca6133753a0ec,1c196c3207c2,-1,-4.809331934481704,4
llama,ValuePrism_PILOT_EVAL,c9c18c6f3d98f77f,65cde817fb8f,1,-3.2151811676453974,4
llama,ValuePrism_PILOT_EVAL,c9e081a555217914,5f7967356dc6,-1,-3.841292079661208,4
llama,ValuePrism_PILOT_EVAL,ca2edc2d57821e19,508180109679,-1,-4.639153375877287,4
llama,ValuePrism_PILOT_EVAL,cab5a27304857ba1,7232a03c0414,-1,-4.978015169592251,4
llama,ValuePrism_PILOT_EVAL,cad16977f2b84edc,f51224fb38be,1,-3.269619617775648,4
llama,ValuePrism_PILOT_EVAL,cb75971df487ea50,c484ba14cd1a,-1,-4.850064151721174,4
llama,ValuePrism_PILOT_EVAL,cb8f5634f142ce3d,6bb9730ff8ce,1,-3.4149703983106123,4
llama,ValuePrism_PILOT_EVAL,cbffd49b1bd3b699,e0f9c65023a9,1,-4.001577920021315,4
llama,ValuePrism_PILOT_EVAL,cd1fd32c7d5115b8,e7860ea4b963,-1,-4.6060410458876735,4
llama,ValuePrism_PILOT_EVAL,cdbe22f0c442483d,9aa417751887,1,-3.7130219627891017,4
llama,ValuePrism_PILOT_EVAL,cdbebbef585e3f29,192c2928e2ae,-1,-4.828424747707446,4
llama,ValuePrism_PILOT_EVAL,ce4a202474e54479,f51224fb38be,1,-3.452497525177016,4
llama,ValuePrism_PILOT_EVAL,cecd0f8864120d43,1a3477a1a33b,1,-3.222146321149222,4
llama,ValuePrism_PILOT_EVAL,cee89eb8ee52f6f7,5559fc6fc893,-1,-3.587936958861898,4
llama,ValuePrism_PILOT_EVAL,cf177d613db368e1,6f496dd18524,-1,-4.4647839987698585,4
llama,ValuePrism_PILOT_EVAL,cf4b516109588d87,36b44414c0a6,-1,-4.996914130975613,4
llama,ValuePrism_PILOT_EVAL,cf7da8dba31f92e3,13f01030b40e,1,-2.894277797773182,4
llama,ValuePrism_PILOT_EVAL,cf8db4b66cbcac3f,8727d613ce78,-1,-4.91206379513274,4
llama,ValuePrism_PILOT_EVAL,cfe1c9c12e7fdcd4,508180109679,1,-4.065114662013444,4
llama,ValuePrism_PILOT_EVAL,d076d9d8362fa698,52c92fe42219,-1,-4.6649473043302505,4
llama,ValuePrism_PILOT_EVAL,d0b92ad5a689a3e8,d63083f5e364,1,-3.5243762119651736,4
llama,ValuePrism_PILOT_EVAL,d0d91a3f67fe2e53,b5c6b002c47b,-1,-4.787735082109476,4
llama,ValuePrism_PILOT_EVAL,d1a48e3bfeaed7b1,45333f3c52dc,-1,-4.801060529300951,4
llama,ValuePrism_PILOT_EVAL,d216135fb8f74159,ebb994099954,1,-3.684006796529044,4
llama,ValuePrism_PILOT_EVAL,d2b8cf8ee57bba87,52c92fe42219,1,-2.9112701865528314,4
llama,ValuePrism_PILOT_EVAL,d4a66675746efba9,e6f181a4c26e,-1,-4.670302954565011,4
llama,ValuePrism_PILOT_EVAL,d4b47b6d4526e48e,ba5f5285d226,1,-3.414556780895402,4
llama,ValuePrism_PILOT_EVAL,d5a937aa707cbbba,5877a571834a,-1,-4.852903770998897,4
llama,ValuePrism_PILOT_EVAL,d5f3c9e096ad00b4,7fc74b77564e,-1,-4.763883626203434,4
llama,ValuePrism_PILOT_EVAL,d601d22344f6c5f6,ebb994099954,1,-3.111832473145407,4
llama,ValuePrism_PILOT_EVAL,d70da5f548995967,b277e77cc6f8,1,-3.2877395294150293,4
llama,ValuePrism_PILOT_EVAL,d723818fefd0986b,44c2a3bf9b5b,-1,-4.7268584192116805,4
llama,ValuePrism_PILOT_EVAL,d73fb6926cdb25e4,0cc60aa12ea6,-1,-4.864531591497206,4
llama,ValuePrism_PILOT_EVAL,d7a98b716d3b7b4e,62903863ec3f,-1,-4.832019452180552,4
llama,ValuePrism_PILOT_EVAL,d851bf582b899653,a8c08cb7bde1,1,-4.308344359208227,4
llama,ValuePrism_PILOT_EVAL,d85f3f84b662dfa3,91aad4caf206,1,-4.871318298079569,4
llama,ValuePrism_PILOT_EVAL,d98d414744edb697,2838b362b8f3,-1,-4.834463155135689,4
llama,ValuePrism_PILOT_EVAL,da049bf446fb8459,a7fe53a4018d,-1,-4.876695901008043,4
llama,ValuePrism_PILOT_EVAL,da22e2d82b6b5df3,c35228e609f6,-1,-4.812226752203474,4
llama,ValuePrism_PILOT_EVAL,da50e7d4bae64e90,52c92fe42219,-1,-5.115513395835381,4
llama,ValuePrism_PILOT_EVAL,da60902a71e508be,2c39dbc75575,1,-3.499219507570164,4
llama,ValuePrism_PILOT_EVAL,da7939d4798b6649,8d91bb644137,-1,-3.469732262148467,4
llama,ValuePrism_PILOT_EVAL,dad207b504379574,918093301aef,1,-4.555396289724396,4
llama,ValuePrism_PILOT_EVAL,dadadc0dc3ec3037,4191f58e9158,1,-4.373896356098182,4
llama,ValuePrism_PILOT_EVAL,db8767efa2a68499,39c9d15be2c9,-1,-4.505408861436166,4
llama,ValuePrism_PILOT_EVAL,dc0fc33a428cbcc9,ae86d96aa9df,-1,-4.69597149631874,4
llama,ValuePrism_PILOT_EVAL,ddad390db9dcce5e,6db8d2ba4a71,1,-4.452004880414973,4
llama,ValuePrism_PILOT_EVAL,ddf8a1b00775309a,dc4a0e322bef,-1,-2.9840905907896054,4
llama,ValuePrism_PILOT_EVAL,de57076d4ff102a7,737c2fe51f4f,-1,-4.949229529701846,4
llama,ValuePrism_PILOT_EVAL,de7812ea3f42956d,bb1db8edcfe9,1,-4.302831662551547,4
llama,ValuePrism_PILOT_EVAL,df2e4d752fe2d315,5e0291b4a26b,1,-4.028827244942468,4
llama,ValuePrism_PILOT_EVAL,df8de7eed4b284d2,44c2a3bf9b5b,1,-4.680162046208795,4
llama,ValuePrism_PILOT_EVAL,e05204beb6088057,df2a966a5c33,1,-3.7492098781723686,4
llama,ValuePrism_PILOT_EVAL,e0daf7bd156c4bc3,a7fe53a4018d,1,-4.228540234344071,4
llama,ValuePrism_PILOT_EVAL,e1649e0bc562392a,d0db8c0419d8,-1,-4.892378049573352,4
llama,ValuePrism_PILOT_EVAL,e1bb6b2421b0506a,f5ea35cccd52,1,-2.7368969900538302,4
llama,ValuePrism_PILOT_EVAL,e208400dd346f3e6,ae86d96aa9df,1,-3.672826021954117,4
llama,ValuePrism_PILOT_EVAL,e273b3bfb804bbfa,4740beac2df9,-1,-4.544301733392317,4
llama,ValuePrism_PILOT_EVAL,e2886d06578c944f,e0f9c65023a9,1,-4.207540195327762,4
llama,ValuePrism_PILOT_EVAL,e2ec2dd172dc6ec6,68eda3326b3c,1,-3.0239165948301463,4
llama,ValuePrism_PILOT_EVAL,e2f86a6ddd252e81,3cf48760defe,-1,-4.489316265049494,4
llama,ValuePrism_PILOT_EVAL,e3373f4567f4ca5a,a61ef25edfa9,1,-2.977266897313787,4
llama,ValuePrism_PILOT_EVAL,e386a64afef89b06,9aa417751887,-1,-4.140477810276308,4
llama,ValuePrism_PILOT_EVAL,e4263a8ec11f48e6,3f2e4b9db3d0,1,-2.6670264068363005,4
llama,ValuePrism_PILOT_EVAL,e43d61c1336b3dd7,44c2a3bf9b5b,1,-3.711557594206275,4
llama,ValuePrism_PILOT_EVAL,e444ed539b2a6b1c,9bbc802f386b,-1,-3.570002967282945,4
llama,ValuePrism_PILOT_EVAL,e5141843128df756,d63083f5e364,-1,-4.798085568275901,4
llama,ValuePrism_PILOT_EVAL,e56c2a60b615f991,832fedab88df,-1,-4.744704680448425,4
llama,ValuePrism_PILOT_EVAL,e5f7154e723b2fe1,4191f58e9158,1,-3.635456800221049,4
llama,ValuePrism_PILOT_EVAL,e6902c2149e9aeb3,51e790c22d59,-1,-4.76891729188089,4
llama,ValuePrism_PILOT_EVAL,e76f507dbef363c2,df2a966a5c33,-1,-3.6009323131818376,4
llama,ValuePrism_PILOT_EVAL,e782612bdcfdcc26,b8063f0c17ff,-1,-4.578093494326229,4
llama,ValuePrism_PILOT_EVAL,e89802ebf191f93f,8a66018e75b5,1,-2.9599168571462258,4
llama,ValuePrism_PILOT_EVAL,e9035d311add547d,b339e6e88df0,-1,-4.290458019463948,4
llama,ValuePrism_PILOT_EVAL,ea3e32ad6e3dd21c,f05147254c6d,1,-4.796598101827014,4
llama,ValuePrism_PILOT_EVAL,ebc8b089df9c7aa5,0cc60aa12ea6,1,-3.123357083762224,4
llama,ValuePrism_PILOT_EVAL,ebd587c6611c916f,3b9497cfd342,-1,-4.535203781825032,4
llama,ValuePrism_PILOT_EVAL,ebdac404f1b01d2b,440bdd09b8f1,1,-4.493578572681114,4
llama,ValuePrism_PILOT_EVAL,ecc4537e17f14c57,264c908ab889,1,-3.1082842047227084,4
llama,ValuePrism_PILOT_EVAL,ecdc74195fde2e53,91aad4caf206,-1,-4.929617854666901,4
llama,ValuePrism_PILOT_EVAL,ecf514eca924392b,45333f3c52dc,1,-4.083670087708693,4
llama,ValuePrism_PILOT_EVAL,ed4633476338a79e,663ca6e15948,-1,-4.798261824213594,4
llama,ValuePrism_PILOT_EVAL,ed521df7e1919620,b5c6b002c47b,-1,-3.9404703096216833,4
llama,ValuePrism_PILOT_EVAL,ed75293c583cd810,5559fc6fc893,-1,-4.441329029459045,4
llama,ValuePrism_PILOT_EVAL,ee07eb1705a9f37a,a922079ba6b3,1,-4.918780450195758,4
llama,ValuePrism_PILOT_EVAL,ef52f4c6227f8a54,6bb9730ff8ce,-1,-4.882227662535126,4
llama,ValuePrism_PILOT_EVAL,ef7d226bc48ea18a,85be8d41d913,-1,-4.704409840290984,4
llama,ValuePrism_PILOT_EVAL,f02456a07302d244,f98f6f231f01,-1,-4.5761768510765,4
llama,ValuePrism_PILOT_EVAL,f0826db4e8b66b6b,5c0bf6cfe59e,1,-5.058695186037166,4
llama,ValuePrism_PILOT_EVAL,f14132645910a00a,2c39dbc75575,-1,-5.087894152870168,4
llama,ValuePrism_PILOT_EVAL,f17a875526fe8c68,b2493d617b2f,-1,-3.953142262346312,4
llama,ValuePrism_PILOT_EVAL,f192fc99fde6d532,2c39dbc75575,-1,-4.573933404512001,4
llama,ValuePrism_PILOT_EVAL,f1d98e703df180b1,d51a3d0bbd87,-1,-3.9385209800760927,4
llama,ValuePrism_PILOT_EVAL,f2a9fa259142b9ea,d63083f5e364,1,-4.132008205039026,4
llama,ValuePrism_PILOT_EVAL,f2e142829128b590,136a9772e348,1,-4.425837993681901,4
llama,ValuePrism_PILOT_EVAL,f313150985fa9bb0,f5ea35cccd52,1,-4.987399909689628,4
llama,ValuePrism_PILOT_EVAL,f350b8ba4c527907,4191f58e9158,-1,-4.67268787458633,4
llama,ValuePrism_PILOT_EVAL,f452d56f41d2b092,7232a03c0414,1,-3.0571724263862965,4
llama,ValuePrism_PILOT_EVAL,f536e11de3b63635,353ea7e598f8,1,-4.836072714463152,4
llama,ValuePrism_PILOT_EVAL,f5ec5b7025ba5761,4740beac2df9,-1,-3.097887013436253,4
llama,ValuePrism_PILOT_EVAL,f613866953249cd8,d5798890cc8f,-1,-3.292575302691387,4
llama,ValuePrism_PILOT_EVAL,f7b13306f8f8faa4,d5798890cc8f,1,-3.0957966001577097,4
llama,ValuePrism_PILOT_EVAL,f88d4d8314780b1c,68eda3326b3c,1,-3.3270158618353287,4
llama,ValuePrism_PILOT_EVAL,fab84eee27802b72,8727d613ce78,-1,-4.5746646981250905,4
llama,ValuePrism_PILOT_EVAL,fba852e55954f2c6,c571eca3306b,1,-3.219243812850856,4
llama,ValuePrism_PILOT_EVAL,fbb1174c1fff95f3,b9591cb5d863,1,-4.926045535912198,4
llama,ValuePrism_PILOT_EVAL,fbe73a93e41f5084,4740beac2df9,1,-3.746169590093253,4
llama,ValuePrism_PILOT_EVAL,fc5e3c8662d04864,a922079ba6b3,-1,-4.485279933306787,4
llama,ValuePrism_PILOT_EVAL,fccd1e9d0b7fe044,257896eeb5b0,-1,-4.329144758392878,4
llama,ValuePrism_PILOT_EVAL,fd605f2827d02d6b,b1668f14295a,-1,-4.487709011262686,4
llama,ValuePrism_PILOT_EVAL,fdc14325e4cd9392,136a9772e348,-1,-3.372367866009501,4
llama,ValuePrism_PILOT_EVAL,fe1d04493c1905f1,e6f181a4c26e,1,-3.024362071458712,4
llama,ValuePrism_PILOT_EVAL,ff990d0d4742f25f,aefd878b4270,1,-2.9495445609454483,4
gemma,AMPERE++,0044b5d7ac3fef8489825c5cf695f762c14f36805791c69d7501b5bdcefe24ad,SyU_UK2lf,1,-11.932694568791034,8
gemma,AMPERE++,07c8024a981205b93e6cf8e605bc8319970b22784d487b089b7cc62dca603712,SkxHS_vlz,-1,-15.946610922669148,8
gemma,AMPERE++,07f152baeb0778692ee2be8be858a91c8f230cf950e628da5c7fcb8a305d3873,SysTGDdxf,-1,13.608558983972472,8
gemma,AMPERE++,09a07d99fe5e6c1bdef8917640776a118d093f9cbd2794d5a481670457abf85f,By-4qhFeM,1,-0.7535922577235743,8
gemma,AMPERE++,0cf9169eb9f17fdc3b4dd3ba26433e564dabf40aa3fc2906389120e26430aeb3,SkugmHtgf,1,26.22805953876264,8
gemma,AMPERE++,0dc3f725f2882d1131e2bb91789735f5ec29d0dd180df1a74382b9da210bc0eb,SJNicmVeM,-1,0.0781624463725503,8
gemma,AMPERE++,0e46737d9335158d8a666df18f7edcb36566ce038a171a03395361b4eb666f48,Hk1CjNZyM,-1,-41.14369330474032,8
gemma,AMPERE++,1108f3ce968c17f4c5e64138f602e0624c8d4fec3566fa1fa6d9e6fa66d27e99,SJNicmVeM,-1,6.679312066539958,8
gemma,AMPERE++,1540a384560a286c441f48090f08eca93a72989632ac340e1183d7d5affa9924,SkxHS_vlz,1,34.49494816422427,8
gemma,AMPERE++,15648943d7255ec10cc91984ba0c788f7bb0208a73da07e3187d14f478eae3f8,HyLL47JGf,1,77.64221751046601,8
gemma,AMPERE++,1706b241f9282f6ac28ef2ad95a37e6168ca9f35e784df3e077409df3be3f8b4,S1_Zyk9xG,1,-15.986401930338925,8
gemma,AMPERE++,17bb2a03be69f645346d789034ff2bee9f122735e3c0ac8668f886cacf92713f,Hk1CjNZyM,1,36.14469022017758,8
gemma,AMPERE++,18053c8d0dabeb2fe1f2e835d01db7d15f78689c2525bdd11db07c23f541981f,SkxHS_vlz,1,72.17842925085922,8
gemma,AMPERE++,190a808a592800bbdec2d2a32ca78cff571d5fca6a53dd1ad849f7a6a95cbcb5,SkzzOIcez,1,58.82106242139502,8
gemma,AMPERE++,1985bac36b4ddd68e690434dc9678c199db82f3871e70e32605b4f8978a7a7ff,BJfU-qDeG,1,-7.0508967630024975,8
gemma,AMPERE++,1a329ca3006845eb1426cbed679fa8afa593707c446c9b117685c21088ffe380,H1g6cQsxM,1,38.99050732760917,8
gemma,AMPERE++,1be23d368190d028d73c0e26b2089031514c170293dcacd6a25855309446dfd1,BkL0g3a1f,-1,-16.572415326280392,8
gemma,AMPERE++,1c2838fa81fc5c5fd629a5a70a24515bf06cb0beb5c2ca31972d7f2052b3d615,ByL47G5lM,1,68.58746533009469,8
gemma,AMPERE++,1e6686115732e85ca2bf568ae5a4f154f0f133db367a02a62d420c52a3dd576d,Hk1CjNZyM,-1,-41.346003375338505,8
gemma,AMPERE++,20e9ff5d5a09ff6074c951331194be00884c062f077f935badfb92ffb40b81ac,BkWlPOFlM,-1,-42.38618777523513,8
gemma,AMPERE++,213dfdeba855073ce82c885e3a85b741e17a56f6ba8b65f00a1c5fdf373d9ee4,SJzxff6xM,1,-21.178845253193945,8
gemma,AMPERE++,21cadb52f36e2506e715a95f3f09e5deee710050153b8ce3a29bf03fd63c855e,rk4VD6Ymf,1,68.59869244684397,8
gemma,AMPERE++,29e912f0fe176d3169ac88822a360ea5512436576a1882abe828961a3883ffae,SyU_UK2lf,-1,-28.521882118057363,8
gemma,AMPERE++,2a735ed0f218dc6dd112956704657764f411027f461b5a347f2f525435105848,SJNicmVeM,-1,6.977727422754303,8
gemma,AMPERE++,2ab4584733b637783d7d8384090ca75dc2fd5af960d187221c08af79089765f3,HyZBE0IlM,-1,48.21781631264827,8
gemma,AMPERE++,2bc83276bc5182f92c96b2fea38434ef391e3d1fb09eb265cb45ed6371b243c9,SycLo2FxG,-1,-47.08879658877312,8
gemma,AMPERE++,2ce72e8e47cbd8f4fcafffe97fc627505e04f65e0cc55fc975d4226a1edf94c9,Bk15lpF1G,1,-13.654633488503992,8
gemma,AMPERE++,2dbddb0e783c04af1948c63ec01a85441930a7f888794ccca6f0f452a23a3a41,HyJlQlQWf,1,16.450694100372342,8
gemma,AMPERE++,2df188b7b0f083a25bd6ebb7d641587f9980aa717ee8fa0b38efc46a31302d6b,SkwCEXalM,1,54.88078946910745,8
gemma,AMPERE++,2e372fe3f3559b39dddc7249574779a75a5daa64d2f608767b0cd1f3cceb2a93,ByL47G5lM,1,-28.229202066765744,8
gemma,AMPERE++,3002af440eb8418eaba47fd5e2e5270f7cb63f5918f88950bd4151d834c217f8,SkFdaJtgf,-1,-28.897165387349336,8
gemma,AMPERE++,306fe75b7030eba77aca376029c31d930ebb1d0f8946c289a945ef0cf81e4d8c,S1_Zyk9xG,1,52.06242454918786,8
gemma,AMPERE++,330d310d5575a69c7afb1a817f405efe229ada6c31f1c3534638eff1fe1b9a65,SJ3tICFlz,-1,-8.447012593608132,8
gemma,AMPERE++,33ad0870906c77384d3a33c501a3e77de5409758dab909b8f2335ffda91da308,HJ_BtypgM,1,26.005823507267827,8
gemma,AMPERE++,36fa693b47a944bc05b065e81e69959d12ab2c933ecb22a5fe9a9ceab4f8e26b,rkBmo9ryM,1,0.6395753902133503,8
gemma,AMPERE++,38f634aa0d8d14b763113073787566885726f2ad76dd438839e40f92ec81fbd8,S1skfxRxM,-1,33.849530642866455,8
gemma,AMPERE++,3a005b584108b0875429792c1fcf0a868c1cbcad1d358f94b2b7b9fcf9e52eb2,Hk1CjNZyM,1,-2.0276988918306404,8
gemma,AMPERE++,3ad9e2b5ee65ac6faee7c2d779231ce197f1649855505bae50e9d5bb9a758da9,SkwCEXalM,-1,-20.74095452572561,8
gemma,AMPERE++,3c3ed11433698326e25f03beedf699ec1dbc09df101ce03a90a5f860bfc56d0d,HJ_BtypgM,1,-21.37174461582724,8
gemma,AMPERE++,43fc64b006182d5fa886e2ae2694628bf210aaff2c8d99da968ac38b7079e53b,r1k_ETYlM,1,61.81321881138892,8
gemma,AMPERE++,474b27ddf628a5a2f7c301a81e9f0ad1bb623d1482d3639db2e57f408665cb16,SkNXYkbkz,1,61.63120442374655,8
gemma,AMPERE++,47f3be77b1120925732ea3234cb1765c2e1ba803608c3011424cb84ab3701f6f,SkF57lqez,-1,9.517254738929738,8
gemma,AMPERE++,4e4361e195c1dfe7d7d526a7307dbb464233c3abf2174841726b144467f9eaf7,S1_Zyk9xG,1,58.23761103640577,8
gemma,AMPERE++,4f7ef70c50486f2551f58ce5eca64609291229b48955526808ac399c74520f00,S1skfxRxM,-1,-24.962314587843984,8
gemma,AMPERE++,51a19c0265e3e854a3b46cc72e4d37657f327c15ee89eb34d22da24fe94c8a49,ByL47G5lM,-1,-35.09412085134997,8
gemma,AMPERE++,5246eaf6d16597936010983ba45db89a6f3553dc041a64d1945f0e997ad55200,ByC55Gcxz,-1,23.345674196148707,8
gemma,AMPERE++,5633b7b615166c761c012def58d80f3a566c3436ba82cc78ffd79da28bd04a26,Hk-OLVKeM,1,-47.38441437153241,8
gemma,AMPERE++,56d27c374d9e14b5dfb70b784d59894fc9517cab73e213277232317f99e90a3c,BkWlPOFlM,1,42.6428500653054,8
gemma,AMPERE++,575a23e3acd34b2c9a38c757e20101b963f89da8dcc28d37c71e4c8fe42f9645,SJNicmVeM,-1,-2.949052195615117,8
gemma,AMPERE++,57e26a78b64c7c393084e78c1406cef1fccb02cac0463b1def4cc90125b6ae65,Hk1CjNZyM,-1,69.79417934459926,8
gemma,AMPERE++,59656221d6d71406c7fe2452c80fc09498bd2955c921a01e08a7b48d8a60623e,H1g6cQsxM,1,-4.879234868228297,8
gemma,AMPERE++,5c05666f1430aabdcc28f24ea0895bd27a05f6a31c1cb3390e9e9e72a52097f8,rJ96Jgclf,1,46.35961445634898,8
gemma,AMPERE++,64fac84bca0d907ddc8f12419d6612976f16eb10a4eb8597cea3dfc1ea44f8f5,SJzxff6xM,-1,-21.59765091595016,8
gemma,AMPERE++,674a2568b7024218f0e78cffb1134994a092067855edee9f1920ee3df110bd36,SJzxff6xM,1,56.15364293044401,8
gemma,AMPERE++,6a04ca85cc83425c9fa5f811b9b67dba5270a7cdb5390226842b2b852b60beca,SkxVw6t7z,-1,-15.01890948175382,8
gemma,AMPERE++,6e37378de323b1843af98a910065e1a4c758e67868bd08d1ea79c811ee8de78e,rkBmo9ryM,-1,-31.09629303850968,8
gemma,AMPERE++,7001e1c6b5acfa7c58ec9e06b3d0409f1d1ea10fe1800dafde539f00ab13b25b,SJzxff6xM,1,-17.122183913340095,8
gemma,AMPERE++,710cc5cfca521ef82056807a34188e7fedb223b0b330c313a39404de0204e9b5,r1k_ETYlM,1,70.35002644343649,8
gemma,AMPERE++,73184b27bed078bb5762612413959ff1fc38eac9128242da1bac9a8d9a93345d,HyyQKdklf,-1,47.71099808619359,8
gemma,AMPERE++,74070de2246a41be7200adf41f78eee779000049eb6c454de7c40ef9957e0e6c,S1_Zyk9xG,-1,-20.11278560124539,8
gemma,AMPERE++,74b9afa37df22a86b737f2032b4b3d970c8587c8884d9a69668fb0b76a1ec224,SkxVw6t7z,1,61.05102088094787,8
gemma,AMPERE++,75a05fed20003776e7a6b78a1683df23d75276987ab2d6602a9e6a8b4491a131,S1uz175xf,-1,-30.612536564406145,8
gemma,AMPERE++,762729544e35d5aead0e19e3beba9e58ca04e5ab1e45b703cbc803ba56407340,SJNicmVeM,-1,-11.752692891071522,8
gemma,AMPERE++,76fe17ecfeef068dd194a7b123ed615e3b144626f610716c518a4195dff6309d,SyU_UK2lf,-1,5.362182427528587,8
gemma,AMPERE++,7792a033abd07ec34997f7c5896efa4df39539c7ce24e24bfdc4866c051f0c0b,SkNXYkbkz,1,12.51827030072188,8
gemma,AMPERE++,7895fa3874601b383a5a8c07f98ae9374b2f63fa3a310915f626860d354e9881,SJNicmVeM,-1,-5.829052534889741,8
gemma,AMPERE++,78b1d2550c009613b486e1dc3c3eda6e96bc7e1067f82d47c57cad11f2ffd337,BkL0g3a1f,-1,-25.62949413136091,8
gemma,AMPERE++,78dd852994890cb0ca1f5fe276f2d212e41db6033fd08ee8e27fd81c7f88ae84,Hk-OLVKeM,1,7.599312571050413,8
gemma,AMPERE++,797f051194f3278d33acd84a65ec32187c7bb0ee06d9369a964353c01a89abb7,S1_Zyk9xG,-1,-46.79466879256901,8
gemma,AMPERE++,7dac8ab2e300a57a8023d184c77127c4ce51c6755e84723f860abb69042abf0d,S1skfxRxM,1,27.146057414276243,8
gemma,AMPERE++,7eec79b3db4f0756580b638a7614dff6cc293ec00af693d25bce47869916661e,S1skfxRxM,-1,11.029699059804374,8
gemma,AMPERE++,821fb6025af92374524a711f5d8a68d4305f7611c2a341895eebc644f05aa5ae,B1chwjFlz,1,68.46121861344336,8
gemma,AMPERE++,82a4053c8079d1bbf224da7cff308df1669dad9a3899bc3b16e9e04ce078b6ae,SyU_UK2lf,-1,-17.072999976583667,8
gemma,AMPERE++,832fd28dbc541fe53eec0dc36d2e3631f177b616bd10c7fb5f50f5642235104b,H1g6cQsxM,1,11.07326307457012,8
gemma,AMPERE++,84b9526f0b9c9082e189f4d085bbf29110dcb7043a7c085fe0936bbebc5c57f8,SJNicmVeM,1,-0.2654950725531433,8
gemma,AMPERE++,87353e351c4fbcae41734fcb2d01d6ac3e2ae518cc5125623a8a961843f79597,ByL47G5lM,1,52.95836401494161,8
gemma,AMPERE++,87c33e0b1d83627d7dc1b92cb9ee64213a23a4bc0dc9777732a8b66b2d438f4d,SJNicmVeM,-1,3.849943230416649,8
gemma,AMPERE++,8886e71faf7fd6cc6683fc2ccf3fc20a0457914b663af68a75e4c2594c4d1dcb,S1skfxRxM,1,30.548742499680397,8
gemma,AMPERE++,88fb39883b18ee7ff665255970f4b5c0a3f0b9b95248ca655b0a0645cdccf93c,SJNicmVeM,-1,-51.93669161677825,8
gemma,AMPERE++,8fa2d8a386c38d6c78bd6042868b3da5a6b3fbd47f041f99bc8f1d6224ec1674,SkpfobogG,1,59.83884380132881,8
gemma,AMPERE++,91c5ec5d981096aae564e3a00fef1f1ee65c44cb7059fae1ee36b91e0ce90b22,HJ_BtypgM,1,38.42285331580104,8
gemma,AMPERE++,93939eb4c568230c9ed68593495fa4e6bd654f6c70b123cb68253231a4544ac7,SJBZut5gM,1,47.643986274386165,8
gemma,AMPERE++,96e4823031bfd511d2bcbbf39f8c463f7953b4c2e9f188c38d8a9aed359a2b30,HyJlQlQWf,1,-12.5527324574622,8
gemma,AMPERE++,9c762fb816708dd51e5f6e03551309f54c31456b48331c0e4356173187c42588,ByL47G5lM,-1,-19.476534137496294,8
gemma,AMPERE++,9f788b7b2eb16973d3508a1b13ae696505df8d930930f815568f8252609644b9,rkBmo9ryM,1,-2.301761712634173,8
gemma,AMPERE++,a06c8894ea4035996878f286edb55c42759881e5c52b48f27fb18980276e64ce,SkxHS_vlz,1,-29.79905986640987,8
gemma,AMPERE++,a2e704a6925efb9e846574d04ffeae2cb66dcee1049717221059f1810143e6cd,ByL47G5lM,-1,-15.235624640737248,8
gemma,AMPERE++,a39ac1bb43e8dd08f38b3dbde62d69d8f306a9acad102fe44f40f452edcac670,rJW-33tlG,1,50.450714648138735,8
gemma,AMPERE++,a425a7a76b546b18005bbfb23d1d7e81a5fb18272718cf6378ccc18117aebbf2,H1g6cQsxM,-1,-39.13323452157854,8
gemma,AMPERE++,a53659a019cd6c73b71cf4afdc70421a0b7059a9c3cb9ee86945d02d8ace0c44,SJNicmVeM,-1,-4.033049746783491,8
gemma,AMPERE++,a5e41fcea7b092f9a22111a7af654adfcf7efa30fa5f9af865fdf68d2898abb3,ry6zwoief,1,4.322937692555627,8
gemma,AMPERE++,a746739bce22d94e7de591fc048b5537015b2489c27dc61105129b282ee7f476,BJfU-qDeG,-1,5.805097317381829,8
gemma,AMPERE++,a78d8e2b4d93896e37dbf09dfcc1d6e018440eb21cf9a826115ff104f0a7a927,SJNicmVeM,-1,32.0785378635194,8
gemma,AMPERE++,a93cf1e46005f4619fda7a7b5948ca90c03281a5808278460e221df31486eb8b,rJW-33tlG,1,65.1331861155464,8
gemma,AMPERE++,ac84629981ca59eecc7291f5b1a7c798c68b500ec6b8eccc90535c59845388b8,HkxWKlkgM,-1,4.147276009531577,8
gemma,AMPERE++,ad18067b916bdd6c94d6d6300574a23a9215c85c615d5dceba19ad3e021b1cae,SkxHS_vlz,1,30.772444466648206,8
gemma,AMPERE++,ad2b093305c492f7c4fc28b07cf7f88c2393bab049d0891ca0e71de6f158178e,r1IUXROxz,1,19.0961379062377,8
gemma,AMPERE++,af29a3aa15bf28c48d853811286f3d373c7061de22866c86183305c2240d4a65,S1skfxRxM,1,-23.76276507309117,8
gemma,AMPERE++,b13131b40aee4a0a605555ac6c7a75ba680e28150117f0e381f6c3252a944820,rJwXkeOgM,1,62.12143457876444,8
gemma,AMPERE++,b1f3b6028851f2a46f5b22b12a42c1086de54d8afe6184c0d549d8d7675a374d,HJzVc2sxf,1,45.65717009621279,8
gemma,AMPERE++,b30e7fc53100a001bf0aa57fe1be35b0ac7d1015adea69ef887e37a8755d5d11,SkwCEXalM,-1,-5.978634895893137,8
gemma,AMPERE++,b4ef9d494b9b746a0a4c4070e09c96faa190948c320db37783923948977eff19,HyJlQlQWf,-1,-9.990390190951874,8
gemma,AMPERE++,b84405a3d9d10a2413b42cdb799885703d7125ff884c88cee353650ea6ab913e,Hk1CjNZyM,1,8.597868880479748,8
gemma,AMPERE++,bb89e35bc63dbd9a9aae73d55889416baf1a720d77d113552ad7ce95bab2ba9c,SkxVw6t7z,1,62.066470996371095,8
gemma,AMPERE++,bd2cfbbfb9a8225920f901a5406f771112698cdfdee21da9b39256a2ab648cd5,SJNicmVeM,-1,-10.11554574158137,8
gemma,AMPERE++,bdf3bdf6633d20a1fc4c8884932d5081d334337026dd26b30b0aef7366e7ddcd,S1skfxRxM,-1,-14.615519439693552,8
gemma,AMPERE++,bf0d8a5c1767c39dc8dfbf72a4314375cfe4c4100e575b0e8064de5474ac224e,BJfU-qDeG,1,73.79872731931889,8
gemma,AMPERE++,c02db8d9923bf581bc31f48ff20ac1d6631d4ac44e8458b671bbd10e7380f16e,SkxHS_vlz,-1,-32.523040641437085,8
gemma,AMPERE++,c2a13c07ee1a4faa1c676b95200b0cac0b76b59406594d4bb77f2b652111b69c,SyU_UK2lf,-1,7.178144413518436,8
gemma,AMPERE++,c31b07a5af80f011745eb801b8ddbc850c1bacd230e5544440b67f42a156f0b8,SJNicmVeM,-1,-9.914000010601496,8
gemma,AMPERE++,c3f28b04fe3392750ac96b4570aca92cc9e408d0574f58515ba6259d2aeec4f1,BJfU-qDeG,-1,-34.99519952449177,8
gemma,AMPERE++,c5ca7c33b63115e725c6e7742239fc5682fc794cf1f03b845de32c7ea23177fe,SJNicmVeM,-1,-15.846475694068417,8
gemma,AMPERE++,c634567aee66ed3095f4fdb841215fd1ea8b6bbf3eff659570e75e977df1946c,BJfU-qDeG,1,67.40130538104239,8
gemma,AMPERE++,c6d1c2596f70d513bfa78b4b68c5bf8430c9240668a4a3dcdd0973c074696179,SkxVw6t7z,1,37.54780336234722,8
gemma,AMPERE++,c7e9d5d7bf0c6e936388ba63bb9dc77b194b9ef0327c9c24eefd6a4fded2f595,ByL47G5lM,-1,-33.65447575028857,8
gemma,AMPERE++,ca31bba2a8899cce39c64a249f575eeba5cd892202dec8b2a47f87521d6f6c71,ByHD_eqxf,1,52.86870020966594,8
gemma,AMPERE++,cb1927b3dbbdf454407027f09eb8a893399550e7f88a134e5820662b008780a6,S1skfxRxM,-1,18.820712940731767,8
gemma,AMPERE++,cb2961c8e1ed454a90f2fcddbbf1a60f58afb840c5bfac9fd5b24756747084fa,rkBmo9ryM,1,17.78940805234683,8
gemma,AMPERE++,cbb2fc5d05f780f024ab3e0e95ce11072c5f36db0d576132569744b0acbb537a,rk4VD6Ymf,1,70.7220775035583,8
gemma,AMPERE++,cc8c48cf131c0c9d1674d05d3d1c7a5de84c9a1b2f39cc5fc07f7d8c203d0b41,SyU_UK2lf,-1,-10.845386948933804,8
gemma,AMPERE++,d3f298e2374d22159aa86a989e0f651907276a9100e567677b68d781931309de,S1skfxRxM,1,21.09060019295025,8
gemma,AMPERE++,d3f7ff23e43f172e002a7dcbb0417cf0d272e542f8b646acccffbaf616cf4b47,SJNicmVeM,-1,9.394809339374492,8
gemma,AMPERE++,d54f03476a0544f2461ba12aade4b3ebe92b34df10e61d22a31e42199f92d3da,H15HuyMlz,-1,-5.329425668472529,8
gemma,AMPERE++,da0a1b1f148d24b884fd09e1a69c1fe8d4c42b32f7f9a262ccf7cd1e24e05b04,SyU_UK2lf,1,5.862177468963095,8
gemma,AMPERE++,db8ab806b8843e6b34e6d6b197ef91e1c833e0e5c6d025372fa9d917f108db10,S1sHPAWgz,-1,-19.85097743933141,8
gemma,AMPERE++,dbfb79c731635dc42a6793e05064a4fac005b17023de73bd9a487dd67ded549a,SJNicmVeM,-1,-21.28631387739321,8
gemma,AMPERE++,ddaf8da22e4e466f99a2140a017fea2244f3e3fd0611f46b029721c68a05d8a4,SyVv9AjWG,1,69.18029581753855,8
gemma,AMPERE++,dfce1ee6fcae257a9c48483efa1466f7ca79e3f692ec7a4c80dc3d1c91723027,H1aEoGAgG,1,-15.543325579585732,8
gemma,AMPERE++,e0802ede76036298d87189d01c0a8b2cab83f23a73b0bf80d9cf1cf4bf1a65c8,S1skfxRxM,-1,21.444477377646187,8
gemma,AMPERE++,e51947f17d4028e07a84b3f74b57f7cecd5eb9caf8cfdc5623af644776f2e1fd,rJFaZDqgz,-1,-7.305186311374872,8
gemma,AMPERE++,e5fa2be93917c70b111d501d0ff4b02fcd0b8974b3f46df6a3d6b22a688729e5,BJfU-qDeG,-1,-6.9788139629970924,8
gemma,AMPERE++,e6e39ffcc5d2170be21d28e4ba084b3bcd56c108a710116794e944714a6ba916,SyVv9AjWG,1,33.000763290920176,8
gemma,AMPERE++,e8c67119c976a453a5aec169dffed399b77acf7681b147606e01377c9e200edf,SJNicmVeM,-1,40.25645076118949,8
gemma,AMPERE++,ea896ea7baba11426db019338643bdbb46866b55d2a2935bad04c6c356249819,Hk1CjNZyM,-1,-20.26290041683168,8
gemma,AMPERE++,eaef743449136e32fbc93e4f6e15b04b53a5d398a77d9da031b2de07e65cff02,rke8ggtxG,-1,-15.519574736559438,8
gemma,AMPERE++,ec20c1cd8e650e16e78db5131f21fe76d5a36cdc9a243265624cd4bcf5ad709c,BkWlPOFlM,-1,-15.887461839173072,8
gemma,AMPERE++,efe623a9b4488c9a231fcc363bb7fc9d4b89fa98c529ee219fdf40719982a403,ByHD_eqxf,-1,-30.7553403126652,8
gemma,AMPERE++,f09db9d30808ceb37d81d5c9522c07ac33241d198ad2617958f3c6279e19f3c4,S1sHPAWgz,-1,-24.285559741317343,8
gemma,AMPERE++,f186f21901e7dc02011504ff5f09d0ca5ed5b88f3970db858ac058019e7a21c9,S1skfxRxM,-1,-6.095654755323441,8
gemma,AMPERE++,f205cf7252cee46f8806b18d93146d256481a71b32c0ef2caf162b56e6818d54,SkpfobogG,-1,-30.56925312047033,8
gemma,AMPERE++,f41519ff4f4cf8f9607269233f7263aad62dfb57fa6baa97f40ff1c1ffebfd91,S1skfxRxM,1,-23.464597247030863,8
gemma,AMPERE++,f583e949325706e38289208aa9facbb110ecc121a5173122d99469fc9bdb6c39,Hk1CjNZyM,1,-24.49365595901972,8
gemma,AMPERE++,f5caf0fff041560bd4dc113525b9f6c8ba532cb665304d3c541b5d0c5dfdd681,SJNicmVeM,-1,-15.520368547950364,8
gemma,AMPERE++,f71640f4b900e8ffcfbf2a88579b1df7e7394677348bc6b06c5c61934bd18499,ByL47G5lM,1,-6.620124765963301,8
gemma,AMPERE++,f748409f7997c87c1ff7ba05fe7b28151f3c84be2eb939a53fd51666b9971b41,HJzVc2sxf,-1,-47.88720928589882,8
gemma,AMPERE++,f7648d8bb582bac47b6b0eb6d3df35e158e26acbbc9599b87df6406ed70ae00a,HkxWKlkgM,1,40.750837302317805,8
gemma,AMPERE++,fad9a985acbd83e16e2977404324f5751a7a321904e4f5422e34699557764d24,SyU_UK2lf,-1,-28.23391858675816,8
gemma,AMPERE++,fbc8154cc30485ef7b02113973493f05afafe47db4bf6eb78cf0283db3ffecda,SJNicmVeM,-1,-11.096627502585726,8
gemma,AMPERE++,fc55169dc1ab6b227e49381fe002bd2a7daea8f15c1de25369c17a25c1d1f626,Hk-OLVKeM,1,17.032184103896096,8
gemma,AMPERE++,fcafdf8ed3bc66170b99dcf5b7747e9f3bb1f2aef69075cd5a71c999a9662d9d,SkxHS_vlz,1,-10.266956698275145,8
gemma,AbstRCT,01961582763a74698fcad975a5e546387c29150612c8de06f72d448e480823ee,22775229,1,64.12677636150895,8
gemma,AbstRCT,01dff482cd3f34500dd4618ecb69e7e3a6ecf13d4c1ee6591ec42f0c44b4368d,23598172,-1,-40.1823244540482,8
gemma,AbstRCT,03b3cfd3df7b5d9725086afc45d46cdeecd3e89c91934d914c415eec8eec9c5c,28777224,-1,-45.26231725365757,8
gemma,AbstRCT,05d999004f205b12225edc3c576b81b691fa6d4fe4422a40e806f42239e93fb6,23609927,1,-49.476453475733805,8
gemma,AbstRCT,0922b6611628d61468de51719fd39953e7def2cece176ea35cc899b7aa4b950c,23803270,-1,-53.315743330188354,8
gemma,AbstRCT,0b935dd9c3c430b7a301bca8f29b86a90cc1e9049da757b330239021f7115ef1,17690882,-1,-30.24999371063665,8
gemma,AbstRCT,0cfaf0f3c41f9873df5eb2e0756fb3f79aa7b6da115eaefb001b332652f8f4f4,20420586,-1,-42.29813022024946,8
gemma,AbstRCT,0da128cb36a3f5866fc99a6e36b87e15f348ee97108fdbb28885153aee63f1b8,18520802,-1,-7.649123424273268,8
gemma,AbstRCT,1139508a3ff51c966c4cb0659d5aab7e1b60e3a6cbd412d9ba5dc02674302048,18457329,-1,-36.57001222260224,8
gemma,AbstRCT,1165e95a9d4a7c2118b5e04994dcd034a841e8aa91dbea95630f5d16c4f3a6ef,23203707,-1,59.27405587574111,8
gemma,AbstRCT,11cfd9150cbbd2631644e6c7472c3ad6befe04de15bfe33cf7306f55e98d2a1d,16571129,-1,-49.289653327197335,8
gemma,AbstRCT,1258f94a312f039121302549cd212762cc8ebec34f7667cc0918ca8dde363032,24246508,-1,-16.697920524223363,8
gemma,AbstRCT,12b33878829f02cc4263caaf4887cb89aaad2b545e7efc396e26bf6f8d17ab26,16571129,-1,-39.44888007757351,8
gemma,AbstRCT,131faad85bdcbf5627aa0cd69e3ad7d41af46879e7938a8d557974d26c7672a4,11912355,-1,71.55008788384751,8
gemma,AbstRCT,13e0feed0c51ba5054e695494714ce4edc67231120ef77a0fd1e932a085aaae1,20733132,1,56.37763454051756,8
gemma,AbstRCT,141ae741df36cb2efed3443c456b40e73bd781a2f9ecef79d8a442398bc5f031,16524633,-1,-54.80768075920649,8
gemma,AbstRCT,167fb9f0293a14971499694762cfa816829a1f138b6118983006717ced22a1f8,19336424,1,77.18592841604239,8
gemma,AbstRCT,17c3d4a712f04edcb3d33cb09b549c2644d2f6e224151354d27f00bf9bdedf45,10837379,1,74.46896728295123,8
gemma,AbstRCT,18a483cef18b642fb78903232cd1624fb52dedf89f89eac592250c6c24e72874,11346336,1,76.82544272145199,8
gemma,AbstRCT,1a1a936dba395ff9c62438ee67e9249b00aa4f9a8ca98cd0dd768323fde442af,8058290,-1,-50.08638534489908,8
gemma,AbstRCT,1a367e6469d54d8e7ebd95935f2dbe9f5c33ef7d229d2c2c0a35258abac5f281,23059481,-1,-14.477855233259277,8
gemma,AbstRCT,1ae30f9397ac2255afe05bf805848e4130a89c44334c88687732c8e38f597a36,29463627,1,14.179155836851637,8
gemma,AbstRCT,1c49992b729b329ae66c1d5c47d45947cff07dd17afaffef52364ab33670327e,9034838,1,2.1213709013208746,8
gemma,AbstRCT,1d0bc352da8c4ccf199d7cf6f476615f25799076c36833f8d32ff309f528914d,9626213,-1,-48.40291420139925,8
gemma,AbstRCT,1d5640be0364c691de9f3c59238354cb673ba1e51c298ec3a764cb6f472116ce,29588138,1,72.53995197209218,8
gemma,AbstRCT,22b9ffc368ad84c5ee0fe3f953fd7cd11888a2f1ef8d435d395db86279f6ee0e,24246508,-1,-38.9372284088615,8
gemma,AbstRCT,22fce2e7177c643d6c3307acff32f8e3a4e10fc49defdfa20b0294006268c892,16462503,-1,-6.265911163024391,8
gemma,AbstRCT,25b1d377e016b4e5783946cd6f9f16c6a426c29255cdc89f1366d5acffa07bfe,19243831,1,62.33050274354044,8
gemma,AbstRCT,25d880165f1bad58b3e8d561ce07efd2e0b07359ca8f996da9ff395455ce38e3,24246508,1,39.10972708533279,8
gemma,AbstRCT,25fcd79c5e73f04979830f2e7a3251e22ce4d6a30618834efa28646243ce5061,21183518,1,75.3329022483397,8
gemma,AbstRCT,2a6d6d086bd5ed5d00983e2fa080226eb935af491df1e272f0064460fde01bf1,17876009,-1,54.70203281488771,8
gemma,AbstRCT,2cb1c519110a0614568093ac5663e5299a54f06e858a2438b4c10df432f12feb,24178750,-1,-25.89343723828912,8
gemma,AbstRCT,2f311b7dab52a605fd614cbf5cb01afd7ab5e56a1ff887643159a133063b3a36,21901389,-1,8.53817256538047,8
gemma,AbstRCT,31cec79d421d4841ad003d0e4c042d515b6184d07d693ffcba97e38ef086a4e5,12837811,1,72.22602949631782,8
gemma,AbstRCT,371a45bd59b4a20bbbe06245f7f3633b1c3773c64857ebd70ca549687a38ec13,22835512,-1,-47.905351880530375,8
gemma,AbstRCT,39b3d7f0496a1636bebb337edc60332666d98863a9935d715c57d5c213438e3e,18485819,1,72.47038176369664,8
gemma,AbstRCT,3a346af7d2cb386df35e67ea2be8134f86b6562c463b3224bf0c4c6bb5b3ee9d,16462503,-1,-30.892462180618057,8
gemma,AbstRCT,3b5f9a9709619300c9efe1c22416a2cdcd3773cdafcfa5077dae6ce341ea4db4,20584708,-1,-42.43462509246103,8
gemma,AbstRCT,3c90281a1b6acf429240bb46cc522775fbcc4241fa4c129eb99c8daca78a41bc,20585099,-1,-54.51774971933236,8
gemma,AbstRCT,3fd21a6cc78cf46acfe8f20a867cc22a2505289a95a20874f1eb83af6a881732,12711121,1,68.34294636275979,8
gemma,AbstRCT,40833c6ff69653e34f13df514de6d21350d99cce2b4d1d3da81974a7bf6f6289,11813932,-1,-56.68931075854657,8
gemma,AbstRCT,424af8ec167ef6dac8f7057580035009355cfa6dd952b4462b57f94ac457b069,11813932,-1,-37.36585624281363,8
gemma,AbstRCT,437d31019dfbb9591d553730fa20140eec76083bf07f3bbf094dfee1fd794ed3,29601076,1,71.88842338550687,8
gemma,AbstRCT,44650cb25a56288b99d8c5e9d94ec3313b9349bdfec71697c860507b9d0120af,12169965,-1,-19.049602488913276,8
gemma,AbstRCT,4587489223c82ebeeccd03e979257e1795cae585c068b0239eab9ae6f50e3bd0,18402717,-1,-33.58910862900875,8
gemma,AbstRCT,45fdc58937557ba9c5e85f4d60aec721cd50e7721b1251d884cc13763f2dcd4a,11124286,-1,1.2758639024561005,8
gemma,AbstRCT,468fcc8dc312a4325e6435be00224442f76a30e101b63311412256d970145fe2,17825417,1,40.257203671648256,8
gemma,AbstRCT,46db801223f01e09689434b559cbce6b3d39d40ee5c451078417459659134b16,10403690,1,64.39705004342905,8
gemma,AbstRCT,49c1baae9704e00bf21298c0c34434ae76f34807c0807476c7aeb3ecadf7960e,17852440,1,72.50397448464808,8
gemma,AbstRCT,4a84e563e3854fc0fbe71adcce3959687a15f8ebc11bfe0620325dce5829c7fa,29658370,1,-33.716021722682875,8
gemma,AbstRCT,4a87635bf939d3197301e52b7c230e0cfe9e75d7d6181fd7a21c6a527e95069a,28266150,1,75.14483429523817,8
gemma,AbstRCT,4c881697ae08cbff6e62acd66635d42382aa9e28e558dee15695cfa54b0ed722,28889724,1,40.62191923026099,8
gemma,AbstRCT,4d772a596a025e10ed4e413a9e2de633e285239c1dd180d7efb8bb3bedbf0ce5,21543992,1,75.25556340618414,8
gemma,AbstRCT,4f08fb5c3ff57dc38034237e44703eca052b2f120604bbc5f8336eaeccb87a85,15157043,-1,-15.306119801076171,8
gemma,AbstRCT,4f9b858de041f5ef0221e54c1289f186da63bd5abda6bd01e0036821bfa814a8,29452204,1,59.83963029659286,8
gemma,AbstRCT,4fdeb405f24bea2a11f144176d40c7fa705f75b90aae7ccb90b62bbceab97ec0,12383808,1,76.34542169482509,8
gemma,AbstRCT,504c26ab04a62f850673689f891f998cd24fb1dfb1b7e40f89c473baa7905a05,11438417,1,-44.68318751290098,8
gemma,AbstRCT,52ffde1279f6808e2e7fcbe723316483692514e286b64e62ebda739761a2c89f,20733132,1,-2.3891468126215925,8
gemma,AbstRCT,532f62e1b01edcd113d925a11691b5ac81d389273619a3bc3ca5244f2f70d3b0,9230823,1,68.38208520349787,8
gemma,AbstRCT,546cc4f818978546c5bc9a0e51ebfbaeb6d941cddb446b24d66fa7b1794bfbc5,15220019,-1,-38.13270047479205,8
gemma,AbstRCT,54dea6155110cb0fa4b6bcf73d7a23b95fc1a634c0cc1030fd0b0d1bf8a01a0d,23768153,-1,12.010666386410062,8
gemma,AbstRCT,550a9d66e2ca69d43a5d689fc91641597ea20ff72285018289794dd621663ea4,22344189,1,67.36331346756663,8
gemma,AbstRCT,567bad22fef09c84e139b6353eae36f31fd279383cfd88f9fddb75b5c57ad366,12118024,-1,-44.331910971593686,8
gemma,AbstRCT,58e55fb5c34df89c6cae85840752a967e612ace27e32bde0f118a54cb19f05ee,24007947,-1,-37.49027931332045,8
gemma,AbstRCT,595de6abe1c9a429874ba6607b7db5d4021c51cf65b91eef937bc104b1035949,20733132,-1,-19.267342331327093,8
gemma,AbstRCT,595efc6ce0873fba775f861b0bd22242f3732f69b57099b5f64cce3848b74372,18603947,-1,-34.60542193071134,8
gemma,AbstRCT,59b5fa753a0c44a2bd864b23deba68c8b803d8a09b9d0a461ccfa03fe7ce6a0c,23771714,1,64.42485038222881,8
gemma,AbstRCT,5a874046d1041c1522832820dc96afe585a1595e2b8df54931cfd33fca697c8b,24127364,-1,24.68069093597204,8
gemma,AbstRCT,5ab72a3200e97b17f3116c59e8fb4531795803ae0538825516725fe52fdb57ca,28371482,-1,-11.523933524515044,8
gemma,AbstRCT,5b53671b6d887dd6d5e55cc95583351c496365f353d426ae73be19b1ea85f55d,9640214,-1,-53.19428921696752,8
gemma,AbstRCT,5bebb27095668ce89293f4a50558135ef66b8bfe5400011eb2b4f9bd62129326,10682964,1,46.29889296886832,8
gemma,AbstRCT,5bf99ea85353b75220e2825d43b4c17c577af03a1212afbc6d9b3f6222ab1543,21921953,1,63.310334032580265,8
gemma,AbstRCT,5d5921ab24b14da31e848043234ebca79ddab02310fe9297fbfac122b58d992c,12118027,1,71.67451256347816,8
gemma,AbstRCT,5d666cca3ba0b378aff0308c98cdcf4e453a8ff7c589eb033146804af8c9d1d1,10901475,-1,-13.121966471457345,8
gemma,AbstRCT,5d9ea48069b4f5885825a261879771f9eb636cd32f3b65b8ae53c888ee1579ad,15251160,1,71.67233849955986,8
gemma,AbstRCT,5da45a6cccd6ecd3aa84417d10be43100575f9d1cd7f8428a445ea8b1721ae64,14982045,-1,47.327225510194936,8
gemma,AbstRCT,5fa168c8135a8569a30dbb5bcaccbe30b06b0b91424d30ec2b7651db5930a48f,11124286,-1,-5.256685959182691,8
gemma,AbstRCT,5fc85561bf32752d7e08419eca282174bbdbedea4847b60febed74b88b611a7f,20733558,-1,-26.172927367902524,8
gemma,AbstRCT,611da04a936dbbb4307384ce8cb5358b93cf5ea0cbd41046cd76418e53f23caa,21921953,1,41.55533570345733,8
gemma,AbstRCT,62613001a59129ab8433e6bbee7c220a5dc6fab868953b2a11c03370ec57b846,9643663,1,73.35807769728738,8
gemma,AbstRCT,62b94473ced6528afcc9640a16d96166dac88e0a97f90155448184efd1efdd58,20651011,-1,-36.75817209125446,8
gemma,AbstRCT,64318fc9ede5a64a7ea24873668d20e96eda3a935bbfa5f5aabc706e346610c0,23749688,-1,-54.25807840297199,8
gemma,AbstRCT,6525d18fbfff0fb2cefb78c529460d851724324feec96ac17c5945e17e7900e4,29596950,-1,-27.111443861907475,8
gemma,AbstRCT,689e5f244c35c37f38a05579b3f8d347b9f3fb37bb4f78124f0fd41e953a6706,19860553,-1,-29.18678071219718,8
gemma,AbstRCT,69e7197245e8d4fa0812f1532be75ca5c26cec8e25f5806a2f9c8ba70eb647d5,29596950,1,72.93749196002798,8
gemma,AbstRCT,6a28eb7f40dd42389b036c90ea93e6c6790945de518544f6403c9ef045cee04b,29654381,1,67.66902675934682,8
gemma,AbstRCT,6d2ee2465f645ad4b6d9b18e546aa16ed82549c6cf52f85b4af452aa0c8fda39,18402717,-1,-27.002418835585623,8
gemma,AbstRCT,6dfd36446c12af7e67d2911545097d2d6f5b256dbf16abc6c1bd2f009c74ee83,23768153,-1,-31.363123440910705,8
gemma,AbstRCT,6e4010c1673cdd193618554f73124f997591ae0dbba99e56be76e60c22e41455,21034177,-1,-23.99818211313361,8
gemma,AbstRCT,6fa2b45f572037505ae29ca985fcc1fd0e386cf317b36cee5f632bc6fdf0049d,19383599,-1,73.89312330284037,8
gemma,AbstRCT,7395178748f2709f202d99f7ab33f2a0b70a8e2bc0fd8577eeb63ffbd7005d65,29452204,1,51.52752081081288,8
gemma,AbstRCT,73c69014d3a08c1d5f20eb5842d3c93f7a731c1e7e6072b59d028995cd3db4ae,28291960,1,64.63658049311667,8
gemma,AbstRCT,7410d24ddb57c7669b8c607b427b3b64ce28e8f928fa5e1907f27502ed2d644c,29625440,1,58.492213857648345,8
gemma,AbstRCT,75c5c1630dc8a25ff6cccb2b7f2b582f59dd9b8050f410864e6cd6fcb4c3fa04,9230823,1,12.969198960319533,8
gemma,AbstRCT,7726436bca664732d4c786b989f89b31c7feba1de97d58818f172879862365de,21892106,1,50.45778074986738,8
gemma,AbstRCT,780ba43a47e83f4bf327777d006a674a5bab2f72cd4684947778b12ac4b8bed7,12118027,-1,-61.016110744479576,8
gemma,AbstRCT,7869f28b5dcf2c1c137a7f98931c1f8fde48a7d090a10178f674487d3694808d,23598172,-1,-48.39666538129049,8
gemma,AbstRCT,79354fe534feaf5a0833d79e951eae43af3d4c36253ec59a486db9de64303366,20545217,1,70.69132004087786,8
gemma,AbstRCT,79610871675de5bd2ddf89979df7b4c081d3c037dd4cd51fe0328bde818da2b2,24019545,1,71.2283574568047,8
gemma,AbstRCT,79b795efab750ded0ad4a895a880d742d8104efe0f8c882a9f1b5179a89d686e,14982045,-1,53.67495420669659,8
gemma,AbstRCT,7a5905bdaf5328f05e3d691fdf952d8d2a8eea16995143a9635a9aa29115b39d,20585099,-1,-41.275625575040365,8
gemma,AbstRCT,7ab074e6d34d4a324f9f864b885a4466db33c2561bbc2b52020ffbd4e02e46ad,29654381,-1,-44.242711730843936,8
gemma,AbstRCT,7bd8d3ed05e73eb7380cccae7aa85817b1d922c9c072f0ef53614d150ae8defd,29316213,-1,-46.3715685720582,8
gemma,AbstRCT,7bff9fb52ebe50e158cc0b9fe500bd90c7de387558379440268f46d093a0db81,11813932,1,70.61481618215478,8
gemma,AbstRCT,7e3be28517528d1b18091e8efe81fc01df27f950bb20112de59a528b323cc90b,20821047,-1,-45.3965029746952,8
gemma,AbstRCT,7fe6a622302d5dd6fb2bcb8552be4fa1c3c65e6163ae17fae70950933b9d0377,12837811,1,75.34056910633161,8
gemma,AbstRCT,805996d21021034ca10147528a18dc15ce94b53f5f120115e64aa17372877271,19383599,1,52.99217914924997,8
gemma,AbstRCT,80eb0c78819cd7a91b54736f93c9ecbc8b21946b4a2b295181189b3a7f45dc5a,17244215,1,66.86757153231349,8
gemma,AbstRCT,83da9c7d56189b78422b5b67aa5cd996b529d9fe249c507b904c521b9646ea31,19336424,-1,-47.04937020312181,8
gemma,AbstRCT,84e5885447a0b7bb7a9d25116e899b24344e048f16afdf99702802ab73dee48d,9626213,-1,-2.15766972468046,8
gemma,AbstRCT,86b59be1fa1d13ab9595b27e119b4ff7e6346c868981b031042b37485f5b3fff,12660585,1,69.65872598358145,8
gemma,AbstRCT,88aff95ecc579fb11b0713ed063b195ca1f28b69c47a74158c3f1d1cd18054a4,12660585,1,69.97010933435257,8
gemma,AbstRCT,89571d03aaa6b680ee3bf21123b0667aa235ecd8138cdc94a19765bb97f65b3f,29577107,-1,-28.172917852717383,8
gemma,AbstRCT,89b4ae4b116e8354547eb6aba012dd1465f68ae06b01879550a9537ac50246b0,15234141,1,57.21342143329735,8
gemma,AbstRCT,8b4e9514457df0150e1226cd1ed42078c2e66fd2187c3cb4db7554a3fde31731,11148810,1,-22.91816505112416,8
gemma,AbstRCT,8c6b297e748050c621a8945a3885d8d4df12d0da2925b7e24a61c2ba3b9de738,22814041,1,74.09833642425701,8
gemma,AbstRCT,8cab51dec796a6018f09266c616302e6b9dc029f7a59265ec9f4bcfd00ad66ca,20584708,1,-43.323926436409096,8
gemma,AbstRCT,8e0b3e95030ac20c105616385d32b7da9b08a438d376523d990d491ff9605c33,29633159,-1,-40.71652268912531,8
gemma,AbstRCT,8e2a53f98d4135bcb746aa4be84f1db8905f84e0503512d125c60f0f538b22f7,21141017,1,21.522762956652944,8
gemma,AbstRCT,8e5d6f5bc61a3d164524b4b9ab2ceb20623279bf1e8008287c7120c886b96163,10901475,1,57.67798195206089,8
gemma,AbstRCT,8eed9fe926ef69f4276553fa173bc5f5a731f16869cdd679042ef636013aff72,10877373,1,73.7741925300357,8
gemma,AbstRCT,8f5db202011545798babb4fcb2b2fbc1fb7dac7a2ec89b04edb5d8e961e32b61,9626213,-1,-3.675235445753472,8
gemma,AbstRCT,8fb966cbe7ce9e8e0d6f842cd2e595f046e885c134b578a3016a1d6dfcfee0bb,19900212,1,76.68985131633004,8
gemma,AbstRCT,9032e02b078608d0ec2c422371747b82cbb0c881e50bab4b81192e2fec053dc9,23768153,1,76.48126874925558,8
gemma,AbstRCT,940475e5a4f7329376a08d937baef84907742b3cac6cf584c7e5c856925eade2,22835512,1,6.487412793049401,8
gemma,AbstRCT,95eac449c26feb84095861bee4d1ae1f797db88be1c3d8ca655dcb5ecab3e50d,19092465,-1,20.230499664220947,8
gemma,AbstRCT,979ec857a8547a6adf92f0b48b1eb8381310eb8d4a574a3ddfdbc740b45926c8,12750084,1,1.1921501924172837,8
gemma,AbstRCT,98f1c91dda4c3ee59a9197051d961ebd50cdd5ce8ef84ce09d175d04ed4e512c,18402717,-1,-15.13758820988338,8
gemma,AbstRCT,9a5bc2fc79d72432ec2fcde8e043e34a15e6d0647d56952b1d60fa494b5f5eb3,16571129,-1,52.81410175311252,8
gemma,AbstRCT,9c403720cb9e90490bac646be8ae01fa98512466b6655fabb964d928ff5563e8,29332633,-1,69.31457204023508,8
gemma,AbstRCT,9c47412f7414ed35a76308cfb08586257142e72f204200d8a5cdd8eb55a1ce92,10080213,-1,-27.093723697292734,8
gemma,AbstRCT,9eb9d7a8e41d991b92bbb1ed3ace8e79f252b19a2d53bf85bae79eaead05a9f9,16505413,1,73.79028845394457,8
gemma,AbstRCT,a19dcc3dd615ad92dbfa34303d56be4626412f8ec01f58b5d920fc0489efd8c0,8683634,1,-51.57070566662566,8
gemma,AbstRCT,a28eb6592d74bb1320d7a2ffe2e426a65d355b5ac83df4742c597c02fa8cb00f,10837379,1,35.47727782936858,8
gemma,AbstRCT,a3578a1ffbc1edb4304cb40be9b22a153118db118c0b42b19ef017774adf41ea,18402717,-1,25.14519994410917,8
gemma,AbstRCT,a35b64a677577330d027a73b2425da1887d24144eeb5ecfdd48bd5434f28de4e,29506674,-1,-30.112707410988108,8
gemma,AbstRCT,a4420a6b6ff83c200e35aa0a2f15f636d6b93b6b2219a2b470a6de3793a7edb5,21892106,-1,-40.33371031602626,8
gemma,AbstRCT,a65629757a636bd971be0551ba2c10bb423414b4f11ad8d0ecbd3c1921604cd7,23788218,1,-13.24985618959548,8
gemma,AbstRCT,a8eae906445dbdd9e3ff6fe70abbdb4a2f1d6de4e8a3a67a868e7d2af4cd1af3,29463627,1,-28.26144955548285,8
gemma,AbstRCT,a98da931d9c8239b86e9ccdf9ef542ba743fb30d3878722e422b47ca28123a61,24246508,-1,-18.03161605145696,8
gemma,AbstRCT,a9d062a78b4b74ae7cc1414e97024a7dc659f4e9a7adc363244c5033a3eabb12,20585099,-1,-60.16567894272767,8
gemma,AbstRCT,aab9712c843061103a012e16f0e0d8b6c08165fbff216755aad7b8ab0bad9ac9,15251160,-1,-33.739203115345575,8
gemma,AbstRCT,ab7701bcce4dd5708e9cd49691452ff91d071ab103b552fce65bb1ca1f44f03f,12011126,1,71.73729976680742,8
gemma,AbstRCT,ab78003d911975ddb057f2b28001aa42ca6c4cf77296077b275749697e11d563,21701528,1,1.0036744826917534,8
gemma,AbstRCT,ab8611c26166ddc21aff9cbcb6cc32944046246d55aa43748961ee52d3b98c97,29432772,1,68.32772009491578,8
gemma,AbstRCT,abcdff1e1eb958d91fc9294997b1efc8a13ea3dcbec52fd841ab9c70caf50e35,29654381,-1,-41.54101977035469,8
gemma,AbstRCT,af56f8d25ab655909d81a9cf2e95768618b0897257089efab0d77c7cc00b871d,24007947,1,8.326830516082774,8
gemma,AbstRCT,afcf53f6e19a98f5a7dd9c030e712e8548c89b1f3d6aadae4572f154357cb517,12908569,1,23.360929101098904,8
gemma,AbstRCT,aff3c849f2201328cc77b8b015289551b2dc7d51d0ed07616a8528aca219a868,19092465,1,67.66939482583872,8
gemma,AbstRCT,b09acefbeab47ad0d65413b6557d3a81863dde76e9dac347436773de36a46a7b,16490846,-1,-7.827156543228024,8
gemma,AbstRCT,b107943003e12d1d662394d7cdde82e56f01ee5f3040f4d39a900cf924cedf05,17876009,1,-28.668571297578072,8
gemma,AbstRCT,b58ceab8ae793d989f3a7f79e505e4ab18942986d2ed00439dae4ef531748f20,21905158,-1,-48.5803411868404,8
gemma,AbstRCT,b5e4c13105faa9bf46d146a1e4d899e187f4e044b382fccb3bb85ebac3804d4a,9643663,-1,-45.34529224212282,8
gemma,AbstRCT,b5e572a2869cdf49986eabb264624ffb439a8cd9c596c84be68b7e65e61ed5d1,29654381,-1,-8.096248501952157,8
gemma,AbstRCT,b665bf574e54c58d9136628531ef3a45679c5433aab834f2b1b85bb39d787e02,11558817,1,71.18892779074307,8
gemma,AbstRCT,b6c11918d0982478b79141bd6145a61530adb869aa06c440156013fb08927340,12908569,1,-9.070070027772683,8
gemma,AbstRCT,b7a2ec8ed0bcb3aff8e707755c86fb86642a75ae3a2b5a6908b60adef3d237d9,29456079,-1,0.4988751327536178,8
gemma,AbstRCT,b89d5b5b20225ccd710ca5a9aac6ca98b132c7e1b037631b1caf1227b7e3aee5,28912358,1,70.90325962740911,8
gemma,AbstRCT,befe1fdee9a351b27d06cc34eb0465b36e88eee81d0cbd75983830fe6e51b280,8648360,-1,-41.56159311053341,8
gemma,AbstRCT,bf137b02740133090f10048531c216727dac2f19609fbbc9a60021166ad046b2,15284262,-1,-16.5104767138204,8
gemma,AbstRCT,c05d5fda10c96b79b277fdcde61677c9494240ff45862c1e16c7919901e3a892,28912358,1,20.4809097343954,8
gemma,AbstRCT,c093f92d57dd44c6f2ac908ff24a3ad24b078b4e2bbfb818f3cef72f8d419ba9,23860204,1,-9.953200679030363,8
gemma,AbstRCT,c6253f59fc5153c8379b347417b9e0d2982d43511cb06dab0e1f379ba7045670,11158796,1,73.20163539296063,8
gemma,AbstRCT,c7622b9173b7e02b38c9b780d3b835335eef363768fd35549a029f82eaf72274,9626213,1,14.835562108314925,8
gemma,AbstRCT,c7ecfb754a16043eee965b33f46dc2440c1ba76d64ead956c7c7a783bf425b14,20809177,-1,67.38793429299457,8
gemma,AbstRCT,c8f085fcf74de7320a406ae63aac86abedabd42d35a02d2e8f7b78766b3375c4,15288288,-1,-43.71666789154331,8
gemma,AbstRCT,c9ecbbb8b9078d5f850a50bb19ea713ac6c6a5f916a09461066abcfa41667f85,15288288,-1,9.947253536105894,8
gemma,AbstRCT,cc647e23cbade7a070bd89fdc9227a72812322bb58a7ebcca34d973b2c3c8568,24028441,1,-46.962457652586586,8
gemma,AbstRCT,cd7d4cea4b48d9770675cbe3dbb36dedbdf1821f2342178f76a3ba21a4eff12a,12908569,-1,-38.88263911422594,8
gemma,AbstRCT,cffc5ea1ab3e7202cbaec34f9fd6ca9b5750c4d69999a01125dbece12121cd00,14982045,-1,-47.37686154278927,8
gemma,AbstRCT,d39ceedd9738756e0b9fbe1f87e8445680fe0018e1323bb038e326593ab295e7,21892106,-1,-31.574651920723497,8
gemma,AbstRCT,d4825233dd3ddcdb0ff85280d538e49df0730a01d297f018ba3811063d6fe0e6,16524633,1,75.62278966312886,8
gemma,AbstRCT,d5b5e2dae5dfb7ce457fb18fd00fe4b89e91f6082d210d15e4ae2882d8d0093b,10837379,1,72.93239527558023,8
gemma,AbstRCT,d635324c4cf7bdc62d421a4191aff248ae8514442cce91673f9f49f867f8798c,22344189,-1,-52.42995625856709,8
gemma,AbstRCT,d71f243c119637e546575e37d92b71495a96fb95a285b82e4d0328e880c0bc74,28911991,1,18.485398800365687,8
gemma,AbstRCT,d7b16853dddebc41f7af0c174668a306654733b062dc21fdf619c6bf214f719f,9230823,1,64.57325683132993,8
gemma,AbstRCT,d8a40756352d6eb1dbd1270d3c6e18ba99975dcad330ef4bf8c290e71624590a,18448745,1,70.31702205148883,8
gemma,AbstRCT,d9025908cc4fad9a4f38f62c37348ef5c82a7e857d10c40ff489f5c6922756b1,27545497,1,75.58548502316833,8
gemma,AbstRCT,d905244fe8f6bf6ea9d7e60f5dfdb5f83b094946f664c1975e107793eba50213,12915593,-1,-40.18299992480867,8
gemma,AbstRCT,d982df24d4894554ffbe676c4c6dd3c86f50e462b63bdf3492c2def7c04fb2d9,28291960,1,73.96892232927911,8
gemma,AbstRCT,d9e88b561e6068360757f02c0a4c68628b189b1cabc22982eb04abfbbdaf5884,29565948,1,-38.46524848657386,8
gemma,AbstRCT,dc0d0acd428512aff0f1c8e31ca797cbbb31cc46a5c9a92261f979e92153ca71,20651011,1,-47.58439410130087,8
gemma,AbstRCT,dccfb4412fb46c141f7a8843b7ade76dceb9a0d43f6e64c03fa0ee340c3a233e,20585099,-1,5.89729164670186,8
gemma,AbstRCT,de4e841046109096e65076055c8f0c2eb00aa5a82521f007bdacbc7b3640b548,12721239,1,67.74399596374917,8
gemma,AbstRCT,dfee4bf98126c6b0b21c948e8e70fdd5b15aeacf30f3bcdd0a9ba3658aa3a1bf,23285843,-1,-33.656079135092924,8
gemma,AbstRCT,e14d7dc20135bcc9f580f467a1ca55b0389ca8b9d1e9a9a54962c88534ff196c,23820680,1,72.52609096508527,8
gemma,AbstRCT,e5ef4ccf297163bfe88c662629c84c309fc98bbb9eb3f307e1f3ecacaecc9b8b,29654381,-1,-19.878721001761058,8
gemma,AbstRCT,e62c11ac1a9d1fcfdcec9597a956b4a23b1eefa1cb1203acf46e2e18afdf894a,20733132,1,53.81286801830383,8
gemma,AbstRCT,e678403f5820bcdc53194859a233ef3602369198be165d0c415b3418b6e5c5cc,29605574,1,62.37553755061844,8
gemma,AbstRCT,e711ff96fb777169652959397c3c173abfefdebf400bf80616c67cb8872af5c2,19337705,1,70.36619746249272,8
gemma,AbstRCT,e79976423dacad1dc96759d50f98e1624ce644022e4d7e684b7b2bc5f1d5a80a,29316213,1,1.455658141788816,8
gemma,AbstRCT,e94217034c9a3a778c825d6996112aef433e57de90e10d848a038903a5948d91,11438417,-1,-19.310876409829937,8
gemma,AbstRCT,e9bc06d7c1d7e637a7b80193cb5ae1355c72711fa223839f1bd17853cbad734b,23771714,-1,27.790124930200903,8
gemma,AbstRCT,eb39ceac6ac4524ffcff39a91e227a6f437f8ed46f0c0c2224b468c3866fc5aa,11730649,1,68.94332497070774,8
gemma,AbstRCT,eb5c7645da87182107a8690fa08baa74874317b59d490f0bad313d8a8f17a9d7,24178750,-1,-30.479791939391227,8
gemma,AbstRCT,eed2c3a8ab30338da0878bebeb47a469837932fe589b00a4a12bda80156f3dc5,11730649,1,57.29696632540741,8
gemma,AbstRCT,eed9a3bff9df9ecfb3ead91edef65518269de8dcf6ce081556f595101a383aae,17244215,-1,-1.249683464860512,8
gemma,AbstRCT,ef1c844331677dce86e498d36a17041c94a768db0cd9b2ce6a739d1a75f32e2d,20697941,-1,-12.911702577494031,8
gemma,AbstRCT,ef7a71f413365bc235a07ca2b5db125156716d4ff56432959d7919660abf645a,29329305,1,51.28116338327518,8
gemma,AbstRCT,f058c8e5da754eb4a129c1698face8c1e898dfd65de673cf9bd3188cf91f4f81,27545497,1,71.1340587594585,8
gemma,AbstRCT,f1e9055e092ae323b898a092ddb2515e0d6532fae3b555106cb7168ba445d0c7,15226325,-1,-50.58151374996908,8
gemma,AbstRCT,f24c479931b19a50b34168a97700d493129d58884a1fdf99648d9a3073bb6cf8,12047964,-1,-47.90449809483228,8
gemma,AbstRCT,f3c96799ee56e9c4104756647fb9d281c8119549ba3cfedcbea5bf122b7297c6,16571129,1,71.78466950017186,8
gemma,AbstRCT,f3e4807dcee4c35e3617269854987c0dbe4ddd114f963a0f6bb8872ec57e1d35,15226325,-1,-46.03297608909044,8
gemma,AbstRCT,f4e156c69ce2788b76fdf5fca95e64b300eccf91d774d403562da1d65be54101,17848814,-1,-17.239009418154694,8
gemma,AbstRCT,f5e3dc0a2557eece41a0c50c47103bfeff5cb21d6ccd3e278688bd1de6819ec0,11346336,1,-31.33733343725786,8
gemma,AbstRCT,f73abe7df334fa19da081455e4f6aba0cb71099aca3cf5f617b2d8b2c2e487b7,19243831,1,72.26116525918239,8
gemma,AbstRCT,f7671fcba9a4efa4310c76c10ce88d6b2dc27c60152e510ef30b004a0f5a64cb,23632471,1,71.93716423018037,8
gemma,AbstRCT,f7857add3c7a2912e6844c5defa936dbf3c2e45fd9a3fe3cd17076743365555e,20697941,-1,-9.414605907618588,8
gemma,AbstRCT,fe4ad3e100f0b2f4f09bb628946bd5ae5381007c24a19a55a922a824da767ff8,16524633,-1,-8.961510931202204,8
gemma,AbstRCT,fef412a55efbbc1113a69c4c4bbcd52637e10b8afda3f53879014ffecfd935ba,12118027,-1,-35.95944105585959,8
gemma,AbstRCT,ff70b2d1d5475737de88fa8d48a64e8c83c99fb2dbd2a59ae8a088bad351e930,11148810,1,42.516245060392606,8
gemma,US2016,018ed66eb9fe1bf21853e5a01b573fe38fa8ef8d512821394cbe9ee7ab9b8422,9864c58b16e0dde84b1f458660504ffe1e3aea5101eb38bbedf47c945fcfe305,-1,-39.98483226752304,8
gemma,US2016,032104aa5ab7a2ca6c042244ea93fc462ce30dc56993eb3a7d028a343fa8bdc3,a9a89b9f6804fbf27f4c09e4408bb1ec95bfa340edc00473b6a82e41de9870eb,-1,-13.13748243884333,8
gemma,US2016,03d668339aab6ce02e76955c9c43cc10573d8747be1754e544962e89871aaf28,49d5fb4cfe8352e402a6a2d4516c8b2a29b32d8f33f23c094eefaa1332d109b7,-1,-45.138915659390605,8
gemma,US2016,03db8b6b03a7289a5ccccb1af880eae5d0948b23d2036483a814cd9dc133a7de,9864c58b16e0dde84b1f458660504ffe1e3aea5101eb38bbedf47c945fcfe305,-1,65.9607569527962,8
gemma,US2016,045ebbd5fe3b8f72e2945d914973431b366ae1ebcdc040b693d635633a62113d,e3c01269c887e89b47513c28168dc7115fa8f0c50d19de71e4856e7c5b424e97,-1,-17.53423544782523,8
gemma,US2016,05075ff39c7ee6515889da1867efbdc175aded1bad4e010f5ef7dd8870366bc3,02d06282cac7912e866126c46cf81bbaf8a39b8f35b3938647fa089e65459d74,-1,2.685825810617541,8
gemma,US2016,0722cf5bfde8f1250623dd92819bc71a2cb1ca0f3a1a32d81337a20eb8da8f4e,f4241006fb761d105e514556de9a1fd07c9eb291bcc9625ac06722fbe9fc7f22,-1,-14.15358456537091,8
gemma,US2016,093f8c3a8530486157c6631859a56e85a42be7337f810ed35504c2f48fbf574e,02732ed4ca5626832d598c29107e4827c631d993b1eb38d915cc090c9485e6ae,1,60.81362733401319,8
gemma,US2016,09cc69326981944adb06523a5c20f678da8364bb28eb4fddb7456514fcb185bb,6033f46be736f71e2d3dcefc1463eca6a3efebfdf96a555ae26f79d380ee6a9d,1,58.70171825425905,8
gemma,US2016,0b0f63c8d6ac059a9abaef8d55d68bdd51915ba7c08ad8025f5c806fc9e883e4,02d06282cac7912e866126c46cf81bbaf8a39b8f35b3938647fa089e65459d74,-1,-24.051771782723527,8
gemma,US2016,0c46cc042aee32c1e10052ae553010ed1307b8c65f741e8002498e7d9f0bfabe,85961e001bda72c047588ea89c0e3720d38c3bd61947a6d373b944e8d2bcccfa,-1,1.6322383971461178,8
gemma,US2016,0c85be48ff5de084f81025c5429f5dc1d17d319399bd48a2f5f882c8cdd11494,aabc79cfb438282316a1babc0442b3d7893f763811878013e8cad1bc1d016673,1,47.54902828119571,8
gemma,US2016,0d600260e13314ecfe0134265ab5fc5d742ebf2240c6e039f28aaf7d7dc46cbd,6325c2f4bb67b08418fcf7a07157c248a397acf2c9c32e4e0735ee35f6e267da,1,-25.762113025641707,8
gemma,US2016,0db600ea4ea2468ef8707e0dd811150a18c142e04b103dd3aef4d7db482f26a7,1f3ba3e6e208e70e82e6f7ba50f0df4f58b1ac8b04ba843538ada4fbe413cfde,1,71.2140440472177,8
gemma,US2016,0e0d0e6cbe9f8201c150a2dc886e3fd873178e38ed9bee6e2b22bb65eb98f19a,d74bc5eb6c81c54d2a062c22995bc34c9dfb01366ac5196fdbc73afebbdf7ef8,1,-40.06064002049519,8
gemma,US2016,0e1d5760020b1e08ffb69fddfc45d2b926a505c3f84b57baacf044c4e2456647,df32b6182377a216e3bccff380fd75db450340f71d443758ac2bf0fe6f866b14,-1,41.78806481624177,8
gemma,US2016,0ecec7d7030c3272d88c55967a45a91090ccefb56fa5166febbd718b9415f61e,0ce53b565db725c43fa01fbb4b1f3e322f797a4b0eb91e2ae64817a78057b0b4,-1,-42.64557381567136,8
gemma,US2016,0f6114e95d3359cab86b65ceff57e0beec88c63bd8213d1bd2a3924c71801d39,2e18746894cb4fd22d9b4a9b8fac7657746cb4caaeed9664755bb2bcdd9928d7,1,-9.043861685762844,8
gemma,US2016,0fe9d662984b0fa2f3f994c2a36dc7c4886c269bc74f9a56e68ec1efb2b1b80b,c1e5eee9ace3f80c43edf9cb97cf5a34aa6de9fa926b869c11e2483d1cea26c1,-1,34.61973524627085,8
gemma,US2016,0ff9ba71abcd59f5635ce85b68d19fec7f8c9871553cdcbb33e28e48ed649092,40573b41f5270bb78f55de2a66ca43f44c7e9f051d685ea4f539c33cec387285,1,18.74722037424678,8
gemma,US2016,110bd9c40f5b6b3ce8a7909de96afb37a0a4620f3c4829d07d15262c5ca8957d,aa1c865ffd1598cb13a42db8721ab7ba1f09202cb9ac3b46b40e2b8a107ef46c,-1,-0.7360478804113857,8
gemma,US2016,117d17701e754f0917136084f4918e3e72509b7f2ff5cc7d406e679dd9980606,02d06282cac7912e866126c46cf81bbaf8a39b8f35b3938647fa089e65459d74,-1,-53.91479008147199,8
gemma,US2016,11c403293097b2725236889158816c3ee527b885ae1b7dd3f4d72f30fb896b0e,9282d4d3f55fc486e648c6e3b616ed913f5ed5a71f36c6f9c0a772a1bd86139e,-1,-5.711340606992108,8
gemma,US2016,1298644fb552a3ac37f1fe59e971c64e7553b5c68e0be605dd0f4ea71c6a4be5,0ce53b565db725c43fa01fbb4b1f3e322f797a4b0eb91e2ae64817a78057b0b4,-1,-34.53987303394214,8
gemma,US2016,12e3ee681968b9cabf7b22265de73d1f640be488fad3431a337ab40502ad51a2,02732ed4ca5626832d598c29107e4827c631d993b1eb38d915cc090c9485e6ae,-1,-39.264642658085165,8
gemma,US2016,13a0c777f9a6e88be95b3c8a0a7c84b9d50bd6715a4fe009d349aad0c435b190,be62dad26ea87f0c20f5edbe69641c1221a31cab868e23e67243e10e13945280,-1,15.114555208451764,8
gemma,US2016,14b427ec81ca21f0ec5d7a0ed294e2100f732509613a4eecb5725f67bba8937c,e65b8dc6b8e49973e14fcd5c2a6a90cf9976a37d67f53e333620791d718be940,-1,-18.0938134184906,8
gemma,US2016,14c31a58ae8e61e7a860b45f4b0bc278d0f84981b53cc3cd8ea0da468ded4838,dd9135e0cdaa66465a2e9419084a13d65c2b4722667067fab884404a88493b16,-1,-18.60369008766553,8
gemma,US2016,1686847447aeed9351dd7f639711ee71842e3e3ce77ac54bb74c95fe7826d263,bfaa0819446b74e85865671c16131cf17a9ac48953d382d2cfcf74de2ceb7d84,1,75.67357945409185,8
gemma,US2016,16c905bb50359ec598913c93ad5501b2d61de253ecc73abefe456455cf80a853,e3c01269c887e89b47513c28168dc7115fa8f0c50d19de71e4856e7c5b424e97,1,-3.975788107808393,8
gemma,US2016,17239075ced3556c1f4e47cb3a1040e0897cb2ff598644cd5698a7ad9043e838,9864c58b16e0dde84b1f458660504ffe1e3aea5101eb38bbedf47c945fcfe305,1,22.882674955810167,8
gemma,US2016,175c8646f4e435a8e8eb283b813b4651b40d0fc9c3c4c849b786abfe7da44809,6033f46be736f71e2d3dcefc1463eca6a3efebfdf96a555ae26f79d380ee6a9d,1,39.11275239199578,8
gemma,US2016,179796a53f4be7e82a955d79110414313e3382768a0ce2ff36f5f56466e02def,7e7adbcd5d8bb01dc7448b4e78606bf06ce90bffd3bb83a7b0815790946f8e8d,-1,-31.16635524428649,8
gemma,US2016,1849ab949f7d301b5d28bc37ee7503c92b15b38b3ef5e76a00d988e087a53998,6329c214e99b5c1b9cb4706c80a1a04930999f0d88d5cc03d492248cf292df91,1,51.674363240197344,8
gemma,US2016,1894cb669245c34469226cd480e022a5fbdcf382d96e3f66f6a41f728c12162e,df32b6182377a216e3bccff380fd75db450340f71d443758ac2bf0fe6f866b14,-1,-56.281248993577336,8
gemma,US2016,1915910a61b9ea0c2393229b491d1f80c0be463cb9b8f9318e7d3ab0f14a5165,dd9135e0cdaa66465a2e9419084a13d65c2b4722667067fab884404a88493b16,-1,20.277126754834757,8
gemma,US2016,1935f7494dbeb8aaf14485c56190410d83d98697ca5643f1bcfc38f1abd16d50,97c4d2927c7212ab7af045acf0bece8036a5340631506df5e06f2547a1eb725b,1,46.47850851194234,8
gemma,US2016,19910dedc7316a77d52be9bb8fcea8404e683f333c4cc5f9f4b69e5d02e5c7b7,02d06282cac7912e866126c46cf81bbaf8a39b8f35b3938647fa089e65459d74,-1,-38.743840450914185,8
gemma,US2016,1a28bc9f27bccb3e8ab2e06b44b887c672e0fd21562f9df75dbc2ecd7db96b69,9864c58b16e0dde84b1f458660504ffe1e3aea5101eb38bbedf47c945fcfe305,-1,-7.959530320567819,8
gemma,US2016,1b694cd2cd7e2d735ee54dc75edac449d1a8efc3ca6479aec6616e19da12b139,9e6fa7673158177680132ecea0f082692641fe9ea2022a72d997b0e672ea8cbb,-1,-13.224468624741228,8
gemma,US2016,1c37477ef83466dcb5ac3dfb480a01db2565a895e28c9091fe9683386e3135c0,313b80f14b6bb6064d8ef4e5f51ad4166743cfe16baea6df7aa50df4207c748a,-1,20.1913815460144,8
gemma,US2016,1c53ec8806068391b7e703c70e5ce0f859b8611ac792ad78dac7978f5882cfb7,2265018ea51d5d75143cc6b76bf2821720788f6d9e40dd4b28a31733ea020735,-1,-14.6402518558916,8
gemma,US2016,1c562ddeb8cd2e03467afd96173c25fffdb5bd4878b5d514ed3ddca5e46630f9,098942031f0e6e406f1c567888dd76a60417438f0cdff2afd7cf145bd5659327,-1,33.25609295184563,8
gemma,US2016,1c625a24813a764c13e66eaa8ac46e7fb69abc05d1630936ae74be137b70c67c,5617487e960b014f0b7dbfed21cdc094b9f73041276ca160992fee0a69ec2793,1,51.20296248356192,8
gemma,US2016,1c89836a82cb711243693b1602e30f449212b45492e9bf2b29821b8ff2baff55,6033f46be736f71e2d3dcefc1463eca6a3efebfdf96a555ae26f79d380ee6a9d,-1,18.69236738727501,8
gemma,US2016,1ca34a50ea991721447afe5a40100a9f0abd7cb0ff70198fdf508034377ca825,6d02059a8a175e3e117b20991ca71281d4b492ea1d247212a49dc1871b626fc0,1,50.10223597044078,8
gemma,US2016,1cd371b4bc983d33713f527dc4a201dbd776e97ea7a4d8b96a3cf5a09f5c89dd,180bd5850be20e0dd9228ab47d15ebf387cc0659c4ff18a3d52388f88ab01f70,1,4.2459286289939495,8
gemma,US2016,1d380e8f605e861f8032b2d8a9d146ef5309cb0ca3820c4a4b33499dd23d231b,2e18746894cb4fd22d9b4a9b8fac7657746cb4caaeed9664755bb2bcdd9928d7,-1,1.126068135612396,8
gemma,US2016,1eb0c3e4fc2a79de8022db3719310c114a49b62c554f56b642b5f5dbdd6f5da9,de1c205fd4370e4c2880e332ac13e764a2ab13973250ec6b3137e2a978fbc0a8,1,71.79769643885975,8
gemma,US2016,20248c8b4d88be12e70584f5f74d622f7031270c5dfd9dfc365c974579ecf87e,85961e001bda72c047588ea89c0e3720d38c3bd61947a6d373b944e8d2bcccfa,1,-38.61503318626824,8
gemma,US2016,2051959de796621f0ec2ba0e64baf9502b85569fc023768869bb4943a2a5491f,0eeec1bb7c0247dd4a88098cda357d595aabc1e6c90fcaf0595be01c45efb42c,-1,37.84589098743581,8
gemma,US2016,209a9190759acee5da4c56a132149895fe18e7c1ed1b49d77e00d2a6dc94834e,497c1ce037a8c038805ab0afa9ada2ee04f0f6c40d9cd2c60bdff0c3bd7fa852,-1,11.172192560110748,8
gemma,US2016,2133c9d1c621059ccedd5f46d2520a32c3837593a9259acef205f0a31ffde955,0ce53b565db725c43fa01fbb4b1f3e322f797a4b0eb91e2ae64817a78057b0b4,1,67.10414001552465,8
gemma,US2016,213616ac12718fb0bf4db456473019635e42e74a7fc773a6d88cc7d006685c31,1ce1612592ea0ccb5bd719f5b72b56bbb28ceecd3fe6d33fa226f16c357d631b,-1,44.873698513337146,8
gemma,US2016,21f98f24ebefa7241f884a555c7daddde348a1ddd33c4045c1307b9c8254adee,85961e001bda72c047588ea89c0e3720d38c3bd61947a6d373b944e8d2bcccfa,-1,-54.359698295512736,8
gemma,US2016,222e4fb368d116307595719b9078ce2bbedffad39bafded107acde40821e5c89,6033f46be736f71e2d3dcefc1463eca6a3efebfdf96a555ae26f79d380ee6a9d,1,-2.71022505884336,8
gemma,US2016,224929332fc5ed26da294eb3509722bed499687454b11c72c934283b58d80e74,5617487e960b014f0b7dbfed21cdc094b9f73041276ca160992fee0a69ec2793,1,-13.419755467398964,8
gemma,US2016,2357c8810a02806db07850aef9656277f02323a457a672bfd59c7dfee328310e,2e18746894cb4fd22d9b4a9b8fac7657746cb4caaeed9664755bb2bcdd9928d7,-1,-3.129847482982474,8
gemma,US2016,245de0082fa2b70c692dd890b84598d07b1843ab8157b0fd5db09fe57bc0a1db,dff8667d896083855d7cd15dfeb49c76745fe83c7af99da5f4af584fbbb3ee08,1,-19.05916445710474,8
gemma,US2016,24a213c0fb8dd1b7628583717d2f7bd12b527f9f3e3eae9a1116c9fad25abfe6,5aec976d491465afd9b1d87c2ea34cb65927964ef8a70da34cad44761e1a3e2e,-1,-17.318508721080953,8
gemma,US2016,24c977cf25a920e416a8404d6b506e7777e5acd86a8c429d82f81d1844226aad,2265018ea51d5d75143cc6b76bf2821720788f6d9e40dd4b28a31733ea020735,1,20.083670138439956,8
gemma,US2016,24e383dca514053ebcfa57576ac2dd97fbdb2cb8c9baeef5f6e421784535e9d7,dff8667d896083855d7cd15dfeb49c76745fe83c7af99da5f4af584fbbb3ee08,1,14.44893989554926,8
gemma,US2016,25421eac98a4ecf01bc7d8c62a196aec0e3b0d274229a8a492663ef60843ae9c,9864c58b16e0dde84b1f458660504ffe1e3aea5101eb38bbedf47c945fcfe305,-1,-38.47163636700108,8
gemma,US2016,2932fc383078ff7ad8ec84a6266e85bfeb4b74da5f5168927232420482ded3cb,97c4d2927c7212ab7af045acf0bece8036a5340631506df5e06f2547a1eb725b,-1,-15.666512791985724,8
gemma,US2016,29b4aecccc5d4b37bad3dad403efb5b158a0a709e1773753c93838a0bf51c6b7,2e18746894cb4fd22d9b4a9b8fac7657746cb4caaeed9664755bb2bcdd9928d7,-1,15.696278105683488,8
gemma,US2016,2ac25aa1ecb1713106bf9c7cf9e447b8a2e7ea5211190361c2d9dee268e7c9dc,fb9e62e8eeb12e3dc0a0735249ee3115e848137577e3602e1e08853b4a28400b,-1,48.05865213849316,8
gemma,US2016,2b9ecfa940a2cc1c500980f55a26157147074666317cb89b1ac6e88c89ff379f,dff8667d896083855d7cd15dfeb49c76745fe83c7af99da5f4af584fbbb3ee08,1,68.074373258147,8
gemma,US2016,2ecdd4d7688333c0fe63e01c12f80310b9e7bf5ddd78a5a4423ba454850ae5ac,0ce53b565db725c43fa01fbb4b1f3e322f797a4b0eb91e2ae64817a78057b0b4,1,66.3106702971425,8
gemma,US2016,2f1f16b874d93664ab405280ae75690e6303b33a59e0cd1982a707e4d9744c7f,a617df4c9bb376e7b4b0bd604b5707fdcf6eae1e0667879c6fecbbb5dd35001b,1,-10.617228933474587,8
gemma,US2016,2fc48063567a92ae4c57436977903e8fadcb87255398e4b1b8d66cc8b5730429,65cd5739fb5454d52edabb65d07cbd941472c0b0f17d8351dbbe117409db7cbf,-1,15.677559583420742,8
gemma,US2016,30f3f5713df781f30b65150ade822c55159c2383e34c161528984a828a5d1711,5aec976d491465afd9b1d87c2ea34cb65927964ef8a70da34cad44761e1a3e2e,1,-35.690380442903205,8
gemma,US2016,30f55c1ed692ce559b70659c8b5ef670933e037d5a632e68577b545ff14f5bbe,02732ed4ca5626832d598c29107e4827c631d993b1eb38d915cc090c9485e6ae,-1,11.65566360143198,8
gemma,US2016,3263d51ee9291dc8044c632470edc458260d52f61f97b82504eedd985f7ff7b4,0ce53b565db725c43fa01fbb4b1f3e322f797a4b0eb91e2ae64817a78057b0b4,1,-31.539150427674663,8
gemma,US2016,34f2578fb00b9783088fe785856cbc34d5dc1085e68a5552f0740d71334fc0c9,e53b982fcc5dd131af3821bb7b7c04ba055ef214fb91cca2c8290bb3afd3545e,1,12.491327801105538,8
gemma,US2016,373db8823a992713ec1eb4462ca22553fefc086683bc2dbf1da842df22ae5e71,bfaa0819446b74e85865671c16131cf17a9ac48953d382d2cfcf74de2ceb7d84,1,63.88096667629452,8
gemma,US2016,3be5136a9a9036ad9f5ae4121621e50e87ed99e2a0f21bb48170e124255ca372,e3c01269c887e89b47513c28168dc7115fa8f0c50d19de71e4856e7c5b424e97,1,67.72294841333195,8
gemma,US2016,3d2359c1a98271699b067cebcdfd7c5f4557571bb5f5ce917d16d0d1f076445a,2e18746894cb4fd22d9b4a9b8fac7657746cb4caaeed9664755bb2bcdd9928d7,-1,0.7781343072598714,8
gemma,US2016,3d2b1434e52f45e8909cfda67ce6298c5b65727a6efaa12cda25c308d395584c,9cd84ca538622e6da5f761df165facc5ae650ab55992ca8c03db14d75af76e37,-1,-17.702232048021333,8
gemma,US2016,3d7193a43645f0ae35f27839a1d0cf5df27414c7561a69e8b8b04c7b598b5ad0,2e18746894cb4fd22d9b4a9b8fac7657746cb4caaeed9664755bb2bcdd9928d7,1,-23.81364068061066,8
gemma,US2016,3d99ed36fc7d7e7214b279904ccae9d00e0b362f145cc0d02cf2ec15c81a2e91,fe53b0ff13a6a944d49ba6c019124c1f1925479502333a00f280dd6323edb4a1,1,-0.560818753656795,8
gemma,US2016,3e15aa9e401aae44a24d94e4b299e71325b1c540f66580872d9d1b70c2c3ac22,098942031f0e6e406f1c567888dd76a60417438f0cdff2afd7cf145bd5659327,-1,-21.1654835713052,8
gemma,US2016,3f10ee58f8d3e382617acf24351f35fc406dc4a994923ebe3a392a9bb8b8dff0,e89abcf371903a5020f03f5db33ef0bd452eddc9a5202d45c053dac22d56b575,1,36.3030668775742,8
gemma,US2016,3f8edb929bef50e1b56e4c62ad216a4e66acc24be8614bad36ba25164c430f46,2e18746894cb4fd22d9b4a9b8fac7657746cb4caaeed9664755bb2bcdd9928d7,1,66.55509098095456,8
gemma,US2016,408322ff09f825fd4a3e3c0c53a285ede43a3337fc41531896d6db9f05a9edef,de57def327414befc40b5546c49dc1b954eb0b30a96742dce36139184800ed08,-1,31.239375698988937,8
gemma,US2016,409fd04151837eb439f4476ec397e1c7b97d5db6b3af98f31f5e801ba9d7c60f,02d06282cac7912e866126c46cf81bbaf8a39b8f35b3938647fa089e65459d74,-1,-38.47977758006843,8
gemma,US2016,412c7c8a7261eaa26d6f0028e859712e63354e52b6e96b07c860d3cad16fcdb4,5834738f605e9e970628e74b60dfc25cdca2d5a501e4305c57996d1a5809c3b1,1,40.28238719237604,8
gemma,US2016,4183642f1e31c41df7739e328a48465f8722c2c88b604a443f2efed9ee2fa788,0eeec1bb7c0247dd4a88098cda357d595aabc1e6c90fcaf0595be01c45efb42c,-1,-15.12166748572116,8
gemma,US2016,4192b4d7f300a2b075a03af0b9adaf6894da4d83df0e4af2fcd2d079f122f08d,0ce53b565db725c43fa01fbb4b1f3e322f797a4b0eb91e2ae64817a78057b0b4,-1,23.97342324515548,8
gemma,US2016,41a8b1e402b9ee60afbeef65720b541ff802c278a03e1c0855e5abbd7b6b2ebb,b77588e9ea37a4f5ab9b236b1a97a271222b1138095ce901132cee290ae868cd,1,24.5029776711354,8
gemma,US2016,41d3421e9ad0f5f11fe18063db5d783769598b05dc44137191cf44fa78171528,098942031f0e6e406f1c567888dd76a60417438f0cdff2afd7cf145bd5659327,1,-2.311251776061655,8
gemma,US2016,41f408cd1cb1b17265f7b7bf2223c577f9d9d9a43dd5f79c4838f12e5eab0e75,e3c01269c887e89b47513c28168dc7115fa8f0c50d19de71e4856e7c5b424e97,-1,-9.342063823529031,8
gemma,US2016,432ad2c54e042e877705027452f6cb9fa8e771e93c67b907e620c761de2a10da,9864c58b16e0dde84b1f458660504ffe1e3aea5101eb38bbedf47c945fcfe305,1,1.9797444783975424,8
gemma,US2016,454982d03268b19910322951590b0292e6efac4bf99c678c14388719c93a0c90,2e18746894cb4fd22d9b4a9b8fac7657746cb4caaeed9664755bb2bcdd9928d7,1,41.214586079246345,8
gemma,US2016,463d031244f69398be44c9829c7c72e08cdb384a7b7a64ca450f5880e9fb6b3b,97c4d2927c7212ab7af045acf0bece8036a5340631506df5e06f2547a1eb725b,-1,-47.0412879392091,8
gemma,US2016,46d0cab5f5cf07fd5c93049c290bbafe3a8cf9a5324e2a534f573d48c33fb53b,5617487e960b014f0b7dbfed21cdc094b9f73041276ca160992fee0a69ec2793,-1,-29.38264327319433,8
gemma,US2016,473bdcc882f117bdc62770972117cf74c3c6b93efe58f3de56a753283d8902a2,3387eb2642e6ab5305341d2e47427cc13c48c8c5118fd3df7c8535733f09bcb0,1,-14.532746077313098,8
gemma,US2016,47607ad4a49a283f0acd3bfc4f2585339691e11eef034efa6594969066b27155,6d02059a8a175e3e117b20991ca71281d4b492ea1d247212a49dc1871b626fc0,1,54.43896531254086,8
gemma,US2016,47d09b9cd52df7140bfeb5a1fa31fd3c0f3dda80486982e13f55e83bbd1c04d9,0ce53b565db725c43fa01fbb4b1f3e322f797a4b0eb91e2ae64817a78057b0b4,-1,-30.076541778256043,8
gemma,US2016,480514cbf765ddc69b6042a176fa4aee1894d400168c794b8abb0d426a3b1ada,9864c58b16e0dde84b1f458660504ffe1e3aea5101eb38bbedf47c945fcfe305,-1,-35.94511444935302,8
gemma,US2016,486ed989a145fc0822a9d0dc13eaef4aa780f38a8dad3aca072bfaef7410c6e3,c9f233bbc2af25c3ef850e6f62749612487c31a947035f61c98e1bcf48498841,1,70.7785745460098,8
gemma,US2016,48a0703632cf249d1bf46261e05ef4929450544ed93aef39f7758b1151b22daf,9e6fa7673158177680132ecea0f082692641fe9ea2022a72d997b0e672ea8cbb,-1,2.8841670481263897,8
gemma,US2016,48aac5b81c1fdab11620febb66d39ade9c5c9e82012aaff63094c6ccc176769e,9e6fa7673158177680132ecea0f082692641fe9ea2022a72d997b0e672ea8cbb,-1,-19.215227823416942,8
gemma,US2016,48b33190fe072fbd55a278d4955107ee47ba0c1d415b833539fefaf695aa2c2d,2e18746894cb4fd22d9b4a9b8fac7657746cb4caaeed9664755bb2bcdd9928d7,-1,45.31513159581998,8
gemma,US2016,4a4de718c05d4be69bd03191ee572e361a68b5240873f46bb1e6aa4345b9ac36,9cd84ca538622e6da5f761df165facc5ae650ab55992ca8c03db14d75af76e37,1,29.167844215399576,8
gemma,US2016,4a618f7208042b58c58d9c3867b0728928c031a7329d5a7da7fe15618572aa04,8c79f050e00774627ab41165a682ac9899f45c427bba52d6c12c14e28d105633,-1,-37.653697127491455,8
gemma,US2016,4b871197055e3e4a88487e8430629887376b9285443eb79620fdeaddf8d00ef4,098942031f0e6e406f1c567888dd76a60417438f0cdff2afd7cf145bd5659327,1,-20.251372038962657,8
gemma,US2016,4ca7a8308573afffd312d65d311bc305dc49b52a3468621341d061c699b7839e,2e18746894cb4fd22d9b4a9b8fac7657746cb4caaeed9664755bb2bcdd9928d7,-1,-9.947552049742502,8
gemma,US2016,4ed9c7466a9d244d0fe5506c95f94e478cb87e297ca92cb7d933517db6c5fddb,97c4d2927c7212ab7af045acf0bece8036a5340631506df5e06f2547a1eb725b,-1,12.531653067201528,8
gemma,US2016,50a753d31fd00c0eb727d81835b6c148091df5910e862ffe41dd8f1bbeb76202,94d2429faba8a8ab8c5a080463a1e4b92709c627da7320e47dcd97668d6f08c4,1,16.238380721096995,8
gemma,US2016,5237e4b90a90cf5cd14482317c667ac7997d5e4afe7354054dd6113fcc882109,1f83371ec4e5b3baf900c750d1ff682d95e2f39fdff73c7ebb1fa6d772bc8f22,1,-13.084252309389877,8
gemma,US2016,541915cb8b95b603dd35b35c81679f8d7b1ca1bdf7dc66967ebe120633faa711,7e7adbcd5d8bb01dc7448b4e78606bf06ce90bffd3bb83a7b0815790946f8e8d,-1,-3.7956029358295886,8
gemma,US2016,547336ef5d86f560e2a5f0bd1036af97ef596a62e7fe1cbe0c9fc17fe60510a9,5617487e960b014f0b7dbfed21cdc094b9f73041276ca160992fee0a69ec2793,1,59.18918083918536,8
gemma,US2016,555800b4522315b1394c8570bf0647247173833bec6075f875404b62e63f78ac,fb9e62e8eeb12e3dc0a0735249ee3115e848137577e3602e1e08853b4a28400b,-1,9.902214867268537,8
gemma,US2016,55da98ca2cb16d440b1a4c2c078e3da87e7fadee2fdebfbc86ecd4198e8f238a,9864c58b16e0dde84b1f458660504ffe1e3aea5101eb38bbedf47c945fcfe305,-1,-12.10650701209478,8
gemma,US2016,55f77cf3242815fa97dd4e00f565b8889f38ac72927df6c28ee666500362b700,9cd84ca538622e6da5f761df165facc5ae650ab55992ca8c03db14d75af76e37,1,26.70737669114549,8
gemma,US2016,5631305b64f41381e05780ab028be70105ab390bbba1ede552caf1012f5e6c09,cafb639f3d026a8f08dd70d519e6dc000abe9483b8d4498913c6c1fc5de78352,-1,74.01291934638101,8
gemma,US2016,5670fe135df4308a07f4b01760e2c4c62f82064916da0569d03c58ff6845bbc2,de57def327414befc40b5546c49dc1b954eb0b30a96742dce36139184800ed08,1,53.15189263856792,8
gemma,US2016,577804d5addc90c25d4a8d126d9b6dc784b9c256b5d4b8f7f433a26626000995,2265018ea51d5d75143cc6b76bf2821720788f6d9e40dd4b28a31733ea020735,1,68.8956956671216,8
gemma,US2016,57ffdd169320871a5b7707a42ed232a2b5a0a6ada062da397f406ad1535f2546,b1c2a5cebac49a7ce188f4ab44173b21731a2ba544bc31f32059d9e85c6470fd,-1,-43.973206121407486,8
gemma,US2016,580ba5814e9de527d3d263c924e7e0b1537ccbc10152c55d1f910cea2cb75140,5617487e960b014f0b7dbfed21cdc094b9f73041276ca160992fee0a69ec2793,1,66.98944742586703,8
gemma,US2016,5810626a1476f8ca006d357602eab1f271360a1091eb5451a214814979ea066b,aabc79cfb438282316a1babc0442b3d7893f763811878013e8cad1bc1d016673,1,74.36383985819896,8
gemma,US2016,583dd06a14353ea5a1a76cd6bc699b7033d6eacd3ff9fd1404228ae0173f85bf,a03d67f54aa63563abf4ea146ff7d24ed69b67fed978a253d56058984b352c06,-1,-23.83540120867665,8
gemma,US2016,58b40dd2d597232156b9d93d6f5193e2cedff18b4321757b1e0167efabcb2bb5,dff8667d896083855d7cd15dfeb49c76745fe83c7af99da5f4af584fbbb3ee08,1,28.379867741193745,8
gemma,US2016,5a20ff1fed762fbae053ca2f5689afadcd5814952c2930f467a0b710c2e4caa7,0ce53b565db725c43fa01fbb4b1f3e322f797a4b0eb91e2ae64817a78057b0b4,1,35.937041263226725,8
gemma,US2016,5ab1c50045d48200e3c845cfa9e07790d0759110c688b2458045972ce5a85a1b,85961e001bda72c047588ea89c0e3720d38c3bd61947a6d373b944e8d2bcccfa,-1,23.101613015942288,8
gemma,US2016,5b3310d1205cd8743ecdba7b385157cb62d1c093ee7b1edd48cdf57f3c67e43c,180bd5850be20e0dd9228ab47d15ebf387cc0659c4ff18a3d52388f88ab01f70,-1,27.02333218709977,8
gemma,US2016,5c8cc9cbed92b59054200bbabfae42eb422727b10daabb090ac1f51148561300,de57def327414befc40b5546c49dc1b954eb0b30a96742dce36139184800ed08,1,45.83111005474571,8
gemma,US2016,5d53ed04d528f81fa4f4702c5f901c637401ead9aa1a14591532ea357770e466,828a6ba97c348450ad7392f49b392260677c5dc2751c3259872b0dd046ac3069,1,28.72553616089641,8
gemma,US2016,5d5737e54b6028d44d9625653c862f566c95c7c6f120358ff925992ebc0ab6bd,b77588e9ea37a4f5ab9b236b1a97a271222b1138095ce901132cee290ae868cd,1,76.96749329866734,8
gemma,US2016,5d5d579e86b0edc7251d7b3f1ea43edd72eb59350c6a5141d450ddd42aa2b3f4,9864c58b16e0dde84b1f458660504ffe1e3aea5101eb38bbedf47c945fcfe305,-1,-22.487975645005164,8
gemma,US2016,5dfea1e6eb6615c37d2fa1e0ac048f4382eaa313df4c0f9d2e0e170bd489d8b6,97c4d2927c7212ab7af045acf0bece8036a5340631506df5e06f2547a1eb725b,-1,-10.833549725406476,8
gemma,US2016,5e2f4fa255983aa5bcc906385d7ee59ad91c6759bc010be80b35acf2433ab325,e53b982fcc5dd131af3821bb7b7c04ba055ef214fb91cca2c8290bb3afd3545e,1,65.96090786155078,8
gemma,US2016,5ec43b48fb35d7a3edacd651add8fc062e0d73e9d3907a476734b63f2b07bccb,0eeec1bb7c0247dd4a88098cda357d595aabc1e6c90fcaf0595be01c45efb42c,-1,10.356822425414787,8
gemma,US2016,5ee03eba9c29cfa16188903dd0e1d237afcabb9317fae7ab24de84168d7c988d,2386cafef5dd3a8ffa68bd12bbfca8593c1a6472a9e733bd9460b3358527e9b1,-1,-47.10341352564991,8
gemma,US2016,5fb5a564b15ac975ac4dd60e49faddafb9a78e09710b5125f998033609baa3c6,313b80f14b6bb6064d8ef4e5f51ad4166743cfe16baea6df7aa50df4207c748a,-1,-26.48725013992224,8
gemma,US2016,601049c1e077297a7d978c15dff05494f24a7df6065c2e220f6ceca9f21473ac,0ce53b565db725c43fa01fbb4b1f3e322f797a4b0eb91e2ae64817a78057b0b4,-1,-13.49552041600496,8
gemma,US2016,601b552d7c8dc492fe91194d4b5e0917bd42fc497e8eca5481d2cbde37c38d6f,85961e001bda72c047588ea89c0e3720d38c3bd61947a6d373b944e8d2bcccfa,-1,41.3958145197944,8
gemma,US2016,62882a131c3df7394f2bea78a4e1314f688066a1f4b8d1ba7c4bd101a106e0e6,be62dad26ea87f0c20f5edbe69641c1221a31cab868e23e67243e10e13945280,1,-25.54235736513453,8
gemma,US2016,6291200e22045260d20cfbb4c37f168edacaba8eb281767491cbfc910512f96f,2e18746894cb4fd22d9b4a9b8fac7657746cb4caaeed9664755bb2bcdd9928d7,-1,-17.354194827708035,8
gemma,US2016,62e1d4a2349a12fb5bada85c8dce802f20d8ae55446717b8110de9b0d726eb6f,9282d4d3f55fc486e648c6e3b616ed913f5ed5a71f36c6f9c0a772a1bd86139e,1,57.93366490986346,8
gemma,US2016,63092c3bc4a679802d1eeaf2536125ff603f199f2b0ef2751e769569123cc3ac,e89abcf371903a5020f03f5db33ef0bd452eddc9a5202d45c053dac22d56b575,1,-20.894054590184545,8
gemma,US2016,63102264de9d8761b3388bca5c0e15fda21a7e9262cd1dcda4a925f384a6bb79,180bd5850be20e0dd9228ab47d15ebf387cc0659c4ff18a3d52388f88ab01f70,1,47.7076244783048,8
gemma,US2016,63d4d559ff6f915398f675a5a44040d916276c1a5096970beb3a286c757131fa,492f3062d340a6ee7880cce80e51bf8a26a7b3a549b10aa6a60c03f21133199f,1,28.517495472390888,8
gemma,US2016,6472a25d9f8534b0bb24f1b7af10b64542008a8e2aa6cddd76a93436f3a0333c,a617df4c9bb376e7b4b0bd604b5707fdcf6eae1e0667879c6fecbbb5dd35001b,-1,49.401776254129054,8
gemma,US2016,6547f6c4cc74d17016a06d24852b1c9d859e230cc0a0b0c6319604950b55bcfe,65cd5739fb5454d52edabb65d07cbd941472c0b0f17d8351dbbe117409db7cbf,-1,-2.824148563155619,8
gemma,US2016,67254652cd1b7bc7b7af6f5a7f12fb52adecc1e07ed4e3ce614d5ad81da1b17b,02732ed4ca5626832d598c29107e4827c631d993b1eb38d915cc090c9485e6ae,1,-27.31846883818566,8
gemma,US2016,6801456c2fc5fbc86e3a210da233da3f25793ad4ce41188a94c35c947a5c10c2,9e6fa7673158177680132ecea0f082692641fe9ea2022a72d997b0e672ea8cbb,1,70.42346195829506,8
gemma,US2016,689b0c50eb6ab6955b36e7a41c2282b06965a3b02e9d29464d0fdf49a38b53ea,40573b41f5270bb78f55de2a66ca43f44c7e9f051d685ea4f539c33cec387285,1,-13.45372110832028,8
gemma,US2016,69bc230b5b980b041152c8c93214b37aaf16e5d71d57625ad3fb03bc4728c038,7e7adbcd5d8bb01dc7448b4e78606bf06ce90bffd3bb83a7b0815790946f8e8d,-1,-10.472093270313415,8
gemma,US2016,6cffa96d5c769963863fc94db02bf2fbae6da44ddf6d8452cbac1e60015a0bc5,e53b982fcc5dd131af3821bb7b7c04ba055ef214fb91cca2c8290bb3afd3545e,1,-25.98457517940393,8
gemma,US2016,6d6949e0b70b65995cafc4cf7050d40451a349d65dd66bd7a1ef0891d16cd87f,0ce53b565db725c43fa01fbb4b1f3e322f797a4b0eb91e2ae64817a78057b0b4,1,68.45577080806362,8
gemma,US2016,6db9039c281f86508b3a08e70dcf4e0e79df98f4f95f10f41f49441554c981af,e3c01269c887e89b47513c28168dc7115fa8f0c50d19de71e4856e7c5b424e97,1,16.810493920420154,8
gemma,US2016,6e4edd2e712a8214698ad09e729ea224c60163850ffa4ebe6c5669ab0a052fe4,9864c58b16e0dde84b1f458660504ffe1e3aea5101eb38bbedf47c945fcfe305,1,30.51004766426106,8
gemma,US2016,6ea341c454894d7b18cb4a05fe5a10044beede2337b68e5409dc6f4f6af2b144,e3c01269c887e89b47513c28168dc7115fa8f0c50d19de71e4856e7c5b424e97,-1,-38.14978848601629,8
gemma,US2016,6eff3ba8ee529fb67b4815c5f0177985a207d42b4e21b197daf3ad3e4144d8a1,faca65a3649acb9e0433361c04fc535ab61149f6d13b5952600cb2c740fe2572,-1,-14.562698033285985,8
gemma,US2016,6f23114c3fd0c487c13672a1269f1ae057b98345aef488877fed273f9df5f96a,df32b6182377a216e3bccff380fd75db450340f71d443758ac2bf0fe6f866b14,-1,-49.04358737145908,8
gemma,US2016,6feb5a2f2fba7e60bdfce5e4c1e4456a1157637d79bd9efe1ab1d21182594aa3,e89abcf371903a5020f03f5db33ef0bd452eddc9a5202d45c053dac22d56b575,1,26.315298362344212,8
gemma,US2016,6ff464efaef4e384c97965dc555878dbddfa7cc365d9ca38ee3ae6ef4d0bd927,9cd84ca538622e6da5f761df165facc5ae650ab55992ca8c03db14d75af76e37,-1,-40.40767381246944,8
gemma,US2016,70383a6389ac205ffcb779a1871227a9d61334cadf8784cb99fefac6949ecdd8,f4241006fb761d105e514556de9a1fd07c9eb291bcc9625ac06722fbe9fc7f22,-1,-18.12960150311604,8
gemma,US2016,7167f2a9c1e035da0cba31999bc7ef489638647de04b97367a6d9a28ab926642,2e18746894cb4fd22d9b4a9b8fac7657746cb4caaeed9664755bb2bcdd9928d7,1,37.610648164368776,8
gemma,US2016,73288fdef99682dda828694afae2e1cafb4fa0433e104d1664813d35e25e5d86,0ce53b565db725c43fa01fbb4b1f3e322f797a4b0eb91e2ae64817a78057b0b4,-1,5.508961107607778,8
gemma,US2016,734a39284ee39d002e1bce55bffc37100a9dc13bd5441c23c277d314e6cc2ac4,5617487e960b014f0b7dbfed21cdc094b9f73041276ca160992fee0a69ec2793,-1,-4.99659801542321,8
gemma,US2016,73d37ecb4fb66ce1a776295a730268cc3bdf8ffcd7ce98bf4c4ee6b25b188416,2e18746894cb4fd22d9b4a9b8fac7657746cb4caaeed9664755bb2bcdd9928d7,-1,7.196181857454768,8
gemma,US2016,7455d5cb06a7cf7ee46a46e05ce21967d423781cd7f63e0d93ea68038bc526cd,6033f46be736f71e2d3dcefc1463eca6a3efebfdf96a555ae26f79d380ee6a9d,1,68.22558522742204,8
gemma,US2016,7471d9fac749bd4039573f2ffc22eb9551535b5e0bb06aca070b1c42f13952c6,97c4d2927c7212ab7af045acf0bece8036a5340631506df5e06f2547a1eb725b,1,31.24245184674041,8
gemma,US2016,750a0a80e922d76c52916b7d78c3a28616305dcb54e8dbbbac082df7ebd05a6a,5617487e960b014f0b7dbfed21cdc094b9f73041276ca160992fee0a69ec2793,1,57.92353736503114,8
gemma,US2016,7531d951436cfca66141c57406dd36b5f2ef8c1f1da084ed52220ddc0614838d,cafb639f3d026a8f08dd70d519e6dc000abe9483b8d4498913c6c1fc5de78352,-1,25.88314224431683,8
gemma,US2016,75a41fa399830bfd313e560f002ed0ab5e6b38acdec4bdd689a966e60c1962e4,9e6fa7673158177680132ecea0f082692641fe9ea2022a72d997b0e672ea8cbb,1,65.54358702073351,8
gemma,US2016,75c143496135351459c2bdad46067661211d9706ce940b1eea9b136ee4ec2e30,6d02059a8a175e3e117b20991ca71281d4b492ea1d247212a49dc1871b626fc0,-1,33.69541077765841,8
gemma,US2016,76deab7b95da4d00b366774974bd1044a16f657d2bd1924f0f8de93c48cc24cb,9cd84ca538622e6da5f761df165facc5ae650ab55992ca8c03db14d75af76e37,1,37.80009963163562,8
gemma,US2016,773e525ab80522c555a3551b2521dc3bc450169f8586ecf7677c6ecb2bccfd63,df32b6182377a216e3bccff380fd75db450340f71d443758ac2bf0fe6f866b14,-1,-34.41209441807814,8
gemma,US2016,77ad947b87989aad4222d2fbb5b8608a7d870b68c2aa56509382934d057f8b3d,a8898beb107a4e43e6b96330acd22bf2759f13e5099b8fb7d969408b09a2ab71,1,52.44360286258456,8
gemma,US2016,785438492767014e9fa9fb0c4a12afb661316016ac0a5220524d3b57fbd067e8,dff8667d896083855d7cd15dfeb49c76745fe83c7af99da5f4af584fbbb3ee08,1,-35.5044187851084,8
gemma,US2016,794f3cfc66d55c1ce0f561887f6c669bd576674d1b1dd69f6452a28931239822,cf830fb50cdbd4b1389006b15ebf6dc74a4cef74751f8b49f5900f3a05eccfc5,1,73.54413284297442,8
gemma,US2016,7a5e73c99e8838312866b9b7509939e62e7c5156ed3f4988e666a0aa5f2a5460,3e617ad18d1163fa2b8b7a49bccd845d607632b7fc5dfb2c1b91f624af96d623,-1,11.175287261371244,8
gemma,US2016,7a7a343bbb0ee71a80e5ca2ce8fb08384ec39a1b9108593849fd6be24cbe76d5,40573b41f5270bb78f55de2a66ca43f44c7e9f051d685ea4f539c33cec387285,-1,-28.971399956412856,8
gemma,US2016,7b35ef09bb43449d667ff20a66570712526edd1db4f28bc0aa1344dd75c299f9,e3c01269c887e89b47513c28168dc7115fa8f0c50d19de71e4856e7c5b424e97,1,30.235339623550917,8
gemma,US2016,7b97f361031fc0e4689f20d8642eac2f8e2a76c127bdf229260c382b5d16637d,1ce1612592ea0ccb5bd719f5b72b56bbb28ceecd3fe6d33fa226f16c357d631b,-1,-43.318348424856325,8
gemma,US2016,7ccb512b670951e13bf5af743b2cdf23d134ab24722dbf656d1b0ab173c6313d,3387eb2642e6ab5305341d2e47427cc13c48c8c5118fd3df7c8535733f09bcb0,1,0.9236956581548732,8
gemma,US2016,7d248e22b89f7b93a684e9f2b67ed862c5eb15b835c360f0b4aab675b3f38268,aabc79cfb438282316a1babc0442b3d7893f763811878013e8cad1bc1d016673,1,78.53919049771613,8
gemma,US2016,7d6f70e7a3b309566c941705c3a2d25e2bb49008c62170d09b4b53940958bff8,a617df4c9bb376e7b4b0bd604b5707fdcf6eae1e0667879c6fecbbb5dd35001b,1,20.863969447789405,8
gemma,US2016,7d91fb7b3cea93f3e187fe11f41a2955752489a8fa8544266b4794359fa2f81a,5aae21af111888044996332f4119ba0afeb1a0bc724d73e542c641d6cb4c8921,-1,-33.68975109884397,8
gemma,US2016,7daf9b6d9dd75b094a665319d0dea1aecc667b22ec101ffd75b0633530425429,ad8eeda8b45455d5baef64bba90970116d1fa18dac10f22f9deef5635758391f,-1,-0.3898160211170207,8
gemma,US2016,7dbfe36953f83879552c5579262b3a3b5b3326103a4943f6f3484dfce7f3e6b5,2265018ea51d5d75143cc6b76bf2821720788f6d9e40dd4b28a31733ea020735,-1,-37.48050356803007,8
gemma,US2016,7dfa08035f18890e5734ec683cb4b21faa30468c35eeb5e069886e48dd87ce38,40573b41f5270bb78f55de2a66ca43f44c7e9f051d685ea4f539c33cec387285,1,63.71451701798389,8
gemma,US2016,800bd964d35231ce021e44544f71171335cae20dd9e1b1dd92f6970dcc8f5cc6,2265018ea51d5d75143cc6b76bf2821720788f6d9e40dd4b28a31733ea020735,1,59.18335452010954,8
gemma,US2016,803fa76db2870eca323ab05ff374e92710ca9312444b814ed916635377dc8f63,bfaa0819446b74e85865671c16131cf17a9ac48953d382d2cfcf74de2ceb7d84,1,79.62046852106634,8
gemma,US2016,82563ebbcc76ca4d926eb234297c9c9d9c6112561a08f03caa9d66c138915f36,df32b6182377a216e3bccff380fd75db450340f71d443758ac2bf0fe6f866b14,-1,-17.972732539633377,8
gemma,US2016,84ae15f97dbee20d5a2b0a753e6d5a3995cdc8e54ac31bc82f8891db18c0ef23,9cd84ca538622e6da5f761df165facc5ae650ab55992ca8c03db14d75af76e37,-1,-6.760895069284825,8
gemma,US2016,851fdc84017dc271288fcf32497761fca0b59a0822a840768a703823dc78c32c,40573b41f5270bb78f55de2a66ca43f44c7e9f051d685ea4f539c33cec387285,-1,31.08536706234325,8
gemma,US2016,85c1d981aa773275db42c986404a5946b34ec17fbb6a47bfb81f93eb4bcc849e,cafb639f3d026a8f08dd70d519e6dc000abe9483b8d4498913c6c1fc5de78352,-1,38.89780025731588,8
gemma,US2016,8769cc569c2eb00ddba958373f589816152583f7312005dd8bd945624e548dad,7e7adbcd5d8bb01dc7448b4e78606bf06ce90bffd3bb83a7b0815790946f8e8d,1,6.3755174964852825,8
gemma,US2016,87b141e976264a765183687d12c7d38c044bfd5b687fccaf21924b8fad7217e7,e65b8dc6b8e49973e14fcd5c2a6a90cf9976a37d67f53e333620791d718be940,1,64.68251981795862,8
gemma,US2016,890bddf7f2f071aa0dcfb0e8e9a9a997c040ab2b08426f7b735f0b462fcf6f60,02d06282cac7912e866126c46cf81bbaf8a39b8f35b3938647fa089e65459d74,-1,-24.854484847144253,8
gemma,US2016,89422a6a83000651513d483c059a27e7aeae628284bc72182e53e76ae79ee68e,9864c58b16e0dde84b1f458660504ffe1e3aea5101eb38bbedf47c945fcfe305,-1,-3.5530792848656443,8
gemma,US2016,8989c99499561dbabec5792a86d776816551e4b0cf591d7e5cc5b33f0fd429a3,450d927946e72d76da4b90eecaad94096533cd79bfa97c0a8884187919cc991b,1,53.56863235739375,8
gemma,US2016,8994402aba7def42213e3c56624d59b1d0a703cb73a5e1b964b925b630fbaf63,7e7adbcd5d8bb01dc7448b4e78606bf06ce90bffd3bb83a7b0815790946f8e8d,1,35.77071752367025,8
gemma,US2016,89fc052085932c7e64f4210da19617d016b148a420c7b4554f1d98fe087d7001,3387eb2642e6ab5305341d2e47427cc13c48c8c5118fd3df7c8535733f09bcb0,1,48.49013054585497,8
gemma,US2016,8c3e93c9f28686e2491ed830362b54578dacf232e902278bf05f34d97e434dec,dff8667d896083855d7cd15dfeb49c76745fe83c7af99da5f4af584fbbb3ee08,1,-26.54517555001293,8
gemma,US2016,8c4c3741e469590ba3dfa2320e5e0a18126253fa89eb3fe4e8e8d3db73723e7f,9864c58b16e0dde84b1f458660504ffe1e3aea5101eb38bbedf47c945fcfe305,-1,-26.1234467935075,8
gemma,US2016,8c5901b52f5e6264787b6708a4f13e47dc24132e13fa31d4f1979419c870c6d0,0ce53b565db725c43fa01fbb4b1f3e322f797a4b0eb91e2ae64817a78057b0b4,-1,-19.45175347848245,8
gemma,US2016,8d883ca3e7af000f6c21fcd0466159a1fbc72be713cc19d2eab4a5c9fc8ee235,9cd84ca538622e6da5f761df165facc5ae650ab55992ca8c03db14d75af76e37,1,48.80276910431997,8
gemma,US2016,8da34b0e623339195903cf3731666d4e628a67878492b84cbb6818f9097dbc19,1ce1612592ea0ccb5bd719f5b72b56bbb28ceecd3fe6d33fa226f16c357d631b,-1,-24.28488349729312,8
gemma,US2016,8e35e50c77aeafa97dec389c89d2709f57223cd1d10accf337e3dfb71da1d942,6d02059a8a175e3e117b20991ca71281d4b492ea1d247212a49dc1871b626fc0,-1,46.09297244300664,8
gemma,US2016,8ece402954cb5b270280c211aef02cde7be8a400bf7b4373d61c445b01d729d8,a8898beb107a4e43e6b96330acd22bf2759f13e5099b8fb7d969408b09a2ab71,1,13.256725839162405,8
gemma,US2016,8f2220ab33c65f9b348dcb9cb1889c790f6a329e457e92b6b3e7909eb6099e95,dbdebf5af92275b76584d5e0ffc1c4cb6be6d02afa29c6f5f7c8875e7199bdb3,1,76.63716566263781,8
gemma,US2016,8f492cb008d60fa205e5696310ce961e6e6a329cdf0498c47f994045d1d35e1c,0ce53b565db725c43fa01fbb4b1f3e322f797a4b0eb91e2ae64817a78057b0b4,-1,-30.16306069923029,8
gemma,US2016,90bea3bf1a171af3f2cde55303874a8e5480eed5ecf87db0d517fb3d84b74b1b,40573b41f5270bb78f55de2a66ca43f44c7e9f051d685ea4f539c33cec387285,1,52.43133273530208,8
gemma,US2016,90f5b7d44adbfceeed77def501396c9b0e7138a534e39ed14edc6a76cc766ff8,180bd5850be20e0dd9228ab47d15ebf387cc0659c4ff18a3d52388f88ab01f70,-1,57.04453774633122,8
gemma,US2016,917bb59ecbee954353b37b6dce1621bfef6fcb9475206adb5cb783c08856d8c8,9864c58b16e0dde84b1f458660504ffe1e3aea5101eb38bbedf47c945fcfe305,-1,17.080368583394694,8
gemma,US2016,925400937d91963da6c7037b17a03525319159c0411f2925d713fa124927224b,5aec976d491465afd9b1d87c2ea34cb65927964ef8a70da34cad44761e1a3e2e,-1,-22.29258778104452,8
gemma,US2016,925c1afce8cbc13f82b3134dd56c3c6dbff9eab2d42a998c3c8aa810bff17820,9e6fa7673158177680132ecea0f082692641fe9ea2022a72d997b0e672ea8cbb,1,8.702805816757607,8
gemma,US2016,925ecae8183e13d2fea2c58bcd28ab7af5156653c51a06785f16889ddd3b0359,78790ce59aeac5f9adcb052dbbf79e753ef47216c849ae140ba7048a081002e9,-1,-24.00802829303429,8
gemma,US2016,9390c7d2141a656f21d39dbb0d0eed7356a5acc7b7ea6c50ee66906a44e235c3,97c4d2927c7212ab7af045acf0bece8036a5340631506df5e06f2547a1eb725b,1,-25.099859308410643,8
gemma,US2016,942092146fed3c2d47055a214f886576a07902bc8220d87e5c21130132648d2b,5617487e960b014f0b7dbfed21cdc094b9f73041276ca160992fee0a69ec2793,1,46.2141600787856,8
gemma,US2016,946af9939c1154e80bdabd3f43e4d294845079e235b5f405a52c3fd7b66785f9,94d2429faba8a8ab8c5a080463a1e4b92709c627da7320e47dcd97668d6f08c4,-1,-28.98847541589689,8
gemma,US2016,9810600e4dab8ff5575935bd9ee2c5d074ca0c7486cc921c3f466ebad44fb69f,5617487e960b014f0b7dbfed21cdc094b9f73041276ca160992fee0a69ec2793,1,35.44029468738583,8
gemma,US2016,98304545560f6a4a47fc640c8d42ffd0b07970b2c0e3f62631b4349e1cb331e4,2e18746894cb4fd22d9b4a9b8fac7657746cb4caaeed9664755bb2bcdd9928d7,-1,-21.65950165669812,8
gemma,US2016,98740fbca9b84d4a0adbc092e53caaa062b58ce43760231936927c1ce7e814d3,2e18746894cb4fd22d9b4a9b8fac7657746cb4caaeed9664755bb2bcdd9928d7,-1,-3.4976526649262825,8
gemma,US2016,99e3d90f05f09d7a215c8281943e1c3feb99ff5846e3437e985e6deb827e3fff,cf830fb50cdbd4b1389006b15ebf6dc74a4cef74751f8b49f5900f3a05eccfc5,1,65.19404148504202,8
gemma,US2016,9aa447bcc0c96bdad87800a7ba8b5b63b995c448669c47aa618d8f05071353e1,9e6fa7673158177680132ecea0f082692641fe9ea2022a72d997b0e672ea8cbb,1,29.144948016973743,8
gemma,US2016,9afb9eb5150e46ad34b71694b683c59cb41d7a8683df1770f56cd601b9c46524,7e7adbcd5d8bb01dc7448b4e78606bf06ce90bffd3bb83a7b0815790946f8e8d,-1,-28.646095701729443,8
gemma,US2016,9bc2a96b39fcc9ba2caa5df0e8924b9a08ed5379c04c9ff80119a8ee294981f1,5834738f605e9e970628e74b60dfc25cdca2d5a501e4305c57996d1a5809c3b1,-1,-40.400425872599484,8
gemma,US2016,9c7ae1720ad9d52417fbdb5d0dd1a78651a9fb0e5d89de7ce55e88e4ad4a2350,e53b982fcc5dd131af3821bb7b7c04ba055ef214fb91cca2c8290bb3afd3545e,-1,-23.45057226954409,8
gemma,US2016,9cc5c6554e7893ae95a7440e11fc28f61441c469103f4ae60f02470d8fc21e6c,dff8667d896083855d7cd15dfeb49c76745fe83c7af99da5f4af584fbbb3ee08,1,-14.401884228606043,8
gemma,US2016,9d1af0af5cd2994002b30fe5ef2eae73575629b2a377cd5e45468e8097eef36c,02732ed4ca5626832d598c29107e4827c631d993b1eb38d915cc090c9485e6ae,-1,46.72980348131456,8
gemma,US2016,9f4e834d8f2c9a1958cf728d0b8120b40e45192158eae37dacbcbe65002cc492,9e6fa7673158177680132ecea0f082692641fe9ea2022a72d997b0e672ea8cbb,1,-19.05305197749041,8
gemma,US2016,9f9aa787275852bd76132460c238c3563d5eb591228b568ed8bd44708835d530,2265018ea51d5d75143cc6b76bf2821720788f6d9e40dd4b28a31733ea020735,1,64.88163065371862,8
gemma,US2016,a0113f7d9513cb1dc59c00e574478976cc27097603628d298e4525ee7b7d74e3,40573b41f5270bb78f55de2a66ca43f44c7e9f051d685ea4f539c33cec387285,1,0.9158216504354666,8
gemma,US2016,a081e4e2eed104de4dfd6d4efb3cc61c6c3cb3a3c109ae1c6d6d438c1389bd21,40573b41f5270bb78f55de2a66ca43f44c7e9f051d685ea4f539c33cec387285,1,77.89081702868721,8
gemma,US2016,a23a17ae834fc2170e95adaadb72ccd77979e3992a1d3238a95f7838ac1b6784,497c1ce037a8c038805ab0afa9ada2ee04f0f6c40d9cd2c60bdff0c3bd7fa852,1,44.84048159210352,8
gemma,US2016,a2f6925c4c4f50b939c3359100b8700eb8069bac9c97c75aa8d1fad515ff8119,02d06282cac7912e866126c46cf81bbaf8a39b8f35b3938647fa089e65459d74,1,-37.79330719720532,8
gemma,US2016,a371976fae067fcf86f6526adb77939b9f40366512901e77a77bc894540124b7,bfaa0819446b74e85865671c16131cf17a9ac48953d382d2cfcf74de2ceb7d84,1,74.56713602106481,8
gemma,US2016,a3c2ef763513f4f7c4ae7591566ecc63889ca9a7494bce440e02ea2467ac6a18,1ce1612592ea0ccb5bd719f5b72b56bbb28ceecd3fe6d33fa226f16c357d631b,-1,-24.18003878011125,8
gemma,US2016,a48dc8e6293472565f36b75826d64af643dc825dfb168049e28855f79508a1bd,6033f46be736f71e2d3dcefc1463eca6a3efebfdf96a555ae26f79d380ee6a9d,1,-33.38138872505784,8
gemma,US2016,a48ea1076163660b09adfedced1e5e7e166253bb59dec30259db8096d3c52f23,5834738f605e9e970628e74b60dfc25cdca2d5a501e4305c57996d1a5809c3b1,1,75.77926962272292,8
gemma,US2016,a4aa1263150890a40a84d631c7e4a71ff7c67e9f557fcd2e72e1416ebbee76e4,2e18746894cb4fd22d9b4a9b8fac7657746cb4caaeed9664755bb2bcdd9928d7,-1,26.91365033696166,8
gemma,US2016,a5006c3f35a6ed41b60d20b1f7d4fccc4d342348191849bb8c7c55907cc62699,02d06282cac7912e866126c46cf81bbaf8a39b8f35b3938647fa089e65459d74,-1,37.63828371908194,8
gemma,US2016,a519c0199b8872cd21832b1d7a27cc8f21d71a2e7e1032ff663873a05b72b9f9,497c1ce037a8c038805ab0afa9ada2ee04f0f6c40d9cd2c60bdff0c3bd7fa852,-1,-16.07223002504994,8
gemma,US2016,a5a1f08d994d5ada1d1137ae5f7a86839d77a60524d93a1a0086e53f2837008b,0eeec1bb7c0247dd4a88098cda357d595aabc1e6c90fcaf0595be01c45efb42c,-1,40.67419251622264,8
gemma,US2016,a5c179c2c8dea3b4728370f54307a2e35c49af3863da5944ae8032b0d2b2066e,9864c58b16e0dde84b1f458660504ffe1e3aea5101eb38bbedf47c945fcfe305,-1,-1.6595839544060702,8
gemma,US2016,a5c80155f0fcfcfab28c79df47f6e60cfab4e5177ccd8b6f97c28d7a25e2314a,180bd5850be20e0dd9228ab47d15ebf387cc0659c4ff18a3d52388f88ab01f70,-1,-37.35887215327577,8
gemma,US2016,a65a0482a1f533f19b7d0a4cb20efc4bc04c480bdff84c5fa8ea04aef01cdf47,d74bc5eb6c81c54d2a062c22995bc34c9dfb01366ac5196fdbc73afebbdf7ef8,1,72.82142935698727,8
gemma,US2016,a73fdbeb445def68ceb05076b3ab519f1bdf3358b207acd6d2e49855f2ed4f56,c9f233bbc2af25c3ef850e6f62749612487c31a947035f61c98e1bcf48498841,1,-34.17986698743207,8
gemma,US2016,a7c13fa1e983e28edc2d4afee29590e5044d431cefc87c41af69c8b652a7cd0c,ad8eeda8b45455d5baef64bba90970116d1fa18dac10f22f9deef5635758391f,-1,28.77219062426943,8
gemma,US2016,a822f44f4c15941301339f6fbfcf227733dfd879cbd80b37c5457e9a70f5b6eb,40573b41f5270bb78f55de2a66ca43f44c7e9f051d685ea4f539c33cec387285,1,34.061218531966375,8
gemma,US2016,a88a01ad4f058cc882f90e3e8e93b1e27e553f3a702800e2cd023803ad9a1b2f,fb9e62e8eeb12e3dc0a0735249ee3115e848137577e3602e1e08853b4a28400b,1,-31.24204370744093,8
gemma,US2016,a92e6592e22536bfb75abbf9832f98051b9b8ecad945155fa8f119a450fe04a2,9cd84ca538622e6da5f761df165facc5ae650ab55992ca8c03db14d75af76e37,1,3.838811948924677,8
gemma,US2016,a9bfd357473f6a3041587e5a44cdb292c9f1b9fd5241eaa7a87a2da6cd16374a,85961e001bda72c047588ea89c0e3720d38c3bd61947a6d373b944e8d2bcccfa,1,43.32648778040393,8
gemma,US2016,aad76d4ef41d66bd7c71a474589c7987fd50402db819d35240349ae697d814ea,6ca845035227eddea19ec1990a51d2b49bfe45103397bcead77b937a6edaf4e5,1,53.81683804825567,8
gemma,US2016,ab12620bf17532c2bfd539f7fc46dba75081befd0825a266bdb95ec5eea8dc68,02d06282cac7912e866126c46cf81bbaf8a39b8f35b3938647fa089e65459d74,-1,34.94014133291016,8
gemma,US2016,ac432a62f08da95e6272c2124b1fcf767650c06c673f2819e6a6e2de54e67ed0,faca65a3649acb9e0433361c04fc535ab61149f6d13b5952600cb2c740fe2572,-1,31.936801538540607,8
gemma,US2016,ac8474a4a57278c9aa262412f09eb2cff02145286235b93da744fbce3336eece,5617487e960b014f0b7dbfed21cdc094b9f73041276ca160992fee0a69ec2793,-1,-7.275679341842047,8
gemma,US2016,acff233fe018d7e63ef0a954a721dd1070fe47c325fc29da4149714c87544cdb,9cd84ca538622e6da5f761df165facc5ae650ab55992ca8c03db14d75af76e37,-1,45.61232657743975,8
gemma,US2016,ad0d20b50f6d069028b8d09292be4c47abbe6dcee97919e665d023d017a81098,9cd84ca538622e6da5f761df165facc5ae650ab55992ca8c03db14d75af76e37,-1,-11.44444380711356,8
gemma,US2016,ad12cbb48aa087de7cab0e382a5bda4204d76cea730b764b8a2bdfddee3f9741,9e6fa7673158177680132ecea0f082692641fe9ea2022a72d997b0e672ea8cbb,1,-4.934984830048917,8
gemma,US2016,ae76e39686f14048414fcb895d35cddf82c3337b976814fa5b50aa897ebfbfd6,d74bc5eb6c81c54d2a062c22995bc34c9dfb01366ac5196fdbc73afebbdf7ef8,1,75.54897908079553,8
gemma,US2016,af04baec2a2a2d369306e49392c8f16b6654a5cec574e927e0359f86f2446473,e53b982fcc5dd131af3821bb7b7c04ba055ef214fb91cca2c8290bb3afd3545e,-1,-3.490874903559927,8
gemma,US2016,af4a666e4d62f0d39ff292d7b643847306e0f66da0800b5a14351a9e11555d39,e89abcf371903a5020f03f5db33ef0bd452eddc9a5202d45c053dac22d56b575,-1,-32.84647604648034,8
gemma,US2016,af6fb543e8be4c86da8575428123e7896198a76290a8ba4f892221c2b9857b72,02d06282cac7912e866126c46cf81bbaf8a39b8f35b3938647fa089e65459d74,-1,-38.977614495357074,8
gemma,US2016,afcccdc78c9f9d031c510fb04d5a685f55c99cee2f271d7b6059b4cc326dfede,5834738f605e9e970628e74b60dfc25cdca2d5a501e4305c57996d1a5809c3b1,-1,65.19489874145356,8
gemma,US2016,afe045ee288ab4bbd8095545491b940c57848016c1dc7ecb0a9b7db1719f6246,02d06282cac7912e866126c46cf81bbaf8a39b8f35b3938647fa089e65459d74,1,-24.34238220570987,8
gemma,US2016,b067858ff82ff844e0bdbae86b7910dc07f68fe72bef6a4ee0d2c774eaf18e05,e3c01269c887e89b47513c28168dc7115fa8f0c50d19de71e4856e7c5b424e97,1,-15.060071521893716,8
gemma,US2016,b25d8ef1362e7057c6dd88c8c71e51c37612cbe0e956fb01970aa2eb2855d654,e3c01269c887e89b47513c28168dc7115fa8f0c50d19de71e4856e7c5b424e97,-1,-17.31067150982167,8
gemma,US2016,b3abb1c8053c470151d3c3a36ee4c91824eb05d6c6b7f4005810e2fb38656091,d74bc5eb6c81c54d2a062c22995bc34c9dfb01366ac5196fdbc73afebbdf7ef8,1,61.20736015641288,8
gemma,US2016,b4505c8cb0fd818eb74d2a0054013a0891575918bbe6349d6dfaae009bdad050,d74bc5eb6c81c54d2a062c22995bc34c9dfb01366ac5196fdbc73afebbdf7ef8,1,67.3155312874562,8
gemma,US2016,b553ffc44bd22b49682f6ac26270e9e473e862c91f62799bd64e44c9445c2835,2386cafef5dd3a8ffa68bd12bbfca8593c1a6472a9e733bd9460b3358527e9b1,1,51.09791855593396,8
gemma,US2016,b62addc2dd7272a0ef5cbb2c115be57ade829e9cb05a7f8bc31469c91e535851,2265018ea51d5d75143cc6b76bf2821720788f6d9e40dd4b28a31733ea020735,1,49.13824992667544,8
gemma,US2016,b7a659290a2019f8b46eec101c22b54c6c49c335e0fa8c76733acd0bf7bcae78,bfaa0819446b74e85865671c16131cf17a9ac48953d382d2cfcf74de2ceb7d84,1,-25.76582020196433,8
gemma,US2016,b8da21f647d10fa8c7ea76a476df39f419d2308103e2c3afb8bdeaf7d8c12674,e3c01269c887e89b47513c28168dc7115fa8f0c50d19de71e4856e7c5b424e97,1,73.03892091058745,8
gemma,US2016,ba7c52ecfd8eb0b007a1a7462dfe0b22699997d61d2f1fd1cd0b69eb95205c8a,49d5fb4cfe8352e402a6a2d4516c8b2a29b32d8f33f23c094eefaa1332d109b7,1,49.3015844838452,8
gemma,US2016,bb9b1d9c0e6fe467353473cf0f18ab43ebc399e27d52c8be8e4ebc7291cd7e4e,65cd5739fb5454d52edabb65d07cbd941472c0b0f17d8351dbbe117409db7cbf,-1,-52.71650142813187,8
gemma,US2016,bbc329b981a7ae16b6f4093dbacbea021f46c652032c300da4000fff9e587802,892435c916fb280bd33258fa9137d106c1769a9b16b700ad714477923c1b920f,-1,34.29865907409332,8
gemma,US2016,bc38d5599f7bb9bc6e9c157fc41eee1afe87f69bf7b4a17354af0c1a9db47b2a,9864c58b16e0dde84b1f458660504ffe1e3aea5101eb38bbedf47c945fcfe305,-1,27.19880590247777,8
gemma,US2016,bd17f7d8c420806919866b02da1340c81de4cf4746d1b7a378dacd2e383298f7,9e6fa7673158177680132ecea0f082692641fe9ea2022a72d997b0e672ea8cbb,-1,-1.4944852055645086,8
gemma,US2016,bd778f5742203780e5cb86fb0bf8af6dd08064cf7bd4992bbd6ec51dcf5fb31b,e3c01269c887e89b47513c28168dc7115fa8f0c50d19de71e4856e7c5b424e97,1,42.112922824906136,8
gemma,US2016,be53a8ec092127f90d60b9106903191734110c10f76885a37afb4b1e90d13ef1,e89abcf371903a5020f03f5db33ef0bd452eddc9a5202d45c053dac22d56b575,-1,23.89112761911462,8
gemma,US2016,bed36ad41d5216220140c8a94abc4f9bb474525cd0adfd360bb7a2226f9f9375,78790ce59aeac5f9adcb052dbbf79e753ef47216c849ae140ba7048a081002e9,1,22.807842262869496,8
gemma,US2016,bedddd5b077697b8f33a312a7afef63b578b07474fc0b494c6ec26742d3e9cdf,2e18746894cb4fd22d9b4a9b8fac7657746cb4caaeed9664755bb2bcdd9928d7,-1,60.72365577526698,8
gemma,US2016,bf60e26598aaf4cfa71b43c75af36205ecb72c1e9c8fe3c800d13f8c8b18c59a,6033f46be736f71e2d3dcefc1463eca6a3efebfdf96a555ae26f79d380ee6a9d,1,4.725254311093602,8
gemma,US2016,bf82ad905f532a4df4e39bb26733751cfa66c638c4758c00bc2c0f2b1925358e,1f83371ec4e5b3baf900c750d1ff682d95e2f39fdff73c7ebb1fa6d772bc8f22,-1,-1.3911878377723896,8
gemma,US2016,c0633e0558e32d59e499adc86e2fc62cdbc5ad5bfccab9f60683f6cddc0f5ae5,40573b41f5270bb78f55de2a66ca43f44c7e9f051d685ea4f539c33cec387285,1,50.732417895681664,8
gemma,US2016,c07e684d54535bfd7cc88a94fa589fa3c43e26bf0433063fc30e08eda38be51e,9cd84ca538622e6da5f761df165facc5ae650ab55992ca8c03db14d75af76e37,1,62.50530611995475,8
gemma,US2016,c092faf60d501a708b140f37d0acc4090b3bc59acf63d1c210b5fde1588554f9,e3c01269c887e89b47513c28168dc7115fa8f0c50d19de71e4856e7c5b424e97,1,53.96277475293026,8
gemma,US2016,c130a6681b488a64916e02946651b0459e594f2f6039f480684cf7c16d14cb2c,9864c58b16e0dde84b1f458660504ffe1e3aea5101eb38bbedf47c945fcfe305,1,19.98489432281707,8
gemma,US2016,c2953fbcc3a62b9307c3d28a0277808d2a4ec41665e54484293a45f6b15d2305,313b80f14b6bb6064d8ef4e5f51ad4166743cfe16baea6df7aa50df4207c748a,1,67.97034375345805,8
gemma,US2016,c350fe4b2bb9da171f306e8f34c7ec7c442a393f563fc1d2b229d52c9c1c0947,02d06282cac7912e866126c46cf81bbaf8a39b8f35b3938647fa089e65459d74,-1,0.7144507497587287,8
gemma,US2016,c38d4cb748abd48156d32b68a65f164bc0e541acb592392c57f57df34ad7347c,2386cafef5dd3a8ffa68bd12bbfca8593c1a6472a9e733bd9460b3358527e9b1,1,57.74589874822534,8
gemma,US2016,c3b4f7872527eb5dcc36865be24cfdca484e5d8849beb41be6e0b57dade0793e,5834738f605e9e970628e74b60dfc25cdca2d5a501e4305c57996d1a5809c3b1,-1,-8.211928620101133,8
gemma,US2016,c3ee2078f5ea2d97f8f7e2831e13db58c66b8cb4ab5e2570b9c5e6a526f5cd22,02d06282cac7912e866126c46cf81bbaf8a39b8f35b3938647fa089e65459d74,-1,4.991110234306891,8
gemma,US2016,c3fa36a72ca307f6ec4d1edb9bf23688a9c4b85d8e4348b9faac9e773e288292,9e6fa7673158177680132ecea0f082692641fe9ea2022a72d997b0e672ea8cbb,1,9.073662084458563,8
gemma,US2016,c3fafebc208eaa6bcdc30039279dbe841d57ced522de7233384769235f032fa8,97c4d2927c7212ab7af045acf0bece8036a5340631506df5e06f2547a1eb725b,1,-38.2672659686978,8
gemma,US2016,c404daf942311508cdfd2438eac22aa6cf4c17daf8939b5fd8c888e154d843e6,2386cafef5dd3a8ffa68bd12bbfca8593c1a6472a9e733bd9460b3358527e9b1,-1,-32.969026421770906,8
gemma,US2016,c40c57491e6d7a4b68c868d6002a77fa2895bf18dd3a8e3b45086ea48af41fe9,5617487e960b014f0b7dbfed21cdc094b9f73041276ca160992fee0a69ec2793,-1,-28.563186606664846,8
gemma,US2016,c451ac631cd1c8a4a76ec2c92bd7d18f77dfbf99866a37dc079c2e1ae7692ba4,9282d4d3f55fc486e648c6e3b616ed913f5ed5a71f36c6f9c0a772a1bd86139e,1,17.20166046289898,8
gemma,US2016,c4bf5eadbb860cf3290317f01d0051ff985ec5db4ec5630e6dade0b1bffeb22e,9cd84ca538622e6da5f761df165facc5ae650ab55992ca8c03db14d75af76e37,1,23.83486233940696,8
gemma,US2016,c53e03968f38dca2073b421607dd5e9a8f774898e2ed6b2c318a81248b3fc15b,02732ed4ca5626832d598c29107e4827c631d993b1eb38d915cc090c9485e6ae,-1,-35.97144180232647,8
gemma,US2016,c62b9daf512ff062d7877c7b17a110612aef8a977ce0624ecd2dd809b6f351d9,2e18746894cb4fd22d9b4a9b8fac7657746cb4caaeed9664755bb2bcdd9928d7,-1,-9.050557431470947,8
gemma,US2016,c6527438bf4571348a72b9ee9882d5350eea849dd014ed44ec56106bdcbfe7cc,02732ed4ca5626832d598c29107e4827c631d993b1eb38d915cc090c9485e6ae,1,75.41421649247725,8
gemma,US2016,c6b750a233094a95621430936041984faaecb213c2983342609924fd3decff5d,0ce53b565db725c43fa01fbb4b1f3e322f797a4b0eb91e2ae64817a78057b0b4,1,16.801013241637424,8
gemma,US2016,c7786ad20df666f811f5c9342a270e4572771374595226cc7fcec19a9cea4fc3,f4241006fb761d105e514556de9a1fd07c9eb291bcc9625ac06722fbe9fc7f22,-1,36.65488759138029,8
gemma,US2016,c78c2399e5bd15a9e8275889295e3b58185539e0ca45a3e132267c7797779484,02d06282cac7912e866126c46cf81bbaf8a39b8f35b3938647fa089e65459d74,-1,-5.749702589708949,8
gemma,US2016,c7f7c634434aa2ff8c7bf6658946318223ad7e7505e4dbb60d03536185ea271b,0ce53b565db725c43fa01fbb4b1f3e322f797a4b0eb91e2ae64817a78057b0b4,-1,-8.4431733346111,8
gemma,US2016,c7fa470118eb1a10de96d36c39998ebc699fa8b663288c5666074cc19fe62537,1ce1612592ea0ccb5bd719f5b72b56bbb28ceecd3fe6d33fa226f16c357d631b,1,37.01286415812554,8
gemma,US2016,c8b8c0b5248331cb38efe8ccd89f485e11a3abaa5dad0a312331ce4628e7e50b,5617487e960b014f0b7dbfed21cdc094b9f73041276ca160992fee0a69ec2793,-1,-19.36144571368549,8
gemma,US2016,c8f7864617302b96649ebf926ba4009c355a824d89d914767f911acb8ab7aa61,e53b982fcc5dd131af3821bb7b7c04ba055ef214fb91cca2c8290bb3afd3545e,1,51.22463199835805,8
gemma,US2016,ca818a69d8fdab8049bfce1b43ed4289ccf2d8c6d1624cf3365f9c95b573136d,9864c58b16e0dde84b1f458660504ffe1e3aea5101eb38bbedf47c945fcfe305,1,70.19749706532218,8
gemma,US2016,ca9cdb7b0e3ca4913538023c7dd845d98f79c236ed9b5ecde9f1a9e36f60b708,dff8667d896083855d7cd15dfeb49c76745fe83c7af99da5f4af584fbbb3ee08,1,70.34969184549254,8
gemma,US2016,cacecaefaa7013e80607331d133e79870c3f1eb50167ce46f10289ff2062b831,e53b982fcc5dd131af3821bb7b7c04ba055ef214fb91cca2c8290bb3afd3545e,1,-21.069716852078443,8
gemma,US2016,cae38fd9c71974e48e20acf10b2f1ff644f698394f25e1a9f7ae14c036945e7c,bfaa0819446b74e85865671c16131cf17a9ac48953d382d2cfcf74de2ceb7d84,1,59.1254527576664,8
gemma,US2016,cae8817b501ca8ea2be00fbb5a656588ed4fbdfd0896b96fd21c443304c0d693,40573b41f5270bb78f55de2a66ca43f44c7e9f051d685ea4f539c33cec387285,1,22.76691789223167,8
gemma,US2016,cc6be4eb58362e3207851e282a9772fab9859ab466fb57025dc8bc59b7620b4e,9864c58b16e0dde84b1f458660504ffe1e3aea5101eb38bbedf47c945fcfe305,-1,42.43495347014826,8
gemma,US2016,cdc2826c0f9c078d5f1611d44cbff7f199a26e4240b3b7398a2e1c08431c7370,85961e001bda72c047588ea89c0e3720d38c3bd61947a6d373b944e8d2bcccfa,1,67.88196504788462,8
gemma,US2016,cef15aa23c61050962b77f48d9d1f2312f1e8640cc35550a49ad4759a8b01243,2386cafef5dd3a8ffa68bd12bbfca8593c1a6472a9e733bd9460b3358527e9b1,-1,-44.79913004017193,8
gemma,US2016,d1430d9e9c1c4cc18c6f04acb784594f3c7afe1ebf5c29544db2047e7e24fc2b,97c4d2927c7212ab7af045acf0bece8036a5340631506df5e06f2547a1eb725b,-1,-17.702404405328913,8
gemma,US2016,d220de04588cba73113ff7a73ce47a71114a9a346d93fafa025c7c61e9fdce07,892435c916fb280bd33258fa9137d106c1769a9b16b700ad714477923c1b920f,-1,20.525894265145897,8
gemma,US2016,d3d31a5c1c915c9810a005f7f4925e4c63902beb984e14afecf857763199dbfb,2265018ea51d5d75143cc6b76bf2821720788f6d9e40dd4b28a31733ea020735,1,-21.163764728863782,8
gemma,US2016,d668ba3331c1ba6c56dcd400f422bfa0388cd62d9104c946fa8170be20e38b2e,2a1b3fe4d0a89fa71b1186b94407e256ef5e606e25bb82015d1068cc61f85831,-1,13.975021890274224,8
gemma,US2016,d6c3a895b66379dcbdc3d0bdd7283308adefbcaf153ecea36cadc736c0a14a06,de57def327414befc40b5546c49dc1b954eb0b30a96742dce36139184800ed08,-1,-18.68738287519525,8
gemma,US2016,d6d4e4b307d2925c2895a30a78dc0bf4f77632dca12819ca87c0113101d4cfa7,e3c01269c887e89b47513c28168dc7115fa8f0c50d19de71e4856e7c5b424e97,1,51.77008736973268,8
gemma,US2016,d889c875a41f23de96a2abbb7b018a9b0b027f5e0355940be52921f70bf30c9b,78790ce59aeac5f9adcb052dbbf79e753ef47216c849ae140ba7048a081002e9,-1,-31.04982613689829,8
gemma,US2016,d8fe95799d00df75b6590083ec2602dade9adbcf21b97d34d9c0768518f9f4fa,e53b982fcc5dd131af3821bb7b7c04ba055ef214fb91cca2c8290bb3afd3545e,1,74.0779318930415,8
gemma,US2016,da286766473c5ff43290f868e0489b6a2ca2007ec384afddbc92e48df01060f3,40573b41f5270bb78f55de2a66ca43f44c7e9f051d685ea4f539c33cec387285,-1,-29.36163780105728,8
gemma,US2016,de32da66ea94ee994132a5759e7a30eef7866600d41a7ae999e775632f79012d,a617df4c9bb376e7b4b0bd604b5707fdcf6eae1e0667879c6fecbbb5dd35001b,1,70.66794972496425,8
gemma,US2016,de73cfcec0a597e4c51f991956f7e67f9262b691555906cf6c733515325e9dbc,e65b8dc6b8e49973e14fcd5c2a6a90cf9976a37d67f53e333620791d718be940,1,-12.28495782280298,8
gemma,US2016,de9da602ba892c1492cecee168d3683f96f7e1adbc747308802c2eb5520e8ad1,9e6fa7673158177680132ecea0f082692641fe9ea2022a72d997b0e672ea8cbb,1,9.110852377149207,8
gemma,US2016,e103786052fe542c3c17309d1180d73ae49ea64353d7a373835963e72d98d3ed,02d06282cac7912e866126c46cf81bbaf8a39b8f35b3938647fa089e65459d74,-1,5.52188043359077,8
gemma,US2016,e2ca14eafaac268f27715cb22c56f1cde6f3aa6d50469e8ae3bc8f021e5aa923,9e6fa7673158177680132ecea0f082692641fe9ea2022a72d997b0e672ea8cbb,-1,24.225855132536875,8
gemma,US2016,e33ed0837c7e71f5e238a45e8335a081ce8db13a0998e2275c0e240da8088367,9e6fa7673158177680132ecea0f082692641fe9ea2022a72d997b0e672ea8cbb,1,47.19308153400132,8
gemma,US2016,e34882a3bfd6d47ba4e82596897d24c111479a348d5c4809a93065a04d2e0f3c,e89abcf371903a5020f03f5db33ef0bd452eddc9a5202d45c053dac22d56b575,-1,-2.9390914853692296,8
gemma,US2016,e39771daf0a531d5aa41c3e39332444e4880a707415933da9d1d788a6458b6a1,02d06282cac7912e866126c46cf81bbaf8a39b8f35b3938647fa089e65459d74,1,47.34291004913239,8
gemma,US2016,e3efd1de40e21883931331d5f729dc2186cb1497262a2bdfb322a80853c015c6,78790ce59aeac5f9adcb052dbbf79e753ef47216c849ae140ba7048a081002e9,1,-56.13797619458413,8
gemma,US2016,e45ff2bd331a6a27285651bc3255ddff5d6ba42b632e65b0537054060135714c,892435c916fb280bd33258fa9137d106c1769a9b16b700ad714477923c1b920f,-1,-5.498666082499484,8
gemma,US2016,e575bd5ba5302111e53d294ba95fa23e435585e2f22c35e620ddf3a6287bb06f,5617487e960b014f0b7dbfed21cdc094b9f73041276ca160992fee0a69ec2793,1,60.380821935167056,8
gemma,US2016,e5e8db15f01acef9632c911a06a6a39a6dc6c914cc376aba8a9969052a776e4a,9cd84ca538622e6da5f761df165facc5ae650ab55992ca8c03db14d75af76e37,-1,-22.32525266706358,8
gemma,US2016,e6373272d17331cf4977226fe58bbf630b93158cacadf6307ace1bd9618c3bc9,828a6ba97c348450ad7392f49b392260677c5dc2751c3259872b0dd046ac3069,1,-12.704177804025129,8
gemma,US2016,e821122dce48e7efcf856d0e9e1625ce4b0f797e9acb79caf42b737200247c71,e3c01269c887e89b47513c28168dc7115fa8f0c50d19de71e4856e7c5b424e97,1,56.52927858207918,8
gemma,US2016,e870d5a8f7ee989fbadc4fb70b4693e1235d3fe2226c16bed341003d61f8c91b,b77588e9ea37a4f5ab9b236b1a97a271222b1138095ce901132cee290ae868cd,1,36.314352702160576,8
gemma,US2016,e8b23ac77d9e17d57e1d341102c9c9ec23f66d0ed11989ce100db9d25a3b9ecb,cafb639f3d026a8f08dd70d519e6dc000abe9483b8d4498913c6c1fc5de78352,1,17.22393585742898,8
gemma,US2016,ea8c95ca15b82bde382de262fbd361530ac0859c72be7e8897400ee91659b38f,40573b41f5270bb78f55de2a66ca43f44c7e9f051d685ea4f539c33cec387285,-1,-16.252195831825073,8
gemma,US2016,ea95a4223eae40382929a2a27aa43153a554a7ff2f864f95fd6b50b2d31e4c9b,aabc79cfb438282316a1babc0442b3d7893f763811878013e8cad1bc1d016673,1,16.156234785017904,8
gemma,US2016,eb8063dd8bd6d4596d94a9c63531abb866589b93b04861ab3792526fb1ccf1c8,aabc79cfb438282316a1babc0442b3d7893f763811878013e8cad1bc1d016673,1,71.83812115846331,8
gemma,US2016,ebfa018fd9cc8719cd1e6fa9641f5bcef76d33cb742db2c0a4939699a0fd67d6,dff8667d896083855d7cd15dfeb49c76745fe83c7af99da5f4af584fbbb3ee08,1,-15.254483017205636,8
gemma,US2016,ed114ac8bcfb72237aff7ef70eae30eb782a04561c4a876ec1ce89c7c4454ed0,02732ed4ca5626832d598c29107e4827c631d993b1eb38d915cc090c9485e6ae,1,46.39169515470788,8
gemma,US2016,ede57b2a37f68a01497da4de7b9fec49f489d10d1a203b146c6abcc641b2da51,a8898beb107a4e43e6b96330acd22bf2759f13e5099b8fb7d969408b09a2ab71,-1,-35.24838202865776,8
gemma,US2016,ef2475e60ab7109435e7f75b1da6ba7514ca81fb1fc137f898feea6d469ad5e5,bd856b8d5c16ab8aa8a03dc5475cc42b40e04626eeac396e3832df6d4ae7107b,-1,-29.096356586097915,8
gemma,US2016,eff9e619d116efbb4be796d4b2e43cbf546d9b362a63112d7663f2f9a56d4a64,49d5fb4cfe8352e402a6a2d4516c8b2a29b32d8f33f23c094eefaa1332d109b7,1,47.37331542515827,8
gemma,US2016,f0e2f5a3a3b13310b144291d9d0127f4130e28406c3055723bf28ab6c6403de5,e0f1c51dbfce4e32c9ddb3c85270225096983aec7b943d0e580cc07e816cb9fa,1,4.623986333818727,8
gemma,US2016,f1579ab8ae0a8d06e85949ab3b876096fa82124af97abb9742ab00b3b5fd64ae,d74bc5eb6c81c54d2a062c22995bc34c9dfb01366ac5196fdbc73afebbdf7ef8,1,6.537749410075966,8
gemma,US2016,f2189cb37cb7e1a750cc197b55f41b24ed8f86f5a5af29bd604b990d4f8ae9a3,2a1b3fe4d0a89fa71b1186b94407e256ef5e606e25bb82015d1068cc61f85831,-1,-41.766840733003775,8
gemma,US2016,f2d4ddf13f2f2beb48e5cd2fc1cac4f16e97140e654a565588395d84ee1a2f88,2e18746894cb4fd22d9b4a9b8fac7657746cb4caaeed9664755bb2bcdd9928d7,-1,-9.998580543448936,8
gemma,US2016,f315c35fbcb62891a1fb7403f31ac81ea6afb1ee902f241e13fe4eb6d938e728,49d5fb4cfe8352e402a6a2d4516c8b2a29b32d8f33f23c094eefaa1332d109b7,-1,-3.8461754009632663,8
gemma,US2016,f3cc0d5faa10c6f6a0c0ae1b8ac08bc13d0852201587fac3c38de64ee4835c8f,e65b8dc6b8e49973e14fcd5c2a6a90cf9976a37d67f53e333620791d718be940,-1,-28.982705364775526,8
gemma,US2016,f44bd259eb6965e9ae88e2a2ec13ba8428b3246bb7a92fd764b3b54f39085113,9864c58b16e0dde84b1f458660504ffe1e3aea5101eb38bbedf47c945fcfe305,-1,-31.52312545673267,8
gemma,US2016,f459c5b660569f250063e193789a53189caf35982ec8f5f855746dae7a21197e,ec8bd680e70c3e0d0a94b62439656d3232396b12f9ba35bb2663d5dfd09f88d9,-1,-25.991820187512477,8
gemma,US2016,f469155e842b9755c52a0328bffac03cb7e8846b867e424f5d9906188aed0039,e3c01269c887e89b47513c28168dc7115fa8f0c50d19de71e4856e7c5b424e97,-1,-38.96066827530099,8
gemma,US2016,f4d0eab5faf3bfd8d6bcf45a28193301718ff39eb5a4085a82b2952bc104b146,e3c01269c887e89b47513c28168dc7115fa8f0c50d19de71e4856e7c5b424e97,1,71.525572457458,8
gemma,US2016,f54cbc60c7f91e73156854577a6c93723b43863bd6b4e28c03056fccb455eff2,e3c01269c887e89b47513c28168dc7115fa8f0c50d19de71e4856e7c5b424e97,1,74.68410867085171,8
gemma,US2016,f5712a0735e77f7c8d5ad5f2ae0aba52fa7425a0070be7cab7383573a0f754a0,2e18746894cb4fd22d9b4a9b8fac7657746cb4caaeed9664755bb2bcdd9928d7,-1,58.17886444027971,8
gemma,US2016,f5cdd6e1aa6a4b1178d0597befc0d9bed0cd83aae37c93c402eade725af325e4,9864c58b16e0dde84b1f458660504ffe1e3aea5101eb38bbedf47c945fcfe305,1,70.50020467994753,8
gemma,US2016,f67aa451de3352262a51ac0977afa4d601187d022c95469225676014a6bd9e56,97c4d2927c7212ab7af045acf0bece8036a5340631506df5e06f2547a1eb725b,-1,-32.88015879252427,8
gemma,US2016,f702514f753258971a9d7f84c59f9e40e40fc840eccad55107cd5d96399980d6,9282d4d3f55fc486e648c6e3b616ed913f5ed5a71f36c6f9c0a772a1bd86139e,1,1.6686743545603075,8
gemma,US2016,f73a8a03a5d3026ff04b662f01cc65d018116491a3879ed3cafeba9dd0f5c2f1,78790ce59aeac5f9adcb052dbbf79e753ef47216c849ae140ba7048a081002e9,-1,-33.37609072563274,8
gemma,US2016,f78ec3db4779d13fd5bbe065e660ead2a05c0870797713a9bb3efd6e990d4c9c,dff8667d896083855d7cd15dfeb49c76745fe83c7af99da5f4af584fbbb3ee08,1,38.654469552379126,8
gemma,US2016,f86f044e5dde2c79807ca189e445cae5a1a16d9796dc31ff11cbf84d96176693,2e18746894cb4fd22d9b4a9b8fac7657746cb4caaeed9664755bb2bcdd9928d7,-1,29.44117299877506,8
gemma,US2016,f94afa5e0b8a5a66a0bcf512e3b5ab12e889366384e308ce33cbab1c02ab9def,e53b982fcc5dd131af3821bb7b7c04ba055ef214fb91cca2c8290bb3afd3545e,1,-8.225877985244182,8
gemma,US2016,f9621b529a6fa6ce166db6a65e9dd7539b7ec4baa71274f8c59038e9a42f995f,6033f46be736f71e2d3dcefc1463eca6a3efebfdf96a555ae26f79d380ee6a9d,1,77.13765434371555,8
gemma,US2016,fa937ecda60f012f5e6ac76d5a3af57d9cffb57ed8ac4c15147449703008afe8,6e3a97947a7e43aff136c15b2fd61ef4047c9a0063d78e576388653e8475e6a6,-1,-29.38910228369729,8
gemma,US2016,fb79e94f77a10f1496a477473af7cfec7d118a82eb3f5223348d548e6738ee7d,9cd84ca538622e6da5f761df165facc5ae650ab55992ca8c03db14d75af76e37,1,34.869664450037966,8
gemma,US2016,fc304936e84a663beebb48fcc790055dc3bde25a5206ffc297c60559bc89bd72,91717f233c54d6a20ec5bd707c0ce8a2c6fb10c579d53178c22ed6c7d5998c1f,1,68.08915191153534,8
gemma,US2016,fd2a392ddae8154028d40dc1d7c69b7266ca0f87a85e00e4a503d53764fb706b,f4241006fb761d105e514556de9a1fd07c9eb291bcc9625ac06722fbe9fc7f22,-1,-35.5667625078773,8
gemma,US2016,fdaa309079195c76d2fbdb3d14a083f35b6bb47d576a2e6712ff55d7fb43a23d,40573b41f5270bb78f55de2a66ca43f44c7e9f051d685ea4f539c33cec387285,1,67.20297282258772,8
gemma,US2016,fe3e8595c228e83983612161360c9b752862b5f7a116f4d24a0bfde118552ea8,6e3a97947a7e43aff136c15b2fd61ef4047c9a0063d78e576388653e8475e6a6,-1,-35.85274626023269,8
gemma,US2016,fe6df0bec7e877a0fdd4a6969d0893bc46a5e90b79bde58401424af231017720,dd9135e0cdaa66465a2e9419084a13d65c2b4722667067fab884404a88493b16,-1,-12.014557509361714,8
gemma,US2016,fee2f6103174c1651d21d9dc8a127c3f4c5c816548c003bf83ae25cf350d4a24,6ca845035227eddea19ec1990a51d2b49bfe45103397bcead77b937a6edaf4e5,1,63.48313317676896,8
gemma,US2016,ff0c853c47a89215d01940befe65beec30970b651b258676936eb8fb44d12e9f,6033f46be736f71e2d3dcefc1463eca6a3efebfdf96a555ae26f79d380ee6a9d,-1,6.200702932243711,8
gemma,US2016,ff3b2d59a061ac70d62081726cfc467270bf5420207a423b74bf40b9df090d74,6033f46be736f71e2d3dcefc1463eca6a3efebfdf96a555ae26f79d380ee6a9d,-1,-30.504175529067464,8
gemma,US2016,ffdaa95bc5783c58095f24a0512f854a0adc2f147f147552358a11a3cae98acb,e89abcf371903a5020f03f5db33ef0bd452eddc9a5202d45c053dac22d56b575,-1,8.97715541999933,8
gemma,ValuePrism_PILOT_EVAL,001800999d0e8480,36b44414c0a6,1,63.93352379383485,4
gemma,ValuePrism_PILOT_EVAL,02a83de7aa948680,59ab64774169,1,44.82052762774656,4
gemma,ValuePrism_PILOT_EVAL,02ae4862b617dcc2,aa59e2fea465,1,56.57455376050245,4
gemma,ValuePrism_PILOT_EVAL,038dfd1e4c9a0918,94ae49c62885,-1,-53.876555656778194,4
gemma,ValuePrism_PILOT_EVAL,04593ff0a7e2d158,1ed43b987724,1,63.90047203409728,4
gemma,ValuePrism_PILOT_EVAL,0504b83d2d360e4d,b8063f0c17ff,1,52.9292503762389,4
gemma,ValuePrism_PILOT_EVAL,05b6ecb68d0c59a8,e7860ea4b963,-1,-46.074704593320895,4
gemma,ValuePrism_PILOT_EVAL,05c925bb354239fc,5c0bf6cfe59e,-1,-42.0294719025847,4
gemma,ValuePrism_PILOT_EVAL,0616b974433182fc,918093301aef,-1,34.490425154087056,4
gemma,ValuePrism_PILOT_EVAL,072d23afb16a4b01,f426101b1538,1,52.28978236572765,4
gemma,ValuePrism_PILOT_EVAL,07e9f3755ec22bb1,bb1db8edcfe9,1,53.22705889288037,4
gemma,ValuePrism_PILOT_EVAL,0831f369f99fac4e,0c456cbac017,1,52.88961333659124,4
gemma,ValuePrism_PILOT_EVAL,09441c66e709eee8,2b30dc97db48,-1,-46.03437035825207,4
gemma,ValuePrism_PILOT_EVAL,09fb317f32871c7d,a11cb6581b8d,1,38.49111832520292,4
gemma,ValuePrism_PILOT_EVAL,0a9e7c23ad9fe3bb,6c22db837d6a,1,62.568684682380535,4
gemma,ValuePrism_PILOT_EVAL,0afc1915fcd6ef60,c5ff78577964,1,45.8440043391406,4
gemma,ValuePrism_PILOT_EVAL,0b81c7bf92a1e9e9,c484ba14cd1a,1,54.05403532172584,4
gemma,ValuePrism_PILOT_EVAL,0bfe3298680d2297,5e0291b4a26b,1,43.42380021825818,4
gemma,ValuePrism_PILOT_EVAL,0ce8b4e9630e9298,ea2512a2e57e,-1,-36.073164092580896,4
gemma,ValuePrism_PILOT_EVAL,0ead1aebee9d98b6,663ca6e15948,1,45.40305017891903,4
gemma,ValuePrism_PILOT_EVAL,0ed3dda72baa8c8f,1a3477a1a33b,-1,-44.34195399160392,4
gemma,ValuePrism_PILOT_EVAL,0f33a085289d2db2,5077ada3358c,-1,3.193633843970756,4
gemma,ValuePrism_PILOT_EVAL,0f3ac9fab6c1b52b,622b44bd3782,1,-41.87108694134038,4
gemma,ValuePrism_PILOT_EVAL,0fb65c7657856e8d,d3d192f6f2e9,-1,-54.66002342799258,4
gemma,ValuePrism_PILOT_EVAL,10990d3ccca17cbb,1a3477a1a33b,1,-14.477368454272243,4
gemma,ValuePrism_PILOT_EVAL,10c24dd2ed0ded7e,136a9772e348,1,74.57347092373391,4
gemma,ValuePrism_PILOT_EVAL,11601426c9e96a6c,d51a3d0bbd87,1,-48.62041367239904,4
gemma,ValuePrism_PILOT_EVAL,120738e4fa5be59b,b9591cb5d863,-1,-41.00293651221881,4
gemma,ValuePrism_PILOT_EVAL,1239b5c3379b2570,5e0291b4a26b,-1,22.5793009452922,4
gemma,ValuePrism_PILOT_EVAL,126391590c955ec5,62903863ec3f,1,-28.160800070765426,4
gemma,ValuePrism_PILOT_EVAL,1326e77b870513fa,52c92fe42219,1,-23.621727705726236,4
gemma,ValuePrism_PILOT_EVAL,1340135dfd7975a0,1451e3efdff5,1,38.67130082238949,4
gemma,ValuePrism_PILOT_EVAL,137519d9bfdee345,67777e744c13,1,20.059545178870117,4
gemma,ValuePrism_PILOT_EVAL,148d6dcaaf2b1cb3,dc4a0e322bef,-1,-40.51945121952279,4
gemma,ValuePrism_PILOT_EVAL,14925822fd522714,6f496dd18524,1,-55.76563324999643,4
gemma,ValuePrism_PILOT_EVAL,14c3c4aa84749145,4fdbcddceaaf,-1,-53.992279919302966,4
gemma,ValuePrism_PILOT_EVAL,14ce3f593f0b783c,ea2512a2e57e,1,26.361856251749035,4
gemma,ValuePrism_PILOT_EVAL,14f7135b2a77ee9e,e68b633a57ae,1,54.25715013484948,4
gemma,ValuePrism_PILOT_EVAL,152b710804d0521c,f05147254c6d,-1,-48.02628537402463,4
gemma,ValuePrism_PILOT_EVAL,161a02d9b7e3750f,e7860ea4b963,1,29.216788235331208,4
gemma,ValuePrism_PILOT_EVAL,17c236bccbd1986a,0cc60aa12ea6,-1,-31.61639786331054,4
gemma,ValuePrism_PILOT_EVAL,17e8812393f68be3,9f051a541429,-1,-45.23951376886433,4
gemma,ValuePrism_PILOT_EVAL,19566934e1401d55,aefd878b4270,-1,-39.90248175466492,4
gemma,ValuePrism_PILOT_EVAL,195cbd237287db88,622b44bd3782,1,65.03665900349364,4
gemma,ValuePrism_PILOT_EVAL,195faf3022b94281,d3d192f6f2e9,1,43.60320659644404,4
gemma,ValuePrism_PILOT_EVAL,198b5fbc52793f6d,38ddb7218f16,1,-12.459997481694993,4
gemma,ValuePrism_PILOT_EVAL,19f4a9cbba137f20,1ed43b987724,-1,-64.11275493762749,4
gemma,ValuePrism_PILOT_EVAL,1d343d57c9219052,67777e744c13,-1,-44.03197868013775,4
gemma,ValuePrism_PILOT_EVAL,1da9054720d516ed,5559fc6fc893,1,-46.5214295045922,4
gemma,ValuePrism_PILOT_EVAL,1ddc5888f5871da7,d0db8c0419d8,1,61.96324891956829,4
gemma,ValuePrism_PILOT_EVAL,1e5735f5256baa20,4740beac2df9,1,55.71615246102764,4
gemma,ValuePrism_PILOT_EVAL,1eacb59275f11d29,45333f3c52dc,1,61.5505930713378,4
gemma,ValuePrism_PILOT_EVAL,1ec4184964fda718,8ef83b6e21b4,1,47.14441505986128,4
gemma,ValuePrism_PILOT_EVAL,1f2c7d6c565ddf68,7318a5922efe,-1,-46.9701927215536,4
gemma,ValuePrism_PILOT_EVAL,1fba9196afdf7b1c,9bbc802f386b,1,76.37940662880166,4
gemma,ValuePrism_PILOT_EVAL,206fc5b851e2938b,9aa417751887,-1,-53.66910803353006,4
gemma,ValuePrism_PILOT_EVAL,20b533a0d7903dbb,44c2a3bf9b5b,-1,-36.38094963833893,4
gemma,ValuePrism_PILOT_EVAL,214e524902e26e27,87d5ed23661d,-1,-37.98365190194349,4
gemma,ValuePrism_PILOT_EVAL,221570f1f3975298,e8dda5c05cc8,-1,48.16798315052595,4
gemma,ValuePrism_PILOT_EVAL,222d475eb20c6af4,2b30dc97db48,1,3.5137674120312283,4
gemma,ValuePrism_PILOT_EVAL,2247c2a41145d820,b9591cb5d863,-1,-16.15637206407584,4
gemma,ValuePrism_PILOT_EVAL,2274c1abc8089826,85be8d41d913,1,70.02589586345948,4
gemma,ValuePrism_PILOT_EVAL,2326cd36d1fa85e8,d0db8c0419d8,-1,-11.786764964315566,4
gemma,ValuePrism_PILOT_EVAL,2355d364cf755ea3,6db8d2ba4a71,-1,-33.095193656804724,4
gemma,ValuePrism_PILOT_EVAL,2377ec0f5c85d247,8d91bb644137,-1,-37.27924352158881,4
gemma,ValuePrism_PILOT_EVAL,23c95614c44912f1,65cde817fb8f,1,58.323087492269536,4
gemma,ValuePrism_PILOT_EVAL,240a77e7dbfdd9f3,0c5a75f6bae8,-1,-39.34724625158073,4
gemma,ValuePrism_PILOT_EVAL,243c124aef75375c,d3d192f6f2e9,-1,-34.76729927777729,4
gemma,ValuePrism_PILOT_EVAL,24d0d5cc2490ced3,b2493d617b2f,-1,66.49986934219334,4
gemma,ValuePrism_PILOT_EVAL,25100d3d41ec4720,ae86d96aa9df,1,66.7548978619915,4
gemma,ValuePrism_PILOT_EVAL,2526591c68e601c6,926dacce2e7d,-1,-47.593680806304576,4
gemma,ValuePrism_PILOT_EVAL,25d0e0c7346580a9,0c5a75f6bae8,1,79.16912298180694,4
gemma,ValuePrism_PILOT_EVAL,26aedfa6e9457a04,3cf48760defe,1,-48.62885604016593,4
gemma,ValuePrism_PILOT_EVAL,272027393a7123ea,65cde817fb8f,-1,52.001306365501165,4
gemma,ValuePrism_PILOT_EVAL,278c65465eaab0ce,f98f6f231f01,-1,-56.62774377873605,4
gemma,ValuePrism_PILOT_EVAL,27f75dc17e60d990,a61ef25edfa9,-1,22.03727576907905,4
gemma,ValuePrism_PILOT_EVAL,281a1a7178d24329,5c0bf6cfe59e,-1,-33.51579757217978,4
gemma,ValuePrism_PILOT_EVAL,2a608af0a264e135,2b30dc97db48,-1,72.96969300370468,4
gemma,ValuePrism_PILOT_EVAL,2b2d3e0a849cb00c,f8fb5453bb41,1,23.36267468042912,4
gemma,ValuePrism_PILOT_EVAL,2b6d970ce17e9385,87d5ed23661d,-1,14.46707815689086,4
gemma,ValuePrism_PILOT_EVAL,2b783e977360c3c7,622b44bd3782,-1,-48.35948781032253,4
gemma,ValuePrism_PILOT_EVAL,2b89d6e2ec8dd917,192c2928e2ae,-1,-19.48722100744417,4
gemma,ValuePrism_PILOT_EVAL,2c0adaccc752360b,9bbc802f386b,1,0.4887386532864511,4
gemma,ValuePrism_PILOT_EVAL,2cf699d380578348,b5c6b002c47b,1,28.77306992306089,4
gemma,ValuePrism_PILOT_EVAL,2d2e83262c67d234,fd5da0bf0f2a,-1,-15.282198646081223,4
gemma,ValuePrism_PILOT_EVAL,2edcab7d7dde4412,353ea7e598f8,1,43.647138917291386,4
gemma,ValuePrism_PILOT_EVAL,2fde1292a5d67b29,f8fb5453bb41,-1,-36.62546334365794,4
gemma,ValuePrism_PILOT_EVAL,30332726d0bec65e,a94b5c7c3f06,1,44.95082898366443,4
gemma,ValuePrism_PILOT_EVAL,3073dcc318c4ca84,638b0d9da530,-1,2.890670101300273,4
gemma,ValuePrism_PILOT_EVAL,30c193caedc571df,e68b633a57ae,-1,-61.20835740607223,4
gemma,ValuePrism_PILOT_EVAL,3165460eb106fac3,5c0bf6cfe59e,1,-33.929226921161835,4
gemma,ValuePrism_PILOT_EVAL,31bd2c3c1456a0e4,2838b362b8f3,-1,-63.929951617416975,4
gemma,ValuePrism_PILOT_EVAL,324da3e78a14a5ea,d5798890cc8f,1,58.379532988627886,4
gemma,ValuePrism_PILOT_EVAL,332439a4b3866e20,5077ada3358c,1,65.62981966708406,4
gemma,ValuePrism_PILOT_EVAL,336edc9ee67280a6,c484ba14cd1a,1,-7.320200776881762,4
gemma,ValuePrism_PILOT_EVAL,35563125816d323b,aa59e2fea465,1,51.9769252350812,4
gemma,ValuePrism_PILOT_EVAL,36663738cee4b4d4,a58c036ae817,1,-29.7616682777168,4
gemma,ValuePrism_PILOT_EVAL,382e2e682024383f,264c908ab889,-1,-31.25832773590039,4
gemma,ValuePrism_PILOT_EVAL,383a458761bfe817,c5ff78577964,-1,-52.21987170861562,4
gemma,ValuePrism_PILOT_EVAL,38942c8c1e8bfe28,e1e202f73f44,-1,-41.077257444220656,4
gemma,ValuePrism_PILOT_EVAL,38ab30a11085fd1c,9f051a541429,-1,-9.736255284324164,4
gemma,ValuePrism_PILOT_EVAL,393b66b548a7cc05,264c908ab889,1,15.403153397987904,4
gemma,ValuePrism_PILOT_EVAL,3a5b1a50e31baea9,90522fe1f8dd,-1,-45.04828212101335,4
gemma,ValuePrism_PILOT_EVAL,3a6b3d40ef1ef732,638b0d9da530,1,69.65523001057028,4
gemma,ValuePrism_PILOT_EVAL,3b99bcec59f7dfbd,6f496dd18524,1,72.69536733674613,4
gemma,ValuePrism_PILOT_EVAL,3c6afb4efd26adbf,59ab64774169,1,49.59838389137123,4
gemma,ValuePrism_PILOT_EVAL,3c84548a16a45ec8,fd5da0bf0f2a,1,-19.49743213778608,4
gemma,ValuePrism_PILOT_EVAL,3c917c6f0740243b,8a66018e75b5,-1,-30.62951940712586,4
gemma,ValuePrism_PILOT_EVAL,3cc8c62b71e76ec9,90522fe1f8dd,1,53.0674674324234,4
gemma,ValuePrism_PILOT_EVAL,3dd65896b592391c,0c456cbac017,-1,38.17832438941044,4
gemma,ValuePrism_PILOT_EVAL,3f8f9c8fb970c7f2,257896eeb5b0,1,-19.742845379520837,4
gemma,ValuePrism_PILOT_EVAL,3fb23363b76613a8,3cf48760defe,-1,-35.41666122214079,4
gemma,ValuePrism_PILOT_EVAL,402b85577e6a3658,257896eeb5b0,1,60.29394384306618,4
gemma,ValuePrism_PILOT_EVAL,408ae07d6a1ce818,dc4a0e322bef,1,53.29455903786912,4
gemma,ValuePrism_PILOT_EVAL,40ccdba4909f358f,ae86d96aa9df,-1,-41.259542949596536,4
gemma,ValuePrism_PILOT_EVAL,4108b6ffd0e8f358,7fc74b77564e,1,34.41012277967695,4
gemma,ValuePrism_PILOT_EVAL,4319e211ba2ca263,f8fb5453bb41,-1,48.50046763527695,4
gemma,ValuePrism_PILOT_EVAL,43c85ba46a78eafe,a94b5c7c3f06,1,56.309272217299664,4
gemma,ValuePrism_PILOT_EVAL,43eb59525ea86913,f964326d08d9,1,-36.28339335177437,4
gemma,ValuePrism_PILOT_EVAL,445821c5412a20e6,2af4bf031c7a,1,27.489961234911384,4
gemma,ValuePrism_PILOT_EVAL,45b0af6eefba83f3,440bdd09b8f1,1,-4.773150083151067,4
gemma,ValuePrism_PILOT_EVAL,46592e2f94bc0142,ebd7adca85db,-1,-56.47759506768311,4
gemma,ValuePrism_PILOT_EVAL,4716df92ca8cb79f,b82faf8ede14,1,31.120811867641635,4
gemma,ValuePrism_PILOT_EVAL,4720981bdd80b594,51e790c22d59,1,55.32679398997105,4
gemma,ValuePrism_PILOT_EVAL,4747a34ed4b24369,c484ba14cd1a,-1,-1.3664732514117135,4
gemma,ValuePrism_PILOT_EVAL,48561ac0af001646,663ca6e15948,1,51.87914290140219,4
gemma,ValuePrism_PILOT_EVAL,49080309b89f66e6,6db8d2ba4a71,-1,-35.09464406715914,4
gemma,ValuePrism_PILOT_EVAL,491a1ac36bbabcb2,a58c036ae817,-1,-43.52447094284716,4
gemma,ValuePrism_PILOT_EVAL,4968c21fd2293e14,c5ff78577964,1,60.23618864981592,4
gemma,ValuePrism_PILOT_EVAL,49d87d0185dab3af,85be8d41d913,1,-2.183129931293849,4
gemma,ValuePrism_PILOT_EVAL,4b0b3dec9b12cc00,4775892f3335,-1,-55.16452442448512,4
gemma,ValuePrism_PILOT_EVAL,4b19af86dd655b05,4191f58e9158,-1,-52.99419679855282,4
gemma,ValuePrism_PILOT_EVAL,4c71ef2467b153ec,8d91bb644137,1,64.86541160416465,4
gemma,ValuePrism_PILOT_EVAL,4d2f67f5ceb55820,a11cb6581b8d,1,22.693793564063515,4
gemma,ValuePrism_PILOT_EVAL,4df0d080d067c2e2,a922079ba6b3,-1,-32.42909458355574,4
gemma,ValuePrism_PILOT_EVAL,4df49afd030b428b,b339e6e88df0,1,32.68456946290714,4
gemma,ValuePrism_PILOT_EVAL,4fb8907bffd7866a,fd5da0bf0f2a,-1,-35.74582959667938,4
gemma,ValuePrism_PILOT_EVAL,4fcc127d57f76c8f,6bb9730ff8ce,1,55.61944562409138,4
gemma,ValuePrism_PILOT_EVAL,50dba36ebb14bd5f,4775892f3335,1,51.11030753269967,4
gemma,ValuePrism_PILOT_EVAL,5169b78ecaa23ef4,8a66018e75b5,1,6.747323779766745,4
gemma,ValuePrism_PILOT_EVAL,517a9cf4705b905b,b339e6e88df0,-1,-23.24004720313055,4
gemma,ValuePrism_PILOT_EVAL,51fef2cb1c9a8bd1,3b9497cfd342,-1,-29.949897280770067,4
gemma,ValuePrism_PILOT_EVAL,533b833c15e0e525,5ffc8594267a,1,56.76758451242672,4
gemma,ValuePrism_PILOT_EVAL,53a97d44813a4850,9bbc802f386b,-1,44.72327028165893,4
gemma,ValuePrism_PILOT_EVAL,5401daeceb3d7450,b2493d617b2f,1,71.58592119941133,4
gemma,ValuePrism_PILOT_EVAL,546b60891856cf37,832fedab88df,1,23.88810222442565,4
gemma,ValuePrism_PILOT_EVAL,5478c228ad5568d1,b2493d617b2f,1,62.72732743102027,4
gemma,ValuePrism_PILOT_EVAL,54c00b24475db779,f5ea35cccd52,-1,-38.26052377741275,4
gemma,ValuePrism_PILOT_EVAL,54d2b88b529b21bf,13f01030b40e,1,-6.913235869411405,4
gemma,ValuePrism_PILOT_EVAL,5640c155a210ae20,36b44414c0a6,1,62.891495604352464,4
gemma,ValuePrism_PILOT_EVAL,5647d610debeac4a,3f2e4b9db3d0,1,0.4319095588748787,4
gemma,ValuePrism_PILOT_EVAL,56ba4a0b7dee2582,e0f9c65023a9,-1,0.9028982546104848,4
gemma,ValuePrism_PILOT_EVAL,57793c0ca8fcaf3b,f964326d08d9,1,-19.740353453446865,4
gemma,ValuePrism_PILOT_EVAL,579b674f04d567e3,3b9497cfd342,1,-10.85947627646874,4
gemma,ValuePrism_PILOT_EVAL,593455f72bafa27c,8a66018e75b5,-1,-15.956685082490454,4
gemma,ValuePrism_PILOT_EVAL,594c4fe216809612,e1e202f73f44,1,60.32452095681356,4
gemma,ValuePrism_PILOT_EVAL,59657428ead0c70e,c5ff78577964,-1,-16.83843687461054,4
gemma,ValuePrism_PILOT_EVAL,598ec702f72dad54,ae1f880ad3be,1,28.748355762825906,4
gemma,ValuePrism_PILOT_EVAL,5a259be0d834e58b,d5798890cc8f,-1,11.875938435401077,4
gemma,ValuePrism_PILOT_EVAL,5b39d44bbeb1e56c,737c2fe51f4f,1,73.20455702460603,4
gemma,ValuePrism_PILOT_EVAL,5b8cfd9f9162e9d9,e6f181a4c26e,-1,-49.68605351378096,4
gemma,ValuePrism_PILOT_EVAL,5bc7058cffaf432a,7fc74b77564e,-1,-52.48082065593697,4
gemma,ValuePrism_PILOT_EVAL,5c68a1cc1538da10,ea2512a2e57e,1,67.7668533659727,4
gemma,ValuePrism_PILOT_EVAL,5c9470f19f00630a,257896eeb5b0,-1,18.90842056566614,4
gemma,ValuePrism_PILOT_EVAL,5ce19bc7a2538a96,499932b126ef,1,68.10626892947231,4
gemma,ValuePrism_PILOT_EVAL,5d014f190376a663,5077ada3358c,-1,-58.6777442990657,4
gemma,ValuePrism_PILOT_EVAL,5df3526c8e13c10b,f5ea35cccd52,-1,-55.47561555151452,4
gemma,ValuePrism_PILOT_EVAL,5e52212327d25d3e,b82faf8ede14,-1,-43.73806208106309,4
gemma,ValuePrism_PILOT_EVAL,5e5c2de9f8826dd4,5077ada3358c,1,52.42649623816988,4
gemma,ValuePrism_PILOT_EVAL,5ef57422da8a93fa,0c456cbac017,1,65.75213697332615,4
gemma,ValuePrism_PILOT_EVAL,5f0f9db632cee312,8ef83b6e21b4,1,55.978613735874,4
gemma,ValuePrism_PILOT_EVAL,5fb73bebfb3e73f0,b87d702c3e0e,-1,-29.67772642017296,4
gemma,ValuePrism_PILOT_EVAL,5fe48f6a7ed9eb0b,ebb994099954,-1,-17.38096128887708,4
gemma,ValuePrism_PILOT_EVAL,600e5f5032de8438,85be8d41d913,-1,-39.52195237729958,4
gemma,ValuePrism_PILOT_EVAL,6091681f8bc18631,91aad4caf206,-1,-16.241881113619957,4
gemma,ValuePrism_PILOT_EVAL,60b27917a9e01e07,e6f181a4c26e,1,-2.243321747087383,4
gemma,ValuePrism_PILOT_EVAL,613f1c99635410fe,2af4bf031c7a,-1,14.730275325961582,4
gemma,ValuePrism_PILOT_EVAL,616ee1b8111bd7ea,ae1f880ad3be,1,-13.154860280526638,4
gemma,ValuePrism_PILOT_EVAL,61bdbaab34c15058,8ef83b6e21b4,-1,-40.57577238694466,4
gemma,ValuePrism_PILOT_EVAL,61e8c04db872b382,b1668f14295a,1,51.4792110384477,4
gemma,ValuePrism_PILOT_EVAL,620b0ef5b6e59063,926dacce2e7d,-1,-32.90149492808858,4
gemma,ValuePrism_PILOT_EVAL,626b95317b840657,440bdd09b8f1,-1,0.5589415622612104,4
gemma,ValuePrism_PILOT_EVAL,64e4fd0a8ea32876,4fdbcddceaaf,-1,25.190690645126303,4
gemma,ValuePrism_PILOT_EVAL,650ed020d7bd6a86,90522fe1f8dd,1,-12.02257776239188,4
gemma,ValuePrism_PILOT_EVAL,65723bacf520580d,0cc60aa12ea6,1,18.947331145393264,4
gemma,ValuePrism_PILOT_EVAL,657d94212b7aa21d,3f2e4b9db3d0,-1,36.70615478101817,4
gemma,ValuePrism_PILOT_EVAL,65848c675304978c,b1668f14295a,1,19.004197820523267,4
gemma,ValuePrism_PILOT_EVAL,65a71c9ca289ead8,2838b362b8f3,1,55.89003424833025,4
gemma,ValuePrism_PILOT_EVAL,6600dade21b8572c,ebd7adca85db,1,-43.30131190844983,4
gemma,ValuePrism_PILOT_EVAL,678a6d4fa4d817f5,622b44bd3782,-1,-32.12259724489274,4
gemma,ValuePrism_PILOT_EVAL,67c5b6643dcefd07,5ffc8594267a,-1,-54.88736739303821,4
gemma,ValuePrism_PILOT_EVAL,68905e33a7a7088a,b82faf8ede14,-1,-34.68002912369883,4
gemma,ValuePrism_PILOT_EVAL,6899eab825ea22e9,c5798d139de7,1,-10.292603212653182,4
gemma,ValuePrism_PILOT_EVAL,689d8711e24fe447,9f051a541429,1,-32.619345461957,4
gemma,ValuePrism_PILOT_EVAL,690e06638f8320f5,b9591cb5d863,1,-13.47090586724439,4
gemma,ValuePrism_PILOT_EVAL,6935ef95af133d4f,499932b126ef,1,20.48584219450813,4
gemma,ValuePrism_PILOT_EVAL,69f942b36b6b5235,b8063f0c17ff,-1,-54.50028111171371,4
gemma,ValuePrism_PILOT_EVAL,6a28850cfbc372f9,65cde817fb8f,-1,-3.0059093829700343,4
gemma,ValuePrism_PILOT_EVAL,6a5a355f567cde1c,4775892f3335,-1,-31.936606912734245,4
gemma,ValuePrism_PILOT_EVAL,6b9a627e34022302,a94b5c7c3f06,-1,54.99905568778328,4
gemma,ValuePrism_PILOT_EVAL,6ba7c2bd33638f2a,13f01030b40e,-1,-24.44519034110409,4
gemma,ValuePrism_PILOT_EVAL,6bfd3c1937a5ef44,2c39dbc75575,1,-5.143264634980843,4
gemma,ValuePrism_PILOT_EVAL,6c3b62123a6927cb,e68b633a57ae,-1,-30.31962655102481,4
gemma,ValuePrism_PILOT_EVAL,6c731f8e424c6a45,a7fe53a4018d,1,57.3005824904112,4
gemma,ValuePrism_PILOT_EVAL,6cb616bf28139fe1,ee96462a37c0,1,37.287037744172125,4
gemma,ValuePrism_PILOT_EVAL,6d743a97d6083798,a922079ba6b3,1,43.169876665468,4
gemma,ValuePrism_PILOT_EVAL,6eaa3dd33cd9484b,4775892f3335,1,-33.110947246188424,4
gemma,ValuePrism_PILOT_EVAL,6f4092e4d4d6c986,39c9d15be2c9,1,63.41012534428927,4
gemma,ValuePrism_PILOT_EVAL,6f9ca8dc7dc33587,fd5da0bf0f2a,1,82.42510352956064,4
gemma,ValuePrism_PILOT_EVAL,7030aa8cdaf9379a,ee96462a37c0,-1,-51.90148643027408,4
gemma,ValuePrism_PILOT_EVAL,71302aa94208e007,5f7967356dc6,1,-27.29654993726404,4
gemma,ValuePrism_PILOT_EVAL,716f6495cbff49a9,a9fd0e21390e,1,64.92512428760364,4
gemma,ValuePrism_PILOT_EVAL,717e14f4be3cd587,663ca6e15948,-1,-49.670543839030586,4
gemma,ValuePrism_PILOT_EVAL,71bfb043e66fd77c,ee96462a37c0,-1,-37.65276746150229,4
gemma,ValuePrism_PILOT_EVAL,72093e60b8a8daf7,e68b633a57ae,1,68.08867067572021,4
gemma,ValuePrism_PILOT_EVAL,72fe1b2bcbd6a663,38ddb7218f16,1,66.9147154910998,4
gemma,ValuePrism_PILOT_EVAL,73b7635d05d74787,f98f6f231f01,1,70.42835730463219,4
gemma,ValuePrism_PILOT_EVAL,73ed63552d58bdac,4fdbcddceaaf,1,59.1929755045033,4
gemma,ValuePrism_PILOT_EVAL,747881deb7cfb0df,a8c08cb7bde1,-1,-42.59106675045264,4
gemma,ValuePrism_PILOT_EVAL,74850d888d312cb9,e8dda5c05cc8,-1,-24.57933917246603,4
gemma,ValuePrism_PILOT_EVAL,7578a336f023c7c8,192c2928e2ae,1,53.548885840453806,4
gemma,ValuePrism_PILOT_EVAL,76da7f0c50522dbd,a8c08cb7bde1,1,18.64889916603827,4
gemma,ValuePrism_PILOT_EVAL,76f55792044491ce,a9fd0e21390e,-1,8.734494440719685,4
gemma,ValuePrism_PILOT_EVAL,77c1dd796cf72c99,f05147254c6d,1,-42.54061468386752,4
gemma,ValuePrism_PILOT_EVAL,781dfeec3cf7dfbe,51e790c22d59,-1,-44.92650532180754,4
gemma,ValuePrism_PILOT_EVAL,78e0c3ee8785cb9c,51e790c22d59,1,23.423294878702837,4
gemma,ValuePrism_PILOT_EVAL,7a40f5ffcca5ab24,5559fc6fc893,1,30.09055343782484,4
gemma,ValuePrism_PILOT_EVAL,7ac17fc7ecdcdb7c,832fedab88df,-1,-32.18001780686137,4
gemma,ValuePrism_PILOT_EVAL,7b9e54798b232b41,a61ef25edfa9,-1,-52.81293850391922,4
gemma,ValuePrism_PILOT_EVAL,7c6faeb00138290d,6bb9730ff8ce,-1,-48.211313453592986,4
gemma,ValuePrism_PILOT_EVAL,7d2651eaa9dbfb02,b82faf8ede14,1,59.65078386527457,4
gemma,ValuePrism_PILOT_EVAL,7d2771194054e6db,a61ef25edfa9,1,63.307841892126845,4
gemma,ValuePrism_PILOT_EVAL,7eb72542912561ff,7fc74b77564e,1,31.644853676367585,4
gemma,ValuePrism_PILOT_EVAL,7efcee8719150625,e8dda5c05cc8,1,39.87341425785546,4
gemma,ValuePrism_PILOT_EVAL,7f59b51470bcc3f7,7318a5922efe,-1,-49.77544803455372,4
gemma,ValuePrism_PILOT_EVAL,7f627e1ff54f10dc,b87d702c3e0e,-1,-31.666749087496832,4
gemma,ValuePrism_PILOT_EVAL,7f7f9527f26890a1,a9fd0e21390e,-1,-25.901194717348893,4
gemma,ValuePrism_PILOT_EVAL,80c4921df26252c8,e8dda5c05cc8,1,51.88457019537397,4
gemma,ValuePrism_PILOT_EVAL,811b4672e70cd051,62903863ec3f,-1,-23.595467513580456,4
gemma,ValuePrism_PILOT_EVAL,81c5f17b47ff7179,45333f3c52dc,-1,-36.90278082067708,4
gemma,ValuePrism_PILOT_EVAL,81ce12550cb297b0,0c5a75f6bae8,1,1.995651263570439,4
gemma,ValuePrism_PILOT_EVAL,82252e95660f0237,7232a03c0414,1,63.54022388870351,4
gemma,ValuePrism_PILOT_EVAL,82436e3072e5c995,e7860ea4b963,1,22.439710789415997,4
gemma,ValuePrism_PILOT_EVAL,828214489933c1be,c571eca3306b,-1,-53.30041098066007,4
gemma,ValuePrism_PILOT_EVAL,82e78d85a78fc42c,c5798d139de7,-1,-43.025952804930505,4
gemma,ValuePrism_PILOT_EVAL,84239ad3ffc701b1,d51a3d0bbd87,-1,-53.11210150650814,4
gemma,ValuePrism_PILOT_EVAL,84c5acf9e6da8365,d3d192f6f2e9,1,-38.457944442606845,4
gemma,ValuePrism_PILOT_EVAL,8609fbff4bcb833b,b87d702c3e0e,1,8.969053816351185,4
gemma,ValuePrism_PILOT_EVAL,8700446cdedafb5a,a94b5c7c3f06,-1,-52.41782752178823,4
gemma,ValuePrism_PILOT_EVAL,872421ae456707bf,ba5f5285d226,-1,-48.32001846220571,4
gemma,ValuePrism_PILOT_EVAL,873f9efbbafbdb22,bb1db8edcfe9,-1,-46.24891297425318,4
gemma,ValuePrism_PILOT_EVAL,8830db8083a0356d,5e0291b4a26b,-1,-35.003848242029235,4
gemma,ValuePrism_PILOT_EVAL,88da04bf9b584c67,bb1db8edcfe9,-1,-42.25084898948996,4
gemma,ValuePrism_PILOT_EVAL,88dabfb21f8352d9,2838b362b8f3,1,54.2804239715768,4
gemma,ValuePrism_PILOT_EVAL,890e0cc85c1d4262,f426101b1538,-1,-35.38627449349643,4
gemma,ValuePrism_PILOT_EVAL,89e1f76d68412691,a58c036ae817,-1,-38.036673566467854,4
gemma,ValuePrism_PILOT_EVAL,8a67d72d38b22d57,264c908ab889,-1,50.12845385619904,4
gemma,ValuePrism_PILOT_EVAL,8a6c2443e92c54ca,9f051a541429,1,65.65578405354029,4
gemma,ValuePrism_PILOT_EVAL,8a71aef06349948a,6f496dd18524,-1,-65.80545808703597,4
gemma,ValuePrism_PILOT_EVAL,8aaf3a5e74c87147,59ab64774169,-1,-64.80942867893671,4
gemma,ValuePrism_PILOT_EVAL,8bc60402151702e5,13f01030b40e,-1,-45.670796317135455,4
gemma,ValuePrism_PILOT_EVAL,8c0202f6b8311c5e,c571eca3306b,-1,-48.57116155625289,4
gemma,ValuePrism_PILOT_EVAL,8c1f553c1c58cc7a,b8063f0c17ff,1,52.829828289236815,4
gemma,ValuePrism_PILOT_EVAL,8c890c2ef83c7de1,94ae49c62885,1,-24.991417222963136,4
gemma,ValuePrism_PILOT_EVAL,8d9273f8a3cc9eb6,5f7967356dc6,-1,-53.592754635892014,4
gemma,ValuePrism_PILOT_EVAL,8dced934995ddcfe,1a3477a1a33b,-1,-50.76112345141655,4
gemma,ValuePrism_PILOT_EVAL,8e10dae12ee758ac,67777e744c13,-1,-55.37379437174727,4
gemma,ValuePrism_PILOT_EVAL,8e11e6d0232d523a,39c9d15be2c9,1,23.28800773377911,4
gemma,ValuePrism_PILOT_EVAL,8e3370887c48917d,1ed43b987724,1,-58.248700658608605,4
gemma,ValuePrism_PILOT_EVAL,8e4a4bc8bcd98ef1,d51a3d0bbd87,1,71.14184738061651,4
gemma,ValuePrism_PILOT_EVAL,8ee3e394c960ce51,918093301aef,-1,-36.24906757610115,4
gemma,ValuePrism_PILOT_EVAL,8f4b19414b27424c,499932b126ef,-1,-44.363223324105945,4
gemma,ValuePrism_PILOT_EVAL,8f8463a198538c6e,68eda3326b3c,-1,-27.521682054458623,4
gemma,ValuePrism_PILOT_EVAL,8fd0449061872933,926dacce2e7d,1,4.066243443791598,4
gemma,ValuePrism_PILOT_EVAL,8fd2ef70080e78ee,a7fe53a4018d,-1,-27.753145557362004,4
gemma,ValuePrism_PILOT_EVAL,8fe761c1d5e532cf,aefd878b4270,1,-7.644974187918292,4
gemma,ValuePrism_PILOT_EVAL,902c6dbde4f91bbd,ae1f880ad3be,-1,-60.1499576885071,4
gemma,ValuePrism_PILOT_EVAL,9044ec11a85a4994,f51224fb38be,-1,-2.3077186472768694,4
gemma,ValuePrism_PILOT_EVAL,904a6649d62d2ea6,2b30dc97db48,1,74.90179487358162,4
gemma,ValuePrism_PILOT_EVAL,91ffe57821f33318,68eda3326b3c,-1,-4.21980391276742,4
gemma,ValuePrism_PILOT_EVAL,923530e7519082b7,aefd878b4270,-1,64.77208587386106,4
gemma,ValuePrism_PILOT_EVAL,92c796ac11e084d9,38ddb7218f16,-1,-40.40211553102573,4
gemma,ValuePrism_PILOT_EVAL,941a6d9a509f8e1e,ebd7adca85db,-1,-25.63656053177656,4
gemma,ValuePrism_PILOT_EVAL,94c0d83ba5e50eb0,1451e3efdff5,-1,-52.790946765071205,4
gemma,ValuePrism_PILOT_EVAL,94dd5f73e7863791,df2a966a5c33,1,-41.43491760050089,4
gemma,ValuePrism_PILOT_EVAL,954d0b47675c29db,b277e77cc6f8,-1,-35.41265959113461,4
gemma,ValuePrism_PILOT_EVAL,954df1be0c8bc786,f426101b1538,-1,-60.44007218417271,4
gemma,ValuePrism_PILOT_EVAL,964ea9127f82adef,e0f9c65023a9,-1,-32.83856043589322,4
gemma,ValuePrism_PILOT_EVAL,96bd9176532c9557,7232a03c0414,-1,24.771597476748912,4
gemma,ValuePrism_PILOT_EVAL,9727f29fc0a99860,8d91bb644137,1,-8.455927827974005,4
gemma,ValuePrism_PILOT_EVAL,98285d003c152fb9,3cf48760defe,1,69.14038494406535,4
gemma,ValuePrism_PILOT_EVAL,9949da2b7d36630b,a58c036ae817,1,-20.782886206295277,4
gemma,ValuePrism_PILOT_EVAL,9976b430a67ea364,b339e6e88df0,1,44.60471090780664,4
gemma,ValuePrism_PILOT_EVAL,9aad60bbd4bce354,dc4a0e322bef,1,22.29345008924546,4
gemma,ValuePrism_PILOT_EVAL,9ac80ef29f71df96,1c196c3207c2,1,-24.086043389450523,4
gemma,ValuePrism_PILOT_EVAL,9aebd6d55a9c7306,1451e3efdff5,1,55.088537041032055,4
gemma,ValuePrism_PILOT_EVAL,9afe4f2f48e7b7c5,a9fd0e21390e,1,35.49904799174419,4
gemma,ValuePrism_PILOT_EVAL,9b0aac29e8c95fbe,0c456cbac017,-1,65.7725774679437,4
gemma,ValuePrism_PILOT_EVAL,9b1c3012e9c63b9a,638b0d9da530,1,-39.917344645632895,4
gemma,ValuePrism_PILOT_EVAL,9babd4de907b8992,5f7967356dc6,1,-55.674418952199645,4
gemma,ValuePrism_PILOT_EVAL,9d25d9a869afce81,5ffc8594267a,1,-44.40272620302876,4
gemma,ValuePrism_PILOT_EVAL,9e75406247f6233a,d63083f5e364,-1,-53.59476198848205,4
gemma,ValuePrism_PILOT_EVAL,9e796d2d4e33d05a,f426101b1538,1,14.39381471855051,4
gemma,ValuePrism_PILOT_EVAL,9e9841072aabb83b,440bdd09b8f1,-1,-40.40175129178162,4
gemma,ValuePrism_PILOT_EVAL,9fc73991deb0271b,ae1f880ad3be,-1,-40.99223125450561,4
gemma,ValuePrism_PILOT_EVAL,9fe6f8962dab9d17,6db8d2ba4a71,1,51.81459201444318,4
gemma,ValuePrism_PILOT_EVAL,a0046b693af02f5d,192c2928e2ae,1,41.6604837934665,4
gemma,ValuePrism_PILOT_EVAL,a04110fd0d9ec2e6,b277e77cc6f8,-1,4.036603780363492,4
gemma,ValuePrism_PILOT_EVAL,a0a22d977fbf1ea6,38ddb7218f16,-1,-35.47342269461812,4
gemma,ValuePrism_PILOT_EVAL,a1283ced76195c09,aa59e2fea465,-1,-35.20420878460678,4
gemma,ValuePrism_PILOT_EVAL,a17d60271e4d5a02,39c9d15be2c9,-1,-36.24589210166225,4
gemma,ValuePrism_PILOT_EVAL,a255ecab6b162e79,6c22db837d6a,1,41.523959978390096,4
gemma,ValuePrism_PILOT_EVAL,a2daedc6a369772f,ba5f5285d226,-1,70.94699156636585,4
gemma,ValuePrism_PILOT_EVAL,a36ad3126b962560,353ea7e598f8,-1,-58.68102688289154,4
gemma,ValuePrism_PILOT_EVAL,a38f24dba315b3f5,a11cb6581b8d,-1,-67.16789357126098,4
gemma,ValuePrism_PILOT_EVAL,a3a98e90462487ef,90522fe1f8dd,-1,-27.65669650765672,4
gemma,ValuePrism_PILOT_EVAL,a3beacf1507901c5,1ed43b987724,-1,46.33248891035724,4
gemma,ValuePrism_PILOT_EVAL,a3e0af3c229d9ff0,ba5f5285d226,1,54.25676003147524,4
gemma,ValuePrism_PILOT_EVAL,a41eea25654bbccd,c5798d139de7,1,-44.14426731119509,4
gemma,ValuePrism_PILOT_EVAL,a4aaeb5820248088,737c2fe51f4f,-1,23.37082245773101,4
gemma,ValuePrism_PILOT_EVAL,a4b7d8e30734d172,3b9497cfd342,1,-8.932540675098913,4
gemma,ValuePrism_PILOT_EVAL,a6498375e1f2e2e2,b1668f14295a,-1,-58.601620660637,4
gemma,ValuePrism_PILOT_EVAL,a68741c8ed42e6fa,91aad4caf206,1,37.66417438126864,4
gemma,ValuePrism_PILOT_EVAL,a690da8ea8439591,94ae49c62885,1,62.53546550560965,4
gemma,ValuePrism_PILOT_EVAL,a6a6d8e53cc0ddd5,c35228e609f6,1,58.29099164758293,4
gemma,ValuePrism_PILOT_EVAL,a77392082271dd31,2af4bf031c7a,-1,-58.90777402544657,4
gemma,ValuePrism_PILOT_EVAL,a7a681adf60286c9,638b0d9da530,-1,-49.92244225504975,4
gemma,ValuePrism_PILOT_EVAL,a7c3725bf1a4a170,62903863ec3f,1,65.03012139108475,4
gemma,ValuePrism_PILOT_EVAL,a7dac3b7bd635b1a,e1e202f73f44,1,-46.11801336242581,4
gemma,ValuePrism_PILOT_EVAL,aaabef6d133f7da4,ebd7adca85db,1,40.750756356805695,4
gemma,ValuePrism_PILOT_EVAL,adf26dbe29a47f30,7318a5922efe,1,40.16942027390327,4
gemma,ValuePrism_PILOT_EVAL,ae3b7b96d9f69e7d,df2a966a5c33,-1,-45.97371500049466,4
gemma,ValuePrism_PILOT_EVAL,affdfb3d3bc2248f,f964326d08d9,-1,-37.72156867814333,4
gemma,ValuePrism_PILOT_EVAL,b0c5468d0a0bbabf,353ea7e598f8,-1,-54.043641294453934,4
gemma,ValuePrism_PILOT_EVAL,b1c10fec9b52e2e9,e1e202f73f44,-1,-34.07811861859766,4
gemma,ValuePrism_PILOT_EVAL,b1e7d12a0705770b,832fedab88df,1,-44.775924252298566,4
gemma,ValuePrism_PILOT_EVAL,b1f1691a79a2a312,5877a571834a,1,35.74511464644477,4
gemma,ValuePrism_PILOT_EVAL,b36258625267e261,f8fb5453bb41,1,62.4092573537308,4
gemma,ValuePrism_PILOT_EVAL,b3d32fd4c5694e93,8ef83b6e21b4,-1,-58.39189482888548,4
gemma,ValuePrism_PILOT_EVAL,b5dd33bcaf7306da,b87d702c3e0e,1,30.25602122266737,4
gemma,ValuePrism_PILOT_EVAL,b64ab0ec86e685af,94ae49c62885,-1,-33.274476232853125,4
gemma,ValuePrism_PILOT_EVAL,b6ccb8f0d86c4102,5ffc8594267a,-1,41.11591728551144,4
gemma,ValuePrism_PILOT_EVAL,b745624adf63fecc,c5798d139de7,-1,-53.92000452053937,4
gemma,ValuePrism_PILOT_EVAL,b76833f2507e7ed2,4fdbcddceaaf,1,-47.52335091617897,4
gemma,ValuePrism_PILOT_EVAL,b77d135045c96bf8,6c22db837d6a,-1,14.029290618593938,4
gemma,ValuePrism_PILOT_EVAL,b8036589df1abfc8,b277e77cc6f8,1,-38.78092325067992,4
gemma,ValuePrism_PILOT_EVAL,b833003106435695,737c2fe51f4f,1,-27.51618061167608,4
gemma,ValuePrism_PILOT_EVAL,b864013c70a77d13,ee96462a37c0,1,66.91924207539725,4
gemma,ValuePrism_PILOT_EVAL,b8cfe53fc210b1f5,136a9772e348,-1,-42.89705359168933,4
gemma,ValuePrism_PILOT_EVAL,b969333994aff2d6,87d5ed23661d,1,69.34751318816967,4
gemma,ValuePrism_PILOT_EVAL,b9aa98600c73937e,d0db8c0419d8,1,65.66453302652792,4
gemma,ValuePrism_PILOT_EVAL,b9c16ec2af3211b5,499932b126ef,-1,-60.77734519114222,4
gemma,ValuePrism_PILOT_EVAL,b9cd78a1f5eaeecb,a11cb6581b8d,-1,-24.601610189994226,4
gemma,ValuePrism_PILOT_EVAL,ba03a51ec5239614,ea2512a2e57e,-1,-41.00849482116717,4
gemma,ValuePrism_PILOT_EVAL,ba10ae6bfab2be08,f964326d08d9,-1,-51.62456011238672,4
gemma,ValuePrism_PILOT_EVAL,ba50d081d801470e,8727d613ce78,1,-42.213088364540994,4
gemma,ValuePrism_PILOT_EVAL,babd188bf16b33f9,67777e744c13,1,-41.5648168841828,4
gemma,ValuePrism_PILOT_EVAL,bb532e1f88580193,3f2e4b9db3d0,-1,-45.62216141022569,4
gemma,ValuePrism_PILOT_EVAL,bcaa06092813a25b,c35228e609f6,1,19.14843579863463,4
gemma,ValuePrism_PILOT_EVAL,bda9277e17b8b6b5,aa59e2fea465,-1,-37.81886879906782,4
gemma,ValuePrism_PILOT_EVAL,be65b0234d68bd57,c571eca3306b,1,-46.225069533673135,4
gemma,ValuePrism_PILOT_EVAL,be7c5e8307a4aa98,87d5ed23661d,1,51.32802896717969,4
gemma,ValuePrism_PILOT_EVAL,bea26c7e098f3900,0c5a75f6bae8,-1,28.02755645169592,4
gemma,ValuePrism_PILOT_EVAL,bf5f01295617eb93,2af4bf031c7a,1,-21.887198366176264,4
gemma,ValuePrism_PILOT_EVAL,c092264ca865d952,508180109679,1,36.46767700401156,4
gemma,ValuePrism_PILOT_EVAL,c0ca41c9474e9a0a,a8c08cb7bde1,-1,-29.99795570247546,4
gemma,ValuePrism_PILOT_EVAL,c0d2fa7d6bfc65d8,8727d613ce78,1,28.781595110938312,4
gemma,ValuePrism_PILOT_EVAL,c2b039ab5dee4bf7,1c196c3207c2,-1,-34.85109061916671,4
gemma,ValuePrism_PILOT_EVAL,c3390d1fe7adfeb2,5877a571834a,1,-24.778089059385728,4
gemma,ValuePrism_PILOT_EVAL,c33e7ae5fd86b8e2,b5c6b002c47b,1,35.469532452461195,4
gemma,ValuePrism_PILOT_EVAL,c35cf1bd4f02dc93,f51224fb38be,-1,-20.06076704797669,4
gemma,ValuePrism_PILOT_EVAL,c36e0cb057441f19,59ab64774169,-1,-42.73740237455856,4
gemma,ValuePrism_PILOT_EVAL,c410bd0687e02c23,926dacce2e7d,1,29.23136300509317,4
gemma,ValuePrism_PILOT_EVAL,c425b8d4cdc3f0c5,f05147254c6d,-1,-38.881973914414296,4
gemma,ValuePrism_PILOT_EVAL,c4270c869e26056d,6c22db837d6a,-1,64.6849528105112,4
gemma,ValuePrism_PILOT_EVAL,c48a0dbf1e94a419,918093301aef,1,70.51193884090267,4
gemma,ValuePrism_PILOT_EVAL,c4b3be402a15155a,7318a5922efe,1,-2.047410450992933,4
gemma,ValuePrism_PILOT_EVAL,c4d3b4376708f863,1c196c3207c2,1,-42.66892340575052,4
gemma,ValuePrism_PILOT_EVAL,c4fe8eee84353551,1451e3efdff5,-1,-53.99199095435797,4
gemma,ValuePrism_PILOT_EVAL,c565d87594900e9b,f98f6f231f01,1,8.202231569438327,4
gemma,ValuePrism_PILOT_EVAL,c5921c405c2b72d3,36b44414c0a6,-1,-16.663838820706864,4
gemma,ValuePrism_PILOT_EVAL,c79a422870f0adc5,ebb994099954,-1,-50.73258151857739,4
gemma,ValuePrism_PILOT_EVAL,c81aceb410682545,5877a571834a,-1,-10.84119366265424,4
gemma,ValuePrism_PILOT_EVAL,c846cf4a636504ed,9aa417751887,1,-53.56938137157709,4
gemma,ValuePrism_PILOT_EVAL,c8f2419d67f39518,508180109679,-1,-37.02569948282474,4
gemma,ValuePrism_PILOT_EVAL,c93594b5f21ac830,c35228e609f6,-1,-49.74066669660471,4
gemma,ValuePrism_PILOT_EVAL,c94ca6133753a0ec,1c196c3207c2,-1,-41.52829952679088,4
gemma,ValuePrism_PILOT_EVAL,c9c18c6f3d98f77f,65cde817fb8f,1,54.89187322872645,4
gemma,ValuePrism_PILOT_EVAL,c9e081a555217914,5f7967356dc6,-1,-45.7856079845479,4
gemma,ValuePrism_PILOT_EVAL,ca2edc2d57821e19,508180109679,-1,-11.498315595403096,4
gemma,ValuePrism_PILOT_EVAL,cab5a27304857ba1,7232a03c0414,-1,-54.93558347840715,4
gemma,ValuePrism_PILOT_EVAL,cad16977f2b84edc,f51224fb38be,1,47.46167703126842,4
gemma,ValuePrism_PILOT_EVAL,cb75971df487ea50,c484ba14cd1a,-1,-39.2405623240917,4
gemma,ValuePrism_PILOT_EVAL,cb8f5634f142ce3d,6bb9730ff8ce,1,38.13243292719945,4
gemma,ValuePrism_PILOT_EVAL,cbffd49b1bd3b699,e0f9c65023a9,1,-8.956965688580015,4
gemma,ValuePrism_PILOT_EVAL,cd1fd32c7d5115b8,e7860ea4b963,-1,-32.11542699115208,4
gemma,ValuePrism_PILOT_EVAL,cdbe22f0c442483d,9aa417751887,1,20.7336229518194,4
gemma,ValuePrism_PILOT_EVAL,cdbebbef585e3f29,192c2928e2ae,-1,-44.049628438939024,4
gemma,ValuePrism_PILOT_EVAL,ce4a202474e54479,f51224fb38be,1,70.13368458310677,4
gemma,ValuePrism_PILOT_EVAL,cecd0f8864120d43,1a3477a1a33b,1,49.42113164016797,4
gemma,ValuePrism_PILOT_EVAL,cee89eb8ee52f6f7,5559fc6fc893,-1,-36.8655649907846,4
gemma,ValuePrism_PILOT_EVAL,cf177d613db368e1,6f496dd18524,-1,-35.210604242344615,4
gemma,ValuePrism_PILOT_EVAL,cf4b516109588d87,36b44414c0a6,-1,-57.09573224683111,4
gemma,ValuePrism_PILOT_EVAL,cf7da8dba31f92e3,13f01030b40e,1,62.06320788850614,4
gemma,ValuePrism_PILOT_EVAL,cf8db4b66cbcac3f,8727d613ce78,-1,-39.66822070423893,4
gemma,ValuePrism_PILOT_EVAL,cfe1c9c12e7fdcd4,508180109679,1,-25.71343896418236,4
gemma,ValuePrism_PILOT_EVAL,d076d9d8362fa698,52c92fe42219,-1,-56.036585759806925,4
gemma,ValuePrism_PILOT_EVAL,d0b92ad5a689a3e8,d63083f5e364,1,36.24260603843375,4
gemma,ValuePrism_PILOT_EVAL,d0d91a3f67fe2e53,b5c6b002c47b,-1,-52.374820157649225,4
gemma,ValuePrism_PILOT_EVAL,d1a48e3bfeaed7b1,45333f3c52dc,-1,-52.449447915334645,4
gemma,ValuePrism_PILOT_EVAL,d216135fb8f74159,ebb994099954,1,52.13160841534651,4
gemma,ValuePrism_PILOT_EVAL,d2b8cf8ee57bba87,52c92fe42219,1,61.771748082324606,4
gemma,ValuePrism_PILOT_EVAL,d4a66675746efba9,e6f181a4c26e,-1,-24.176766756860538,4
gemma,ValuePrism_PILOT_EVAL,d4b47b6d4526e48e,ba5f5285d226,1,73.118813246383,4
gemma,ValuePrism_PILOT_EVAL,d5a937aa707cbbba,5877a571834a,-1,-55.537490623329845,4
gemma,ValuePrism_PILOT_EVAL,d5f3c9e096ad00b4,7fc74b77564e,-1,-20.158584973792973,4
gemma,ValuePrism_PILOT_EVAL,d601d22344f6c5f6,ebb994099954,1,46.93507875618337,4
gemma,ValuePrism_PILOT_EVAL,d70da5f548995967,b277e77cc6f8,1,69.78731505075078,4
gemma,ValuePrism_PILOT_EVAL,d723818fefd0986b,44c2a3bf9b5b,-1,-41.64730947545586,4
gemma,ValuePrism_PILOT_EVAL,d73fb6926cdb25e4,0cc60aa12ea6,-1,-38.707231967525615,4
gemma,ValuePrism_PILOT_EVAL,d7a98b716d3b7b4e,62903863ec3f,-1,-56.28201958464994,4
gemma,ValuePrism_PILOT_EVAL,d851bf582b899653,a8c08cb7bde1,1,-2.348121754682758,4
gemma,ValuePrism_PILOT_EVAL,d85f3f84b662dfa3,91aad4caf206,1,-33.309533925112135,4
gemma,ValuePrism_PILOT_EVAL,d98d414744edb697,2838b362b8f3,-1,-42.038414966527256,4
gemma,ValuePrism_PILOT_EVAL,da049bf446fb8459,a7fe53a4018d,-1,-43.42260374048635,4
gemma,ValuePrism_PILOT_EVAL,da22e2d82b6b5df3,c35228e609f6,-1,-34.31806497036527,4
gemma,ValuePrism_PILOT_EVAL,da50e7d4bae64e90,52c92fe42219,-1,-46.14046580892604,4
gemma,ValuePrism_PILOT_EVAL,da60902a71e508be,2c39dbc75575,1,55.74128512268709,4
gemma,ValuePrism_PILOT_EVAL,da7939d4798b6649,8d91bb644137,-1,66.3652047598524,4
gemma,ValuePrism_PILOT_EVAL,dad207b504379574,918093301aef,1,-29.46367216601355,4
gemma,ValuePrism_PILOT_EVAL,dadadc0dc3ec3037,4191f58e9158,1,-27.161286381117694,4
gemma,ValuePrism_PILOT_EVAL,db8767efa2a68499,39c9d15be2c9,-1,-51.14824298331061,4
gemma,ValuePrism_PILOT_EVAL,dc0fc33a428cbcc9,ae86d96aa9df,-1,-30.062508862657488,4
gemma,ValuePrism_PILOT_EVAL,ddad390db9dcce5e,6db8d2ba4a71,1,27.61437548455258,4
gemma,ValuePrism_PILOT_EVAL,ddf8a1b00775309a,dc4a0e322bef,-1,63.74524726799902,4
gemma,ValuePrism_PILOT_EVAL,de57076d4ff102a7,737c2fe51f4f,-1,-36.93880039565352,4
gemma,ValuePrism_PILOT_EVAL,de7812ea3f42956d,bb1db8edcfe9,1,27.738430351679725,4
gemma,ValuePrism_PILOT_EVAL,df2e4d752fe2d315,5e0291b4a26b,1,10.043718836013348,4
gemma,ValuePrism_PILOT_EVAL,df8de7eed4b284d2,44c2a3bf9b5b,1,-32.85883536384643,4
gemma,ValuePrism_PILOT_EVAL,e05204beb6088057,df2a966a5c33,1,61.47058211192977,4
gemma,ValuePrism_PILOT_EVAL,e0daf7bd156c4bc3,a7fe53a4018d,1,26.52240931926306,4
gemma,ValuePrism_PILOT_EVAL,e1649e0bc562392a,d0db8c0419d8,-1,-41.43369944395658,4
gemma,ValuePrism_PILOT_EVAL,e1bb6b2421b0506a,f5ea35cccd52,1,70.12148353776071,4
gemma,ValuePrism_PILOT_EVAL,e208400dd346f3e6,ae86d96aa9df,1,49.83185202867529,4
gemma,ValuePrism_PILOT_EVAL,e273b3bfb804bbfa,4740beac2df9,-1,-45.68431585369696,4
gemma,ValuePrism_PILOT_EVAL,e2886d06578c944f,e0f9c65023a9,1,52.47034597678128,4
gemma,ValuePrism_PILOT_EVAL,e2ec2dd172dc6ec6,68eda3326b3c,1,70.41656853531033,4
gemma,ValuePrism_PILOT_EVAL,e2f86a6ddd252e81,3cf48760defe,-1,-44.41408594540608,4
gemma,ValuePrism_PILOT_EVAL,e3373f4567f4ca5a,a61ef25edfa9,1,59.80089398451528,4
gemma,ValuePrism_PILOT_EVAL,e386a64afef89b06,9aa417751887,-1,-44.30944637236962,4
gemma,ValuePrism_PILOT_EVAL,e4263a8ec11f48e6,3f2e4b9db3d0,1,74.68442543745755,4
gemma,ValuePrism_PILOT_EVAL,e43d61c1336b3dd7,44c2a3bf9b5b,1,-47.75089306153843,4
gemma,ValuePrism_PILOT_EVAL,e444ed539b2a6b1c,9bbc802f386b,-1,2.295906545466765,4
gemma,ValuePrism_PILOT_EVAL,e5141843128df756,d63083f5e364,-1,-38.22230000691698,4
gemma,ValuePrism_PILOT_EVAL,e56c2a60b615f991,832fedab88df,-1,-46.490188109291246,4
gemma,ValuePrism_PILOT_EVAL,e5f7154e723b2fe1,4191f58e9158,1,41.44666507396994,4
gemma,ValuePrism_PILOT_EVAL,e6902c2149e9aeb3,51e790c22d59,-1,-37.92677507683002,4
gemma,ValuePrism_PILOT_EVAL,e76f507dbef363c2,df2a966a5c33,-1,48.52586618310481,4
gemma,ValuePrism_PILOT_EVAL,e782612bdcfdcc26,b8063f0c17ff,-1,-61.6109826977847,4
gemma,ValuePrism_PILOT_EVAL,e89802ebf191f93f,8a66018e75b5,1,54.08874570663292,4
gemma,ValuePrism_PILOT_EVAL,e9035d311add547d,b339e6e88df0,-1,7.7763258457549345,4
gemma,ValuePrism_PILOT_EVAL,ea3e32ad6e3dd21c,f05147254c6d,1,-46.49621893105484,4
gemma,ValuePrism_PILOT_EVAL,ebc8b089df9c7aa5,0cc60aa12ea6,1,-4.894066337440577,4
gemma,ValuePrism_PILOT_EVAL,ebd587c6611c916f,3b9497cfd342,-1,-60.037740953669065,4
gemma,ValuePrism_PILOT_EVAL,ebdac404f1b01d2b,440bdd09b8f1,1,-39.01994859854688,4
gemma,ValuePrism_PILOT_EVAL,ecc4537e17f14c57,264c908ab889,1,66.08993912812286,4
gemma,ValuePrism_PILOT_EVAL,ecdc74195fde2e53,91aad4caf206,-1,-38.25403691359766,4
gemma,ValuePrism_PILOT_EVAL,ecf514eca924392b,45333f3c52dc,1,49.8682812254467,4
gemma,ValuePrism_PILOT_EVAL,ed4633476338a79e,663ca6e15948,-1,-44.5973767366379,4
gemma,ValuePrism_PILOT_EVAL,ed521df7e1919620,b5c6b002c47b,-1,31.97876434604575,4
gemma,ValuePrism_PILOT_EVAL,ed75293c583cd810,5559fc6fc893,-1,-57.96329496023576,4
gemma,ValuePrism_PILOT_EVAL,ee07eb1705a9f37a,a922079ba6b3,1,-31.08990280164413,4
gemma,ValuePrism_PILOT_EVAL,ef52f4c6227f8a54,6bb9730ff8ce,-1,-46.80256988819943,4
gemma,ValuePrism_PILOT_EVAL,ef7d226bc48ea18a,85be8d41d913,-1,-50.19799854121789,4
gemma,ValuePrism_PILOT_EVAL,f02456a07302d244,f98f6f231f01,-1,-30.15988709536827,4
gemma,ValuePrism_PILOT_EVAL,f0826db4e8b66b6b,5c0bf6cfe59e,1,10.333498357605077,4
gemma,ValuePrism_PILOT_EVAL,f14132645910a00a,2c39dbc75575,-1,-52.44380446376261,4
gemma,ValuePrism_PILOT_EVAL,f17a875526fe8c68,b2493d617b2f,-1,0.2114517151623518,4
gemma,ValuePrism_PILOT_EVAL,f192fc99fde6d532,2c39dbc75575,-1,-35.907884663715706,4
gemma,ValuePrism_PILOT_EVAL,f1d98e703df180b1,d51a3d0bbd87,-1,43.94407594229235,4
gemma,ValuePrism_PILOT_EVAL,f2a9fa259142b9ea,d63083f5e364,1,-6.772756716613348,4
gemma,ValuePrism_PILOT_EVAL,f2e142829128b590,136a9772e348,1,-6.29685760586545,4
gemma,ValuePrism_PILOT_EVAL,f313150985fa9bb0,f5ea35cccd52,1,-42.38317433819704,4
gemma,ValuePrism_PILOT_EVAL,f350b8ba4c527907,4191f58e9158,-1,-42.93414353127874,4
gemma,ValuePrism_PILOT_EVAL,f452d56f41d2b092,7232a03c0414,1,53.4097246520973,4
gemma,ValuePrism_PILOT_EVAL,f536e11de3b63635,353ea7e598f8,1,-16.888440859078045,4
gemma,ValuePrism_PILOT_EVAL,f5ec5b7025ba5761,4740beac2df9,-1,41.86154036178939,4
gemma,ValuePrism_PILOT_EVAL,f613866953249cd8,d5798890cc8f,-1,23.256143659805147,4
gemma,ValuePrism_PILOT_EVAL,f7b13306f8f8faa4,d5798890cc8f,1,31.825755034064755,4
gemma,ValuePrism_PILOT_EVAL,f88d4d8314780b1c,68eda3326b3c,1,55.7430656660151,4
gemma,ValuePrism_PILOT_EVAL,fab84eee27802b72,8727d613ce78,-1,-41.06889574323998,4
gemma,ValuePrism_PILOT_EVAL,fba852e55954f2c6,c571eca3306b,1,53.9799730824719,4
gemma,ValuePrism_PILOT_EVAL,fbb1174c1fff95f3,b9591cb5d863,1,-47.88264592137797,4
gemma,ValuePrism_PILOT_EVAL,fbe73a93e41f5084,4740beac2df9,1,26.068868333298912,4
gemma,ValuePrism_PILOT_EVAL,fc5e3c8662d04864,a922079ba6b3,-1,-55.46127816659431,4
gemma,ValuePrism_PILOT_EVAL,fccd1e9d0b7fe044,257896eeb5b0,-1,28.840001410706783,4
gemma,ValuePrism_PILOT_EVAL,fd605f2827d02d6b,b1668f14295a,-1,-35.653006320607346,4
gemma,ValuePrism_PILOT_EVAL,fdc14325e4cd9392,136a9772e348,-1,70.24099893220249,4
gemma,ValuePrism_PILOT_EVAL,fe1d04493c1905f1,e6f181a4c26e,1,67.43777078054391,4
gemma,ValuePrism_PILOT_EVAL,ff990d0d4742f25f,aefd878b4270,1,66.665120008374,4
