record_id,item_id,dataset,source_row,group_id,scheme,mapping,label,split,statement_sha256
03f5b66a091d5b43249b,bc3df7ba7d2bdd574a4fdf47,cities,0,Krasnodar,primary,standard,1,train,6bc01ba150e39f6d373aa7a7a8418b5c842aa31f2ae9d184a84c271c0cb3df6b
265aba7910cff461b587,f3e594929b0254efcc0f03c6,cities,1,Krasnodar,primary,standard,0,train,f7f0820e80f4b0767ea0c7756a35b9808d5ff661fe3fa4478157e973e271ae20
4626bf190771f54649cd,fe2d2dbc7a7b1c043cd41411,cities,2,Lodz,primary,reversed,1,train,c9e341fe9a708ddbfa49ab044697b25b0489632f9ed17e227416d173b39f2ae5
993b4d572812ad8425e2,8d9b3ae8ceabd7f4ae72e749,cities,3,Lodz,primary,reversed,0,train,fbd447760132538b4f53ff92e2560ce218a8dd1b47163e434d6971d9e14a7b4d
b6893f042d86b7c26835,305d1a898ca2b782ea6c1191,cities,4,Maracay,primary,reversed,1,train,52beee81860c16b8ae0a3cd85319fe64df5a1af61b917773ab705209fe2d5e82
3dcc7c007fedf235226f,f5003c4b2a60b60ff071845b,cities,5,Maracay,primary,reversed,0,train,50f337364293621bd97fbdfc5f4c44c4b9474fd4f6775064c4d8f6ef17617a03
5ad45886e64306bfc3da,c64dd6061a202ba82f9c44c6,cities,6,Baku,primary,standard,1,train,1236d8b4ad36037a78ce100aa8d9c8ada20ef7ed70b06e5adba3a8e7e54580f2
40201bbb88c5dd6e6ffc,4f49cc7513b76062b9e4ff03,cities,7,Baku,primary,reversed,0,train,122b727925eaedb03437f904c26888c1d3be6a24a97c8d3da388e88c79b1ea7c
56d70adc8e0f0e742af6,a759d7412d5dfcdde2a64c77,cities,8,Baoji,primary,standard,1,train,d5bab74abcd6d38f34a2331574fc6c05edf8a243aed50a7292e9f5b69940d3a5
896b8268d9b7a64b0080,5683d0e3ae47ab61966f271e,cities,9,Baoji,primary,reversed,0,train,86c88ec1fea3d0b121a8b1284b5c6d265241691c3d4fdf7db4b4b78617ee4795
ee401299e036d024e411,8ebc2f05e234bf1c6c4a3571,cities,10,Addis Ababa,primary,standard,1,test,879f915ded12244a362b5b05613734ea88d2ce0bd57124d74d9e1dce379c917b
c78f9a23d3ff4f93a05c,7b73d9ea9b54327e250cf8f0,cities,11,Addis Ababa,primary,reversed,0,test,7ee53d576ce459b95cb60d9dbb517d52788cf4fa2e551eb71e11985192355e67
61fae95596a81bc1cc8e,0c14ce3b0268c6b7dd3dfb0c,cities,12,Abidjan,primary,standard,1,test,162e8335643fa7797f54b0456fc839140a30c4a589586d044ddcbecc2b3c755f
738151681fbe6bedb608,e47c4726372bf227c8102fde,cities,13,Abidjan,primary,standard,0,test,622e63047bd1dd3b9700ab60064d2d1209c1d18ad89d4a17d2db5fb8b4c4f573
2ecc9ae34f32f2bd5bd3,5b799fb2dcac03dc3a11677d,cities,14,Yongzhou,primary,reversed,1,train,ae346de1bd1992055ec2723b6a5a96224a4c65632f1710f8f1775605eae90f48
cffc6715647e3f7a4611,bbb80cfd1e77db41c8130d77,cities,15,Yongzhou,primary,reversed,0,train,e77132bb968980ce6dd34cf7c11aaee58f124ce30b60810682ea2021e89e11b0
1ee338567078fc17f991,6b0b12c9e9f533f88a23cf8f,cities,16,Nanchong,primary,standard,1,train,633caee212c468044faf4406da752c910f0d018d0bb34f6e8144410534d090c7
e89e47cf65a76e4506c9,e6ae3976a6f3fddf80250204,cities,17,Nanchong,primary,standard,0,train,5e7f779681211933ec234d93a51058e7983d6783f475dd4915c7ae94b53cbd8c
a935e03ffe610da965d0,0c16886c2c0bb9e30237ded5,cities,18,Lu'an,primary,reversed,1,dev,c9d16cf4aa8053d65b81d8773f45a464b8d4e5f1e727cae38fb8eccf591939b5
f08176c0c85af74cc21a,b21e4f99622a6803750da705,cities,19,Lu'an,primary,standard,0,dev,9befd49cc803e48394e7590e4e492d12a2eafe301ffca1e83d780bd4606c7b3b
ac49aa90059f3cf27418,cab9e6b42e7f6b0a6428c271,cities,20,Jiaxing,primary,reversed,1,train,c971ea9c3f1434120675337019c4c75be9e992878d878b1f3c5b718191437ccc
9d2aa4fa9f1ac1ad5d68,0e17847c75655a90452675a6,cities,21,Jiaxing,primary,standard,0,train,d7fdbad88446f6a93bacf8b5702eebb06628e6a52f5d8aa20afc271ede6334fe
1799bef0a85305c1f0b2,c104026ab80b9af352ec880e,cities,22,Huaihua,primary,standard,1,dev,a43680ccdcf53480d6b32ea9a512ef90a89d69b98ede3e51c0c5212fcf7ebedf
c42e0b7e010eaed2cfbf,54441e79ba5a415496cdd0d7,cities,23,Huaihua,primary,reversed,0,dev,5b851b2a09ea16678a79e96ec65e32271ec1abd61098218c06518df16452c363
be4da6b46c357022e4c2,db849b1a4314801f47705571,cities,24,Anqing,primary,reversed,1,train,a46825e9b74a71bdb22fb003c05ca934003e6cc6b79437ad6b4d9fe540d7aa82
bc3d0f6f42d2e3214f43,82c8afa3cb4f4cf00614c8b1,cities,25,Anqing,primary,standard,0,train,6db7bc95f6654048f60e3bb0fbc5af4983dfab65014fddfef1c6b497245458a5
384c46c91acaf126e1b2,7d56e14a8928ea048bc21508,cities,26,Yingkou,primary,reversed,1,train,8211ab944a875878a47c7fc8116f87e46d51b0fa2379f9b8fb662533a1e29890
d186f9f236ee715b176d,580439d4ec50dbd9e13999d7,cities,27,Yingkou,primary,standard,0,train,7bed3cb327057e4ce1d090fddb9ae5f1500704f7195a7f7bc71b3016b29077c2
d97786a6467e896251f2,6ca1c2f568ad5c8b6ee50d55,cities,28,Panshan,primary,standard,1,train,0ed895735a9405cd0e7dc9dcc52737f4eed9e57e6ec418c6bde16689e7faa99e
f57673987a9adad5067c,70e0d49fcad48e1e7ad20b84,cities,29,Panshan,primary,standard,0,train,a13591d6ffdda41f9be3e7c28c78b566d2e342c1180c5b8965c0ad241a5fc152
8cfba42154df8acb9ed7,981c8282c692a1de5586d2b9,cities,30,Guatemala City,primary,standard,1,train,779ff0e44a6a8c6bd6b90b21d8a5fd6b2563db2f22776b53e23c117fb56d76bb
53bb031e8a6f2ac475e1,7bfd25668049e7a1a164a20b,cities,31,Guatemala City,primary,reversed,0,train,7fc0bb796c823b6121796d916e45f7c4501cb4835fb5f82335fea5c8c16e24c2
39e278d299eee1d973cb,26c0a9ca4a327690b86c7364,cities,32,Bauchi,primary,reversed,1,test,8dda402b5420d59e7aa8a7ba21a84f801ca30cc5cd04530e3da470bca4492d73
e09f87ef5d5a443a636e,5b38fe0e41657560b11283f6,cities,33,Bauchi,primary,standard,0,test,fdd9b8985046e9a2457d62ddab52692b0cc5a11ea8865511966bd774b025db27
2cedc1c382e6a8342835,075e62f1f77b82a466ae49a3,cities,34,Tokyo,primary,standard,1,train,f7a8b668e4110c5838934e621ad6d4b233458a748146804cff6c7321f4c56288
5af09288a4fc88ed66b4,c8ba4477f78c6e01e1d37318,cities,35,Tokyo,primary,standard,0,train,1a77a5dc3891696444d4d8dcebcd1459bdfc15d2d6e4e99e008d6f0853649412
e4bf52cb982fa2ff2f0b,e8b8fd8e52cb36b9f35be9a6,cities,36,Mombasa,primary,standard,1,train,323e686f4e8906df0fc4077011ae447dc6d03a144a58f81c63c873b2d476fa93
2dd4331d9f9d5bc2a91d,9aac29631e373b52f4fc6cca,cities,37,Mombasa,primary,standard,0,train,8651965ae2e16659b146bab9c1f67a699956b6b6a952e1cb98a3b5be3c1a01d2
7e35c9741908fe217a6f,65d15437a1389ce7f9a12a92,cities,38,Ulsan,primary,reversed,1,train,454528bc84d631abc96388ebc8550b80308302cbdb9706be29fb8d25606df9c7
4fb4eef39f4278c03c22,3092e7de67ba20f207b5dbbb,cities,39,Ulsan,primary,standard,0,train,2b411c05db6f2ea3a170aaa4d91bc359a5a49b61d45ab1940cf1de4766b521fc
c325e26507235f0a49ee,6313d4ca6f0479dcd904093e,cities,40,Warangal,primary,standard,1,train,d83a2500c04518d9a7a421798e4e08cc1235d480b5b7ac581215178cffd0eb11
1fdeae1f0f0832c13c88,14a23dbb285f326d6478bf6d,cities,41,Warangal,primary,reversed,0,train,90b153ae4ae692307b2fd419c4141b75152fee32527713ceeae90201811a62b4
646a7fdee25b0d95a981,7f8bc1d2223ee51c25953078,cities,42,Tiruchirappalli,primary,reversed,1,dev,9c8f46b68813227632c7cbd6d9ecaf85c1bbd46b73f5c0be43250b7545755c4e
e84d947a362ed93f97a4,ba2e1c4c4a8aa038631ced42,cities,43,Tiruchirappalli,primary,reversed,0,dev,507c6e70a3bd01500524f3af72ad47000af2bbdfac9136377c3fd996a8862691
54ba843210d26655b6a8,2e2fc9f2594bde30afe70c45,cities,44,Nowrangapur,primary,standard,1,train,62f8c3788322535f5a624a426f0609de19b512c00885425f435880344c992c08
e571f23173485aee4f80,98d58bf8767a236bb92d9c80,cities,45,Nowrangapur,primary,standard,0,train,06e682039f3a02654b767c4292f65b4cedc043d14cbf77ebb498c850cd4f9213
07dd8d7d692ef0168fd5,4b1958188743fe066ed49f7c,cities,46,Sambhaji Nagar,primary,reversed,1,train,3ccf751a823ca819d5d95e8f75e709f3fc4ffacffaeef3253d11e6ef6ab1aa26
e9c401b840daf96490c6,72700e981b0cce58de5711fa,cities,47,Sambhaji Nagar,primary,reversed,0,train,e8633e05611a6eeaf45773faa5f1fdee7789391566e26846868a3ca656b7d669
221039e9eba82709b947,cd8a1b568d1fb6350e55a5e3,cities,48,Ajmer,primary,reversed,1,train,fc6cf320d71974abedff4b0ad88efe205feba9289fc3cee0c582638f20de1f55
9a6eb048267eed1f6868,e0515d46d94a0f21b270e54f,cities,49,Ajmer,primary,standard,0,train,a0cc1676a9fdfe0ddcc26800aa9e6089a6f63756a1a8a8a6fdb2030128823ef9
5153bf9719fc30c61106,6951628e8b656ba92290bbd1,cities,50,Rohini,primary,reversed,1,test,6556d96c4402be50e18abac28ab7fe4e63d90fe665fdd52fecf65dc7d0787b66
7caed3e0c3fc83af22bd,179af06eeb02e85f614a0f1b,cities,51,Rohini,primary,reversed,0,test,7e5732ae0f3d0d0403b7a946c37a36626a92b4ef773f45ae0673c2195f0eaf01
4d881d74787b73e9e4bf,116279c5d429b0876ca7174b,cities,52,Serang,primary,standard,1,train,52de6910496ea0eb17e49dd9a09807a5446171d221e65e4a31276585ceb75973
f453d28560119c8eaf3e,5d2139c17be75596072c87a6,cities,53,Serang,primary,reversed,0,train,15c16c7df073945d9c1bf15fe0a16d18ffae86afbb08bac6b5e98f37f9a83c7e
84a0f52668403799aac4,aa6fbbdae4166b406cc832c0,cities,54,Niigata,primary,standard,1,train,1213baf1c29d8da1c01e592369926f45934663bcf216b74b5ede803f439bf4e5
1f679a63b7f54c3f14d3,62ba91987de6e7e847fbe444,cities,55,Niigata,primary,reversed,0,train,cf9228a246274b5ea70302699a0a23d1a2c0b80375d9ba75f9624886f7f08f84
959fa8eac0fe59eebbde,dc628a6d277cd7456fc94508,cities,56,Marrakesh,primary,reversed,1,train,10c57619975a4916c6b75db1e18c632d0537d38f8f336dfb8a207d0fed4db55b
d4cb9b6ae2d63fa39b8b,c23f0b638c0917133921d00d,cities,57,Marrakesh,primary,reversed,0,train,900d761a5d8ca2302399e0fe0c944f1cd788b409e825d73dda870a3919863c5a
7b1838111a9b74750f08,1fbf3c72d982bdcfb760b061,cities,58,Makati City,primary,standard,1,dev,9af7724156313565fac6142c582e8e4393f9c68ca37b00fca61d2c1ab35250b2
29cfc7505d88ab95c719,746b37d1f3686687fbd68702,cities,59,Makati City,primary,reversed,0,dev,26bf46c33d0a24ebb1ed98f38324892867040520c0f4da5938cb1da4ea29d65c
c1476002c5cf01877310,1316bc305c1bbbeb5b888bc8,cities,60,Tirunelveli,primary,standard,1,train,36499f7825a6b8f34fe266f6c59c0d1a53615f921f2681432b193add1450a980
a7641aa07a0ec70516ba,d8ae87201c9b6115cac14975,cities,61,Tirunelveli,primary,standard,0,train,2be2049c7b71e5b4f020d71cbbd99e6310bb312e02e4e56383b421c1e7f32006
a3e8d744581a357c921d,a1ed7c531857281ad0071185,cities,62,Thane,primary,reversed,1,train,385c5c5600a3c12b3726a8d2deeefbe21eccc6130c94adc68e8cafc8166b6166
d378ae3f9ca0581f4769,491f18c0c37e24eed18083fd,cities,63,Thane,primary,standard,0,train,5bdaa551cbcd2c77b961f120489b78a6f0f3427a05385d60034f8c4d0bd31d9a
b2e02c7c63721a3ede59,5d7943f134f23dd66b3b43f9,cities,64,Solapur,primary,standard,1,dev,b0388c4e10c26fb8d310765f9afef9b23427f95378ad662f619d229cdf2651d5
a84c65261399dd3a6d60,4ac35ee486104194110cab7f,cities,65,Solapur,primary,reversed,0,dev,5d7409dcde7a7299f9f1b0aa01e31d5778e468747471ae04f093ff87fbec0a86
bcaf949bdd3c1dbed728,a205714ba70c1de19b7fedf9,cities,66,Najafgarh,primary,reversed,1,test,2e3cbc7741e2cb41dd924868b56ad4e094e63e4d3a38fe81196a911b340e4043
6e3d41200679cdb32b82,c682d074fbc99035a55e41c5,cities,67,Najafgarh,primary,reversed,0,test,bb1022fd45c96ef887b475f26ae8a2bb9a75fbf8b0ad74e6168d1aa2d4a46409
a79c9453159a3079b4f4,be2ec9e9ba0e828601e183d8,cities,68,Borivli,primary,reversed,1,dev,0038e8b446c8827cb0beb55ff3f68755d5e8e0ba0d459ef69bea1552c4205297
16dd6ad4e6a9ec633195,c5b670d6f5ed681a428f82dd,cities,69,Borivli,primary,reversed,0,dev,2abf8be30c9a73410ab636c7e5a389f6288cf2d13d3425b2c592c8f92ca03e26
d45f37adab96bd29e1a5,743c31f949747e29835ce1f9,cities,70,Zhabei,primary,reversed,1,dev,05b5ad3be6765b1e96063aa7a2b4c9ea0be444cabf1f288213f02a79c83f7cf4
89c1b5df1a829a2aa09b,caf2f9d11b4e9590ccb3d14a,cities,71,Zhabei,primary,standard,0,dev,f037e97854400c4a287e4ddcaa380b63f7a2a8cbca3be9ae75f1bfb1b1d6a41d
0ad62ba0561be99795d1,cf4918e67a746d66e377067e,cities,72,Liaocheng,primary,standard,1,train,0d4e1f5f57afd52b5af1eabb43a32d30e349037e092179027062b0b9fae8dd8f
12f26ab92573bedc0b69,d6da43cb6be4e3e20c957d98,cities,73,Liaocheng,primary,standard,0,train,4b4347b2263b8c424e9f30f2a1cba98bc7a1d3fe832c228fb2bd8860a17247aa
5a9e7b8530d7f5dd4f5d,429aa48e1078211e656fe16c,cities,74,Jiaozhou,primary,reversed,1,train,b5344fb1f6e5f81a955eb00b15f0775183f779ebfe3865d47521a36514c08003
c1c21ea6a4c8aa6520eb,e762f732fba63df8d4cc7b54,cities,75,Jiaozhou,primary,standard,0,train,1244f0e285cfdaa27611aa62fc5c3ec7dd6aa05c2e4c1403153c7376190c0a01
440274d7fc0ad9266b7c,c95da0ebe993402f745c56dc,cities,76,Guilin,primary,reversed,1,train,a935b17c7d2514a4e4ecf2707992b7f946c792d2b478e2378271bea2937ace6c
c6b560ba4fab3a5074c4,37c7497014e6bcf71eb1befc,cities,77,Guilin,primary,standard,0,train,26c3c2296f84b7f3efa9381f933cf7d83893e08b0f2caeed7afae35df40b31d6
f503d2714a1e071246f5,93f400f9efd47aa2876cdb85,cities,78,Chaozhou,primary,standard,1,train,8822fe02b8df0b1bb51b5c6e1353e72edfea1fbe745d92f0ffecce75743fdd85
a52272258c91c4d0e320,3c7d0481d3adde261ccb7b43,cities,79,Chaozhou,primary,reversed,0,train,dafbc8686f78b4c2f257c2edf1e39c526585db5e3c0afe2a0a1943e19af1d51f
393dc0d3fa78aa3a85e4,d0db1e691a1a7aaf71c1f711,cities,80,Panzhihua,primary,reversed,1,train,5ba07060bbf74d5bbaddcd9421a4cc8582251b36aefbb7e474ff1532f30c61f9
31816ec85615ffb781ce,8990836e1e18568520c80c3e,cities,81,Panzhihua,primary,standard,0,train,31ff40a785c3e956d75d372f572a8995e37095690bd8405237410c88e7b130fb
4a7ac8cb1f12c8b98359,73e10a6816cb167ac57993b2,cities,82,Bucaramanga,primary,standard,1,train,4c5573eabeceb610ac3b49141546ba7067db00fe2ef5cc17666d01cb3ea6b55d
9b2721136f6fd8ae1b85,61b3281762b67239c2e3237a,cities,83,Bucaramanga,primary,standard,0,train,6f67b199fcf25c92ecea408ad5caea91d7c13aaa2b9754c6ef8f932ab0cc2981
3d808b26cad0a698cd19,09ac9c812d6f4f6186586545,cities,84,Niamey,primary,reversed,1,train,5fc4a6aee8f751408d417a3105cc4be299332e0de617b671697799982f8a6c8a
18e4f326dc939fa85fe1,95162d7853b7353fc194691c,cities,85,Niamey,primary,standard,0,train,cec913df6dad1b690b0092703665eaaf71dfbf58b66a8d9cdc64418effdf29fe
c8dee4dcee2ac5d91b01,594351a4dcdd92ae8e6c1aa0,cities,86,Sokoto,primary,standard,1,train,eb216d2ae9da32368400f40aac63f5f3c32449c3a46ac8e9dbbb87fb1ac67540
f83992037fa70e38f735,74c9154b6681e877226d0b9e,cities,87,Sokoto,primary,standard,0,train,e2489915d16281a1fadedf677f0b109439b6e27419ce566f4e9bc3820e333793
c9f404e8263e07922a5e,a62113a313bb409634289842,cities,88,Abuja,primary,reversed,1,train,8f6fe067b9fc583167323c8178b8501d383dda308080a94573d8ad613192b8c3
c1b51a56271f53d88bbc,167b51618ddd9b85a60f2132,cities,89,Abuja,primary,reversed,0,train,cbe6278e1a68a1d72d0c27abf5f579c67d6101135cc77777e8543b80a9bcf2be
e16869c75d7a8dde1c1b,90bbb9ef89e805afebe38d8b,cities,90,South Tangerang,primary,reversed,1,dev,7072f5f52a61e263a81bcbc3544f4adfe41e7aac6fc75848e226650698a2a6a8
4db2ccb2d4210476dda5,dfec94b0fa45fa7eeebd4d11,cities,91,South Tangerang,primary,standard,0,dev,4621b96881806a64991d5192655f804554cba71a28adcda293a2f82faa06cb08
c003486e362137bb80af,782d2e6d91bee5ba5ac4c2b9,cities,92,Odesa,primary,standard,1,test,5c918e66657aca05aa23b0f3db6e674d070580a40d6fa185f0356f26e15a9d18
f6f0b3303ef957a48380,7024c10a051af8f14b8542d3,cities,93,Odesa,primary,reversed,0,test,f57734de5d578de1f8b7908c9dcd2575ee55c8e8bd152578bbc29163d4f326d2
63077fb86bb422334dd1,763495b2902936781364f4ee,cities,94,Fort Worth,primary,reversed,1,dev,a60a6393d324337c8ca3691cf11e96b2b2140d928f0d431fb4529fc73fdf1f45
b1549ce6ea3b34b6deeb,3b3742d52957cd4f558b6c7e,cities,95,Fort Worth,primary,reversed,0,dev,ae9fdafd8b78968865aedab535bd356787836c2df954f41a5649542dac388750
98bcf3ee2e98c496f580,3c2231226c52635be691d8d9,cities,96,Boumerdes,primary,reversed,1,train,f76bd58a7032578d55477413c6c52789ceeca26c66a9c47dbf3a62f6c0362e28
575b4926a4a365b69bd1,04d26a7f8e4fbdcb3f24b3b4,cities,97,Boumerdes,primary,reversed,0,train,1c7c771afb1c5d888112442d8f61182235cd178d6c3cffb0d29d0b8381fb885e
339b5391cd138369477e,308d82761e4cfd1e259bbae8,cities,98,Asmara,primary,reversed,1,dev,e4579e1389afe41f3a0047fc766dc3c80b5c9c0a2ecbd207a9da387e7ab07304
efae512f862efce6eb93,a856a19ab92948b5986d064b,cities,99,Asmara,primary,standard,0,dev,dc28ae513b77795106b52a99f80c540c588849b0e13e59660adb2bb840252a87
4a773d021dc3b270e5bb,a6a6a69b2a876ad5e7041d02,cities,100,Santiago de Queretaro,primary,standard,1,train,3dd643f42d4846a500aaf1774ccf3bc9f5412fa854c1f7e3b31cfeb848b3f45d
8bf8e24b1eceecec18ff,5e2745960c2600f80404ecbd,cities,101,Santiago de Queretaro,primary,standard,0,train,490fadfac1d3e52d6a9b115d4fe1c676d73047ba5b178d90fdc4f1a03bfbe110
547137e260908163da88,116a6dba73abc9b74253ad26,cities,102,Perm,primary,standard,1,train,d3059868e6699e708f4692ef6208c224c9dcdeed036b77ee9c5beb1f01124e70
4d4b158b6f4266c5c66b,b14140fa5da4301e6aea419c,cities,103,Perm,primary,standard,0,train,7b53e53a40216f5a81cc859e7db2980b2fa8a5e8e17538cc6958cd31c2daea3b
f824fed30a03f9044ecd,18bcf9b0747b3ad3988540f1,cities,104,Jeddah,primary,standard,1,train,ff069e3d0c45ac0d5bbfd58e98f0b0de6ab8705a0c7fbd7b51df8f3acd7f02bd
3d0b523fe9a818792627,e47236d5ee39699eff007b6b,cities,105,Jeddah,primary,standard,0,train,ac77f8ae3a349be42e5f793cbb5c213f0b80c8846b65df508ddda6f1463f7dc6
860adf9a16f84c9fe549,7b0f443c26d83ea5078f25bc,cities,106,Konya,primary,reversed,1,train,df0e2e94b10aba8ecd2a5c28d863d356ef758e3275c2547beb66522da568dc06
7f4802d724ebad0118f1,6eb1813883538ac79f7b805d,cities,107,Konya,primary,standard,0,train,1a200312c526d2825b02b6c545b82c5427e0f783cfda2ef83a4f0ef7da057aee
9d764c12ff9d585ed75b,700fb056ea5e8b1a37dc5428,cities,108,Macapa,primary,standard,1,train,ac91e4e7d5c6ddad344cc5f753ae489777eeac6dcb2aa7430a9a8a77968fe374
64944965bf2f90513b57,4c29f492e7c6ac0f376d1fd0,cities,109,Macapa,primary,standard,0,train,52c55f43ce7f5b6b62dc24fbf97124af20ff70133d5609452cd4f92108fc9d74
2c256fc6c2143b17431b,0a43337f6475fa8f55ac99db,cities,110,Belo Horizonte,primary,standard,1,train,e88e12fa28a70a2d1168f73290897f1ba51ecbdbc067f2170558fe20c3061a3a
d85a8ab05459cea91fda,51be22c3f1d81df1fe3c5d88,cities,111,Belo Horizonte,primary,reversed,0,train,e99339fa78b20077b525791e5b9488cd7257b9cddf8732be038afc6a4d60dd2e
ad875065d5b09a99181c,6a0d483dfc35eab1de8dabcd,cities,112,Poznan,primary,standard,1,train,c43b89757246a276d0d281d7dd0c248194d434f7f40c0c40a97708b758ceff63
6f59b2a016ba4f1464df,b28b21e53a1c397c33b594a2,cities,113,Poznan,primary,reversed,0,train,bf5a6610b9d2e24f6c1e2ee410faf64e61865dcc7efaaf1bf88f7d5e3804ddd9
3d896f61f2fb8e72d878,7c72dcd9763681adc5f8d3e3,cities,114,Linyi,primary,reversed,1,train,3f35fd88810f7294709585f9f05b7fc3fa349f151c2423660cf6caf316150aca
59c8a3fb0cc1fc67a015,2ef7a97f85a7d8481fcd5ce7,cities,115,Linyi,primary,reversed,0,train,bbd2fdfc58dc4b161a0bae94aa86b68ce50e394e7080b53419b9c97c0ee698e1
94c3f4d72b62229c5d24,c6f137970eb19df963b4873a,cities,116,Hohhot,primary,standard,1,dev,9d358c35744c52ddbf5ad3bf7aef4664cc068e806581a4dec4b2090f53ab665f
c55b07f7d8adbe7f1406,59e50023f3af014143297d41,cities,117,Hohhot,primary,reversed,0,dev,068cc0a755b1649a884a66b7735ad8c26b16d32d0a44db6a0e67d95e1e17deca
35a9c2a1f3f0d5ef7f7e,d06948be4d400f422f0c671a,cities,118,Malacca,primary,reversed,1,dev,73ae8065546da74d7a6a69f2127d0eb324372341a8d357612d16a89a9fb06107
cd1b17368cf10cba594c,bf1bb42aea7e56f787b71343,cities,119,Malacca,primary,standard,0,dev,134d029047ee667a4d872a64bd2911b366fa24911cc647cbebb4efea110cc9c7
91cf31bc19b7a074baa8,7ab68b1c8512fd7c1792eb27,cities,120,Busan,primary,reversed,1,train,3bd182b81d045bbacd0da718a782eee829c49ad7e38dccd5ac284cb32f609ae7
60a7a919e0d9286ccb2a,804dae8961186b0fc2a2c118,cities,121,Busan,primary,reversed,0,train,dc521b2a04697c3396b6ad4f8e77a4368df550704751bf68b60f0c4436d1659c
11d1cbc5b7f635f52dd2,e3cfe04409ef4b6407999795,cities,122,Seongnam-si,primary,standard,1,test,43be4c69a8981d1bbd9c0ef9da2dd4caa0cb1ed486d31581f685cea61400ae8e
a0fb6d6a43d6a6e57032,7e0d0c2303661886b9307cde,cities,123,Seongnam-si,primary,standard,0,test,12542721ebf04157f9fd61c9b144139b65aa052d7beb960dbccf6d7a5bb01ca0
a75748e891358f6c65a3,4b2d19f1d820ec41655f4987,cities,124,Matsuyama,primary,reversed,1,dev,3e0e4a03d0d0960fe09be8e3c13ed4c78c87567f3ef6cbea067ab0288ea8e5f4
35123c1b63f6abb5b127,c82d458aa7b4e983b1af1486,cities,125,Matsuyama,primary,standard,0,dev,984812dfb121c8980e64870259e035da72259b1352a6508c7d937c0f73d836b0
049b2094f5248859a9fc,a9f68ad68cfcada3a1976df5,cities,126,Suwon,primary,reversed,1,train,1854b1083019c428c840b7402cead92e1015e873bcdd746930c042f087ed60d1
963122e898da57dc6c05,f8839bb8d7d28b0bb2569fb6,cities,127,Suwon,primary,standard,0,train,59da1ca272c70cf0c3ed1d533dcb18a205b9ef006538ce74a7fd3aa530fda07b
14dbd27026f4cd7f8e46,f16dd1c27d8000adfd081a9c,cities,128,Incheon,primary,reversed,1,train,853c61f863ef5b82c509ccb5995ff14934a742587bdbfbc725f5e5346a2a59fe
46a0fc01ac8699bb74ae,ddc7210e6d78995b58f10461,cities,129,Incheon,primary,standard,0,train,0d2a3784263b401edb02c04a78278e9d0888db816c46e83c13c3d1d4d368907c
49278762df380b98a71e,c5aeec4b88428058d260208d,cities,130,Hwaseong-si,primary,reversed,1,train,d826cbd2e4fdaffc7769f654efa19155fdda0c49f7930dbb5249d7137ce04643
d356865f2771bd722964,6a4eb051322ae9efdb4e688b,cities,131,Hwaseong-si,primary,reversed,0,train,2a44c2a69f877fcfd9f20a865f4ea74757ab01aef2cea6356bad143de6d7fa42
e749884ec26b1836e3c5,dc8929b184924fd2011b9cfc,cities,132,Changwon,primary,standard,1,dev,5a9315163e95075547a33e072d84d7c68cc2cf3618bea376eea31a54c0983ecf
235c3e9a9ad9bd6cbaed,916ced49f09f5c08bb400576,cities,133,Changwon,primary,reversed,0,dev,335ca87189b8c4946a98465f2a4c9fdf26b058a34011cfebd7544d6c5bfc33d8
78b0396f7d8dd09338bf,1e7fe98a16a2fc9c6f40369e,cities,134,Bamako,primary,reversed,1,dev,21e16aa7dd4a4765f84e9399387d2808afb8711a3910ee64955d4b78a30008c2
66f7aa5aea4d250b706d,82e89ef6e1e18e22d0f79226,cities,135,Bamako,primary,reversed,0,dev,fee4c85c070fd411b05657b1c1cd93e323a8ff94e2d98c81eb81615c868ee774
e77efdae5372b7a88507,98bdb42b25e07be77e724238,cities,136,Acapulco de Juarez,primary,standard,1,train,ab68e722c38dbb3a474b1d492a9e4f2fd3eab9833f58a6dca7286f4156650f12
ee9b49aead74cf491fc5,5f72f696598cc1f9841e95f1,cities,137,Acapulco de Juarez,primary,reversed,0,train,3c2f7e7ee9f26aafe8ac0372a0f26799bfd26e4f76960e9d612bd582980ed735
5806e12c6f74d5771e3d,29189cb10631b8126a4e5bee,cities,138,Mosul,primary,reversed,1,dev,f299f2dd622bc850eb39c974a32179180223d1ecd654cc277dbbce9e8fcd954b
aad486f390638933b486,baaea1860234cbba3e075510,cities,139,Mosul,primary,standard,0,dev,7ae2e6949aa32761ace195176fe2e096cda32b4852856f899cff9520003ef770
94f438a82e1bc32a1955,29e7226eef043a85153aad28,cities,140,Basrah,primary,reversed,1,train,e84595ec520d585aba0827af0b5172e7f8cf8268e61e7ce8d2cf383080623798
9b2c092d0f2c1970999a,4c9468132fac275e03ee1cc9,cities,141,Basrah,primary,reversed,0,train,17217696220b971050ce1914b60790789dcac1acf16ff8faa729bdde0d5d5ccd
cd44b2a47801299d73fd,4fe4d097002c7c50d825f6b8,cities,142,Qom,primary,standard,1,dev,2b72083eebe27352ab1f88a467909fcd625abd69a7fb20d6ae1a555820e35b61
63f01dd9b5506afa6cc9,31bb1ccf5aa9a3dfedcfc008,cities,143,Qom,primary,standard,0,dev,9efdb6c4ef702c2b861354b0fcb745f4263c8f08ebadee61d773684ea1d641f8
25e3cf0f221f0b25c94c,24a30da23d2684236f2e7515,cities,144,Torreon,primary,reversed,1,test,aafb850496c566c8c7118eae8694db724ee32f0f0fb0092a75bbb62538ac9f75
a0d88c1d65f4e1ac4b5a,2d5a2edceb7f930d89789d2e,cities,145,Torreon,primary,standard,0,test,b7d4a85f2c7849593d330b59308c37d02bcc37ac72fecaf3437755b0dcb2fd3e
78db254f232fc443e0a4,d805b6d6fd6662b431988c1a,cities,146,Beira,primary,reversed,1,train,3c198354edbd228ed858adde31230c32e4a50dad4379161931aad14ebf29c2ae
9646106db694a5d1684a,c19679451efcd93b1205d078,cities,147,Beira,primary,reversed,0,train,9d4c98da37abf5851f9701ed66072b12f6029b2f31aa4ed1370ed9fa73b56a50
6f4d0a39807925029a67,73010e423c6b95891c0e7358,cities,148,Naucalpan de Juarez,primary,standard,1,test,d3267689cd0c232278ecd1e360cdd11f6fe919da55f93f0bee3f95a4f77ff4e9
27865a745cdc784d2ead,fe90a91cd307acc2d2530115,cities,149,Naucalpan de Juarez,primary,reversed,0,test,632d37767c21e5ba9f43f6a81666a110e4d6c7b9c2c66869ed5718c9659023d5
2102536302b019065022,001a9fa4b16b2da78ff9a283,cities,150,Dehra Dun,primary,standard,1,train,76ced697742196f21aadf3a9eee0b5c32ef364225cffc4c835554f5906192b12
36ac18796bee8e3759e8,a88d7815479c02d0400b1d0b,cities,151,Dehra Dun,primary,standard,0,train,764000f57906a0758f60de75e9fe5a17a5b1f5ac9d53054b7402615bfe94da2c
4bcda826529948c515d8,959d6b0c063e597586b115c3,cities,152,Bhubaneswar,primary,standard,1,train,f0a5b8c8fdf311a20fcc4ae5b94321bcd65417ca147103d6dcf2bc96aaa86a4d
00c61b71d4e67bb1e788,f5b1aa69b85905ef8f7280df,cities,153,Bhubaneswar,primary,reversed,0,train,93d02e55c3eaf01797d22302eaccf8fadb5e46f1c5cc0957a562a411c19a696b
e7a8f7642133e8442478,bf912145c4e3fb77a3badb02,cities,154,Ahvaz,primary,reversed,1,train,a813d1a2a96ac25a53e6a6a1d95c06884ceffd4494b9b6d1d3d0c316c59611ed
4f9897da0282cb4eb39c,a8a05ca53ce7e0d3c3daa2ea,cities,155,Ahvaz,primary,reversed,0,train,0df0d97231b3498e03083ffce5da15d63d0de9132b2177756c7e635eb529cb10
7b30f99fcabf450d37c5,bc0550f090bcc64a1dba5ba0,cities,156,Kumasi,primary,reversed,1,train,1e4b8755fd1b6abcce8f83e3b11873ae3c505056a749afc1aea967e681f1befc
9f7ebb7c2200427dacf1,8905fd0557631c7c7e3fccda,cities,157,Kumasi,primary,reversed,0,train,fafb190628dcd65d403c6afece3ac45b7f108547993d2718b17c9a0ecafc07af
913ffe3a41198eaff233,c04e6276538378e9a397b44a,cities,158,Palembang,primary,reversed,1,dev,0edb797224bbbb933becaafefba336eab6d6e17af1a500cc9f68d64f7040a3cd
ac2decd2a98567977090,6458a06f13e95ef4eb6e5cef,cities,159,Palembang,primary,reversed,0,dev,5f7817ef8092adc31afdc570c32957558030b5ac7b7c6875410cc5d64bc23230
ece52f2b02f9d0cfd3c9,c3192ed157e4468c95f2bb63,cities,160,Novokuznetsk,primary,reversed,1,test,4c0f862d31f9b4cbffb87c33258f692c051da09eaa8e162a49b1f26aa06eb859
804dd4229345e2ab8ccb,88108a30e2d23fa5e01f23d3,cities,161,Novokuznetsk,primary,reversed,0,test,c5aa6b2457cffc6576261bc93ed3149b74c8439f409f4cdc030c56077298a62d
0a62c4fad81289907f5f,344793549e9c6ed807425963,cities,162,Izmir,primary,reversed,1,train,c90c766e056fc9500c26dce6677a4589be9232c05a115fdfd0c5a5f626fbe976
0f0bc6e00a4c16c1ce80,6ee412cf963d2ff5625e6131,cities,163,Izmir,primary,reversed,0,train,4dbb736b0b9400135944ba36d8081319714ee3391739007bac09917c674097c5
7503cf00155be6ee6633,aedb2c11948baf828a4ee8be,cities,164,Lahore,primary,standard,1,dev,c62fba8057e57d5fcc82086add53ae36d7bae90e4886e823f4744c089a47e503
dccac1e9cb70255efe97,a59cf79eec0c5b50ead9538e,cities,165,Lahore,primary,reversed,0,dev,8fec6c974704b93393a07ebd72536bd705221e8728596321b9f66cc7d85ca03f
9b4b5b6fe4da3774deec,3f96268a7896a54330e5f659,cities,166,Zhenjiang,primary,reversed,1,train,ae93aacfcd767f082714f26cef3f7c73d2e4d71798975d028a5bfbc6bc420eab
d2453b6d918d3dabdaba,3dec288d9c85f342616a1f6d,cities,167,Zhenjiang,primary,standard,0,train,ed0a76aa651b421dca46660c732bfe411cc9cfadd2684eb08e25a2ad4861cd6c
2e0214e4774be1495e0e,a313910c9261ab8a84286576,cities,168,Zhaotong,primary,reversed,1,test,065e70081da712480fddb0039193de2d454352dde66261341622a7a5bcaa7d93
eb95d7f320b50881b96b,2adb5c864a8b6bcf5b89279e,cities,169,Zhaotong,primary,standard,0,test,7e43c9651bed343bcb5760585bf1f788c5bf55dbcd22db22bffdf0ec87668ae0
27e12fe640e4dba3e8c6,d3e1127c5907a653586f26e8,cities,170,Weifang,primary,standard,1,dev,6e1cfb3f6ca57b5087bee5104e9e301798005585d15feff2530a813b5e1b2530
dfb49b46340e39ab0271,9d6c86a64b4fa2da90c7437a,cities,171,Weifang,primary,standard,0,dev,b9a935ad6efa82801ff52a882509b771673e44422b2b52c5f3f062d986c3db70
17b782ecf1bd2d501139,0837d44f00cf38a7c5d950e5,cities,172,Tianjin,primary,standard,1,train,b3eef07d5c12a824ee301a5d62f59ad0f271653833f0f361c5c07a5cbf2aa8b0
66b139514877b7a07ba9,22c96bb24366a4e2f22d743f,cities,173,Tianjin,primary,reversed,0,train,8d6527dc26c7e688b7eafebc78d86d7303934cdb1e4ed8fa85f720bd55b464ba
b44e1a76067b4a2ca422,1f4c02bccac638b0913e0d05,cities,174,Shaoxing,primary,reversed,1,train,ab4e3be630f5f65a44e866a03bd249b3a41a86992edde4003af62a9a5bc93225
c030be33851ded270734,224c02e9e350830895f781ea,cities,175,Shaoxing,primary,standard,0,train,433b787b5248889c1ee11b1532346ad9888b8f712a33308ae7a5e3f9e0f6c59b
68129629b9265e7fda7b,cbff33c8b82842417d775084,cities,176,Hangzhou,primary,reversed,1,train,db0a2b72e96104be46d9fccf437593b0c652aa15998907b38af65b420a51e82f
5704beb7dacb6dda4058,08911a7057e0fb5d1cf84244,cities,177,Hangzhou,primary,reversed,0,train,b102ad143c576c8543b395760f165ff94ff288835845cf2e567f63a2ec3d4acd
68258c9b9294fcca3a87,b056e2c1e73f930ec9b8e6a5,cities,178,Mudanjiang,primary,reversed,1,test,d515140c66cf91632a6015417276a185c44308e42c6e0beecfc1878733a92224
989682b43f5b36fe85f4,062252b5382c31feb5baf713,cities,179,Mudanjiang,primary,reversed,0,test,80b77473c530559fe9b397b372be2b05b30308cd954112ba53822eebbf1f3346
cb1f4a4c17bb4ae4fd97,e90659277e0a7de5a497f324,cities,180,Anshan,primary,reversed,1,train,ee275fde1c2d772abb9caae366402813739f23f4f33f81effaa8fc9024e6a692
e56461f177d4a1c5a270,580c5d8eb0685a8905637e33,cities,181,Anshan,primary,reversed,0,train,b382205fc8153ea4c46ab27ecdb33d92580ed456cbb1163cf04f25c716833785
a2526d13984a257f37b4,fb4307fe0129c2ce5f923739,cities,182,Porto Velho,primary,standard,1,test,d9b59cbb7f7236d12f294bb9ac38bdadde25e494fdf9bc643f7765b7be7d7e13
3fadf7bb0f8748d7808a,58127cd3a6126ecada20bb46,cities,183,Porto Velho,primary,standard,0,test,80ba7bd028dfb51f961acb4c6af69383cbeb439c7f10bbee2acb0a445fea93d3
a698810942a74a1f33e5,9be5ef17cb0c9f5425831e4f,cities,184,N'Djamena,primary,reversed,1,train,8cf3de94600854270228fe453b9ecbc8f9c2a305a52a4aaefa730d19beb65457
89db5fd9ba0fcca1b45d,944d46404e8bacb934667062,cities,185,N'Djamena,primary,standard,0,train,e1aa6c1cd98272ffd4f1a572e29d998d289ebb26a2499a95d0a9113731c6eaa8
1a6a439acfda92c3de12,913e1b18490f58d378255336,cities,186,Kayseri,primary,reversed,1,test,263472a782e97710f3241f01f101813f47e829a2fffa585074a33f720fdf509f
146c6b462ada9a4b91e0,618ac0b753afaae69d231827,cities,187,Kayseri,primary,standard,0,test,2921fea742316edafc468e0f92f1d745147ee1ab06b3143fd9aaa1959d3a8e8e
37458cc7753dc1f05517,aa556a7b05d342f21cf8e2c3,cities,188,Marseille,primary,reversed,1,dev,6b0a6b5ce59a1959d1e5ad183d9598cfaac216ea299eb86d1efbcf843668bc24
0a954d64a8492df80258,b6444713b6368a1d7e6e17fe,cities,189,Marseille,primary,reversed,0,dev,bddfcc18bf5e96ad842abbe80e05a3aedd17fa95dc23413184a534c394fcddb2
224b3677b1d182a6dfb9,1cda31c026a950f8865f8bd5,cities,190,Lyon,primary,standard,1,train,ade01d966d9dd41420075ce0cf764b0b521ef9e4ac7ca96c0b55f42f4cb1b2f1
2db35b19b0eba6fc0383,4270d1a13323cafc22a06be6,cities,191,Lyon,primary,reversed,0,train,1196ed0352f2e715f465e250dee08ee66797ab88a47f76b2dd27169b63d0d311
22bae011cfef9b44737d,83002a9c320a7500847a4f3f,cities,192,Suez,primary,standard,1,train,84584dad263c8df93ed9ec0fd88025c5554af95a93f626a330eb3ad04231bd26
630eaf0b7be8c99f01ac,f94d4d1af60945f430de856c,cities,193,Suez,primary,reversed,0,train,781d37cab2e10b9aee540c23fb8ff628b27e47b89eefaf89ee6ac7a573cd1085
e3652c3c0ebce8574903,99dde5218af3754ed39404a1,cities,194,Giza,primary,standard,1,dev,2116eaac96c73d59f9cbae0b41dcf0e68597f77242f1e81a8a9e898ee9784daf
5cb69706c7b6c5f6396c,a8a352e45675fa729c63d2c4,cities,195,Giza,primary,reversed,0,dev,b4a70f4aeb3f0349344f94022e7e83dd166197f404472942f1f49f97c537c529
409985cd1a4e89de9a46,94d479a94aa8c33459b7ddbe,cities,196,Naberezhnyye Chelny,primary,standard,1,test,bc9c646839a1f18880fac0405362aff20e3303c30717ee296121daf46f5c7823
bfe06ef84f58e7341a26,9dd18f30d10a1c2bc823a2f3,cities,197,Naberezhnyye Chelny,primary,reversed,0,test,4d35fc970f1dc7d14103363fd3962335ba5a20eb2d647b749b9510fa03857391
63e0c2cb3f8acf1ab2ef,236ffc54857a72ef37f7e91c,cities,198,Mukalla,primary,standard,1,train,91f5805aff419c58958b0b7d42a8fe1d8a32d480f25d62e790b01e755cfc636d
8ee4172b7dea24a7410e,421572b69495391ce13e34f8,cities,199,Mukalla,primary,reversed,0,train,b2171ac82d87c7bdd83da580a5a5375e89fd24bec03c146a105e9ef7d1eff976
c767019fa5a1d0524b05,89775516c13d87920ac9f703,cities,200,Harare,primary,standard,1,train,6c5a17b552ce482cb5340f6bf38884425054e4d2acc8c165b3a7884446de95c8
29c00a553e1e933d1ffa,d152a2dd78cc99f37a923d2f,cities,201,Harare,primary,standard,0,train,8c55cb83737f2fc9073ba0ea0704b864a2c7fdb6fc5871196822a54e383f18b6
26740a6471466d0d791e,4878ef6eaaacdd061b38b907,cities,202,Sevastopol,primary,reversed,1,train,33073acf8af20ae592c00f5e54c728530fe09a7dc9c6a3249b8f5ab2c3ca755e
bec4fbb5134a32ee2ea3,e4285f10aa3b09c5247bb620,cities,203,Sevastopol,primary,standard,0,train,d6def198279911cae86f78e2a33b55e7ab787bfde946d77c09151cead93db94f
7c3c3159fe70ab9745a6,df32acc681ebe7afc88935ea,cities,204,Lipetsk,primary,reversed,1,train,8ce3be7ff96133994ae1b3c17bd044f3a74eeabfdede423f7d4509eb9c45f5a9
9ceae65186a7f3563548,958dc6b964bade04eed541b5,cities,205,Lipetsk,primary,standard,0,train,1e7a3866da765e125d339d12f833dc12aa6036e602054e7db2c6247e5f1f8683
5e114c446685b2e81c0d,5f2972168afa87601d7c8a3b,cities,206,Istanbul,primary,reversed,1,dev,2fb64bb8f52138482672477714e68f50b7c9101c0f4604a191214c85431076b2
7d1af6ef0c43258fe0c8,4b84223643d949bbeb2bf0c6,cities,207,Istanbul,primary,reversed,0,dev,457b814ad2c5056139613bcf94e9735904d942a1121f023611d4f9c845a8213b
7320d5e686f425d4f5af,4225c5dfbad1169c6e0672e2,cities,208,Callao,primary,reversed,1,dev,976098f6099e648f8a89ec0351f7fe9b6ea2f3f57f2472e5ddc1f5b84b8c1c66
92424b06d94bfd457321,908034155976341245799da0,cities,209,Callao,primary,reversed,0,dev,f08973b95a2004a8a2cf7858b5b1637a099365ea7d3754281470bcb7356cf53c
ca6906b44991008d1f7c,93536c712c64a75318b200b7,cities,210,Cebu City,primary,standard,1,train,98d7092098ab4346d461485ee6bb304bf91eb9a41d9dfa349a555dd8d50ae9f2
40df9d39f0b2b97400e9,66ecf7e2e042ffb69fbc9b6d,cities,211,Cebu City,primary,reversed,0,train,e5d3c2c1d709612f8df30d254e89813eebfa53ea7839fd727e29884e87eb2a13
261556c0690ffde4dffd,3e07e94934ee87928b6fcfec,cities,212,Tashkent,primary,standard,1,train,26dbaaca1f4f8290750dc88f3585088b3fce1384b987028909a3ad2a96e5ec76
610dcf2312e2b7c7f2fd,fcbc6afbe4124bb387e8ea70,cities,213,Tashkent,primary,reversed,0,train,9f456293a62100303df6d1034e0e2aba164a3d33fe95d918c59b09bc9f13f2d7
5b4d7ce507ce5d0143f4,7920a447dcc11ecb8023f805,cities,214,Maturin,primary,standard,1,train,d6cc4daaf97c5031455c4d7a456001671a942c12c43c04f97f281f7f7bd7330f
14932d6e1b759d8ac93b,491b8ae3130f11a0a3aeccad,cities,215,Maturin,primary,standard,0,train,b0f88795146cb6a4461c68447eb8b31616122ac52a142b740240c163b1ed30c9
e1cc09bd0a1702ecbf64,0797120d46bee4d0a5188900,cities,216,Hanoi,primary,standard,1,test,ebc165d3c42c3e470769b1b668e67876cd3819b124c03b0117eaabf778eedfd1
faac7117b05f2faba99d,30b7059d089101c704bb80e7,cities,217,Hanoi,primary,reversed,0,test,56cb0abb9b5d81225915bc3bf90a18c35e62e985f329868c196a65a9b69e6364
d30487704061cc4b7fae,7941e827c52597884020a714,cities,218,Xuzhou,primary,standard,1,train,7d673ce54efe50dcdd8880a45f07b01c974c44c12d171bd6dfaa1f9e7f0f80d6
7c6c9cccf6149b4db131,7f1e96e4c1553a86ac576bc8,cities,219,Xuzhou,primary,standard,0,train,09ad538d0850992738ac875d5ab092c36137f6309639009dd11b079034538a88
48b87b6b1cc9ccb14170,01f951804b6189cd3ff89011,cities,220,Cucuta,primary,standard,1,train,6465ee8b52535cf784f00b46ad9db5371b16564c28d6aad3f5f52077b157294b
db001e4813061b321fe9,6a77f174c54e59384b63bedd,cities,221,Cucuta,primary,standard,0,train,476e023bd5c91d1b6b9fb9355a3f1542de716fab09afdc6ffa022537de49ab52
1ae6d22bf4ffa9685986,3881da119054273251da8874,cities,222,Santo Domingo Oeste,primary,standard,1,train,070d6aff0edd8318471e44437fcefea82fd82cd2ba4972568f872344c0bd2416
81f7518589a191792acd,f3b731a43d7d70f531187e65,cities,223,Santo Domingo Oeste,primary,standard,0,train,686ad4afb5c58975dd30b7e1ea61a6144ef9fb94105a981764db265c4b95209b
040f22f2aa0ee40549d7,107b2d539d3382ebf733fa66,cities,224,Tangshan,primary,reversed,1,train,1674c3793cd4830fea4e35ed53a74004383c3b305f2ae95725baae500e2a93fe
d5c8b050c7c9c489b0db,46947ac37de3343060a570bb,cities,225,Tangshan,primary,standard,0,train,13403f82e72cdaa0106b38561c6984ef0236a12e7a4752929eecc4bb27c6c88c
b278617f2939746f0c8a,07681719c68636565bbf5c74,cities,226,Neijiang,primary,standard,1,train,91afa22d73a8871d510a6d6a7053dd9346751bd489ea9dd35ac05fe5c88015da
e3d0122923702a12db32,11b34c8893562e5ededa5f81,cities,227,Neijiang,primary,reversed,0,train,14b0a92a71c9b28a3e87299fa64f90ab6d0b8bd7cd70a16730e6db2b328b0ae6
68bba472986b30b31575,db39f2b60c5bc6110fe3d5cd,cities,228,Linfen,primary,standard,1,train,215c344e60b42f5e16c9246378926bdc13377a2823afa96eb5920bd7ba8b26b6
7fa2e81143769133565a,b861065ae2d4c4d220cf646d,cities,229,Linfen,primary,reversed,0,train,c61f820b1a316ab21face45a5293e3da47987fcde955fe559d4ab312aad9cc87
82cd4958e45b1331998e,7e916c17c98be95485f1fe7d,cities,230,Yiwu,primary,standard,1,train,bfbe88ce18335f7f4b391e48c041b7f2f2419f2bc6f3e3b32e4c9520e17d44d4
8c85b4c83c7d99282e8f,95db7f9854542db11d21818c,cities,231,Yiwu,primary,standard,0,train,ba0d0373084e67120effa3d88f1018c889a7718c640a42842569f3ef60ea9c4b
2b00951479afadea8813,9c2a882272b2a6aa23aa4ed6,cities,232,Qiqihar,primary,reversed,1,test,b4f5be04e21db9659a0e1199103f13dee8fc19367ec1f8929d8d24b24c1d8beb
37c1c642cc851394f345,ac7f7e0b78f19bc0d32dd3f8,cities,233,Qiqihar,primary,reversed,0,test,7323445989f8fdebede39b313e1e800ec13773177a7440fa24e269088dd3ea17
e37cc6cd65f5d0386167,1378acd5187274b908f8e0d7,cities,234,Baotou,primary,reversed,1,train,494413bebe5faafd4beb2f2cf9cf68677517232e7997ad05b3f212cafa7f458b
5b847dd545c931bf0071,9284dd2b986e7516fb18b808,cities,235,Baotou,primary,standard,0,train,1b6f76a1d5d48a79e825cbc75c94e932b2e0617f04e3150d58ff024cb798e785
490e9f2639b40f7c502a,ccfa4e1b22f5436522b9e126,cities,236,Aparecida de Goiania,primary,standard,1,train,8ae797242533b8e221a6b64cf0edb331772ee8c0aaca50982e97ed693fe6cf7f
642a16f5ec892df82bb4,ceb56fb05dbb72b6614a62a9,cities,237,Aparecida de Goiania,primary,standard,0,train,d3054717788e115e77b1cf84ba6e9cd73885b62f6659c4ac7bdebdd8d0baf93c
a6dd47ba86695ebc7e2f,9af2f1f4cb0f2cd1c709009f,cities,238,Kinshasa,primary,reversed,1,train,95b187c735468a775c5b77d6890a9653b1d94512fffe419779faaa14a00ad30e
58e26744e7d4e981cf5d,bb0a90ad91dd86a259ad3ea3,cities,239,Kinshasa,primary,reversed,0,train,c237c796e6bc06d224c464dc6dd999ab53132c9c2c45127541130fdd93b16c5b
130d5a9e6d186908b44c,8c2f39478d7867af7c2e3955,cities,240,Ciudad Nezahualcoyotl,primary,reversed,1,test,c6670ad62e31988525230d24da9cf14521743250c689eba93a9c3a3c78341187
48ec3bbaf4390cfba90c,3712ea0316759b28a5b3ca51,cities,241,Ciudad Nezahualcoyotl,primary,standard,0,test,35dfd570a9236bf5451b90116f4e089ebcdc526b3ad37459b54a3d16eb6c083f
b45a509a0bf57637dd76,72f5583c6c8408c381efea50,cities,242,Mexicali,primary,standard,1,train,02c4c0f8d7241b3bc29df9f3c6c2187e508a4efd8b30292d305769f01f536232
52fce084bc3e93d643d3,266b3f6ad84b84dfc2d2b234,cities,243,Mexicali,primary,reversed,0,train,f904879489f6723019643dcd53e195712225fe5f4df8cd724987e34adf141a5b
1d30bac7ac77d14683b0,871610604508f85070c65486,cities,244,Ciudad Juarez,primary,reversed,1,train,d86880bbbaa038a4a2e25f2aefbbb5318aece7377c7fcbede3b808cc9a7f9e29
7123e6354373a0f6c7de,aa91c6c07d937f1b7ec0d0f9,cities,245,Ciudad Juarez,primary,standard,0,train,722ac59ed7d5ed2671fe272b949ed5ca26aa4d24398176f27d6e01050bb5d0b9
4b395fbe4a329bfd6c9f,b1c35a21f5260fdc4fad04a1,cities,246,Kampung Baru Subang,primary,reversed,1,train,122b9abb05dee5cbdf2e387c972223fbdf403b70b439064c44bb3432684934d9
0e86f6a4574e2da5b1b3,f865684f2cb790d6024cbbca,cities,247,Kampung Baru Subang,primary,standard,0,train,95c454bc3b3ef6ff770f835830da66da2cabd09a7884aa176af2617d8323cadc
15950a70caedb0d00977,33861c7ae8df9f54949f5cab,cities,248,Subang Jaya,primary,reversed,1,train,0a9c35b27fffc1fb1f6da402ce6bfec436a1118095139d1a7eecfdd81c423854
bc02756df1472fcdd1c8,47cd8d8a924e95ae9e7d1a8c,cities,249,Subang Jaya,primary,reversed,0,train,1fb450fbd14e4d7501e88250ad82bc222a9083cf253dfc48d2a998ca53454aa2
08977f929a28e9ebb5f1,e4a2a5e8a0136bcbc237b5e8,cities,250,Maputo,primary,standard,1,train,98c7bec10997cf70f2319ea65c70804c359a2e3f33b4b72492ddb20002e90ab1
e9ed38b4f32aa92370e4,6935a1f5eb9f3943ecf9f381,cities,251,Maputo,primary,reversed,0,train,28aa57b05c41a26c0f8e433d41247a9fdbac97fdbad5e84e04b1169e9e7ae8a7
006d0de3472b254d658d,9f514637354bde7101d72ab6,cities,252,Kumamoto,primary,reversed,1,train,45818160f2cf8609ed3d9380ca04e8908c43329d83ebbbea50b3d0b9e2fb66c6
a0cccfa9d0029683afd9,97e619a46b1e78aca73207f0,cities,253,Kumamoto,primary,standard,0,train,6c0830807e0bc7ce6be63125bb07cc7f530c948bed7d8b93cd46df2762d65dfc
cc1f8eae216ebeaca143,8b5342447fac8cf4c833913c,cities,254,Daegu,primary,reversed,1,dev,c17d7f1ddac92432dc33b43377ecf9c0179b76615494aa36ed6b930226904a3c
2eced88302ce29a548fc,80891a105cec169fd92498a8,cities,255,Daegu,primary,reversed,0,dev,7b35e0f4fd851818d933f426b6762993f00eb21887bd3b398111d52c32c0b988
2d5bc51729c1444461d8,680415df5e40c4c24366084d,cities,256,Vilnius,primary,standard,1,train,f8897b47663feaef8caa4e659f5a7097c028c1d88bf30f15051212e6deb10cc3
1ac131902bca69cd7530,3f7e21b1b979403ed7d7162a,cities,257,Vilnius,primary,reversed,0,train,493eb8ff51eff1010fea4f876f2116117e1efd29af41bd570ab9e3a07702a035
0ecd2badfb088258f7e2,fa67fba39d823fb131a6ea30,cities,258,Ranchi,primary,standard,1,train,a0c41f3373cb8b0efd30773fa264f3bcc27b7248a8d65c7255f4d43a9fca9dee
497f0f333e4bd69998b2,3f2fd149eb0004a313c56a0b,cities,259,Ranchi,primary,standard,0,train,592620dad36be3df116e51695ee5c9784ba029286853e3876b8611ea6a7adc70
cf31a14bcda885d634a9,3d81f536d369d7ee97afa2f2,cities,260,Jalandhar,primary,reversed,1,train,c93ad3c05a8e7b733ba4dac8e03d718c37f185a26a029bb419a28b5dafa98bbd
7127d803f90887c3dd06,5831d19219ab928b57451364,cities,261,Jalandhar,primary,reversed,0,train,46ce7b3ebc9b7df57c137b0b9eec9640d43f9a5a8395143d2e0a3e830784178d
75869367e24e8800b43f,a0061301e3ec61d33da717b5,cities,262,Bhayandar,primary,standard,1,train,a74696df3d3cd120756a31a01311d70bc392f030c11c35f77d7e30adb6f9a577
25fe6461c2208b66e5ae,730b48a1fbe62a41ee03c671,cities,263,Bhayandar,primary,reversed,0,train,b79839a56f11acc5225d4f3d5da08de4afeb008488464fc0064bbd711f3950da
4507d8df4b51dd6a232e,d1e6c0821430d21dba8021e9,cities,264,Bareilly,primary,reversed,1,test,6e62cafb041f2e10d1c71a946c20389bb19d603f70e68e1ff586af538d0bd6b5
594f29b923bf56d0369f,a464b7469e9410ab6b1432c9,cities,265,Bareilly,primary,reversed,0,test,fc6f6cc6581ffa52524c9ce6a8c492b95d605dab9b6ddcb2fe330abdf07be626
d1b0f7321ee3eb04f510,6a793f95a344aff23a8e7925,cities,266,Santo Domingo Este,primary,reversed,1,test,aebae2f9438a5c770f3a7e513c58b6d62625391f4304074f8d8b2aaeb157da6f
2281728d1a38d2aadf6b,b7dd2baf3ae6f475bdbc49dd,cities,267,Santo Domingo Este,primary,standard,0,test,44cf53f478a183f54958ee55574815a10f3b0486ca003e4cb3e82b1dfc4d95b8
02b3aacd02b51f9bbedc,65f09089e082b0ebf553e3ff,cities,268,Al Fayyum,primary,standard,1,test,30c9e7b1eb8f8b119326a8e1710fbc89aac75ebe63d1b164a402ee2d3d35ec74
81dc673980c5ea9c8c9a,02722751c70eec1805ae3496,cities,269,Al Fayyum,primary,standard,0,test,674942644ff49d1828d3e09ddf9fbb91eec2c6e7ce2d29a40ae1bc468e9ee61b
ca46302917b8824f78aa,e4819e9ccb4205598d6b1b8f,cities,270,Rizhao,primary,standard,1,train,2db6dd7cb0bcb77bb3cd38e9a3d8506b2653b5a8926896fc26ac44b079f6f45b
7f2ef28759fdeacbd914,b1d4c6ea47e0d479b69c379c,cities,271,Rizhao,primary,reversed,0,train,171252c695d9694cb001195f2f7268aece9bfa46ba40a27f2790afc3963f2614
283e51a3460ad233122b,635921feb223d3369fcd0e19,cities,272,"Mianzhu, Deyang, Sichuan",primary,reversed,1,test,834ea8c5f93c211996098c7d42687977abfa0dd1a2d86798af1c3491c1621ac9
9f340ee8959a0ad60c67,8e235b31338f8c744da59044,cities,273,"Mianzhu, Deyang, Sichuan",primary,reversed,0,test,c4c1230dfac8c10d1fa2fa3530bea4dac7b620e2616754903319e23200a92c5f
1b6552fadfe1f5a20f5c,18d249774ab9b61c4b285124,cities,274,Jabalpur,primary,reversed,1,test,3b2c9728ddad482dbbe13855c31d111d2d29459e87dc9437108ad42292f7e617
5646e3f193e73ebe9d91,aab403b7e52df111761fe672,cities,275,Jabalpur,primary,standard,0,test,257be0682fc893e3a15862e2dc3e60762ee6f3ea9514a7baeb644a04b19a8a02
8302a1d82182ea406d31,1762e1aeea8d74fadedb9cae,cities,276,Bilimora,primary,reversed,1,test,331ca65745c07735ac5cc31f650be637d128dcfb033fb6d6afb092d52be913a9
88b981f8516d3c53ad5e,bd7cca2ed6962a63c7f2edb1,cities,277,Bilimora,primary,reversed,0,test,34f1e0c0e35f4b5342422b55f7587d232b008bdcc0ee38157b58f9072f69790b
d6457a9a9968d6211c1a,90dc4f6d4f1a4074c5759dea,cities,278,Accra,primary,reversed,1,train,584e272e11668c924085c3e6ef5c9b80ba68e21923b1182785796f8b3bf90f5c
7cf1bc6e085ba45bb5bc,8f88091a8b8b8c9786fc30a0,cities,279,Accra,primary,standard,0,train,b7ee0ad99db8cdc358478dc65bc6a60ff4f97e25ac609bcdfdeb5efb695041a6
25717a3dcd3636c249db,4a16828f6ebc99aa9458749a,cities,280,Bogor,primary,standard,1,dev,8b47955728a16696f819285ffaef7a7c6cac115b15665686aaa574466720b1cb
677e98bc897e17ac80a7,2c7e000a31a386edb69d9433,cities,281,Bogor,primary,reversed,0,dev,8365deb76b57c036050f65932953f0d9527a7cefc6cea3886676c4530dba89f0
3ae06847d36695f84d99,8ca09bbb240ed61fde7edee6,cities,282,Nyala,primary,reversed,1,dev,374ddc1211736b6b296dc61d2b655986a04eb842e6f455158ca7eb7956797899
2cced486bf94c191a1ec,7fda5b4410d5329644ca1ce8,cities,283,Nyala,primary,reversed,0,dev,2b8c2c32dc5f61cdc5af6cb764acf86fd3886923cf197b1570bcfc7703c40a66
b076df1d600ced3a6020,0f41990a340a257d221b54f3,cities,284,Eskisehir,primary,reversed,1,train,83066023fad102bc17fcbdc3d322bd93316c52a854c02eaa2880b75942e25f19
79307d2045489762661f,37dace20cc85eb3b007c00f2,cities,285,Eskisehir,primary,reversed,0,train,5fc585ff8714402fede8f20988e58fc0cf9fe4c83a765d1f4bfa9ab7d863dfa6
fd0a075c4911637924c6,e8da77425359cdd12355522d,cities,286,Antalya,primary,standard,1,test,77e720c6fa357728f463aacef5405e0a804d22624169c7999fdaec18b8e0b7c4
84be13599920d5a195c0,f5382e5c2bb70f9bdf4af2a8,cities,287,Antalya,primary,reversed,0,test,11d66984fcf06b04f814766c0df031616c9f3cd896c417343a554d96a6bfe9c8
29709261b804844b2016,4be4d9c1800b328ff8acb119,cities,288,Dnipro,primary,standard,1,train,730b2764e90fa531c97adc1064afffa4d6998097766fbf55d78f393eacb78b41
03294965ad44a6b05cd4,d6e004559d59fed20b8589e7,cities,289,Dnipro,primary,standard,0,train,704db70589db9c203ae825d1eed2cd3e597ed24fbd995500821644cd926081df
24cbc1529caec3701fe6,bd6b28046781676298cbd3cc,cities,290,Khabarovsk,primary,standard,1,train,1e0a8d68beebd5d5b601cfcb0443a9dcfb23a5593d5b2c7be2b1243f6c569334
5ddaf24c460c8bdabaf2,a53a9c16b32bf30ec72d266c,cities,291,Khabarovsk,primary,standard,0,train,7d6af50c6835d2dbd96a598920ec8b421072f78dbd5fc1c60a0afb018d2cf693
0062affdc28ee9e03452,6f0c8c99c25bf444f9877b5f,cities,292,Irkutsk,primary,reversed,1,test,9bb15fe5459cc73988a9e0f8a9736a2d8d939735fa929f89675b7e68eb3d72fc
668dc7cacfc0f669a41b,f94bf8b5d22da4c109e32e4f,cities,293,Irkutsk,primary,reversed,0,test,47b2aeeb9dcb479b8ef7878fe6493538dbed161aab5c52287c883b5e97e7f30e
436843da8cbc0efa24ec,f4fc84827dd8c642d43498ee,cities,294,Libreville,primary,standard,1,train,420e01a6599e91eaeb60b9900167727dd26409cb5c81ece545d17196c972dd2e
3f52b5c4be0cc24b1cdb,dd41dde150c35713f0c31bec,cities,295,Libreville,primary,reversed,0,train,3256acf7618de85db2864d96f90ee3e1e19286b8902b659f7329c1b1fd0bfc76
715ea063e2182cd57b3a,c92ba18c3f1152b367b34a16,cities,296,Santiago de los Caballeros,primary,reversed,1,test,8550b4ffe63b17ac29a922b190adaec545ded37afedbc29f5e8f5307f48c0207
4103151955538c6b539f,ffb6027ffa0579602fe1a807,cities,297,Santiago de los Caballeros,primary,standard,0,test,005456657afb6f6cc99a28a97f7319fa9a679320d1f3bf30b70d462e49788e27
2246ee2c1a6b7b88df65,66ef0e5fab28791245c2cd7d,cities,298,Algiers,primary,reversed,1,train,f337c5559a6545696e7cb6b050b805157713a845155ecb22496d07158c4317de
72f57bff5c52dc5f7e87,175d06a575c5ecb16ff1efd1,cities,299,Algiers,primary,reversed,0,train,47c3e59b388df8f2478b09ba2f9c80d62d4fd32f6278fd0d27eb4f650b45f60f
3ead20738deb198c3fe6,4386aa49c0c1b62b6dddafdb,cities,300,Nashik,primary,standard,1,train,edf7f1435f5043990d124729f17278f8c5c69b092a7a17413980513458168d02
2978b8a760b0a9be40ec,9ff166497dfb242820bc81f9,cities,301,Nashik,primary,standard,0,train,af4364d6c0599bf7d6ef7c4f8e46b397d2c882689a39ae0eff1fdfe3b7600a77
97f28656857be6c45456,e3526dfcbc82372ddfd0feb1,cities,302,Karol Bagh,primary,reversed,1,test,1117015e90de03962848fca5cc936e3d4e2a81df7b99ec79433238212951755e
241583dc05e61949bab8,fb7b45d7115777848e660f0a,cities,303,Karol Bagh,primary,reversed,0,test,ce1f0c0630ad0a7d81bf6a05df40a7d21eca5d93b8d066bde82323d2e9edd575
1286b8685cf092cc8fbb,c2860c6c65748827c1d4d441,cities,304,Orumiyeh,primary,reversed,1,train,825d7d01dc8120073587d5a43e502873f9352d5cf10d8e403c61d0bdf3771d79
8d822cffed31d217cbac,2d7e4e3656e0000246c5f23f,cities,305,Orumiyeh,primary,reversed,0,train,81fe17e2d8941ea947759b4d7ecf9aedd0fc65723f64ce7c26f7f310960bc4e7
dfeb1c350da5ed10c320,4848c6457faf1b6d324bc453,cities,306,Zahedan,primary,standard,1,train,6c17b05020a4f86d398e51f5ae065434edd21a33e328707925a291b296bd05db
4993bc8e385cca2bf36b,7d80dfbca605c3942f466f3c,cities,307,Zahedan,primary,reversed,0,train,03ecf3d0c98619c82aedc8a53e9a5b9fa9f7360ad78b461814d43970b3c5bae0
e57501d0cf0af2b52164,1177c29eae4f3bd66f4f32b0,cities,308,Xuchang,primary,reversed,1,train,10abf212289b5188c40c0815d535d6ad480f5675d2ee05d4a5e492ad60ed8ec2
467337d607e10071fe09,5bdf9b07f5e33dd8dba9c9b9,cities,309,Xuchang,primary,reversed,0,train,1fda071afb1984db893da1857ce6482290323ef4136ee8104d3e528f600e9e07
e13ee37fa9c27f614d33,302c4e087ba84a012798ad94,cities,310,Changde,primary,reversed,1,test,7d6b602df4af25295bc0567eba362bdce4d6b699f8e0044cf8678a63a5aefc28
99150229abe8c7911604,c0fb979587584c93faa53327,cities,311,Changde,primary,standard,0,test,523ec44ea1d3483a18cdc3e4a1518c6d4d2c70c1b680b65394f61cb9a4b5dd40
212ff57dc5c30748f087,f121460bb6272dc85d2d654b,cities,312,Shaoguan,primary,standard,1,train,b29992ae62fa2299877f2bcadd4e88cc53756b70bc1311f8845dcf4e450900a5
4a77d119ac220c19b731,47e4c951db92e42082b11d35,cities,313,Shaoguan,primary,reversed,0,train,588fc5e8171dab753ce919e2bc47c2b309faf33fbb0bfafb4414b378d4febde4
994f72a87f2d2aa008f9,7cf55c3987a70a7f9b0f4d50,cities,314,Jilin,primary,reversed,1,test,8178eb9d82e7134f28a7845ec0a03697ad29e99388005a89096efa9f1686ba33
802bbf34c4942a8defb9,05c5ff15025bcfb3bfd3b67b,cities,315,Jilin,primary,standard,0,test,b6125987e4b0c13d44bfb722e43dbee8afd97084d720cf1bf4879005e6ad1ec2
3c99e9443ca674e01783,8b3e2d9e59e799079d5c275d,cities,316,Manaus,primary,reversed,1,train,43b3e0bb46a3c51e68487610ed8ce62a5c149756d17aaa20841a4ddd709c3bf7
aaee2d9bfeff162ed5a0,c3e36c9046c70de946e4c6d8,cities,317,Manaus,primary,reversed,0,train,6834655295c9945244ac032c55768f4e90803cb84e6100cf4d3f332dd5fc00b9
02e41d49f1d83e67fdcc,4fb50699f150605992c5b968,cities,318,Jaboatao dos Guararapes,primary,reversed,1,train,3029aaf5460893e169dca66f295f53e05c34f0181888b782d0a9f37c26c88158
ec56c6445fee8018e3a2,a5c5bba6cc4550cf6dcf0660,cities,319,Jaboatao dos Guararapes,primary,reversed,0,train,e3bb7763dc0e487b8a21c2924e4bd028269b77f689215141db13e7d6682ca1ee
3bc20798fa091d73d7c0,75ebbe2ca167516634e6f481,cities,320,Kakamega,primary,reversed,1,dev,73c0a7e5331763d2079d9a8fba9c82f8d1f11a732db8375f5ffb46cd23ecbeb5
946e3a69913382719b6b,7704a5d765d3228b2648da02,cities,321,Kakamega,primary,reversed,0,dev,8eededa7c0cf190d23eba40ef65d3c11e620228cd833de82e127c088145e91a3
aae54254ef0614b82dc8,072ea86e89e2526f5683151a,cities,322,Agadir,primary,standard,1,train,f95ecd48b77e0e53836d6ad63d588d0bc5fe831a197503db0dffb1ddfd7d9235
39e0b0b25123ba92a7dc,0282191a1c2cab0a24bbeb39,cities,323,Agadir,primary,reversed,0,train,1fd5b52f833fdf39a69eabc455d340f39b725744702d126fecff522736618572
d7019f487e38711c731c,fe9b705d77264207f7c30ce9,cities,324,Ulan Bator,primary,standard,1,test,d97c705995f5ba6c53eb237d499bb253e4f645c64de7c1a746622988aa7dd788
4ae1bf61eb86fece9a57,2d036acdb581e68ee5428f6a,cities,325,Ulan Bator,primary,standard,0,test,acc11fcfe6be35c25cbc1b8f0be8c0e641dce9525a26f39713bcdabfd4f44a98
fbc1d812df8d525f8a83,61d325890bad2fc68a6249bf,cities,326,Muscat,primary,standard,1,train,716a0eeea982e1dafe7e47e961b41cc66aeafa3085f863f887853b1ae1a6df97
9ae15d2930c90416b061,d72f70b6e95740b291dd86d0,cities,327,Muscat,primary,standard,0,train,8595e779416fea804ecaedb6ebead6bd263df9f28006339d38938be1ee42e7ac
d03132ebe9b2e15e0876,32c8676e15a5f86854900776,cities,328,Paranaque City,primary,standard,1,train,ddffff100e58f3587654eff223fddaea2f43736603e03433b9f1e6ff65a7f85f
9ed21e878a7c697e4ab8,68ac665c2f4693a75e445020,cities,329,Paranaque City,primary,reversed,0,train,30157fd8eef87bc6ce57457d247edde6118d518cb3e290bf7898b5086930732c
75e51df6e123513dad6d,5ea89894d262c653412f8596,cities,330,Rahim Yar Khan,primary,reversed,1,test,8f717d6d7ba5a67dab9b43e81a7101f30784edbaaf85d3bc980a59930a92bd2a
876a5cc578eadadc2ca0,acf4f05ba63041812d1d95be,cities,331,Rahim Yar Khan,primary,reversed,0,test,6dbc53c63b64fd78833552b0ced10656614429b0d9ec3f029636abdb2d0b93d2
b9a6b8664f4ebf49308f,3ac97f9c7889e21325c11911,cities,332,Balikpapan,primary,reversed,1,train,b5f7479c7cad2efd702a5dd339e08f85e9eb0acc0ffeb94fcaca540a60554617
3e5835d691379705af4b,9db33a172952ea5957033a1a,cities,333,Balikpapan,primary,reversed,0,train,bfd0089d3c4c65e27ff0f558bbb482d2bedb8952d764884eeae94701eec8b375
45f82a399ba0f4f76672,10ed96be1b4b7d8a57075567,cities,334,Guarulhos,primary,standard,1,train,290de5df3d037fe167fc0c5e6aba2f37b7359de20d256051d5657e4e17602c27
27877b71b99a296de263,c7060daf163aa91c39e22563,cities,335,Guarulhos,primary,standard,0,train,dda56eac886801b357809ecea3ceffde58a89b293427516adbc6aed43e3011ee
e3d6fdd877ab633e778b,49f617d7334305b21df81be3,cities,336,Volgograd,primary,reversed,1,train,4ffd16deefe8bd7bcaa8024179105d9f1e26f06d2de11cc27a131fcbd29a08bd
17fd83495f4ddc68ccf7,14fc6a7a33abbf02276dfe1c,cities,337,Volgograd,primary,reversed,0,train,f40a84c74f8fc32d9754a48daf14ce6e2831bacdad0ca6d49e73e23000727c5e
dedb8272cccd6e4a9843,c9cf5040169ef04952eacdde,cities,338,Ulyanovsk,primary,standard,1,train,e2a76788e3051095933442b9792ba840a7817d086f6c51f5f20638a07b71ec5e
0c147f3504ca190f8fb3,ec7c19bf87771789f725041b,cities,339,Ulyanovsk,primary,standard,0,train,0256ae11bdf299995f2158e96be945cb6f48e423fc3987bf96ff1ffb983fa0b3
f78f050f3ff2129d14f4,317501161203d209ece15bcc,cities,340,Kota Bharu,primary,standard,1,train,920d6252a656956844fb3e8e9bcba9d15d09c45dd418eb7eaf27c013d5fc2f3f
ed713353d5520a3285b1,83fbdb799c699d8eb512c5d8,cities,341,Kota Bharu,primary,reversed,0,train,a5fbdaf77b4265a3bfc3773bd0b9985ca8f00c8327b8a7d697dfd949a6bd1db3
72087cf5d24637424bc9,69e8e6652e66096f5e94d079,cities,342,Sarajevo,primary,reversed,1,train,9798455b0903580aa2e8151be4708b304613c0f83ea8eb4a2a2bfe3ff4bac6e2
06462f83aed92dc5c5bf,73ddde4efe03f95a1b5b35f5,cities,343,Sarajevo,primary,standard,0,train,3923919aa8afde8443ea40b4d5108b51fab881c5d9b0961a315087e504ef4ad4
77f9e5f6c1b3a4d410f5,9d6adce5a5c6463ef4dca3a9,cities,344,Maceio,primary,reversed,1,dev,0354eae9058dc10200788ebd0cd74703d78466223927d55ccecfc21162c8d9e4
f693202f08ba8e7bd8f2,05847fe3ec7689ea13b291a5,cities,345,Maceio,primary,reversed,0,dev,2dacd91d86fc95cb9bca641f0ecd139fb921634f8e1d0329e4791d7a13612148
2bea37166b41b5fbf842,07d22b8e5e200c82efa7db67,cities,346,Joao Pessoa,primary,standard,1,train,309a8a88d9cf1acd036d11399d8a948c4f4dfe740b78511a60427d05ceab6823
d60b4cb1bc332e857ed6,d4d44898deaa21365a365d8c,cities,347,Joao Pessoa,primary,reversed,0,train,479f36c0bff53ead90350ad833a8fe3fb69827a5320d6c7ffdba01047de71c7f
98bb41c5c075eece9e55,060a54fe19afc147ed87a242,cities,348,Shangqiu,primary,standard,1,train,77dcec181008910ddae06bac87356ff4e25dd3e9181e5e88c5eb78578490110c
6a63b940e6b80d87a7d9,9506b44eb17a21a59ac954d9,cities,349,Shangqiu,primary,standard,0,train,659ecaa3bcd2513215cf0fbc0468edac8953e95357c6905d90e7826a804981bb
de500ecd67280906d825,828c73a200a19dfe6133d079,cities,350,Zhangye,primary,standard,1,dev,88f0a70461d362943d74038b76657a981112dcd66fbd0a0b72dd41f52ba0c666
d728ad9fb0e4116f66e6,fe8c52768b91d29f7684c94a,cities,351,Zhangye,primary,standard,0,dev,da09a0b73e14f596fe77d4fc9b136fa4c10443bff0c8a7cab44793f179022fb1
dd086286c81e00f46ed1,041c25a465d0df3a3106e8c1,cities,352,Xuanzhou,primary,reversed,1,dev,26427d1c31640bf18b5836d1cb92ac5a871636a19596de0d90c56c804bc8c553
4f20f82a76c09ba6f2a1,1d2703fa29995380d3b12d60,cities,353,Xuanzhou,primary,standard,0,dev,0aa91be1ccb1192b3f7612ebd1c0c7264d2fcaefe0b4a57ec3d28f7f8c486fe7
be88b1c94aeedd81d0e2,075d6f0ea17fba619e583b00,cities,354,Wuhan,primary,standard,1,test,91648a96981ca0c4cb47e5fe9b71cefdf0947f6d08548a6792f056aef3770db1
c4ab3e825b944d962de9,aad0777722afa65f63ba5a25,cities,355,Wuhan,primary,standard,0,test,e978b06ff01d8d9a4b5e67f2759c1cb6213af76381e30d473daba3d98853678d
13d5580d17c066f0602f,46a59c0f822a6f8de22013ef,cities,356,Nanchang,primary,standard,1,train,3104913eb8eb68dcb6bd437e5ce74fe8dde1d1272016fdb5fd6c4680a56d4186
83f1b3623478a0b0c23d,e1fe5a8c132c9d09461202a4,cities,357,Nanchang,primary,reversed,0,train,bb11f485b65208f242e03e9ded775bac4ebd75addc0132ddde87540949b317c8
accab865c08b73439f71,27d0e8424fea119a54eeeec4,cities,358,Luancheng,primary,standard,1,train,384ab02b43faf9e21c3ed03fac4dcefd9c5108fdb428f8a00627255b6155e8a3
2e04849bcdda6dcab09a,65afac9e0f41a672d3203e24,cities,359,Luancheng,primary,reversed,0,train,8ccfc53934d8306a0065058d1d16f81d3b282aef6632147e92a60db73ca0082d
ea9430319cf14c83e5ba,9af0e8d459388c2d6627e765,cities,360,Liuzhou,primary,standard,1,dev,7d30b39a5126d6e4a8b79e90e48f34560470115fffb5727301affad72f509a82
5b6ee35d845b6b815dea,6464dfe05123e12170301367,cities,361,Liuzhou,primary,standard,0,dev,bb7f8ac6b76c779e9a6311b518ce94c1b345fd3ca55a612dfbe6bb01e9bfc7e7
56b33c195726f1d2e9d8,3c283e31b9fb2f2fdfde7a95,cities,362,Guangyuan,primary,reversed,1,test,592e51d7c6d9dbbffb4f282a53eedca5cf87cce0e6f5136a42780d777759a362
44d383a63c74148aaf61,6a6af949196db10bc33fafa4,cities,363,Guangyuan,primary,reversed,0,test,9a924cb01a122d4868ef78999ff263b8423cdcec6541acdbc65bb4ad9a4cbd3b
2c83b5ee482671349a89,18c79ceae56f7f865cf7e8f6,cities,364,Bijie,primary,standard,1,train,034dc3cef647b94cf0ecf82d1f1d6742f98bc9ec2c31495ba1afc7a344480cba
5e8372406a678c2819d3,5a613d26c62df3d78d26d66d,cities,365,Bijie,primary,standard,0,train,5af1cfcdfd44c17986e9e7823307174ca2449ef1a94ec41d9f8bf0c849d9ac70
69531a0e5d409ffd93eb,0f81916321138f5dea8058fd,cities,366,Zhoushan,primary,standard,1,train,328a806dae342207edb3b6f5b7b5daec8338f94cb92be89e34e46c475fc4052a
0f3119f884fc0fc7cc47,7f57cb2fe4495f0fea8211fb,cities,367,Zhoushan,primary,standard,0,train,b7ea728f4171c03a8e5efca6808b3dc92da656e2e0633a2c8bf7542792c068cc
f32ab332835971ad315c,ddd7c2d0dd2b80e460f6eb9f,cities,368,Hegang,primary,standard,1,test,78e6600a1b06e1ee1fb4ba8e1dbad65e289f5c24b63808e492d86c2cfbe05ae3
854bfaeabc9fa6c05240,7d415dcb11c9de7bb4809a2d,cities,369,Hegang,primary,reversed,0,test,02a5cb67dc9b7aac80b98307f4ba727ddb6e5be0e45d4c66f73767a3e3b72700
2673c06c8f002530716e,293da314204c4d54b01d4b06,cities,370,E'zhou,primary,standard,1,train,683efa30dd62383e07ad154c3b92427a2db5344a4aa3850c16dc177afbd6c5c7
96ed24c413437782cb07,db9574e40e34eda5dc46f01b,cities,371,E'zhou,primary,standard,0,train,cfacdbf26efde9534a8e48d17566d0955543d694ff8279586427496ae72700ae
64b828b3b352eb03aa82,a21411a035e135019ee2dae5,cities,372,Campos dos Goytacazes,primary,standard,1,test,1180343b9035cde3f7cf38babe311cad0d5a8be98d121803de1eb434700be72e
96fb1eddadc2ec0ce362,46133843ff69cd4d6e5b8649,cities,373,Campos dos Goytacazes,primary,reversed,0,test,715c31ab4238c49b9fe38b6f33b024082b5b80b182f2ed9319d568a92233e50d
864b7571c99a9155e970,2d339874eee36b3c28972cde,cities,374,Bucharest,primary,reversed,1,train,a7660f0fd57c66422c6d6eb0275494c60375a085159f706f1f2e21e8d1314db0
f4c4a99f681c51c3f30e,996a39ba741257a152157657,cities,375,Bucharest,primary,reversed,0,train,26b4ad1717d6b9fcd416a8d61a0a7cbe2e3c48f58a21513726ac6beee28266a3
be6f57078ef6b69292b0,0be5db5ac266ed8de399c21c,cities,376,Ansan-si,primary,standard,1,train,dff40b7f019904bff0f420c1e18d412dd64440171a45db4f3755e4ba82f36919
4eb47e484748b150672c,adab089cf1f72222b6f32a6d,cities,377,Ansan-si,primary,standard,0,train,4b452f8b400648ce3931f067b3d4fddcfb7945b477b641c718fa68a618dee168
670578fa163125249c0c,1d36d925429ecd37cf627364,cities,378,Casablanca,primary,reversed,1,test,6ff79eb64ee64b8e5915d18260e3830bb5e20984744e08841dcb3977e7768c8c
4d498dc31e0c1bab06cc,bca7a3eaa76f904be863c407,cities,379,Casablanca,primary,standard,0,test,09f0aa92744e31c9bcf9d18f41f3c965089797987b8e327fd70d3c90dee7377e
950f9151bd37423a08c0,9eca6011c049d17c40f6c988,cities,380,Coyoacan,primary,reversed,1,train,bb42617600ffd0c43e0eb90930ca257d9a49c3ae06db8c8f4e3cb18fce02a26a
71201c4d34d4dc6f0c12,449a6fe07faaa0bc9d1d55a7,cities,381,Coyoacan,primary,reversed,0,train,e9bee9a282e757453039ce7392f19b2bb8856b029f2f3fea1a0c761b8dce84cd
3c67b7532fdc3bc4c59e,f761875f96a157cdd974fa15,cities,382,Oyo,primary,standard,1,dev,5b27119c12279e16679efcf7e4d3890b09b68c137d68f19258feb168a6979bc4
db4bb5d7cbd30d893913,ba5b0d5462386b0e66f0b5e8,cities,383,Oyo,primary,reversed,0,dev,e3a4b07232c555d13a6e412fd5fa8e4ead8cce24466d25c0020eb86554693cf0
e76d4783bc413efc1c8c,7f85e01eed1709f73865a265,cities,384,Pasig City,primary,standard,1,train,40d023aa917cfced91f1b8080c5f7028d2a63e53ce567f1e33c66066f2a187e0
652175026a5550088b68,b30a2be188d9c0500deb8e2e,cities,385,Pasig City,primary,reversed,0,train,7e4bc38acf2ca7257d0b7eb082b36d50c1599e6a8def038d8868eee48d2a758b
3ed56018d8d926a34113,ab822cd1453d9c5156abfec7,cities,386,Kano,primary,standard,1,train,9b00ec5f1f8e64b910fb0e3be65932cf5452091ee9cc01fac3297335bfb094cc
771a14fb686a463f7eda,bd4633be9f002012eea48442,cities,387,Kano,primary,reversed,0,train,43b4e0e547013af26be0e281fd65777a045e927d184b64f4ec56025c6d359de1
032db8ff36e4f2a3f39a,2e081bbfe8eedbf39938cfba,cities,388,Bahawalpur,primary,reversed,1,train,2438b2824b90b222d2fb72328d013a501dd60b74d5237b757baa353b29ad54f4
310ef26a4d87132c963f,0ed8dbf581b49871c8d57a79,cities,389,Bahawalpur,primary,reversed,0,train,a891e69953b5ae48a09e9f2d5e9ac9f3874c99ff335c1727eb5f099587b173f0
5b30f3a35279b56e16b8,e8c9cdfc9fd3e629986d443c,cities,390,New Kingston,primary,standard,1,train,778827bc600c9755fd2de2d4223e8cc489bfd98b2fb486529df954b898206e4d
fb40eaca96bb55708956,3689c04a0aebdf165cd10f64,cities,391,New Kingston,primary,standard,0,train,c804d1b872b31d2823b0cd7e23f407ed5ee7dbee01b8af68a8b1f7403b2b0062
32c97212397c72b5090f,245d1fc36b3da2090a81cbc5,cities,392,Pyongyang,primary,reversed,1,train,1625339d5ec9f0131388705e9c532c96dd155540fc11e4c1cfc81c2698815ee5
94cdfa86b542c094282b,661e1efb01379eebeb142feb,cities,393,Pyongyang,primary,standard,0,train,2c82746cd94c3309ddb49f30a5f632d3073c40ec8c79d8ba1a662873ff66da65
2a32a8dc36df74b7b073,7020a2490c337f6083b690a3,cities,394,Shymkent,primary,standard,1,train,3b970c12dfa82593398271f063a70d3cd6bfc739a998751c5babbac7fb30367d
0a333f53ed5dc136c3cd,8ab3dd1cd4a8599b08b22d4c,cities,395,Shymkent,primary,standard,0,train,ab234c9aa1046930b4a187e9f3d4fc49a64dbf09dd74cbbba011fd0084cf77a6
5145fb966bfe534407a5,585f1ef091d49a71c3fd849d,cities,396,Tlalpan,primary,standard,1,train,bbbc42237ee9a097296d3961f92f6f5a1b07d753ef5ac81b9d842097c2655d56
b0f275e3c3fda241a8ff,2b9070aa1158981cd5f49c4f,cities,397,Tlalpan,primary,standard,0,train,b34184883c6082de8b17c0cbdf1bb00f017e30cd4d6f37c587010464f871c1b7
9cf677dfe84de1719230,591e3e4d29c8ba5938e25fb7,cities,398,Kemerovo,primary,reversed,1,test,e4b29a08a3eb299d6c6985994a91c268c295526a6367a8bdd337af8aeb0c8e89
00cd5879ac30d74a6587,c2478cddcda8dd5a976bde76,cities,399,Kemerovo,primary,reversed,0,test,e457c23c1156d35940b0cc0ab88488a2d9ba7cc801b221e7dce0a572b464236d
216c5f8bb65526f21f54,9571d566ccfef0d90a29caa9,cities,400,Zaporizhzhya,primary,reversed,1,train,bcba4d1365d42e86dbdb4b14022f583c3d9d7a3e4ed582a26427b046651382db
4c92bc1dfdb20f094b8e,d91622ac3f2f13aaf32f33a7,cities,401,Zaporizhzhya,primary,reversed,0,train,534b6a8200f40554e057a0850935ff2273ae7175fb1d36293685a43099ca4fdf
52fc6d39d5ea648d3f18,6b7b97598e74075036687653,cities,402,Iztapalapa,primary,reversed,1,dev,4ad771af9fc1491b63acddf7f2599f755f57d422038d4ef83af5737ea3ca78cf
6891ff66b30704a8a852,d39f7f15a0c2e72519c4f8d4,cities,403,Iztapalapa,primary,reversed,0,dev,321a5c1e8f8c4d46f1b01b17ddc7d961103a168e0544a03be3007da30b84be15
e86751687e3c935e5512,b9208c9583af46e3d001e51a,cities,404,Aguascalientes,primary,reversed,1,dev,af160cb0ea9df78ede84e07c3843afda1ab033e4c59cd7f7976857800ba178d4
90a88f72f7b1279fad45,a395506d4765cf93ade21c61,cities,405,Aguascalientes,primary,reversed,0,dev,1803c54963ac9611d441e214992d82b4755e012d75df552cddaba177aca7be65
a606c6039c4eab928225,1486b8d6f897b1cc34491ff0,cities,406,Kuala Lumpur,primary,standard,1,train,374899441a15adec97d02300d7a5638dfeded991f54de365273c80090f0fb1d3
9b45edbb24e4dea8c567,ec711f6f52367f7ef19411c7,cities,407,Kuala Lumpur,primary,standard,0,train,79e5c15a33c607c24d9fd8977e690f9a31408d0c9b0472c6a901fd4ab0aec7d9
b338d50ce874b93ed751,bb5791d3df27aaa46868d4f4,cities,408,Warri,primary,standard,1,train,c26af31f64a2ed2a68055db758ac47e4d7e235463dc7f97d8a67adf8927f3868
fffb3df97f52fb09df3c,e5fd6a76150cd33aab5d101e,cities,409,Warri,primary,standard,0,train,f520873922237e7a2412125762aaed095f51cb640d6e97232b14902a9b277240
0e66a7bbceba0e0dcc2f,dcab6e9d9f5120d5548d501b,cities,410,Peshawar,primary,reversed,1,train,ee87f08a0662bb9353764b4be5771fdd2f3d8fb708e52fb1fc334bf57b91e1f5
091199eb7410e0298465,1f2a8161832b48d78e8981a8,cities,411,Peshawar,primary,reversed,0,train,3608d4dd5135f406a2c5017dec3e0cec8f9bf8c420c12eb745f750bd308fbc02
e34ddd6e465de2ca103b,f1fce510b14a0c7961e386b9,cities,412,Kagoshima,primary,standard,1,train,7824dd9a0674321c05e2e236a3fb54a6a6665a11a7650f2128740013b8c0d414
ae92e449d397745a662e,565ee9404af9d3cbb8548582,cities,413,Kagoshima,primary,reversed,0,train,e2ade6b33675a1c1c2638a1ff2986ac93262e2c30d90ceba08396b02694865c2
4cf1153f61e0fa97a6af,a0154daefdfdd98b4a0b3570,cities,414,Hamamatsu,primary,reversed,1,train,9d8a810a67ba64928095979780ebadda25e1299cc03750e49c8d911b334f7a8d
555ed8131ccde59d222e,08203107b3783b8aa85436e6,cities,415,Hamamatsu,primary,reversed,0,train,e95c9a03db3e8cc7b5b79027536725dc85a7b7144e60d6afe2455993d761b244
4dccb99e9e2038046ed5,840a3ba5b6d62ec2935abe24,cities,416,Cheongju-si,primary,standard,1,train,e94e035c6ca46f4ebd0a855390d82c2e5c1b191e8f3f224383a178488fe318e8
27172b975294f25eb668,fc5cccecb87a4efc5e7de732,cities,417,Cheongju-si,primary,reversed,0,train,5c311b79fdbf57ce2ed71034a44b18dafafeaa10880c5a83ca2b18ba30699b7f
dca78013eea35d580f20,f1dc0ad1b7889aab2b08bb22,cities,418,Ghaziabad,primary,standard,1,train,e147da98b77d5fd80ea937e924658d72db7cc53a2b774f90b261465f8aad8b91
ae48146aeb95eea60d6e,f517fbbc789a6de29b754578,cities,419,Ghaziabad,primary,standard,0,train,6a545c0d4af2b7a964e12e74efac711e2505ebe681e9ad112183a7d0004b67f9
f5393f61c2f3bfdd50e8,327308c8a591233152fc1887,cities,420,Cochin,primary,reversed,1,train,d6e5716f3419395b7632983676ab518b8ac9752309cb3be62c2877d7525a909d
08b92dc4a0d119bf01b2,a60c8be89382f9f3a2b21f09,cities,421,Cochin,primary,standard,0,train,4b5d2518ae77a516f6b7d43a6b4f4e07779ae559a5a646d515cf406ab704acb2
2f5b5740f7c03b74515c,0ee3564b066a8b4c93b29590,cities,422,Ahmedabad,primary,reversed,1,dev,0a94d9415fa1e7ed7fbcf006fca0eb2d0bf380086a0be430ca60feab781eb367
870d6988cfddf617affb,36937947a26bdba00eb63e34,cities,423,Ahmedabad,primary,standard,0,dev,5da61629c56c46a2508ad59e8bdc6a8e8cc7658f6a7dca521955e17e56842e1c
c095acc1e71a95ef5b60,d56409232a21ebe90dcbb940,cities,424,Sulaymaniyah,primary,reversed,1,train,5dc58055bc264e79ab72a15c065eea92c70c035b399bf0dc8624fddfcd0d31c6
6bc9e5784b62e3f06b7a,318c24056c05ef0f6ba65207,cities,425,Sulaymaniyah,primary,reversed,0,train,9d089bba9bb10abc1159964f289a747cb9df13759c553b21bdeab92ca8d9d6dd
45899568bf0bd416c8b8,bfc0c7941180dda3351e3206,cities,426,Hamadan,primary,reversed,1,dev,61481d83583db915f6a03a0bfa9ca98ea9226c226b7df479f96a5c60eee92b0f
3dab43e00c56fe36facb,67cc2bf34306569b034bcfe1,cities,427,Hamadan,primary,standard,0,dev,a001c55dec6e3a760d8d01911719b98c33d15d92134e370fea75abb60f44f3c0
4596cc57f8ad2d2b6a15,343fd0c943a03427b0d7e56f,cities,428,Omsk,primary,standard,1,train,262b8523bd9cf59aad067c8538e961a27b8617d29f15d46808973c4abda7e995
d68b2992639c464f9449,a170a8491cbd4803a0eef0cb,cities,429,Omsk,primary,standard,0,train,77d29c8c5f53656cf0bc6fbf43bb0174342fdcce7e07d9b0647faba002d802a6
07ab75d1f98890ad1ff9,6fa186ca53226090a4a13af1,cities,430,Ta'if,primary,reversed,1,train,b306cb3ec6c5c673144b190bdfc7fd54402cc9aaa57e4dfa7314d3e8b2f01f33
e41a5e75f82d0ad13198,4ccde1edf68621ba3a00f5d4,cities,431,Ta'if,primary,reversed,0,train,14f20feea958b2171afac118a89377a8dbac4ecfb111238f94b2ff5067aad0a1
46bca8e26e38abe40cbe,424bcb96d0dbdcad18cdf285,cities,432,Stockholm,primary,standard,1,train,8402d9acef42ae94dcb1ad635f45f9bab92a1d6c274bffc403083f8660675f24
e2a4ef4888aaa64e53a8,b26f2b5bc6d0d256438a69a3,cities,433,Stockholm,primary,standard,0,train,0f1c5524652cb51194827ec30f96450799784ab0167947128a42ecab53e08687
29bc33bab629f1a125a7,185aae99f292162f88f5090f,cities,434,Siliguri,primary,reversed,1,train,b9534e667ddbd13499ea703017400b706c67e4ac901e77f01d04a81b1eaef792
58d1c848c7376333ccdd,faf1a9b4008e0d3097d1049b,cities,435,Siliguri,primary,standard,0,train,7554493b6947ec0c7aeff071b8517e90cdea1cc2f07870bfc492b06fd9550644
9d62dcdc39cf54335011,d6b89348251924afc7fa10cd,cities,436,Baghdad,primary,reversed,1,train,37355ace7e953bc9469a85a38df1c73e7f5c9b31e4a999a5cf3531de4c49b4d4
93abad4446d540ed0b43,c3330ab25e0e1b4eff9153b1,cities,437,Baghdad,primary,reversed,0,train,37363f21edc8ceb2c6bf18cfa6bb01c2a90e163ce4178a56a975f51eedadc6b3
7a22feeb342e23a493b6,f0a2e15a2daa0c8935c5e909,cities,438,Al Basrah al Qadimah,primary,standard,1,test,bb09d56fc4cb8984986e66cb022d6de8485ce1418669d71944e5b69e380e0f09
e43a7bff9ad372bc5b18,1f2ce71ba23667e0ac50ad73,cities,439,Al Basrah al Qadimah,primary,reversed,0,test,14b0f6f2913beb71fd28ef6427b7114d2179e0d4bd312f2151c8feceb2d82fc5
3d8cd36b4be51930c592,9cd0968af73407c46439c2e8,cities,440,Krakow,primary,standard,1,test,24f4b89ad5a74735bb625d7db20703f5044c45a80766afe50aea8ddc27487955
88aa7eba7ffd7c0569ce,00f48a376311adc5f6d61533,cities,441,Krakow,primary,reversed,0,test,2e5eb6d0e43156a2797a5062aa0d2a6de3017af71ad00b505c9e3ad9ccbbde11
b890ac8c5f353a2e9c00,95096cb11130939c9c053a3e,cities,442,Tolyatti,primary,standard,1,train,c5a9d701ee2105cc85fac11eaea3e290f6a8aebe2019eb2c4ef9aade42eb763d
e99a7ed1cf90bb228fd4,5ab77f036bfd553182eaafe3,cities,443,Tolyatti,primary,standard,0,train,5317802406685ba8eac71755bc00252486f27abbe6d2474aca6cc04b9a77d3f5
9fa26f8fd43e2d0e99b1,9f8d37e29d97646cce00a8c9,cities,444,Bandar Lampung,primary,standard,1,train,fffcc461a6430f0cfa91f27a056ee727b829c8cca11447c88db0543d56821e0e
f1543c782928a26fb44e,2f5dd250a174d829c4db1074,cities,445,Bandar Lampung,primary,standard,0,train,db75b94f163ca365f50db2ce8a025eeac40e110a01280387ee0dd26536b2bcab
517c513157f3e560bd0c,3af28ab453480bda440adb2a,cities,446,Tucson,primary,standard,1,train,082191abcd1ed68dd507f3eede107eb6aa805254889d652f2b295f112996a3ca
1ff8c60c1d88db9492f0,c38b57b61504b548dc397358,cities,447,Tucson,primary,reversed,0,train,06268ada6f20c33fa2c2ed118f1cf8cbcaa95e8e81955671b61a1430989c70e9
01dbef0afabbe653d77c,a1298ad78eecb178a304f3dc,cities,448,Can Tho,primary,standard,1,train,7f2e6a4b7f7dc75b57373e83c2e5ed04f6d014641f6441a172ebe1476109b7dc
185215d1971541285b05,6bbd2fab7ee0c46892048715,cities,449,Can Tho,primary,reversed,0,train,f5209cc542c732feb0e9493c4aca11eacc3902c49ef94cc4a708e337db21a889
87cbcf0b3b35fcb67636,092e604ff1e2b9be13cb1f2a,cities,450,Bouake,primary,reversed,1,train,62453ff2b781adea5d1f1c303bfda2eb9c2cf92bcdefe8cc23035ab3efbb98e9
a5d71b7f84be4568c31a,f281781fca4b3ddcf0c97424,cities,451,Bouake,primary,reversed,0,train,0047f124221450eae1cb99428b719cd2cba978ec7057227cff837c5bc91d7f77
83c8881c6ef064b9ce95,784a2ec2260f374b73adc01e,cities,452,Abobo,primary,standard,1,dev,332e1db13f7b178fd924772ed93c13fa5cd134cb19228443e85363a43e5bf3cc
3286b01068f8b45aa172,6c4308db72935c81a550569b,cities,453,Abobo,primary,reversed,0,dev,9c2cd61927135433cdca71286cf652887972e8d75451805fdccb857bc036491a
d59a1fce8954b5bc6537,a452193f1b24860b6cd13faa,cities,454,Shihezi,primary,standard,1,train,ce85d55d50554cc6a4562382a3fb7fc704086453baa095308ce90aef3c26b1e9
70cdc77c5ebe83dd793a,3a7b05b60ffa58a7bd06e2ef,cities,455,Shihezi,primary,standard,0,train,223f4b3d17335d3884a1cb3594ae89cb9cc3dbc3b074ca483769cb2980ea7c61
f9a418c4d4292510be56,07febc2d10fa0564a9d275d6,cities,456,Yunfu,primary,standard,1,train,a89403b947b8b02c251f99973c08927a1c9172761e41ee1b2d615cddd1ee9f88
b930ad3ab18e4368b6e1,3bd6e5ba7361f7dd41d9b8f6,cities,457,Yunfu,primary,standard,0,train,44b748ee51881daea5c0b5ce9474f56d7fa49d6b34f79b4d6952e81a71a6d7d6
700a8bdf208bf9366a26,2e7a9e95d1811f0086f5ea1d,cities,458,Xiangtan,primary,reversed,1,train,e6f8d0e3ba2c92891f444d50b192d4b53d1d497d246cc469133fcb6693d5c3da
0f0827431151ac65f22b,c31b0775e3cb2292516e5626,cities,459,Xiangtan,primary,reversed,0,train,8d8804715ff632272b2c91c5a8026240963c9e84de2ad5b6e3ff6e65a5772c15
2bb343035deff2e0c04a,d4474388558f08cf751d1eda,cities,460,Qionghai,primary,reversed,1,train,dbfaa3df76998d5cf4630fc8cc3d0c14569d21c904e2ae87b3c6f07f570e4606
d21f6b273c6df578eed5,68eb1cb8eb54239e09ac7ac6,cities,461,Qionghai,primary,reversed,0,train,bf74423864c7b57c2720c25844cecde56597412391e6856626d9870c39dd8010
856e9be1280a54807337,7abe2b4fe2bfe4f0dace3b93,cities,462,Chuzhou,primary,standard,1,test,4cf7c2664ff890cf6ef8d4eebf7ac034264fb74c8d5722fc03fc0a1b5767743d
ab56cf2c6ca2dd49b5fc,ec0a36aa712837c8035176df,cities,463,Chuzhou,primary,standard,0,test,3c1cfe72385e269c1fa44c24a64ccedf96e9eb899a1a010ae814660523adbf5c
08b07894b2091b33d233,2fd86e38fe521d86e75aa4f3,cities,464,Taiz,primary,reversed,1,test,2f25fb542e68e3bd88e8d0b3cd43bc3ce809ec1a6b8c668ea2ff426b5b8a4ad1
19c61dd8171b03d2aaaa,9c82ab395484c3125730ab00,cities,465,Taiz,primary,reversed,0,test,679ebcc1024d825b39d49ea165a8a6d631a7673e5fb9cff8d72e0a3161647155
af93650ed3c1f862ebe6,7c2f3bca59e30f31ba9b7428,cities,466,Tembisa,primary,reversed,1,train,06e57e24c6eb657dee1a4ccb48c81abbc251212b3686f74a410376cc7da772e7
cebe9a0a7e05b74bed6d,b12d40897fbd821adfa11e5f,cities,467,Tembisa,primary,reversed,0,train,6479505d7feb5093569d7d37cc444cb811daa4300d2a5a40d0f7bbba326d32e5
80de1aef2ee54721915f,d603169ccd72dcc82a857c6d,cities,468,Puente Alto,primary,standard,1,train,1dd1abf0e080b57c644e6e21391d7d71f09de2fc8a497132c29101902c149499
fc7cd4a0cbfd73b98782,4fc20fb5190079453000e243,cities,469,Puente Alto,primary,reversed,0,train,dcbcde4ebd79fc3410d73640e56f112b2b65f7574d4f74798bf7a15069218994
845fd4077aef5a8c95d8,d5c09d0812a4cc2d52a1d837,cities,470,Zhumadian,primary,standard,1,dev,8c50b183eb9bffa9f0252a0ec8af23f9282bacd5ecbb178454631acf5a2665e4
60f4a15f96af9db2b0de,b8f71f769bf544125c4e0ae6,cities,471,Zhumadian,primary,standard,0,dev,d566a442be995d6681358024d19f3ba274e2a66d4c1a3bb54f34074d7ca74703
6514c5971b210e38089e,d162987c4610d81c95628314,cities,472,Zhengzhou,primary,reversed,1,train,dd83945acb5c8416a5af2bd35cd15102f68611bfcd5bff486c871830525f486c
c3cf1d4095a0db5563f1,d46f8d76acdac33d6d3e9ee8,cities,473,Zhengzhou,primary,standard,0,train,c5759f1bbe56fe272153b90da77310dfa7a1c07cdf4f9f7c50a3da9ffc5abf18
ab1823fe294a7ecc20bf,99047ac8dedd6d25ccda1232,cities,474,Ya'an,primary,standard,1,train,000a4822e19805baa5b87fdc2005257ddbdd300a03c2040c1910723bf1083a60
2ab843a09457a8a0b052,d3518a09d31fec5a7e762144,cities,475,Ya'an,primary,standard,0,train,3a497b1ecdecbf5230c06e9b8cea51cdced64e254973c12c0a5c96cb99245f75
3d8be74c5899e72f8a51,b0db8e1270208b19da4d76a6,cities,476,Xianyang,primary,standard,1,train,39505c363a2b25c658e9a674edb2cab9f2cd51bb34aeac982bf909ee1870a9a1
657f5c3e444322647203,dc2a46350dc04db0cf74dced,cities,477,Xianyang,primary,standard,0,train,d9bf753e4e3a3434c71b31c633ec71df3a79f6708f646799dcce0f32404a7aef
35fa73ff8ccd123d1292,9e0043663a6a50f3558fb376,cities,478,Weihai,primary,reversed,1,train,c938ecfcfc8aa4c32cff21cc76d6a089b0718ccbe40b22b62ea851e04a3c4554
e1b2bf54cc0a8e5001ea,5d9fd9d7cf7132cdb5b01185,cities,479,Weihai,primary,standard,0,train,b5b42f485bf08366cae798aea839543aa6e3dbadf03936d3a5c4413b6104d84a
93ff735e1924b702b0ec,b5d24435420cdfd8e893e691,cities,480,Pingdingshan,primary,standard,1,test,ba820101cd00fc5a00d299ac684ff30f0f478a759f990f1cb73579be2ee89e75
ac2d64f1dc93c089c854,cc0f45cdd3029dcea7faba6d,cities,481,Pingdingshan,primary,standard,0,test,6c798ba764ea31e72f308e99794c169d0bd80181e5377f79d16cabb67d296506
8308f341a02c2a8af6f3,9784dc0a763b802dc21960f0,cities,482,Bengbu,primary,standard,1,test,720b8a55057804860c0e84bd947bd4ba7559126a8382bf6db8f3916d5824f6ef
03b8645ca390b923af09,061a87c591328189e30ce465,cities,483,Bengbu,primary,reversed,0,test,2fe4183e90b0f1232948180e21a8e26958fbe7cba4ab03db2f10ad108001fc1a
3bbfbf4a2d7d28ba1a7d,28ccc86f1ef05c1c8018d74e,cities,484,Zhangjiakou,primary,standard,1,dev,6d40662df392bf3e9a5ce86b5c51a3dec6d755bf99f6c2edb0813f5633e7cdaa
c368e310cc7fa88393f8,36a3aba9fdb353316d60fd63,cities,485,Zhangjiakou,primary,standard,0,dev,029915a824d032912b62a954db02c01735c8e60094043800b14650cd9b41ec07
93945b754f3baa725754,1bef9f5469f3ec43b7d921aa,cities,486,Mississauga,primary,reversed,1,dev,b1eb2aa6ad960c820437d18b57ec6846be9ceffbb02e0ee17a0807f2e2e4feae
cd7d7a18e8a53525dec4,49aa1b2de611c9b955370404,cities,487,Mississauga,primary,standard,0,dev,6a4cf2d1ef3ee33b2de41c61bd8755c92b1b9c941a73856ed9b977587529c5fe
31c95fa97abab92803e4,515a68149cc39afcefa81772,cities,488,Yerevan,primary,reversed,1,dev,c6a51c156f0ea23ccab55d39cea941d08e54c92518ca0fdb8627272c2e7c3f52
176c52ee370b69b869c9,2149df4f587bb3ba34bcc59b,cities,489,Yerevan,primary,standard,0,dev,4c917481d50d326a56bda75cdd0cc9ffbe418b3e9315ccaab7a2371de466241e
5003c3dcb1c7b8d9b851,a13ea3e25d69a4a7cf1944b2,cities,490,Albuquerque,primary,standard,1,dev,8670475524fbefe7e0e361064c15bbe11b1eb9353316d62dff187148eaa785b9
4f2bf63de676a3329b5e,a61c22c751bcc43786aa1992,cities,491,Albuquerque,primary,reversed,0,dev,2541e5dd0a74d828b38a311235acd57bc7df6974d4f2388697e50718158aaa58
f105d91ebd17bcc3a85b,2419b62782eaafcf9b175203,cities,492,New South Memphis,primary,standard,1,test,86868234ce96c250df898f188f50c3c25bc2a2844a29f14bad97691136f417e0
343dcd32acf84bfd318b,e34115131fe5ff1fccd9588f,cities,493,New South Memphis,primary,reversed,0,test,ae60d085effeaab892820d7d3f13e2844832964c9b35611c4dda53057c062895
ac75ce02ba4cd30c2d5f,c706ef121902b51079456638,cities,494,Calgary,primary,reversed,1,train,c144bc6c846e8261a2e7b456945182a498368b869f370637083b6135b53377c8
4dd60af68b9a1ebfccb1,6295cac841408c61bf46590d,cities,495,Calgary,primary,standard,0,train,b017c1f1d0ad74aa4322b3e5f9cd8d11d13bdc009a049e77e810e930cde7e25a
2eeb086d30ff0b077188,8cb9addfba963c1b37bda6dd,cities,496,Kisangani,primary,reversed,1,train,688230f373f9f2c037129a551c661b16a9876fd872027b66cb5e05b2fc203ba9
341d6d3359f84988544d,b0b5c1db54740b54e47eff69,cities,497,Kisangani,primary,reversed,0,train,fba8b281be77e19f18e470713444929d736f4e8bbce8a2ff9576c6eef4f07ab4
f55e30c373911eb24bbc,b91bbb477200e00fe18cce3c,cities,498,Bobo-Dioulasso,primary,standard,1,train,5c0ca59be3ec90d7abd78da101257e2379715f5cc69214afd9f3bc3b95e1b2e9
9ea3d0765965ba0fcf27,97d58d266b46de24365f23fd,cities,499,Bobo-Dioulasso,primary,reversed,0,train,32ecceb661b740baa06136b1bd395004da63a16cd0c2eeb60fd0ae214041da3b
7eb672d07c7a19f6710e,9002a96b19ca2a123237298f,cities,500,Sao Jose dos Campos,primary,standard,1,dev,1556ba4f589630e3ce223352be3d7aa61677e3c0f2e20b8f9b47e71b2d31e5f9
03a20bc8b00649f92ca2,864e5b7dba104aa82acd78de,cities,501,Sao Jose dos Campos,primary,standard,0,dev,5d5698cc860581599a9a076db29e67475061243d390008cab5cd67b38508771d
1b6d4b5c0f7b14945fd8,0ea87c7d1a17835a2b3c9f08,cities,502,Florianopolis,primary,reversed,1,dev,31e5d7c8ef20b1e613bce034e6ed53561f24686d8077d5eb49f76258be28d8bc
98572e57c33c00edd3c8,96678e69c9f840f05bd99ce3,cities,503,Florianopolis,primary,reversed,0,dev,f98ae88ab0e9e2abb1ce18d73c593f59fc2c3f75366a3fe2349cc2a7385b66aa
2dbcea8af981a4c566dd,d234e92fbff5f7e632895321,cities,504,Cuiaba,primary,standard,1,test,0c5150b7eb3b23579b73a4972337a02163a3d4d414625df8e9e6a886bccd094b
f7b0dbd903dd5f52766b,ca62ae3800435fccdc6f0918,cities,505,Cuiaba,primary,standard,0,test,29f3f48df18394db4e6a74d2b5354ea50675c0c937edae944f54b7297c20a639
33810a409e6288743779,693bac20455deb98c7b91d2d,cities,506,Chattogram,primary,standard,1,dev,8260594c86143eea9941a7ce3f0e08ca2ab8181106890d4786319119d8d3864c
2d9ad36cb1d7f10c3549,e013cbd55508b0bf337bba3d,cities,507,Chattogram,primary,reversed,0,dev,66ec8648cc11ed80a1a33f07962331d05b3eb4cd33dbb228238b5fa383ec88d9
d4aefb0ab65a373053c9,d4435ca84379697878fea5a0,cities,508,Nanjing,primary,standard,1,dev,4d63ae6e8d8c97af7b5607e2425018da2345c5fd0facb90251bb285a7b949e6f
900cb3e1eb2d07b8422b,18d2f6c38e390ffb8e988828,cities,509,Nanjing,primary,reversed,0,dev,f855571a9a06471b351c5afac37de3222bd845e1599176f650be6f94184a0923
db4e2e6e70c8e789b6bb,109cf5829595ab47b8aecd27,cities,510,Kaifeng,primary,standard,1,dev,941187476703ce0a33987bd120bd021b8ff95eb30c3126ca52a76df743b3cab5
2840a2f64c94877a5d09,b6f113da6edd9aaf478490a2,cities,511,Kaifeng,primary,reversed,0,dev,a55c448c5a371b26d19117ac53bb1ebbf8281332cf23bf66f3202ca2b79ec4ff
974fc06fb76d71e33d95,cb32811e5da6cd5b82c92405,cities,512,Heze,primary,standard,1,train,728aa7be3a8d26e1fb0b6334883aa28e886d8d68ea100de3186eb72be75448af
723acbfa17cd3f90fb44,5d36680b96f4d321b2be5de6,cities,513,Heze,primary,reversed,0,train,2329244e78bccbe4a140a03caae795172d45385fcd8b30a31a63535b69f0da95
423f48ac35a9a58b66aa,74c4f021d01778c4b80b542d,cities,514,Sendai,primary,standard,1,test,9b7dc6a7d74ceb33db79f1124d22b1636ae409bd066b055a19eb46b2d2db98d2
bdb2985e531249bf4f26,2664006e773e501b1fac3c4d,cities,515,Sendai,primary,reversed,0,test,15d25fcd15e1bb55be54a404eea3c0b2dd5266eca340807103bc099c98f4c0e3
b61eb82030143913c674,c2ecc07f6bb5c11dffe7c61c,cities,516,Jeonju,primary,standard,1,dev,ac144b3869ca2d634faf7a2c20870c44f163ae1491f1202d10aac98c7a6ee029
3213ede7e81ba66bbb33,9be89b9dda31cd9c2cc9d8d6,cities,517,Jeonju,primary,reversed,0,dev,21f7c8c2c97f2c6ff06230ca5d4b9c793f66730d429a578a311fbf73b06e1f56
cda1006e99fc2df8a958,e2814e92f20ae8338d63a0b9,cities,518,Almaty,primary,reversed,1,dev,adc03e5fdfd0c8424541c7c6e0d16a70fa40578e36ca1abe10989a4e542fb0d9
a1023ef3872cd3513a50,ff16f67e5305a2be46422773,cities,519,Almaty,primary,reversed,0,dev,f5a810775b5dd4eda4991243ff8273b5b9324be46adc154cf63a33bc4d29f22a
a7abab99b4355d021064,feb699b4b230b8b5218d445c,cities,520,Pimpri,primary,standard,1,train,c5a35d7352475b58698bd05fa8b0768e1b972fa69f3175f0cdda8a62ddb5d639
8793fd5882f356b125bd,a34d36364ef9afe7204ce05d,cities,521,Pimpri,primary,reversed,0,train,28f5a25884f9f0c23c7b794a14220a1360ad91b06698a16005e4ecc11ad42560
0af5a7c5a19471e694d5,f05c36a7f0e9b7e5eefe0b4f,cities,522,Navi Mumbai,primary,reversed,1,dev,70013ed2cd71ae2b8a8f585ee17aa3618a28b87283f87c2a314dc9b5972d767e
a45c62ae6fd75e293919,5c7efb3dc0b75ac7422eec62,cities,523,Navi Mumbai,primary,reversed,0,dev,b32d25f0e06ec590a4c821eb97234226952ec6684ab4ab45b8d3ab53806700b0
de49cf7fc11a52bbdc51,517b20c12f0920cfbb6c96ce,cities,524,Novosibirsk,primary,reversed,1,train,9e604fc6666676945466d3560a75870a83401d53394efd1df04f0cfdcc584e11
5b43c07f09a056300e7f,33ff445a1554c09142015326,cities,525,Novosibirsk,primary,standard,0,train,18881df73665f941b1c8fafa17362a6ecfc13430923e2a410ae0cb04dd4ed30a
20d5555e26a5b5dec538,af61a457b0f97e8a3198f0f4,cities,526,Goeteborg,primary,standard,1,dev,880d90e8b185ae072b9b2c5a0eceaf4726b7e271ba15b563b8afadf8b7c15722
a6194461ed0c61ec1a75,ff942dbdf5682ca56e594ed8,cities,527,Goeteborg,primary,reversed,0,dev,387fe627c25228ca11a07f71e8685da8593931fa4d7f63f882c8c0b0326c495e
6bf244046888c1101e23,94813be0e5c8d274cb5d8044,cities,528,Bursa,primary,reversed,1,train,42dc90a61ba77299d8063d4b27d403f43eace2759ed4bb924499952de5a8269e
100102a68b0cd3b529cc,eaca84a1672b2ae644ec0688,cities,529,Bursa,primary,reversed,0,train,66a73742d4a6906973847cc941b70e9fee8572a219b118ad50f4f15a7d4e374b
fc366805c6cae3730f5a,f8cfc736e7d25ed3244cb0a3,cities,530,Dar es Salaam,primary,standard,1,train,5844c4ce438529379e7439c7df86ce96c77059f175d3186ee9fcd29be4eb57db
7bd027d4675ac1307f76,bb6b59975bb19e4f2700a89d,cities,531,Dar es Salaam,primary,reversed,0,train,5e749972f8f7eb915d1bbd01a37f2e903c94536e10f9f7f2fb62dfb9593a9269
8b341c0b4d394cc0ee24,0ba502383f63fbec8a311f12,cities,532,Mbuji-Mayi,primary,standard,1,train,d685fdef2a17cb9cb6d9dbe5ccfefbe271b40e028840a260bceb1eb1675204e5
18943d8291ee19bca6e9,41d1253d6cdcd371b863c90b,cities,533,Mbuji-Mayi,primary,standard,0,train,074a49b7a5efac8f4670507d1457087d214f6180d40ec51bc155d9f5d27311d1
58bafd4d40cabe235b05,ccf96dd4a2907c243ee9259e,cities,534,Goiania,primary,standard,1,train,1f97a1dd56607e45fd658a8a212d3a270b77317cb2dfa56e2e74b30276ce6929
07637065d1ac9e1fd087,0d742f0f5fcfddd8fe9e27c9,cities,535,Goiania,primary,standard,0,train,bef13d8f5f9ff38f57ec9c2f4115ab092e605fa11ced97bad913bd6cb0f7045b
dbdf4bf09f8a8d69af5a,17fa6689f2888f08e4398f41,cities,536,Yaroslavl,primary,reversed,1,dev,a3c1b0e3ae247f28f90f5620af8939d3681682b64bac208763f89a2b5af6145d
b814e63f1ed921b250f6,1c0348d05c51685be448d06b,cities,537,Yaroslavl,primary,reversed,0,dev,ee170fb47c0c038f2bee6379ea4f6964481fb963b43adccf9bbc075f02b35088
28269982c87d363b39b7,f169d67646be001cb034a4d8,cities,538,Kigali,primary,reversed,1,train,f339f381c9d50acbff8c47d235178a63100ffd6e678096a9e52f8cc061caeadf
dd27091fd6f4cd5c9a5b,b42c4734acf937ebfa742aab,cities,539,Kigali,primary,standard,0,train,e1c12b42f6b9b6f837ab658d5421424af37a753923507dc358924c48e768fcd2
cd271894de9cdfa71237,460dd09b5a79d6c3f8679c8c,cities,540,Diyarbakir,primary,standard,1,dev,94151716eb5cc7e87fd3fac1f61ebb50d1bda00304dce1ad76725daf66d604ba
e9687255a4f5f164bba2,40aebf85a3460c741aa0ffb9,cities,541,Diyarbakir,primary,reversed,0,dev,6e4229eb19d923e57b7201730e3b482d361237437ea9b3dbbc3b4f9622d6c596
3e62535639f43e8afdf2,a6d86fa5f7988de31feb09df,cities,542,Tyumen,primary,reversed,1,train,2df1545b8b4563af1acf5e59830d0524f10ad1621aeae382fec2dd2d4ba8d24c
bd0b9fffb2c16bbd184c,1465e827b76e8a49b966b204,cities,543,Tyumen,primary,standard,0,train,be88598d09070cb501b072e813b2b78936ba8e8827b5ed0f92c86a7205458a55
a2be997e47184bdb9359,0cea42de3df2c62e0a5ead7a,cities,544,Orenburg,primary,reversed,1,dev,b3ac1947385de1a56e493af140d5f08e6d46c7c6564eedb75dd51a1b768bef5c
505787d24fc8cb18125f,988c0b1e562321e918654844,cities,545,Orenburg,primary,reversed,0,dev,704371cd54d55c09e44aca2a61dbde5b76d9d1414a0c15049a05c5223acdea2d
de5dbb9bd5d664079b6d,c87bf6ca00475232e9c6be52,cities,546,Osaka,primary,reversed,1,test,2eeafc352cd83dd4a15311abd28f98b87e78828cf94f9b88adf5744c75a200d4
97094bf8adbead40a9c2,c5899f235f5eb366d3cc6ac8,cities,547,Osaka,primary,standard,0,test,007cee2d92c5c16a8e7c243b6326edf9a62c4849b40b0567f0c29d9bd9c9bb46
5c6d0065643d35054cb1,4b31870e3259afe6860fe353,cities,548,Sapporo,primary,reversed,1,train,0f18cc61015a0944a31026652edc1018317cd92d03888e71287f04d461d8355d
018c1319e601ec9560a7,3c2273ba4cbbffb933499c75,cities,549,Sapporo,primary,reversed,0,train,e12e6ed493d36391fc7eaffd0d0ed386f4c6f2bdddd152918b1ed3b33f5e9de9
bf1288e47fcd4eabf46e,a3122b820b56884cf535099f,cities,550,Kimhae,primary,reversed,1,dev,0a4bbd80accc166d68039dfa4a74420bf927f76b2c02589a269f90a5b9f5c8c2
43b0f553d9914ebe04c9,75007cfb2bdf6b828c4e712a,cities,551,Kimhae,primary,standard,0,dev,45120b3485c4636d43f43971bd78bb187f17ac8395599b83e023a5f4879af88f
a407934a0220033f73ad,a40027036db01beae38c2776,cities,552,Cheonan,primary,reversed,1,train,f596c6e768b6768614e2bea0a621e773c3378c6944b082fd7aceccde2f5f7b17
c3adf82ace96c2060728,4b804dcf8af8aa429a158527,cities,553,Cheonan,primary,reversed,0,train,b61aaec51f40814c4a82b77baa587ebdce8f66c52df3f93e1a8fe3b91aae1348
ba56b9f7340b892080c6,c17b9bc57f55bbb25a478539,cities,554,San Luis Potosi,primary,standard,1,dev,dce99432f293ec7aba8e45bd46a015004ed29a99f6f9d83ec165e8f7a2fbb060
6f875e0513cf892a7d76,c1aba289b0867c57d5512b42,cities,555,San Luis Potosi,primary,standard,0,dev,ca6ffbb290be74ea72c3406de8482df4311744ff859e1ee9ad2bbac65d8270de
001bf7d04bb6622bf4b5,826cab50b2f8e7b24cd8a390,cities,556,Culiacan,primary,standard,1,train,21a965aed998081ec981e8094de8eb5660543b17bda78af45e8acd078b6adaac
2ea0a28d565e64f9049c,f6ab1d76cc997b5a1250ffeb,cities,557,Culiacan,primary,standard,0,train,716ae7cb7598629881c2b5c0bcc0f9dd9b9070ff6d6d74921f6881969459a7eb
644673778515408f7540,51301fe8ea53437cfb4d3b44,cities,558,Kaduna,primary,reversed,1,dev,607ef0bacc01c1383b1f24e7b6f6658d4793ec6939699d6ef13d0b6a063d0cd8
6b2e3a9036615ecd0025,545b4c55cde6af1ce9480b42,cities,559,Kaduna,primary,reversed,0,dev,e99d69dca40897399b786309bd03aa46a8842fbc4fc8259dca7e7bfc2b202029
3366fcd2f8862e4ea16d,198a62358bc06fc03c88a62f,cities,560,General Santos,primary,reversed,1,train,dd29bbd7c75d009ea894f1e736b71fe9c0fbf6e80d7d197701f62e6bd3b50221
7d983d64b4a1458981d4,1fa22283c6a5233da3295ea9,cities,561,General Santos,primary,standard,0,train,bbebc056ed9da5de43ff8ea523f9ab074197796ef33d1812eba5aa61bb5783d2
15033e46a0e36737de1b,40b697d22bdf5a0442707775,cities,562,Ebute Ikorodu,primary,standard,1,train,3d0c73e199627fbfac8d298b11406b6b077201417dc683006f094ecac7771749
b10f207d59fb2f7a0f88,e9a916f1937d29fbd8e7d593,cities,563,Ebute Ikorodu,primary,standard,0,train,b9946a508bef8ac13a7460f2aabc5d4dea507a3ca449c5fa7e202435f5f1adc0
2b4bc026053fd04c8738,5fc40aef0cee1faadb6104d1,cities,564,Benin City,primary,reversed,1,train,5c4bdae38bf562bad8f6a3584f8de43e89eb59da9a3ab72dc1d8216c641eef6d
036f5ec87c45a320a48e,d3e3ad1f8f538270e05aee36,cities,565,Benin City,primary,reversed,0,train,7bd1588e79eddb9db39bdea1d9e7ebd01ba87da8458cfb534f5b57e26136d857
75921c88a27343ce430d,c2be515c092dbfd280e21a50,cities,566,Kanpur,primary,reversed,1,train,a77bf2c6ae8a89055e43cf5180dee6cf4be4c606f268e938ccc45d38556bee7b
a27b905a757aed2a1019,c4bf9348da812ba37a22c7cb,cities,567,Kanpur,primary,standard,0,train,afe327ea48b30361a5d5c0e3440338cc286a8d515658f1f592760a5d00c3d104
5e475b2c15eacff9d155,6cbdcb045568ad31122aeb77,cities,568,Indore,primary,reversed,1,test,56dc66e6c0c83c2c34c9bc056acd05b78e1416e131f5589c6e3653e237b98649
a3436f84e03ea4d5e2d4,ec8fa8e88963e90ca029dd49,cities,569,Indore,primary,standard,0,test,8c2fb4195713f996ad5e206c9a1f8912eb3a0872e2f6a56803e2fb28b6e8c981
0f8d867d9da5c766dcad,62c03c34500c28e62552dc19,cities,570,Zunyi,primary,standard,1,test,129a0ba7cef85bbc43538b0c919efdcf6848c751bb775ac23756c05700aebfe3
c90300cc44733ec11c31,51eb0a4dfac4f1e368c3e015,cities,571,Zunyi,primary,standard,0,test,cddfd4ab66a26c9ddf6c9851789dae0daf55e92ab4a35e02db045813c334268f
5e19680870cf06a6647f,f8c72c55439f230959a9e21f,cities,572,Zhanjiang,primary,reversed,1,train,4fec4ea541c75539bc9f63a4b65417d85f5821c3142a47ee97e50e3bd1314f1e
d50e6c29624dacec6789,69e3a7872e09764913798c28,cities,573,Zhanjiang,primary,reversed,0,train,b5e3daa81a149f81f832b8ba67905eb98ea6b38b02667169baa5ed151ca00019
2073fd2da52f5bf88e5c,8bd97cacaa9d34e644f13556,cities,574,Wenzhou,primary,reversed,1,train,0b70eefb7c0396cb5f101e0676b1db79d5ad55b91592c4207c2cffdd7acd29e8
7c510397df8fd2a8bada,761872a626c71f65c1689987,cities,575,Wenzhou,primary,standard,0,train,1746c2f0b2ef88b855c9c0054959e8f66422661c8c8b38d3f67c07ce7ab7f388
986467ce9498419cb051,e8107885b4696f1d9cad2230,cities,576,Luohe,primary,standard,1,dev,99b12d0c6e3ddccbfb48ba9185b1fa1acdbd2c3bc8262058906f67519725628a
c1ce4141f33ce46142fe,f9aba2e2692360a6e32e5280,cities,577,Luohe,primary,reversed,0,dev,af079730790688627dc63a13a5342071aceef077cac7e72f6fcfcc715f1a3ebd
44736f6cd933bce91a2d,9602dd940ca78688a4ee5dad,cities,578,Kunming,primary,reversed,1,train,3950f6cd847defc8097617e53e1851b4f8d6bea9a568692451c33438959317f6
17bcbdde21e406af9313,27d85bfe823cf0c855c936a1,cities,579,Kunming,primary,standard,0,train,7a37ba73ea633f82d288dc3957843bb693b20c6ea85df07a56eb526229546e77
b8bada7c1956a12b1c21,3896bae938ea6606d340066b,cities,580,Cixi,primary,standard,1,train,80480187ce0d9c3cf83ecca3c22537424caf91fd8f989b26a5eb8e997ddacee5
c4276034441b730bcd42,143cbd2b34747a31674fa537,cities,581,Cixi,primary,reversed,0,train,1859b0afe87604808244e51dc97b7a4941fe9967356795f98f5258a8d6393ff3
59fbc46dd40dbe81ce1e,b2217fbdc266c4a361107ae6,cities,582,Hanzhong,primary,reversed,1,test,26c541d29650aa560f679c366ffb0b9a138882e28f3753df7becf1bfd7a88de9
2d8dfaa38ce33af46b7c,5c19938f686402ec100b546f,cities,583,Hanzhong,primary,reversed,0,test,0f4101329ba178e757fd9fb7ff9dc03c885ca7e682f6d07445952915f5386d77
d626589c06070c9a7ce7,e10cfc8d9df51c2d7a50b9d7,cities,584,Guangzhou,primary,reversed,1,dev,e834993949a8969cc2a6763af401632abfd8550d3b1e7a071aa45130760d481c
fe446ebb6f8b0f8d5b2d,a3f93f6dba14060da2ffecc9,cities,585,Guangzhou,primary,standard,0,dev,030c710556cb519469f0723c0a66439c44ac00aae963010f8fc6ab6614955211
fd66a7b5e2c149ee2d1c,98ea9055d4a7eb3ad7058c1c,cities,586,Munich,primary,reversed,1,test,1149b8245448f4acddeedf60c1ae76da352c4616deda869ce536b321131ecdee
b2b6baedfae2b6102915,87b5529872bb146a2733fd5b,cities,587,Munich,primary,standard,0,test,8b392b351b2d0d3a3252cf7fd574b026315f4351491bc3d217908dffad7c3f00
25ea73215bdeb7c2ceff,ffcca0737a0d0477beaf3d7d,cities,588,Pekanbaru,primary,standard,1,dev,89e73aadce8a520ca22380b108f6c489dbbe24c05e37fb84dff59f7e722c0406
18f588a9eed8b9787212,fe536900fb3f4dba6179b12f,cities,589,Pekanbaru,primary,standard,0,dev,b6cae8e49fbbe42d4823834dde984e775385b6dd7a2a0cbeb09cf01195f30bef
cbb9e2e582819ad867f7,362e80e8db0adc30b07dc08a,cities,590,Malang,primary,standard,1,train,8bf9d181c4e72d238481fd7e5d85bbb4ec20922fa4548eb232c7cc024ec1ff56
cb47e07857d51f86554b,a7ca47238bd04916a7f8167e,cities,591,Malang,primary,standard,0,train,9f7183d048760cbcfd7edb37b6ffa2444ce3d505095f0ee4805cbe8fcd935278
97f1b554322dd0c75c51,3b1d91a7da48a2b3e8116547,cities,592,Douala,primary,reversed,1,test,e8fd8fdbe482c15f745e48de99b3e04a4999c3d0ea819d0aa117d984f5f0f480
6781bfc2adb395492748,6949326b635d34fe15bdd7d1,cities,593,Douala,primary,standard,0,test,297729d6c2b478bae44fd263ca0be273f30d7e00d8ba29b5dfd7f08fb9b201ce
91d4c4e040a30925ed33,0e1a488486e36d740d8996f3,cities,594,Kashgar,primary,reversed,1,train,0081685dbb1045ebf9a009aca06e6e568add34a4571f9665f24e6f2609c9f4ac
166d1d601b9a93bbcbd6,071f7224b5fb4e0eae386aff,cities,595,Kashgar,primary,reversed,0,train,a6651c2cd9980947b8b8044387ec734481e920a161bb1aaa630befcef57b9fe3
975fa8a75782fa42d8b2,84cec551c960f3f73e602a92,cities,596,Zibo,primary,standard,1,dev,d865515fcaec2ebdc321a23fbd0521ef5e6790c06d97fb6bbcb1af7245e3c324
3e6c8a433b965942f6bf,939084d32a321fab71102215,cities,597,Zibo,primary,reversed,0,dev,343ff1542c7e9f480d2e91cf6509612622066261f7d7b2368b8dda6453def6f3
2afecbd2c9c3e2b54931,f3fdd08746b754efd7ea1513,cities,598,Tianshui,primary,standard,1,train,261680e90a182bfbbeece5301b181c50f4556f0c4443a5a5d8a15be1a766c967
188eeb4bb71c2cfe9756,2d49fe6a99e4e25f8eef8fd4,cities,599,Tianshui,primary,standard,0,train,6818c431156c408c5cc4b45cc3c67aeb1c953a761b0e48793c41fe43b0f463cb
80a40a847ac1b04a00ed,1877820a8f8bf5fbc7e0372c,cities,600,Laibin,primary,standard,1,train,ec3c31ce4afb15d0739fd33b7cc068e069affa82386988ede28738d40eb6b148
423d86cb618e0542451c,7e289d034cc9a392fb110aa2,cities,601,Laibin,primary,reversed,0,train,fc79b0e47bb6efb4d04ab7589fd79077919a47736ca0f55f43563e40a54895de
11c373afa39d22306bf6,c2e35463ac873f22a92210ba,cities,602,Deyang,primary,reversed,1,train,7d666b09cd533ebd9471811dee9b48e30508e33ab344ed9c5ed2749ed8fb7769
ea0f7f4667a404d41fef,215184647e74d37a0dd2fb64,cities,603,Deyang,primary,standard,0,train,f578ad651605d568f47b2b458c965a74ab274d95cd5a65e1a7fd6d50ddfa6f26
5f7d1911e1a056527a55,13057586c19451f1c636b14a,cities,604,Teresina,primary,reversed,1,train,c86a1ca644a0435f518f9d8a0dc33879a6f654dfc647ed4e8cd6bbe905649e0b
0a10a556cd388fd08c4e,5109596e50ef11e538e7e11e,cities,605,Teresina,primary,standard,0,train,2558f92e07f1fedd66cb75ffee07aa984da8461133465a2398454116b3732cdf
43b1587c5cc7711125ba,77d2dbe4f4fda7b1c8ad0edd,cities,606,Leipzig,primary,reversed,1,dev,dfb6897c8280f55c5b7ecd2be2f2afb2b4ba5891b28fa28db86e27ec25b398fc
1047c7f3b81945ac604a,af5ee5121f40ff249fd71c8d,cities,607,Leipzig,primary,standard,0,dev,9712a133f0cf6d7cd945c5f8f7330a92007e6eb1380c252337c636d2f748b007
e7669416daaae62f15c6,dc9ba52d84db1c5c2f45f21a,cities,608,Duesseldorf,primary,reversed,1,train,af31da10048269402c73d7431638f82f1d051c8412c2b09aaf7277a88c1a1834
f3820d5a094df38e1e4a,2e83e64c111630f2dc668e5c,cities,609,Duesseldorf,primary,reversed,0,train,f9783fa5b8ac4e8a5ed20f9a82562215c27cb1638c0ac7d0930172c53fbcdc2d
d9b21f19051e67790845,011da307906d14affd2a4c44,cities,610,Zagreb,primary,reversed,1,test,65e328f20943fe33ccb683c1e7f778067eca31fcc2906a3f79cba786fae2a4e9
0484a4f5b71a0a571b49,6ebbf404e96bbd2f429c799b,cities,611,Zagreb,primary,standard,0,test,84413ddf61b0b113ff5edfefe1983d71deebdfe98c7426695d90aab929ce615b
518a56cd528d810c6745,7b8b3ceabb143041286829dd,cities,612,Hannover,primary,standard,1,train,1c5c1b12c0aff27eab6ae73f42a4c704280c478b40125b84b5906c7bf2db3b2f
b3c41e0beb65d842f9a0,64fac97be3d878cb4878b91c,cities,613,Hannover,primary,reversed,0,train,52d3669ea1ef293ba4e089cb0ecb6b2050ad441b686ab2094c31b9dd463a13c2
4b5711efccb7d3cec3e5,57119c3a2a2476b64adc838f,cities,614,Penza,primary,standard,1,test,fee4e59fc665a561f46831e65bd15cdac9a15128f8889a30bac4877a7ef0055c
28e347136b29a927c071,1556e1d9062ad87a12db457e,cities,615,Penza,primary,reversed,0,test,affd32ade1aac8541734edf2ebab220dc9ad5dc81f1c3ea81ab7ad5470742f4e
d3b00f4ad2be8def3d14,82384be632c5e320f8f33bca,cities,616,Matola,primary,reversed,1,train,b698df2cfe49a0ae4d297b9ca109b5f6fa5ba9e930fd956db36d52f17d0528cf
c9ac15f3e0bb5b361487,edb0aa09339fd653f196b418,cities,617,Matola,primary,standard,0,train,6a2d21f4ad374dcbfbb2035b5eaeb988fa713102cf1d74d81585c8a3298ab46d
d2685c54d23fac0cf60d,f92aa74abbdfa0b9193a2629,cities,618,Enugu,primary,standard,1,train,ccfd93e42a68f4cab9b4a474ac9311dcdd84c80137fdfe44b96c063d2b62dd77
e51e267cf51e136aad5b,854039cadf81212d012a7e60,cities,619,Enugu,primary,reversed,0,train,403fa68919eef756e1e398ed43d9ed3459bb91711bd121c05dc5162a12719035
1c42cb2980faca00cc52,94cc39afc827b4a71408f142,cities,620,Shizuoka,primary,standard,1,dev,516e063cda9f75c8939991f720e5181173ab57dde3b0cc6988ece98b3392e19e
271bdd3544241046deef,008422ee4b5b8f65cdff885a,cities,621,Shizuoka,primary,standard,0,dev,088e6841c9c7cebc5219cfd5fd28e96f9d3c2e9003063b7162b43d835b71b858
249fb0efd514b8c3cc6a,c149694e444efb4c0956daf7,cities,622,Himeji,primary,reversed,1,train,dd9741fbadb40dbf222153d16696dbc8f2794b1732b9ab4437f6770808ded5b6
05a6f57f8f49acd60456,00e8ac47e63860e9b4ffc625,cities,623,Himeji,primary,reversed,0,train,f66970338c3aed7081ad2aea74704e2861cfa60e0a1e3dbc06405a94db77bc7a
ef3e3b899ae18c9b33f5,a3c3cd97395d73bcec816dff,cities,624,Hamhung,primary,reversed,1,train,f9df46fa286c571a886dbae10031cb92861235f7a438e4819a73b0e14172bfbf
294c56d7c549db2a0c8a,1b8875f4b7c3dcaec7931ada,cities,625,Hamhung,primary,reversed,0,train,e4f59d7d5d32517ddc0a28b74b6926a6358614ebd19ca82e137ecc80e7dafd1b
18023bff977fba2cedc9,02003a41cac7ffbd9eaa5644,cities,626,Seoul,primary,reversed,1,train,5512d36584b842f77fb152f0e642af47cd622fbf226a13ac4c11459ce29924b8
349fbe1db985fb407a45,ffdf10bd0c9f16668ea523d3,cities,627,Seoul,primary,reversed,0,train,18ede6d0b08ad90dd4ce4aafd4942ee632c4d9a70bbeba4459081cda4aac2876
7c8ba8a14b1294da5007,8243d5efd6ad5c21efa3a856,cities,628,Meerut,primary,reversed,1,train,4fd2b21b657780b694e22bf962bd78abac1c119a0a9defcbf3a47d8219c28c4b
3364d9bc67207a406e20,49c19e57a089db73091a2b34,cities,629,Meerut,primary,standard,0,train,b8d95d5173daf52d532f1f7a7a67b3ffd6808d57023f04e649472394e0a51460
6d23921452c3a3eb9bc4,f37d7d108ceb81a1ac731d86,cities,630,Hubli,primary,standard,1,dev,4d32465cee1fa09caab13f70abe006fcbcb2f98b269ba036f898ab724d0f67a7
fe24cfd4be8b37173dce,72f35639e6e90b9b2c5cb888,cities,631,Hubli,primary,standard,0,dev,29dd136ef70ba4c1487864478d77966c2f4b7d1b7d80bd52fa515ac8bf27d571
9108897cd46acf963859,5513933d92c324a85c69839a,cities,632,Dubai,primary,standard,1,train,9740e3de8088491900b76ad05299d99bb1bc838e7a8fe1dc9e6fe427b98d9c8d
d258944f43432629a5d8,9c1a8a17bd14f8bad7692928,cities,633,Dubai,primary,reversed,0,train,77986bb2ddec7338423b2cd81c4be057a0888694bb2b383ed1e7e011ded00bbe
5aa0c96852218ea8ff5c,ffe19d1d6c0ecce6411fec0a,cities,634,Astrakhan,primary,reversed,1,dev,e3a6a209cb70413ddd0313fdb0d0e8d37af98da6c98f9c1ee4bd1f3290b4a36e
3fddb097c2602079c101,bd6b6011f842fc79f8e23009,cities,635,Astrakhan,primary,standard,0,dev,4323a16f68911475efeec5983d3d88b90921366a3b4af15938acebf325e1b232
8efe09ba6bc12a242831,0288a02004a85005a626c344,cities,636,Aleppo,primary,reversed,1,train,3144c9ce4be8cfe0882740fbd31c45747ab9f874c54996a95af72cb8c8b2aa98
e97c3660614681f94246,ac7b34d3f97c375aab96f270,cities,637,Aleppo,primary,reversed,0,train,a43c64a03b2071f05beb31f1ccccba48e3bcbaa7a761047ed43aa1020f80f59f
3d30b7719899417856da,a3cd5e9481da633f7b97abc0,cities,638,Ar Raqqah,primary,reversed,1,train,ae2442ade11688c7b04072ee4301cb1cca787f7ec1f9e12a0a338c0c1aee6f75
6826dc7665e5c78fe74a,c5a5c91e5a0aa9465ac5d2a6,cities,639,Ar Raqqah,primary,standard,0,train,4c582118495b5ba6db8eeec68a853e36174b0cd4474f1c9afd4b5038785c3e33
e4b8b6392e228fd371ea,a0893837c4037b1979bb82ea,cities,640,Saint Petersburg,primary,standard,1,test,c6bf8e8038128d9de189d1ad205a79abaef5f3d73dbfdff10d83ddd9f6cc97d2
b1965a1cbf07c3eb2d63,cfe6d4e55327ecd875709efe,cities,641,Saint Petersburg,primary,standard,0,test,688443afcc874348e89b57bff9a9587d40ccec4bc996e7586b7b0f69018db192
2fe6069bb3f1ccb099a3,5baa8b4d8d70d3d242313778,cities,642,Johannesburg,primary,standard,1,train,5eb6731dc5ffbd2ded22ac178760793db27793317b2118d656f04a309931a616
e27ac63f77a3f74f02d5,f7f76404459c3dd2277031b0,cities,643,Johannesburg,primary,standard,0,train,c24035855361f008f553ba743771259ca5fd16144e21e4e7e16d94b948742958
7349e7111e766c9b7d24,a53598f64fdda777b66c813e,cities,644,Wanzhou,primary,reversed,1,train,6abdb3f65ec9620d611783297758bf4961849329c388bcfa895a1dabd9c0ea12
e740a08be01a1939df9d,92cbd5e9c785ff245bb6d126,cities,645,Wanzhou,primary,reversed,0,train,c01edb06ca556ee477e6ec5275eaabfa4b2d7d99996f97c57be95ac5177d25d1
a2acbf922326948cc6f9,6a980b4fd3cc446c340c62d7,cities,646,Anyang,primary,reversed,1,dev,2364607b3f92cd31337a57159ba55cb3371ffe0d54f396cd2999f9d6dc8e2dd0
970032155b3f955c1e4e,7b7eb3345764b00c3b193a68,cities,647,Anyang,primary,reversed,0,dev,2dc92f97b6a72d076d0a3dd6f44e46fc55b30f9d966dd94aba0b740d2e08817a
292fc5474da2c5390d4e,815a83406b0fc9f8e54823d2,cities,648,Qinhuangdao,primary,reversed,1,test,72aa3a640ac368f53a4766f90af9a1e11293386500786bf9a93920ca39625318
b1ff210cf8fa4db77865,fd0942a98087962a517c4e0d,cities,649,Qinhuangdao,primary,standard,0,test,d9877a8499a9e4982f8c353eaf325fe53ed079cad78ca263b17fbe05fb81c8b2
ecfc03232f87a973bbff,a3b6574e2b465a1617a22f0e,cities,650,Meizhou,primary,standard,1,train,6820903678f59f83ba0b7984c3dbeb9f8e5f13b5dc51a7a59f03686880318524
1a85e0b07edf0d8a161e,ed58aff88f707c55b5ae4327,cities,651,Meizhou,primary,standard,0,train,e534e67d3a6d010a5199a5f519bca2338eaf53e6d864d8189f0ef77c63894e45
9613b7e85ebee6d622fe,28a2f38749390f640ed56e81,cities,652,Yangjiang,primary,standard,1,test,74bea4bb1713e5549551ee48e27eca7af692b4da8791210c14a5f9970c8e0150
3a51095f4bcc4bb58d0c,baf4b033f3427edfa847d43e,cities,653,Yangjiang,primary,reversed,0,test,15f4173fd6aca323ba296938ffc60fa06dcfd9adb58d95629ae15d24541f6c9f
6f47c809eea9f279bc32,6c29533d9a649c044ebb2b16,cities,654,Beijing,primary,standard,1,train,0dd68a8fb0de74c1c7f8ccf4a95f7d7bdc39bcfb518d1dbae00e29db1d5eb6d3
d569e49434cebec014f6,67fb011568209e463c132890,cities,655,Beijing,primary,reversed,0,train,2b6467fe0c646ef37be969090da5a6ba61570e817fb0e059ed7ca22073af3320
7577271231db841a6698,f7da8c564efc3e39c3f08237,cities,656,Shah Alam,primary,reversed,1,train,08ae96a5733882d32c7c91d7dfefbf7687813d4ab0020b6688f5440c12e72853
427e8d2892c3e996f711,d81f8d755fe56a1dabda4fde,cities,657,Shah Alam,primary,standard,0,train,eee18376a2f4e0e2330ac3ebc5da6cab496fdccc05eb090fae17c7c31fcc62b2
3d8d5cad1752bc55e5c7,f23cb2b68897d4400179c89c,cities,658,Vadodara,primary,reversed,1,train,783e4ba102b1c88d03b8fccee56d940130098321ec83d469ae54c284c8c398bd
338fa315374327d0c210,264c9a4c168e69b3e2c14c0d,cities,659,Vadodara,primary,standard,0,train,8c44449ef2c854dbaf3cc3205d719b8541e96f36374c966aaad258a58c2b4734
617e05ea792d4000a8df,73f08f98eed65a0082856d99,cities,660,Sangli,primary,standard,1,test,fd73ebeb4e1b8623905d19c855dfdfcda1169897be76baee29459b16c91acebf
f3ff0fb10af5b195a6f5,0f9ecedc7150c94e0c9cd565,cities,661,Sangli,primary,reversed,0,test,9339b3bb4964427002b145068f3963722d9fd429873df1118498ecd6c06c15b7
7e1fd6a511b9d5bd204b,884344cdd6aa86b99339cf0b,cities,662,Guwahati,primary,standard,1,train,06e7d7daf1bac557000011ca0c6e92887ec3aba60c509fd1d185c09beaea942d
8fe467ba3bd71eb8c832,904358bda492a7feb0021b10,cities,663,Guwahati,primary,reversed,0,train,5d35e3ca2b02355a47fa802a2a9e21b9b0cb78c229beadfd18de3df56e3d5a07
657005bbe5d27f6f3499,f3d4eba85e0bf963692d3aa7,cities,664,Prayagraj,primary,standard,1,train,e7e87733eabd50eed56d0a93e273265d4350db4c555c36f50af2ae2794b5bb62
14b047c9965ed92340a0,e2e43d87db58d113d912ffac,cities,665,Prayagraj,primary,standard,0,train,ce30a846868084c8dbccd55572f7a670560592da15e70b638f83d17608f9efee
777b4db4ed2f96b16f10,616c9ad47e966d50fbf55314,cities,666,Aligarh,primary,reversed,1,test,5f4031a759165a5ddd6b92d7429cb04f5fc3e28d361e7fc95bc4d75ed184c3e5
8da4cfefb580ee6f4285,3f92b9685eb9237660626743,cities,667,Aligarh,primary,reversed,0,test,662efbc959a8c27681c0fdea279e5f449b430d443b81d5cc9bbddb9144c88a63
d0b0662a294a16dee530,83c96419c45e021c5049ccfe,cities,668,Kermanshah,primary,reversed,1,test,7eb064f010ac125e9a0b5dab138659be3a4efbf3d849f299fd429c9c3bd39d0b
78b42d5fab6d50ee7d75,84de27cf95fa595eb50aa314,cities,669,Kermanshah,primary,standard,0,test,f3fbc83bbb3b50f1230f52037a8cef3709cf46127e44fb6e7cbed057bb0d7a49
1b9e661e9d61a12c580e,8f33d0083c29bc5574932f17,cities,670,Semarang,primary,reversed,1,train,14594dc891e321f29ad7a3964f774835f373a0a26b3935f74e4e8e8437bfd6b4
e7b4772fc0d837248f54,8e320e7856fc707e680ec3da,cities,671,Semarang,primary,standard,0,train,83698040e849e5380fde98175da74d283af17d805bdedc827d7df0f5836acfa0
4d0ab6ada0d5d5d337cc,f9473f99ae56193b36bc1bdc,cities,672,Khulna,primary,reversed,1,train,075afdef179205030fae7f3daeb6cb7da885c88655f6f31479a76b7b07b63aa5
d95bea671490be8049ec,7adc6553dba917c905eaf08b,cities,673,Khulna,primary,reversed,0,train,5de288f5a6c61d1c8ea2f54e928c549893115f112701b25f9fa657f4a25cd792
e03c6ac74aa0d3c256bd,76755d1847f2cffff88418b6,cities,674,Korla,primary,reversed,1,train,3763a76532b93134f6f01c6a442d7dab42d7d6af8a0931485ad8f953bab2c611
ec4441fb385a32125de6,5d077192616788ddf4af794d,cities,675,Korla,primary,reversed,0,train,ed1378835f356cea33ff982b40673871ee72a71ee348f9edb17f051d89e013c6
f232495de4e3d1e7bf16,c3e3d56f0fe0730b1d26f9d5,cities,676,Zaozhuang,primary,reversed,1,train,36cd3c52dbe026f8e72bc9f51fa66b44204c95726377fbb4adeda1106416bef1
9b5e9e00a119e391da32,b755ac749bbe2e2812e82770,cities,677,Zaozhuang,primary,standard,0,train,38331b2181e8c8642c1b746184a030d3c6f4f320017e0c1ccaa5eb2afbbd4715
75242311ca1e95d92ef1,4580c4ea44ffb408d773e717,cities,678,Xiamen,primary,standard,1,test,096726370ee2960037e50926a293b2be0b2c358ce8207c6a06a5b57b24632579
6eb52c14dda9e1788ba5,82e5fcfd8c5ddd455b704d9f,cities,679,Xiamen,primary,standard,0,test,d2858078df5ad31f66d2b33a5ce2ab3e632ba1c3082c4c7f442c163c7dc448f3
8897820b0b2a5317931b,16e1b9afed0bfdd68b9da5ff,cities,680,Shenzhen,primary,standard,1,train,302e5c9049d9e7a4462ac229eb84369822d3bd50de2903b7e85a33de8860c3f2
c2b32341b111723a1aad,a4a6ba51e04932adab84b3ee,cities,681,Shenzhen,primary,reversed,0,train,90cf5f44bb3158e480d5e72edd9bdd0df3f20ca77aed229795499c5e6e724894
9b22456533e612bb5dae,a200a6d041a9883a12912abc,cities,682,Maoming,primary,reversed,1,dev,6efc83111dffa40982f1d986d57ec08d53f867fae7bd9ca00415998a5231d1a3
f49e11917db3a35359b3,706b5b3d287e4369806bea7e,cities,683,Maoming,primary,standard,0,dev,422561e64c4c7726a484a201493cb08e35e8e940c8384defe666d14e568d09c9
b67b8d1734362762cb49,4d17b60ad64ff45b506751cc,cities,684,Anshun,primary,standard,1,dev,e7696dfcf99a99b29f455a79fc90bd08cfbdae46fa16526392058f6dad94feda
a421cf9224c99af31b58,578ebc9850d9228e8c153bbe,cities,685,Anshun,primary,reversed,0,dev,a7cdff51ec86d5bcfc4e9a27b4b4745658cc5a2dafcb0544eae97d4d74ad0ddf
f9bd89774ac641b5e2a1,cca35e7e4687c5df9637897a,cities,686,Siping,primary,standard,1,train,4e89507e18d1c84217e7b7eea62ce539a3deeccc6291a06d4d29837a42bf60ae
ea4c17a85a5631a36cce,34665d17c10ae00558604053,cities,687,Siping,primary,standard,0,train,743e90831d8b8023f7a79e4bd4a5c1666a6af2f976f7605c2f9b8de077769516
9bddf7570f1778122ae9,0fb8f82e966f7b1899c69444,cities,688,Shuangyashan,primary,reversed,1,train,129f2d4ef6c4a1727741bd313227071bdb63dfc689c1815360d7c8cfbd94a63c
c4926eb6986e14d272d0,31d9a3204fef921f36daee7f,cities,689,Shuangyashan,primary,standard,0,train,d17c67ca6b148a5aecb8c12a4b1c11279fb0846084c8cb4c25127114efe9647b
77da048b1764ff3d5669,50e009f5dc2e7ce8cc8266e1,cities,690,Jiamusi,primary,reversed,1,train,a409618fb4b4a9a4a73e12e4726b2e67c92e7460071db75b5e4581d85572f522
58e77977999a606bdab7,ef93838fc01a41e861fa78a6,cities,691,Jiamusi,primary,reversed,0,train,aa31aab10d90d14a3f6d17e4a9b91e847e8bfa15cdb620dcc702e65c240eaf28
ef53297051d66846c33e,6c289f26651acac1378e3a1d,cities,692,Minsk,primary,standard,1,test,dab866e85c4ff7a9c119b64f3436fbdca39e7ff5b5128337318467fe936a6f8e
cd8e3566961aa8968d43,4dd2e1af36609282495bf5bc,cities,693,Minsk,primary,standard,0,test,7be50de8abd76e082161c1087dfbe2209c188b818077ea00de1c43741f628d26
217faf43685624c1df69,4ca794852cc562b80c3273d8,cities,694,Lubumbashi,primary,standard,1,train,208be68bd825813ce607f3c3d688cdbbbee820b6df0e3d9da4eae1ed50acb58c
92b2ac37b955987437dd,782f168d5105e801b872881d,cities,695,Lubumbashi,primary,standard,0,train,70a4409fba901f309e4777115bc5485cd24c7d8a71ab4b2a941dc094f3069221
b6f46c116b3be7838f67,c5ae116451206f1d000a606d,cities,696,San Miguel de Tucuman,primary,reversed,1,train,2d38d23091f8557d40c2f0dd2c708deaee63c8a3bf8ee58efd5fb2e9abcfee3e
84bb22b585f794840d42,b75674d239add3ddcae72bbf,cities,697,San Miguel de Tucuman,primary,reversed,0,train,a7fa3eebc10998c2300e273fda9209906b6061b6d3d8e736b383311c8b7c09d6
328a90243d9afaf19ffc,d75770ecab423ac68a1b5165,cities,698,Cotonou,primary,reversed,1,test,95095226d924407295869551e02836e12d66694dd5f8dd7d308f66c2809a7b77
0a2a7438e27a07a21d10,936f7b734a96ad7cfdee3214,cities,699,Cotonou,primary,standard,0,test,75eba4a1a6f98e87da505fcfd956f2d6e850a2a2c6fe6a33e6522bde5f682717
628b4ad9c5b24798bab5,1efb1587436a16f1831bffbf,cities,700,Comilla,primary,standard,1,test,29db6c55b519b0498cfe8157a136ba5cf2b0f1d07835148fc39e5ea6bf8596d2
b9f1c1477791fc009f49,bbd03737166c85c6966efc22,cities,701,Comilla,primary,standard,0,test,fee6e89af7c394bf6175dfe0811131f7ea2fea321dd4cfc0dc003faeded8bbad
b872c711fefe28cd08c2,3323071c0dbb890cd233e2ef,cities,702,Sao Bernardo do Campo,primary,reversed,1,train,beafc9345a1185e42e0760096735d3915e2cacbc2531a8965c3d5dbe3e592e7b
3e1094d844cca0eff315,9a75dfb66a228da520e151a7,cities,703,Sao Bernardo do Campo,primary,standard,0,train,7c3a9d1c5f0a41947bee5566d10d36d8bd167544fcf138b73abc52f7fbb327d4
f926d95dceca1f52e36b,4375ed9801d0e169dfdb2545,cities,704,Feira de Santana,primary,reversed,1,train,cc588f76329e45fd9836bca33a764e9c3817e6d704149db76de79e2e6e86eff8
d8e4b7abaa345f6f8b06,36c95d90b8b6cbae63fc73a1,cities,705,Feira de Santana,primary,standard,0,train,6edea89598838f74a570413c0d14a1529deede03a936ade04d3ab8a2f70e6b4a
2667d2230f269b7551c0,dd73e60d1e9fa69ed0ff5df2,cities,706,Porto Alegre,primary,reversed,1,train,b317a6179a03988f6a5b07a9b9e2f078303c30589154ceb4ea032dbd67b87101
489292a08b82e3af2c05,59c945893dc9b264a9eb17c0,cities,707,Porto Alegre,primary,standard,0,train,102b9fb0778935b290570cbac66d6869aada90b35ca0283317621b17ca635553
89d8bcd9d5ee065d5780,7b95c0462c6ef82900ff32cf,cities,708,Juiz de Fora,primary,standard,1,dev,172d9c6c510112dae5bcbe66e697d4b0a769dc97e1a897d0ef80df6b66b2ded2
e8a99fb3ed37f783fd4e,93788568507df5296fc974b0,cities,709,Juiz de Fora,primary,reversed,0,dev,421081a6d8a309b06723c1104d746a38d0a217235a5a7609e7c4d72a5d9d257e
a9250ab6c762e35ee2f3,0a2f55a56ee02bebd11ed691,cities,710,Nagoya,primary,reversed,1,train,fc36900abe27d7148998a6273cc6a69c8df0af2b08fc31d6b7ffb32a34c11171
96f6c81595943a41d6a9,015a53cced5851c87cb8ec75,cities,711,Nagoya,primary,reversed,0,train,9d31fbfd691fc37c0674dff69b34b12badf2534e546f3a2a6d472e851f1fc432
dd2eb5954e25f0daff63,af1353153e9d754a94f9df91,cities,712,Al Ahmadi,primary,reversed,1,test,34742bcc56d36ab7a3782dfddb7ca048faf2dad4d1b503219ffebfd0876df112
33de2b292eabe54e3353,5e01e0d81c987b957943723f,cities,713,Al Ahmadi,primary,reversed,0,test,012e74170c20562bb5aa87a561a4e96dc653af2f25cf5dcba54c6f83e43ae820
47c4c5bae26b2f938063,93702173f731d7d551942381,cities,714,Beirut,primary,reversed,1,test,6dbf0554d7555f6dac8b108657fb330633573b9cf34ea4e7faf5a586d6458847
b725d9e7d792e394688f,b383b892aab05e2599d9a2a3,cities,715,Beirut,primary,standard,0,test,41b17697db65eb8ef425d3fec2647c2df9079f890df8ec71a5a2a0284da542ef
2f9f0183643ef35f0413,c4d18d547132e955c958d6ea,cities,716,Lilongwe,primary,reversed,1,dev,b0a4c0283b1120ab58653ebd8375feb07409184601fda108f7e600f30cb0565b
2a014aed1680ca41ffd9,fc5d6bd126d768bc0b0573e4,cities,717,Lilongwe,primary,reversed,0,dev,092d7e5a99b04824ee189b369c275320cf0fb749c31b0f861489966bd54155c8
678f9e207495dc4a041c,c3b3fe06801f03018b4ea442,cities,718,Ecatepec de Morelos,primary,standard,1,train,ee7b911bb48c22556781917ba941e16b1b3de5b6b6088706fdfbc5b4c1fe8a95
48c8c9e1f7082f965282,1716df855d7368ecc6febd42,cities,719,Ecatepec de Morelos,primary,standard,0,train,3d9d83012c69e4b0b82bde11fd173a22cef3f3877e9b40fa553da7656404e472
aa1983fced1d9bf66640,8af0d8354477b97ba9788e07,cities,720,Cancun,primary,standard,1,train,e2dae65a24cb2e0c0fee96c37f77585995ed99b1d0624275a5347b790af509a2
be8d1af9a044482f78c7,e64c530f454c7ac77b55294a,cities,721,Cancun,primary,reversed,0,train,d3b117eb6858412d6bf7ed0e420d22a2df37e120476b8f7c62dd6a1d11646d69
95d341d3b7a5afcc6d99,1d3e06f9710e902538426eaa,cities,722,Isfahan,primary,reversed,1,train,3b5f90d3e41d0410abd5a958707ab6df5f1977e81acf1d120606e2b8b035f894
f0bddf402b54bd5b9291,abf058e9956e17769ae7692e,cities,723,Isfahan,primary,reversed,0,train,e57f1ac59a4e1655e95f5429c44cbc4a6a657b42522605b876b313ddeabbdfba
dcb50b220bae102f7aab,580494c3c0033fb26b28fbff,cities,724,Conakry,primary,reversed,1,dev,988888f6e7098a6a70e83e69e57725f19dfd8324024c9ebe604ed65c90e3e383
d32309d142fd930908e9,ce163f4a833baaa237c1b08c,cities,725,Conakry,primary,standard,0,dev,84a8b4a05cff396e8d939acd6223a949bd6576bc8371e107d2d7868134b266d3
ee75cf335014c139b31c,2c0468d7e21e1a50cbbbfc5c,cities,726,Petaling Jaya,primary,reversed,1,train,48ad68f7a001adae8a3d5567c31aaa4223deb3f90c0a0716b6d898243672a94d
48da1f4fd47591e68df9,1ec151aff21e0b5afa605e07,cities,727,Petaling Jaya,primary,reversed,0,train,1e219b6b881fcc7e10b50b8aa7ee590e4ac4fbed52db186a46d2ed11d9438aba
763e871dbe88c8696a03,dc323f12234831f6e9b869a2,cities,728,Zaria,primary,standard,1,dev,37a0602e9d8f0114f569bccc176e617cfba23576a43c75b9f013204f7930f4af
50c48701633815390998,f6e0ab31a11ef70d024bca74,cities,729,Zaria,primary,reversed,0,dev,466a6d38d94daae9c65a40849ecd702ae530cdc4f83f5dee385a275142aaaa0f
d23a908b402772d694bf,b9f68d6e23364d564654bae9,cities,730,Cimahi,primary,reversed,1,train,84b549fabed91b172056daaf04929fbc368f563af1b65f75cbedd447b44d7598
b64d9360c3a6b69a1504,9c194eb8e2f50e70f3076d58,cities,731,Cimahi,primary,reversed,0,train,4fd3526f6f95f22eabcea8608788963d6676d1028edeb24ba062d734e7cd4c46
5dfd6c5f9ce9c127890d,213f42f11f98887fa28d1758,cities,732,Arequipa,primary,reversed,1,train,59022e5095bda817c430d8cd7908c1e724e749320ce5e1305b2c75e2f194479c
8f7ccd0413ee8ef577fb,19f6ed79f3873d87c0f6b41e,cities,733,Arequipa,primary,standard,0,train,ae61507bbde60985e7f03aa3bfa1afbcac30a2cf03276241dca2d50b06a0b0da
598eaa9a5807fdacf5f5,b537107f125f02f54dd1d400,cities,734,Multan,primary,reversed,1,train,bb1048dcfeaf4b1f592080b9219257d4f283ddc100844fdee6886fde29c48554
3179d30862a83c15d9f7,517784df039f5466061830b9,cities,735,Multan,primary,standard,0,train,a9e46fd669d4428109b424ce361e8f82e0f0ec0e3f9c98aef26fefc5d3afa6b2
4997d4b53fa7d05a5ddb,a03e2ebe49b4c019e1ab1fc2,cities,736,Bahcelievler,primary,standard,1,dev,ac71a1823d1297765add8aeeb80242983738ef0123f3f982a3b466c5cee47618
2481de383d1eb134d4e7,b52905feb7ef8ee3c078a124,cities,737,Bahcelievler,primary,reversed,0,dev,759fa8569dd32527f0d8c2d37d054970119953dee57a684305412d59408a78b8
c12d8c6db5d8711c56e0,b5df47cc2bc859663e5d54df,cities,738,Saratov,primary,reversed,1,test,db391cd56e16bfbf062030fbd2eaec08af77bdb878172675ed0928e353c2209a
afb87ff2618285162b0f,424214e8ac3b6263132f0487,cities,739,Saratov,primary,standard,0,test,60c52acfa248d779f8280d848a580ab054fe5dce5ee3b5a8dd401dd31bba78d5
994eed4124a9a542f0a1,850eb874a7d1ecde68b7f60d,cities,740,Kharkiv,primary,reversed,1,test,febb36bceff6c7f3b860734c0045933d881723b47a81e863a855e690c30b24c6
d2a7ac40a48e6ec83ffe,f4ac946e77773762292dff76,cities,741,Kharkiv,primary,standard,0,test,4b46a7cd4c6dddb65963187146577e01def28f9e046bda229a9a850b426f9715
ff74a30b7c14d369e3dc,f3a7d67b1fe75144a0e5b1cb,cities,742,Malatya,primary,standard,1,train,1fe2c61f26124707631dd5dfb989af5f1217db73439289eeba327b52b5f18864
9212f7b708567f982d68,518dc69d70a4dc0dba6302ce,cities,743,Malatya,primary,standard,0,train,7289dc96d2db04c1a42f7152442b2a841a45c9c99ef720c16e256972b07ea2b0
d585b75ef8fd8b46c0c3,8d268d4912d708ca57de5815,cities,744,Lviv,primary,reversed,1,test,2d4a25aa6044d39a95e52a3b3a84d74009854500cf9ead017afb2878744db972
14b2e965fdf197d5c58f,242008d585167ca1cdb0f7f6,cities,745,Lviv,primary,standard,0,test,772ec802b1287948758968a11a5f41364341daa2a4ae93d4c6fdf99cc4323efc
e67caaf048890f1eeeaf,b0dc4e28e94e05c4005808fc,cities,746,Kyiv,primary,standard,1,train,1f3cd8c54feeed1708decacf27468d74b50c5b4abe08899e31a1425b5918223f
a101b134f62fab92b655,cac74798739fbc802fa1f4f3,cities,747,Kyiv,primary,reversed,0,train,b4e68d9b0115853f3af23424dba3c730d80bfa155ab4568f639db871aba2795e
416583dac9cf5d543f0c,56dca657b99b5b798f520ab1,cities,748,Kitakyushu,primary,reversed,1,train,6ff465562cb9e2d88c82022105433b17e1ee4a106e3eaad2240555df790f2ece
8dc514b2e6f89d00f2cb,ec66faf02d16c65ff61a2de7,cities,749,Kitakyushu,primary,reversed,0,train,fcd353caefa2f3a715453ec916cb6afc4dfd471dc5459ad4a3df43d5e60e6f6c
8b2a1869cd1c3360211a,21b560ed1ff8d4dfe86aa8b4,cities,750,Onitsha,primary,standard,1,train,cdb1f4b5dfbbd6cfc6047b18b4c61058f7fa8764531383dadaede274ba5e7aac
8e32bea1b54b43aa8336,8eb515bbd7915df08b6af659,cities,751,Onitsha,primary,standard,0,train,0da642a671c962406b5718cf3227823a1f93372d15a31b4b8cbcc6033ce5a50d
cf6f8a45492c39d2930e,60b546d0241c776a3f77bff4,cities,752,Anyang-si,primary,standard,1,test,dd4cadb41de6a034757ce3e626187eed9d174765054c5219378e9b42f088b508
aaa9c06205e2b38d4530,6d846f3f9cb68a816d1da86b,cities,753,Anyang-si,primary,reversed,0,test,a8efabb9d6851df86513e1bb1af14fc60caf3a0bcc0aceb5155c9e414e8c3041
d799df04b848ab9bf4d4,27cc4e912a074d83d454733d,cities,754,Kobe,primary,reversed,1,test,9aa501a7c85053e5e8b518f53a63bf927c5b5bc116625b8379d231bdebffab44
cb186bba89a24f8ac79e,607e3a5b37c212d4613b6416,cities,755,Kobe,primary,reversed,0,test,f78016ba16f6fbfd27b1ce3210ecdd11cb6b09fc6cbfdc6105b5e5087d8ca249
6f22fc165326ccd2f608,28eea3eddc40c84e46176648,cities,756,Chiclayo,primary,reversed,1,train,e9dfd8169063232ef834718fcaa8753f1afedb2b19ad2fe12ccc4253f9c70073
0e4efae2f9afc3509dee,89985197dc53b00f3b44b4e9,cities,757,Chiclayo,primary,reversed,0,train,7caffb8915c188b8c81dd91be178f9aa7a586f7c8ce02feba51634212d9814eb
da969d992ac760d86e36,a64799d1dbed7c674c5cc0ae,cities,758,Phnom Penh,primary,standard,1,test,ed05cb295f7a836c052d08db4cfceeb7bafb89cd0c5a65515f3724fa110e5ce7
88762473f73d90d8b0f9,ca28a40dde816623ce624014,cities,759,Phnom Penh,primary,standard,0,test,fe68ad203ecc284eb04a4b2bd6fad7b30583b937847b33902e17ab374408b0d3
a38db86d28974b51f0c5,5296d5b246f9367d0af17fa6,cities,760,Nouakchott,primary,standard,1,train,20c1ccad80c4601f88d7ddb1bba02b33d37dc20e435a370e612fafffd8157abb
6fa03bccde3557b8d43f,fcaff71704c0af038fac47de,cities,761,Nouakchott,primary,reversed,0,train,bd109ac1b9107ae86759c154c18ed25b6ba964c6f900e64944d216291abcec8c
372c1fbb05ea25ff295b,56d05315be5223b2f3239d56,cities,762,Vijayawada,primary,reversed,1,train,a451be730dbdbccd5aa65c30084f7370016cc9dba38fd57c9ac580ae7b7d77a1
baabe91c351a0c6648c5,edb659b58d8a47b76a58eee5,cities,763,Vijayawada,primary,reversed,0,train,121ee3f3e125506b53c989e1e6e5e4d935fc0707a5421d1ca77a2b359d250189
8aabe6254de6eb780de6,865c6a2ea0b2cb30064a21d4,cities,764,Theni,primary,standard,1,train,7c5775cfd59b621f86015c568f53e0c4e9df8ef7ca6525148bc6f58aabb9d7d8
56ead5ea01187200239b,923ab4dfe9be3cf57409d799,cities,765,Theni,primary,reversed,0,train,62b3982efb62d6f54ebe66f35d4fbdfe1149d2d3dc280069d0f286d63e2d0a28
ef8cf78ede5902ad94a4,ef985087412d7e8ba11e746f,cities,766,Narela,primary,reversed,1,test,3b860acabc410cc53b13cad6615c51a947469a5a1f94d3e5c31c4a961e3c51e6
ead1e637b8cf579fbedd,9276b294b63f953b248d67a6,cities,767,Narela,primary,reversed,0,test,5a2c66555842c2ec284cd8c74bd7c14cf6f542cefe8b57b921b66accc5e8acb6
e9df37c335faadddf2cb,489126d9e5e7b2ede7de0ded,cities,768,Quetta,primary,reversed,1,dev,224fd33d0bb859d2925c685d9bc7af2adc34a0a720279dd12e724155fa5575f3
d6803fc2249ae0f985ff,8371b418102f0ed447c8a604,cities,769,Quetta,primary,reversed,0,dev,9b213a88c0fb16228d5b586b7620cbd816b8bbee1414e6122bc9870f03a045a6
26216851a35d38e08a54,b24770b9efe4f31a83fe6085,cities,770,Chennai,primary,standard,1,train,ba8410ef8fc263c2b5ed9f2444910634f84cf9f718e740f67554beb7298ac134
8b88a5d4f35c21fcd9b2,0a7899e121a631a099be83a6,cities,771,Chennai,primary,reversed,0,train,03581bd3d4eff165271edf76d3fe690000b5bb98f44eb6de59d965b0a64c834a
7987371cc209a7838d7e,b8b115f38bc69b43ff990806,cities,772,Changshu,primary,standard,1,train,1c5010eb62eacd942c10abf1a8efa3e9040f986ed45ce0893bec2d8f13d4c742
3b098939c4d806bfda1a,f4781aedaeb92a96d2aabb11,cities,773,Changshu,primary,standard,0,train,0d43970fb9a680d5b723a377782094f72b16ee0cc850299b8771f07af4ef5403
03ea634e7e7985acd550,111a12ccfcc2eb8706589c8e,cities,774,Tehran,primary,reversed,1,test,a10e59a68bb94af74fa427404a81b005b1070cc6281671ef6712133a3abaa8d4
90831f0177f3def485e0,13637a1df9eb80b76d5b848d,cities,775,Tehran,primary,standard,0,test,48513e0edd903426141984d60b39ea319cafe35d3cbb0b415f25c5ebfc786c50
09dce41bf0249aff8605,c9f9023f6c6247912ac47a1c,cities,776,Bayannur,primary,standard,1,train,a5c2c66b545d05f3d90bb26b3dbc6146efe4056a4ee4ce7dbc2a42a8e38ba93c
8048d68078ff2efc6b11,7de9df122b73d5a6cebf316a,cities,777,Bayannur,primary,standard,0,train,e752e787f653c55ce59cb70d92b9e7d1017903246b7fa24338510e279b7cdb36
bfc696a6d589ce030408,8437dc43469b905892e8ad5a,cities,778,Barranquilla,primary,standard,1,dev,44391c2146a56d719a3c278c82b78eadfbe1c1bee9f942fe4dba989ce00f3381
bd9468af0a3151f6b034,a613445f9a3ebd17a0d10179,cities,779,Barranquilla,primary,standard,0,dev,ec40aafa40b9ad24c686fa927f928ca6f86ac8509e0c2dca34071b8436e07df6
f9e1ecf9eef440e6cc68,bde11e7e7bb5023f00c5c401,cities,780,Budapest,primary,standard,1,dev,dfdfc68f82974845034e6a9e2213691f61c763ca203b6b84e45bca189fd0ad37
8549e84b9b7b9b8a790a,157b7bdb7bc65a4af9728f43,cities,781,Budapest,primary,reversed,0,dev,dd1df73de587b48cc4c9ff3c2fed88f00bfc213e33cf3f0461bf6fd50626c201
1a5c636171001ace5f4e,d2181718d8d4683fdef77d85,cities,782,Pontianak,primary,standard,1,dev,fddd0e698593b527a85af26a713a24fa692e7c0b8320ce97d5c850ab31dce109
801b5fef6aaa2332ed2e,1c07fa7f0c6279091961c12b,cities,783,Pontianak,primary,reversed,0,dev,a6b4ad3fa1e7b5fd8a5ff8738d9d98de000f09eac1f4114ab29a35dba0c373bb
f8d56a1fe9102db2b698,23ce72c0f700f411f5c1527f,cities,784,Recife,primary,reversed,1,train,d5f0fa475043305472c9d54b796df3068e1488f41cbb22ed5e73dce502b431de
93243de48e532027ce27,d3aae544775ea538be14459f,cities,785,Recife,primary,standard,0,train,92c10bf08ace5dca00530b3ba694e0abcd17193fb0ca5cebebefa8b4ea6fd23f
757045b99967a88d4f32,abb78c999a7c3e7041b28b3c,cities,786,Contagem,primary,standard,1,train,65c0e7b8b5fb25bb77e3774584ed313e2d86af251ef159d9646dae2672b07084
759a01a053068049330e,9df6f1734f4b89478c896376,cities,787,Contagem,primary,standard,0,train,4cb8a2e836a70352ed315b3436c158e03eda4970ca45d7ee6cefdab316316438
0a3bdab199d9a354255d,c7cb44fc3e2b9288c464378b,cities,788,Port Said,primary,standard,1,test,da9cdfebe4f61721dab9da7b1b43c99491eb3fb369a3a5c65b6623cd677b868a
40323d9babe98c59977f,225dd8d60dfcc6d556a71564,cities,789,Port Said,primary,standard,0,test,207c3609a2c83f786b833b8e6515f82845dd57fd55c2da1d99e489b63bccd937
382fed887950996bd073,d83495c79a23496ed096d19d,cities,790,Asyut,primary,standard,1,train,0940efcc95385073f8b5dbc1289535df3718186fee9c57ad1de4f8a678e47fae
c949f23e7d8606a5cc81,3a5459a5d3d52376cfe5d941,cities,791,Asyut,primary,reversed,0,train,9c8dd0b7b3e69d895670197737cb5b662601db24f1655389326dc87fe7b2bf8f
9e1be1d9a85b22e4ce1b,04f05e5127dbf5099b36d226,cities,792,Ziyang,primary,standard,1,train,c9881e6e0e94a1483bd37afc685082bc942d5232be4b7278be06a0a7b83df40e
96952702ce1dcfa2e11b,fdd8323177be4213f9501cd0,cities,793,Ziyang,primary,standard,0,train,e5fc4e9faaf69cf68d9b600fb13228a16a161a6d8838d4815552c2c39c3f504a
cf97864030cd7d2e11e2,df7926b6e4666d0b9cd63737,cities,794,Yinchuan,primary,reversed,1,train,a277d10ac3ae154e4472ca2cadf917febc7487512578c1292d4efd7933c96d1c
3dd05d727b92e9005752,e2436dafdee94b1af88338a1,cities,795,Yinchuan,primary,standard,0,train,426d99cfcaed389767db7d9bb093571f621381b2f42ddae5f42d6adab5821b15
a17159880e024cbc1a2f,79a5318b7ddd68326caa3360,cities,796,Zhangjiagang,primary,standard,1,test,94de93dae86f689950ec4068a65f357651c68bc76931b31de636556a9d7d1b5d
04e814e9825cd6aab05c,8c28da7f7aabceaa1d588521,cities,797,Zhangjiagang,primary,standard,0,test,91f7509d966839066f4e62bb2a2c206e8b5ac58ff9b8f037f4b6572c3a32efe7
66786923f63c8833989b,3dc648b04dc87b663ae90557,cities,798,Shanghai,primary,reversed,1,dev,d9bb723a73dd1f22c894624ca8c850bd22fe267cfb05b3b302fc7578e2ba6845
bb8118df8545588a4260,835978e46e119f463f23f0cd,cities,799,Shanghai,primary,standard,0,dev,d3716d9cdfc34b1770d2fdbc20e99ce2bc91b6b5860439b3cda6d4280409df0a
156c355e3edd0760a868,6b42fab1e7f1eca58265a7aa,cities,800,Jieyang,primary,standard,1,train,ebc309269467eba92119efc708f19301a6f82d078326b876441ce3221f10e435
c505fb45695eba330df0,94aae5ea1c382063f466522d,cities,801,Jieyang,primary,standard,0,train,527072709dc30c128b3d3f0bb2805a6fb135b05c472f5aaf3307056de4042018
93b87304d2f2feddfe53,e3eb411cd7ecf897ae3beee0,cities,802,Longyan,primary,standard,1,dev,6d26a150d7a1e50c449a068ebca7d3029bdbd37ccaa6915c308c1f671961f0d8
d5dd8cc0e47845d28e69,b35096c7516038d71c47cba0,cities,803,Longyan,primary,standard,0,dev,dfb8eef1474c71aa4962da1efb533cb3f5f1ffe0c82ad4681ccd13adcb6395bc
0136fe85f0a3481755a3,7c8edd91704e7fccd0603a87,cities,804,Dandong,primary,reversed,1,test,2db5b0441502081fde4a0099aa0509293250874fa0561ace857115c16240f045
78924713e375e660d663,0dce10729e784560d46f5365,cities,805,Dandong,primary,standard,0,test,f2a020490f5a9825504178a9fec9c74d834cbadd9f37ef3dc3d67147b8a4ca05
0d4b6cad9e1895da0448,2b9028fa7b7db508654fab8b,cities,806,Frankfurt am Main,primary,standard,1,test,b873bc37135df207d31987aa965edb21d10995ac08670939de6cf5a0e42ab554
0942bce3b18af41380a3,3213e9edb0dcd8bf1b7062a5,cities,807,Frankfurt am Main,primary,reversed,0,test,e55601e00e1199626062c2ee308dfa59b629d5b570c5af0e57ddabf9f86a749d
4aa15925a2dcda339b86,4c9b229119096574914e96ab,cities,808,Lusaka,primary,reversed,1,train,7fb5b11a837f131550bc5b6ca0206543ca5f49366b610122aec53f357e76aec9
9b67e95dac5e1909af64,4d12370e4a67cc9a05143c83,cities,809,Lusaka,primary,reversed,0,train,6509f3ba7ac8030b407e742cb4cbee340b8917446447045489fa1ea5b804ee6c
793c18b214be70d3a678,d4dd1190450edd8b4728876a,cities,810,Aden,primary,reversed,1,train,bd090f25bd04f6cfd329c1b6f9b1ce77e4e54cb35105c08f78acb4a1e14e1fe9
730dd8d96924e54b4558,635bc85ab3f87daa56081a7f,cities,811,Aden,primary,standard,0,train,1f2a1673c52832d397c7e18f8dc6e03387081fcf7d43a63aba05adf7cc519a86
5affd273cdcfab8f8591,aae87aeadcf9af66ce05d9d1,cities,812,Jaboatao,primary,standard,1,train,17bcf55b1660d400a9f6f18bcb028d78669b7a6b803bca32140524212b35f6da
a59777cc519218181a3c,4e6cc4af2915d160e463ae8a,cities,813,Jaboatao,primary,standard,0,train,db7a5e780bd21fde84d365366a6faef3f96326921fc9d0b5906fd2ada1f67119
164012a4dc50d7492f5c,1712ee9ed725c80a25c5a369,cities,814,Aracaju,primary,standard,1,train,a6ac7299618bd4cca0ee5109a50d95cbd70f9c746be4f59c7faa9291c509e79e
37bb126655501d7a0a10,77d443d84568a3907ccd9649,cities,815,Aracaju,primary,standard,0,train,f9d6394ea3d7f5fc145113dfd5d75ddcbbd829bd1d5afa2815b946ad09cba1f0
6d52375d0c7d62b23dcc,7548a5b02d873a66239d7922,cities,816,Londrina,primary,standard,1,train,27fd3802a1fb5c8c93d2de8b914d057c5049b0772afad975b0acac91e2810432
827958a0414d028c5187,38fcc748873e8a105b8ce385,cities,817,Londrina,primary,reversed,0,train,125f0d3705ae13b84eefed6553dfefaf066c9c71160498895d72746c81b4ee6e
55f365311fd7dd94196b,f2ff8654aa2fa7b3a642d64f,cities,818,Zigong,primary,standard,1,test,a1ffc8e2c2a855cefb5732014d35f7e01ab0b085e2645ce4f6a1d1cef8e0b182
690754c7024cbc3b7107,a7514f410d1d9e43f72daf7f,cities,819,Zigong,primary,standard,0,test,bdbce30826a3e832e9111a3abbe27e2a8f4c47b2c3cbb825db9ef51320105635
f59f5e6daf06c1d44e8a,070d715c4c92e8209f155657,cities,820,Kunshan,primary,reversed,1,dev,2e00df6bd7f5153d39317ea877f04a5e2428f430a43828e6f21a6e936b19fceb
a6da2274d006730a76d6,64899cce386b330f372dafce,cities,821,Kunshan,primary,reversed,0,dev,96f2956344cee7d2646eb0e994cc1dac1198c8242704a56544c79143e0fe71eb
0d808938dc7243d20718,5432b8862dab6919786a2361,cities,822,Yichang,primary,standard,1,train,0e8b6411258d7c5f7b9f9c6820d0e621ed6f41588d4fde19576e5db5f82a5c56
f5eddd77fb6d83e65ce3,1d4cb1b857efc6c71ba57abc,cities,823,Yichang,primary,standard,0,train,72af263472565c5a9c547898d8133825b718df4babcc575b44607139dc745e95
e30f0ed64f1ed123e88f,8abfa63c98bf5da02f8129ea,cities,824,Sanming,primary,standard,1,test,67a0eddc2767d88c8bee59b83909473f92285c336ee80bf41a4b7d3bdafffa97
21612a7b64a4f84b5a71,add53511d7e964641b1f6100,cities,825,Sanming,primary,standard,0,test,2fc1dfdef3cd7acd4cfae4cb87c30740342529af2317acee041345060c5b7c3b
bb62d1ec2c101d04188e,2a385a009f56dc04aaddea38,cities,826,Guang'an,primary,reversed,1,dev,9d4abe23b0eb895778ed1e96d9126165d5f0b97d9d7cff3cac953163e1a5fcc5
37e1e578942722493c20,11941f985b719311400a7e61,cities,827,Guang'an,primary,standard,0,dev,6b79b4cbef0943e78d63700f8c9b3f91dc2e82e5099c3f5e4351639cdf5b4826
45321f2ea958323da58d,5f87dfad2e8e32c892428346,cities,828,Ma'anshan,primary,standard,1,test,0545313255b0a3ce06325ef4c8f3eca9107caf849486dfa5f6af531c41a08b02
5cf54c4c5b356aa84dfd,547fb6a35d4e5cb116956eb1,cities,829,Ma'anshan,primary,reversed,0,test,456ae3245ad78654f16f5f233d23d85b09043ec158fb3135503f52fad5420e60
444d4e5a00c735bf479d,84509fad70c45f753eab039a,cities,830,Dongying,primary,reversed,1,test,45f07dfac6a3577bed67deb7896944e0ba69bf4a481460105d307c966a34fe6d
194895dfa0eb1626e8a5,fb4a3663743a247183643826,cities,831,Dongying,primary,reversed,0,test,036cda435e6b36aaab006b3ccd31aba8b345bb24afa5b37985cc7114d404bbfa
26833170573a75610b96,0aa17eb84ce38612245e9ea1,cities,832,Fushun,primary,standard,1,train,3e30f5a9e09b5df768b29f0bcf0aa77b95ffeb6e91be78d0e58e071cf359e80f
e8421e4dd0e585b4c4cd,141626eb36bfd54fd33ccb0a,cities,833,Fushun,primary,reversed,0,train,b73169ea549016ab329cb0004cbd1e994b01ceb48203f0bfd49a6ada7fecd5fb
a30fed57e977df5d794d,c5036029250493923d5b3330,cities,834,Rajshahi,primary,reversed,1,dev,a0841274f17e56c99a83a0ff19c8538744382077ca6d38c44cbee139b149ee1c
81fb39a0db87a7b14e93,798984c8210f0d279f39ab9d,cities,835,Rajshahi,primary,standard,0,dev,d5b81fc0a1aaf70302d0cfcc984896f1bc4a4bb9c31fb1a690eddff745b92864
6451d354cd72601de950,102b1c8f209817d43878776b,cities,836,Rangpur,primary,reversed,1,train,fc5293d57f47068c480ddee23d3032559f30567e5de5c349a101c44e35f83e54
a3df77c48de77dfaf5ab,df758f8ec304c5b8d1f20617,cities,837,Rangpur,primary,reversed,0,train,c2b869f41a7d596584b8d2af396fa43949d1efd24d11feae94e8a33c5b70d786
2fbc7661a8a02820c09f,a78de3a1d3bd3c1387b49b3f,cities,838,Dortmund,primary,standard,1,dev,c71cc048fcec859187db03ea3fe7e2fd40fce6491ffbb095e8d461d173714292
8558515d68a92dd72961,488c52b566cb1f59ace187f9,cities,839,Dortmund,primary,reversed,0,dev,a042031578bff1016fcae693fcbda4bbb77afe0a2f2d1443bdad5d56db6d9b16
c9d55e973013621d8c23,505cf10c28b3ffc76e30064a,cities,840,Detroit,primary,reversed,1,dev,0b807e9ee0cde0c039e5cc08e81df9568f3e832dc41bfe8c0cd8f882d2826e36
97dc67af57ce653bd3e6,e8512b4f25701166062eb4d1,cities,841,Detroit,primary,standard,0,dev,6c3320b66bbcdd3f7ec88902d7b1c13fe8052d3dd6b678ca62d993fd9107113f
9813ebe917b66fc6278a,8b27b42fa0366525d0279b1c,cities,842,Latakia,primary,reversed,1,dev,23e98e13e2e84a5629a138de841b86fbbd42dce427d996f427372d5d2bf2e195
2aa5bab2c5104aa203e3,a8e6d42be49179f6497b593a,cities,843,Latakia,primary,reversed,0,dev,ba6c130ff1fb4477b14650a655e60a3654bd90d77ad9f6a85a77a50e22158179
3390ba559502ed6d6704,a1791506855b591770d9b464,cities,844,Ashgabat,primary,standard,1,test,dd29cbd1d3d5a805b991b0b750c76c3cfab7e26cc2455dbc269036f6c0c12e37
97f16040f4ed6cffdfdf,0a9550a7f8868b316de8040d,cities,845,Ashgabat,primary,standard,0,test,b0951dc4cb3a60f64c46a6c6221817bb79a6ae105f9c72e33183fcb943715c92
c762c9594fd29ba6f553,33eb4092398f704546eb2465,cities,846,Maracaibo,primary,standard,1,test,909605e4224045cedd4c6e3dd4ea6c1a7b2b7ce8957b176f9277f2093b3905dc
7b6ef3078afb65c9cccb,cc811fc09cc549bf194e3340,cities,847,Maracaibo,primary,reversed,0,test,8a08e138d2d3f6c841b72f1fdc24efa0587fd8a9146f9c356dd9bbfcc1e3fa37
73c2fe0a81f524bedb02,66d27193b01d06e142e7e5d5,cities,848,Erode,primary,reversed,1,test,c5c776ebb49f87ada732223a76355bf5f93fc0cd7fcc240a8b9956644c20c648
bd79acc1b5b7e8e1b253,c1e733fbc11f167102fd0ccb,cities,849,Erode,primary,reversed,0,test,beb25c8431ee1dccd4d2f29a9c0d7b8d16d13d42009ca03b81dacc300201a1db
6d3324774c05a8fe1ecf,f0aee005bcb8f467c78001e8,cities,850,Mumbai,primary,standard,1,train,ab9a57f88d946d4692efbdedcf26dc928e40212366a5feb560398346869c6b33
b9d578f851ca3550429f,3a4d7d7c4e9bc431a58b1ea5,cities,851,Mumbai,primary,reversed,0,train,1fa876cb04faac803b2c20bb7d275fe0559f8a0c66f5ed6a87c1bf491406296f
da3d9ae6bb55439d1f6f,c0f6bccc85c2c905fdbcd230,cities,852,Nasiriyah,primary,standard,1,train,28cefc3d52b30de06d06962e53e3e59562a9158e8e568a03b5cb9c70a628595c
1ee76ce84a0d7a17f587,2353d9907802681c6ef62e47,cities,853,Nasiriyah,primary,standard,0,train,4795c8390c9e08e34400dc48736cba926fbe13189560bb5f061b68df08ecbaa8
9beaa83badd36c7f93f1,f61cc7ec0b087c5426040cc5,cities,854,Kahriz,primary,standard,1,train,0a7c3b85499e7ec4f20710d31856b0f9fcc0c00907a2c47131e9725728610cd1
f1b437d40c719ccadcd4,de5d073b30fb1fa49ad7e33a,cities,855,Kahriz,primary,reversed,0,train,a45023078ee7d3b85e6e208fbffb4e670900c0e5648dc8cc2222383bbcd6d0cc
f60c401c56da5edc9759,9120110949568498cab5e532,cities,856,Surakarta,primary,standard,1,train,92ed23816f76e4f009335f6fe041c12a11d0f8981f350deedf13226e26d4da24
766984a780931e9453c5,73715493174238d7c3778826,cities,857,Surakarta,primary,reversed,0,train,cd6fbace5e53d82feb2fa3b21ce79850888cf61d9b5a16e494afc4c6a6e2c87a
ffd867427cde60f65063,a94f02885e314f70d71c224e,cities,858,Banjarmasin,primary,reversed,1,train,2cf6d33b7d7548b80aede971f79b04c192a2fcc7e8e5d407c9009d6a7adcb805
5b75f0df34edd34feda5,88b62b7cc21b5eecfcc3eab2,cities,859,Banjarmasin,primary,standard,0,train,78cacc9d5fb93549ca448706bda362b57bc89d01d8af1fbd67d13d5e5016a6e5
9a636dc4ae8db6da4604,a3dde211a410d9518c1fadc4,cities,860,Vladivostok,primary,reversed,1,train,d5996a0dc85f27d1e2d0346daa296d67cb75a05e383d7cd19703bfe22f2351c8
c6c188c97caf01efa0be,74807dde660356ceebee62e0,cities,861,Vladivostok,primary,standard,0,train,be0e91a2adbd0814a53da3c8b325428e85cc3e01c56f82b9be1a34f6afc92950
acdecd8453de71ad266f,a6d4653d308c4824283b8fc3,cities,862,Adana,primary,standard,1,test,720365ba4578173c689b92f94951ce5237e31d919d656f4df61aec54a85c2f05
bd58978f7664c3ead2be,81a5b7b86bbb71838134068a,cities,863,Adana,primary,standard,0,test,aa6e57e6b049c58c0f1f9bf894fd2dceffef2fae6f058583466c8c2a08d91cbd
bf2fe858b2243cb78ebc,a0d45ffda1d13fda4b8918e8,cities,864,Voronezh,primary,standard,1,dev,0c99875b581c57d9ca7198ad7feabc143f7ae3d367053f220878b3ff4eb9f393
3acd404741b14c0e5d48,117ad07320d58b1f7c53401e,cities,865,Voronezh,primary,standard,0,dev,a349301c5abb823cad1b08a4be1f3be7a64cc7bb4e63611147901ec6ed85f3cb
0d8fccc9766cf571bb59,d792ecdbca53a338274d1646,cities,866,Namangan,primary,standard,1,train,8fb8d90bcf8badc835bd8179fcbaa507cffe3342cf978034d2ca5028a68b14e4
9134d7e77e76fcfd3bc4,48b2ac7501501345bab55c0f,cities,867,Namangan,primary,reversed,0,train,b9b0a269d39a4c2b377d50c7ed170c00930d033b27c7570b7d9603590eac2725
f6783398577d46fd20ea,3c74248b30f04bd9e7563e79,cities,868,Ordos,primary,reversed,1,dev,5f92327b5bc298de82ca3e472e825dfd3ddc4d4c772be6d9b788626a4265a01d
bfe31b8e40eb317e6ec9,aaa0e72c1d499f71c3b6f6c1,cities,869,Ordos,primary,reversed,0,dev,4869732958cc514e2cbbf25736993c189374d1c5de7c88c0a8056b901faa0494
5c18e69ff3caea5cc674,65499a505c3a59cb4c01cc52,cities,870,Moradabad,primary,standard,1,train,4cfee86a430fcbcda952808d74a3d1f74e31b305a64f872c817fd198109db6f8
0e958cc91b66a18d3132,a1ea862da8376983714d04ee,cities,871,Moradabad,primary,reversed,0,train,86c296898012c4fc0e3ec58b6ea55ab4742575b56d3b101cd7a1faece00b1770
2a9332e09ce5aec4ccff,b2dde7af30168ef38adc4914,cities,872,Bengaluru,primary,standard,1,test,696948acfb8d750bce06397f7acfef8fe3df6d88c181369dbc9ab9d2887d6ced
c5e9597629f03ce31038,edd85ae89677902ad1f679b7,cities,873,Bengaluru,primary,standard,0,test,bc5e6549201b0019a2134efdd0f6405343b28524fa3035fc8060a14a141910aa
1f0a113b53db47cbad22,d93885b8da0f9b4a59ae7244,cities,874,Shivaji Nagar,primary,standard,1,train,b1f904f0c3ff745f5350440cafbbe244f0fca2c35dab2e681b406e6d5e3aaf4e
f29c9877afee34f00fab,f39ef3a5ce9e492b198c941d,cities,875,Shivaji Nagar,primary,reversed,0,train,aff8fbd573bd0f55976605527d5f9c3056dba5a4731fc806eb661b0d2629556e
5e46334f04314f36f570,06ba912cbff9d60bc8b57729,cities,876,Turin,primary,reversed,1,test,4a4a7213ed3215d14fcb3ef09779857efc4414c57f2720bb0cf466df341983e1
7a037db4cf2936f55696,a64d5d4a5c9245a88254b41a,cities,877,Turin,primary,standard,0,test,fa5b01abc539a3e3a4c04197ed3d5789ad140c25d04e409df0d63c325f23eab9
736a43597e344475e560,5e0cc155cf334322f3dc719f,cities,878,Okayama,primary,reversed,1,train,62807ccabb9b1d2b43202efb655d4426237e6e0fa24287617021c3f991348394
d3d06361c6aca4cefdb9,3f71b2a586394d33be9bff41,cities,879,Okayama,primary,reversed,0,train,06737571b2a16ae7dd3b58230094f9ec9bdd8c5eb11b67dbfa261fb96d3359a6
c4630c45fcb7b499cc2a,8c4a301d7a5185438d4c3485,cities,880,Daejeon,primary,reversed,1,train,90d5d8933491c439c087acf8f882db5af0ce3fe63f34e4957f9ff5850af59cfc
ab1f400784217831ec4e,41888db8ceb673348e8a390b,cities,881,Daejeon,primary,standard,0,train,83bffe893d8a596461a735f73d891db4d181449e77dfc9a5cf5aa92f3325af4d
c2d85ac2cafe985306b2,afc5a4db8f6f8ac3f98a912a,cities,882,Battagram,primary,standard,1,test,4df381df697fb8aa95a62087fd975c2d69af1c610ecf416b30cc68f400f6d3da
140e26711eaac5a9b969,11716f4b9c94cb0657b3369b,cities,883,Battagram,primary,standard,0,test,adec22ee5c683d22c9c370a40d0eb51570c037851f247de6ec7b8da10e244bc5
8b05ae5cc6308abdaf13,7bf993850181579bbe15dc04,cities,884,Yaounde,primary,standard,1,test,7233d88e8a2d6c7ef657f963fa866b9d47354fd43d315d84045f2e2da4d7230f
eb271dd57c7cad2581c9,00205de198ac7becdf4b6686,cities,885,Yaounde,primary,reversed,0,test,731a91379d4e253951408156cb838da7d5ff20df7e235d6f55a154ead1e1ad26
79307d39dc9ac679ef38,6bb4a7e4a1d43c2e67ea3089,cities,886,Zhangzhou,primary,standard,1,train,0308ed164a4e0f7d58a7eafbe3f3e496c0b8fd137527e77b5f0c788d46bc923d
15ccde4e3fd0097c26bd,6b5424a5fe0dcccbc396677c,cities,887,Zhangzhou,primary,standard,0,train,dd92add573ae1f5e251f096ffaf5e76517ccbf2a9e5af08eb819a92079824a89
393b253378896a6d7ea8,3192e05902ed6e6658fc07b6,cities,888,Yangquan,primary,standard,1,train,9d3aa36332c1b967f78d825163f847ac9ce28da38b675b10ba30e7d567dcc2bd
4c77756f3b609e74693b,a60e3fdfce2d62de2b5aeccb,cities,889,Yangquan,primary,reversed,0,train,79bb17c7ee1c049b502de0f765b3ccd1fbda0472ee6d564f08c56caf118c0bda
994375418d06df85b694,0e366ca5d225eb1a0dba9b03,cities,890,Sanya,primary,standard,1,train,2f8a4ac006fe700f2022d75af1ad819ccf2a7150a7136d8c0b7447fcc0fb7e69
0baefe6f21884f6347f8,3ca8e49ac089f96d36195ddb,cities,891,Sanya,primary,reversed,0,train,821b2b2802fee195836263c3c0df9af655b63ec71f951ec11610d47019a8c803
9f715adb5a52eff3d037,1b40bb493f9b056b3cba789c,cities,892,Foshan,primary,reversed,1,dev,d5f3ced47c807f24d9991440074087d4832496fca818f892cadc4795117c445d
3f4186386ad343f603c9,58783cdd4e40a1e21aaa8d4d,cities,893,Foshan,primary,standard,0,dev,02d42bd48dea5cac6620a88895c8bfde9e4dd33d14ce51d72d73272d02c45618
af6d4838c120f6b2937c,2fafe3b819a6f92be44fced1,cities,894,Sharjah,primary,reversed,1,train,64ef4df6cb849c1117c081c429d356b9e8a8f37994933b8724ff35066708af06
ec94fab0977477b30db2,7862d5883b945934cc62d2c2,cities,895,Sharjah,primary,standard,0,train,0c837514b41e8009a1ea52752cf14d199324df6e2f9985efca186c1028bb150e
9c0c1a51992f5a767452,4d4d4ba5b353627191b8416a,cities,896,Al Ain City,primary,reversed,1,dev,aaba0d2433aa3fe2cdff7f0d7ca9f81f5d4d445941090e93adbed08e1787cc25
beb753eebecfd8ab84e0,cf3607c2c7014730223d46df,cities,897,Al Ain City,primary,reversed,0,dev,1481fb8364d3dbd26b55a99d6ba5c9fa4e262f113f12f5582fe45f5a8ca61557
dc1ad4cdd0b430f9a445,e824a5a2c736847c48bc6f6e,cities,898,Kalininskiy,primary,standard,1,train,7ca6d85656e9e61c85ffc237362686cb42f8bd2e4594b7a0eb3f785b177cb601
fd43158b43da87c54dab,c3703b90999bad9800b943d3,cities,899,Kalininskiy,primary,reversed,0,train,d0fae80f094a2ae155de69eb5b6de16910f1dc8283aad2483a97e55ff1c3b049
6aab00caf7e91a80dce6,7cbd7e1abd8369a32826f4ea,cities,900,Mersin,primary,standard,1,test,5cf9a1c8fb561adb5df62c8991553e8e944e2f800a6e2ab1300246541c503dc8
d33a5c5cb85b27ac1ed9,347fa141a296a2e50222ba83,cities,901,Mersin,primary,standard,0,test,1dab47f071b1994f32ef57385538698e96cf37237f17541859c87dda5e17af6b
8280e12e9157fbc51b4c,03245954bfcb09f4dce9cf1d,cities,902,Guayaquil,primary,standard,1,train,8c5d735d47c54581891ef24cb15b2fb135e3ea07273994ebe08c34f0e65322ac
62f9d496a9722c836f95,55cb09064fd5a8e4d68a2459,cities,903,Guayaquil,primary,reversed,0,train,fed406949cea24000540fc94929ebcb015ece852b5a539bf3ad2a838933bfad2
58b3273fd0a7797a1eb5,908c56408a426cc3de122905,cities,904,Tegucigalpa,primary,reversed,1,dev,1ea1f3bb40325c355611ccdfbd16f43ae50ca176dca2b6467d0a5deaa15df1ed
275caf8472bc0d189e41,81a301f737ef032a209f77eb,cities,905,Tegucigalpa,primary,reversed,0,dev,2b80fbc25a52e748337142ba638794b5f6c69f311c642d5685564000d4a47d0a
3131b7095087cb0886cd,ec4b0095a9f7118e7369ad30,cities,906,Koeln,primary,reversed,1,dev,56cb31c19d678dc84f8cad7f30b23aa9a0e46ce4fcb265cd2d44233dfef986e4
b99005ab7d3466731c62,ce1f21744d6a67c5c6d5d7b5,cities,907,Koeln,primary,standard,0,dev,90b2da83250886eb52a2c3e7f7c3b2c924ba8ba7e128b26004e1547ecf04ace2
834092a400176f5296d2,de5859bd8a2b7ff7aa84da74,cities,908,Nuernberg,primary,standard,1,train,c9a4106be4b9c58c57bea8010b34379adc19e616aa2f4bfb10925b3273853812
ea8197452e39eeb62c34,2ac7c3ba5554b6571522dcf1,cities,909,Nuernberg,primary,standard,0,train,ebf35c06edbf79f1ff08182649257de627ee87ebecf66e4e68a5737f31d1a5f0
5d46e6646d92dc25d29a,1b4a7327822ea0315e746d1e,cities,910,Zarqa,primary,standard,1,train,731097dccc3f254edb39c4936101c87d364a64f08bdd8e0530a2401366843a7e
7425464a1ebfe63a106e,9dbfc8289fa61bc39478019e,cities,911,Zarqa,primary,standard,0,train,f1564f7a9247d27f921bd2eb21113a97705120d066cd8416863fd00b05fd40ca
4ea161f7ff22d10cc1c8,79147e9192079da670776797,cities,912,Riga,primary,reversed,1,train,003085c8e667d89bec57b7c52e2063d19e3ae0bb7abf789bcf644d8be250676c
9e1e37125ba8f789500f,503e69b1f299a3bec9fffd1f,cities,913,Riga,primary,reversed,0,train,fe4a38d5c1cbae05445645f43ff5f25abb5c0fa9bf894c2518e04b1a995a938d
a291f1e72d6abec36191,14c9f79cfc8decf3b075d8b2,cities,914,Nanded,primary,standard,1,train,aa844116a031000aaaac849ac55b4d52b52a62a5de58e012704481620bf89947
24d915ca11d46e26034c,a5211765e33efa86270e51d1,cities,915,Nanded,primary,standard,0,train,7fd639520a148e39a5c65d257bf81880192853979884cccc124a8e47883eeaf2
62fb098eeda9acdc9c6c,c2670de71ce10c70e9a4837d,cities,916,Gwalior,primary,reversed,1,dev,f9af024694ce0d52518487bdad8acd0e563246df8b47adb1ade2157feace0a9d
20cd855251809b98fb13,3f09edf16869b3afae15e688,cities,917,Gwalior,primary,standard,0,dev,4cb2175e15e33ac34965a91a23e274de1a3627a722b30b06dbcd8d3c2c81971e
0da3627f3451eb999956,4c945297850747415de1a923,cities,918,Dombivli,primary,reversed,1,train,633c3b1db79db48bf3fecf4a785b52c9c3ea1312830779beb679d0eccef79b8b
9e82acbc5d184074037c,cd9fa914b66dcb134d62c151,cities,919,Dombivli,primary,reversed,0,train,035e48814242b049adad7902fc9999de28e390382982ff6385eb5667c3b39376
c8dc57e4743e58d6bc03,368b7a75eb39be8372f43949,cities,920,Kallakurichi,primary,standard,1,dev,3ae229788bf9f09e8cfd5c5fd77bdbdfe962c437c7c0eb64f8142ef9326e0f19
ac2384f9283ead19408e,eb577ab3abe1b0e45f5b5da3,cities,921,Kallakurichi,primary,standard,0,dev,fc0d687f1710ce9f084fd4e4b4c9db0dd2f8e60348647ecaed4126c381674d05
75d673116084d5074613,3bbdef4cc826fd048ff1e3ae,cities,922,Bekasi,primary,reversed,1,train,89b53bc3c374b7bee5e26647fbc32ada49a70f6e253ad4483cd5fdfcc0ce62e0
41b44e1670cd72144661,94f5fc0ad41dad78728e0daa,cities,923,Bekasi,primary,reversed,0,train,e3fa837f06c967fd7d2da447249ed9c1cede47ace21d520f0bb917bd8cf3746d
7c94dc691e87e2a0d9c9,a1814418d143f8ea93cbd43f,cities,924,Johor Bahru,primary,standard,1,train,6ff9e0591447c0c5e826d6fde5297701973ff76b7f76b5bb51f343200b95ea79
f74d51890572e453750d,46b1717d6ae7d2b5e51763df,cities,925,Johor Bahru,primary,standard,0,train,7d7622bbcf25e3c6bbb3d7df162b2fe14116007493a6c047d501de105229da7a
36fa67af2caf8120dcd1,033c8a7ef79a470592f9218f,cities,926,Santa Maria Chimalhuacan,primary,reversed,1,test,98bea312ef317d3ca3985b00fc23a304f566af670121d55040462098ee91480f
38baadf43e3d89b79406,4a9bca3ae891d5ef216b0c3c,cities,927,Santa Maria Chimalhuacan,primary,standard,0,test,4a9e4e89a0764f0a17bdff2d2c6f53577178c81da82444ca09ef6ecb996aedc5
7239da3e4f014e5567cc,302900c87e8c733e258a8a4f,cities,928,Urumqi,primary,standard,1,test,c0682afd60dd575596616b8e6762fc0707a6765687f44e47ab4721c3d036e669
980c230bf45d8fee714c,60b3e60736345bd8e7a10bbf,cities,929,Urumqi,primary,standard,0,test,1e3ebf5ed966e813439f565e959054b94b874f75953000f1d0b30411fcc6e7b9
bb5fe99d045dea0f12c7,2d818cbf6705213a894458ab,cities,930,Qingdao,primary,reversed,1,train,b45e4b666a5ab0c9836f3b8bf26641ce5827793b0327bd95b3dd04d6d3814555
2588fb7bdf9df175198a,4e862cef56c5ad9b16d712f3,cities,931,Qingdao,primary,standard,0,train,13acfa46b04315c3a7bdb3699d1139ab73bfa6b3617e23e575029ac6cf32d6e4
dfc697fd87004447155e,cae220200e3d1bd224f97d03,cities,932,Sofia,primary,standard,1,test,94831f1c0097ad1bc78c23e9e575a9e74c28a56f9f9abd42dbc1d2acf4923eba
9fe18e103c2676f0abaf,5cc032f989b55410c2a9873c,cities,933,Sofia,primary,reversed,0,test,107da85c4d8d9f8d118dbd6c3131f6ef8e3f507e7a9821b51349e4ceb986e8b8
1acd115b02f703ce18e0,1d9fe215ec976a0d41898387,cities,934,Nova Iguacu,primary,standard,1,train,0d3c3bf8d9d8be6de411a0cc140374203efde605fb42bd68ba22d4fe0ea503ed
66d43300f79b9a00f187,8f15d2da86d8b541ab1c4bbc,cities,935,Nova Iguacu,primary,reversed,0,train,7af4bc3b566b51cf04b1cd3b288bcbc6b8ebc7d2a1232eb2e14028a81cd474f9
f9852dc550dbd1465681,94c68f18fd19b2e56328046f,cities,936,Abeokuta,primary,standard,1,train,40d41ac34f065d2a58bb5948e31e09290b65dea514e6d4e80eaea35acbc902cb
2a22c033055278f3d0a7,ba867fbf8be011efc8834c00,cities,937,Abeokuta,primary,standard,0,train,1c493505e4c31b8afdf4d9a8863ef371b0ca3d37753e0d0f78c6af6888c1b5ed
d5533c137eb78b3c09f6,045adfd7eeb77da1e1117670,cities,938,Amman,primary,reversed,1,dev,0332db412e99a9185318906e4769c73b25c7a61a0fa9a3092410208f1f467503
b3376f18e91903552013,fd1bb58a1efaa339bec23d8e,cities,939,Amman,primary,reversed,0,dev,60bc47c63f6c1db34aab3f64a731eb61b4aa950cdc584ac173445cdfeb077a39
396368df559d287a5913,0dbab563cff7224d60d7c7f6,cities,940,Hachioji,primary,reversed,1,test,41b1066d148ed9e71c5bc4a6ea72de32244c761211d786c15cd33fd1ef982c2e
5172fe74b58f2480d5b8,c9085b452796b55735b8cd59,cities,941,Hachioji,primary,standard,0,test,2553b7dd141c628be3e65e823d478a652fe8d0391932a60289ede8ecb5091cf5
558d8356d5c10f39bdfb,0b23e3fac92535f03d645f2f,cities,942,Fukuoka,primary,standard,1,train,0a68f667685dd1a044c1c551638214fc12dcdd7e901132e28189c0ff870faea9
cdb750c55d455fca7f33,17e6d40e5e84eb0716c17812,cities,943,Fukuoka,primary,standard,0,train,d0c95512f132c4beed4eca57572299d35319840d169d48ef13be7595d897f0de
83fd5700ecef44955060,2db127634c495765d3088ebe,cities,944,Goyang-si,primary,standard,1,dev,39e121106425083fed9bb90547222fe22f0fce81961d08efa8769f99e354d750
affd5edbb41f927a2a35,98b1489c049e2a90dae1fe5e,cities,945,Goyang-si,primary,reversed,0,dev,e3a5783f5710a682a7721a31dd6f16c9e202b4e836e900103dd7e3eefa24d8b3
3f8190cd48f889792f7a,8ee28c6dc28663e05d3459eb,cities,946,Meknes,primary,reversed,1,train,ed7b6fe08d196f4210565df9f23df4af589327bc682ebdc65b97d78c59e8d614
0d80966e9eb326db2df9,cb771597f5a75c244e469f8b,cities,947,Meknes,primary,standard,0,train,c2e98896e28ceb0190b7169c58aeffa070e1b25713cf13c7a0a95454a9ecccd0
ec7121913c682be81561,5324acfd2c9a0b7c4c078117,cities,948,Antananarivo,primary,standard,1,train,c7dfbdfca52f5fc7e9731df1d7346d9450e9269cae0314e160930a2ec91c0855
bd36eed9878ce2c0624c,c1ade9911642e393f3e3aad3,cities,949,Antananarivo,primary,reversed,0,train,7c3763fa16c373891d76b435c0526229cfffd1bece8eab65bfb784e8eab8b616
b9c94c538a141f509be4,0d95179a488de23d7994cb0d,cities,950,Kalyan,primary,standard,1,test,5658b95d1e856cf204ddb2fe9a0a9b4ddd43205c9a1fcef2f57f178d0d45cec4
8f9aa7e5bb31003110f4,af32765b88290a9223e7b001,cities,951,Kalyan,primary,standard,0,test,a3f392512adb271db6e9dd5707442f5db1e8d52640af8e475c98fbddbd15e759
06053b6aca324605dceb,5258199c5a4ad26277213192,cities,952,Jaipur,primary,reversed,1,dev,a571b1342ca0c74ee6d7455c48e55a62351d779b994a814ed6f11808dd246c60
3775a70ac0b638653ab0,e3b25353850f1c785a8660a2,cities,953,Jaipur,primary,reversed,0,dev,db5d9b8fde7a249c0ce47e3594d649eff68be0317e790aa53873d69bebad0ff8
6944137f7989493f2354,71326ca082ebff620b877c3e,cities,954,Guntur,primary,standard,1,train,490f9fc659196362c46a24b58e2697b8b8aee1105268bc40aef4fa045778eb70
dedd15da1a2de53a16e9,bfd7a5eb732334033ec8282d,cities,955,Guntur,primary,standard,0,train,b745a363f9bd2e43344018a82dd39967c756292bc646c5af0c1461723ffae8fd
5f38e2a94b7cc1b59fb1,6d390a15c3be3d9d637ac94b,cities,956,Bhilai,primary,reversed,1,train,ce7a9972c416bc2d1ca988fe09a58c340847fea3c70ca25afd174e3cf0c738c3
4cb6b455632764f9cc0c,0056df3e169c1ac1ec452f84,cities,957,Bhilai,primary,reversed,0,train,11678a72bb0cef4e868218c0dda0b797aed5cde96c9a2f465d45948114b553b2
277cb54b12ee3875e144,470276a2443990f8b19e35b1,cities,958,Bhavnagar,primary,reversed,1,train,11654e71189be6102db01b3262e94901026e8dac5396879648211f8218613149
a85ae03dac33fbf89d48,f075bd63797f926e3167eb37,cities,959,Bhavnagar,primary,reversed,0,train,93dbd188ff9626b708c5d1e89f5d2550186afcf3ff5972851cf020e7026e4bf3
87ccd47f265ab39a3834,93de9d24226503da1d552f15,cities,960,Amravati,primary,reversed,1,test,71b92fe93df0747facea9a88079f5614c2b86deeb833c7d40de8ca1e04842068
90e429949e87d86f9def,d368963686d69a9778383b40,cities,961,Amravati,primary,standard,0,test,7e5eb4e3ce311a0084fddd437c2a66f39c9dab54240b5bf23f1718acf82c9db4
94ce61a700a86145e5d3,9d799d9c387c4b2a59a30b93,cities,962,Shiraz,primary,standard,1,dev,042d852c53120922b000dc711f999a5c1e5fd1e167fe5d9b1e67068e3d6193bd
cb6afb55da4e0bdeaf68,f4900632f53875949435aa87,cities,963,Shiraz,primary,reversed,0,dev,d4f145aae8577bae5c75ddd2d63001a5a156dad624a628d26a1a07318b2ad3b7
0480931dfccfa74e331b,4c6015102512b8377ae441d5,cities,964,Lome,primary,standard,1,test,0dcdf82ece99afd3055016164b9c714c156535415ef5632efff6f1bd9585b83d
00e3308b36f16f1d9fb3,34652751c4b1ad4325d0faf1,cities,965,Lome,primary,standard,0,test,69dc1abac40fce0ef299207b1e3bd1d82c5bda64e7a577b100a4afe22e4a94a3
b6e95874e2bb8b4e4d5b,d7ee9d991048418440860268,cities,966,Erzurum,primary,reversed,1,dev,039210806ab3f79502b5f8ac6ed89b4376c5a36a31f18b848f45b4078d2ac360
94f86f37429371336963,03d248b75219e63a781e8a4b,cities,967,Erzurum,primary,reversed,0,dev,248fb59a7250a04735c846fbfde88edcdf5af7231763c1e85b41680e2b72d649
3ffa2e350baf61fb655c,d5c0e460d615df2f917efd24,cities,968,Seattle,primary,reversed,1,train,0588ba85feea0ab1cb7bbbe2b6802de03f87e271e0e351f6a69cb8f333d5a871
6f933ecdfb265c67c0fa,70c9cdf7317c1b2af1627a5f,cities,969,Seattle,primary,reversed,0,train,88856c4d48629598d6a800aeb1504f77a984a385b9b8854dab0a373c9676d3ee
c536beeb9bd33aa73ce6,9e9e96c89f3b8db35f2fb2dd,cities,970,Barquisimeto,primary,standard,1,train,0dafae78ef26eca821d1ee94c2b8265cafea4ce562b843ebd2f3773e7ae99d16
66f0588d8f5bbfa604e9,c7fb9b6cfa1dba70fcc72cfb,cities,971,Barquisimeto,primary,reversed,0,train,a15479b0d18f3364aa8a8bbbab096371a325bc728cd704c130d69a2dfae1028e
2d34d24d781d1446eaa7,1b4749439ffeea0a73530f63,cities,972,Kryvyy Rih,primary,reversed,1,train,34c9d400c24fa2717be357e0ae325c9463976230f32c0d574628157dcaa34941
8c318ea1182d881892d8,ec4d144ef71bf6df3070a4f2,cities,973,Kryvyy Rih,primary,standard,0,train,4c0aedf7ca57d359e5b088d2b5367ab7a9ba4b81e2f08e6b6937a67e4bdb689c
e2cdb3b26d45234466ff,9e00eb3a046102739e126eff,cities,974,Krasnoyarsk,primary,standard,1,train,d0cbd0ec0764eaa27e1394e18e93cc1ca2bc6698674f75b0433d0361bd842c62
cf8869bfd95fcd5ee6de,242996a8c79d14ca6f9a8a57,cities,975,Krasnoyarsk,primary,reversed,0,train,f0066f98968101d4caadaee279f5bf95d6190a6eae5af9660070c3f7c58825da
d3771f1ddbc19afcfe98,4106d6da13e3f8f9c8ab8bde,cities,976,Quzhou,primary,standard,1,train,5645ea1ec1cbfc34af83397bb825fb34d51a5f51c8357d697f455d9633dce630
41d578fd5408cf47bd3e,4c854c5dcaf29478d2235046,cities,977,Quzhou,primary,standard,0,train,048f05f762f6fcd315e6880924fbea6e684fa2873efe81e691386af23fcee415
3153d504ddc3bd19930b,997f255b28375fc30599aa5a,cities,978,Pingliang,primary,reversed,1,train,f0d1032c63b0502265c50091ed191b8cc8c0b6c579c4521ec7cbb31cfb236089
d9c2ca221bf183411b7a,7c678a59f69961a61619913d,cities,979,Pingliang,primary,standard,0,train,02094789aaf913abdab7001f696b39cc14c01aa90767f0918d1522370b5a8473
0e3b3ed5d852c680da86,17a3714f4c7bb28dfc055817,cities,980,Puning,primary,reversed,1,train,60ca2029a48fd7fd8b3c803859c3ad9b3abfe1ea2a074721e7c9a34aeb9dfd22
dd8f43d2c192dbf4a6e3,c236a6daee510770672c9e49,cities,981,Puning,primary,standard,0,train,ee08e374f9a319bb45dd2bbc31efdb4a8f75028596b3a57e42abaeadb5753671
771373971b545040ecbb,848fdd232c332d6020f620a5,cities,982,Huzhou,primary,standard,1,train,3a130941f6c8511c45059dd2e0b22b568b0c3481ab03ac65d139703fb23355d5
2a823903ab3c6c334e2c,a941361eb16f8c6903d5bd44,cities,983,Huzhou,primary,reversed,0,train,54aecf73bbabd7892787bd1faa3b0e3c2d41b86e2e28d5a7ae9e68aecac21c7f
d7e39a6cac1a3ef82247,fd249ab43b847ac8532a2c3e,cities,984,Chizhou,primary,reversed,1,test,29ecb988c3519a75b189b9ba5d1d6464f3fe0ea9633137deb8fbc746daccd420
21db01b1d7f6c69d744a,0ad915616341fffedf6e2d92,cities,985,Chizhou,primary,standard,0,test,1012340f1cd017af1c8953cd7ee8e66ea0a96f7f64c5391eb0343fa6f09f43ef
c797511a325772e91dec,506a07fbea1afc3407b9134d,cities,986,Chengdu,primary,standard,1,train,3e6d10bce0e2bcff44678d6390225c31c04c142a65f9e1df335296cdcbb17dbe
7da2fa6b3325c80f8cb1,77404a99571726d3855009f9,cities,987,Chengdu,primary,reversed,0,train,6cb444941ebaf7110bb015175e1544520be26d9495df5d1fe906662a3ba76cb2
54e3feae4277fb3eb76b,5cfe4731d1ffa1303bc233ca,cities,988,Cangzhou,primary,standard,1,dev,e113f729ff04f8d0633221209dbf57777dad3b035ece3c009aad0b42ccb044ac
b8acba78483a33200c1b,20599b9ac5fbff5c058e2c02,cities,989,Cangzhou,primary,standard,0,dev,add252bcc8aca53279f66791f8768ce2caeaea33562960832fe60d77c6f045d1
b31ddeb1aef1da7319cc,302620f40c9ceda9f5cb35be,cities,990,Samarinda,primary,reversed,1,train,767fffd8c17204642db5a2a36ebdf66ada2bca66470d22606869f35e3cf7efcd
9a0ddf0a56f4d7f9105c,c8f405b6137f52214886b01a,cities,991,Samarinda,primary,standard,0,train,f28a5c9c014f04ba52972d351fc64e50167e2e2120a6a11de88333940d2204f0
840dfa53138f1ebdf4ad,1a77828edde36fdb6d2c93d9,cities,992,Helsinki,primary,reversed,1,test,8b9192ef364b0839a0d753015fa2721608356d6ecc61de60b07bdee2e29425a9
76a8bc6d28cf5eee299b,2940d5d6243290fbb93ef9c0,cities,993,Helsinki,primary,reversed,0,test,37cd666274ec62efcd96faa991ca36d35ae7b35b10b6b9d4a80b7b4728778545
12f6235be2b95182bbde,77fc5230d8face8fd1903123,cities,994,Khabarovsk Vtoroy,primary,standard,1,test,45a1b4c59794105cff903f49f032dc31aef0f87cca66742e1210b4550d137076
4c67bbd6a1ca1a871555,cdb38997fd9c8e498499c714,cities,995,Khabarovsk Vtoroy,primary,reversed,0,test,b6438c7ba241202c1c846d4083d22a70439164128b0609365ba1ca162263a4e1
d0c147f84c394aefb301,8dace4146aa862917959cc96,cities,996,Wroclaw,primary,reversed,1,train,856a904c7cc6bf75ec94cfc86c8e73088631d0ab4357b759055ae51ff9f0bba9
bfb48bc17fe0183e6921,222057bdb6d92d5dc130401f,cities,997,Wroclaw,primary,reversed,0,train,0adc89e820970ff460d9ca63b2d8feee65177c971aafbc63a2a287e91dbadac4
1a24dd79dca346f9e9be,3a6710358fd15d096a95de59,cities,998,Oslo,primary,reversed,1,test,93232fd4df74cb2d4479b7463d05de66bc0b2c2fcbeff6a8ef27bc5b35d5c4ef
c4d3cd17b965e0fa1774,f933953d69af2ae183b4fd74,cities,999,Oslo,primary,standard,0,test,410b335bc2b13b200405924b02a914a6edb8f993cfc7e0ef1f578808cca10612
6687a06fc3972c74474a,1c671c31a8bc32641d56a061,cities,1000,Caloocan City,primary,standard,1,train,57215c3f0397da9e94e0aa27380ef4b5af0d29a6161d254c5787601bf488f0fa
3c0d5a0ee2b2a61f0ace,741be162e2e729481d6274f5,cities,1001,Caloocan City,primary,reversed,0,train,c11b640702d5b92a324e613dd892fdfa52f72e2916055a4459a8c1080aa9901e
5f282d18d492f6decaa8,c2476bb30cc8b59aa8c03e8a,cities,1002,Ryazan',primary,reversed,1,train,66a4aa2c937afb94c715738473eb1f11458335d60df5280e4edd5883bd7c230b
fdbcf760a305750ab36a,43a2033536dd691d01691fdb,cities,1003,Ryazan',primary,standard,0,train,a45ff0522a80414543431a1a6e9a0bae2d128825329e0ed8f2865462de52637b
e5193dd003932b886c81,8dc79632135758f07e7585ff,cities,1004,Ciudad Guayana,primary,reversed,1,test,7e7135ca7ac74e450e83a178c041fcc0b7abf57d5d857ca0969a8a71fa4fd6ac
958998a499fedd2570e7,b43a53fb06dacbf1bdb1ffc3,cities,1005,Ciudad Guayana,primary,reversed,0,test,41896e76c44a938c694cb727059fa0a34a89c6215ea6a99876428d31bbb10d36
96aadb8702b4ac371586,fd8f3aaefe7653a5fa884b86,cities,1006,Ho Chi Minh City,primary,standard,1,train,8210eed0753f7387fe3c8b7d699203933e3442b76705cf601f8d202798d55429
3d8e85028cf2b99a7652,f53434bca32e9c1e1dda69e7,cities,1007,Ho Chi Minh City,primary,reversed,0,train,ac4153a2e6f9c83dff47a20f056f0372be1ae6ef895783b5bb3d681ccb4103d7
c0b036053cd33bfb37ad,4cd8582e0a503aaa4d2fbf7e,cities,1008,Al Hudaydah,primary,reversed,1,test,90cc16d7502f00b46bf86a4e880d073313b25b596d096e75138bc3a5f32d3fa1
3e542c0fe21b16e45cff,ace70b2b210ef881f3ed0d5e,cities,1009,Al Hudaydah,primary,reversed,0,test,bd4da9d4385ff7f0f75a0385b1044612df52e3c3017e85b39622fe779edbdac3
fd591fd865e27b3ad24b,9ab010441cd251c40e6e22c5,cities,1010,Soweto,primary,standard,1,train,df59f83cee2b153f3f49ed30b0e067a5bc0c7fa8fe15be8902cb0c5229e0cac5
5f80bf28d16fc70d54e1,c9f4f2971fc70a5b88e2ac01,cities,1011,Soweto,primary,standard,0,train,facf8ba20f02ba708cc669a6d3cb66125ed9df85cd0ee683e28c41b23b9d0eda
70404145d8a44b9fe6d5,9f004ce89323142d954b77d0,cities,1012,Benoni,primary,reversed,1,train,058b61ccde1cbccce045a64277ec126428b64c6da544f74188d44f2b91973c3e
348c9ed59b50b04b825d,ec9f71b4ab2fa4f104ff8b6e,cities,1013,Benoni,primary,standard,0,train,f1e29d48436665dfd54e8d02b37a97341a5fa1f6c2b996b548457708f295c4bb
39c42c7b65bbddcfe348,7fd0ee47f4283bdfc2afbdc7,cities,1014,Wuzhou,primary,reversed,1,test,fb8f9d3f65abdeed72be33de0a00650ce1eef9285bcf5da6310892163323f5db
cffd6c6249ba534cd425,e38facf5a8e3575f80041b72,cities,1015,Wuzhou,primary,standard,0,test,720f4aedd40e0140e7be804ffcbb436bba2929a719c7781a90ca834d637aced4
a2ea98824d0ec17c8114,7dee20024fcb85bf04755200,cities,1016,Wanxian,primary,reversed,1,dev,ebe9f55cfa12791d53caa4c55a1513d2a20ff901c5c353aefc7ed7603dfd195e
80f7a6e300ec06051bcd,57e99dc54e9369e39934a249,cities,1017,Wanxian,primary,reversed,0,dev,79a3b155bfd37afb0d424ea6364ff4b91bf6418e3ff683c8673a89f04dc5a56b
fa1a56de174bc13fe774,048a89fd6909351bcc0cdb12,cities,1018,Qinzhou,primary,reversed,1,train,3cfda2523bba6638fa9c269509b246bce86e08ac6ff268918a9c6a7a13418ae5
d05ae7725f33b093d5c7,6fdbdead9a2e37d18f241a59,cities,1019,Qinzhou,primary,standard,0,train,f12d66b9c30b1f59fd633fee08c75d3db8625a801c31272dd8f6cbf1c1636377
b520c3c6c5c5f8af9723,54d2b429857ab83236d66ddd,cities,1020,Wuwei,primary,standard,1,train,6bfa60cece2e204520c3dafce3eba95539de57e49803280a3bc273bef68c4e43
b2f25a7258e6474426c6,f416b5a5777ab4eebedd035b,cities,1021,Wuwei,primary,standard,0,train,5dc00a3da837d17577c3390fd05977f723818aee6f1fca751074fe62b4e73a0d
6725dc6af264338c6769,f41e4a8b4224b446da42a117,cities,1022,Hefei,primary,standard,1,train,511d2acc742826a2a34d64628095d8abf37f43d2cc6ac7c3c6fee49a7301a2b3
0753a5bc8c852429e54a,f101f435f82be395a36f53f4,cities,1023,Hefei,primary,reversed,0,train,0269567690bca119a23150c5762a2d77ec45f64621c493d2f51b589de9afed51
23198fe5a6a300546e92,56637096b53985fe9f79cb5b,cities,1024,Handan,primary,reversed,1,train,453d7a8e9e5c25bd69f2ca8b59ce7d695870b1786464318c088fed88ef6cb679
d309bd5d0b471755567b,a5aa2a7384d07b6715d97030,cities,1025,Handan,primary,reversed,0,train,36c979ce9d60981bd5f862615cef2f0b8b6371721e18df07031ee6975a090fcc
c9cb820909cccf73b595,8ea675e0b4fdb152f63af99b,cities,1026,Jiangyin,primary,reversed,1,train,7246c6a67f271cc15cf01e70c7eb8b343b6f3e86d10b948e28a2a42454a21686
1a454cd24e9cc3a6c83f,1e234f0bb8ff28858bb83c65,cities,1027,Jiangyin,primary,reversed,0,train,fe0d9fd65d56fcca050a10fe38d67a780ec15df3e1f1af8c4aba8e336ce74457
9f41bd443955ecfb46c7,a4beedfd9f96ed61135d7979,cities,1028,Brazzaville,primary,reversed,1,train,4780a464e22fa4a3d5b585a5f721f9b7ef07332b2c9d845cc01c8be354fdfec5
ab6051ae33f6746090e3,2864a71b51fad4dffcd139f3,cities,1029,Brazzaville,primary,reversed,0,train,b433c68b5665b2eafa571c66cf475bc1ea86c8d3f0485d4b743a71680e5b8d7d
80456351618f9755c63d,8d9a7cfb5dfdf59c3899fbc5,cities,1030,Sorocaba,primary,standard,1,train,1c3f7b15b865f2db7ac18fc84fd4d0fe987edd2e3dacde9b7c0121f869d2f4ad
b27470015fcb1d5a186e,5bbb2178ac7052315196ea1f,cities,1031,Sorocaba,primary,reversed,0,train,71e98c361691f283f389a65635b57f021d44c887a0b0e611250c3cbe8b66ae33
e2eff7cd295979ca0977,dda99179b345acc0a49ac76d,cities,1032,Aktobe,primary,standard,1,test,d62d4bb61741449e0a6a47402a269a37858d1c370d97e4669f366faaf8b6b2d8
dc63c291b07ae71d702a,fb17c234744317bddc0b3ea8,cities,1033,Aktobe,primary,standard,0,test,5f005546038f129f7a1514e0f1cf69b5aba4c61643adaa988e78dee2a7cfb04d
98fc7f57ec7fd7bd430a,2bee14f5c933e76743a51352,cities,1034,Chisinau,primary,standard,1,train,493c400c78685e4de79166bac5769ae88e73c3ce092bd29898152c1670479bed
854aeb94deab4b478781,d9111a1ddb6c418290db9e8e,cities,1035,Chisinau,primary,standard,0,train,af85a4f799c1b9839c294be5587db7f8b518d7e38f0ff7735023cbb40ee83d3c
faf28d32429566e9d682,44bd1b41d583d16b734119e3,cities,1036,Tiruppur,primary,standard,1,train,5c4649d0ceed18d6d598bc01e8bef435fc94cdfc109cf8cce7409e2f59a8c444
bd94bbcb0f7c41b9d816,ca0bc9530790d440398f6fc1,cities,1037,Tiruppur,primary,reversed,0,train,79f45034ddfcd904ef473018496567a3e7815a27cfb674d7bba41f0c208094b5
2d1e759d9d3d577c724d,a340d1e4a9bdf5e3c0239860,cities,1038,Kozhikode,primary,reversed,1,dev,820ae49b2007b9aee9da82e6119e801b4742edf894583685be21144f02edfab1
4dbe34a321ed07041b69,d1228e7d3737be71ef6ad985,cities,1039,Kozhikode,primary,reversed,0,dev,011b9c24a76462ba40062be5352650c7a4c56da34362c4eca9a351e8090ef3db
11054071e5990b31c467,17f991bb37b12f91c7d34c9a,cities,1040,Asansol,primary,standard,1,train,2787b61eed4baab5cc78fb639ada8756f55ee3a98a810b51f91458ac61085d19
d3dda06453f2c0818834,51868485f5495152bb2e2b85,cities,1041,Asansol,primary,standard,0,train,ea58cd305bcf90355dcf985caef06686da899520ca93d1768d48f4b639f2906d
d60bed2fd197c52d8b6c,9d7c1147ca229b6a62219a6b,cities,1042,Suizhou,primary,reversed,1,test,c97d4e98712b3e40d6201ec4d02c2a1d05d3a2221337cd925c9de5aa32e6587c
0bd39480fb9287812a61,6b0e31010808ce65fce52390,cities,1043,Suizhou,primary,standard,0,test,c0e1156362fd47e6f6debc4b2b21e43183a03b3b8fc1688f422d6653d0e61dd1
1b6d12b08288d0af15cc,0ee5fa10ddc3eb3fb1b39cb8,cities,1044,Jingmen,primary,standard,1,train,8dabdaf06b77b99643a8e8678bc8b6e27bde2e894cb6fb667a2b7c226c70ebaf
e258e0e381f0cce177c2,9f534b00a35f3ac41fbdde7c,cities,1045,Jingmen,primary,standard,0,train,bd351ccdaf11f1e031142065e34989e91c6fb5ae8dde377e93fff3f6842a36e0
fd3cc890aa56f57cd83b,601b269b849f2be548fbad80,cities,1046,Huangshi,primary,standard,1,train,38540e49fdafd97e1084001178a41f1ce0652af7ae76988ee76bcbdd5232aa54
85800467a706d8a04323,9b769558cc7064bd245e695d,cities,1047,Huangshi,primary,reversed,0,train,d62f0d1e5c527764451db4c51ff91c5fbdb3deb0d5c8abe4450afce8953e4b3a
638378a469e148ebe0a6,58008712ddfac9b174689085,cities,1048,Huaibei,primary,reversed,1,test,cb5fb9c6626048adabbf3fbd1dde0736cdb4f1649c58d5252a83d9bf6af88145
9a99fe5a7fe0b9bf1c18,d800f685e9f2ad9177a0af48,cities,1049,Huaibei,primary,reversed,0,test,254aae88544ed6b335dd47df58d0358771cc946056937835aea020b9ad3a8006
b2fc93d8690ef6f4ec7c,5ad28a44196e96993d72bc81,cities,1050,Hebi,primary,standard,1,train,e1a1e3cc7f8f1dac5eb784726eb1c9de3077175ce4cfea8a816b4d7545840566
cc49a8da883327356029,0070ddfcbbc99115427a563a,cities,1051,Hebi,primary,reversed,0,train,7c2b9987b6ed962c43fbf67fbfc092e86665ca428afdf9474a35d3d6781009e2
286886bf4c5ecbfd6463,cdfe7bed172e0c46d38713ae,cities,1052,Benxi,primary,standard,1,train,c8a4ced8e417d3034e4cbb3809da6fec5bcdbdacb9883abb4b05e18a4a1f828f
32b9afb2a9592e41af93,1b5928496548cf0083d231cc,cities,1053,Benxi,primary,reversed,0,train,c3fd47282f426e439ee38e3da14db49d15bc19094080b1412dca6fa929765b4d
afe64425f610a47035fd,25907dd4d7b454b463eb9b0d,cities,1054,Fortaleza,primary,standard,1,train,803360d6aed4c1d8b3cef48ce0c9ead08e78dd3da07bac380e46d4d0b1f961db
36b440cac5e260073a7d,0919a2f6e3685c2291e0478a,cities,1055,Fortaleza,primary,standard,0,train,3a3df8bbf18735ee829cd18af9758dc33435d9725e52270ec12c7b010f80641f
56947b1765427736c6c8,c8ced83aa743d0ca3c5caa07,cities,1056,Antwerpen,primary,reversed,1,train,8040098caf9d9ac442d5ece6488b2005ef0eaa56b16ea9f658aa9d8573945686
20bba386030c14a36663,0b6ed11006f3175092ad277b,cities,1057,Antwerpen,primary,standard,0,train,5758d02ac229a9aa611ba71bfe2c8bc963da4c6993933cb3f8a6d628d33199bf
4cee7654697ae19ec143,1462a6ce2c8c7de40e06a6db,cities,1058,Pikine,primary,standard,1,train,23dc082b240757c53f894fbea431cf199a1fdd32fed45b2e113368ee725b060d
bbbd472c3e919e6b021d,4feceb7e8fb1b47fbda8dfa6,cities,1059,Pikine,primary,reversed,0,train,91769a1f2b87e31dbff142e4416dcea5233ef0ffdd82f56d98d0ba1f88f61bc5
c36ba20ad7724b72dabf,a4c41522de0ddb1ce459e9bb,cities,1060,Dakar,primary,standard,1,train,43da4e38a1636a78fab6db4fc228bb53f7753ea5ecf8db5304932a6e2b00f5e8
b17b24a1ac16051aaef5,eb29172dc424ccdcde3e1531,cities,1061,Dakar,primary,standard,0,train,de767943ca0e42b50f6ba4507eb8d0c919a97686544b2d1110c2047d2a53518f
5639a8e3bcc0057be886,766c7209c5d10117cc676a92,cities,1062,Faisalabad,primary,standard,1,train,8cbc023fef0532959564a7469c3c484c6ba3ef8411c9581d9450c0c240619cc3
70ebb34084ced3275feb,4869c4e86e3721a4f2d9b66c,cities,1063,Faisalabad,primary,reversed,0,train,2c8268911453ff54d370380fccda8ba9a5ec50e4d993bd78df9b3e908c310950
4edc678c1d8f07b4912d,c02d22940e51c4ebd99ebaa3,cities,1064,Kyoto,primary,standard,1,train,92a1d9f69cfd9f35fb51bf0fe17f09623956f28d129b4f9424b76475c91aa9cf
ff83aba26de76ee18f36,3f2164e88c0b9716fd9ef997,cities,1065,Kyoto,primary,reversed,0,train,34b0ed0c488bb2f95135d09a2e1509876ae641385f48bc5009812781f5331909
ed6d8ba9f949363e2256,994f249b922ee84f0a33f733,cities,1066,Port Harcourt,primary,reversed,1,test,6983c260be0d56c2301bf8066b564e8b525a05b8385762698b2a1ce38bb08c70
5e0a859f80334a495ddb,e5da961c9c550493fd7f19dc,cities,1067,Port Harcourt,primary,standard,0,test,430136dbe38bc1b153060760251ca363983cb1fba715bf1a04961af1a69ee63c
e89fd2aec3865f766bdd,85205ad34977ffc6f12495b8,cities,1068,Makhachkala,primary,reversed,1,train,fedebae627913fbb30fee9559410264ecfeacbcdb056e79ae981e2aabd342828
015f697ed344250e5e73,123e4a4d2a7ef5dbb395763e,cities,1069,Makhachkala,primary,standard,0,train,6a9c70dd98a80606fcdd23bd9559e5fdc4aa2bc272d6497ee75e0a356a95db2f
b4e5ea67e6d4f51d56a8,f51f1fe7b9636afe31538836,cities,1070,Thiruvananthapuram,primary,reversed,1,test,5e80bfcadbee95d0ca6b764e2eb1b23074f36804e6358d61047745091da95133
c198a065c42825ea64de,130fbdf7c05367ffa737b6c1,cities,1071,Thiruvananthapuram,primary,reversed,0,test,ce586fd0065ea916ed2ceb3534598f4dfc39a2fd4404d140de30e432cbbcdc5d
f3a39cfa9d2e6919b96d,56d30703efa4686d0e1158b0,cities,1072,Madurai,primary,reversed,1,test,dcfea901a9a7e4ce80c99b2ed3971166018edcc84edee4254a0ec2836294024f
2406502a1759f745ebc8,1dde0935aec325963c5344bc,cities,1073,Madurai,primary,reversed,0,test,9cf64b1c0b31632d1b0e560a86d839f3927c0051fcc0af96c3d250ad46461782
8dcbb735d954eb9ad099,8255522b7fa1085115fb5466,cities,1074,Abu Ghurayb,primary,reversed,1,train,c80e3846598bc8537f09158413ec0de062b0fd43fe739f4cae2cad428a3792b7
b7bcd13b2ed328acaa74,b994f3bd21942830117322af,cities,1075,Abu Ghurayb,primary,reversed,0,train,6f7163a905da9c9e47d90e571be2ee31d84363405ab2f4b2b958584e06025e6e
d50260e4ca09696ecefa,43e94b88e5fbb7d2d9e12847,cities,1076,Karaj,primary,reversed,1,dev,847eaf91a88527a84cea6c3a2b1d6f28d056acc16ddfbc63a8be260e5ba93ee2
96f9091ef91c0984589f,d90ea424c680ff43a16e57bb,cities,1077,Karaj,primary,standard,0,dev,ef0b49839d3eb6b77c13ac780f7d1c588ee07a538b19bf259a8e272e3299a41a
8f3c90c051d81224390d,99be84731a8719817a8cd79a,cities,1078,Kampala,primary,standard,1,train,8134ece64210c890049e9713d1f09fdc8fbff7fc827818dadd9d3d8ff30f7e74
3ec2d5ef4d70a851a414,014c6574aa4a465edf7ac0a9,cities,1079,Kampala,primary,standard,0,train,abb6b843495aed19faa7c3ad017843cc8bd864d294da0877ac77494a44732da2
b97ac5cf29a2450e3780,fd5529f7599be01452143d71,cities,1080,Chicago,primary,reversed,1,test,f5eae8c8f13c04502544a7192160f87bf3cdede96c6a8bae188a154f4e17d5fb
7b82751e320f94b94b97,fc201467b2b46d1139352bc8,cities,1081,Chicago,primary,standard,0,test,74951130e332ab3d3b7b8309f9c5d5e9208cf26dc5adc85fa5838f8b01c5f362
f8b47b4cd1f21b818f40,bb6aee64dfbc2072cb1b2f2e,cities,1082,Milwaukee,primary,reversed,1,train,b97e9b02b7d62cc05995458668910a61a431649899a0268af35207e9c076e970
d810cd668b5c65087769,1eb3bcf66e3dfdc78242e9b3,cities,1083,Milwaukee,primary,standard,0,train,01077b7d5e89b4697091fc25f09390a12a2a4c44c198d2fd2bc30985adfa07d0
ba1f094a84e9365cbd99,93324fc751c5f45b68377584,cities,1084,Bloemfontein,primary,standard,1,train,579ee232eda0f19f925497668ea8d0fe4dff127f979edf070b0db4b71b427508
73d53375189866ff25f3,8a910525b34b68d7c4bd9174,cities,1085,Bloemfontein,primary,standard,0,train,1e24361bc62003591df9529f1b5ad19ee17bb306b75ca80d8387ef1796d67ba9
31e1edb3ece37c5aade6,a947097b0129a68edd493c86,cities,1086,Uberlandia,primary,standard,1,train,782a505f8579ca7b5d4988f4c7759018c5ec96c69939b8f59bb5be79531b37c7
fcf2a6a18be4ec9d9a38,4b3c178ed7eaddf45011f1df,cities,1087,Uberlandia,primary,standard,0,train,8ed3c5792984013fc476ee5d29d03c06e87f488e0def90002c87c65e9f83cd93
ea21472e3f522dd9f0c8,76f12f8a9ec5c969a86fd376,cities,1088,Curitiba,primary,standard,1,train,db8514022286e264c2ff3c970e34d23746f212d5f019f9135a5d92dfd53b98f5
2618a986d356795fd72d,fb0e1c40b4186a93ef82802f,cities,1089,Curitiba,primary,reversed,0,train,54a9d6b6a09427d13216aea3f84e39cf9894a9c18a5f6abed19b38852f52481d
9a959711af1752ad979f,1502a5037cfc45f28995e055,cities,1090,Rio de Janeiro,primary,reversed,1,train,5014669112dca155d4c8b79f7a60be4e5d6c4314b4801ed0b0a1247b8ebf19ec
c0c798bfe30113ba6ec0,f7ede6fea54b11e08c92e443,cities,1091,Rio de Janeiro,primary,reversed,0,train,334bb1142e4bc73085ff899b00c3b5a98b7f010d06e189aa0412a867ca4cc89b
46b4be80515f80a4932c,c908e6963d03a4214ae40c7f,cities,1092,Ribeirao Preto,primary,standard,1,test,6e4684e52da2c4edd43c835892f4deaf2ef4d9134cea3fd03885581a1a4fef11
e4d1d6e4461c267ab1c5,f4a51620e5a1cc9c7fe20e2d,cities,1093,Ribeirao Preto,primary,reversed,0,test,04ec396bba4747686695ede42e2e7dd9f58b111f12efd4931187259bb1e3575c
1d60c95772ee35cc0823,f48ec6ea6a8e74abe4e3a461,cities,1094,The Bronx,primary,reversed,1,test,97665760ad4f1a6726a62340c62553dd71c4b490ec892c6731c2cc75bf70bd10
81026b1847725cb71a77,44332d919be8ef7c439b856f,cities,1095,The Bronx,primary,reversed,0,test,6003fe6a25e28f686943e1b6f875376afafd4d254c0ebba51ab05c45466812da
47e556e5e4fc6e4b1c14,8fc70c1c355c07b9d7ad03a7,cities,1096,Samarkand,primary,standard,1,dev,b1aa25762090cc6f8a1d047e61f1d10b68ef0fbd4e6cdaa659761145ec935e53
0262f0fec46aaa379a4f,bf33d2a634219a0998cb6420,cities,1097,Samarkand,primary,standard,0,dev,5c949fbfe5c26958a3d6cfe7270109ad5d952a9c14d4b38ca82146cc7c02ef5d
c035c70d06625ee85674,3082e5991ac55e4635482fd6,cities,1098,Da Nang,primary,reversed,1,train,2d3b09059088d8c86e34a9844d18ff7087ab6ff637905d921160e59e400248e8
6d8e0bc87c5a9b024e1e,15f5af7dbfe928ad81346fed,cities,1099,Da Nang,primary,standard,0,train,6818bf7888601e2f34e704067c4c9555eb08d71e6d7f1437ef16b1dd75a7cc1d
ccd13ba475e62488b7f8,5474c7a9d595d826c5ba3c9e,cities,1100,Tomsk,primary,standard,1,dev,674fbe3cfbae6f47574691e34810d3ec7613a28fd3e295020b2ebc709fde4314
203a54f7b48395946f65,8c0aae972c5c04b378943929,cities,1101,Tomsk,primary,standard,0,dev,48fb0c0f05f80eecadf41672d9da6398017f090f2889ae8facde975c1a4ac5a9
bc90814f467d2cf8c016,27d4bc443936336f55c2d14c,cities,1102,Najran,primary,reversed,1,train,7a2ec5490461f3687bc54f3465b5953f6063a1f9dd68a4fd3f49e7c32810e679
2e561ea6d4dae639dd8d,5765cb629ec712f14487971e,cities,1103,Najran,primary,standard,0,train,b9c15d25e38acc97b387928b77c330b762d10e2aaf4ec9ea0f69941f3732dfe0
e459eafffa767502a2ad,37d873661ba78169efcee2d4,cities,1104,Bangkok,primary,reversed,1,train,396960eb49cb0186e751c62cd614580c402c0b7752e3e1e9e3ecbe4b67771f18
ca54169a3b37f8f059e2,d705c8893d2d25be903dbe1e,cities,1105,Bangkok,primary,reversed,0,train,d61a76bfe17b1ca87f852354f9f04505a0d2e828c3e4e86b70cf9b2354c1fccf
a33fb7e7e04268c985e9,915dad7b91e4c368cb633de3,cities,1106,Oklahoma City,primary,standard,1,test,204305f67b7947ac3830ff8ef7767529bd603cd1f0c034935ca32b6fdb738255
29950c9b03723092ebcc,846c0a5c48d25a6901781394,cities,1107,Oklahoma City,primary,standard,0,test,46df2895b66fabd1ff68b4dccc6bbd88bffdb23a7e212c1def2f7c24665d08f2
7cbc90d50e92663f4b78,56d41dd930692f01466a1122,cities,1108,Izhevsk,primary,reversed,1,train,eef543b80a167b57089085222423cbbc160954d4fe669e5f9fe558ab1119bd7c
2490bf1bd0fb13101bd5,f4d40ad494bbaf4c8d70d193,cities,1109,Izhevsk,primary,standard,0,train,3150f571526ac7779dcf4d12d0401bfdb97ce7d8016d600096db968f84d8f550
8ea7928e268ab2cf2a6c,056f68a807b96b24afb3a4be,cities,1110,Madinat an Nasr,primary,reversed,1,dev,dd5d99cd327637c4b80cf627a3cecf29827a4d1a8118cc22a9f887d8c95e69ef
fb8f36a59f4d5ae7cf07,6f673f990a10ddf922961d97,cities,1111,Madinat an Nasr,primary,standard,0,dev,d9c5afdf23ba3552edd2f0db320cce7e3f9c0119005955ce4ba58875cdecb577
fd27952b8017b14593fa,d3777a26bdd342214d034303,cities,1112,Yibin,primary,reversed,1,train,9578520e6dd4832bb223e5aaf0a06812930054ad8e1266a952080c67f98550bf
e80523e468383590ad21,78aaae0fe4685ac91f60f61f,cities,1113,Yibin,primary,standard,0,train,d31d2ba3d0094e664f5e16b78b64a2b4e0bb02a4b868eea4520e9249eadba228
428c62e8e9a4d8b0c4b1,60560459b60e1b954f9c3a9d,cities,1114,Sanmenxia,primary,standard,1,train,f34c711895b9fe79e37843d9bf0af4ac9b1d927f0155d72621a5a2ce959c0339
8573fec1b48f33e1ee21,9d34b92f6a3684e82b25732f,cities,1115,Sanmenxia,primary,standard,0,train,ec6e186a491cb49f4652cf636dd57e5490a57a3010fbba159682d0485ec9b28f
61731d09562a1d47f8b5,d222a3156fd15ce5fe589c19,cities,1116,Rui'an,primary,standard,1,dev,8482641089927cacb443f081990670943e61d6e103d890160d73c64523dacb58
2fc705032e6f53d0f3f7,614d6998642d29a6727198df,cities,1117,Rui'an,primary,standard,0,dev,a7610583c604c26adf766dd9e16303a26434e69f27ded5a1bf5f51cc73ad5986
6dbee9847c765bea959d,03741ff273fa79abaf80db34,cities,1118,Ningbo,primary,reversed,1,train,7475d5943e57546f4493ad9d68e810f9b887bf2269bc802e308f22b39e570cf2
1f35d9f7e2f486147e36,815feddfc03a9445a7a95234,cities,1119,Ningbo,primary,standard,0,train,1f8b7dfafc4f7d0d9d781927680be31325ec23a7828e789f4087ed27b57f0669
7805e4edf06422bd3e79,49e6b4064230da891168a95f,cities,1120,Jiujiang,primary,reversed,1,dev,13d4a411b70fe693c4afb73a9aea474dbbff10003dd5092b2c836569025e21dd
b95936436e2912c4d6c5,e725d64f9301c3347ca55aca,cities,1121,Jiujiang,primary,standard,0,dev,781709fa625b94626b4b1852d18141e4eef863ea3f2aefc3a8b5880fe665c9db
36e3cb054a9e2230a9a9,aeb1e29f72d725808f2cc963,cities,1122,Jiaozuo,primary,standard,1,dev,ce15bbd02629754568d05bf1edad0120ad4690c24e7592d535895c6ec6cc8c37
9e1c9e172d918bc5e677,1a052dd1c1f8bd65e730d583,cities,1123,Jiaozuo,primary,reversed,0,dev,3c68307fcd9aedde9808425a5bbe552da72d781a3fe0d18d29189f91aa68401a
15934dca819eda8cc5cf,c367d6688237b0dded296547,cities,1124,Jiangmen,primary,reversed,1,train,50a65cce49ba10eedbb42f7fbf335c78dad423e223d71e556368bb03f925682c
201ca32225155f53a1c2,a0e0a95c3cb28f786dff0897,cities,1125,Jiangmen,primary,reversed,0,train,5bc6103dea556dd4df6f917e4e316e66136f7910e96db34615739a7a7c2ca829
24dcc74bd18004810504,54da93e92ce63bacf270ee18,cities,1126,Huizhou,primary,standard,1,train,cdb498661040619f325e9a2ce584ea37ce380910686405533cadc7e2f55112ac
966604688fc06d0788c8,b0c49122dbeeb82c1cc4e235,cities,1127,Huizhou,primary,reversed,0,train,a7efdb57db01d5a0b61834222071a86ca00cb5062e3f6bde61f1ddf2886ea993
0cfcb78e3145e09231e9,bb13737a4937b035eb0bfccf,cities,1128,Harbin,primary,standard,1,dev,562d3ec23c5da132a099d7d7621aa1aff2b6571ba5f1478f353d353ac5320743
dc71476b8d6f5ba8871d,9398a2b48c1fa594b65370df,cities,1129,Harbin,primary,reversed,0,dev,04f3717860e63e835794c6cc8afd6d734ca5e7ede4e32cc9c7009935dce2a034
11137861356337102883,5e4c273ec13fc8b65073710e,cities,1130,Herat,primary,reversed,1,train,b3839ad153862e1600d18d4a9b0f43d63e15fd7cef37026797d8aff697e2c65d
1f7c88a4b465c0d60ca9,4d60a3ec3465fe49f9bfed91,cities,1131,Herat,primary,reversed,0,train,bca95ed71abb8abe57047cc8de4409983fe3dfc05f4183fd487d41c9f099719c
24d0167dedf0ab4b5b31,a076825e09a7780a0fbe1252,cities,1132,Kleinzschocher,primary,standard,1,train,54b864274e3cb657803dd1b6a6706b7410eb75d143c2a0ec4dee2d15dcc0d068
8a52546990bfc592b388,ffd94067e0282db4deee13a8,cities,1133,Kleinzschocher,primary,standard,0,train,4e7877ab03bf90a5a23013fe02ac86babf41e6d9902232a7655fe0adde8f0007
e5f6e0f946efc8a677fc,cc438e9538190d09a7cc92d4,cities,1134,Davao,primary,reversed,1,dev,da71ef5624adb2c7928c6f225a440e20743877c7001514412101e6ff3bd31cad
981cd942112f526e74ce,61d27245503cc3c6913e8e54,cities,1135,Davao,primary,reversed,0,dev,01bf28b5add7b6e27a4396e63f5fe9cca228efd7a15d989b097c0d7930505900
de0ad6cc709b4dfe4442,147b994d71c9453ac3e884e2,cities,1136,Sargodha,primary,reversed,1,dev,5e3a8ed5f79c8572757455019dcae4346f6f76b12e64549260d94028cad1ded8
dc0604c1ef8799e1a737,e4532930c22dd24f641c9cd8,cities,1137,Sargodha,primary,reversed,0,dev,f8d6f3f2ffa60b5e25a5ae39a9701fdd6934dce7ca0a3672b951856f240a435b
71d1df73733e3189a3a6,1602a8dbb3773b676d080ef5,cities,1138,Islamabad,primary,reversed,1,train,50f46f40f8d2cc8c35c397d307d90d6bc25ea1e327b2dbf1edaa970bfa842681
91c68f53f805e00631e9,68ec6677adb69171a052551b,cities,1139,Islamabad,primary,standard,0,train,c2ea66ae6e0c27c8d45576158fe10feab41bc429a2b729c6e3ff1bbf5b4ec752
2cec1b452bcc3dd11af6,1489d069cf4850c13cd63845,cities,1140,Zapopan,primary,standard,1,dev,46b755e26af27e461eb678a4c384fe14ea80a7b84b0577637c49e1b1fd82aee5
5b75f8e87239760a7184,f027df257d1af304b9e1ac81,cities,1141,Zapopan,primary,standard,0,dev,567d68eeddf0e4e46fb4af6d6b09d7dcecbff4a4b2760ae3759f3dbab90608a3
f2ac276318fce0becbac,c2e6935620564c086fa4afc3,cities,1142,Visakhapatnam,primary,reversed,1,train,23dd92348c362347a8a73022b7f5d0bec4b824c900f638c76db51b143190e8df
b86b59184190e6cfe482,6d9598b44651c676520fa821,cities,1143,Visakhapatnam,primary,standard,0,train,502121c346af34facfefb353b0ab4f628cefe7bf5e22db8ff27bce6e0e9bf3ec
019cdb778c60897d2f61,e0f5f0ccfb5e27771c11039c,cities,1144,Rourkela,primary,reversed,1,train,4b65dd943f65c9ed7c81db8744ba03083044df18659e6e50d0464853ca270e58
2031f0a64ba54b8626f0,3e19198a6dbceadecb234427,cities,1145,Rourkela,primary,standard,0,train,6860fcb9fb47761b9180bb09f0dc96471ec0a1a96fb0a1a93eeaa439c2a37f1f
cbae7cb1a8f56ffcc980,eb9d272f90d4b13125b04764,cities,1146,Dhanbad,primary,reversed,1,train,9e32051ed9b105dd7654093676030d1d42a374dc2150be05ac1d4be750074178
75dfba1764d0ae003bed,b47a52a467ced8540c472040,cities,1147,Dhanbad,primary,reversed,0,train,a8e852bc63374114f104d3bfa7e70235351cb548a88c6ae978e5aeefeb1a9d54
fff88b0388031c3bac53,e545c78223bbef830eeec7eb,cities,1148,Bokaro,primary,reversed,1,train,0c8ef9cf4e877928a1ad03a5dda2f4d5209aa8187bd559b9bcec07b141b10afc
871db7e6a14f6feb0fd3,b131ede7e624129a8b21afbb,cities,1149,Bokaro,primary,reversed,0,train,2ec7c08fb6b616dc89c9544e6fae6520e01101166e4ca82db3d09f99fabcef92
cc9edd95de8c56b6900e,c4872144772be45c88c9df33,cities,1150,Tabriz,primary,standard,1,train,137dd6aaacfb528bbddcb7a7f4d266f3e67c16b2273faed068cd21d4cbbf0f2f
c72a55bf3b9474163b65,c043041da433e91654d170d9,cities,1151,Tabriz,primary,reversed,0,train,c6a1eefa30b62b9dad7c8097cc0097e8c33f267eef301ea48041373beb74a511
17c6563a716516d84f76,caa835d300de08d7d29c85e5,cities,1152,Tlaquepaque,primary,reversed,1,test,d50f1c7f77ebecc3d0d5943b0330ab0a8edbaaf9ddc8e286f1af7bb4e9f65d86
4396cfc89129364f41f2,28fd57f1d4c94c7eb1fdc5f9,cities,1153,Tlaquepaque,primary,standard,0,test,ba510d6cf0bccd0b64d7fa117f949a33b0e6a76023ee08d42f22db2b4758a055
1741792d29d216701aa1,ebf84a157829980de878409d,cities,1154,Victoria de Durango,primary,standard,1,train,0927a693c3c7dd736aee6541ca7022f1af5a6595e968052f566df678b7f82077
014618319323fe355930,6da43bb56506b64611cab5b2,cities,1155,Victoria de Durango,primary,standard,0,train,ac14f4d8ec40c70346d45b3dcfbfa6a7482b8c0dc85114c008ade1c4099bf5bd
6a33475838c12a56977f,7dd08e4ce5c7d757deaefdbe,cities,1156,Kota Kinabalu,primary,standard,1,train,fc743a7cf5566ab930eec3d7d6e9e88ef56a4bf977ff12bcc42a197612d6fbbd
48c2e261d43d474850e0,975c7f72dee49c9b3e997242,cities,1157,Kota Kinabalu,primary,standard,0,train,1c3cc39be27433e5f925b0eb1cd12062952db12da8170242ee5404af8dac68d6
d18256585e30aec48e01,eb19ce122e34b7f27e74ba6c,cities,1158,Nairobi,primary,standard,1,train,29d7e6d71bb268fab9ce74ba4542b9dda3a7b81095091977bf2ebec1f1807eee
4735cce1d42f2e557ece,3b60202898c4cbe80eadd30d,cities,1159,Nairobi,primary,standard,0,train,c66bc991f96623b89942457bce12181051584faf88f339108cd87b09ae36fa40
89f15fb0f1a48212c596,01b9dbd11e4f5f2e5674f236,cities,1160,Taguig,primary,standard,1,test,b6e3ced96de96c91ff5b4cee8543a5b2ec3c262f37970bb4b61232ede05d16bd
e59805daf3cb63b8f8dd,d33af4be606aec13ffb9a7eb,cities,1161,Taguig,primary,reversed,0,test,c7562c896afabcaf301c263c360f99e58e40bf59d3451351a92b9ee4b6b11bce
4acada2f2890f79fe304,032dead5e917d4a2f623a2a3,cities,1162,Rajkot,primary,standard,1,test,fb386263130fa8769aa5e591bfd8cc41b8f47708d92e9c98289546c2df3f8783
b893cfe35e87151b359f,efed29b85d8d70423443852f,cities,1163,Rajkot,primary,reversed,0,test,dfee0f21e37f3906540da42fa0208900000709d23002efc813879752e46a1d5a
1b6f1b6a4542e621c0b9,886f42d2226554690a7403a0,cities,1164,Pune,primary,reversed,1,dev,22d92d25b1b82e6526a78c217f711c3af7517ff44328f2ac4300063f076afdc6
01d0c1ddcba2fae70720,771a5fafd83c12ef49c7896d,cities,1165,Pune,primary,standard,0,dev,2c9a80755d4cf5159b2412364675022e20d268d40c603ee8abdc8c59386930b1
a6a39c512f011be05514,23a4c956450100fd0b1cfdff,cities,1166,Ludhiana,primary,reversed,1,train,4ce7e4d66459391698c3211d72bd21f513666bfe4f5a590a29d09f38b0ed3bf8
61ca565a1bf51f4a4087,6415ab342d64c73e2c6bb6e9,cities,1167,Ludhiana,primary,reversed,0,train,373c03df5a4bf4a7f8e0bb2aed5003d1c56687ff62eee596e6f4a1e4bb3bdb89
b2f1c8d5ce96df109ad5,1dba83b01379fd5904e5a897,cities,1168,Jamshedpur,primary,standard,1,test,131bbbeb119a1679dff0d57e090031c891c5dcceb89e2ed97eec614165f37588
c4161c55c33152625c93,862e61e1fe33792e374a42af,cities,1169,Jamshedpur,primary,reversed,0,test,66ba6869670ddc99a6a2fb9a70c77c5fa25c83b4107ed56f7e111c2415cb3a6a
e84f5442645c4b7ba1f6,05093fd03dbb4b83881b9513,cities,1170,Bhiwandi,primary,reversed,1,train,61af8a626c6e3a67e54a713c79f42ed132405a1802afe63df695fe475b207148
a314315d74cecb94584d,30e2862e827222871ba0d737,cities,1171,Bhiwandi,primary,reversed,0,train,6b62736c09985d82b1b1f54f14b8ae893efc29722d110b236c4a763436322b92
e21e05fab7ff076abdb2,5cbb775fcf79864f18f2a6e1,cities,1172,Erbil,primary,standard,1,train,638449850ea3dbf38dc552fa3d40e39b89fc702cc4c6078d9e61ebd8b51468f3
00a148f3f648d9602b04,4cf08e5562a8f86dca092478,cities,1173,Erbil,primary,standard,0,train,c351060e003794114f50f96afcf231e7cb5f47646f902805416e66d0abfc740e
eaa8253146af99b40d5f,9ec857cc503177221a5573b1,cities,1174,Chelyabinsk,primary,reversed,1,train,bc41684fdf4a399cc259f2262242eeec44b73fa3de4624e3b310186ab4c47d98
32ff9ad216d2f71ceff3,f178151d4eb12cfb0ad5b94c,cities,1175,Chelyabinsk,primary,standard,0,train,0288f87ccf7b03f6fc4c7932b5446f16236628cb1b77088b23e39df8327e83b7
f2dc3770329196b7440f,e5f1a20104bfcd30b8dfb41a,cities,1176,Uskudar,primary,standard,1,train,3c60c2844a6530e5a2fe4bce41d10759159a30a61e3b1937d8b7e5f1003b0fe0
a864e6c6cbdede586c8c,81c3b12c8203509a2673f905,cities,1177,Uskudar,primary,standard,0,train,3775891cdbccb2d1343bac080fa4ebd1dc8fb9d8d918a46894ff63e1fbbd1754
6d8be2ba3639f5e6896b,7649df265281329b6d1047eb,cities,1178,Bagcilar,primary,reversed,1,dev,78891ab6621bf3c97bc4d4bacaa46536205f807a902c1f749e3956b844ca9094
1500c11e9a618afcbd85,398d0a4cfa0a7e527f1a2cd3,cities,1179,Bagcilar,primary,standard,0,dev,799a7c8ab5653e4fec9021d57389a59183cd4440ceb425828463cb55481d652b
f1b1b409072ee9761384,8e4f2b240d5f5926f3c99991,cities,1180,Quezon City,primary,standard,1,test,f230020ef871ef84b15d866c1b3ff2e762d67ae72550dfa1a52a1d5bf2c9fd75
9a8104adea36e80723e0,ed40bed110a347c8448c11e3,cities,1181,Quezon City,primary,reversed,0,test,e69dab3ac09875b1016f4e0fd1cdf7d445fd456b96af29f8bc1028f721a2fca0
60eeedca379a93d183be,b58a29fe916fbbf706388fae,cities,1182,Mexico City,primary,reversed,1,dev,b9a17c1e36e294502f162a9fd72503631e9b16077b8314f756dc0e96a7060fd1
fb37d1bec5d0e8fab7b3,6a12637c6949063a24eb11e6,cities,1183,Mexico City,primary,standard,0,dev,5bef501be71cd13ae9ad256e76237aa554dfd1ee85bb929db6f316dac27a256a
554b9b29f344d310a2bc,13b6b37f1d8819d15a3bd942,cities,1184,Leon de los Aldama,primary,standard,1,test,4a43afa4ab834600d1ac38469a6d6ba91afbd2acf2e10696822a2bb70c65b02a
1a0b705bb93725cfa638,e577a0ee705547c76fe3edef,cities,1185,Leon de los Aldama,primary,standard,0,test,cb614a8298815540983b2fd66dd910fbbe8e85492fb6b9a55cb14395f0dc8c44
ec759adf31d745159985,95a2dc54cc2da20bed29c69a,cities,1186,Fes,primary,reversed,1,test,926aadd8c339c628ec5d1dfbc190202d4f1f640a4bd835346970bca64c82d914
6077815dadd3ddb30c7b,787f86f00d73c8ac222ef88a,cities,1187,Fes,primary,reversed,0,test,c81d7291eefa31c4cb2a65b199bab504bd93d68be68e169f10d61cb4c66e5c86
755177ec8250411e12ba,a255c0f64d873e3eaea6ce35,cities,1188,Surat,primary,reversed,1,train,df13e049abcf4bd72707076b0e95dd2cfe564955e240054e8b12f3cbb66156ae
4cf40d5923e8867f0e73,5ffee3426775c401586fb006,cities,1189,Surat,primary,standard,0,train,75d0f9d64f77642e8562e1013307ff12faf65c124fbdb68bd4372afb672268e9
4fccf97c820d2b165e95,94ea4b786a51f525fec006c0,cities,1190,Barnaul,primary,standard,1,dev,92f260a3d21b8111b32716c67de88495a1f6d3758aaf1019a8099e0317014411
048bd6ce734c9a839a6d,cb6483f498f3c4bb996912ee,cities,1191,Barnaul,primary,standard,0,dev,862b1fb3a6b88b11191a444393de66b7c2b245a4ba41c1077d0731c4f8565236
d8abfb6fce024c9155df,581b74b01a1f171a48942117,cities,1192,Buraydah,primary,reversed,1,train,fcc73cb1af388252262ff0e2796b40dd34c4f053433b10b1adc161859aacb279
69b26d9599d467c87b68,3f4946d3f6091fea5fed602c,cities,1193,Buraydah,primary,reversed,0,train,0f7a5081835610e9a74097255153d645d4b25d1bbb66e9a632253eca8c9841a6
e1e105fae8262e20afc3,44a36ea12ef05801de1465ab,cities,1194,Bikaner,primary,reversed,1,train,27f1757778b3e38c9541eded2f3a0d8fcea2501485395b6feb023ce8aa0abe1a
22f5b5393340191f9b52,3e97d6b7095c413d6a3a9382,cities,1195,Bikaner,primary,reversed,0,train,32c9366be5c3106fd2e2a7268fec76ce46ae45f1c41cc3cdc273066d1bcb66af
f3ca2cf938aef55eb936,4e6f6eec7135bc5d407a7917,cities,1196,Mogadishu,primary,standard,1,train,e439241d73f91059dcc8e0a293f30e24dd58923f6f64f7c7b4667db532cb33a0
44282ebfc7c657c6bb9c,f1d6db7dbfe9c1686d6070fd,cities,1197,Mogadishu,primary,standard,0,train,065d802de70887d0748749b68a4951d379263b8a0d8774f685df9f6288b13c81
96ccfe92093a6dde4e5a,6ace3db01adcb64796fe94aa,cities,1198,Homs,primary,standard,1,train,9e8603966b57c218786310d4621726d0b27fffd081771f826f4f2cd3b9d2acf2
d63a31d59736143a4882,1e2153b896978582f5dc79b2,cities,1199,Homs,primary,standard,0,train,cef65b3548c9fa5fd846a17d59acdafcbac7366fd0955cbc36b5f87015987725
1c2f2e9b0088c595cd93,cb44e4866a235547ef315932,cities,1200,Port-au-Prince,primary,reversed,1,train,587d920068dde6c30b172fad1f92895ad627ad13ddc60ec777812ae9c5f2695b
e5196904ecc798920dff,f776db480c11c8de7851fada,cities,1201,Port-au-Prince,primary,reversed,0,train,1dff2cb7e5e29c32707a0a47ad718092f56ad694141e13cc268d866ac4a25ae0
d3faa8567d4759ab42b2,d184ae9d45bcb28ade5e8390,cities,1202,Thuan An,primary,reversed,1,test,43650db83dd24f1a00bd92d7527554649c64139cd74d1118760f3ed10b77e036
9fde9ab7879e188eae71,40a71e396082e7441ba369be,cities,1203,Thuan An,primary,reversed,0,test,719aec4056fe86727d1269503c74ead99ebffc03ba32f152dc21c1651cc3e8fb
1695b4af9969d4b782b7,04d4febb790295ea2594851a,cities,1204,Sanaa,primary,reversed,1,train,2c93654fd197ddd9a3c2797f6ff1589caa07bff9c2f5e367d47d5ca9f97537d2
4035cb6cf43e03ca3a45,52ba2b06d0356f95e017ef9c,cities,1205,Sanaa,primary,reversed,0,train,874122888206c0cff5f6328f14c87e680569c206673607f567aad77e1fab6e11
fe66bb1a4a4cf4e47433,04ec73796b7d422c26dd59bb,cities,1206,Pretoria,primary,reversed,1,train,23bc75b6a46fa882b8cd48c62676011803c87022813bea7b6e696c5c763da6aa
86f08fe900803a85ca4d,69de48553a4975841a76ce2b,cities,1207,Pretoria,primary,reversed,0,train,be0edd42c1b1018aa33718765193228d97db677382dda5e98283f235ce64a0eb
b545c37941492ae3e111,a3ddc93b87b0d9765bfd4d85,cities,1208,Pietermaritzburg,primary,reversed,1,train,22b451b55f1cf73d9557130bcc61678aaf8a677121e0f253cb1cbab49e5bfeaf
89de8a0afe34992cf57c,1cd3543d090b362cfceaf554,cities,1209,Pietermaritzburg,primary,reversed,0,train,6d6c3bec646b21e01fb14d56ae33ef261045d607eb95fdd940bc353b6141e21b
9c2a32245f309bbb0280,ce4a9c03b18101143bb94f61,cities,1210,Abu Dhabi,primary,reversed,1,dev,dcb34e44b6803a0d931d9077fbfc2188f94cf00b234a35691470b926ab2ca172
224e63636b6d41cb2c49,a7fd910b9ea4063833529ec6,cities,1211,Abu Dhabi,primary,reversed,0,dev,0e275411b308278e0bd4785901ecb675aeaa64e304c0a6965771c63343f0bd56
b6d31edb9a9a40aec2e0,ed2d5a3c57ecfa4a72ab9990,cities,1212,Sao Paulo,primary,standard,1,dev,5a31493666aa7bb33d25a04ec1fffa406bbe3df527f5558771b4863bcbcfb781
47b16355562cf876a7dd,7d75246c71771cd0f8a6752f,cities,1213,Sao Paulo,primary,reversed,0,dev,1530312aee05c15c1b8982d75c917d56e10a37b912a0197ee39e9f71eba30f09
e0a29406d9d7ca2d985c,ccb09c591861a7e66dfc4f76,cities,1214,Lianyungang,primary,reversed,1,dev,d75a293d594f9f8fadd913ccc72917e623b971910a50ca8424afdd2730ea6134
1de25d12adaf23193edd,66a63bc2e669634937648bb6,cities,1215,Lianyungang,primary,reversed,0,dev,3363d0e3d7ce9247f160b69418703378a238f6b3bb75839568086779576e6e65
c0b0cc66450a371834ff,367cc822599c8434cae4c439,cities,1216,Xiaogan,primary,reversed,1,test,6e68fc2094ebe904224838c2a8b097d1c4b6e7f270225076b7e1c4bd76d6b2a8
2b55afc4ced508cc445e,2c8a67711d69b5c5f6391e9b,cities,1217,Xiaogan,primary,reversed,0,test,145238d82bfa5a445dd256cd177bfa2caea441514abe7808b31e72ad16c4b86c
f0685093f882a91e9e8d,519187010ca2f6abb2c1b3ba,cities,1218,Taicang,primary,reversed,1,dev,faf6ca4e71efacdff44006a7b9871d85f7310b70cf1be23467679ff543d0560b
ab181d514b615233fe02,91f433407c7d32b5fff99189,cities,1219,Taicang,primary,standard,0,dev,b6eee7949d53469fb294dd1b60f12c4f64f76a89ccb424d330018d20e22c7499
7d628461d795146e245e,e6ef3cec7a1521e66c173b7c,cities,1220,Guiyang,primary,reversed,1,dev,606ba1845fa1ba2f34e59f902bd2783d5aed565d9fe37db33c9518bf9742f017
18f184a9a8b41e1b5ac7,8556feb53b232a89dbab9331,cities,1221,Guiyang,primary,standard,0,dev,cc90ac46f372117fdd670be594ba69a2e6164ac9e4baa49f3f701e66923c99b9
3193e255501eb572197b,01bc9b1111ed0c0d787521ce,cities,1222,Ganzhou,primary,reversed,1,train,dd17b174eea382287d89758827a76d8494cf40f0eb5313e83d21465df14e41db
c0109c5f7c76c6932825,13df4c5843b42b9efdc283b0,cities,1223,Ganzhou,primary,reversed,0,train,a9983a05ba5c8799ff1f58065f8e44798f3f95d1e640534a6eec234fb508f486
00713a7481e9191c5c1c,2592c69585d8fa607204edaf,cities,1224,Shangyu,primary,standard,1,dev,fc025d6d7e5fa9be50dc9d9e46930fc9c803fcb2bcfd2cf29c413cdf28aa1e4c
dce0fbc714f25ed1b92f,d8aab4f1108576adf4c55d7b,cities,1225,Shangyu,primary,reversed,0,dev,006216e236dd7074618bb33de294831a8539b1f252fc9cfd65bde6d1190eb2c0
a3dad34ef5a08299274f,0f8a64fee6491df3820a0bc2,cities,1226,Jambi City,primary,standard,1,train,7559d13839e7dea3ee7a80b020ee5f862e59ee7e9ac22dd01031963b788fa99d
8bf46f8dd0853ab1e997,9278ec6bca104d58894f5da5,cities,1227,Jambi City,primary,reversed,0,train,db61522c0c7ccdbf609a66c1fbc745651224246bff6b92001d52b682ec5c355c
8ccbf05dfb5f2f2d002b,d81f1cbed03eae78f3c959f1,cities,1228,Indianapolis,primary,standard,1,train,e3c4368c6b68e321aa5fd1322147b1244561d39fdabe4d788151d808c6bf07ce
9a8baff5459c2b0fc633,948700bddd1922d20c44aa73,cities,1229,Indianapolis,primary,standard,0,train,276590330225396ea10402467c1a5e612ce6c7819ff78e7d0695a684d8e000b5
94e643061d38fdfb8d71,e3626ca9fad5f455b279119e,cities,1230,New York City,primary,standard,1,dev,5633f8ca702f620b15e8ec11305ff5f1db8c826ee6111330a65b46ad13f79ba6
45414253d06c4b3190fe,98bd0c8db3bc1cf9d0c17b60,cities,1231,New York City,primary,reversed,0,dev,e07c69ba8a697e0f1187816b30ec3db7c7330338078d7708bcbb597e2f8ca255
4232af049545d044fcd9,fbeeda2ff8aa75d26ea90d27,cities,1232,Bulawayo,primary,standard,1,train,bddd1bbd86c31033d95a30e48b50e9ee2c832a47336b066f4edd0a4cc747a571
17af2cc605615b878355,4701d968c8965cced80a13b9,cities,1233,Bulawayo,primary,standard,0,train,5e1996c5352f90b2ecacfe0a6584c6411baf9aec774b23c7518858320dae6911
3e7cf0a9e3c25e7bff4e,61fc34d462314bd6c08c551b,cities,1234,Santiago de Cuba,primary,standard,1,train,ebfaf0fc5da5901865b0d18491f0a99e9473133d2063d22cc2ed263d6f33440a
cca9c3111913e2f9cf57,20f5d57b80b632e4d740c0b8,cities,1235,Santiago de Cuba,primary,standard,0,train,862faa4c65beb58c1e0240f823defcb4c37adbb97856ed4c5cf13ca1ebff037f
bd3209cf5ba813747829,ac6606c98ddef45512d40a1a,cities,1236,Quito,primary,standard,1,dev,a9df79f907553bda24f9ee7f36a07d367f8da3c68ca54bb858be47a5de81755f
e7b169acd3af7c8a945c,39850f24bcf914635e4f9f31,cities,1237,Quito,primary,standard,0,dev,148d946bbe3d46476839c99da92b00729db485c2471f1b410603bc17ddca08f2
2ba8d981fd64cdd8f861,f9aabfe00bc66dc36733cdda,cities,1238,Shubra al Khaymah,primary,standard,1,dev,7082d26c98edd28b22be347055837000c9e6056e0a3a0bcf0306a4ddd8180bee
6e34db586f6ebabafcfd,ef153a9ce1c8df42b816ca77,cities,1239,Shubra al Khaymah,primary,reversed,0,dev,aaed7bbbd43a98b483b2c5d84d234062bcc460d7c8f28f8436a6a3f6b1f70764
e03b114e55ed5b3cebd3,7947f82f0fa565ef798a01ee,cities,1240,Al Mahallah al Kubra,primary,standard,1,test,07f14edfff3be411fe801d34afa9134c3fed84d08d687403c584e24ccd2df917
42877d743bd69bf6ea30,ccfa31284f4f103a66e9ddc0,cities,1241,Al Mahallah al Kubra,primary,reversed,0,test,8f2e51075f4c08b282aaeb98e59437d7f063f3456c3a3ebca4a0fa5d9ae54bbc
9ab30fe6cfe8440da131,9c04c2d9300e9b5177244735,cities,1242,Suining,primary,reversed,1,test,ea4d971e8360992503d39f55134fa031cf51e7df306b14ba787926d97d8acd0d
42b218577861dd716f84,bf28d3643f1a97f374299a5c,cities,1243,Suining,primary,reversed,0,test,92e45a5c7576207d5982ff3380202a74ba8863735e4f4124cde10402b18f9b85
925e258d126768cbc0a1,b0adddea52554de9951cc339,cities,1244,Guankou,primary,reversed,1,dev,32ed257d3cec557d24af8785a668214a219ffd45c13ba1ad43b500096c8972ea
405fb1b8215af32cd817,582ce81441eb9cca9726e35d,cities,1245,Guankou,primary,standard,0,dev,b6873ec905edf4408e4b3452bd52d16f1ad8af8fe1aad5efc08c4355f3f35c82
8f913a6c7ed89d8633e5,79905cc85459fe153df45175,cities,1246,Langfang,primary,reversed,1,train,575b0ad7f79f93e06ae774ff8aa8c8827382b02d87214f9e7dca41c68b4f43b3
273aad0e4eee8ce97795,ce79295ac071eb46e9dabf2d,cities,1247,Langfang,primary,reversed,0,train,30989371e1299968ebdc51bbd1038f1c013460761234e57c3ba5dc6840d156ae
ecb4e8ec9acd3f70b585,d6027595e4eff860b0fa139d,cities,1248,Jinan,primary,reversed,1,train,5e1f9b0e51aa5a484c1cbf6401fec75b92e8cf032827f07fa04bb031ebc3a6dd
192f2571e11e67f932f0,c4b571e213a10dfd6b3309da,cities,1249,Jinan,primary,reversed,0,train,6cac2e9fc562ef06a5d9d991af51a989a434a00c0b528f2dcebd3a76a7e16f70
ff9c17005c1578540b3c,ced9814cf75538e68d1064b4,cities,1250,Guigang,primary,reversed,1,train,95bfb9db8806cd097d089d7ad112249623378d46b63b010dc517eab5380950ea
2f04dc41c360b2425d54,6aa0696eb0ae7425ce036f4a,cities,1251,Guigang,primary,standard,0,train,aeb2b0291c151c354c2fbad831a2317127384d1ab45bc5a30f7f08811e30a59a
4cf333d848a5bd271360,9b43d8b517552f7536c7889a,cities,1252,Dalian,primary,reversed,1,train,a1c05359b1578eac733fbea76339a0fc078cae027ea67d29dc05bfb75262956a
6417c0d516e6b0dc1e37,0e105f918323d9355ad95112,cities,1253,Dalian,primary,standard,0,train,445d1c51de04b8e3b4f9a65030b95f13f0dc4f08ec7e072de8a9444dfb094188
5332a47e95215f8a5f5e,5ca22feaf304fbf9750ab2ed,cities,1254,Chongqing,primary,reversed,1,test,9b8157311650709f3f7a28e4b712948cba3f69fbd78d6eafa2afab340cdeb0d5
4266f452bde86e8168a7,d15a6387eb387062edcc13aa,cities,1255,Chongqing,primary,standard,0,test,1687b4b759f0c5d462be9edf21cebe35cbbdf9544067941867bafe7407d08b8e
00393eef425c8ade6289,b874a367f850081233968fc6,cities,1256,Homyel',primary,standard,1,train,82e7a880b9cc008dbc2357752ca9bd899f582aefcb1375d8f0c73d125744b36b
e03a9630050f92ab9390,6700165961758ca032ba4ce6,cities,1257,Homyel',primary,reversed,0,train,01b1a5e34b7f1b89baf863b193bfbbce49efca826405a418c35625c5c05eda29
b995559e0acbf3963fe2,1c658786903efe501c620b0f,cities,1258,Winnipeg,primary,standard,1,train,585c29abd35c4bf21d541aa0102076443a68b7ae204e4cd4577dfe9443cea782
61b6925e2cc1e4bdeab5,e00ce91d700c4cca9e12331f,cities,1259,Winnipeg,primary,reversed,0,train,9d5478145c4efe81467057db4b45102a88a263833f0cfc78e0e635d37027cade
bbdb5aed7740bfb39072,c40884342130acfaa7aade93,cities,1260,Klang,primary,reversed,1,test,cf59ca8336044875a9f518d509cf99cc01bf278a5f5d4f2a41e6bf7c7415bba8
321d959951b8ec5aee11,ee6eea0c43e8a1cebf19cd59,cities,1261,Klang,primary,reversed,0,test,be4f360769c8b9c48c3cb4ddb121927b681541d22d2b134b76dad9d13c28dcad
65f0a2a4c8375ea2209b,79eebf20af0b1192b36ee0c3,cities,1262,Irbid,primary,reversed,1,test,507d77ef7c04ccb0ed35893c4ddc0107d3414672462bd0bf298d71b5b0963f0e
bc4cc5e68806485ed58d,3c2e0cafc1d06dc53615d8f8,cities,1263,Irbid,primary,standard,0,test,5563afe4d37c0d6e8b1891df4c66b0932a532ebef9c573217be4258e59ae1709
993a2de55d714da1d534,f8e05171bb0b74fd6d123e95,cities,1264,Bishkek,primary,reversed,1,train,3fe76af0d92c4a5e10822f7eb091bfdc7744fc3fdf616b59308f83784b778527
98e9229af0acad2148d6,874891ef6ea9ad47b0019c03,cities,1265,Bishkek,primary,standard,0,train,3c274584d347ce478ab1b2a7789e8cc113c70c86c49f9b35f9bf4f58e7a82f66
3ceb1807885d568e9b50,70eae7062b83167bb726773b,cities,1266,Muzaffarabad,primary,reversed,1,test,ad6c9666beff67c8c5291237ab686220dcae3750eead9fc547dcba6656b96afc
f7bff5b6cd7584ea242c,33f7ca116c5c91becdd552a1,cities,1267,Muzaffarabad,primary,reversed,0,test,dd66447a452e21c6c05fadfcd871672fa6eb07c01c331abff76852e8119b30ab
ebfd8e28b5b3e06de321,3d466cb6f3c30a908c71bb66,cities,1268,Kotli,primary,reversed,1,train,57f020201e639b6ba8726f630ab545e6e3b962529730904547645b4136ced40c
fa3c32ef84b6ff35368f,c973b1d372f80c5a514c0c7e,cities,1269,Kotli,primary,standard,0,train,95b3f1508013713cc476c583e8094c46f0419f2dc8d4dd6c3601d7bfdac8f1ab
ab9c38065488ea286f65,96f6d7a9ac050fc99dfc652a,cities,1270,Nagpur,primary,standard,1,train,7226fb2be27503c9c0adea4f7b95d8b05a2b92f5897aae1f7d85980c2f838dae
4444133f902f9d7fd9f7,52344c7c654fe0478db45d4d,cities,1271,Nagpur,primary,standard,0,train,277d905428bbbec7c3c867c91e15e71a28d73e515463499a6dd99650d5a9a1e2
b23138fbd716676c0bcc,f46f1ac3751e5f557280a12f,cities,1272,Kolhapur,primary,standard,1,dev,e902a285da847d751af816b2a125e3b06cccd0702b1ba46a12f1665a112e3d1f
1825de5cc5c360ed6d55,d60ed00b0088c16c6c881e4e,cities,1273,Kolhapur,primary,reversed,0,dev,ecef5aa83fa2de1ea9d9cc82563050033e96a572c54428d571c0410d555c85a8
0df8a5aa9d3f8e255090,189d5ea88906d31bb1e6f625,cities,1274,Cuttack,primary,standard,1,train,61a1673b1004afdc8be52d53a6304327b6191c2f647c708405dee8667ee87a94
1aa6d29a72a3285f9d0c,523e0bc00c4d5c2d1d83424d,cities,1275,Cuttack,primary,reversed,0,train,10c906092f6679d33505abc36edcc26b4b3ec667449ad67701276c69303b6f28
16f0b696d58da447c5dc,0c1eb8b3f2ea4e295fa69391,cities,1276,Makassar,primary,standard,1,train,d13f4c74505af6bf7f827a6abe1866010d24a393a910082bcc38e39530920ad8
754f9f5bb0432563972e,81d136dfe0e29c78dcb63acf,cities,1277,Makassar,primary,standard,0,train,1ca10fe848a760a94c427bdc4006b6822dcf92d743fe8218d0ebba79aa22a313
69f9b4fa4afdcf1f438a,c0fcd529a4cf9c3d7e32c0b0,cities,1278,Yekaterinburg,primary,reversed,1,dev,32622d2075ca38ceae73f6fd0a633e72b9e4605d821f760b6e35d52804361b7e
babcc02709fbc62ec7dd,39a176e4ea25f4f88c07597c,cities,1279,Yekaterinburg,primary,reversed,0,dev,7b4792562fcf3b8eacd0b15c9ac092b26e311d83e3df707aba36380d15dcae04
9d60d93270af99c09642,1d22ed5bb2332ca0880a33c7,cities,1280,Dammam,primary,reversed,1,train,19f510130495922d35a9ab23c41359f5a62b688c3b866fd33f96c0dc479698c9
38388b44b5da074365ba,499c60580279f07f7487081d,cities,1281,Dammam,primary,standard,0,train,80e27ae5762b42cb5231cea6d104af09da9fff58cce42774801beb77cfb587d2
6ab1265556684e6e44bd,5ab46cc0f016b87c38888f18,cities,1282,Dushanbe,primary,reversed,1,train,33ee27ed73077059a2d6ca7388edea00b40a28677eabe2843b419bdc6307d925
618959460d0043b30920,e1c2289e4a978a99ae26ce41,cities,1283,Dushanbe,primary,standard,0,train,5889235bc4c14fa0661b2317d98509975328a2f7ed766bf1c8fb5c641bc19e70
c52595f304b125b1d916,99f3b5e6c081d894d135f4cf,cities,1284,Gaziantep,primary,standard,1,train,06a1e83f91db93d5c9646c3652453711d240b524e6be4f6abcd192bc94df89d3
783694988c8140b7714e,409076caa9d53ed779526b19,cities,1285,Gaziantep,primary,standard,0,train,9aad77c9f647ade513ba6f26c4200ba42449966ba281dfaf902aacbf8b049b14
85700f9e2c39c0a206e9,5233f9579e4584c08b8d6e41,cities,1286,Asuncion,primary,standard,1,train,ef90d6a69a2326ab78784e1d74c19a436b2a7d61ef86d1a1eff6212d05663f41
937923e1600481c81a8e,369492fb666d79033f73a063,cities,1287,Asuncion,primary,standard,0,train,9b9c36af61387f7b526ecfb812d6ae07585eeb18c487dd9a92e0acde540e0f6e
a69ee7fa4295ffb927c9,516700375375c4335188e6b5,cities,1288,Tebessa,primary,standard,1,test,26ef6303d2d25d787d609b04ed468aa53e4f67e437f3c60b0bbd38482fd11a0a
3dd115165d509c0406fb,f64639285a18feca67d6e6d2,cities,1289,Tebessa,primary,reversed,0,test,0c194bd8128a09f9cb9418da8950c967b3324409674ae3fc03ad112256516905
81c9512ed0ef90515c68,092521e0ad70d3ee0ac46f4c,cities,1290,Zhuzhou,primary,standard,1,dev,2460c6bff5cedb5ac9e6de992a5e14e3de24fb4729acd33e84cb26468e901bbe
f5f3f15573b90551922b,6f9a416ca47e90386de8e81c,cities,1291,Zhuzhou,primary,standard,0,dev,8b06f21ee5c7863f9b9f209325ea563659f5090d8533a7e4edf5d831b1540fdf
31b40567fb1c12521c1d,1759bff8bdbf6a491e17bbd6,cities,1292,Xining,primary,standard,1,train,dfda78165190c05e4cfb29383487722ff76019e0af4d6eeeeb65b4b9a6f25f0d
e149ab8b0241100fa4cc,184232b25a3692da3e6eef5d,cities,1293,Xining,primary,standard,0,train,456e88ebaa69834f82187be7e146554ff981b74008b65201159910765d291c0c
eb4fd9a7f983c00f664e,c211c028929644b9cb85a0bc,cities,1294,Tanggu,primary,standard,1,test,885b90c47a3e926aed77fea0f142acf2df43a9d32cfdaa05c551e79214c8c7a5
88859d55f2b64fbd9fbc,53a1ef53c1acef58794b1c64,cities,1295,Tanggu,primary,standard,0,test,66519d35e9e52b4a38b6a9bbe91d2a2a7ca2334280546c700094d0441c4c472f
decb66d90908aa9442ca,04a18dc89cbdb55a307558a9,cities,1296,Shantou,primary,reversed,1,train,d4b13483c9ecf59f02133099ccc0f1cc1b7104415ce8a447a76470c18065c8f1
6e4d82035c0853fce04e,fcc2303191c70a1a2d5a8c47,cities,1297,Shantou,primary,standard,0,train,80c03385c153defe0af7cb8b0d0a63232104bcb82dc0851fddb498c75dc1a89b
38114b0f647b671267c0,349de6f88e83b4cc4cb79345,cities,1298,Shangluo,primary,standard,1,dev,7f43f62936a9248b118eb4d63ce3d5e528950a4ba912bdcf14bc0cc9d5e2da0d
f6459d994d825062e5bb,4c9164c1745760ac7692fc38,cities,1299,Shangluo,primary,reversed,0,dev,a6305277bd9541bc3197c60dc774475cf313dae3ba822d692eef32efc6acee84
bbbcec487417c09a5211,632aabb3dc182f978ef0f334,cities,1300,Putian,primary,reversed,1,train,e19cb8d1824ccc7b2817b40774dcb802b61189892beeff596d0479944be58432
6260902eef9e37f47d5e,f971c7fc9445ef461692b332,cities,1301,Putian,primary,reversed,0,train,66d07cb50dd30d1941049acca8f35a223b113b62ac16d23f4298ec05c4f83a7f
fe752217f958b5c43647,3e908f5c7af9363a5201fde0,cities,1302,Luzhou,primary,standard,1,test,96a58215ddbcede0ddfc6f7d6c0419d97a266d1b20c3d29239ecea42adaf8294
f0363e0d9f2e4934b710,c26e3abe63f2915703611baa,cities,1303,Luzhou,primary,standard,0,test,2ce0e6a34818fc7418d14dd36794e2b8bbbacc24a21464e54e90cd3378cd91e9
21fa042de5f938259482,7859231452ef4025d0a5b251,cities,1304,Lanzhou,primary,standard,1,train,1e8092e74877e786eea9140694ae615d294ba72e30bb183a5cb19066494385e1
21708bcdf9dc6c521f61,e65bb7b828be289dc2f4464d,cities,1305,Lanzhou,primary,reversed,0,train,0fdbda86ffe44b3747388daa108d70ed013d0b2372046a5b5d57dd141e4b2167
e50aa43f46a15cf858c7,0633c63ac50481155271c566,cities,1306,Chenzhou,primary,standard,1,train,b134d3118942fd2fd0066f83a1b2909a70096de68b122ab7f9a46da244db733a
d1811f21c50e17b4ab70,057d029d4a84bbded56c40a7,cities,1307,Chenzhou,primary,reversed,0,train,9cdbaf1009810bd80fbdc3d3ef3651644fd527499ac3e776f9834ddd98f5b0da
6aeab3183dcfd9057f4d,660174b5222a60fb67cba763,cities,1308,Baise,primary,standard,1,train,6e0c7c9a57737b058397b94265a3dd0ed7150484ed3df9d5333be66d5bf0fc17
f789ec082150d747661d,d164b302dd74e2bb8f7ad019,cities,1309,Baise,primary,standard,0,train,3488763f973a7f60c84be98de69e7c25797ea9dd5081958de368f825e89b8506
648f602a446e8f1955d0,b814976781e84270af54f4b9,cities,1310,Shenyang,primary,standard,1,train,b135dd38cd1cd244ffaa9c6f3588977a8a6468df66c4514977cabd4a14cc7e12
a62c3bb689f5768c41f8,6145a2b4aa7af4d3a4947326,cities,1311,Shenyang,primary,standard,0,train,8e805bc77b4a7d1436f416f9674c41d1c53af825737792dde33c191ab9aefbf9
83cf288779d4c0e371d7,2648c245c603f11925ef8366,cities,1312,Daqing,primary,reversed,1,test,187712e8329c67a01fb6417ccc1dd6ab1a6e68e7ff1d46f3a31ff0007777843a
6bff763531d062791ad8,0387302a39e0346b8d72b73a,cities,1313,Daqing,primary,standard,0,test,c045848e6e0f53e5c8e4af2fc9696d219b164af33ca887dcf2e22a2f2690683f
18ad9a44c0747f2e53a1,de45c58587b66254b1d28588,cities,1314,Brasilia,primary,standard,1,train,37ce2032c7e170faa6d088cdf97c497107844fe5946d57fe485edc7e89d5cf14
419eabff9b80f71e2897,c0777d2afa8f921a44f87c19,cities,1315,Brasilia,primary,reversed,0,train,7badfb712114908277862127a1f7d3c35ddeb1d096682b73860a2f2049eef020
5c373eec7511ca3515f8,66f45ea1c10a300c20f6250e,cities,1316,Kandahar,primary,standard,1,train,2d9c7e38e002265778a7af3ca084ab9f6b44b890b3f7ac7afe0282c58e80873c
e2d0b49c5e61df4e9400,59e5e8b02636b8737d640965,cities,1317,Kandahar,primary,standard,0,train,5924e23412f45638d6637b8f4457bb1916023750cb0e1ce6f7044d821374a85f
d8ae35480ad89a95ca22,fcf8c31d2c50596b51776bcf,cities,1318,Gold Coast,primary,reversed,1,train,269df8640c219f03eb2eefddb1b7bde943fb03d26c1ef1e39feb546fd7ba64e3
40a86d801d817dd79770,d1e36af5bdb20e33490e10ed,cities,1319,Gold Coast,primary,reversed,0,train,85c134f4ffce7d13d7047bda7f30b6d3af53dfbe4645449811f5a23e54c3b6e5
dfe09f4b19818934c78b,d224dc29590e47bfd4ef3860,cities,1320,Ouagadougou,primary,reversed,1,train,6b0bf0745fcb0565ec0784dea6251e95a05cdbb5268d928048e80ac1fa6958d6
34b315c0fd332d9b276d,564d48080302b1425840da23,cities,1321,Ouagadougou,primary,reversed,0,train,9ceb698e7533fdf1f88ccd6d2a494652f305a918d00776e66f946bb5f5349ac2
545a0c95b56cc46dcfb3,ccd31af191ed19687d37a174,cities,1322,Duque de Caxias,primary,reversed,1,dev,bff30831d418c0cf02b9b9b210f4afa3d2d9379ea5f924e86db037a48509c927
9472e344f58d3f002a66,0d3b9d7d7f8871be2a8ab289,cities,1323,Duque de Caxias,primary,standard,0,dev,1a942b3c6d0d7c6c7e8a85370fab02760df233bfb8cc0f7e5d3c6cb21f13ae69
e47b76b5f719621ef0f6,b61d87653f251181488d830c,cities,1324,Hiroshima,primary,reversed,1,train,9c92b21f9a345c296ee746433b75ea00e0ea26c426cce1ce7fba76ecead18cba
2f1407e8664439247c25,022d4e9108fc7ae1dd3cb6da,cities,1325,Hiroshima,primary,reversed,0,train,e382be29f9b2f123d1cb4a4972779d3852191b0e7092dc738df67dc6fb582af8
afb30cbfbe5601322405,07c2cf4cdc9e136f0ef4443f,cities,1326,Saitama,primary,standard,1,train,8141ec0baab9a8e211ac4b1ad6f0136cca452895efe042f233b7368db3e3dda4
5f80226c194c1b3ff87b,b2f22dd901a46091ec19eaf1,cities,1327,Saitama,primary,standard,0,train,2ba6368b382a12b4cad495d34a7f259dcc28784488dfad10db26c8fa0747349a
abfb22186fa58a6d1f3c,c7cfb2a123fdbc6aa6152b8f,cities,1328,Mandalay,primary,standard,1,dev,b9fc99634ede30cc86b296974bd61e0f41a678ab54ce8e9866694a49e95bce4b
3e9d0fa4fd16faf7af7e,024ea82f6866e071594d50cd,cities,1329,Mandalay,primary,standard,0,dev,79bd75bc0abe169c6799b06690e7f87f4855ef916a80033c4f19f2af7748bdc1
c694b477af9606b24f6b,97a70a1e0e2ff57274af6626,cities,1330,Nampula,primary,standard,1,test,47b3ee5d5a873e60382083f03a69baafba55f079f2d2198c71f71215af19188c
3fe482571e2cd7b7fb59,52cad3c47569cfbf3efb9d02,cities,1331,Nampula,primary,standard,0,test,cd286a308daadb27387adbadffa2fe54d575759056e1d97e40c504a3abedb5b4
fa882ed809f16b128182,2800c40a6b86744711e2d205,cities,1332,Mysore,primary,standard,1,test,0a6b393ac5810acbb5d60e0ed5514b045b5b200f3d849d18954470f076745736
e5c58a7e8c82aa40419f,2d84a498b12fb0f59f35268c,cities,1333,Mysore,primary,standard,0,test,3d65b5b24addf619609e709ca678affa6002451cb6535cf78463b2bc4f6c5000
91272e0c64091e42a594,b94ce890dfb36b9deac61897,cities,1334,Coimbatore,primary,standard,1,train,0b61f9dbee8b73cae01fff485b770cb28bb69e2fdadbcbdcd9f5f71ecc85198b
b0dae73b93dd85095818,62922545cf6660df4ec0f746,cities,1335,Coimbatore,primary,standard,0,train,20dd839d444e8f67ef3added22749044ca3d41ce2a54a06218f152ccf24b36d2
f2bd2b3a3448e1cd5003,2a34dbcbfededbf8a692b92b,cities,1336,Chandigarh,primary,reversed,1,train,6e28b2965bc7df9bce704a5e804d2e0cc0233cee98b99935178ae3666c421964
19883d9e5021ce7914cf,704bffbd7aaaf95440d1ee7c,cities,1337,Chandigarh,primary,standard,0,train,1afdfe5684a9bf3395518103e5a97b14c44c2f45e1935d60cb69ee04f3d82e3c
6fac3f4a37c789d5e8c7,5fce407c3ad97a7a5b102fd7,cities,1338,Amritsar,primary,standard,1,train,5bf2074453a40338caf048cb5368a227993976196d2f6df08f8d59b698f3457e
0e2bed56e625582b6775,75f56c0f1c045c07f31f75d1,cities,1339,Amritsar,primary,reversed,0,train,25b3510a4eb8fb451ffda4d282378bbd99c94152d221624c4eb83aac23aa4de6
a1a2e4e0dbcfbb6f82a7,41403fffe0a59556e5aff6cd,cities,1340,Arak,primary,reversed,1,dev,ddf9a270c6bd9cadfb1d0baea680efa895a4a0fa0a1c17fcdc7761a3f301a220
fbeb6e9b0ea9bba48f06,2e959b96cf9b7312ea6582fd,cities,1341,Arak,primary,reversed,0,dev,5d18e98394ba9863ad6869d6ca3c48cf352f55c784f9123182839595d50afca2
e5d85956bba5ba3f40e5,92a31aabde1fcef10314cc5d,cities,1342,Ilorin,primary,standard,1,train,abe64d8bb6be058782cd37f604877a70614426f0ecb08cccd87c7acd4ca226b9
db69f0492901464dbe02,7d845e70ce540a79decbe6b0,cities,1343,Ilorin,primary,reversed,0,train,1b66ff6c0a33da9e850db4a2b3bb71366cc9146a3ab65fe96b315063b91a08c7
e76dcbb4891b924a873b,344e1983b9d003b8ca0154c1,cities,1344,Omdurman,primary,standard,1,train,c6204dca9ab75095ec37f55fd757b4910b2aff3321232ad9488714d853b66e32
d141cd7cf8099a6a71cc,0c845c43157bcde950760d01,cities,1345,Omdurman,primary,reversed,0,train,be18fb43d87e91cbd1372d7b9a248e80f83502fcd8a8f7230559858bbe2b70e4
e18605373156212d4cc0,ce540b5763b67bcf18a06600,cities,1346,Khartoum,primary,standard,1,train,99d036279e73c5de4a661d5bffa9a5feac6a4b9dcadc8304a146eea242c4effe
456e47f6ae570022ab26,cef150d64c51d0df4799855f,cities,1347,Khartoum,primary,standard,0,train,a6113cbebeea18843226cbbbff38d7acae6203cb58fafc92965d912ae3373933
53f2379f274ca4b19090,fb2477406f49353cd310c887,cities,1348,Gujranwala,primary,reversed,1,train,a9584bb661de4b432136277fcd90da129b5059e518e520478a6ad155a386e98e
aded66d2278b375957e5,e158a79b3e78f2f652d698e4,cities,1349,Gujranwala,primary,reversed,0,train,1d8f5730267dabd229fafd00538092d43959e9c723e3d8cdea40eb8b8e013f46
7dfbf9ed39aaeefa85b8,2a2d7227c64fe3e1f64cd7b4,cities,1350,Nizhniy Novgorod,primary,reversed,1,train,644f639b025da47f6be761bc4150523bf3e3c10701acedb2d899c8f441c0fa03
1a4c572e6d14e5125b4a,ad492b5dd7c0be4d3473a3d5,cities,1351,Nizhniy Novgorod,primary,reversed,0,train,0311d8b60b249fd91511dc1ef2aa5fdec137beef07549455b558ce3e6205cdf8
2ce70328667626ac837e,b51d66c33b77d6a2e241da9d,cities,1352,Zhaoqing,primary,standard,1,train,72fee571175103abafdea94d2b4b5fe9b6b75f1aba18baa857ddb1394d4da7b0
8aace69c89f4728687d9,687b64298a53cc74b5881d42,cities,1353,Zhaoqing,primary,standard,0,train,a768af1819c5679c1c8a307e84fbdc24ea3fa0133564809a61675d7f18447bf5
58ce80cdc2b12182242b,2c5cd799432508929f1debdc,cities,1354,Xianning,primary,reversed,1,train,6b5c3013418e1d37cd3ea074cce6ea5e34fa7060894dc40e0b26abfbd9f7bc83
2c2433450a205069291d,cda1ae1563a4fc2e49307f2e,cities,1355,Xianning,primary,reversed,0,train,c73069a3f03fb34743d1ba8ca532fb47e5d5ee78cd1dd396049e833809ed74ed
158c80bb4741a9c228d4,b1870bf39f4fce293b4a14d2,cities,1356,Suqian,primary,standard,1,dev,566a29c4f9e3daf2df1d14c335f0d855f840267cd7efb376c5ce9e05a73484d0
43f8834cd24a4e25517f,cdcc8e4522da9d6de5684f5e,cities,1357,Suqian,primary,standard,0,dev,e30c8e1c0139a76e471bbfbf05fee11e43802cd2a057fe02dde93a38ec8f46e2
3f544e0ddaa11f75c14e,b3011ab81f41c0620713bf8f,cities,1358,Tonghua,primary,reversed,1,train,0e2c0cc9805aabea86e14f15866c9792c38faf6e3015536e90adcf948c572b4f
b45f3c98db02a683b233,8f45055dca5787dcc5c094c6,cities,1359,Tonghua,primary,reversed,0,train,8313c50750fcf399e001d334d515c683a806e3f5ef6547f6cce3841427a9aeb2
738a10c349ce1130a7af,fa9862b486f2dabec826a4b3,cities,1360,Hezhou,primary,standard,1,train,487da2d5bd0f27291471c3296ac0184d7c68c1fab7da6f6e54ffe73d3a6bad66
5fd81b342347b50b7f33,079aad6583aa50921b9305dd,cities,1361,Hezhou,primary,standard,0,train,ab2e1aaee83b88583fa659170c6808529b5f727e70326b051527782f0b0f94c1
7325254f3b1d0b205c1f,01a423d61b618c342e782e95,cities,1362,Grosszschocher,primary,standard,1,train,f2a7988689da64f36066529ebe1e8c22b4dce223ca6a21b16ddfe132f833f105
4271dc6957763648c0ae,1464150d2c3e052e463d850e,cities,1363,Grosszschocher,primary,reversed,0,train,9077ca05984d2de56808527ce2546744633894ec793adec30414283a05a9e341
30fb1bbaed5b77898c3e,ae3356a450e30492764e9d72,cities,1364,San Pedro Sula,primary,standard,1,dev,1fc496b782a5e32bf8c2b80ba1c92f8a9c2c89c7684a9e7170ab9e1b6c60fa6c
cdeb9ef40bcb43a3cc4e,b19d1779a0cb4d3bada4baf9,cities,1365,San Pedro Sula,primary,standard,0,dev,6f80d6d5a6ea36672788532c7e04443e56ef75d8349774d358d086ab08deef45
3a0993e89532b273ad86,9cd2e8edcb983218e51eaae3,cities,1366,Queens,primary,standard,1,train,a90d383712192371152f526d80026cf4ab75454bf8b01136576cb9256af2a916
2a1110823adac6f770be,a164b1eed6fa85bb72307fae,cities,1367,Queens,primary,standard,0,train,fa0f93b43c6f007010633c842eb676868028dc9034651367d3e116ede41b0a95
332400b0345a6e3142f6,ec82897a5be10ea718bf6a8d,cities,1368,Caracas,primary,reversed,1,test,b4737aefe80f1a95f21e28e584684e4035d58865c898decf480364a1d78c5c9a
e48f81114bf7e89e2cca,5b0e2ed2b6e8c79b4988488b,cities,1369,Caracas,primary,standard,0,test,3f8a2d2f5341783a9850bea3f11ea24a216f8b46d74e7e2a14adf8eb285775bd
e29af53a2a50f0785662,6630aaea3535e55674204c4d,cities,1370,Bien Hoa,primary,standard,1,dev,57305ea9a0ef690ef5b4bf8515cd442c3279eef3c2eca080411093bf5c60e708
807e17ad52f8ae7037a1,97df2b8336581de9d4988caa,cities,1371,Bien Hoa,primary,standard,0,dev,16fdb676c1191f637d0b10587d26cd003185f024ce8251fd350fbf73194a8338
c975c594d560e4df5d7b,608e6b6c9836439c13cc32bc,cities,1372,Durban,primary,reversed,1,train,81cfc753c6c97e0ef614a8be6daa9d4d4389c33ec97fbb1c977b4dd5b572267a
e988004fc4e66e519496,9c213a8a33779841381f254c,cities,1373,Durban,primary,reversed,0,train,7cefb59f1daa1170a18f98e175b0a225848f85698b96787c2695df65a95e74d3
7899c751d29fedeb23bb,3fb9bdaefc26abb964337073,cities,1374,Kawaguchi,primary,reversed,1,train,2fcf83dbb46822e1f6e85bc024c63afb377e8645cd84a705dc22d39b12407f94
4e1035c38bc5547e1815,e7aaddfa610e19543c209b5c,cities,1375,Kawaguchi,primary,reversed,0,train,105945a54533528da6486331f92a8a0a034b6edfe597fe0f01ad958a9e9bc242
4201a409696e7b3233a1,f1bb7c14f0c3f21ed5bcb825,cities,1376,Bucheon-si,primary,reversed,1,dev,0be190f4953e87c9c06e13f293f971868b280324033de009df789100907ee53b
50171d1aeff4deadb5cf,c7f562280fffd4631c2c3476,cities,1377,Bucheon-si,primary,standard,0,dev,0b59b1fcc25ed7c8b434a5d0365fa5a8fda71935af98be77ba93945938d87002
b20628dd3be66b0ec731,3a889855fd3770424725fad5,cities,1378,Tangier,primary,standard,1,train,86ce21178281ed9c8f65903683f4782e6dbba56b2d6c4337a795dc13dffa2fcd
e3ee51a309bb5cdc94f6,7a572e720c616f7fb2313ccd,cities,1379,Tangier,primary,standard,0,train,b9405a19d97b460b1352699b11f7d2fe097617bad70e66a7b4e81df523593fd1
6629f3a6167cd2f21660,e5bea7e21c00837806be2572,cities,1380,Nay Pyi Taw,primary,standard,1,train,a08923b0a0d42f5eb50582011a1dda6121cb41d77949be0149bc841ff8626d53
6297ff6b05b1b899fdd1,21488330c91a9b4f65b15744,cities,1381,Nay Pyi Taw,primary,reversed,0,train,67b8401edd67e8cfc1b3e2b4a31383714b4ca1daeb8ec89eb719794f170b5f59
ee565038abffbedd8ff5,a40419cddeb9a7843834b8c0,cities,1382,Ulhasnagar,primary,standard,1,train,97d42465abbc3fd8b789ea5ea214f46ad16941c604339d2fcf660e24aa169f83
a21bfc540b58bbdfae09,d675e6493236adc783962ed6,cities,1383,Ulhasnagar,primary,standard,0,train,16293248a4b9299308c00966c5382dd2baa7a4dd1ae4a12bb84bbd7fe9df83d7
403f4262f8779276b54e,fe0f76a0846f2ddcb9338e61,cities,1384,Faridabad,primary,reversed,1,train,39342cc7fe89ab64794d9cdd998fabf4e345efc47cde79475ebc342d257de886
5248e88096dc5e044048,8175f5866c0e286946d1a874,cities,1385,Faridabad,primary,standard,0,train,0aa59ddf2c34d9eff0265b245955efb358ce7216901daf6ea3e55a68023552aa
3a8d5fb8bf80be756fc3,48adcfbee7c30438fde4711f,cities,1386,Kolkata,primary,reversed,1,test,ac25bddec0f85a8e4bfa24dbedcabb756105644e2d2e2ddd7b6d5aba217611fc
543fc39b7632236a5d47,757b007947d5b8338a76de58,cities,1387,Kolkata,primary,standard,0,test,bda6409c8bd4e78f3975382b729a4172316cf781f244d2e4b01d7750271ae46d
1a7d68fe9d1d66bec2e0,02c2c58a576e671480271af7,cities,1388,Karbala,primary,reversed,1,train,14d12c2608b82bd7692d683824d58262145fc11cede8633921f0164e62de8ec5
20f2bab19056f13111e8,479f9487411221d8e4517d7e,cities,1389,Karbala,primary,reversed,0,train,d4e29e52348ed805dcaf3099b54da702cbd5a94c68680c509208e86e02d12857
005753b2d5d395b22b9f,6f6437f806431195349b823b,cities,1390,Jakarta,primary,reversed,1,train,1fe589a772325394483fdbd14acd140f505c985527c2183cadf712a681c881bc
b8b8f14cc2afb83aee1a,c30d1b6235c5801283fc3854,cities,1391,Jakarta,primary,reversed,0,train,52d97d3a06f9992948cdc50abdbf70ea114a9f09ceda6826edf649397201d882
bb80eef62336b822b15a,dc75042b2f9e80b71e1cfd6f,cities,1392,Denpasar,primary,reversed,1,train,63ff74aca9944e456dd0437a5527ed4dc981e71743af11d5ff2175ebe8004479
edb498673f7bfbf889ea,bcdfded520a909712c90d37d,cities,1393,Denpasar,primary,standard,0,train,8381ff6fc3d8d3ff7a570b5388a94a88d9e559f96b16216424d670d456c3264a
dfb7d081a61036056338,16991bcb5a0d9ee37967fe43,cities,1394,Batam,primary,reversed,1,train,c028b6b9663d49eff07e5f5d8ade3313512fe1cd6d60ed26431e2e6ded639dcc
027da67f5e63fda2fb2b,bf1c68d39367669ee5e200d2,cities,1395,Batam,primary,reversed,0,train,5b2c86c205acf2c314772fc6d0045180859c01fe4f2dc4c5d0bc329960994fc8
a9beba25c7a5aeb16f9f,2b140439fc8f38f73c8d7766,cities,1396,Liupanshui,primary,reversed,1,train,9798251f2ca9fad8aa66d12680052af47928fb4c2cd312f27de7fd2ec9d8e55a
4dfa4baa61f7cfb1dcf6,691f768af95578462cfd919b,cities,1397,Liupanshui,primary,reversed,0,train,b6bcfedd5f2ac5b07ccee8c65f9eedf76b9574ae0f86eb0c15f497ba5fb79943
62d7f27594045e996f54,84e245aea11ed2a950cc8e80,cities,1398,Shangrao,primary,reversed,1,train,875b1a6000583099f394eb3887dc2459c06d1a329fc84bf3d30faab37a9ec581
c3f6bf0685e032b5cfcf,f0b88633eae21f368537f759,cities,1399,Shangrao,primary,standard,0,train,1e4cb4dca9a4eaa484f79aa7c35506a7e91cd79bd677906d5b5ac450eafc296b
64c8b0d21bf6e751c97d,6d6664367b34cc90ca918b98,cities,1400,Xingtai,primary,reversed,1,train,9de5e69953e65c081becd761e11e2493a4b93145c7ebf2cecab52e635271e8a1
fb57f684a4e1e40667d2,09dfa4c3627cc659ff5f9597,cities,1401,Xingtai,primary,standard,0,train,f941dd62c21e04a596575ff5fd42d032aa565db2d9cd79e8ba4032b06d2c7754
144d422d2126251cf6b2,062bcf0ee9115cc490cce342,cities,1402,Qujing,primary,standard,1,test,7d51827ffa7c670aa364d086897f9e70bcb413983aeb127114c9333e24aa4352
5f765c92780cb787b3a8,33806741f8c29180fcbc6b42,cities,1403,Qujing,primary,standard,0,test,6674c7973c478ede6964d097195784fb39445f7748940b821872abe38d49367b
35bacb7091ad66e76882,32de4afabd56af1cca02f247,cities,1404,Nanning,primary,reversed,1,dev,e3df7b0133f93c6c7159df0a78adc71cc5a305f1e25910ae884c1e117e10504f
f629ff1a66ad3080cf5b,7f74d584cabcde12bcb76607,cities,1405,Nanning,primary,reversed,0,dev,daf67a28880c9839f14f81423c2a8b96a9d9672aebc05961517b5bdeafbad282
70835c48c6a15c24ad80,ecd5b75066f05c5ef29a34bd,cities,1406,Huainan,primary,standard,1,train,9079cf89702d24d4fe4bcbe0ee79b42a1a480ad9032602ba338ac46e6dd78997
ff722d15717946acf9ea,469f9146e0d0957d8613f232,cities,1407,Huainan,primary,reversed,0,train,f72c71303ad1b66a0a3b8db5f99255688e4a4cd77934bcfeedc519a1dfedc431
9d77849575c735a40c82,efa2642fded8caed3c329067,cities,1408,Binzhou,primary,standard,1,dev,35e6a20f5f9ffa3a0dd65b8fe03ea82a23f5484a371fcdb101a63437d229d1c2
853019e006c1e09e073b,ac2d2bd3ec2b4ebb814b39c9,cities,1409,Binzhou,primary,standard,0,dev,5bee20ea33facb794b5ae63ff32cd63c3e2167ac4b06bee9b53ced7231c2fe69
d75705f7d1942dcade45,fb8b6ab4770e821ec010d97f,cities,1410,Fuxin,primary,reversed,1,train,5591d3abde3ce6b25331e43d5508a7a3557eea5db3e1eebd032e9015504ce189
2c16903fe4a18b2e124b,2d9e661ebcd4eb9a9d1a8c68,cities,1411,Fuxin,primary,reversed,0,train,db6e7324a0d2caad682d6e3c13a8968f7c19cff4319fb86013f5724c393e7811
3c327062a8070dbc7565,a4a6c32dcc51f2136b3f79cb,cities,1412,Quebec,primary,reversed,1,train,ea511a6868a334401db6c41332b4235c4c8b5c002536d0703311663e0ec5d808
77785e27c76d61cf221f,e77a5c2f0fdc59500b3ff7e6,cities,1413,Quebec,primary,reversed,0,train,f342440c11624e3ea283c75d6de10ae09ab9066807076ce0daaef77dd4e26674
16a47712e51d62f22e13,aeb1621036ae6dec8341406d,cities,1414,Mazar-e Sharif,primary,standard,1,train,789bbb575e3962008f0e411bcac93a6deb39d901147ace05e5a39ddd870b65c2
283d9651bc5f43a060b0,54268249e174f14cfc7684d9,cities,1415,Mazar-e Sharif,primary,standard,0,train,98f9c9a5b07b743e101c6e5310f189059bec3f6347ebbdd345affdf695c6ae15
d197dc2f5b282134a678,249b5711a388e3d69c3413e4,cities,1416,Mar del Plata,primary,standard,1,dev,7566980cc9c3a6feffdac028e9bce8e9ebe4c8340c3f89b8b3e4bfa66c7eee09
433eeb1cf827b25a22c6,67659035f0193cd3ff361926,cities,1417,Mar del Plata,primary,reversed,0,dev,70fff741cf81a17fa1f45d1fce341cfe945c5e59cfdf2f7e84b9f1749858743d
8c78bf00940ab4244ed8,d7ba355639004f8109d4044e,cities,1418,Salta,primary,reversed,1,train,f5eec11694c5c407427fbdfe1ad99413e29d4070c5425fb861ef0ad3760fe2aa
762adeb1d1b7c33357bc,1ecbbeb96c709175d56d253b,cities,1419,Salta,primary,reversed,0,train,abe8f4f394216533128856dc3f8466f4124ce5a36fb846e0f4cf5ac1d18b70b8
19242336ca8ddce87d32,f4a85a340dc4d3d28b84bc63,cities,1420,Bujumbura,primary,reversed,1,dev,24a8a472819d7a24ceefb3acbf8a1d2afac1119a57a748c44806aca3446c323d
64483731e20127622f2d,e6408cd2a1482b2513c8dc9c,cities,1421,Bujumbura,primary,reversed,0,dev,dd8482c3a0ca189e9a084925a97f267adae9c7c7f695fca2d1f8f87a5895e3c0
d9330a4360967f21ecc1,7b305328dec829b36da4fc92,cities,1422,Ankara,primary,standard,1,test,add54615a14184899c5723bfae173a407f71809d42f9969960bed6a83ff81892
3a10be38a8fc49f21b75,41562191538977185e19e8ad,cities,1423,Ankara,primary,standard,0,test,fe913024a76884020fbee8c087e80e50983a4cf4412d47006616ae5f5391764b
a0675d41ba5b74e64f73,e984b6f5255fa7646eead432,cities,1424,Esenler,primary,standard,1,train,a947d90b813be78640fb874384e33b3462021a7933a0b8bb8a4194a180cf6954
d870fad6339b50b4abb4,16c0b4c5db635441a788f36c,cities,1425,Esenler,primary,reversed,0,train,666de59d36e650b0fc6869e28684e8be3335ef79f7b642954f7452647dd715e7
e5a49550753e31ff1a59,7e1323d83578c6ca126eae99,cities,1426,Cankaya,primary,reversed,1,train,4fb7d83c45619df1b1092431d245f9f6c442f991d5bab078f676a27385b0c9b2
f7d7e0ffa43f908cc74d,e3f88ac61cadc43010c2bce6,cities,1427,Cankaya,primary,standard,0,train,077ca42c4ff79e56a4ab3643391626eb56261f24ea34d4ad61f81bdbef98c1d9
c862de7ad292d7745509,81dea28d355df488bca7400c,cities,1428,Ufa,primary,standard,1,train,e3acbdf8eca98c6e01b42408263ace87bf4be86014fa87271a19508e73532a64
26e46bca952187604a07,cb9e442fcf7f967a54c8e3b2,cities,1429,Ufa,primary,standard,0,train,c6ac8285c1c1a5578b657f4a0c7fe3bcfea02f748151f6e9c24d56729380512f
b90e22d994298b895143,f27c2be3b9ae917ec92cd52b,cities,1430,Rawalpindi,primary,standard,1,train,e134520df53e487c3a2b8970b86622fcded48131f58ded881a789382d87d5d37
59079d9ad37e986d7254,1a9dff01e7073ab7e91f1bb5,cities,1431,Rawalpindi,primary,reversed,0,train,a5fa804a1a0cc2ad5b41b4c5fd6784c3f7f99392856eccf0724ed33713dacbb1
fa6d7da18c3e11cff05e,820cde4ed7f48e04bb3c6dd7,cities,1432,Karachi,primary,standard,1,test,d8f98752fc09ebbd05ffc4150d9289c17fef7fa380cbab9a35e1792f7b393604
40950f47a04993829f85,5a1ba5695de523f30b5c13d3,cities,1433,Karachi,primary,reversed,0,test,ad3e861f2d295d64517a1acaf9c63272af0d993e9df69eca154ea8495ba9a114
0dcefc3b4fd0a91c63d9,36da1b111855a9e170cc1f59,cities,1434,Tijuana,primary,standard,1,dev,7d105620288e0def2db32bad2d2e6752a38809261c65b8c94dd4b86aaa3086f7
24da8d62997389b88b74,d3e05ff51d9a3ee1ae83a587,cities,1435,Tijuana,primary,standard,0,dev,e1dfc7c27b86e419917ebda8d3a351c54742171ee57d58b28fa90be8d9cfcadf
322426cf0bba7aaf93cf,f640ba903e0307595dc9d00e,cities,1436,Jos,primary,standard,1,train,4de2c857ade38f09e7af41011b44d345c49aa450edfedebbc97bacf523ddee22
79732994d9807fe245a8,8cad375440ee15aa9edcab76,cities,1437,Jos,primary,reversed,0,train,8917f56ba7fc985f4527a17ae8d4784e4de4f026d16edeac9157ce4e25647b33
ef34639289cc016849d3,3d518adba1791520d5776fd7,cities,1438,Ibadan,primary,reversed,1,train,b1ba200c32f832fa27fac44a4ec607487e52ee5fd257bfee54800278d4b2fd7e
fefc6451833da0782d6b,b8b467982a4b128c957a4bea,cities,1439,Ibadan,primary,reversed,0,train,6c3c097a964fc6bf2ea0eb13e723edf8834bdbc71606272448f17d263d56420b
153e449306fc675ae55c,eb4db9b61b905fb998b61ec4,cities,1440,Managua,primary,standard,1,train,658b7cdd016d4caa0722d7c486da8cca57754eb55f252e73075f62365aa344d5
4e0ec35c363121618459,ebbcc614874b020efdcc0bca,cities,1441,Managua,primary,reversed,0,train,c7cc5ceea8f9cbf87dc6499d4cb53dbc63e67e93f13fff11cc6d1975f7815e6b
5afd22115962cf373786,9c10ac7149fcbef225a69684,cities,1442,Ha'il,primary,standard,1,train,3d6ea2a6eba32fc3014ed50e80429d76ee2d9fceef6d85b8e960cfcfff94465d
a95c678ed8ebb54a2935,08c8f6a1f95043ec1ec40d97,cities,1443,Ha'il,primary,standard,0,train,c5d999827d1c9e686b61cf90fb9ddaab471e0b34206b84a3b8e70d6690f1a64f
18b3827138c8e60755df,188c1d4d2676b7074d752ec3,cities,1444,Haiphong,primary,standard,1,dev,363fe651daeefe0a860140ae97a238501bbfa33fbc30e54e35c6bc46fee56fc0
f2d4817663d89d3b6655,33efeeb8d4af0476ce8355f1,cities,1445,Haiphong,primary,standard,0,dev,2791f6755b3a7543b37053ae36bd604bab4bf829670c3109bfbf126367970050
96186cadd0825efccd5c,7c298dd7ece7ed883069aca9,cities,1446,Cape Town,primary,standard,1,train,a7f433b122933b463e10ffe1c257dd3d43caf3e3ace9808d2221aa5afc67df26
7f0da9c05349905ad833,b16608d28702f6bde5f4e24b,cities,1447,Cape Town,primary,reversed,0,train,1bdda1fe0b022642cce08c097bd16354691778bd58baca6575926c791314b040
bb8786935c86eb08f137,58f89bb1e30f3c217cb27283,cities,1448,Ipoh,primary,reversed,1,test,2d43c6e79b3fc12e1617f5f57c9a09da9fc54b4bf67130500a760dd0bd3f9199
1d0b5993233fecdd1e5c,d9dd2e305b86c9b03e455e18,cities,1449,Ipoh,primary,standard,0,test,171c5f710e9eba87268f56e04a6f2123db7520e97135b2d53074e73e77433a5c
baa8943b21edee40dfc6,bd42cc92248a35c01025f149,cities,1450,Kuantan,primary,standard,1,dev,3d1ffa9229fda7d2d19567895d0742b7a43a10b4487ad2085e71991a067f7672
a6e74466eaab7b6b87b7,db4e327b19356257c7b29acb,cities,1451,Kuantan,primary,reversed,0,dev,f8fec873c3c7a3ac577a394ce36b9ff24b78c12593191639b9bbcb6acbe467da
071e6e8db71c055ecbf2,583da0a3eef31782424bad4b,cities,1452,Maiduguri,primary,standard,1,train,17b21029988e6593eb036f680eb10c22e06ae733061963bb557b03c53896829f
4ad87b9c9e8efbab4e24,a75e7d9615037498e24a6e13,cities,1453,Maiduguri,primary,standard,0,train,2b3b9c98bb29464981f28bd15d14e15b6bfe636362bddbdf2b32f8614b59ae57
c0a35798c955ec60220c,85521567b4c4808cea7547a9,cities,1454,Yangon,primary,standard,1,train,45e31be77d542caea5d4d8235719a9613f5a5738bfba42a07873cf47c86819e0
80240c27dd82d156a105,56f417825a0b61d8d5f325be,cities,1455,Yangon,primary,standard,0,train,3b2cfca0cb2c668fafd1973037569930eb2a8abf9b7d361ed59ba87ce2088c07
37adf500be8bef244b6a,aaa1bc463e29b1290c3aa4aa,cities,1456,Kathmandu,primary,standard,1,test,464eaff0e003a0f8a1ed5464f630338261c02a3017ae2dfce8f3f3726a3e2898
91c068de68be00693b45,c6f0af52f5a0d7518d42658d,cities,1457,Kathmandu,primary,standard,0,test,5501a8f04bb993524d9cb8245a12b475004b9ce105b5c8ca669cddc63c1dea9a
f869182ce60628553df3,a56f39f94336857570c2cf21,cities,1458,Las Pinas,primary,standard,1,train,cf55bab65e83c82b2cfdf9b1c8a05144363fa1f7aad8cbed1d58ccc30972a4cd
37a1c0ddd3b940b3a87c,f72515d609345a1db171ea7a,cities,1459,Las Pinas,primary,standard,0,train,1acbe61f98f26b7c8597433507274454b344912dc9476bc3dfe86672c3f6b3a4
d78e2cb40034a698db08,398c5f794b9a1b1ee1533137,cities,1460,Reynosa,primary,standard,1,train,2b892b3188bf322663126a2c479b1a5f809e8748a26fda33835b484777b4e99a
236bd20f1ce183b36915,b24abcee5e636d5dd1f9ced6,cities,1461,Reynosa,primary,standard,0,train,70d71ecc7d58e524578285c315c08c543e1983b2150c4a52b3d93608317b3e9b
313ef27635d58095829b,e9fa5f7cd365121237997e37,cities,1462,Rostov-na-Donu,primary,standard,1,test,f85c174727e5c832cb5f9dfe171acfd0b40186a76eef6e3a9d8ef6ed61a1aea5
b1b7ce66b73b51064cb0,c7a7e4bbded9bb1cb595fa53,cities,1463,Rostov-na-Donu,primary,standard,0,test,4786b3b14e90dab83fe48b2220267f39976aef4c8450d7417000f3551e56ba2e
0ff5615c0d27254ebad0,2accbe409481ad99aa706780,cities,1464,Ibague,primary,reversed,1,train,9657cee6ee01068145e8110eb90d6b8fc82ab9c8770f21ae82247f82ffa38d8f
12b761532374f5c9a935,adf36c1a704beaa4fef7116e,cities,1465,Ibague,primary,reversed,0,train,21f14e973b0acd27cdc59f350f39518c5386033a0262e339530bab0ecc99d016
998dc5d3fbc24889c2fb,ff2712aa1a4f2caba06423bd,cities,1466,Copenhagen,primary,reversed,1,train,30b0108fa06e4c63b301eb150827b16d085320f294de7140c7bbb4683196fbc4
1e6f992d9ccfa839b8dc,1799239ecceea6381ecd7bec,cities,1467,Copenhagen,primary,standard,0,train,fee6eafbf58bce9fa76e0e9d32c437440415bac682154b9853026fe866b10e9a
166576a0bccc6602ec5e,0ea95c439a50d9299a6f2faa,cities,1468,Xinyang,primary,reversed,1,train,8f3ccfdf8b6be50d9b6ae0351a9df4ca82dcce4d8e4d00ca3ff2d82e4879ac11
ab9acc6fb733e7f8baf5,e8306df69243fb9dda97068f,cities,1469,Xinyang,primary,standard,0,train,6532663196595e6e77e50b61a313171f2ca91242d57e847d915b6def41f09867
426d424f41631899a898,b6661acb8ebb94e010ff83bd,cities,1470,Weinan,primary,standard,1,dev,b7a5f6ef610e41638e9bf463466435ee1957b0fbdd0fb0b6cac41e3aa1fb61b7
fc22322e70f3814119f9,ce6bdd8b373de517c3221e48,cities,1471,Weinan,primary,standard,0,dev,2b30bbcf8fd9ee035d5000a5761d08830aadf65cdb1a03483be19e7f706291d5
94d3064d2bb2bb2b37de,b345f07cb2951e763adad08a,cities,1472,Wanning,primary,standard,1,test,19d922db7c5de3ac74f3f90a3788612790be6e34be8f72739717b0b03cf49128
27c1d17755037f061b0f,b1d0ea823318cfa392e2cf5b,cities,1473,Wanning,primary,reversed,0,test,bb8ded477ac79bcaf37a48d69f99bc3a88adb363ca8acd67bb3181f9d724269d
eb527f3b0bfe5aa804c2,e18b001f4a0fa5988ed300bf,cities,1474,Shijiazhuang,primary,standard,1,train,007b3224b4c68ad684a6f864cc316a8b4d01ad16544681f99893a0a5cd3750c5
d2a9856eb81748371b6f,ffc6f14b186ce286bbc8a59b,cities,1475,Shijiazhuang,primary,standard,0,train,503413fccbb357d7d3283ca75efb0cda452ab7054070dcc2f40130639363dc3c
1d9b6cf2bfd65ad69e91,1a622b0f8dd339a70628ed9e,cities,1476,Laiwu,primary,standard,1,test,95eb4ae4fd83b5b1d52b97434910470f64a956f35dd86abca52e3af541a8bca0
fad3b12a71e20739683d,d27ee725a73f77675ba35e7d,cities,1477,Laiwu,primary,reversed,0,test,e11529fe194f232e517eb71b8af13e9d0445a010315408013869f904a9b86993
a8f5205dcb2ad8483e34,70127135f372f5d09738719f,cities,1478,Hengyang,primary,standard,1,test,5e890068966eacc91bc14d8890c506fe0487c8083690614a34014d16006a648e
ad54a5054737f7259184,6efd476fcd3ff53a1a503b33,cities,1479,Hengyang,primary,reversed,0,test,6e9951ef732be8dab1e29f33ae0baad5f20867ded177c3211e4c35c1caebdb05
46f52833b96afbec0560,7f3698d58c079dcf874f50b2,cities,1480,Changchun,primary,standard,1,dev,f780e7c9378e7c8a767d5d55dc5d3689813183563ba61b7086b11835253c514d
caac5a434b82aa5f44d1,259e351edf43a6749066183c,cities,1481,Changchun,primary,standard,0,dev,0973b26bd165d5d9f28656740def2909a0ff668969780f1a430a338bc6a43ebd
21dc447f6756504d77e6,43fcb87664010de8cddf6bd3,cities,1482,Varanasi,primary,standard,1,dev,e1b0df7935620b2234a21c65eb0e8512996eaa8998148c5f83d992bc2db9f699
05ded31547a9e0bb6a6e,3056348a694fdc42746623de,cities,1483,Varanasi,primary,standard,0,dev,bc8dc24309aa17d4c214089d8a9084eb63ecc3bc7983fc2d75667ce49f349033
dab3d7ead0a3fbf1369d,f65c0f730077132d56f32d1f,cities,1484,Puducherry,primary,standard,1,train,c9ce8df1ec787514dc11721ce1d107a42822fcd232f4c3ad471d4bc5d7b4d865
ca78c501fe714fadba90,fc1dcf0afd5d573362d03786,cities,1485,Puducherry,primary,reversed,0,train,0b64c1d5de390b2c12678b89d10981cd845898e08a978458b9f4041541cdf16c
6808e37951aafdbc58f6,52ffe4b4ee4d7963787450e5,cities,1486,Bhopal,primary,reversed,1,dev,2e7fc9fe58e341bb7b50d3b11a351e6f24aefad549651a33eb1833726d250a44
ecb78ef0db1c29de3f0a,affdc51513a8ea47afdab86c,cities,1487,Bhopal,primary,reversed,0,dev,9ef67759af19520adb8951830493023eab2fa6c7a4fce586e0a3ba9073e70bca
e23d9d4775d91930adcd,1d42aa8675c40e47915da841,cities,1488,Kanayannur,primary,reversed,1,train,c44f39a9a4a1d356fd9e0da57ab8bfc8b40fed503736c18296e3c7c28aa1beaa
4a4c878e100b61b1ff4a,668d82e91f885ad77ad05af7,cities,1489,Kanayannur,primary,reversed,0,train,fdf7f46c0cb6402a1f047bd038429bef72a2a13bca30dca9fabc5148d84d5e7a
3c6fef9b285995c7345b,9851c82d6492af7392febc86,cities,1490,Kirkuk,primary,standard,1,test,1513d70d1631f7fbbda5193659a5c84519b16a4d76eddcf9530ebdbfc8413816
3f5002ea8866cbab9a6c,0e2e676595feb2ec3c9f3a96,cities,1491,Kirkuk,primary,standard,0,test,374d9f20156bd75093679c8e9570d6cadeff225f5d1ad6ff5dc1181ebf962013
f65940df6d55c75d2640,af688d14e325fd8331fdb455,cities,1492,Al Mawsil al Jadidah,primary,standard,1,dev,55ea794c53d7df14c370cf8140e5362a74dcc90d59424fa972935040b7dfb61f
8d42d8ade8281e6081e7,e5bc88107260647395ece27b,cities,1493,Al Mawsil al Jadidah,primary,standard,0,dev,3abab0e141905052fc2cb177021f62bf7110bc47db554bda4c51babea9725b2d
23644091ce167e4d2f6d,bd795ab37e5de48c4277f920,cities,1494,Tangerang,primary,standard,1,train,4aedbde9ee06882ec8dbd21635b78fad1b86b0497217cc39b0e5c32e6b45652d
12cac518edc2b7c106b7,06a95fc82b5dc96ebd3a5471,cities,1495,Tangerang,primary,standard,0,train,d9b3b5381cdaba50b366f49c392b9c56b937139422c8bb1117a1c08ad4d7dd41
c43092db11dca681b039,46b109a55a0e496f8808cc7c,neg_cities,0,Krasnodar,primary,standard,0,train,a0dc2d3b545fe853347fa7c4b633f3f61b3fef4e7132a3fc3ada757e06560800
aa94f17e4e961a30fe42,f9b8494af7c41ad8df434800,neg_cities,1,Krasnodar,primary,standard,1,train,bf406b79c75e5d17ae775436c8eb8ff9aaea1b5b7fee3bb2659ade717a0832ab
e3b4a3dd07cbca3106c4,4a239ad4b0a3e735e53e900c,neg_cities,2,Lodz,primary,reversed,0,train,e98ba762defb4344e95aff501fa8a5b5d34b22e1172978263cff9f4b81d96a22
31e8cf712f23d46220f9,aa50ceee6dd4c3b54095e4ac,neg_cities,3,Lodz,primary,reversed,1,train,fe7ff3f5d8669bfcc14eceb8e21098cd0a8eaeee68bce2c4e97ffa76bc928c05
c7b8e8183dfd61849ea7,570714f9c2c7caca3fd02c98,neg_cities,4,Maracay,primary,reversed,0,train,1051f82fb5f61767e61f962e05faf6cff4ebb30dd329a7b1a0d7345d9245046c
80738b6f7f4de8077add,e9be645b937ce296c301ef1a,neg_cities,5,Maracay,primary,reversed,1,train,f265ea9bc32c2f945abdcf653fd8f7139932cba2e02d83f7bbcb0e99f66a5d9d
7a2579e57e98ed839e1c,ef937689258094e5e3c9d665,neg_cities,6,Baku,primary,standard,0,train,6b1c43f4415b4c97275157244d7e1b5acb5015a96c15a7ffc9d5b82121ed9077
cd8873e0fcdc85d27a41,254f4a914744420ff4a81ca4,neg_cities,7,Baku,primary,standard,1,train,bb4264d60e814ded8751e6a2ef55dd353cb6b7a58ec08a8b892dd5351caafcb8
b26c8a0cafd2fff7c5f4,7a2864729b9eebc1607b9cb8,neg_cities,8,Baoji,primary,standard,0,train,b8914a520e7e3c782cc74da397206c2ae6fb43f6df274a053206aab717ebbb3b
57f5cbc927a52da3560e,42bbcbfd1ac106025f9e9d4a,neg_cities,9,Baoji,primary,standard,1,train,a200de121f76a963853af0867411c20506cbc81feddfd1f1153ea16ace067f9c
6e7403297e5087c9c708,c10bc2657f7685568318f9b0,neg_cities,10,Addis Ababa,primary,reversed,0,test,673b5e2f1aa098a9447c243f8e5b538d1ac083c3f108a89d3b9706f9c64a43d8
e3b95c3b2ba779c6c58d,8faa38bf74c52597c4135bc8,neg_cities,11,Addis Ababa,primary,standard,1,test,6fff90fc2f7b01461c46a06f691552f36dbf15260de01ba8d2e9fb8fae0d3c23
b5001ce42c7e5261e2e8,c53e7cee911d9c83f06acbcb,neg_cities,12,Abidjan,primary,reversed,0,test,154e3ad300e8d4d21201dc1361667cdcde939a120240651beb77946ee227fa4b
3b6a5a1b2153559a7de1,c588070ad9e9c50693d4fe1b,neg_cities,13,Abidjan,primary,reversed,1,test,09aea87bd92ae39928f896bbeaeaef1a74c9160835ed8d1badf8dc5d60a98cce
df0be450fe3d2690b3cd,77f2a7d759abefd2dbc6ce24,neg_cities,14,Yongzhou,primary,reversed,0,train,7fda8ba5431de3f98c0b0833ab2282b3d2b4a1fe5347741e27820c2e073986bb
b22639a071bd7463d09d,cfbd0a12acfa2e85310400a8,neg_cities,15,Yongzhou,primary,reversed,1,train,2089caedf4eafacf7958e0d61e63715fd28f2c3b871a76e735b314abf4948c08
5b43e853abd4398311fc,69f4ee8f8b4ecc89960c433f,neg_cities,16,Nanchong,primary,standard,0,train,2fd7529b93403f680365c5275c9e9836c5cc425427f9354ba70489a65457dda3
e6f3a42dcd182a821283,f584c3554db456a7a28e5d58,neg_cities,17,Nanchong,primary,standard,1,train,c6639bbf8164ed09c78f4af83b2fb99a52884279c0f861c0fd59cb6fdfbb85d2
54d31f223701ecb97227,62aa3a3c972ebd2e33a84a3f,neg_cities,18,Lu'an,primary,reversed,0,dev,e60e2f3d26e3083a358555e614e8863e02dee801d842e53d482deb750f18032e
de4226d78e1969ec5335,572a400dbafca3573e7e3978,neg_cities,19,Lu'an,primary,reversed,1,dev,5f9c9c0bde16b278c41edc6c428c23d66deb407c7bdb10445cf693d68e05f2a0
7eb1a5f25e66affc90a1,9c3f5ae794832548d2242d7d,neg_cities,20,Jiaxing,primary,reversed,0,train,27b1ee7bebc72b50dbd84155d95a7a95cb513726683a645a8905dc8fd0eb4167
1b98a6aac26f86ff6a6c,1f0875fbc09d4610a61aa550,neg_cities,21,Jiaxing,primary,reversed,1,train,a465c59174412d08be8d7627f05a8046605f0dff07c78111ee2d940b52237da5
34b9b83ea15ddfee50ad,fafcd2b8d03fd4a4d5ca8918,neg_cities,22,Huaihua,primary,standard,0,dev,c95ccea5f49cd13eede1680efb3173a47fc12d4047bb689f56de084fb6b276a2
977b2f974c9175d66821,047094ea0a4447b63677d768,neg_cities,23,Huaihua,primary,standard,1,dev,c8f86e18fd4efc0554d6b08ad9308f9e3fc5012eb31c0c78e77084ecb4d63c36
39f80dea0b0971d5ee84,746537151ed560481bcf04fc,neg_cities,24,Anqing,primary,standard,0,train,3f5f9c53730440b6ca32ae2cfbb2fdaca6eaa354d58e9735cf24535cca113a30
be929449f87a6c2f1b78,1860c1ddc632c34b80b63970,neg_cities,25,Anqing,primary,reversed,1,train,bd4f6239a3db8de559664f3c96a45dbbbd35fcffad3240ef4af469ce476c4cad
bbb230a770720d5404db,fda22fbb739194f0d624e909,neg_cities,26,Yingkou,primary,standard,0,train,0a43a37f36c84440452999e358c633d8b71ac2e8843bb9d7da655fbdcfa3c481
5bc12aba528bacc25bbd,a87fef1fa3872e0986dac6be,neg_cities,27,Yingkou,primary,standard,1,train,753dd0a3851717647fe9746f6a4e30343ee227ce5a0b9a04c7312210ec787a87
cbdadae9f205c3db7c5e,927367ddc8d183eb85e429fb,neg_cities,28,Panshan,primary,standard,0,train,6e756acd8ea4d158e786a1cfde1fb719402d29a71af139a501dc75270fd9540c
f26a07c31924ca935f9b,e59031a6f80e5e3cf46ebba5,neg_cities,29,Panshan,primary,standard,1,train,2e5a58384307a9097ef04de44b027784cf7ed280df824e47c20bb33d17d6e799
960420caaecd5eba2094,25ee4b823fcbc2687d89999c,neg_cities,30,Guatemala City,primary,standard,0,train,e0e6bc10a35eeced56853d326f64bdabaffda353aa66d91750065d26414f00f0
a53286b915df38048fab,5788cf1804c0eb0cf88134cd,neg_cities,31,Guatemala City,primary,reversed,1,train,2d6b6dc1de8a96f10f9f5744c22c15f66d8c5830794164feb2dd93ccdcfb4bc2
f30ba13092f48f580b04,907549644828ce75a4e953fe,neg_cities,32,Bauchi,primary,reversed,0,test,e1394afe3c1d392e8a63356adf955523c0accc701de61f408bae8388dfa8c9eb
910c0e9945a2cdfa6e41,ebab0d28693c5183d43bd1c6,neg_cities,33,Bauchi,primary,reversed,1,test,7647dbdc12f4406f3a810d290d88c4e057ffb81108389dadd158228a96e98def
4602a0e8e5022d628789,fad5a09a908d10d84b42ffba,neg_cities,34,Tokyo,primary,standard,0,train,c99e00353d54e776e43f21a66da6076ecd4f1c7b43ac862a53e87006f8ef3e55
6259336ac3a2ad22c148,a71e693d275066e0e187041a,neg_cities,35,Tokyo,primary,reversed,1,train,0ea7fa5437c71c3a0a9ca9061e8e5165c7191fec6f862f0584dc59f20311ae2f
6c0c57adcfc9e6a3885e,8d8251b48631cc3b70f4f114,neg_cities,36,Mombasa,primary,standard,0,train,563c41697785604da25951422cd89fde445ee5fca523183f6892bf1e0812f3d5
b81581be5789de4aad26,34c56d379869b0634cdc224c,neg_cities,37,Mombasa,primary,standard,1,train,9c37828e50ce14cd232f61b56e00fbcda0dfae44ab6c3479cb72fedd4dfd14b6
2112fc3ce7a41b10e644,017eeb794cabf8ad286ffa97,neg_cities,38,Ulsan,primary,standard,0,train,596decdc78b588ee6bab50146ba6bdb8b30c89ca40ff9702a8a20f4a4d8b543a
369920f3b8d495a1c100,8a5695890716041c7cc0b6df,neg_cities,39,Ulsan,primary,reversed,1,train,ca2ea9b98512a54a711e553c637a52221f43f2ba703eebdc7982476982a3abb5
e5ec55dde63db319f517,9be72b220a803ff4ab8074f8,neg_cities,40,Warangal,primary,standard,0,train,fe06bac1a654eef9f84a0d8ed3211da33a3b3f3481e7f11de4d8baa667754a6e
caca627315504c22e74f,9fc7c5ad007bcca39187cbea,neg_cities,41,Warangal,primary,reversed,1,train,1fa652635d3f088751e9226a92bd9d861a817425c0b2f8bad4efef708c1a92a3
fc490cb2609e766cbbe9,1a12b2cc9b3ba42c83e58c9e,neg_cities,42,Tiruchirappalli,primary,standard,0,dev,2f0275aefbc8adf4d979025d583398acd2309cf967823d2cbc42c6b44d5e9eb5
566acf557ca3bb6ea14b,39999e56ead4c26c1feeb30e,neg_cities,43,Tiruchirappalli,primary,reversed,1,dev,4b70ce709cf6bb88dc4f57e85145c98e34409ad882a4484c8ccdedf3b0bd8c3c
664c9582ed70af353542,35e552235267f1bdb64c7dab,neg_cities,44,Nowrangapur,primary,reversed,0,train,7bc39309275a522dc04fcfe77d3e0d7ab1fe65b711b6985922b2e9fff4f4878a
b70a3ddb02cb0f1119e8,ebed40de25a575adda27142f,neg_cities,45,Nowrangapur,primary,reversed,1,train,10fa2a4dd85f700072a0ed2d499bf674b42f64983477bc5f5327d62d9d6f40da
42b7a79a5c05fc4b7571,d7cd7f67c88efc839938750d,neg_cities,46,Sambhaji Nagar,primary,reversed,0,train,3e0a749c1d187b604474c25de7946e840f5d27d7c7d9a2b4c3e2477096389225
f95136440b4045dd0d76,0d32249d9bf266d6507c95ed,neg_cities,47,Sambhaji Nagar,primary,standard,1,train,090481d44836503221a233aded855d6eae29fd9e526ad02fead26666157b87b3
b7b8be4293474c184d7d,e90e67bd6836aaeb11b20099,neg_cities,48,Ajmer,primary,standard,0,train,17049b5821428e382446ec937f5706babbfe1050eaf1a92ddc09711ce158142a
93bf3afcf5e0508d2b9f,591508aa549d252966f29294,neg_cities,49,Ajmer,primary,standard,1,train,7a01fd6b7fd9ab87114d2bdfeb673fd1ee826f83e5682f177f5e218ebce73b4f
27d6a21d3a2474448e7c,ae09a3b3a719da646db244c0,neg_cities,50,Rohini,primary,standard,0,test,526544b543f5b6e146dca607c28a84a66368af3689b60ed750c32bcd1745d9a9
a04020570736f410532f,c26154fb3e9a3fee7eaa1552,neg_cities,51,Rohini,primary,standard,1,test,c5ced4326dc64a836e49c41c88aa1b053e8a6e78d12dd06490761b8b754676e7
e795bae40114585c301d,712d4ccd72d744630b6048be,neg_cities,52,Serang,primary,reversed,0,train,8610d7e559185a8be7e31b0405eeb5f58315a4456beb6669281d75e839ef237b
dfce5f46b5e504a3304e,eb80b37396d6209c367a9ea6,neg_cities,53,Serang,primary,reversed,1,train,e533a7918f4e14edcf29bbc46c607ebddb306a69ceb38e8dac20e6212531e40c
154c9ca561ce43271f49,fd712d2850851680c0e58cfc,neg_cities,54,Niigata,primary,standard,0,train,44c7b3dd9b2d3debf101b0878f498c9fe82e7944f122ff1dabc32137eec2c8af
0d6829898b266ea2c0f8,3f68c0bd20fe677d5b5a4d2e,neg_cities,55,Niigata,primary,standard,1,train,3b5b2b30554c93f9354140c08fdef7e971bafe706c5970ddb3cd47a7b80a55ea
aa98e1923c1544f7830a,0e05e53c9ac03e5a3af7f1ec,neg_cities,56,Marrakesh,primary,standard,0,train,d826b73e1ffced3914b1ebe9f7cef0f0c6f2af5f818d90891284b64208eef3e0
bae0bdb624d208d1e53e,053d7114a6e6fce5361f62b9,neg_cities,57,Marrakesh,primary,reversed,1,train,794c6aefb3a93890ee47f77ced1965e154992cbc67d4d513f16477a07b8b35b0
f67b2e87a0092b2c95d4,52aab6e503116f4e95919b2a,neg_cities,58,Makati City,primary,reversed,0,dev,6d5878bb2231c29a1af14277be68acd2c85c37ceb00bcde9fe08a941b24f2c03
912e30a640ac29f433af,d8f7bba4f48b65358bb1d79c,neg_cities,59,Makati City,primary,standard,1,dev,e8797777ca480c1d1449b09760e1077324881dba57023c2af6c04ae411a0d2fc
64cf2a56411f5dda82f2,08848eadf8fe7ec4888dc989,neg_cities,60,Tirunelveli,primary,standard,0,train,0cae0f4ff9e603674f16e191d928357fa08200580d2dcdab7ee9b567a4e28dd5
73e919f768e4e7298551,67cfbb929f2cbfdec3b8e4f3,neg_cities,61,Tirunelveli,primary,reversed,1,train,4eae57db95a3e82052c045e3f67265b57f0b8666b6bf98c089928bfd9be40449
3999ff2264d07cb9189c,05e732cab3922d034f720205,neg_cities,62,Thane,primary,reversed,0,train,e6eea7912d6b9dd7cbc27bfc8528693fe5c410858b0f1d0ce62252a1845d4932
07ade9548374ca1e7ad7,14a9f7f4fd4b7a97c10d4d3b,neg_cities,63,Thane,primary,standard,1,train,62d2002d29b60f766302ad812a0aa1a2b50dea19d577b509317eb01e3ee10676
445dc250becae5931905,6076d952d6c549898b564967,neg_cities,64,Solapur,primary,reversed,0,dev,2eff6cf6f0907d8b2640b457225affe347f0ab4027ca9f63d2f4d7a9473143d6
5853ce716fcb85bf0af3,3530db53e45c102da809dd09,neg_cities,65,Solapur,primary,reversed,1,dev,065acf3f2b091907d3b9b37de2f2084a8c271e4e90db7806d202a3a06aa4f8b3
a43831c8338785b8ff13,b6a05f0f74cb3544ea251f55,neg_cities,66,Najafgarh,primary,standard,0,test,6726e310334e6dc0c4548e186284ce4c208e9559dfa86fe5bf32fe65509cc630
34abadf50c02bb3b8f4f,61cc26cb056830c5f3624586,neg_cities,67,Najafgarh,primary,reversed,1,test,f8833634b17c1c6c2a4bf6ae588f429f36f19d050099ec05c1ba2fe8f8d82669
a170e0a65fc3e0c4c2c6,458750f8f4983da2a2f89e3a,neg_cities,68,Borivli,primary,reversed,0,dev,68bc645198b714a08203d36c6802f89aa4be9851cbf96d4ed55735dc865cd8db
dd15a67033923104807e,131aec99d11042c11669dcd0,neg_cities,69,Borivli,primary,reversed,1,dev,46e1d99945df5efa7ac2835333983f3bad185f2ff4e2ab085169b93ec492936b
c042667c2f7b34a19508,55f6e4e5d0418b04b0a28d60,neg_cities,70,Zhabei,primary,standard,0,dev,9024b65d6348bba65be31d47d9f72dc01c36ae5f5db6e77a57a5915408c77768
924febd60ae441884e1a,354b023ef2d1e138ebb51559,neg_cities,71,Zhabei,primary,standard,1,dev,a3f91ddc7b531b300af66e27605bfef1ddd56bc235988cd7e79d111b3f95b4ed
3d59af415a22f09505e0,cfb4ee06cf8bb465c5bda07d,neg_cities,72,Liaocheng,primary,standard,0,train,1cf1467eaa8d2dca9694ba70e35765b43828906d5aa323553c633a734f2d9a65
a0fc4d391d967e505cc5,95bbb572e30c76bc1ae82ab6,neg_cities,73,Liaocheng,primary,reversed,1,train,3a2c7be49fe2af30547783d385c64e8aafe887f4ca6eeca5cd52852b2cc1d6e2
e0c4e1031d0bd2b22c51,72d713e6c75f672f6c4c99b5,neg_cities,74,Jiaozhou,primary,reversed,0,train,8133093e8dcabc25b5c88174b4d91106c4002f89afb8318f5d6480a3c14d1358
f845d90eecb2fa7dde44,d64578015547c6fd5edfc617,neg_cities,75,Jiaozhou,primary,reversed,1,train,16c68898e84c8c662b2dd52011ce8a7560ec090e0b60993b4bcfee94b270a96f
2445ab44bbd3e626278e,80cde1b8d87a5ccb2ed91399,neg_cities,76,Guilin,primary,standard,0,train,9adefc66baf4375c9bee095eebfcf077529e5fcfb04039ca248bc3e810b8a412
85d6542d46956ea25da4,f6a28f5b85f1de97e448da84,neg_cities,77,Guilin,primary,standard,1,train,b0d55cfd243faf24e85390fccace112d35684e99c026b9c9eb4c5760639b13c0
78868f56726083adf146,a1305d734307e8b8756c9460,neg_cities,78,Chaozhou,primary,standard,0,train,6c863236b5c7af9628a897cf3f79c8989c3072e2eb0641f56357c28f627959ab
f5364c30c87e3969f9d3,132891139ea3107b818ec5e4,neg_cities,79,Chaozhou,primary,standard,1,train,af69f9d4128e05abec0f289cc5480cde1576fdd5bb0116fd1323b44af088f82b
e291f337aafd371028b5,d2900ebae66f40ea984e2320,neg_cities,80,Panzhihua,primary,standard,0,train,6c7507eac555490ed1c9ccdb85e50f0cfe5c422a5f90b8f8c30ea8c6ff42618f
c5070b81f928d0307ea3,23c86d256b102c19fe838398,neg_cities,81,Panzhihua,primary,reversed,1,train,a8467d4e144bc2eb4055b0ce025d7f6fa568ca3eedb5b983486993e9706ca26d
76c8a74125f0e63402de,2500e68982a9d72efbd7aa49,neg_cities,82,Bucaramanga,primary,reversed,0,train,ae7b79b7926d6de5f89b9d11c29f2fad2a2dfe17fd5f280d5b7f19d817d940a8
d73b16f0599bfde30c28,7bfe60d5f5c92537de5224d3,neg_cities,83,Bucaramanga,primary,reversed,1,train,f4ad4892bc2d0c0dc1046d9e77045423e2d638f2f60f87178e8d2bdfe25a91be
126db0decce3c3375ced,ca443d782f863a0d4d707b31,neg_cities,84,Niamey,primary,reversed,0,train,5b44c8ba45e43396168dd7fa8d3d55b770785ec4f790cb9a3382e1eae86aafe0
0b9be0cf3e3a415b34a1,f5960bb2a30ea2d3852398ee,neg_cities,85,Niamey,primary,standard,1,train,fe4bc835cbebdc9a098b1d6dfe5964578dee318b8e690d76abfde9cfa9c33e5c
a738516faf61d499e0c7,127b04018922c1674a5eeb10,neg_cities,86,Sokoto,primary,standard,0,train,0beb135515fb8ec9f3a0c3ee60cd639e2c5f499fb837b0d435fc201776154da7
fe5377cfae6cda207234,d92db85a190a19247b5f458c,neg_cities,87,Sokoto,primary,standard,1,train,2207560989206b321f9b7d7b8719876312b0ef28d326252ba154c78eab0e2f11
d8ffb62705c5e2afc604,0c1b6ea7d33847c51f767c29,neg_cities,88,Abuja,primary,standard,0,train,60f8480f51b369da7453c0fd8d5f2eab4b9d857de736bd20f84446604e7b9775
ea3f16caf2e4db421d84,6dad6dd71e47953a2018c084,neg_cities,89,Abuja,primary,standard,1,train,12774622a19eb988b47f77744a6f4f6a612e26951a60a951447b70728824d104
061d57d3c495f82f3a18,4cf13e784c6f8ca129c3577b,neg_cities,90,South Tangerang,primary,standard,0,dev,56bd864b36925a989c9396d50140f3c30ec32739da2651f65e056ec877328c73
682d02c29ddb6ac0bdd2,bdc0dfad93f6e174a515fa39,neg_cities,91,South Tangerang,primary,standard,1,dev,617742c38c27d397976cd9e03442023c4e2bc6ba333db5e1c1277b8672c92993
e9bef3089253783d3c03,44d64d3e3ee4a3e78bd8f1bf,neg_cities,92,Odesa,primary,reversed,0,test,bad65e094972e7a577601d8119c5dab30c55e26a4d34cc88c5bac3154cb6bf5a
7b06d1f2e518cdbb97bf,f42f444f1acc87538c80bfa0,neg_cities,93,Odesa,primary,standard,1,test,3e9ea6cf4328c38df4366e3348dad623d3f695de58877cc5ac3e18a56e19ffd9
fc433d6388f2560b8599,751c220f586e8f1c4ad98c12,neg_cities,94,Fort Worth,primary,standard,0,dev,a38552431057ab20228d4a7aa6bbd6bd943e617fb2356f3ad36e792ddd7113b6
9cb6a00aba53621f793a,cd942fe312b33066c3c791b4,neg_cities,95,Fort Worth,primary,standard,1,dev,c40f850dd5f313a121efad05484e107c08d5c891ee9710201dbbe9d6d00b956f
e4e8443bbced52d8d097,f7807fbb9c16c8225650ee27,neg_cities,96,Boumerdes,primary,reversed,0,train,161f6fc0f7299428c2ee1e4313873e97d141a34cdba6bdb91f8e4f96c256cfe5
ea82b23b50f99db68b22,a3493ae7699a80c7d480926f,neg_cities,97,Boumerdes,primary,reversed,1,train,ba1931a0427fa4db713adb4009a256a5ac52dd0d4b0b0a1bc446d6fb1d4ddad8
4274c4fcb20da0567bf4,a943777b185e5ab7ada27ef2,neg_cities,98,Asmara,primary,reversed,0,dev,5b87863ab752876ad03b1445041e743888c8722fd21b6b899083b2ee2770a969
4271857e8dc4ac29577d,8a604e8783bf487f4f018531,neg_cities,99,Asmara,primary,standard,1,dev,efbfdb668423c6da1fbe322eba6e88a5550899e734b60d14ef1806592f26d07f
2310b1f822de278fd4fc,deb312ab22d070b70cd32343,neg_cities,100,Santiago de Queretaro,primary,reversed,0,train,c56526f8b50b7dd71e9f9343f71e37fcb9c8ab17db8877bd49e0bfa4d1b41e0c
9418d332f5b65b742b7c,148a813e366e261f04d92937,neg_cities,101,Santiago de Queretaro,primary,standard,1,train,469c47a18fc80116d87402078ecf8f53fcc0a0db9e0a4db701d134927d3e9dbf
714ea80d6e433dd9ffc2,df42aca61d056cc620617f30,neg_cities,102,Perm,primary,standard,0,train,35fec0a1c19b66b01f0bc1fd24d6a9cc4c0062caaa949ea29788b2640a5dcf34
d35d261a7fdbc7a75aab,4c6d4cac7a8afda3bf779f34,neg_cities,103,Perm,primary,reversed,1,train,3ea5e0c3d6bb23e114da4e5ec8bdec1fcc4f9b97f00abbec07c9dc96e0c8e33b
6c2c75616e3418904525,de6127e1eb58111117576648,neg_cities,104,Jeddah,primary,reversed,0,train,d560e7337fc401c98e479c99f1d31a4ec284bf4a9f1729ba2e269cfd56d2e9dd
558f96030e7d65950945,c65153be8beba9d4dace9fe3,neg_cities,105,Jeddah,primary,standard,1,train,39eeaf3677d673d9de83e9a63beab1615310d839871f64c0698a81ecfbf09320
21ee0c6c7a60d0980834,4018e491c960ee92ecb8a198,neg_cities,106,Konya,primary,standard,0,train,57b7fd2a30c8f5b7fc6d50b75bc36db0d8054e05f965b163b569aeef6945852b
98c04a1f19d2ef1f5532,9470e1fc0ef4fe045e74c8ea,neg_cities,107,Konya,primary,reversed,1,train,9cb64e6f8138258704a7c52c862872d423938ffda502cae2be94ff233d8664da
464c8ad53c2f5df92513,6802a389335785c971fcb778,neg_cities,108,Macapa,primary,standard,0,train,b831a3a8f9b707cc863a953fed94f3bfe5478262ea892496d57e3f46d9df1ebc
111c7f7b51b211fbc206,79aa0b77f8361de4ca536d7c,neg_cities,109,Macapa,primary,reversed,1,train,c5dc30412247cebfaf83e13559b29f21d979c90bf2efc66930a426960877c59c
f67666186ebc3f93348d,001a5a4941d60fdcef00853f,neg_cities,110,Belo Horizonte,primary,reversed,0,train,c0487fb7f0f75a77246f4a3091abf3082723d1b3705ad063ea17327f80b8ea9e
db21e98f0b9f58f4d9a0,b55e252abaa52bdb7f51f6d4,neg_cities,111,Belo Horizonte,primary,standard,1,train,427f61b9b2cc7e9d409713641076680c6e93f9eae3ddf35dcafe0e54074b3b5b
4a5ae0d8086f47d69f19,d6932db2bdcaec571a0ed303,neg_cities,112,Poznan,primary,standard,0,train,8fd9347cfbb383f3fb8962b19c93e7d92801ef00fcde0fe0bcd2deaed8ab4c6d
515b8f901dfb03d76483,035b3975a6f723de87aa0952,neg_cities,113,Poznan,primary,standard,1,train,dc37088d577d8b61596c78d0a5810503722e44bc4f252c5ee1eadcb54b4a99af
37be92ebc8f361845df0,3795f4b1ad953ac06a058402,neg_cities,114,Linyi,primary,reversed,0,train,6c28d36c0191e8c381f242804f401bb6680ca72799df7b888c6a4a38bed47a6f
3734de4411e7e7417452,06b3172238d7f50baf26cf05,neg_cities,115,Linyi,primary,reversed,1,train,ab87830a0168f9b004f0023ce3e2d97f54183fa3ab071959231d3c2fadc772da
210f97877671508aeef4,6e4888aff294ca4bf3c6c193,neg_cities,116,Hohhot,primary,standard,0,dev,2421f1299670f122bc078bcfdfeebcdce89e457533009f55676618f42c595cb4
0e814d1f702d3142512e,aae60ebc09fb9f28bc64b48f,neg_cities,117,Hohhot,primary,reversed,1,dev,158cd5e863af38bbd0742b9c975494f2e7d9855bdbe48bcd78f0bcf11aa1a7a3
69c614987468733512ed,cfc44200d82342121bc6322d,neg_cities,118,Malacca,primary,standard,0,dev,44b72360350b263b4fdc411957c094cdd5e0bad21d7c8e145dfd370ec0f84f27
b4d95c06ce8ae0009697,bf3a58a4fec06c787a1bef99,neg_cities,119,Malacca,primary,standard,1,dev,6354aba1c5ca158186f1716a0c5193e0df4dda6145f5c63c63c70168ccf65017
64f25ec0910646b6fee7,ee3c30bf654dc92e0c787c17,neg_cities,120,Busan,primary,standard,0,train,8efd33ee7b6b90e873a22db7fb04f1cc9bab6c6f9bd72eb176051374858e9f1d
7f74664536a4081ccfc0,61aced76ca109258ab13b30c,neg_cities,121,Busan,primary,standard,1,train,0d72337f458e3fe6e47d2f939a8e88f532974e045b29a392468fa8bd4a6a8879
1c360018d3ad6379860f,52e6d122c2ccac84451e0cde,neg_cities,122,Seongnam-si,primary,reversed,0,test,29da625536a91e68f92f8771d2f6fc61fc25882814a5aa9adab1c9eb908f960f
0c68cc5debd85bd5ce9c,86fbc5bfabe2bf7a658bae28,neg_cities,123,Seongnam-si,primary,reversed,1,test,b5a8603fa1f2ba963c9aa1ea1b3218e22a4f1412c2ab5b97cddda9e7c12e8904
5789d062340519e9ae9f,79868a90662815adabe180ce,neg_cities,124,Matsuyama,primary,standard,0,dev,b3f682180f4d13241776d178937eae234226a9f1af2cd32ce1cff87cd3236544
ccd3225e0c05fd5f28fa,8a63b6120a4c35dff26b64c9,neg_cities,125,Matsuyama,primary,reversed,1,dev,0059b5772f8cd240fa1ad4fb366c8325d3b53f3bed305460681586926e5a68a6
f78721a069f9e0e4e330,1b8a848bbcf88635c73e990d,neg_cities,126,Suwon,primary,standard,0,train,e52c06379b3c2c95fd1e85a08e8a9df8010af8d83f752aa04adaa75615a95462
01b2f583bbed83af8031,d010004b7cf7a5927e91dbf3,neg_cities,127,Suwon,primary,reversed,1,train,5ab5c647c7a2353e2f3604ea931611665551fe708ced001c27cbc59146dd2077
fc32fe48bc60b651fbc0,89a702e1075f95ba9c64ab81,neg_cities,128,Incheon,primary,standard,0,train,19b5177fb322f67e175f22e88346e3c824eafd204cc21cb12c555e8d532e15f8
2e58772b2144f1947ad3,617246e39f0fe9b8f41317a6,neg_cities,129,Incheon,primary,standard,1,train,4e1c3a744ac896e3192bba4404487774db87c27a8c58634b4f79e3af9d15f668
3e14ac52ab2203050096,87ec99bca64ecb415f56a55d,neg_cities,130,Hwaseong-si,primary,standard,0,train,7731a6c294e7aa0a8a67d2150f67e9290ba5de5c2dbbda2420340ab5e42b8f24
38993921c1f99c03ad33,a63d3165ff2320304663498d,neg_cities,131,Hwaseong-si,primary,reversed,1,train,1c73e1be94b93611feaa2e03a2008e21201e8184b487887a86fb2c943ff6b2af
06660f78ae3e66e9408b,fa6cb8be628bb6496335ff24,neg_cities,132,Changwon,primary,reversed,0,dev,032fe98f32533cce45a744dfc59cbebf57a9aff9896fd46ddfb137139d874704
c366e316cb2fc703467a,9484e119b5632eca89f3e466,neg_cities,133,Changwon,primary,standard,1,dev,2afd659e9db2907440d10c48a8aa9e74db59e7a2860a0e2ba9cfac8a4568ae27
5c44fd91d8f2c0c8ca87,27f8354d8ae615aafe0c0869,neg_cities,134,Bamako,primary,standard,0,dev,664459a46f1eae7edde87551baea6670a8fdf96cea51d5bda6d651450d1b72a2
0b812e9e3fc98a528e3f,60394a6c12241b8166c49866,neg_cities,135,Bamako,primary,reversed,1,dev,5072438628117f5436f027deda9932d30b553897eea6845d051013dd795a22a5
224f5d92272365526185,a1df1549761870b81c5c0fe8,neg_cities,136,Acapulco de Juarez,primary,reversed,0,train,29212bdeb0cc1539993779221c33fde382566ad10bf718c2ce9be7b075cb28dc
0dbaf9789c81e63b3fab,f489aa3e4feba2346aee401b,neg_cities,137,Acapulco de Juarez,primary,standard,1,train,1af45dfae5db8bc360b498767958b9bad5951231421f0f369a4be21c4f323ded
d1ae825447fc00f7e6b8,1e20fd536c691cbc8e0ebbe0,neg_cities,138,Mosul,primary,reversed,0,dev,cb7ec7bc1b53961812b378832786fc7d70300aab2e5a7edc0252c9617ff861c6
a0410ce70674bde44dfb,44715d53396fdebc6d5ac9e0,neg_cities,139,Mosul,primary,standard,1,dev,a322119899216f929d3dd8953f5e9228a24262571c5d3cf1dd68ad99a6d80247
791b9507b275ddef5090,a43fb3a544662f2a3b6e72a9,neg_cities,140,Basrah,primary,reversed,0,train,bab3d6806c002267fdb0033308ac5afc0fd755e4cb622d4035dcc5a4b69ff3dc
080a6436434938382105,caf4737c37b0e7a8854b7890,neg_cities,141,Basrah,primary,standard,1,train,50e71b1ad0d55fc7bd410f85d362788f9d6a2b95410acc799268758785e2e4b3
c42a13e872f8530a527f,47aa55a0f1e5733321bb977c,neg_cities,142,Qom,primary,reversed,0,dev,eb831c7077135655ecdacdfff4eb67bbebe6a3900bd83ce5794c5cfda5636f04
9dfaf18a392d63752066,8aa2933ea83b0cb5e58a0325,neg_cities,143,Qom,primary,standard,1,dev,3c22c7149015a362750621fdb8913bb8b517bdf2ace5da69cf81cca3f8190829
5f629473f11cee712097,30829bcfb2cf86930f8d08ec,neg_cities,144,Torreon,primary,standard,0,test,bd28fc58f2f3110a05ab305137212cc803b3bb9256e11a113106f35bc59c91fc
3cfd51bb5ca0bd60f258,e6e6a01f8c7ba2e5631268fb,neg_cities,145,Torreon,primary,standard,1,test,d3ffc511f76c941f3ccd6ddea7ec86da5e8732fe5c6b3270b62c1c43dbcfa920
c5cc7811e515a1413b35,5e45b5abc58d71ad1c6b2ef0,neg_cities,146,Beira,primary,standard,0,train,1192253e036d4dfd955a2080028960d67a128fc7260f00de978f716bdef882af
b8e9d2b93accab7221f3,0f4dba8ed3acf91d13c64723,neg_cities,147,Beira,primary,reversed,1,train,989143be728d1d9faf61452f13c8711142f77660f1cfdb18f8702189d29cad5f
80e898adf9771fd5c481,0d4f7a66e3c981dec6ed3f68,neg_cities,148,Naucalpan de Juarez,primary,standard,0,test,71ee97ebbd32db016441442bfd299e77f0b90c67fa3103ce1f72bb8d9c3f2fa5
c5669f7288e1e5f131a4,ffd06c445453261faa795420,neg_cities,149,Naucalpan de Juarez,primary,standard,1,test,baf3f1586197f944beabf659bf0f83aef4e5214bacb68296d3a2e65043db100a
220aef3dbe8453a2d09e,1c3025a3854b46e51e67496b,neg_cities,150,Dehra Dun,primary,reversed,0,train,f8120449e2ad613a2073405cba642779f622fe6e4f750ea0f14659effed94ead
c1333683006cbf765b8e,6295c325e94830b6648f2eff,neg_cities,151,Dehra Dun,primary,standard,1,train,fb56104a4360df65bc9ea3fbae3d9b019283a7cdbebd4b18dd24dc18745c4727
8ae46542ad825feb4ad8,e89505a07316c87ec4d273a7,neg_cities,152,Bhubaneswar,primary,reversed,0,train,30dd059a51205a05b24a5a8c3dcf69fdedb3b57686f8df2af3cb443582683c28
ead66378a7b2b4f318c0,8ebdb19b6a8d25eb65cb7be4,neg_cities,153,Bhubaneswar,primary,reversed,1,train,318c27243c49834321660a9d428a558d8737ab0fa5f4991932ea88dbc1823925
27d5dd2db99e612bf726,d396a9e52bb9d7b06ec17033,neg_cities,154,Ahvaz,primary,reversed,0,train,a4edb69427b293071fff2e15f56fc2da3c345c2543fcd42ab9acdb781dab35ef
b32ac1c8d399d07fdd94,9810519d46eaaf33aa705332,neg_cities,155,Ahvaz,primary,reversed,1,train,1313956fc8f80c77622aa6c41f96fddf686f178ad9ce5611edaefd019ef43e15
e91dbc02de1d721d26c4,4d26bf37cd0de0ecb7a2b713,neg_cities,156,Kumasi,primary,standard,0,train,f16efa22019c1f7dd3c7c8a52effaf4dc2b9cae39cccad0b5cf9e759e5ddc4db
43574d5f8ee8c8bcad49,e27ba9ff79bf263633455df9,neg_cities,157,Kumasi,primary,reversed,1,train,515ce832c645f9583365a03cf9b96b5430b882e84633bcc87155ad908edec301
c513ec7adf74215ccbd4,e8daf1a57999979b5c812520,neg_cities,158,Palembang,primary,standard,0,dev,d1bc889296d046c0c5d047fbade1b0cae549b9d6133367226fb6af6f052dfe7d
a330bb629132d8b47078,3cfc4ec2070405b7f92a991d,neg_cities,159,Palembang,primary,reversed,1,dev,02abaa5d03a7edd2aaf9b9842ffa18ba51d991d55debc433af7da31a864e1bd1
1b7067f194ff88f9d285,2a55caf832ab0e7929ae5b9c,neg_cities,160,Novokuznetsk,primary,standard,0,test,d19f4bb59032ec9cd27c0f84c5a189e072ee61059118dcf7ab26c3db594d03b9
2088772dccb5a0a6c328,a9e0d2ca0e6376dc5ec6afcf,neg_cities,161,Novokuznetsk,primary,standard,1,test,ca96d8436e0f01bc208eee6d5f3e59f4942f7a8df51f20d5e869e263696e6fc7
85ed3b2915f4f1a04bb3,64f4c16cf5efcba29177250e,neg_cities,162,Izmir,primary,standard,0,train,a2c56a90cbe3425dc1597179ebec77c7b624723976c14a3a89477041bf449825
af0178edc482e14aa81f,a87ddbc934bd1d913f936d2a,neg_cities,163,Izmir,primary,reversed,1,train,7615e6c8a4cbcfde153bde96f22b03eb4cfaacbeaceb9a023e691de4452bdea5
e018bfe6a789277e56b7,1847faa3f34c20f0e8050add,neg_cities,164,Lahore,primary,standard,0,dev,ca5e8897cd6437d9a68aa05ac45ab6e41787de4ea4ff9c7ab1c1b56d727b7592
9073663cc96a5dc14a41,ea5f33420baaa3cdba8eccad,neg_cities,165,Lahore,primary,reversed,1,dev,9a229c188c347e676ca7edaee6d24daa11e9ac2fc674d73bd5c16bf4155c4126
da656d00f5a342859008,22f4c831cea1fcc429dd43a5,neg_cities,166,Zhenjiang,primary,standard,0,train,e89b09c998562d9ebbd646c31e87688c7b3b246e469cb77c11521dcd630d00d1
c82c62c049f4addaa016,dab91c6ddae5316412661ef2,neg_cities,167,Zhenjiang,primary,standard,1,train,b9fdcbb82df56ca0af4ef77138c5343c7243d03228d47cc317fe453a9010ace3
a7726124dabb9de5efb9,318921c028081b74c1c96817,neg_cities,168,Zhaotong,primary,standard,0,test,2122bcd46fe48d534203907cde14f44c55cc945c7b6a2b2425e227062d5ff8d0
886a9fa2c782bf26a0ce,20772017da077f6cc57efcaa,neg_cities,169,Zhaotong,primary,reversed,1,test,6b581e2fe2666fb902745e53ed602e06943dd02d68d2efa74ec3865fba460e86
430e09f2cf147ecb2b83,821f0ac0d914fd053901894b,neg_cities,170,Weifang,primary,reversed,0,dev,f1c8c13aff581bbc03300d0c742de5edf8820e2751bb5a92bdc87a503f31ed38
f9a64b55b1070695b1e2,e8f596a9b946a7758f868542,neg_cities,171,Weifang,primary,reversed,1,dev,9da6e2898a5dcd868bfde2b5c3a46b2900f661a823fc94ec3365e5edd617f8b7
fedcb97294d0868efdfa,3996fc216142a30e1f7b60bb,neg_cities,172,Tianjin,primary,reversed,0,train,c9724470d68bcba9d18fc3bb4a5a810eda95211b21041c18ad4069bc26ed9b62
6409a9683ad9255c5f36,909c0c21fb0d06e39cd9121a,neg_cities,173,Tianjin,primary,standard,1,train,18d06d81e029cd4af5853c30004d75a51ffb169461ea97b2e119ea83d9562414
feb18594c8af126d0c88,79f4d4f8dcc6491e45679d66,neg_cities,174,Shaoxing,primary,reversed,0,train,d9fd9c5b052fd5dc0fa44f9b6bf5b5a35ab88ad915f3e3f8d85c7446546313bf
45889d404bf063a0ff3f,b62f25f53c1638178875adc7,neg_cities,175,Shaoxing,primary,standard,1,train,50153ef0babcc36d25ce0baa411a9a4a54f0f4b52f4beabb0f7321c7df8a2531
d5b3afaf0803428eb274,b8de4339eb9ee48b72bcfdba,neg_cities,176,Hangzhou,primary,standard,0,train,3481ce92485fbf3b10e90189fb80b6924b065f609a51f70810a8c8381608534c
cf53067bf3cbb2acb305,112c757cfd5cf9c83afdc5b7,neg_cities,177,Hangzhou,primary,reversed,1,train,77701426f93c9dc198fe431b2320ee8893ead01305f08b761e8e403e83119b8b
0d5d60d3e83fffee7144,d48108d07546eb1cacb8adca,neg_cities,178,Mudanjiang,primary,reversed,0,test,1882cf277329d3dbd957015d4e6e54f819fdbf5512ebfcff95e35790c5101fb4
154d0e5dff5a954cff93,f0083a53beef5aad7341e034,neg_cities,179,Mudanjiang,primary,standard,1,test,ead7b3e67f6fbb9f606a751784fad4706d6c640843879700acb208ffc118942a
749816595b371b74d1d4,1800807279f4a7477d065e51,neg_cities,180,Anshan,primary,standard,0,train,9faf289ca3d359104f762d89f080f4e4104ec9858b2544f1b2fd389e5e8650e8
70a5cac0809cbeea2a33,427dca749c38fae2f6b9b052,neg_cities,181,Anshan,primary,reversed,1,train,e57e012b22101094e490a330338553d6f0233c016d8b0b2d58ccbc8f25f30e28
1738280a3b1590520089,e1d352c4f56fb686362ca7a3,neg_cities,182,Porto Velho,primary,reversed,0,test,acbecdcf0fcb1f15426bdff51b3cd648cd926a6692af015bcbe769b189ca4acc
b754dd232ae0177eba20,71b9ed65ca3b7c1ecd0cbe41,neg_cities,183,Porto Velho,primary,reversed,1,test,30609b7ce620175cebb844587fcad94e1a7f7d238ed6b610c5370b782d67501e
8877b51bb70b293a59e0,3425bf863802d2f24dd3c428,neg_cities,184,N'Djamena,primary,standard,0,train,8002d18140a6cebe05ad594c0beeccf0458095618f36f41d22b79e79b4c5579a
f4f9dc279eeaae256523,3c2bf01cdf64ddaadf09a819,neg_cities,185,N'Djamena,primary,reversed,1,train,fbe1a8334f1ccd6567e58d482698c771d7ecfba65225db834615f8b2c0951178
b450e01906d3e342b5e8,9ff615a83212258108f9eac4,neg_cities,186,Kayseri,primary,standard,0,test,a39c5703445d927ded31be6e6ff979832f0059c6be4c6ba0e843fcfef4589678
4d33a3e33084b88a625a,bf242e1b02181e01af024104,neg_cities,187,Kayseri,primary,reversed,1,test,6f4f35e2b5f405f250662269b38a25db3c46a71641595c9c52dbceb906396cfa
30721c8f4cf8a207792f,2a6fff9cf2baccdd94daf2bc,neg_cities,188,Marseille,primary,standard,0,dev,430e5a60a9380d5beb706a05e8381e53617edeca99021bda4585ccd103399b9d
897b009b0c2d142b40e5,ae5d02825221c114c25e8fe8,neg_cities,189,Marseille,primary,reversed,1,dev,ae56c679b0bf8bccbf6492d859b4b506565e87442a42b2425ee2a37369295882
09e188227e2cfba46cd9,65af05dbb43e27dc05b37a18,neg_cities,190,Lyon,primary,reversed,0,train,2d8b2725997cf05c485d8f2b73e96bc0f882aac93d3f574fd2a9f1fc07ddc71b
4402387af271c1ee6a4d,d283447895200d4c8f548311,neg_cities,191,Lyon,primary,standard,1,train,022f72dfd567e22350300e6df8d540ad0034a7cd55f261a6967b00c0307a7e6b
dd785558cc99f9bc17f6,fd0dbf828a23b5d0d90edb4f,neg_cities,192,Suez,primary,standard,0,train,3098cdaf2996f1806f448d5e83464287b89f3d628f36c3974a1f5d9ac3f56203
dc5f2aeb5644d8a78b7a,aa38087cabb140c6b2fd0946,neg_cities,193,Suez,primary,reversed,1,train,0925c9429016647ae6cecc2ff59d41c02d5ef2ab1e8ac3ad2123dbb4e90586b2
97a7a3796d97738b8477,a551734c9a91a69e4308d3e2,neg_cities,194,Giza,primary,standard,0,dev,595a64aa7e63b4677aa8e95a193b4ede976e016b99afb2204189d7c4996f63d4
0538ad5d48d8510484b8,cbef0329e2ccb7d87aa02e66,neg_cities,195,Giza,primary,standard,1,dev,f1351091a2ef43e3eceaa4b2db6f6720f9fe0e0cac632d484baef33d1d5038c8
2be8a4e4d90705abfe1e,e0d189034473370e0bffe0a0,neg_cities,196,Naberezhnyye Chelny,primary,standard,0,test,7a9fca566076d20513e1f4780a1962ac0d7ac0086fbf9f7fe58afcf45cf5da3c
1195e8eb97c61b199dd6,acff8ac130de2a0cea5b552d,neg_cities,197,Naberezhnyye Chelny,primary,standard,1,test,5a9fd63be7818cdc1d16f7c6bf7d85f052a58b60ab4f4312f3032c5850905181
4db96873ef305efa8284,034bfaf8e59f49a764795687,neg_cities,198,Mukalla,primary,reversed,0,train,f1f757e51f68ceac79946107060429c66014bff1052f70c20e66345750c940bd
8c313f8a7d1b4fde1d68,ca42d878764242b3c225f9f2,neg_cities,199,Mukalla,primary,standard,1,train,7674127af51ab7d3e2b0abdbbde4ccc72f4404eafd6d66b09bc67a3f7d2df9dc
187da5795956410d5584,56e644c8f199803806dd81d3,neg_cities,200,Harare,primary,reversed,0,train,75bf3f4a669551eb219acff84ddf4c4bebcbc7cad74e0e1dd4b3c87467271491
58bb300588e16a502966,8f7419975ea20aafbca2ed17,neg_cities,201,Harare,primary,standard,1,train,86c2b9f3d9afd38f48e080027b43a6a0999d9750aa564c3ef8eccd371b74bbf3
7dd16e7454c62243c0b9,32973680ec8a3754269a60a5,neg_cities,202,Sevastopol,primary,reversed,0,train,73d062b39335a10d584b7914ab8eaf7e6e4791b9322a0f0bfd9d6a7a6c67edb7
c095dc9fbf4ae0cab09e,183159e77e1a822775e3f877,neg_cities,203,Sevastopol,primary,standard,1,train,ad155fd8fcb388450f566d617e243c7b7aa089955029fdc2ada4fb0bd49e1646
917bc0397c360a240606,c1e525461ff32aff225f10a1,neg_cities,204,Lipetsk,primary,standard,0,train,e9d1d0653a32af93eff74c2303df61ced2c02e22ef12c832accf77288ea5409a
d0c985c069f86333ad43,496d49bbb024c9c62b62874a,neg_cities,205,Lipetsk,primary,standard,1,train,34632499511ae77e101674fc3bbeef0cd8872bcbbda4fb3a6a2abc43b37eb9e1
aa785ebccb5c3b3a6855,e769b9fed736f8c4a1ccf2fe,neg_cities,206,Istanbul,primary,standard,0,dev,7dd4ed887ad8b4c9bb6615220612cc1d403d602c0496ff6f6b5f6f8ccc26122a
050625a801585ce12982,6cedd001c5e6ddfd19460963,neg_cities,207,Istanbul,primary,reversed,1,dev,682855160527d3c55ee3a5995a5c04424ce5c88f0ffffdf80a014b46fbb47828
33003fac83987a7f3ea0,eeacd97822164ae7123fe3a5,neg_cities,208,Callao,primary,reversed,0,dev,81730eb045333da2c5d07b40eb53415080b8159f0668c7dac6901fd9b95701f8
a4743c48a65b4fa8380e,54eddf423ba90fda93554aec,neg_cities,209,Callao,primary,standard,1,dev,1b6e404ad0f209045b0bbddedb90865c8dfc2ac81a16b14300c076abb083219c
f81ad2adf90dcb1f0768,7d55ab61b2925fd701c51f03,neg_cities,210,Cebu City,primary,standard,0,train,670500f6bb9d58412727524d53f818cfba81f183fc86be0246eccdc532ace313
44cafbe54b11e31e316b,29c2c8b66724c6040b67b408,neg_cities,211,Cebu City,primary,standard,1,train,7971cb7a86de55e121930b8b93226584780ca48656de11963e6d8845dc9f5978
a28d2e9b8da36fdcfcf8,ce97d6d4dfa1975804c6592d,neg_cities,212,Tashkent,primary,reversed,0,train,7f2ad42b0420ec9087c8a50462486120e8e94d12ce972df5840b13dbff0d4e63
1ecf400be875912bf7d6,5e5b684ec3406a81d5a6c3bb,neg_cities,213,Tashkent,primary,standard,1,train,d8da85f192e4d8edf9ef5991797d255a6d35cda721fc4d04a9ed638c70fb2321
d956f99424ca13e73e16,2a3d84948a5434c4abd5bc3c,neg_cities,214,Maturin,primary,standard,0,train,e90a47f13afcb4912d6690a33c4564fc3d51d3905590640f481c000c18fa7d90
6933324fe7202e8a61e8,3c0887443315bb7dc75eed26,neg_cities,215,Maturin,primary,standard,1,train,88cd18a23046b0f79e67a96aaa4ae05ec8e2c98e046e8aa8f88d821469bfaead
4118a40e777066dd18c9,60ff261a3c49c6f873bae5f0,neg_cities,216,Hanoi,primary,reversed,0,test,e26816e75de2116886adbe8c9fe49b179e523fabe05400b00699b6dbec70a044
59b711a89ec0fa66f77a,aef68707489dfcccc7d50771,neg_cities,217,Hanoi,primary,reversed,1,test,dc9c23244fc58fd08a9d7d77d2cf17643c09d3b756883d8d6a78313452200207
8f264237f79c188e83dd,25c8ad7e4134a3b14683a095,neg_cities,218,Xuzhou,primary,standard,0,train,90810b83528cae046821a0fb32d05f4e68a9a24df1655829177bbbf4d7085024
be18582f9c60f4411b1c,70905a8ff942628fa6f5b2d5,neg_cities,219,Xuzhou,primary,standard,1,train,fc462d98ef4b7a61f1d78dc4d43668b1beafedc3bd3502e3998abe9e0da824dd
ca20b651ae8bce068724,c242a4cedeeef91f8e32e41e,neg_cities,220,Cucuta,primary,standard,0,train,f90d7636b8758cfeaa2e1b6ed2df8c8e27664941ed3636f0f4a8ed8ec0431c5d
4072e65ec595798435c2,e27df5314a333ac1d30ba06f,neg_cities,221,Cucuta,primary,reversed,1,train,58fa2a2973037e7732654c4dc9e3c09f62238d76f1118c7adc8e000cc6bd63ff
2fbae01481538d622199,cc79424e90738e5cd1552fb3,neg_cities,222,Santo Domingo Oeste,primary,standard,0,train,fb89b7d328c4480b8884596e26014dd80f2a4f2bdac9045a0aae3c1d7a6ca1c4
e098a6ad8b9831f1db79,f74ad12b0a115410e2efc194,neg_cities,223,Santo Domingo Oeste,primary,reversed,1,train,3822ab3f2c097d0bda8a8a4d9fcba85c2ae09d15487f3f722ea62eeab577dbc3
602f940425eb193709f3,43e9fe976b1f313e986c3192,neg_cities,224,Tangshan,primary,standard,0,train,08a574d6d6fc0261d25c2b6c0b89c1a1f028110103bc4cbe4b6b8a58c061a7fb
a6d755c9e4b812b2a484,267e1a8fc7b90d5a5c55f614,neg_cities,225,Tangshan,primary,reversed,1,train,affff104a4aad7a5225d8703a5527690011c358b60476f4caa0a288c31663962
bf04026c954b92212da7,b4ff17c8f6e7e9a442f040d8,neg_cities,226,Neijiang,primary,standard,0,train,36252a3372f4f61617ecff45878a5a6f6212f2eb7f199c03b4051439f0a6df4c
1e8095fc907529864795,2fd77894adf588c68b61e612,neg_cities,227,Neijiang,primary,standard,1,train,96479b24bfba829152ee0342ef9b4842dc84f824f433ad58a16e03bdd4e6ce9f
f482bc1557b3341ff093,075819a40d18334d9c0351ab,neg_cities,228,Linfen,primary,reversed,0,train,030a7a6bd75d561c4f9a8580bb07cb661781e16517d1cac06fb23a14907d9582
585bc64a7099508917f8,e018da7365ac55b3fe4a92c8,neg_cities,229,Linfen,primary,reversed,1,train,5deffc7c6f746e572dc1432e715611ffedaa94a8bd7edb4a06077b52e823f6fd
c20a060da9e9744e51bf,d8d16c13c04f3cd71541d33d,neg_cities,230,Yiwu,primary,reversed,0,train,e205b78c9ed602e19024a2b1d2bca3d11dab4b7c58f5619ba0d0920dab290daf
93a80adf2573dab128b6,1fa3ad149232a10e89488733,neg_cities,231,Yiwu,primary,standard,1,train,82bea007fe156c360249665091ac1251d3dbef3a4723e46a2cc5fb576e0b473f
6b2aac75b579882a405c,abf64486f1335ef93af2fcd1,neg_cities,232,Qiqihar,primary,reversed,0,test,898bed76e28e0ac1579774d5f5f55402efd1ffd85283cfcdb5025f4b63c370dd
49dd3dab7bb750aa3e06,473e1a18aefb090f5808d996,neg_cities,233,Qiqihar,primary,standard,1,test,98086d0a7c846c85af87ed3ed75278d043f9ddd3689cdc6ef77a6d3c0fe04cc4
6d93cb63cadd048baf7b,8d106154d38bc69c0b7a4b46,neg_cities,234,Baotou,primary,reversed,0,train,99310b23d63aa94ee154bfa326b9b149891d9d4a919a6b8d31a31dded8fc8080
15aa93aecea8b5a7d3d2,75fcd15d7f8f3da492ac1c2d,neg_cities,235,Baotou,primary,reversed,1,train,a14488d6659dcebe11b058d01fd236b6aab9d60ac8012348689212979c05e751
1b481d0a94bf9455e193,065fbb036b5196d41e02bef3,neg_cities,236,Aparecida de Goiania,primary,reversed,0,train,671bc120f5df00af266bdc5fe25968b80e2b0fd87b7b358d88d7340980c2dc95
4387cba8c3d8ec2676bf,cddba9c62a82187fb101d1ae,neg_cities,237,Aparecida de Goiania,primary,reversed,1,train,daa9db3e6d02c75fa5f48d89318757f3ff431ba4ac3d4d0521d882d5b807981e
f992ea95ddcfad8fbe91,aa490f45e27f10fa70309aa2,neg_cities,238,Kinshasa,primary,reversed,0,train,fe85962eb1c5ace389e6532aa29865304d49a4439d2a5c0ab928bbb79ac4d34a
2fd68b9eb84463cc1cff,51e7cf8bb388e9db2869d4ab,neg_cities,239,Kinshasa,primary,reversed,1,train,aba4bcdd2055f40daa3e7727d33d9d026f43d1808af880a19292584a0bed5de5
94cad05892ea337ae500,95501afc9b0280b82dcd1234,neg_cities,240,Ciudad Nezahualcoyotl,primary,standard,0,test,cd9b367e4b12c3d4a2d9a1b7727bdbd025936618b96867e568fca07919eb3522
6a2efa539b61aecc3068,c75eda9b9645fa1ee60c278c,neg_cities,241,Ciudad Nezahualcoyotl,primary,standard,1,test,5f3a63fb5b064c25887f2b69e198e00f69741d80e760b7e6dd1821c1ee92c552
cb8498676957d53af100,4a2ad56fdd1db31843173ab6,neg_cities,242,Mexicali,primary,standard,0,train,1b623a6be3e66317504d54644ea5f3d331d8fe1a6e7828be8fcb8e038270cb09
7bcbcdafc63e58087576,658255f313c3bbaa4c6c5ea2,neg_cities,243,Mexicali,primary,standard,1,train,efe48bfc1f51f333eb12960fa5044d9e687cb61b64f12dda92acdd444bab6b45
46bc1381d7cf6218795f,b02c3407d9f2c26926255609,neg_cities,244,Ciudad Juarez,primary,standard,0,train,f617e53ca2b42f219f27bb35396c5d1f584583740a16e4fd648ecf4d3ee2f716
7b37936f9a1606fffab3,94bf4c0abfab5f5abde8af47,neg_cities,245,Ciudad Juarez,primary,reversed,1,train,b598cd9d9799572ab530cc1861be0eb6e4f453c047694a8c359a40a3c3a57dbf
93c9f16cc51a7375c764,76b6be285a149f110af36f71,neg_cities,246,Kampung Baru Subang,primary,standard,0,train,9f7b67e0ae65a100ed5c61ff0a9643d7000798cad7798b10e5e9232d720a78aa
a5dc4a5560f33fe08b76,960954763ae9e5cec3d4b00e,neg_cities,247,Kampung Baru Subang,primary,reversed,1,train,3931bce5b2094c86817c22f54a4921d57419c189bdb34e666ffe5d6169c11565
792fd9452ea4aa6554a8,cc024810cb2cc05498b9545b,neg_cities,248,Subang Jaya,primary,reversed,0,train,0baee0b68de8096029dce2608db3f3891aa7803fb6c4198cbeed25b6014f59f6
a6aa83046f984d51245b,8793846f4063cf68edf21c59,neg_cities,249,Subang Jaya,primary,standard,1,train,15cf87cc279114ceb716a68117477694d3a1feb71add522bb85bec3cc5c462b5
a8d07ec3cc1720b7ef46,56617baaccdb0fba66c8b4d9,neg_cities,250,Maputo,primary,standard,0,train,72870aff36662cd7a4600420f9029cd0f4f6699f057bcd74535bed0b120a8622
438bae318d02a0d344b6,444d6d085a6e0d295e1a22ba,neg_cities,251,Maputo,primary,standard,1,train,061908c8012db3408057891c58d7406694e58b2a986ed1fef4d9dc3bb9de118c
fecde5952ea2f266699a,01065f73066cd4125f207810,neg_cities,252,Kumamoto,primary,standard,0,train,53dafca8378204a4576bcfdc06249e791e5afc0dcccdc9ee0e9fbb0128377940
1e9b9f70f8a0699a56d1,15b40faba97dfb2ab083b6d9,neg_cities,253,Kumamoto,primary,reversed,1,train,449684345092f9c41ab7ec63555316ea49e025fb848b892199f5d91d64e6cd72
f136bd5a4f57e5dfb898,799a8e10c80e7b48729db4ad,neg_cities,254,Daegu,primary,standard,0,dev,b0204cdd33c2c8b2a5757e6ed2f21d545a974c66b73e832dcc90ec88585efd76
1f574c53381311f019fd,77e47a99e0c5d90e45a8b3d3,neg_cities,255,Daegu,primary,standard,1,dev,50f65399b91b32f7109af56761540250131b4afd5e09daa86eb8165edbe00040
2592e5d0f34c60086009,bc3b5e57ba1d1e16149977e5,neg_cities,256,Vilnius,primary,standard,0,train,6fd0bc2776727aa285bbd161255cd75c19eaeae18b9cf7a152b58c2c7f5d77dd
4a6e6caeed058342d757,fe06e0cd77666a6453c2981d,neg_cities,257,Vilnius,primary,reversed,1,train,38191a66451d3d778cd68bb5b34372bbb19ba03c81ef565a783ba2c53dbb235e
4272081f1ba48a954615,3538cd0c93520811cba6fe56,neg_cities,258,Ranchi,primary,reversed,0,train,51f5e3666a2dce9a5737d10104d53cf1e2866d533eb28b6c16d1f21d968e1623
ac6538ec1d3dc6907db6,56d569983628e51ca0c080c0,neg_cities,259,Ranchi,primary,standard,1,train,7f3c118ced199472d55f297816a970e3b8c2f59046e7c13421cfc11e90f2b3d0
6d0eb0c78273ee2e6258,f437db86ccdc8d0de1e8ebd8,neg_cities,260,Jalandhar,primary,standard,0,train,a17483cc3fd38bad8e916f0e046fb6f0fe01598121d3b0de08cc870c40bf5b41
ed90ed83723980b43af7,e939fd17f28a6e34d93190ab,neg_cities,261,Jalandhar,primary,standard,1,train,720c7dc884353e808934b83905eb0917d2193aa9331e9f16b02cef5ae767cb40
ed748c25303fd09cb10f,3abf0eff1aca93a444c028c6,neg_cities,262,Bhayandar,primary,reversed,0,train,7ed30b3236022c0f1ec11c55fc4b51453cc7f3e14b3213baea824027a42ed589
6349f87664e3210a6158,1cd1d6016b0bac76f3f26fe4,neg_cities,263,Bhayandar,primary,standard,1,train,5ef1ada2aa31bd1e4375c4f8f02e67bf2c35cd307c29de5a8d2008f8c179a325
ad4899d09dc8e92fbc33,0534f238222681df35395d3d,neg_cities,264,Bareilly,primary,standard,0,test,5e4591ad5a9b5fc5ae2d848a4c4867cf717abbc0d02e408def28df4805d651bd
c1d5f9d9eb02a5470fb5,996e1fa5dd5929f96b6a74c7,neg_cities,265,Bareilly,primary,standard,1,test,05f25e2a0c3883d08905fe6aa062f1a7f61c639d117aea5bf1a52460a688f70d
73c2e15f5d35d18d63c2,8419a52573f7a32f37ab1f55,neg_cities,266,Santo Domingo Este,primary,reversed,0,test,a0cd69f9953086d46f3e61816d2fc2a5655d74c8ca46399c2e6e0bc75f8219e3
a03553cbf5ccc5ab98d6,a1d01ca82c0d4ec1e0ba5c84,neg_cities,267,Santo Domingo Este,primary,reversed,1,test,6bdd0f20e6286d5e5b5ce4c67d6ff0ed40dc9829197f29e602622f9fa8d820de
ec30df89f9438e0ffdcd,1558d122d1d9e00c16ae777f,neg_cities,268,Al Fayyum,primary,standard,0,test,f876c685a0a15ac36c2c636727046a6280f6eb0a338435b715962282ed1c2cc3
633daeeeb972d525d3de,8e5155d92caed2c1fbd4e630,neg_cities,269,Al Fayyum,primary,reversed,1,test,b331fc7382d20b585bd3fb7630fa3057446c78f0511feefa93cc36fe8672704d
b13937b81a38741238a8,ef49d7689bffb6f011cc7645,neg_cities,270,Rizhao,primary,standard,0,train,d9a5baf135bb1006d494368f31f8c22e46c45a786922b4d4f69528743c8099ba
de3db21567af21379fd1,35fc4b5524c1b16b947d1753,neg_cities,271,Rizhao,primary,standard,1,train,a46732ffbc8cfad1dfe0d3446ebd6cfb54461e6f819ab4295bfd8295bd76c8ef
025aec8a3163eab99aea,735e33d0ee9aff33129dd807,neg_cities,272,"Mianzhu, Deyang, Sichuan",primary,reversed,0,test,cd923de4c8317190d2f1752c5973ea2ac493beafba8783d0fd79b8b5a99f4e4d
e20f56296b9ef83a459e,153bd3724ccdf8a60c9a803c,neg_cities,273,"Mianzhu, Deyang, Sichuan",primary,standard,1,test,d1ee70cbad7bf1646e4f3039f6432dfd9a91a5dcff4698ae836264fa79f4ed7b
40513d942cf86a0bad54,214b000c0713982b3583c820,neg_cities,274,Jabalpur,primary,standard,0,test,162e5c348d9f993138cb4d0e57b7c59ba24ecc84c6285b1e46b5df809a9fd977
8db2d452527e648b7d95,53f8a2d2bad80144856809fc,neg_cities,275,Jabalpur,primary,standard,1,test,3614b6319d88fbd7717d577bc1fdecbed33b437c3ee22f09a6c5bb91e92f583b
e3eefc74f1b6dbb2230b,b678cf0877f6493cf9ab2398,neg_cities,276,Bilimora,primary,reversed,0,test,9a5778ade9a4eff8fbd340cb962594e3a0e4c0519fa8c857de6b6390087c7698
5c1290356d51a058bd87,0009bde42a5b1dbb329c5f42,neg_cities,277,Bilimora,primary,reversed,1,test,0f7166f97e6c44a99c46bb0bf10e89fb5a9a02116fd0fa17f8f9b6305c7299f5
082b74c2c17cfb107cd6,c3f3e7fdf0c6a0543295a480,neg_cities,278,Accra,primary,reversed,0,train,bd6284adea5ab2346dbaf1cbf8055c97396d409c50f9ef7a173c224c185390a9
9a65a2a41a6c799cadc9,62f9bf933dfb20fcd16bd0fb,neg_cities,279,Accra,primary,reversed,1,train,f13dd733a33ac2661588b6a30016b324d87eb415212c94ee8cb2532c4c6d1d6a
3e08f15e850b0f7c682a,d3dba0eb0f000f6a46e07fbe,neg_cities,280,Bogor,primary,standard,0,dev,a5409257dfe5a542c53534fad329bfced4ea6deb52d811be698c238fe3f5854a
0a0278f7af45851ea133,76df536259dc0afa23741816,neg_cities,281,Bogor,primary,standard,1,dev,e7fa76fffbaa8aa7806d1d8484ec52f379661c76cd5533b73af90bbccd6654d9
b1d8a7180884d7560b3f,4deab8d582027fff42bdcee0,neg_cities,282,Nyala,primary,reversed,0,dev,d44b9f09c824b9878a8384d7dce54d2f860a6b39d93e0fb31d960af96b23ad11
e35576799a47e0c42e23,221dc7480d4ea091a8d041b3,neg_cities,283,Nyala,primary,reversed,1,dev,9e493f95ca559855261e43087a9d23621364cfe11dcc51447b40afee4ea455bc
554ea0784adafd0fb00f,21396772bfbcc77635ac5c42,neg_cities,284,Eskisehir,primary,reversed,0,train,1432cd4851aa93ee030ea189cac897bbbb1654d1c98b60998b0c8d3efd8ce3f5
733878f733f336e1b1be,591627bbc591022eb82b2002,neg_cities,285,Eskisehir,primary,standard,1,train,60dc75621880ed48303a97f76f141ef8a682ba116962ba7955382b891cd6f749
40e3d7ef2d1dcc944247,72a6a683d791f3a15b93c472,neg_cities,286,Antalya,primary,standard,0,test,8790752805d929838fdadb83cf463c80a662059ee4a6ea33558dbf9d4b64af8e
6c384eb726def65a6899,be612650e48319cb343cddf7,neg_cities,287,Antalya,primary,standard,1,test,ac9b95a99fe6e79e37d9a619cadbea372c6c47fc074223309cdd79db841dda50
c1d2e6aa0a68c8e46aac,d9fa043b994d32f5d5cca1d3,neg_cities,288,Dnipro,primary,standard,0,train,bfa670e2920ad2828187ca3ffe930a43593597b4702bff3781595e45667c1633
18f93f2425e7810af367,a31489fedf2d62de4aa030ab,neg_cities,289,Dnipro,primary,reversed,1,train,dfc104b59b11a5ed241c170ca761eecff2ec624dfa7cea14b1a04788452d6af8
6d1f65df4686ee5fafdd,6f35c840da4dec8305c29f9b,neg_cities,290,Khabarovsk,primary,reversed,0,train,4532f945b483fbb67b81a158bb06969e829ad920f55e8581cdbf9150fff54968
ca64b7515e7b23488e51,ff482a6058f7d25f0079d666,neg_cities,291,Khabarovsk,primary,reversed,1,train,b99b9fc96c947a6435b4a64185ecc0ba9e955eaa4a752d9e9ac841807231f763
bd9443ddac9cd636aea0,cb737440995fad05fa3162dd,neg_cities,292,Irkutsk,primary,reversed,0,test,574b40851ebf449a09b97bb1d521e1b6f313442fd5d933af60ec54abfa728d55
9e7d16815f74eb985ab8,d2efe9a5da74345fc3f6cc8c,neg_cities,293,Irkutsk,primary,standard,1,test,76e88a7479ac1d0787fa70058da7d4ed1724eb60742a2a8e7072c65f6c9d5676
738a49b195cb4ab353d7,b6d9933e61425791cb4df2ae,neg_cities,294,Libreville,primary,reversed,0,train,578679269b8316fa2da0d05529627effd1f0ce8f93a149e8392c03671181a56a
c9c24b3235964d5e5785,e417781e7ad49c77f12c6526,neg_cities,295,Libreville,primary,reversed,1,train,eaecea77f69f1168dbaf355f013560ebdeee54b1d0409ca013199306cc7ab799
3443d269641046223537,4ea5657e24447dd9f8c210b5,neg_cities,296,Santiago de los Caballeros,primary,reversed,0,test,c238cef019cf39363e15e56733b30efe4c4df21a900855e21815e1ea06559bfd
36f66630b517c40aa101,6c787b85fdd9851705b04d5e,neg_cities,297,Santiago de los Caballeros,primary,standard,1,test,681b0f3abc02e8eb348d25f10891000371a9211b19da3ed24964e0f13f3f82b1
895807a9cd7445ea32ee,2d8fb6969c26a3d0d53c8c54,neg_cities,298,Algiers,primary,standard,0,train,d1482b35e46726671975b5c7599a477b7a874e6908ae88c9deb846a6c9820a37
e227cca6c318e1b03636,c187d7379f9089e9855c7fab,neg_cities,299,Algiers,primary,standard,1,train,9fe099c263447060f2d64b2d2860834ff67d52c869cd43c2a13bd0da9bfb0c38
b68bce418e200f4b7d73,dc506c646512fcae8f6d3050,neg_cities,300,Nashik,primary,standard,0,train,7225a2299618fe93f34f9f907494d90112de48ac529d246aa6f575c374b33f00
3806250f05c7028eafc9,ae162255f6726113f42bcd39,neg_cities,301,Nashik,primary,reversed,1,train,8c4a806e7dbb1f7607701cff0eb0dcefd100681b863a1ccbe421d91e3a497d8f
e918e6574377b320f3e8,b443e164f3a45235dd2002fc,neg_cities,302,Karol Bagh,primary,standard,0,test,eb09008e2cb97146e61bf9ed5036ea20ba9f69714fca54452a32645c08321e33
e2e93cdeac7c7ec4aa5d,50d9e7ca77eb985410357c2a,neg_cities,303,Karol Bagh,primary,standard,1,test,19001159a70012d1e9a9c4a82d21752dcde00ab4a1c1f4199e986223077151b5
45829ef22e3f6f74e542,98732249614cb794f7184275,neg_cities,304,Orumiyeh,primary,reversed,0,train,a3c7811a5e8937a1a390ccb3f056ab9c3a7494f03510385de7cd947294abdfc5
b3aab5474f0d6e825b19,1b28d6182f55f7aa93a6ae81,neg_cities,305,Orumiyeh,primary,standard,1,train,27bed0f7e6706e88544624af88ae5d47eaab812fe90f6c67f41c6f366b0990cc
bd1a93be12fec936d3a3,d5d09926212ac88b67cea4c9,neg_cities,306,Zahedan,primary,reversed,0,train,9a0ac598d2785eb4f06e9cc2888db262bf41be2c88befd837806521382b87a13
5fcb26d790f14588ee16,c7cbb2edde5426a0070873a1,neg_cities,307,Zahedan,primary,reversed,1,train,d5d9e5b7c2d369a28579eb959cd17f3d1566c3fb05a2cfb9f877d04fd3d07fef
51a0941b0ba92ad39b2e,7bb2e73f50c1a5da91a8b336,neg_cities,308,Xuchang,primary,reversed,0,train,f78befdd8adb9b637c0a2b931d67de8c1379f96f29db74b16a738e146af86d9a
0193d3cfb637f8aefa7f,8753d4f4a70a0f8febaed14d,neg_cities,309,Xuchang,primary,standard,1,train,114d868ccb6bc33298b90348a3746d1f86537b88f4160d32d7d21fe044601cd1
2ce169568d61e04ecf81,9e46b345632cc4554c7fd316,neg_cities,310,Changde,primary,standard,0,test,d385cf48f70e78ad400626c58dc95dfc47437d218800c7e41e2f8b5b8402bed3
6562f009d3ac9bff3f1a,336f6954654b887848349c8c,neg_cities,311,Changde,primary,reversed,1,test,cf18f63186e605ff8a654459582b9ffc3572afc56749aeb1a8c982ef6f2718db
6f25a7013f824c26e204,8acc0abe91f565a4fce80f55,neg_cities,312,Shaoguan,primary,standard,0,train,cd77ee0ecc92ed4e7deabcb157a1deee719b7dd535d1a731fe6f6ef18df29ea2
0dc4790d00803826e112,a675faa2862cf34ad6b21f31,neg_cities,313,Shaoguan,primary,reversed,1,train,ba76ba86f0d81fb60aceccc287c2569dccc57da407c7d7758b2f4f3553448383
8c91e1a7602a986d4eab,a9e4ef87cce63a66276c17b6,neg_cities,314,Jilin,primary,reversed,0,test,707e5dc52da49a83f348700dc3da55a9df9d725a85c38079db9fa715cf532e37
3f1efb97b90afb1b0377,7ae496bc80f1784f5f9e95e1,neg_cities,315,Jilin,primary,standard,1,test,de7430d4ae02cc598715fc0ddd2c59564c6b8f0262c0ff60f62323bd174fb583
56f70e9ab1bb187e1e6f,3879f4c372e356643466304a,neg_cities,316,Manaus,primary,reversed,0,train,57d81f1ed39cf0b152085b9e78a22dacce5fef25a81084dd849fb42b1c911d18
ff8bded2861e659d77c7,88164ab48e1a29ec613a0778,neg_cities,317,Manaus,primary,reversed,1,train,a4181e4ae9932101394a177d07f68c88983a413397aeae1904ecdaa6de2d5fe9
722d3c0e3af9370d4963,dc896442d9778da37bd49db7,neg_cities,318,Jaboatao dos Guararapes,primary,reversed,0,train,611bc605c4df715c79c60c6a4a8123994e17fce014081eda4a9f74bf6c63eb1f
9b3b817990c8aaaf5af8,5c3bc45dd488af0bb4de048e,neg_cities,319,Jaboatao dos Guararapes,primary,standard,1,train,d29bbf2ae28a565344206c3e6a1f47a96bdc8d15b5b4905b92b2247abf4f94b5
4d9b674cfa5e30c3ade1,3d06058670e087119fe98cff,neg_cities,320,Kakamega,primary,standard,0,dev,822551e7aa42d082134bfee3c562fb7537eb43d98e20bce23f6d0a6a0f6b9161
61a2cbe9e1640249cc9a,bd57b951afac3140932497fd,neg_cities,321,Kakamega,primary,standard,1,dev,05b69ae401131bba060b19fc6853a99effe76bad2515165d639b0e1671dd731d
74b123bf603f81436648,143e1dee63434350a6f4e48e,neg_cities,322,Agadir,primary,standard,0,train,c13beb7f893c625c2d7471a7c1ed227d83c0c0397fe3d36160d0a8ca3b0f32f6
d2fa527fcd417c57b9d1,b29ecc4edae0a05c4cc45c5a,neg_cities,323,Agadir,primary,reversed,1,train,ff3fb886d7a9d4840a86e4994229919acdfeb3ffb5fbf76d56ca8bc8e4a6dc94
e00ece1f056f45d0720d,bbe4b4f7ec2b583b4aa2dd84,neg_cities,324,Ulan Bator,primary,standard,0,test,b5c685f8b5d7368db4f1a0ed0818984383381a4cb131139e337082defd9f3a5c
8adbc7dad542c9f8d2b5,f44249400f134913ec5a2a73,neg_cities,325,Ulan Bator,primary,reversed,1,test,cbe84e4446e0de61e88cbad75e3ef6e8a00abb2039eef652e4b9a7c80b1d90b9
2f616a3bd603ae846241,5800751995817d144c6f98d7,neg_cities,326,Muscat,primary,standard,0,train,4a938a38feedd1e06ba0b982db27520d51e1c977ecbc97cfb035babcb3db84fc
9bfb4395549dccf84cce,e0a2be7b8d4b8b99f388ddd2,neg_cities,327,Muscat,primary,standard,1,train,aa3907f30ae22a23c8706de7ce1cce89e5c0d1df6e017d3f08781739f719b672
8c287acf2815efe9d024,91dac7e31ec31fb657aab2a1,neg_cities,328,Paranaque City,primary,standard,0,train,e4ed11d9446e96b19e119aef78d2dfee0c09d8448b081c650bdbc59651eebf67
07f167c16927e91ae4bb,26c81ddc173dc6a51e031e4e,neg_cities,329,Paranaque City,primary,reversed,1,train,75a77d4bc46ca350c060d6c04b5ee7ccade280c8786e443e262640c264e2bf61
423187df9b5cbddc84a8,bf3b71b959ae2669870ac57f,neg_cities,330,Rahim Yar Khan,primary,reversed,0,test,e38cfc403b95a4c5df583ace6945ebf977954f6ab8345bf5df0ae7ddff208119
fcde48a347294413bc25,88e2cf38a45359a5d43803ab,neg_cities,331,Rahim Yar Khan,primary,reversed,1,test,b2273cdf4d7f9f434c493c7a09945868fc2a7d406528edd1c69f1d6636b6e905
8ee5f0e7ffd4c2a9c8aa,431211d72b56e15ba4df7e04,neg_cities,332,Balikpapan,primary,standard,0,train,8ad45a48617227a3c157f674cb6548dbd5e37aa843b6bbdff9c4438bd47550be
c35a6da06a90cac9b9b5,19ead1bd1ca04104050b2ee4,neg_cities,333,Balikpapan,primary,reversed,1,train,c2255b2f9de155ca6c7a2960e8d5a727ef1b9b6ec3554619ed2519dfe9727211
aecc8e261d1afd6fbfbc,727861633ab446ee487911f1,neg_cities,334,Guarulhos,primary,standard,0,train,27b6c04fa722aea1199f954fc1bba2a83c8066b5a65b0f44bda86bbdb58ca925
39cdb924c14d20148154,7e3800a84e9d19e8450ed263,neg_cities,335,Guarulhos,primary,standard,1,train,39dad5003589e51daefee424687cec511851def4b18d9f461539dd98f5e4fe57
e339df24559056592b80,45a6b4475f7746da2c3a139e,neg_cities,336,Volgograd,primary,reversed,0,train,25362c4f041f3204eecbe07d6a6e90904a6c114fed568b6e7137e7cdbf110fa6
ca87e156e35da2887f15,5fb988b7a34f57a88543aef3,neg_cities,337,Volgograd,primary,reversed,1,train,38944644135323d5feb18a13f5348e86ee3dc06529110bfa18ba3ad13c9c101c
3d6068a9d293a08b2048,a27e026c3e78f2b161bdfb05,neg_cities,338,Ulyanovsk,primary,standard,0,train,0cbe8a882b86cca4e1c15018b6757aad27a9c57f791a0a610e34b6d1a5c7fc91
13ddd52953d20e914e1d,4e12a7e376442b452f94ad14,neg_cities,339,Ulyanovsk,primary,standard,1,train,55b13c883ff7d1acfbb97b601f189da338230b82e8d18dc5048754a2b398ae87
1ed5a00a184dcd1fc124,3654ea9d7a9ce006daf53856,neg_cities,340,Kota Bharu,primary,standard,0,train,c0fe53554921624d5915c2aa5b73da3fbe6b79433bac9d5a8225ef20e14d0ce5
b14bd56982dcb4796eaa,2e0fb673992dfba229344661,neg_cities,341,Kota Bharu,primary,reversed,1,train,53dbd930cf7c658e27bbe92bd1550fb25190da209a901723c93123aef8096bcb
0164c9b6b391e4c01dbc,bce4007fa282aaa4d8a7136c,neg_cities,342,Sarajevo,primary,standard,0,train,e1b851d790bb260285aa80c56ff8acb6d77277b5178309129c274fdf84fe8a5c
b5f88e0bdef1e265bd46,ee26045f5eacb1428c3a934e,neg_cities,343,Sarajevo,primary,reversed,1,train,c2c73527d1b95fb5e01e71d188fff702f4ee631a10f94ebc55785208536940a1
7f99d70a302e5577889d,c5e7a33f062fdea46521d9a9,neg_cities,344,Maceio,primary,reversed,0,dev,8ba06aef30bdfa1d9a13e27af80fdc4093254a069df2a362528682a76e6f7032
b94c49b60457b79e6648,b16680b50c088e5e7349317f,neg_cities,345,Maceio,primary,reversed,1,dev,8e204d74b0ea17dc57999e6565684a07154e4cb4bde6f12dd07aa94bddf1ed7d
f737bf150936c7854ce0,28d06da4bbd212c19ac3c4d5,neg_cities,346,Joao Pessoa,primary,reversed,0,train,94b5de18a964aa3da080f47a274f9d22928e5ba6e8734cb195a081470904a774
e9a815659ad65b6310cf,3ece98c6a676412a46d1a430,neg_cities,347,Joao Pessoa,primary,standard,1,train,27437b1e4bb56da66134c18e7dd25ed202cd3b2a6536e4aceb314e2a7aa46e6e
1ae593fd692e57a39eb8,e905d6c894c7aeefbe685a14,neg_cities,348,Shangqiu,primary,reversed,0,train,6360db2ae63aba558d19967d61141b7c47a7761480366df23965953f3bcaad7c
20c18691c1dc91a91f69,9921c1fef6b9c0b89ad5d949,neg_cities,349,Shangqiu,primary,reversed,1,train,77d7230af1d327f9da541a05f7c6febc1438d39a027b8ee6a2bf63dc95167431
b2c4a244da638da173aa,80de5da247f6985b17c2055d,neg_cities,350,Zhangye,primary,standard,0,dev,4125364cb68f45ec2e8cc68694250e43bd4cd5f47701e9b11292019d574494a7
25e1f3b5dd5bdfa83c88,40449555880491e99e66df89,neg_cities,351,Zhangye,primary,standard,1,dev,653c688162543c6b9cce9aba452c1427c7904de2f7f2dbbd4969974d5e758518
4b08d0b9787350a84e7c,120f303b65dca2a0f7f0f7e4,neg_cities,352,Xuanzhou,primary,reversed,0,dev,0117711700ba6988a9d8f9d1b13a7cc496bba516b9846583106d253b7d7194f7
bb82b66d49a89eb2081b,bb24536044057c17795925cb,neg_cities,353,Xuanzhou,primary,reversed,1,dev,52e3d9ab1347c3781ba9301042ebd322c29a9e3797d1bd77f8064a6b8248b60d
a018f47da6f8398cc60c,dd3ea40f8dc0d2a4d8d73725,neg_cities,354,Wuhan,primary,standard,0,test,13d61a3c209d33fdd3ff32d26ac4119fa66faff8af1c2a745203a35b9d901a9a
39e521c58b94e79dd5bb,32815b00c09da60e1676fe96,neg_cities,355,Wuhan,primary,reversed,1,test,31e3a97333b3cbd073d5f4e958d1de83d0f0c1e50d814940c0ef57a6730dde4f
f82b1ec01f726fd09581,4c9c6977ccd052d115955ec3,neg_cities,356,Nanchang,primary,reversed,0,train,fbd2c08c650c6c3aa7a474d21d7418b8f2895c6a0c9a35d5fb169cee1c8a2d6b
ce6b4cea28749d94b8b3,46814c81afce10e12a7981d0,neg_cities,357,Nanchang,primary,reversed,1,train,d6177200be49f72d4c3faa0500bb4ce6fef6606f191610eac1ac34c94f221fa8
c4f2c609270cc78c566c,b120cf8ac75dd0543c717755,neg_cities,358,Luancheng,primary,reversed,0,train,32bc1ac1abba3bc44c4e6926e94e3ef39c330afd51cee2abd91c242354a4b2e6
5a5c21077db05a64385c,53eee0ec902f83d27d352e41,neg_cities,359,Luancheng,primary,standard,1,train,1bc7804ccca609221767fac465395e43ef37861faa9a49ef5fcfe2e920a8ea48
50dbea1ad1ee544ce314,dbac4928b1023936bee1e581,neg_cities,360,Liuzhou,primary,standard,0,dev,5c1fb35c5759fa0aa05bf90b687fed66ccff1bdb31c604582e034427c9f44cb9
f50e5e4b6d73e1006cf0,df509c5f2216e365b2dc25de,neg_cities,361,Liuzhou,primary,reversed,1,dev,55eda47e5d9891eceed711b5f67a21e2aa1c5b5a3a8b97a7b8d3748e1b77d3d2
bdfd45cafc1f0eb2f2ea,5b13f2f1a8325eb34ca6698d,neg_cities,362,Guangyuan,primary,standard,0,test,6c01dd244bab8ac982a8776eccdaa0aa1b18bacdba5470b4e8a129ba85e1e1b2
8560ef9c4be8d5c0166b,3b9ae46afb8cfb9b574561a7,neg_cities,363,Guangyuan,primary,standard,1,test,9885d5b718940ce1e2c2d78afa33f83e2a3b993c1b3b994712136a2d626603dd
85abd981e0c3a0d7e15b,405050ad1ee7675d2b9e5585,neg_cities,364,Bijie,primary,standard,0,train,f53b388c981b32da0a7334c7797f83ea34390078c78c1540047c8718861c9d7b
8b73aabd2390de6eb26a,3015c2a10bbfbb1ca1271b72,neg_cities,365,Bijie,primary,standard,1,train,89eff47c176286309abee895cee41b8beb94d54523fe62fac7cc2ad5c07d4d08
1577008043be4b3bf675,aab5531f7d0d2c247a953678,neg_cities,366,Zhoushan,primary,reversed,0,train,071713f0fc5bc9e250f12e5f009eafb3d1050aed48d11c4e26508fb01205d002
a11aa6bb8828a8aa896b,0b19f3bdf69b4d0f953b820a,neg_cities,367,Zhoushan,primary,reversed,1,train,38940bafdfc4b4eeb518e07032631c256f280e65ef29737b45155313761eeeaf
770220d1e968aba9320e,3ba353a79f554588687b49bb,neg_cities,368,Hegang,primary,reversed,0,test,2062871071b3d6005341564381369e2d25a254f05678889421766c02ea6901e6
ffd2deebe911af05c34f,fb0a68dd6016a594501d4d7f,neg_cities,369,Hegang,primary,reversed,1,test,1b7b9a7b70b22c03fd742114c5e65cc36dda58546318eb21d7367932a496b9e4
9d91483fd43fa77c21ec,89d20896d0124a5e1cfab235,neg_cities,370,E'zhou,primary,reversed,0,train,5b9dfd1d236001316dee24305caf4b6769c2f39376a99f948827391e6d91c2a0
487d93b7cc0d60efa5fe,8a61bd88626d68a470b9b6a3,neg_cities,371,E'zhou,primary,reversed,1,train,67af2926778d832ec97c89d4b680f35c296a43659c3163931974bd4587adbdf6
59d115e1d237e2927a80,aafbb489e08cf98cb40bbc3d,neg_cities,372,Campos dos Goytacazes,primary,reversed,0,test,932be8fd3572450775ec9d51a836921319d687d8b5ab2ce54d83ff86b12fb78d
ed52e6199958db57c672,2aa9dd9653b2f579ae0820da,neg_cities,373,Campos dos Goytacazes,primary,reversed,1,test,82c7b69be28f36ce725e63cc172562965662dcf57ca768cb1786942d4a5d8b02
84745a3ea599f34f91f5,e39b0d24bebf6b3689051055,neg_cities,374,Bucharest,primary,reversed,0,train,5e0bdb5e5df820d1fa14d5c70f08c8f9b9cd74c46461dfd31f5459cddb9aa64e
7805cb4d6ff59311401a,241b243dd152f4247584cc1a,neg_cities,375,Bucharest,primary,standard,1,train,0f3b4cef85929c2d5c4b3ddb455a15cc1e8f1ede318b8a037bac6c41092f8614
ddef5bee99e7eff99145,7fa60f4fa90211f0fe634008,neg_cities,376,Ansan-si,primary,standard,0,train,1c08f3d6e0e9e7fd8abf03667ec9c29de9bc0aa29e3489fc74a6f09c2c19b6ff
fc5cfa304b49630bced1,49540c5c43a8d429a92d2f3f,neg_cities,377,Ansan-si,primary,standard,1,train,bf8ebd87dc5ecba653afbb9defa02b352af76fb7982431be87461c52d9bd7655
bd220452219c8a744899,9989e9d487c2968d5c7543e0,neg_cities,378,Casablanca,primary,standard,0,test,a291ef24a4e20eb3bf7dcf604e0d8f8680cdd03f850cbf2b69ed9385ff999733
af141c02e9aa31de1dae,9dfe258b9e6c58987fc98c3a,neg_cities,379,Casablanca,primary,standard,1,test,1d91745c8db581522d6201e2afc1ec2bd5811ab05ff4292caf27a8ebebf43a36
843c0d7716616c1b0fe7,3cb9721656693402cabf16a0,neg_cities,380,Coyoacan,primary,reversed,0,train,b8f2821752397254a36562520b0c2fc875964724889ffbf6d8770efc2c223013
e4e4c0b89bbc8328d09f,203e7bf8f05ac87752133cfe,neg_cities,381,Coyoacan,primary,reversed,1,train,1ba62b98becca7aca178c2156440df93ea3441a497ceb444bfcdfcd314f2ca03
a275eb49f36a33c7709b,acd641c6d6a7853dd234585f,neg_cities,382,Oyo,primary,reversed,0,dev,a69c4bae539d7077b789bfee57067529defe573e63a2bcb6ae212ca6a4adbb8e
62565576a0a6d9339047,7e0c6f274ba2f29a3fd85a6a,neg_cities,383,Oyo,primary,reversed,1,dev,e3d5b68b5e5821e8a646df33e4f4b822eb6ea79969961873d6c2fa30947153f5
27363de8f95569b4a313,d8e54e88a62aa085c39c87ed,neg_cities,384,Pasig City,primary,reversed,0,train,fd82684edae9eff593edaeef757619ce635c23886ae712aba22760a01c4d0087
c61a53e3add4d8b7ae04,71a5aa3874c60c9181fba61f,neg_cities,385,Pasig City,primary,reversed,1,train,e97859ac1c24128f94b1b356ec1aa8f5c2fd4c5cf969fb7afd035c0b1743233a
a3a1b67c93ace0f9b27b,2c909f35551ec72a79c0ab0c,neg_cities,386,Kano,primary,reversed,0,train,9bcccc80818c3063f199ab8a59692aad23191045f94970568ed2473f2e96a2ee
47230726a693b3f3e9ec,026dd7607ada11eda8bff0d3,neg_cities,387,Kano,primary,standard,1,train,861c1a0643ad0d0715c39cfd7d5f99cbbc1222a9094b013b45eaa5c9aefe1db3
61f8c4e10b6a76998672,b60b496fd4b7a99121a15d0e,neg_cities,388,Bahawalpur,primary,reversed,0,train,0718195e7ddf0164892ad2ba96c8a4aef3040bd14b04b85075ebfd7e71c8b489
597ea0028b5e5c869571,258d923bbab40844d90678ed,neg_cities,389,Bahawalpur,primary,reversed,1,train,f7d813785e7cb6c352e6ef99329575ee5aaf774dc9c8107d8127e352848d6560
2e25f0c346cf115d47c2,9528dfbf07ae012ebbdd2807,neg_cities,390,New Kingston,primary,reversed,0,train,5bf287da3c2cf103f9d5989a0e01067ad3510f7e392275cd429576bd6c001b77
60b6345e593b2abcb0fb,ec76020d15e268ebc6874f52,neg_cities,391,New Kingston,primary,reversed,1,train,484a313da3aa7ed4964a96b0bc5529e77a11a3632e1e9cdbc606be98316e67d0
cfea175ed11c54637971,0d33cd32394faf3f689a9de6,neg_cities,392,Pyongyang,primary,reversed,0,train,185b7520b8e05b7955f9e8d1cfa21b090cf5fc974a42aed87b1f694eafd305af
e742699d2090f077118c,d6225b56f04a07699e89543c,neg_cities,393,Pyongyang,primary,reversed,1,train,662f5d5cff1b68dd7d9d49113a320c48f16bbd46d7d068e1aa82dbde6a7bc3c0
18f332e674f2b76c07bd,0964dc125f676ce598095156,neg_cities,394,Shymkent,primary,reversed,0,train,b84dc79ea29ecf2f751d0b5bcbca5405dd542cb0313cb7417847dab9a819f7b3
672cc1d107336762df72,77f09ca7a4bec0892f0a4791,neg_cities,395,Shymkent,primary,reversed,1,train,b6f51b120dde6cb957fe29d3ccfbd3f3c56fb684571ed82d82412b59143859f2
950763259d8f0e0055a3,94531ff2e5eb2a16a4c79ca6,neg_cities,396,Tlalpan,primary,standard,0,train,f00cf76828a7ef15a0f03f3f415d8a4fd238108eb0ab77cced5f934ac2d9c576
cfcb6fcedc729a4fec22,3402e1d6bd6afa64e0c0810a,neg_cities,397,Tlalpan,primary,standard,1,train,70c4626b71766a50cb79f4afee91b89c935aeb1c76902ddfedeae7e1e9cbac93
2ef58f82da05271fea05,14cb5cefc503ea93d18fdbc6,neg_cities,398,Kemerovo,primary,standard,0,test,21ba1d90454bbb9b315346028bbafe3371ef7a9239f43f4bd4563fe8c0db0244
c7e04fcac0694c305019,17940f6fe312921218fdcb4a,neg_cities,399,Kemerovo,primary,reversed,1,test,e68008b272ebe259c5b67709b17325bd1d397361eee716e7bbb85cedc1b9342f
9753e1ae2a294e6cbb54,d607ea59706ff91c8d3f9b05,neg_cities,400,Zaporizhzhya,primary,reversed,0,train,c58420728cf2c9950a177f947b3dd95a8b6ee0a14d68678d54fad74afaaf3717
d696986750ffe65ad121,6b9e3e5671c15ff6bee43bad,neg_cities,401,Zaporizhzhya,primary,standard,1,train,59ec87b6c73d414c6ac0bc891e653351f3d384c04fc56ba6ee5cec3c38509c5c
cb5f6203ea74ba2b4d91,0bf3403a0cd87f42a33eb88e,neg_cities,402,Iztapalapa,primary,reversed,0,dev,f1e2a1dc0bb719c6a582655f33adcffb939b013c501039bfdfe5586d04b04382
c238816f7e7edb3a0157,a9bd04b71a651369d1300ccb,neg_cities,403,Iztapalapa,primary,standard,1,dev,1f45a14289ff5e0ea6a2647ac5012cfa44f407444bae480548cd1797b2fc483f
4094e0c98ff061100501,f58a65c2c49fc2547008cf61,neg_cities,404,Aguascalientes,primary,standard,0,dev,3c5853c043bb88cee169d5bcfcc1f7db890fb2afaf2c4de4fa9dd9219172cc74
ecbdfa816d74ab563de7,9d280c4fdfe4a897f756e60e,neg_cities,405,Aguascalientes,primary,reversed,1,dev,0727cd09649688702389b7ff54da5ef903da4a7013d7f469d0ae2c2a493e75ed
bad0644daf0cd66beba2,1a041c2e0ebeec460487e986,neg_cities,406,Kuala Lumpur,primary,reversed,0,train,21dc04830d8e15da5219ff62cd6a7239428eca4219e55c4634f7340aebf7e78f
c2d6b146f014f2c8b5fc,5ac9f7865e41dbfcca1b93f0,neg_cities,407,Kuala Lumpur,primary,reversed,1,train,e1c2c327d140f013d23cc3e3a30ec2a97ceaa1e541befd820586139f32420a0d
732b270db172770db382,2eb06720a86b81e418b25e4b,neg_cities,408,Warri,primary,reversed,0,train,fce952d8702b75fea9e2a44260bd1acef689afc06648812a2217846629fdf2f0
33c1cb05161801d0d7cf,ff5d4594fb1aa22e766e60ac,neg_cities,409,Warri,primary,standard,1,train,884fe45360f1237fcd62896a31c92ca30d4adeee607146a01db8665ef1b48d9e
713890de080b7bad1f30,853e733f5252cb1887580478,neg_cities,410,Peshawar,primary,reversed,0,train,b85cbf92c912f2a98e6617433ae0676f82b769cb3a72a9c5ec26b4ab4a762753
d04575e859daefd093e4,f416e114d4ec459ad545d356,neg_cities,411,Peshawar,primary,reversed,1,train,43642dbb881eaea255c274c1f3b6b8fdf392b9d483b2a6baec9dab762c775cb4
aecdf546dff47e5bfe69,3fbf79a262cfcbb653d1675c,neg_cities,412,Kagoshima,primary,reversed,0,train,416c1ca49f57eff039430366871b9f6d099ca71148c55122a19bc427f7f1762f
fa05877bf1c9d774e16f,80f1f2d2e224d6e7356eb1e2,neg_cities,413,Kagoshima,primary,reversed,1,train,4a4377a76b088eb637e086fca2217ecfbf3885e15da75c955fe2986ecfba1300
3313fb7bad8758681145,c7fd5aeed4c2e442f7a9819e,neg_cities,414,Hamamatsu,primary,standard,0,train,f0a0f9027f7a0e1ad11604207e4b5dba10ef8f99a547e74458bff8ee6db9ee78
c387850b4f2563d5b0d4,9dc6c68d449b8f9a0f995653,neg_cities,415,Hamamatsu,primary,standard,1,train,a1ae72a3f22163c4ef05dec29cf25db8a10fc09bca964a45b42cd1fc654888f7
4853b55c6e4fdb251678,ec7f6e6619c4b38907d7443f,neg_cities,416,Cheongju-si,primary,reversed,0,train,b6158479450ecd657c9ad14a820cf9c1dd0809d53de8fdcfd195c6c60bb0151f
ff59ef2513aca17eaf80,b331076f985f96b285b3c9bc,neg_cities,417,Cheongju-si,primary,reversed,1,train,85756ad76be72c8c3197fac8af72c8806ee91975563315f004bfe2029f5ef9e5
ccfc169aaf78d65a7f1c,55ec92b08eba7e6c84405bd1,neg_cities,418,Ghaziabad,primary,reversed,0,train,fd81dc7d17c2dec77d773f11139d6e3621c2b462e708e244e3b004375145eff1
11a815a248c5057cdfc8,024ff93c3c258131f40e91b9,neg_cities,419,Ghaziabad,primary,reversed,1,train,55852aa5dd8d666d8fe9c7679d75f5a437f354a3384aac8923c880f5d4ced49c
82c9b86f8e0a546065b2,c4ec1283922653c6ab7ed2dd,neg_cities,420,Cochin,primary,reversed,0,train,17ee6757f6a992849c12c6a2898cc87fa8c7f37262ddc63a8a747ab6e9d2f308
e0a8c9c89136958aadb0,c27c13614fece9ad861ca2f3,neg_cities,421,Cochin,primary,standard,1,train,6f912ece555b90c22de999cc5a847c3ebde35f200f1e443970cc4ddd6217c72d
d63ebf5c398be35e64a5,6566b3481956a266c7195011,neg_cities,422,Ahmedabad,primary,standard,0,dev,67d2f1a630f0e7654222ec5a5ea3637c9b6349b3ab02cd8dcf57c1535469e271
3712acab38f736e597eb,91d6ace391df9a7c4d5e0ee9,neg_cities,423,Ahmedabad,primary,standard,1,dev,b0b38d289ad2bccd4413d8443acb82973bd288dbfd774d4f0868c478a0773dfc
ee1456a3e30beb69b757,abb93c4ce3bc7d3259a16310,neg_cities,424,Sulaymaniyah,primary,reversed,0,train,405fabad6a5cf420c687cf2a67270e1bbe37be46639a747f72b7079bf84c96ab
6d15e76b1e097ae80e46,169944c22f2bb3fcc5efcba1,neg_cities,425,Sulaymaniyah,primary,standard,1,train,63941f46f787aa87c64763125c84692b6f4ebf6cac41000cbb013cae8ff2df9c
865d1c7257d2d93a29a6,1b32117172546bb7ee8f9399,neg_cities,426,Hamadan,primary,standard,0,dev,b372e8e2bae1eac85f1f59ab50c713aa47e7e754b33e2d58da49715da8019751
8044a79a8946add93bb7,6cf95565ab0417f1c3035fc3,neg_cities,427,Hamadan,primary,reversed,1,dev,7c4fbbbf401fafd37751534360fff0f1020166b9cd5ce255d90e0a97d1826a85
12281afc224ca5cfb9f7,3826c1135e24e621078ea8a6,neg_cities,428,Omsk,primary,reversed,0,train,6e113dd1e82a3a904a5ed27a5f38a16189c0934a00bc3037a8aab7fb13760eea
8abea318cd589fb45043,4db14175ca0cdab6a92b39e0,neg_cities,429,Omsk,primary,standard,1,train,f7b6f1ffd34f19f10a4a976b1a4c89f83dee0b9c00e8648da4c7e261ea9c5848
a8159c7eafbe963e9bbe,fc9882d3c53d1fe21df89ee6,neg_cities,430,Ta'if,primary,reversed,0,train,c30e751d67e5cb12812d6a998a9ff920c009a70d2a2a4359d43634c64ef9b4eb
d6d3a156eb636cf4382b,4b0cda827af1231e21e76abd,neg_cities,431,Ta'if,primary,reversed,1,train,b3d907278a7778941af2417b0a77a2ca17cae850598afb1798c99655b7126ea5
41ae227b4afc7c9d5b71,e88237ec73ee0da1ff7e2b55,neg_cities,432,Stockholm,primary,standard,0,train,67d8e8070b2c41168de9eda4a75b9d584d8692fdd34492b0c534cb33553822aa
0820b2514ad9fa9652ba,c2fd8e44446f2d63fc644bee,neg_cities,433,Stockholm,primary,reversed,1,train,721afb920e9d7072a5ecc9c8ef81dabf302aa48b4779a4a87b1beffa185f28f1
f8c72e1d1bec0aef5293,36586819294fb00703163f67,neg_cities,434,Siliguri,primary,reversed,0,train,f6305d442d24dfc4ade7fb60e5484c3785f46e9f74d3fd28eebf7a57b1bd896a
11319b55198cdb1f261a,0efae03f33e0bbb19641bb94,neg_cities,435,Siliguri,primary,standard,1,train,d496ed24097feca1ba6260029b77d0f3ba936c7b77c954b502bd0b58349dc833
401a9f6d53b448bb3e52,d3633395849bcf856fe35f39,neg_cities,436,Baghdad,primary,standard,0,train,6364d5e3b03c348f1ddaca0b9b6418fc0778ea5550f9c7fad434a1cc454cceb3
8a1294642ddaaa3577f7,3dbadcc4a4c1df63d2277ae8,neg_cities,437,Baghdad,primary,standard,1,train,cfcf580e0566a643b8d6d3f2cb40c81e4495be76b9599b68304ead676c2dd2ac
47e8d71821946501952f,0ef68ec41b9f65e574e71df8,neg_cities,438,Al Basrah al Qadimah,primary,reversed,0,test,035b60a60d6e14e85ff2be2cf88c0992ecb78d06aeeb571a040767b35c2797fb
b1e30ac0cb702cc5797a,0b05e05be979641e4bdc31ce,neg_cities,439,Al Basrah al Qadimah,primary,reversed,1,test,e505c2241c85d2fc727dc1357be7aa077403374ce0c37b9bd3eb811e860fc63e
6e7acf0444a97a348895,f5f3851e171b927cfd3eb7dc,neg_cities,440,Krakow,primary,reversed,0,test,34317a1087c07509cff4f4bb457d6d9d64033fe61b08da8b2ba8f28925e7fd82
746fbb980f2174858b2c,bfb999a3b7c22f9c40ef3b23,neg_cities,441,Krakow,primary,standard,1,test,d7a51e5691c264eec87325917d8a60e081b96ca269a3eaee42505e5163031b46
2797b3c80b94a86939d0,928a04eb5ad0801f72006651,neg_cities,442,Tolyatti,primary,reversed,0,train,6d17eb79e94f741a579a66976e0b354e633edef876657cfd7f6e1d4d5d87b551
6e4437e647a4330d107a,f04f21adbae27b3b2dedcf51,neg_cities,443,Tolyatti,primary,standard,1,train,c300741cc8f4d3600c2e237f059be284fcb1f9b01c0a692dffe3687f1673a5c2
6cfdb61ae69e6bad1c5b,dd121f53e2c971bcfa00862a,neg_cities,444,Bandar Lampung,primary,standard,0,train,3ae6f73f4b92bfdfb42be513fffa85061ac1d1f513f1eef91980e24949d11eea
ad7b913550c681b5c3a9,df52cff487312013cf7c54f8,neg_cities,445,Bandar Lampung,primary,reversed,1,train,15ca6642fcaf4650b9f3916bbc8a737ee6fbdf274bf875dacc9e0d727ffdefec
5213c20905b0ff9afeee,630a4314c44adbe98cc162e8,neg_cities,446,Tucson,primary,reversed,0,train,4709c04f5e4207ee6b44782963c9df45ff0cd58cd72bb11c9d746e6e1a7d728f
eb19fee1ff191c9ed1e9,756cb6f3b0ac1e2c5fed592b,neg_cities,447,Tucson,primary,reversed,1,train,be516f975d63eedf3c510d3ceb5aeb11ab9e49e0cdf00f0cb7da5c7471f35c40
15c2696e7d8990964ced,7e76f556bf60a2adfd809388,neg_cities,448,Can Tho,primary,standard,0,train,3849fe52a7a7113c04e1392e8efe26291c83980e2df57596a0a94ff91ec3392a
ecaf46c332ce8b553057,025d8a60061970dedeaf21e1,neg_cities,449,Can Tho,primary,reversed,1,train,0d620d1117e9cbf3fca0a5beba59b4f6a01841acbe039c13dd904aff328eb243
fdad36f5fffeb2fdd77f,0a1943f5e3ef2a1a34cf7b87,neg_cities,450,Bouake,primary,standard,0,train,9d60b508a8f362ba603661ba0e3dded3393b6cf556a65870652f29e429dd109b
eb050158e5fb656c189d,d05b351f0b7f69bd2eeb8d3a,neg_cities,451,Bouake,primary,standard,1,train,d7bb00bf01c4689a47c90b89a74436e3b8f5662c2e27a86a4d02a81535a34232
2e26ff173a1417e7127c,2c7dca57ffb93bb181a51875,neg_cities,452,Abobo,primary,standard,0,dev,b68153b0bb5dbeb8c8e1433701b387f89cdb606a7ee81dc53fcb02151cd6b3b0
0d8a6c73959ac0fcc516,47f310965c9d402d59d2eea4,neg_cities,453,Abobo,primary,reversed,1,dev,f425519d2221c36f5585cd45deb97c58d1b8c1b0a9f05ad377a748c49a8c7f91
22883e32cb35a73caebf,d9438f7ce45787bcae3d3eaf,neg_cities,454,Shihezi,primary,reversed,0,train,90dd9b1a7b7aac807c2e8aa302a49c5351647b13da26f051bf687baf571e89c4
5614cff1c5d775f7ecde,af1f7621446ccdff1fe0b15e,neg_cities,455,Shihezi,primary,standard,1,train,df43305101be8f87a010b9a8c76f67bcd057695fc39ccd19942149de98cd01b1
3f68e6e6dcb9dd7fadb7,4043b6e53f6d1252c6231e4d,neg_cities,456,Yunfu,primary,reversed,0,train,a136ef0e7d7dceec3bd02893782a069f502d173d5bc44f0c6c8defc8d3c51999
c4127b6df0ea7e9f782e,9ac2d157a38065aee27ac178,neg_cities,457,Yunfu,primary,standard,1,train,a106eb58647cdeb19ebad932992f0b637baae9b8a74cc8713564b03017d84b08
9136260027bcbdd7936d,771f89ecc087897691da4f9e,neg_cities,458,Xiangtan,primary,reversed,0,train,018bebd56aa695ad7a706dc92b22ef098b824a97a00b5b14ff2d4b4a4ce3990a
47628cb0abd5b1e43474,363a7746f8c28c80c90a8f00,neg_cities,459,Xiangtan,primary,reversed,1,train,eaff65bfa30ffc49ae56e13ab2ded16800b9dbe7e2fdf7f3abafd92fadfcc43e
c5d797707b38863afa66,6734cd2db9c9224583d81728,neg_cities,460,Qionghai,primary,standard,0,train,7a540c73a91397b7d50a822d5b017e512236c65bae416eca0522edc502f58b42
464820a0ba1461338504,bc6892cecfb43e8d2a76a9d0,neg_cities,461,Qionghai,primary,reversed,1,train,847c2d2653e400a1039e47d08902ad438cf0b474141e9f81adc90716f680a479
92deb24255e09908d23a,6ee5608435e2ccc4a4ab85c4,neg_cities,462,Chuzhou,primary,standard,0,test,018ab5a7fa6b9a859cf94fcb275c2244b01523ab4b63456f83f944c82ae06dc4
47fa11f10f5cfcefdf72,135709c64c4dd74f18f64241,neg_cities,463,Chuzhou,primary,standard,1,test,87930f77819d2911a82896e562a696eec0e6a54f1202df2bd2f706663ca28ede
589977f6ce1c8c33b190,af0a045642259ccccad83397,neg_cities,464,Taiz,primary,reversed,0,test,8130e88c09aace87dba62c466fae352a9568250d28f423ee67faa824c185a45d
0c4334a652a52c9fc28d,419be55a0d41654066edda85,neg_cities,465,Taiz,primary,standard,1,test,5efd9681afcbe5eee1c70a2d807d917e3308eae4ce851ae0b950b8cde11ea7f4
b94a134e2251b0adfcd5,3adb14021dd93cc403dc8ae6,neg_cities,466,Tembisa,primary,standard,0,train,e5d2c2a245d96e0b127016e678165b92fa83a274da0e210d4a10994f858077be
e40c72cd7856d0275712,aa5af827a5e838fafa19b4de,neg_cities,467,Tembisa,primary,standard,1,train,39330cbf92fd4852516f4d28acf456a23e473e747067427065e20caacf2f2057
cf8139df52ef37fd76bf,644cf4557e528dad90529e75,neg_cities,468,Puente Alto,primary,reversed,0,train,350389018e7afbb64e58e796077827ffcad03122806fed101d33121006cc5669
81a473e1d10a8ffd728e,1b2cdf2f3b2ae8bd11691359,neg_cities,469,Puente Alto,primary,reversed,1,train,a0615459a0f426e6800fb94a2c6aa75d9b1ff102a19db277db7eeb84922ff09f
92dfc204d82b3f743ce0,07c284152f67d379112f438d,neg_cities,470,Zhumadian,primary,standard,0,dev,1f9ee8544f5107f70e4112bf18465a9fa528569bd49e2568f6d15e9a5508cd91
6bdbcbb1ca935368722b,0d4ab75a312ea14fd6289b66,neg_cities,471,Zhumadian,primary,reversed,1,dev,0647efc0e7a90924ab2e5298070b185bc018b9d565e70072cee866dba503bb66
99c16c22d107cc5285ed,a27f03734ee7ec254684c3a0,neg_cities,472,Zhengzhou,primary,standard,0,train,48f61701808b89d4a101e52101b44ddff134c28ec7f9b88885eab02289aa2b21
0cebf93d1f5a92d32f02,b8d55f9118c9d925842193e0,neg_cities,473,Zhengzhou,primary,reversed,1,train,fd9b5edd6fe8c56eb92dfae98a72f8813e2a7f53d15b0bb3e02ad19d92411ccf
4bc3c109d6e47d83d6fa,e5e4a9b37b6b6a3746ace8fc,neg_cities,474,Ya'an,primary,standard,0,train,6730f9875f04de09aba16f86206a5a3f2a26cdb569baf661821454466d79341a
a8725546dab241c16b60,4cea1e51c419e775631bb888,neg_cities,475,Ya'an,primary,standard,1,train,89aba10c21b69e948b175c098477dddc02ca4167a797ea5383005fd93815b0fc
c09c1b0088dd1a7d1010,9b73ad4e1d7feded9af83cd8,neg_cities,476,Xianyang,primary,reversed,0,train,4a38805e8b86d265c85c91d9e7259a3376126860f73e20b3813eb870f205f6f7
85a41e08d345b26f2ce7,1cbe0d75054848b2d87a5557,neg_cities,477,Xianyang,primary,reversed,1,train,a787b7a102fdc815ffb4dcae2282a783f774da6b2652410c4cb54984ebde3fd0
0fbf6aff74da1edd6106,72cb157de459e372f309de2d,neg_cities,478,Weihai,primary,standard,0,train,a7506590c17d1676711cc9d19182423f03f8e41b717bdb7405e28878ff051c5f
f3ec2e267f9f3b2374b3,0134c267b1fca7cd8df804a4,neg_cities,479,Weihai,primary,standard,1,train,c4f4b8211f610f996691393646224b6d7749cb8099aa676089b18fbff7600d76
411b6f5b2e8ee5a77581,be95e9fb1ec3dca6c15cdfdc,neg_cities,480,Pingdingshan,primary,standard,0,test,a71d9487f58230b18dd4eb15a39be2f2b4ac0a15476a7c9412c4b8f4a143e1a3
23bc104e74cd4f4552df,ed6fb1b95523fd22fceafa03,neg_cities,481,Pingdingshan,primary,reversed,1,test,61af1e7bbc551850f943ecbe0d8fe5bc5038fbe47685655f32b6b550e2cf93eb
0aead283541006db748a,df9875eb3432c2beaccb8a19,neg_cities,482,Bengbu,primary,standard,0,test,45d2055eb1421cd94425f6377ffde546265ee107359bf02d21ce76a7e23e07f9
24d5c921a62b39a8243f,b0c27761b56fdd5949e42ec9,neg_cities,483,Bengbu,primary,standard,1,test,6139cbc00beb47d6eb4287e8d055c02917e6c4f396da4d23bb3f7635d89b9d32
dcd6b0da1afc126a4ac3,93dab518a8a36678044b5287,neg_cities,484,Zhangjiakou,primary,standard,0,dev,7658ee9d49c8db0548a8663ee247d47a7180a7c12c9f33fd6e0797d23a3121e1
c3b893f3baea8d0a1249,013d60bb03cc546dba1a6a18,neg_cities,485,Zhangjiakou,primary,reversed,1,dev,1c2d37dbb0f68a180c143ecade6662b109504218045dfe97f78d49d4534b9367
7c90802851e43edc65dc,de6a1331e59c7eb9848ce36b,neg_cities,486,Mississauga,primary,standard,0,dev,6961de26e3ea329a62ca27a3404af560ec8712f41e0886e091ae195832fda49b
8606747a3b93dd26f013,cd0abc4e90143b7d0f3c651d,neg_cities,487,Mississauga,primary,reversed,1,dev,b018f076c184473e3b4450617b3e60b6371353fd8007fbe0492e60b0d51f0c0c
84edc0f0eab10e564257,19946a032508ed0e41736f5b,neg_cities,488,Yerevan,primary,standard,0,dev,4169952d7005b00e69b3d9839d69ebb461a67c685da7dffa6c74196d7414ba73
fed444775f18256faca9,895252eb2d6247c1d6ee4566,neg_cities,489,Yerevan,primary,standard,1,dev,ccdfc32e64fbdf2042df385f9280c392adc19fe925d68cf5cf8bb79175992c39
a8cab25b8ba736deb41d,8d716a892b04bafbde5dcb5e,neg_cities,490,Albuquerque,primary,standard,0,dev,30a2b278643291a2c813f2eb47e647d25b2576c9a8220c10454a23d7a3416363
c9d6504ef12993e9be0b,1b28874feaf5eb3bd4a844ac,neg_cities,491,Albuquerque,primary,standard,1,dev,9659d57e9ca12b284d256aeac6eefca7de61ead3be592944e519b9b88fbcaadf
2c67022394319ae0d9c7,9c09bf34b65da77e1f61cae1,neg_cities,492,New South Memphis,primary,standard,0,test,4c7516b766ba74b53c00d04dfd5158fc8e5e3b6f020f62bcc39fd94052e2708c
0d47cb471bbe4ce43a3b,5493bd620ea4066255c874b9,neg_cities,493,New South Memphis,primary,standard,1,test,425d53c843041153a0f432f4ee39f88858e499aed3d090816822326ef4467ece
7b7c64f2f47eab7e4f85,a3333a25821c614c35529c40,neg_cities,494,Calgary,primary,reversed,0,train,bafef977bd51730bdd7740be22ed9166d03620f432c87cdbdf6819ba12e8467b
cbe9cecf15b7e7e7a3d9,8b4eb59981d7bcde1fad7960,neg_cities,495,Calgary,primary,standard,1,train,b9cfd6e3f0bd05f57cbb202d81c863f398cb798fef4593dd7d2abb25864af447
f0ebd6d3e27db581b92a,471028d6b2b6028874d5d8e2,neg_cities,496,Kisangani,primary,standard,0,train,bd9fa8e084ffab0f288cfe0091fd306e63c21997901d6569da07a3c1859f0e6b
7fdb136d1dc1e36413a9,df7b700c8dadb5753c5719f2,neg_cities,497,Kisangani,primary,standard,1,train,a10e5bf3bbdd879fcfc472cd171a3efb69af403aa66cb637cde63eaf3e6db408
dae93bc5db1bbfffb5b6,e603c63b0e59e7ccfe19d157,neg_cities,498,Bobo-Dioulasso,primary,standard,0,train,397f2857666e9195e22effd976d100c94569cdf1340808ca5cdfb3bb9a509784
74123b6903d6d0e55f32,a47d424da7caefb3a356e7bb,neg_cities,499,Bobo-Dioulasso,primary,reversed,1,train,b2414f8b62b9a26b8fe695b057f0f98c21284f7e82ba3c7c87f12d557fb04c99
0b66fda5e3276eff39b4,a0cfbfae582e9f6ae5e55d24,neg_cities,500,Sao Jose dos Campos,primary,standard,0,dev,e03580496e5d15a84bf7fae739d81380f08e817ba2dba5ac787e39bbdf0edb31
e93037123d443a9e8e65,699a3e2db676168b8dc9f525,neg_cities,501,Sao Jose dos Campos,primary,reversed,1,dev,5ce759bf7fecb4c8cbbe9d90b92c6b92072ebc66f5dd79e78c9e513c27019335
f1d75165573c874142b3,df10d1c3649cd30f8e22ffed,neg_cities,502,Florianopolis,primary,reversed,0,dev,194f6c43195c9e82b1e7050b05626ef012e1b0cc9ff26d9bb01976ee0b7310a5
325965c37f1da7223c1e,25e494434131f83d82286e3e,neg_cities,503,Florianopolis,primary,reversed,1,dev,731439ec544908d0903a396b1486efa22edbe57e1da0541fc748d341988778f8
09147b91ed402c2a6824,e6f6c60ae19ae6e670e97259,neg_cities,504,Cuiaba,primary,standard,0,test,bb2a4f004dc120b42e65feffd933876148c684b28d3ca41c9eeb127d0c6e7e54
070d8834f702f12eb4e8,8cb8bcbd9c9fc75a19f1f8c4,neg_cities,505,Cuiaba,primary,standard,1,test,07cf00d792bd9ee66aa3f44d118ed7ad04218976c8ac8784eb3ce3652a5e2226
ada8093c4a435a817025,a31216dad71eb66e9f899bb1,neg_cities,506,Chattogram,primary,standard,0,dev,1f0421c98b3ab0c46eac8d8f022e0d48daf3aaf5629c6bdc7d4d709df1158441
5d6977b2a8bccacf66df,8c0d862e429228ac4729c930,neg_cities,507,Chattogram,primary,standard,1,dev,dce31f1b59d46bd47307efaba3cc02b23e6e05fb79103bc73c1b24ea273e643d
bc087152668d4a3265cb,e2d573621287952ee9c6342d,neg_cities,508,Nanjing,primary,standard,0,dev,4cfd3705a82322f1d8ced5be3522e08521af3097ad6ce797c7a6855f5a19ae15
3732aa3fb580c2dc3418,aab7c8b258b90658d3e2e18b,neg_cities,509,Nanjing,primary,reversed,1,dev,2d5ecb109dd2ab6f7632ece67e6dbc46d96cab9f3cbaa142130952c3f1b7335a
4982ba85cc522231df70,f083c4dab2a2eae040247752,neg_cities,510,Kaifeng,primary,reversed,0,dev,e7b1967b238e994dfb53a11253b6f5d70fc42fc4109b8651f853931387e08528
0d7fcfcd3ca114c9a319,d3f7efbb9e0ce1b9fcc41836,neg_cities,511,Kaifeng,primary,reversed,1,dev,ad1d9f8a22e1403d2efd0767b894a6bd56cef8694a9b70d178e8c7dd0e4cdc04
9516c7da4fc4b5fdb4ee,f523d6838515c2803a94df8c,neg_cities,512,Heze,primary,reversed,0,train,0374b124ff8813ee6dab621cc3d72e803b402a8369e1abaaefa46aa1b1fe11cd
046d81c531413a76267e,94d56f03378ecf6b60045ffb,neg_cities,513,Heze,primary,standard,1,train,f3d68842b8f2ecd86e19434be7da99187cf213c578ba3137dc4a109d3458e4ff
c41e67f8db2aeccbe664,4c0cf9555f02852ea266716f,neg_cities,514,Sendai,primary,reversed,0,test,2638804227ee146395e14260eacd74521290c9de41306f53082963c5694bc8df
0f7cd93f2a89de633c23,13c1961fa68c2f2df14ab73f,neg_cities,515,Sendai,primary,standard,1,test,d641297f0a84c0c0d540af03356d6fbb6e3999d1b6f4ac43de61779ad37e2fd9
295fa61d4207a168f1fa,2025b228c995187b366cc767,neg_cities,516,Jeonju,primary,standard,0,dev,d1f734b0ce7fba2377cf7ffa5bb1bd685370e4363cf4d039aa70295024bcd121
6707088ce8c5de2fdaa2,8840611b621a99ec09d28711,neg_cities,517,Jeonju,primary,standard,1,dev,5593d2837b53d4a5266a205cdadaa9b684d95aed3dd83a5d3cd3f52c62d0b6e2
1f153f992b0743c4e484,8c82d2c1e96aeb1ad6d11d2e,neg_cities,518,Almaty,primary,standard,0,dev,2a73daa3d258b25ac41ef1b007d69536b1345fe941fb2e97cb9541b5f95853d2
51a054954322ef8327ab,e205e03698aa5abeca9b2302,neg_cities,519,Almaty,primary,reversed,1,dev,a74db02189dcbdfd875a47425a2b2f2d0da32522765ad85a428a748dbec4f5a9
dd0d9eb44f7ad7222d6b,91ea7ed0d925b0d55cecc681,neg_cities,520,Pimpri,primary,standard,0,train,77dbc0bea90d2da9bbaed57d79d138f8cddae3ae060c840e1a23d183056689e9
d6cba6b6ff116ee18581,b39645d8f5f6c033c25008f3,neg_cities,521,Pimpri,primary,reversed,1,train,7753fe8a9115b543a1dcef23e5f7c24f27c727734846a7b5823278763e067690
41044731cc56e9f843e3,46d7cd3033005898f8ae1dbf,neg_cities,522,Navi Mumbai,primary,reversed,0,dev,85d59ef4b06f9b55dc96196846f5d295e30b0775401ccecb1b4ca7d48533acb6
2d67ce87d966a980f11f,0cfd198f81404608659bc060,neg_cities,523,Navi Mumbai,primary,standard,1,dev,71aec1f8142e15317a8e04b87eb67d631f94fa28aa0f139b149b0fc086451e2a
c68214b088aded3d95d2,162cb1ab1ae7554e7c7d0739,neg_cities,524,Novosibirsk,primary,standard,0,train,0768380d2b827fd155a639ca4e6dc9496fe9a20ef71f30868feb0a5d83ae004a
0ea95dfd17fe16934106,7e5d316e1164cade81dac1f4,neg_cities,525,Novosibirsk,primary,reversed,1,train,dd76e7cabe9bda6dc1fab8d72f8901dbc7f007cd81919ef0d54effc80efcf823
70c4b786507f292fe903,159fe6a70b134ea0bdecc179,neg_cities,526,Goeteborg,primary,standard,0,dev,3481f43fe97cbcad31348c185b791b8209bb4353c6ece48b1943bf06d0b31fc6
d8d96821c1c25ee7446a,76475d23f79cab32e1cd7127,neg_cities,527,Goeteborg,primary,standard,1,dev,2ebaf68b48d5e2d702b7d40a8a86f803d590078c0e3d489c07ab4085298e9c6c
4d7137cb3c0e3a97d71c,4f6eb835ab606cd160451d6a,neg_cities,528,Bursa,primary,reversed,0,train,62e2811f34e996436a01bd00e02b60c11ae95f4e05aa4ca9c571525ea79297b0
f612da0b1ba789f8f6c4,590c7451ddb9964487c5e597,neg_cities,529,Bursa,primary,reversed,1,train,97ce15ecb7f80fb1bef86b1a9a02371192995b0cdf8bea15fcdb141b9673d574
626cf9b1d91b73d362ee,a7de664d1bd646ad2172cf05,neg_cities,530,Dar es Salaam,primary,standard,0,train,85699e6723fb824e466355992feba38bbaeacb6d9d6829fd26750b0d875f2869
5c03d11c412a01986031,95f18cefa7f4e56ae059418a,neg_cities,531,Dar es Salaam,primary,reversed,1,train,32a0d5f4142d84579b0239aeb0de1aa79a1b52cab76e3c63abd3ced9719a4b6c
072bd5f69c262f934c21,634291707476b77f82c77b16,neg_cities,532,Mbuji-Mayi,primary,standard,0,train,25eee80633b32422bf2e5ff02350ed8085f448b266f1ea88faa36127c80bd922
152e667d57cd24c035f1,bd4069f92a5d9ed8da585f24,neg_cities,533,Mbuji-Mayi,primary,reversed,1,train,066376c409afe65f3a14aafbd42a21c175e101b1f31c01aed2e1ebc6f9ef59c1
70e8262f9c1234f0a59a,91939310a04e950d284c6212,neg_cities,534,Goiania,primary,reversed,0,train,ba3330197bb2b6d0e2d2b92957047dc5ed99fceb9819d59b554f3959667abc13
fbf42722b7dc52f17ac0,589579613b4fd6e6b787f86f,neg_cities,535,Goiania,primary,reversed,1,train,cdd07970f7709bf5d9bb89b324751183f465734e0a68b291207e73550a6d2bca
118bc8814f67a70212dd,04a04441797385ead15cb0cf,neg_cities,536,Yaroslavl,primary,standard,0,dev,ac867139cbde520416a233ab1dcc76f6d73dd79ddea3036501a995d757b910a4
bea81a40ed0499b5f801,236fa69de990b185d1424d3a,neg_cities,537,Yaroslavl,primary,reversed,1,dev,0c6a993ea1665628c9c1075d3d0605f2fbe19029ea9bfe30f203d084eca3e7a4
c77ef6c5cc625129abc9,dd5444fa1e4bf28900886d25,neg_cities,538,Kigali,primary,reversed,0,train,48ee6c21eabf7c947d1ee96069a1308d1e06d03517a48fcf189018dfd2532609
ec7c153c5bfb8a3ffc04,c75d9ed4727a06d477970c95,neg_cities,539,Kigali,primary,reversed,1,train,fc491a48fd84dd375cf3bd6f5d73bee1412d22029eb17cc20b7f48bad9fb3202
933e6105f60f5279f0d0,df8c5841975acec6d3a544e4,neg_cities,540,Diyarbakir,primary,reversed,0,dev,435b11de0ca1769c4152fcb45a106b1abccfb97878d6a5c0c958d07d4512d5c9
ef36caa9ef2be2532ccf,e772de821c89b43080f4dc87,neg_cities,541,Diyarbakir,primary,standard,1,dev,32de3edd6a3795f54e1b075e3babc854dae582131043060b25fb07283bb0c52a
15de617e1c1d712c1a4c,be39125afcbb658e36706093,neg_cities,542,Tyumen,primary,standard,0,train,774476e9b0d8c2324fae74fc0aec7b63adb1af830f37c0bd078686d0c50b5fcb
29f3944480cce1b551a5,62cecb0eb2a9d38f02248c61,neg_cities,543,Tyumen,primary,standard,1,train,a6d5f620b6934ed54972c81fc88201942b961780f79dd17dd6c027f74757a579
62b960f33267247aed37,e0a9c30a20c2ec0a700891c6,neg_cities,544,Orenburg,primary,standard,0,dev,a879ae84869ab0fdfcfa8e0a8015c967ade6f8dd9851045bab2515c17cf137b6
2884164bf75a4c80349b,2ac4add2f1944fbae2b4d6d2,neg_cities,545,Orenburg,primary,standard,1,dev,3d3a3caa981db2e780f67f72455d7fc9723f20145f714f21b7c3925e5b09a6b7
653ef40504f3f9ccd4c8,cd8bda558d0ac813ea2ce78d,neg_cities,546,Osaka,primary,standard,0,test,d213acc3b17a96282c2dfe12fcd2127745565c4cbe228ff08a546a14e0c20fb0
80bb7d479348daeb39d1,a942db99a337e9cf94b8f37a,neg_cities,547,Osaka,primary,reversed,1,test,48cc3f440f7083f517ca608381e02a6601a9b3d3f1a9e0b9dab2fb026fcba27b
13fe05d9fed19d925bdd,6bb93c67ed0a523a3a2d626a,neg_cities,548,Sapporo,primary,standard,0,train,8751caa4f0b802f6299cf4c7793517d4150f9161a51b8b2c6f5393dd5f310948
3d7b65a430564bb71e65,5072645b5f252885cdbec81c,neg_cities,549,Sapporo,primary,standard,1,train,f44758a7e797a366e8eaff29d0c5292e57edf1ef40b5ea7cde58256a808f6336
7778a59341959fd1e364,8b541a21d6e21f77650cc4d3,neg_cities,550,Kimhae,primary,standard,0,dev,c03755d34a8489dd9ecc11d5c0059c95dce49465c39baba9c14d773cd6a6b343
ca10cf8fc6ad60081812,4988cf053ffdee167eed54f4,neg_cities,551,Kimhae,primary,standard,1,dev,16847b728dab9335c75c6ac4e747f3ba29332a75d0decf1b544a9299bfac8df4
bf790c40761ab14d17fb,1f1198db396036687e9d4897,neg_cities,552,Cheonan,primary,reversed,0,train,b97fa57b670355085f0e95092bb3fb5bd896f7e4f1d88f52c665381f3f96433b
84a9aefd206a41fd9d8d,e4f744d00f90847ec6813afe,neg_cities,553,Cheonan,primary,standard,1,train,6d356310e96ddcf9937f86e87daa035994c6d2bc4e9d7076a26fe95c59488f57
619cb05c734fff9593c9,95007466eb58ce769fc2dd2a,neg_cities,554,San Luis Potosi,primary,standard,0,dev,cc579df331631eb3902fa077f9fd6c1db25ae7fd84fad3e02163bf86a36bfe43
5aff12ac38c1aa0e8aff,7c161f6eeeb110da04e68b7f,neg_cities,555,San Luis Potosi,primary,reversed,1,dev,17acb36adc828babe6f22ea0f7397095cb6620a29948e5234daf21f24c929a43
edd31f5e15129d9d694d,479c81a28e11930aca0817d7,neg_cities,556,Culiacan,primary,standard,0,train,1a6fd78f9b9050d190e615d54ef22538674429ad4fa986447da8c91e52379535
412cc83057ac74b87fd3,8b435eca790946205d0e2356,neg_cities,557,Culiacan,primary,standard,1,train,5bd57e33608f9853aefe8e2a308e37f99be02a4915a26c324315ce41553fbacb
afb73f4dee07a4e71f5f,ae01a29acd768b5882793a58,neg_cities,558,Kaduna,primary,standard,0,dev,1c28283c7b5fd8d05f51d395058cd369fda86f328a3a9872f6974c7f19419279
ac88bd923e45454d0309,e413fba59d730e5b19a408d3,neg_cities,559,Kaduna,primary,reversed,1,dev,5d75a73c007aa653a51167d5cac81def02cc302cf98407ac569d2a5b00f6c350
ad287c1ac0e7b41c92f1,8ee5f13b6a95116235f69fb3,neg_cities,560,General Santos,primary,reversed,0,train,7c85978c8b7a5e5d4fe479fd0d3976229e9a495273ff276864481c96b3513164
995754fe1c93a8670b99,588d41dff928866cc7f7fbd3,neg_cities,561,General Santos,primary,standard,1,train,7e8bf66230ea247f189d8b7d4b4bf65412f41ce591b32289817ea77131aa4553
7bb6a0742ce2a8db049d,1625716ec392d0d1551da417,neg_cities,562,Ebute Ikorodu,primary,reversed,0,train,e93ee3447eec142d51b142baaf188dd2b76fc920b1c2f4a7a9adf7e3e3278712
58894b3b6e09af0e9c3f,f3e2b9790f5ab5229747a003,neg_cities,563,Ebute Ikorodu,primary,standard,1,train,ecc0a3e4f36a6650bd97fd742411719ab1e85f5c07a0a8a176f285e20ac4568d
6fbf2dd1730559ba362c,406f7e25c68939d641943d7e,neg_cities,564,Benin City,primary,standard,0,train,00b5ebfcde51e99f3bfcb5187e6da8ecab96a98676c69d56ce70441c0da92b64
0eaa2f2bbe22eabe6090,ad23ed70997af1f462c131df,neg_cities,565,Benin City,primary,reversed,1,train,45fd0432cbceca3e756434812c7cbef33779d5e6aa79ba7314a38dc6c22f58d0
3d281b5db88f7a572852,430cd51ee697f4cb9c87cc79,neg_cities,566,Kanpur,primary,standard,0,train,a1f112b11c6e77247903b9e1f10488e565856ed2858bbd40e040709fa87cbe7c
852dc7d76367fe67aed5,37f2ce374c33d2ac2e45c83d,neg_cities,567,Kanpur,primary,reversed,1,train,8dbe1f7cff8428873d3c38101769bfc2ebe0e7edac256042d012bd6ee1908107
d4b8de341f06f1e54271,36b4dbe6af4fe5d4ac754a60,neg_cities,568,Indore,primary,standard,0,test,8cf37aa8d01d37f6dce15403354b8d89b38c96711dc4941b7c49c4dc1458c039
59b8ab9c44e2cadfd0ff,e34d33a87690b7c7e5506f8d,neg_cities,569,Indore,primary,standard,1,test,1f1e425a42ee8cd1c66d9d6178eee1f63f2c260a2bf8ae1baef28c4eccfb7464
b8f854f8ca952d04bf30,6cf0305ca95930e80df1358c,neg_cities,570,Zunyi,primary,reversed,0,test,2b6d54dcc00ab91733528e5c695a270466c4ea8b29860c5fb6ed1de01a5b1aac
c4a708b83f78cbd26fd3,0e114a843d1187ab4ab9ed08,neg_cities,571,Zunyi,primary,reversed,1,test,a8e307b21576b20a9e31a35ee994d61173ef321cb19d4b80cf8490e22ac6205a
20dcf9cf5eb6717123e7,c7749d74c3bb1badba9bb53b,neg_cities,572,Zhanjiang,primary,standard,0,train,e1b5941757cd0a5caf31b2cbd516c5f059a6f4d9c886adbae62122bb32012bff
fa1c988cd21d6685ddf9,a1124d959651337143c179c5,neg_cities,573,Zhanjiang,primary,reversed,1,train,1adf2ceb0fd7a4c68e0b12fa78c21097040943d695ae91c75b320e5e54580654
2abe1e7beed1da869a7a,8a62826d5f81e0c1bf21b8ea,neg_cities,574,Wenzhou,primary,standard,0,train,790b914c78655f3d9eb22a64fccb172947dc21b738a93fe394648c6e072c80e4
4056a240510eac8d0241,c3672cf0bd2787f18bc35c4b,neg_cities,575,Wenzhou,primary,standard,1,train,83a6d889ff6b37a9822db4380d1d3b9b9d608c068d7e680c56aabb9ecb62e9cb
35fce97e5cf3cb5d8e8d,a5f09ef7bfb623a69e705711,neg_cities,576,Luohe,primary,reversed,0,dev,3778cfa5422a7c56d63e5b81396913f379aaf46dc86ae16e7f7a91506c2f93d4
0352469ccb9d1c5f79ba,a0b622ce782b9ada56979589,neg_cities,577,Luohe,primary,standard,1,dev,39830be7b61cf08c658fb5eb59c51779d2f5f1c5febc01f84dbe6e54579f6c54
18acd988bfc3f7b2178f,7841a518cea93602bd28d6d3,neg_cities,578,Kunming,primary,reversed,0,train,03067d52b38140819e869ad116176732a5e234f246ea6cd82c9385ed0e39ef76
cdf5d2d48eb1bcc5b647,32710383f3199a38e36d5bd7,neg_cities,579,Kunming,primary,standard,1,train,bf6be0a37212ea60be5d91c18dbf9c5a3fb078f7cb98357b62b6a4f8aacb1618
9b6b8ef611c2c6048752,448f6bb03ba986fa5bc424cb,neg_cities,580,Cixi,primary,reversed,0,train,5b66a499e8f62a9604e8441459a75ba1233e2ea990d49d2d4a6c3b1749067ec6
abd27d49c9c0632ac5f7,e7f5eaa30be266b4c37487ed,neg_cities,581,Cixi,primary,standard,1,train,80475dd31e1b76167fb90dcfdb2c9eb3f989b1e485b79db48a6e50b7a8e3d172
de3d18045dfe0915bd10,1b9123e244cce59dafdd8110,neg_cities,582,Hanzhong,primary,standard,0,test,b602d04c3a3c602174523dc79695b7d1415dbb0daf87a36e567db7ff52c12ff5
d106d63135d2d78da007,c558c261e49cf8458f30f25c,neg_cities,583,Hanzhong,primary,standard,1,test,a4a9743beeca209b2f28f4cdfbaa34df93577deaf19e83591fe6dfda38e86107
32f94fbed465de723fa8,5ebe454b5a7e865d9b84dbfb,neg_cities,584,Guangzhou,primary,reversed,0,dev,86922c896f15b206ef2ffb7d9892edd0bdf12ee581d3d0e1ec70925e3579a03c
09cb81ade5fe0b3515fe,c8b314d3a6a86f799bae96db,neg_cities,585,Guangzhou,primary,reversed,1,dev,debcab499560a6c5c351ba2ed989ff41d0124fd9226644f061609c4d7a202836
0061238c966c4bb39149,75ca8a4ddbeb80bb4b8267ce,neg_cities,586,Munich,primary,standard,0,test,7dcf86c962ead72f0002beb7a399adc28ec1c4569c24d0bd4735589e7ac71183
54b2766235f0cad509bf,59b4905b5017f4bdf6ef40aa,neg_cities,587,Munich,primary,standard,1,test,486ccf439bcaa0df587c4ba06d159edf806fe1d0def018a1afbccdecb9f597de
01cab4493d0e8cf03f34,af1c5d5304baeb98fc27bf1f,neg_cities,588,Pekanbaru,primary,reversed,0,dev,12738bdb8b2857e537fd6ca925612ce1abd6ea03e46710c89c67edbea38108c2
f47728b7735524e66ed8,9bae3549a55a0f71ab8f7985,neg_cities,589,Pekanbaru,primary,reversed,1,dev,b8952e9e25c296caddf52717489dd6bba5856c5cafc216e98995ed6ea81ad3e8
4743deba48624b4b926c,733767f65a54abe45e9d6ab2,neg_cities,590,Malang,primary,standard,0,train,fea3db442baff0d3a51906f488ef66a50d6a969252c95354c217d80854722476
5db9b28bd1a85fd92971,841d46fbc85a11673db58e2b,neg_cities,591,Malang,primary,reversed,1,train,e82cf00dde7804262fa864e7e78730c90bfd2ff0a210c116b6dbbfb7dc12c334
f0e09327025d91d9c8b4,b1b5b22b79df690c1d7b77af,neg_cities,592,Douala,primary,reversed,0,test,374b0f35bb4ff54ba2c2d7c4b402b13742bdcfa063dbaa6ded630f6f84f4ff7a
29e4c95d420e19b8cea5,a390792fa91c46013c32d41f,neg_cities,593,Douala,primary,reversed,1,test,8bb5f227653d26dba731f491f3c485d8ac6bb0e8e5e970d00fc8b9c8e12fa400
ff6e71ffc5af31314f30,e1c9cf017556e6a3fec0f8a4,neg_cities,594,Kashgar,primary,reversed,0,train,585e405b0906ddf9a60fa5b85b1d086ab48b944af333812bc064137da3ce7475
9a5c56360d0f2592842c,22de49cf5cd419fdcc74eb76,neg_cities,595,Kashgar,primary,standard,1,train,2c218cd027419d5e9e2923e7653a6b68b095fe11eaa631f46d40fb51f86b2083
8558b92e8e975b1e2afc,d1b98b96c7ff416704ea5f3b,neg_cities,596,Zibo,primary,reversed,0,dev,e7c3a71ccf9e59c512c7016fede96973c7dac57425bfa792a764e6426ec0140d
f67884b17df13fb01f13,da38b07084276750495f6125,neg_cities,597,Zibo,primary,reversed,1,dev,bd0ad4e4ef2437d7b397b37d4e292f2ee939efa5ba1594d9ab4f326cc392224d
9c90a0c05ba04b7a4ea2,25db452afa390c2d03edc7f0,neg_cities,598,Tianshui,primary,standard,0,train,bd2be775b98e1ed6033bd0314c96d11bbc2c93e878c0a73ae57df432c5baf4fa
fd6e89f8f1f95a4e6ef4,a98693b06af77ea2c3c404d1,neg_cities,599,Tianshui,primary,standard,1,train,422c9bdab429ea2f19b326db04fb99a7052c1328faebb44ff1c6371c436ea50f
958f5efc419f905a6fed,bc92c026b9050e48f0545e1b,neg_cities,600,Laibin,primary,standard,0,train,6cbd6cbc94518c4eff2e22e58b2f965948cd8d5469d568c79595e6e001349bfa
3b535440b6bb4813cf08,3f02e2146d1ddb173235704c,neg_cities,601,Laibin,primary,reversed,1,train,5286820320ac047052bab4e0b895a7df4e230e69016e21f19d82534caa2fe56b
9ceec3b2bd8212b0ed0f,34a38c91fbe02d1e2dae4356,neg_cities,602,Deyang,primary,reversed,0,train,9198bc3bbeadcc228d36e9e808283d6ccf5f450feb44465dc7b3d9183b83f5bb
529610042a2dfd00b6a9,180cf587108d383a707f096f,neg_cities,603,Deyang,primary,reversed,1,train,6f929d9b050662773478f16f7c21ae3fd4cf1422494531f48718dd282356560f
2b30918c58c8d22178ed,d706a6b670e3658c74bd7c51,neg_cities,604,Teresina,primary,reversed,0,train,e804cba308981f1e28c5a5aa2597fbb50379abd8d0c38e067b61f3b3e96c7cef
5c8ba74eb94984b3f006,ed2f2198c60f82e5f5905954,neg_cities,605,Teresina,primary,reversed,1,train,19678542f6df0c7f75a12b4d4a1c4606f44d76e3118bfd96b19d9775bba2f1a5
c1c5b858f5a2eb22750d,283e52fbabcb79d952011749,neg_cities,606,Leipzig,primary,standard,0,dev,6be8ed51a216d1bb749bb03c247d9217d1649445fe9f15dbb92af4a6d2952422
72decafffcecd26cc050,0b60af0813c0e11ae5ee8b71,neg_cities,607,Leipzig,primary,standard,1,dev,15387b89c6503579925badd1df9f136843d30a3bd9eb74fec89df0095f1f6839
8f2f9f0b38caf53bf3d6,eaf1b4e67b77783f6e7a0668,neg_cities,608,Duesseldorf,primary,standard,0,train,dc8b31e0974bb603e76fd5a9b3b9911c65c58ccf1f7e34c63db761893adcc5f9
2b0a4b0e19b73325909a,eec80b5c49b4dc02bed050f2,neg_cities,609,Duesseldorf,primary,reversed,1,train,9abd20f4b40bfaea45c41b9034927e288dd73036b8d70a9b0d921c1bec539f0d
bf61d1f90a53ef20e892,0633252b20250042c17c60ac,neg_cities,610,Zagreb,primary,reversed,0,test,8f149093eb4b48343a350bf6668f41f2a13c9dd32fcce9caee4346f3fac5d5d7
6dea5d93b9e86284fd98,48c5203e9cdfe95e6aa987fa,neg_cities,611,Zagreb,primary,reversed,1,test,36c529281236cdbc3e89ccac5f337d9d014b0045a58bb444d89c24d985043e71
11f0f52e61f6921fba0f,e3b5760787ccdaf2e964427a,neg_cities,612,Hannover,primary,reversed,0,train,f5dd55b03c393cf8d26e276ff5b3b8d38aa7ef47263cc425653ccd1e3e04021d
21f3d34706200e2a7b14,77cab21d80fad5207f0b4096,neg_cities,613,Hannover,primary,reversed,1,train,1dbd54bb2bdf9190d527d974ef034265ae214ff3c9e6d836776c04a80d8ecd9f
56929c27cb80708d2062,61ed20474248142d8e3f46ff,neg_cities,614,Penza,primary,reversed,0,test,d8e2427e3c54c7be34183a3fa36e127dd66959e8d435f6c23fe28e967561f735
6a39a1095186a495fdd0,d25a0eff18b75a173246a724,neg_cities,615,Penza,primary,reversed,1,test,38c4486a9b30efb9f12dfb2689a7d6ed67c1352b2766f642d47fb55e5277f368
d403e690a2ae1945c7eb,a27f5bf5d3d2f18620d4d6bb,neg_cities,616,Matola,primary,reversed,0,train,f506966c42796ac272fc3c3d8ba051b81512490498dd3dfce11619cfaf54fe32
ba0360e6cbf73366ba75,9ac47fba9efbe1f3493be3aa,neg_cities,617,Matola,primary,reversed,1,train,029070401f8bf959572afcab9bcccc996c78253f22c162787c3bee25e8f32079
b2faa3bd6faff6d74529,d9347399cd2a1b72940e2aee,neg_cities,618,Enugu,primary,reversed,0,train,3ef7a8bdf74bd35e41a33860507c3941421e8f6d2d26c5436317ebda97f20bcf
82b47642f411d2616fb8,607eb03f79519aa1c5ee84fe,neg_cities,619,Enugu,primary,reversed,1,train,8496309f0aa84513e4f8c5fa6c41c7a2fb33f8e24648e27d9126437aba32343c
6ff6d726d66938b53464,8edb87445f846a166cdb219b,neg_cities,620,Shizuoka,primary,standard,0,dev,c7db5aa4b26dc947642ce0f0daf4e48df715a342ca3eb7a0146c366df35646d4
68e3a25f592782ec7d54,fd95a84fac0815749dd0735b,neg_cities,621,Shizuoka,primary,standard,1,dev,46cacf06fed575a6cd2370e030c7b47c1c93e8c71d37f0c037ca50029e6d7666
22fdc7607dc87a0333cc,f5028a75549e7232afd667f2,neg_cities,622,Himeji,primary,reversed,0,train,5f3d6d60ea174f0ab0b63f2876472a93a6b25dbea54bbaef9de71935c72f5690
4b251ecf3b235f7c6599,79d2ad1fd134addf953ff2d1,neg_cities,623,Himeji,primary,standard,1,train,e33eeefdae2608947f76c921e390a744607cbb9e2a8c6dc238a271ae6bffe197
16ec484a4e49bb46d4ea,68b043daf5b25321300d22eb,neg_cities,624,Hamhung,primary,standard,0,train,2734c7488262017e2b1872fba231872e7291ab07b439421920816549fb242d2c
3e98c1b8e1b059f1489f,d15b1df54556c9009906ff3a,neg_cities,625,Hamhung,primary,standard,1,train,193a793da402b5c1a6730531696484c26f549ea4652521b61a453f33e8949871
b5c06a034d19c0b99308,fee50aa1a216b0a915134509,neg_cities,626,Seoul,primary,standard,0,train,7a4fc1fa0c025b7fb67aba72693a22b30ee4e9d45f5921a0d87097eeaff078f4
c97b94c88c963f5f3909,e5294d213bd82dfeaeaa65a9,neg_cities,627,Seoul,primary,standard,1,train,3cb0ee61213de1c09e078cac0eac9ad01cf128303b3556fa4f5bcb4a880c94e0
6d482dafdd608fedfacc,09323ac8deaf2bacb9be7987,neg_cities,628,Meerut,primary,reversed,0,train,0986470f52324c951a273906d08a26c364692946ce785f209bf2a94090952bf5
fbc1774665fe35770b88,76bbc39b755a46baa0ca5620,neg_cities,629,Meerut,primary,reversed,1,train,b8afa5981650bd013caf2f2631656e209e97ea81f13c060acd9db1ce2aa6fbda
2d945070d82892b3abfd,22bc793e73ebd24a229d7f1b,neg_cities,630,Hubli,primary,standard,0,dev,a8bea655c6200aee5d467ae64d2b44e8d36b3f91522671c9f7a1d7145f7bfb27
12dc8ea041558df13ef3,580de6d51c205499db3bc4d9,neg_cities,631,Hubli,primary,standard,1,dev,7473b5b1fc5297e487074ec13b517f359235c459a4cdff54d826242fdf53dee9
27ea299468e96f30c892,b7019144d292204a136c0770,neg_cities,632,Dubai,primary,standard,0,train,c826d4ae82b9731ea3b4fc83e390c7378b62886066e98622a0ce20c75135f5bd
04b2564e358db7e42a70,f9a4df4168a606dd52018416,neg_cities,633,Dubai,primary,reversed,1,train,be9f59d9066bffa31b318638756187c9a3aee6cee87e4b0ddb1a71b573d14f8c
a6945f0c08ac056bbf03,4c870dc4019562024745aaea,neg_cities,634,Astrakhan,primary,reversed,0,dev,e7e8ccab9ff855f536dca15b7f75f515e3b83a86cb4bcb6495f4c0ac578b0f2e
59c67fa1a555ab568ebd,b82d50c83802938ec683b0a3,neg_cities,635,Astrakhan,primary,standard,1,dev,ccfb3b78484ab96e49ad54160ea2d855b85d39f6db835812f5cf98cdaf3325c8
aafd8fee1755f8f96354,0e274e904d82b30287591bda,neg_cities,636,Aleppo,primary,reversed,0,train,e41a1ce18ab86c68a47bcf9891bbbfc1b4d12bf1fe6e599e7138a5061a72ca7f
b908e387c273b6f1b7a6,9a5cf480f5db0c8ab3d9619a,neg_cities,637,Aleppo,primary,standard,1,train,0e389aa5a70b3ffc4772093a11b328293cceec4f1a40d2629de1b3e779f85f6c
bcddda82f6b006740f1d,3bc2a0a3a028f813574b77de,neg_cities,638,Ar Raqqah,primary,standard,0,train,52e0392475eae45a7a9a0688c4493e64aa60c9c9c12c04418c3a3cee66b2c54a
ed3caab614eb31e6b941,0982d0ae685dcde417515b56,neg_cities,639,Ar Raqqah,primary,reversed,1,train,ab607a362fb3f7c661b813983652af274311b3e7d7641bb03ec38407dbfe97a2
de6c126b480fa5db92ff,8ddd2415f6cb67af9cf33db3,neg_cities,640,Saint Petersburg,primary,standard,0,test,3731b73643714b2893fc7a045a2c5b7bb2605ccdba0d3930e6bd0c416f5b96b7
325c7154d1a51b139bef,84e3e187cd46deccbdec7adf,neg_cities,641,Saint Petersburg,primary,reversed,1,test,1c28b9979633dcca796980d0137ca30a75b014a9588e0c5fbc0b25dac0e78e29
80b9c4bbd06e00cb18ea,6dc81aaf82d3fc37b4c25bb9,neg_cities,642,Johannesburg,primary,reversed,0,train,78dcc676e58daf2298c575303864f69b7f61bfbf90fe293e152e61e24e94d43b
9f67a6a779480e5f7b28,7826d589b49a41136f956e7c,neg_cities,643,Johannesburg,primary,reversed,1,train,592b5764afbd9ab7fccbaeb52fe6205775c981ed59550a9e0672826b2c1011f1
62e28fe10747e53fafdc,387eb01c314e21e0a9a69fe3,neg_cities,644,Wanzhou,primary,standard,0,train,7bc6efc5b97fe3ae1db7f7e9a10631b1d1ffaff9a7a1e220a90addd67b0dd0f7
be4a51868f3ad4223582,ceb9e227afd95a4ed62a715e,neg_cities,645,Wanzhou,primary,standard,1,train,401a87f670d58f10604d5719e174e4bfd2f125dfe3b2c88ceaa8093aefdb983b
58f620050f6ccbf88a90,431a29316c23648d21b9e408,neg_cities,646,Anyang,primary,reversed,0,dev,36dcc86f01a71de518ec99edc454d298e1a045e5b1b42e0e6577989ff4e33b5b
f2f8d582c3543532d29a,3dda3e07bda700e76d5d66b1,neg_cities,647,Anyang,primary,reversed,1,dev,c247839646679f00384940cb399a43aabeaa92c7d5b56d4dde864f1645a3c779
729b65d13b368924a0e6,488b026e13eab22e8ff2b550,neg_cities,648,Qinhuangdao,primary,standard,0,test,5ad9dc8940aad8852d9180f2504ad29a5577689be303dce89e3327c32ebcbce5
5ce7e59c532538a7e695,1feb87c3871ed64821d79fc6,neg_cities,649,Qinhuangdao,primary,reversed,1,test,9bf274730c11c736ad91c13303b3147ee4540fe64977fa18ff5a444d7f1cb8f6
861f3432cd296217287f,e068c9ed37d1b197323e2842,neg_cities,650,Meizhou,primary,reversed,0,train,bf7df21ba29ebfeabadb309c677452bc7b43cb4f45ee015f02942a8f6f6cfda4
7e9075b6091b90be9740,cae3a5e3cfe757a28fda96c0,neg_cities,651,Meizhou,primary,reversed,1,train,60be48b30ced623d3ec3c13d556ecb284fe76079ae4f93c5d24fdc289435bcba
aa531e3cf250af6c4098,0323556d6234946ad9e9c16b,neg_cities,652,Yangjiang,primary,standard,0,test,8a2535a9376680759bbba380c2e28ce4929e3f0c06f1346bf8df91160b73066e
ef464fad77a483d76adb,fb2a820f19ca6711197d3a3c,neg_cities,653,Yangjiang,primary,reversed,1,test,f1893f346dbb30ca932618f824201e8120d018cf82911bde96b3abc863433208
8fdc9f7d2d8dd26e8615,1cadf6403c2eb5d55eac3c80,neg_cities,654,Beijing,primary,standard,0,train,734e574764ad8b668ad1de5597c3088e104a5aa3fb6a032788534fc00c73a118
b389d4e7dc5e08e9b707,6fa4393c9cca9f466121faa7,neg_cities,655,Beijing,primary,standard,1,train,17965e537b5f6c0f8cf939aefe82f75e958ecf469941d4bf1fd18cf61bac1576
c712794cd07f476ee783,cb52d4af6fa8e3287f12e68b,neg_cities,656,Shah Alam,primary,reversed,0,train,09c0914d74276f919e47ea73e22e55a0531b4477062459a0d749fe5e53652bb0
6c7b8aecad3b54d3c661,467e3948c8786dc8eb5d0020,neg_cities,657,Shah Alam,primary,standard,1,train,dc0d9cb78a0f1ff95bb618b786c494c72a18175a7c4c1625ede5409dda9ad5b4
9c68a8ac6c92963d3770,c81b2cbd59894f06b9eee990,neg_cities,658,Vadodara,primary,reversed,0,train,310a46dde0ac18098763d3065c7aae876a3804e94b5a32c604b03ebc6d707c74
512c03cb1b2935bd5b90,4bed0e9ad7f624557c84ad4f,neg_cities,659,Vadodara,primary,reversed,1,train,00a41269979941df8214902a182f667a98b9ab671ab06c0f08b46e14053ec245
895c1a5673de842da3ce,4ffe12ed6fab1874dbe2f556,neg_cities,660,Sangli,primary,reversed,0,test,a515b771d59d5e25688357fe347e45e02e844edac50ef7fd198f2ae7877aea2f
33fb9065047638466b90,ae261fbf7c05d2b04648872f,neg_cities,661,Sangli,primary,reversed,1,test,4f6a1d19860b98b96ab5137431a8221fd0ee2d25a91443bc2e5c3009f32327d9
5b635246216916b07dbe,3903fc3016f87906858c1a08,neg_cities,662,Guwahati,primary,standard,0,train,3e4e4965d0d5932aec08a47464821c32d6c2fce109de2cf2b6d1b982465bfc35
b3b4604b1e479e384d50,8271796bf3e5b6bb70225f3b,neg_cities,663,Guwahati,primary,reversed,1,train,8cbfe001fd381ad8aa693aa6e5b20fda02dfb11828587c254c1480c11a383fd9
bed87cb20136bf45c5d6,204d43a2573df2a8ea268bbc,neg_cities,664,Prayagraj,primary,standard,0,train,c5338cbe92f98be1930bbb5d0cf9af104c06ce6f3fc253dbcfe47311cf221347
f234f13e1077495c0fc1,e0f3f66c7da361f471f4374d,neg_cities,665,Prayagraj,primary,reversed,1,train,f308b282f1c7b4ba05f023f983fb65adc0873461197e6e27a99233ea77860195
58c1dd9ac3fc9345a7f9,d6dc3925518fdf7c787174eb,neg_cities,666,Aligarh,primary,standard,0,test,671d81f4570fb102210c59e39a8a4ab86f9b4acd27a08f210ccf39b9ef15c244
54ae596179008842e9c0,efaf68544a24a55b0f719028,neg_cities,667,Aligarh,primary,standard,1,test,2ed4eae24334edde60df0dfc8b0ed58a09b603326dc1a0f1dd9fb064ebaa4cc3
49eaaa57314f3f0196cf,1be1e608155496f873bc2338,neg_cities,668,Kermanshah,primary,reversed,0,test,b8c9b4cc118cf269a9526633bc666d2b4a3ad29e27714ebb5c3c4eaeeb341830
25d49d038581dd182060,cf76d30fe5d6734fa213b274,neg_cities,669,Kermanshah,primary,reversed,1,test,83a5d064b1e3e4f074c986381c149a027a876f85ba822bd7876ced722dbf06cc
1cb11933a13b960d3f5a,ce6ab77e461b25f59abaf953,neg_cities,670,Semarang,primary,standard,0,train,da8711890962f794b0715c15c520b44521927072d18d1a8741757b1258629148
e9bfad71329bfa708be5,0171b207feb2b4829181a7a6,neg_cities,671,Semarang,primary,standard,1,train,fd72e36f590740947efa1d7f4b7b61cbdaa19045588b4a95887edbbf5da2956c
7811fef8f2324d85c0e2,531fcfaf4b8d0f25e08e8d2a,neg_cities,672,Khulna,primary,standard,0,train,cc655f0aa22192a7fe506e28e6d65ad32f1163b50a9ee8676505d6728b7109ad
45290be37c8e540aa2c5,fb258f40629dc8d6ee2024f8,neg_cities,673,Khulna,primary,reversed,1,train,4cee40cda195c9ca5ff15639e75975cdfe41b672818cd23e9f09e856a1061d35
c45822e4889df3f0c35b,938b83fe9382b5eef9fa72e9,neg_cities,674,Korla,primary,reversed,0,train,726c4b8a97bf55e41c4f5ec53741f05a76589ffed5b819ff274b7fccd5549d98
bff39b5492f542516d25,2063b545446706a23cfc8b17,neg_cities,675,Korla,primary,reversed,1,train,7b8748ce8e8536bf9c5c711225c70db8e1e71ef9d30b63408f9926d977a627d7
d5d824c46a29de97399e,a629afe0ed4a73caec05cc96,neg_cities,676,Zaozhuang,primary,standard,0,train,dad7e57c068e1c2bd60c4aaece533350d51d75a9bee8f294a2276d8e22d8fd53
dd10262b7e8700c2c15a,a16f2605e84cf8ae84a8f9b7,neg_cities,677,Zaozhuang,primary,reversed,1,train,b15dc295e3dc5db2a103c0c3ba92f8b02fea7814a7f8bcb7a7d8f5720acbe0b9
818be90157e35d81470a,a03796d4ba1afaeebfe64ca1,neg_cities,678,Xiamen,primary,reversed,0,test,dd0945715bc4fc7d4fe5d239f369bcb8d22f07028f415d1a8e3f57a75056bf14
aae8fb8dedd673b471e3,0e4d9038704dc21e40987be1,neg_cities,679,Xiamen,primary,reversed,1,test,fc86e9bb7148ce809877ad6178078cc02e9959fe69b62c31c43e17d446977349
9408bce364af02538840,f3c2db14ed7ab3377c3ee1b0,neg_cities,680,Shenzhen,primary,standard,0,train,79273a7e639c63828d675a1bd72871fb818fbdb713d130571f3068333121dff1
162eef783b9aa8ee7c81,e3e6dde65a76612a1d8e2b3a,neg_cities,681,Shenzhen,primary,standard,1,train,c41ab04dd594546070fcf0fbac593cc75d8286e2e94e478202f8c2e90ce38612
2a63a98df5c05a64193d,e0c1ca7c17a7195a9fce126d,neg_cities,682,Maoming,primary,standard,0,dev,14aec3a9a015a433a899feec5a36db60592a87f7585aeea414a4fe8dfb67f2c0
5c6f94665382ed669cdd,4983aee2b8117b201e630ca3,neg_cities,683,Maoming,primary,reversed,1,dev,0aca465cf978b63c0e6e3158d5aec38255dc3461c6f6626428ab10177e6d3ae6
b7bdcef72d17b9bf64c8,08248382c5ef284598abc523,neg_cities,684,Anshun,primary,reversed,0,dev,0ac5952a41c10a3aea90f0e955e03cb50ccb216d7f41f70307b167013e4d2805
aec2893bdeb6754de38f,c17f86a4416dde39a5bcdbf0,neg_cities,685,Anshun,primary,standard,1,dev,33390f5cb6125d3a585112ab761af0069a5a2ffb166926ad6510514b81b7aab6
3f47efa782359df46344,b2899c9b0a9b6ff979219363,neg_cities,686,Siping,primary,standard,0,train,7dfe2a216323f1b1e3f82821f7886abfc9ea4a0393dea7cab01a3860c8ab8b40
7eb2c49457accef26b1d,ca1f13413a86a99f1821c64f,neg_cities,687,Siping,primary,reversed,1,train,e65307d25a588a89f6ce9111aefe8600ed0843d3a9623a9471f62e26968faf07
94504ac4b2f706eb01a2,fe9cb10fc5458dabeb47f2c5,neg_cities,688,Shuangyashan,primary,reversed,0,train,b1b523d35a0334db39fe371b00e0e40201f63375d2fc8a551860c0f4a78bfdd5
e582957c3f6456d7c774,2f6a6b668921087d20384de7,neg_cities,689,Shuangyashan,primary,standard,1,train,3a98037a83ea372db68b464c556009772d293a69a6a8c61c32cccfeba17568f0
5a61f826e9bfb42242ea,864c8860bd4a7a433d477517,neg_cities,690,Jiamusi,primary,standard,0,train,08576862d22d0eb1bd8a65cc7996a857b06cfd95eb1733556d3e6f5dcfc46820
8ab205faa0fa8c8932d0,d75dd09ad14f376a952ebd71,neg_cities,691,Jiamusi,primary,standard,1,train,2c2540e564f41fce82868153bb0412c88da9a2a730416a7c2cd121d1ee680f50
e79b75cda68c05827e2b,bb05f0e7d278811a01e7047d,neg_cities,692,Minsk,primary,standard,0,test,4ae67ea203c5f29df6ec412984097071748d93ef95eb23c8b71794a97a6e553f
fc65e2ff4450c7b62165,f52e3ea844412b9f36746535,neg_cities,693,Minsk,primary,reversed,1,test,8ac15a2024c8c47d3460134797b38fc1f44a3370ee7fe52891de3861e0b203cf
d74b2ecb0f13bdfd351d,8af631ace66167f6f2a97f2a,neg_cities,694,Lubumbashi,primary,standard,0,train,6a924166b41904579f15c283ced3f5c1feaf3d89b3383c814eb732f5ee9f0ce5
db6dda0c97819d41cfd2,91578ddef10d369f0a0f8c41,neg_cities,695,Lubumbashi,primary,standard,1,train,edae9c32b9302697ebf47bc28b00962b8e40dfa96c1abd278b8f62e6ab4229ef
f3bed95784346994e241,7f0e09457ec86dede229d192,neg_cities,696,San Miguel de Tucuman,primary,reversed,0,train,5c3b081a3ec9d1dd435fc3ff271f6f8d700e9f1f196bc13204c8b9b4d8b9d652
a81fbebbd4b34a603b4e,d5ccbdbf7f4a8097a935606c,neg_cities,697,San Miguel de Tucuman,primary,standard,1,train,61b18d3303758d7abfa091dcf5dd9c50c3b8d73eaea1e9c5dc5a0a023faeedb8
da8edeea94462dbc3e14,3992c73c6f8c44ac9685e886,neg_cities,698,Cotonou,primary,reversed,0,test,56d3e7dfba5a6af5e3bfb63bff578ec5c143869b5ad659a0bb38390bdda83dd7
ed6d8d53e7fa6e0d7159,d2afa875aa0e612c6218913c,neg_cities,699,Cotonou,primary,standard,1,test,fe36553928ca7da62cd0fd19110656008a22d222691e9b6fdb295d6f533b482e
f26132d4efe8c4ea7c93,8ca334af08c92bee50d04244,neg_cities,700,Comilla,primary,standard,0,test,ee6a6e6e99a19bbd8ae22817ad1be72a88f565e6f9844281625f38fee91e1f50
8040c3b2bdec725461a1,ffbbb348ae42d8227eacf87e,neg_cities,701,Comilla,primary,reversed,1,test,2fce96aa46bec8b2ab042dc4fcbc47ee42d47e4def92ec2be105de73b6533455
a0b429ebf46a2a5fd09b,dc5e65474390ed6d762df727,neg_cities,702,Sao Bernardo do Campo,primary,standard,0,train,5e37adc4c324f804a5f1a0004c95dcee4912d354fe832847c2bcd80ca8976590
520dd69b5d54117d58ff,9f30ba0a7e785788b55fdd06,neg_cities,703,Sao Bernardo do Campo,primary,standard,1,train,d4f440f4e6afe512feb9badce443e0070359ec1fd6c26ed8caea2b14083a2b43
4d5877a13ebc5d1a52e4,e802840e707edc445f6cd20b,neg_cities,704,Feira de Santana,primary,standard,0,train,4a8f44bc49646b818dc1e2ccc60a47e4cb9c22bca8908bf7c271eadb757be445
c78e9926f9e1d6850740,b092589c11dfc27632f7ad20,neg_cities,705,Feira de Santana,primary,standard,1,train,bfe4a68e9cd16baa313c3f48faaccaa46aeed50cf2e915b4ae5b463e73ca20b2
6bdc0db0e47b65f3a1f0,a58db1a10f0d27ab365a50e8,neg_cities,706,Porto Alegre,primary,reversed,0,train,9410c28e6e59364ae7a666afe15b6f5eab6cd0b3d851e9df059e02063d88edab
166645cf07fbe325c59c,73d38ba6075a1e0c0a99b3e0,neg_cities,707,Porto Alegre,primary,reversed,1,train,4bcdc9b79b0c258706ecef9fc8247b65c4b319f1547443bbd592cafaa79e8cc2
f08e1f64b0b31bd8f153,3069077d3e7fb8a9501104a4,neg_cities,708,Juiz de Fora,primary,standard,0,dev,f7d8e885cdef32dbfa126d5cf7536b3f3470f2c65f6f504721bc502dd6286fa8
db161adf017c5fc03eb6,0b8ab969e2e3782da610bf73,neg_cities,709,Juiz de Fora,primary,standard,1,dev,851de50ec9d061716fb7c57daab3a09c58be37ec6058a19f878c6d118571c58e
33aa36407ce09be6ae59,bccc06bd352fb3efe19d0c33,neg_cities,710,Nagoya,primary,standard,0,train,22179a58f8938f0c5749a9152ab827f52199da1fbc594b9f6696a911a6d5ebe3
561f8f5d88d4a1eb2133,56c7a995a5c4c8f0f13f0125,neg_cities,711,Nagoya,primary,standard,1,train,fcca6d4906146addf30c21bfa8d3f8945cc7489180648254044a474107cbc62a
d939bba3326f8a6dd066,89a14239760bf4be4dfbcbd2,neg_cities,712,Al Ahmadi,primary,standard,0,test,fde98bbd7492b90bbdb320088f433037b04e588fc8be4d7d70c2270dbc2c077a
9d5d050435e15c27996d,ff33f969640cfd15048dcde0,neg_cities,713,Al Ahmadi,primary,reversed,1,test,e06ee8194fd0c2e8e0538eb863e04907d609dd98fa7dc9a231a260dfd6e33ac5
88d7049bd157dea41af7,9c341e28a132e33db7d7d749,neg_cities,714,Beirut,primary,reversed,0,test,8ad367f563c02621d403be24b59f26ce862034c12cab5bc32e99e7ba33f9fd4a
9c8e66f32fc9cfa5c3a7,524e47d467c40b561a568698,neg_cities,715,Beirut,primary,reversed,1,test,eb1cd2bf71d0ccf5d1db0d247116c1b837f898a9fbd072e6f95c1472eaa5307a
2b0c56dc7bd1fe637270,ba10eda3e2fc7f97e3d46ab5,neg_cities,716,Lilongwe,primary,reversed,0,dev,73f91c27e0439ec438d2a984a043873a3b223b5ffdeacdd8dc52d95a35bc19e4
aeb0b762fb371f299e12,4d9436eecf15f98d8b901bf9,neg_cities,717,Lilongwe,primary,standard,1,dev,ce0fd7e00e529dea01f7809fd0c1408ab31f352ce5a42707d65e883cfe443afa
0828fd98c57b9aa6cc12,1bcad8444eccd4c122ee5033,neg_cities,718,Ecatepec de Morelos,primary,reversed,0,train,f2e977d5cff1bc59a3d1bae67d89cd2fbebd59dc45f7559e19d469a8d38352ca
df1b0fab212a0d875f47,ea48835a70cfc07a267dc98d,neg_cities,719,Ecatepec de Morelos,primary,standard,1,train,bb27f26b6cf28059c3180f7abdf20f1f0444c9e3ba29eb75453929896bcc6d66
45b55cbeb76c03622609,72b956971320e7d1dfdb4eeb,neg_cities,720,Cancun,primary,reversed,0,train,a2cd8a49a6ebd35c0522a09b54380699aa8cad3628a097bbc9c03c37e11c4320
182a009e963634bb2970,2b747f7b237458ae7642211b,neg_cities,721,Cancun,primary,standard,1,train,92c2f400bb932834e7af011a98f8b7f00c4c333f8fd6634b7a52eb9156a6a786
207a43780aa7609d8b6f,22d82fa3086fe43bbeec9855,neg_cities,722,Isfahan,primary,reversed,0,train,33b1f94eb476db378dae57cf19b04df9362cdfcdafa2b7c047c86ccc75550f26
d69f556e78d93d166059,349220a5f6e985e3a74f938c,neg_cities,723,Isfahan,primary,reversed,1,train,fe778caf4681a9c906fdb023b11910c4a0e169edacf52e724f801e840c9271c6
79e9569ab36ab47e5727,f4c6e9f61ff738fe08f33237,neg_cities,724,Conakry,primary,standard,0,dev,43b57d10cbb669c7a66756b21e8c28f814eb560a9336d4fe2435ce30d30054b7
88bf54c035a88be9486f,b646ba37509533dd7672f562,neg_cities,725,Conakry,primary,standard,1,dev,abc1ce37e7be3aa98d644d129c968415350f45dbf309db7c683107d94e1cb4cc
9f9ebd8a99dcb446f929,ad86d5a955785e13273fa68c,neg_cities,726,Petaling Jaya,primary,reversed,0,train,dc1ce5d46e0b2107990b61365de6caed0cd6404d458c072e6996260bda371ae6
cc381e99ea9dd89ba321,85d807b31fbdb1dcd6eecf87,neg_cities,727,Petaling Jaya,primary,reversed,1,train,b887e9fc9d692471b270ad5cc7cff258ce645736ee31857e1878240f7853da76
a9d43db9fa0394752096,86f88e4cc6132cbdf8306daa,neg_cities,728,Zaria,primary,reversed,0,dev,f435decf0a2d1a661c07196326978174accb138e9a577f851940a113009353d9
93282279c0e56aeea649,1177ebf7204f27ed81bce5c7,neg_cities,729,Zaria,primary,standard,1,dev,423c6b0b2af53472e509242a236f81d82c497571a07fe5fb062ed6beb324b3b8
2cf0d9ee4cd5444d86a6,ae408f69f5927e6db37e3f9c,neg_cities,730,Cimahi,primary,standard,0,train,4ac957f016f41e63c1cc9ea2d4b20bf5656e004af67579341495456c8c884546
df8d183a9dd3b7507177,ca614037e01484cd1767e8e4,neg_cities,731,Cimahi,primary,standard,1,train,4e200b661c82873b0ab1d193426764b5f24220d7554768a9b5e7c72c6a018c18
8cedb7664ca40b8e3eb3,370019e1f681dc6ee39036fd,neg_cities,732,Arequipa,primary,standard,0,train,a4c5e577615878ca829604270d5a7b7b7b42f4116ef8063bd7501aeffce8b3c1
ef720ef27916ce45dd10,a95e4baffae0be239da250f8,neg_cities,733,Arequipa,primary,standard,1,train,c9d64480ba085a11adf73a7847673c910b652716bddbe24d4b2079c6b77c34cd
e52dfa66faedc3678f55,f022cdacd5df6c0786fe6073,neg_cities,734,Multan,primary,reversed,0,train,075b9bedc458f8bfc6e0deae35bbe4d155ee9425e75946f5c3278369ac9be8dc
9f0954457c2df03c30de,b2d17da6bb81300526971d7b,neg_cities,735,Multan,primary,standard,1,train,b61ffec9cbc28a380de6dcee5c7173579e57e39f284fdb498aa52cb0551c9ebe
9c0049343c730d827673,6424490e5aba0d77870acc32,neg_cities,736,Bahcelievler,primary,reversed,0,dev,218e01114f510c77d4ac0e03542f374f83148149744542f820f9764023b4d24c
20df49517fed08042568,20eb2fc65e027945087f33d7,neg_cities,737,Bahcelievler,primary,reversed,1,dev,6ca367d92869c01d31b9e7a0ffa9949bd6c7c334187c5cad6191df945c9113dd
d40e1b270b0d102e9689,65a9fab20ef0f61d22031a52,neg_cities,738,Saratov,primary,reversed,0,test,55c7d34c68b5e6e8a9f3b10976f38f8599f2a72632f8e1b33a7cb6597738f3c1
7f3417fc68c346fc2534,028ef2ad16867083baadf0da,neg_cities,739,Saratov,primary,standard,1,test,20ce182f2e64286ddc038f40ebca1de48dd9269335863ba11d56bb625fd36a70
f54eba20b5d323179d94,12c9486879ccfe808a1456ac,neg_cities,740,Kharkiv,primary,standard,0,test,72b4c3fb4bfb34978b5c9b96121b27cbeee61265c61cbeae59b1cfee71849abd
2d92c8a9db2fcbe06815,89506530224f3fb4b8167886,neg_cities,741,Kharkiv,primary,standard,1,test,30f550f8c9d85427900928296162fe318a5efee585bc5dbc187c3a4070267f17
1fbf9c891795bc2fb031,799d43254139d277157ef4d0,neg_cities,742,Malatya,primary,reversed,0,train,a0e8e5569ac449fdbb04e609a22147e1389a2bae1974e426ebc6c09c2feb8f06
a1cbd73be81c492539d1,bb98645ed541e3e89e74ba07,neg_cities,743,Malatya,primary,standard,1,train,7e3f5b324090e2d2e9dbc9177bc7ed34ab12065ec5e464153e5bced9749680c6
061b50c58db201711bf1,5010a22be0df2108e8b5b11e,neg_cities,744,Lviv,primary,reversed,0,test,fab5db2af20557c312698be28dfcc1ee6d8998945ac480a87d3610cae278dbb0
fbc51deeb6a84bcdb9d1,30d0d1478afd0174bd1b2719,neg_cities,745,Lviv,primary,reversed,1,test,ed2796a6976f607fc9782126071f557a76a6dbb80de56806c5009a6d047090ce
8ff9b08cf7c45e251bd2,435c47a44952087c25ec62b8,neg_cities,746,Kyiv,primary,standard,0,train,aadb495cf5a932e6850190f5780c3768d0eed947f65c884233dc309e0682eabd
87448ed7fff13e0e30eb,33f4fadd9983944cdc12c083,neg_cities,747,Kyiv,primary,standard,1,train,730bcd560e69ae5338b3096e56931ab13781dc91a819e97acac0bf2a712c9e07
f552b84a4b9d7d216798,8379f5661296f98456139c59,neg_cities,748,Kitakyushu,primary,reversed,0,train,8516674a44afb497dd84b7597d53a08c10817815ecd35ffab9daf3ea9241c460
356550ef7480395679a5,f86d62e3244be30974506ff5,neg_cities,749,Kitakyushu,primary,reversed,1,train,00836f132b0dd019c0fe29c764fa339e1f98f7245c628f0ef32a53e7106aa084
1e03f81b2b3e8b3425a9,50ed35c4eca8c2ae2b4b0639,neg_cities,750,Onitsha,primary,reversed,0,train,b8fd0f66894ee85f280938a535ce95122f9c2174f800710bd840819efcca02dc
9ce4cb3e0754102d2aa5,9404452647f59581af35db4c,neg_cities,751,Onitsha,primary,reversed,1,train,02245e3d05f5f8f75149bf5f2d2c09bcd224bca9d1166afa2695f3607d220a5a
f17043bb6c021acc9619,9fb6afe08940341b5ab1d6f7,neg_cities,752,Anyang-si,primary,reversed,0,test,2b7b0428c4f234cbe15c6237aaef46d39291e317cddf6a7ca3539716f78d89ba
d08c5ebc3b5e8eca0965,54a45185143456a230e7d37a,neg_cities,753,Anyang-si,primary,reversed,1,test,adbbfc35adf938607077914ae16b322d2adf5461c177f36977c15b64493b7b58
ba3cc623c700fe29a841,154b131d5105e3378ebd2c1e,neg_cities,754,Kobe,primary,standard,0,test,912605313f6f6f0e6f9b8bb936aec1d4dede015bc61b07c6f8001055c1fe5565
c66bccbd8a9ef3197962,da626e40fb06cc32c84617a9,neg_cities,755,Kobe,primary,reversed,1,test,8c03c8726ebff9e0a91bc3b496f8af1e72e251da011cc30205a4d8f4514d8ef3
14a2484d09bd94f847c0,bd129df11864035e28d509cc,neg_cities,756,Chiclayo,primary,standard,0,train,543b35d84b59db8334734ab6ceccd84141c425f620669ea14896450ea8d2fcf1
1c2afbef349a5e9ba6e1,abe9c826b14a8b6995e68da9,neg_cities,757,Chiclayo,primary,reversed,1,train,a16c60bc2b77d08fe75015db22ac0ba6da78a8c68a169b8dd7e680cbb6041e0b
a9023d3cb1217cf03192,3298776edf3a764c8077259c,neg_cities,758,Phnom Penh,primary,reversed,0,test,93f9d81ed515dcf52de4c800184a937468f14a404050cec820726ade8eae41d3
7a1d7b7a15b8eb2fbe50,e1c4abaeca02a73f3a03bda5,neg_cities,759,Phnom Penh,primary,reversed,1,test,95c75fb031ea851358275de5d210c8dcb67a27bb35fb81e9c4bb94c86c6dd881
1a234b4f4218b084ab6c,70292b4a7e7ba6800dedcc33,neg_cities,760,Nouakchott,primary,standard,0,train,ebe06f5a7917c46ca40acdce2e0d986ae218c50bded0ca3102260bca5564c2aa
e17d8474fcef1f79b29b,bc61f4901e269ce850471404,neg_cities,761,Nouakchott,primary,standard,1,train,474d3a2f15db2f374b27d84f858d115f0e8861e98a6a702d21d6650c347bc823
89583662b5d0ebfa95a5,17c0ffa9ff08923cdaacaef1,neg_cities,762,Vijayawada,primary,standard,0,train,d588b9194e31d39122631156c29ae32a18ab8b06ce825c046c64ea57f9c772d6
ee6388d74ad0ce3460bb,321f6f9df34451dde2243eba,neg_cities,763,Vijayawada,primary,reversed,1,train,cb0678b4f2f0b12f17ce423482437d4c9877baa1371438c5a4dcd13c8498d2b7
e6cb47fce3547d1283a3,41391c3ff7e748faf9b9ac99,neg_cities,764,Theni,primary,reversed,0,train,deb93c165fc4e78f460f331ba82c368f2cf2f952f2e2953c371a50db48a07c36
80a01a2736223d704973,cb01cb6217f40f740026ce35,neg_cities,765,Theni,primary,standard,1,train,2b4e8b9355cf094bc9158e0c7504687fa803fb03488d7cfe6f5231ab149b42b4
955ed7980a2c7f71270c,cad2c4b9b17f75388c3ff811,neg_cities,766,Narela,primary,standard,0,test,eb97b635acc26e3431864185e24c995c4801d322fc761970b1598f25ac3256e3
0f573c9ca4769986857c,722742258f30f13894ccea71,neg_cities,767,Narela,primary,standard,1,test,fa58830fb7822b27c4ada4766578524da31d73664579d0947acb7d3b5e9a2ed4
def6c330b8679818cb12,a47471acbb24372eee2f6fb4,neg_cities,768,Quetta,primary,standard,0,dev,9a41f085f3c2eb04c2f60ff70f9432fc967e2a8d95a642e9439565fe21d124a6
3f2ca8aa4c36fe36e077,abe34443a8d773fa6cea7925,neg_cities,769,Quetta,primary,reversed,1,dev,da55e0a7b979663d64fd271eceaaed89f3c4578d22a28756d7ad38d8d6dbf405
8fe7dadcb0748b22e231,f292ff94c5bfaf32dd2c1ca4,neg_cities,770,Chennai,primary,standard,0,train,1ae8f8fed0754958389cbead624ea20f679923600ab52d0051008e7b02d3c88b
6630518e43b4087f6910,6eb39f31e068caaa9b6502dd,neg_cities,771,Chennai,primary,standard,1,train,e25c308722352dade869757f881e84bab77670c3783d30d4950984c7b1a077f2
e6289efbe55eca1b32f7,bc2c3fe5cf567f502eca0ecb,neg_cities,772,Changshu,primary,reversed,0,train,e197e6433986853641b8ea8534fee9f697dcb6448cc69b81e55600daeb1310be
462c8fab833e34382bc5,62d013bddcbd42ce49f94099,neg_cities,773,Changshu,primary,reversed,1,train,0fa9c09d92d45dfafe787878238ec551ed3f4608683993db07b8ee3bd895cd87
5f23d7562a892b5d460e,916f901c598999b463fd8c35,neg_cities,774,Tehran,primary,reversed,0,test,e104f307aba4bd7de1e3d4f58d64119027207e26f331e91ec4f51cc1df028cfd
a206a2e9dcffb1c41a55,9a01f81f06df07741a050823,neg_cities,775,Tehran,primary,standard,1,test,c0656f74b4f352e058ccc2a8e484171b087fc9e088201b5d8c54465361cb73eb
92d82a2cc459abbc7d86,ab687598aa522fc6c76e86e4,neg_cities,776,Bayannur,primary,reversed,0,train,be7865fc0e3fad1bd455959f81627a4b3e0fb0e0addff313d546e7dd27aafadf
2757d8951dc1f19db529,22f73e0a1ef0646e52fb4546,neg_cities,777,Bayannur,primary,reversed,1,train,37802cbad4f0787e9024d4225687b7d7d5e4e55c9556979867b6f80dc0a3346e
f1cb1b540f9589ec1b76,cf4310d32708b4ee9aae01bc,neg_cities,778,Barranquilla,primary,reversed,0,dev,1d5ee9f072b83aa0c0fe8f23ecafdcb2ed5fbc21e1a1b37598ae606cea0f31d9
5931b068e56c96e64b5b,46d9d5ae3bcbd79954a846ac,neg_cities,779,Barranquilla,primary,standard,1,dev,772f5de95c46e93706d67ac9abd2f5105de461fd480135152cf7c761a0700621
62413663f33f00a5485e,935c9c5f8da32c70340a9c12,neg_cities,780,Budapest,primary,standard,0,dev,74750fe2be815c5b1f4a9db65fea7769f0ec0ce395a9e81ef3607de0673284d9
b4581f8742c9d50e7094,eb30a4bc495ae822a7b435fc,neg_cities,781,Budapest,primary,reversed,1,dev,b480730ba0e0474cca5101d9855d24bc419c502399c746d8993894b6005dc39b
bf62833ccdafed0914e1,52e31932f706142f07969b43,neg_cities,782,Pontianak,primary,standard,0,dev,4b79ad60d283b33340ff5a998d46deccb5241af4b90d4ed48df67e4fff620330
eb7e03a3667081fb51e7,2d5641296c06498f195df950,neg_cities,783,Pontianak,primary,standard,1,dev,361e637fded748acd2b82f695433986896cb8c04df6142f11f2be3658b0db49a
4de056481be4381b93bc,c270d91b86f9958cc1ad1a20,neg_cities,784,Recife,primary,standard,0,train,43bd096a66ed47b83d02d15a9de9a476d5d4be778368b92801bfd41613386e5c
ea01362aefc973b42a65,608023f3931c73365ca43ae5,neg_cities,785,Recife,primary,reversed,1,train,caf19102c5b98f17b88e06a9d72555d67fc9e748ae36e5be0587f15e123d6461
ad41653cc4106f2454f5,eda9dc7e93bc5ab2638e2deb,neg_cities,786,Contagem,primary,reversed,0,train,f35b70e22716b3dfa170cc483ead51961ae4f9e8c5a47b217f8dc44d61bca505
c7bdbf8fbacf125fdd17,e439960ee07905e5a5c806b8,neg_cities,787,Contagem,primary,standard,1,train,8d156a34b589af2cdef266b1c0ecf3b59afea163c1d900f79e9280a430400c96
276c889470b0745a3b76,f8f3718f95662c65a76c1cf4,neg_cities,788,Port Said,primary,standard,0,test,024243e10888d55271d3201aee969d647f798f6c47422101a5589d678dc5fedd
ed9eb59fec1995dd7bf4,ba544a3b90f37cb0e9b2930f,neg_cities,789,Port Said,primary,standard,1,test,a2702db97ab09125d1890e19d8792b3fac7d6eda6c247b90070ad14d0e3fb212
660e3b8276c6bd034178,3ceaa91d1b64e48b080393f1,neg_cities,790,Asyut,primary,reversed,0,train,4b064512a7896e203161f4b0b73a69322c469edc59c422668381eb7f21ee9f85
2a13a157816688e4f258,35daff6a8a6826973d230abf,neg_cities,791,Asyut,primary,standard,1,train,0e4e04f165f7a35896da0d1c0cde8f649f3aedee7188a37ee862c883b88f3170
660378eedd19b9d2ad5a,a3fa1f2e95ad362e0593010c,neg_cities,792,Ziyang,primary,reversed,0,train,791e89c5134a404942d0a93e1e81b543ba1c3c48927cfc150a23ea1ed2bd1411
9a214c732b2fe20dcff3,52db41567d6fed1b4268a1d2,neg_cities,793,Ziyang,primary,standard,1,train,d4696357e279e51aba7fbe9c197b9832dfe99a8e5cacb76cd15abae5a59fdccd
08595db4d8192911b38b,2e65e7ef19c0aebc3104d1e3,neg_cities,794,Yinchuan,primary,standard,0,train,405a01c867d6a490735efdfd0e95e2bf2b5c9d9add151caf50e35d5f53048343
406c2b2ce5ec5f92853c,7b740bf5f91e79ce653763ea,neg_cities,795,Yinchuan,primary,standard,1,train,072f1d121f3010fea64a2cfbce43f76a9f36e1ebe72ce1ab8a65f111370157fa
f9176b433a6282f9c102,6e1e53398236e886f633f4de,neg_cities,796,Zhangjiagang,primary,reversed,0,test,81b0b2341862c6a10e0e01fa50b8d8f188949990508580f9493ef9722f0d1cb6
103123b95baeabd1c368,300a36b5f2919f1d458eccb4,neg_cities,797,Zhangjiagang,primary,reversed,1,test,a8b7aee1345f787858e056c3ee895f21af2ccbc80fb15c91758e6d3d61e65b46
d30225839f835c2897fe,e6dda1d00e522541c7d3b29e,neg_cities,798,Shanghai,primary,reversed,0,dev,8e8d0e021eb6e3e471c69a306cd134408091301536a5014ccc6946bc41cfbcab
6af052a5f72ca7cbb208,7627bf1a4bb281c355a5c534,neg_cities,799,Shanghai,primary,reversed,1,dev,fd9ef793a7aa2011d02e741f7b8fb089a81c4453d38062cd0de44d2eda1dc293
eca6cd587b944c3aa1d3,606e55d7a8ca881c48402d4d,neg_cities,800,Jieyang,primary,reversed,0,train,e984791b458f29bc2f8be972e671c6e4364a87d4ebafc98e4d8d719927b360f9
0a6dc0b62c8bafd3ea21,b6aeadb283659038783bcda7,neg_cities,801,Jieyang,primary,reversed,1,train,c48ede2e7f5e601d09e79f20c9ea0cf37f63491a9b354cd7e73a5f0a65cb20eb
71e5713d0751e184e4db,a68be988024dd5d2f04e7ec4,neg_cities,802,Longyan,primary,reversed,0,dev,da2440ad1b4377540ad6338e6bcf20e35bf50a7d75cdf078a2c183f043b32c64
7370474f26d996ebd7ab,b684c95fdd71bb0622526c68,neg_cities,803,Longyan,primary,reversed,1,dev,a82f2ce20a150a2db98c6495a8a73c33de36a3a0854983f61a3a1fb3f827f918
82ae55d52b170e2f5773,b2e06b65e654af0ab756ee0e,neg_cities,804,Dandong,primary,standard,0,test,179c4397bc0d53ca908014620d301cd96f21c38dd12c64351159acee06a80636
dceacdc84361d24d4893,d0d7f5d05739c32bbe9745a4,neg_cities,805,Dandong,primary,reversed,1,test,a9f0aeb26dd2555927343e4ac8926a74452eeb10fd54c91faef5502130ebcfeb
278802a5396d09b58288,1c80f71e852d9aa390098d1b,neg_cities,806,Frankfurt am Main,primary,standard,0,test,9fac0d095120376ee39c11f055a703f7e41c5299278d279a9f3b16b988e10172
209d20bd7d8fda1ce419,935937415d999a82af7fab8d,neg_cities,807,Frankfurt am Main,primary,standard,1,test,7a2419a38866d4999a43eda2b8632785a087eeddf942317eb9a141c4d023c633
27a01d83d9f1a5db9ff0,56650e8d1b84cc3b893784db,neg_cities,808,Lusaka,primary,standard,0,train,dba73380e41651c73a05eb7e0aeb1a7ed5041f82182e6157b3246bc2f267b8f7
1e0026e3dff8358dc06e,d578c235d75cef219e2cda34,neg_cities,809,Lusaka,primary,standard,1,train,a6f622c0cf5f74d8e2beb9b351f28edff662172403c004fe860fc66d1ff7edc4
909850192debea4a4a92,8a7c4d3ce7f2bd37415df3e9,neg_cities,810,Aden,primary,reversed,0,train,349a51cf2318d4414485d8286b2a42bf09546ae1fee8475e9c6b9916dab5daf5
cfb2f619cd9c64b52c8d,62907e30d29ed5a7aeb92cf6,neg_cities,811,Aden,primary,standard,1,train,ee716bbdf69e370fbccf6b8a238d0b7e807002307d227ca6d5c6c207ba4455a2
7d2c5ff50a4b2bd03162,501f580d3b8bd1e85d00983e,neg_cities,812,Jaboatao,primary,reversed,0,train,ac015b7ea37fccd86a8b6263c31d45226bec0806177a8826d1856b1188ef7f7f
2776e0b40e617aa0073b,93d7af2314cb3fd4686234ab,neg_cities,813,Jaboatao,primary,reversed,1,train,1495266f3e70bddeeecb5ddb21469e95973242ffd96edaee38ecf1e36999b2a7
aa19a07f4a4657072f77,a9a5904cc63896af2b405871,neg_cities,814,Aracaju,primary,reversed,0,train,53068a5a8accd59285cdb07294655a7a0820cf0fd2a75f62f2693e5983964036
5578fd05291e934fe294,bb97b1f92f357e71c23534a9,neg_cities,815,Aracaju,primary,reversed,1,train,f1ae7c469453e277d07c2b019cc8ad2b5ea4cb7abb265d2316928d6de00bde11
9b8792b885193b1e449f,8fc117eaf5ca40bfa6c69132,neg_cities,816,Londrina,primary,standard,0,train,ae376a099183495565b50af0937d010fbe15e57532d7b7be63618e402bdee349
2e86aaf0a7beb7bc504a,2e0c996af0056c1cf293c8fd,neg_cities,817,Londrina,primary,standard,1,train,a755d3e1cc462d834d8d32555499912d4173693a5580f2b0643ceb5aace794ca
a8cd2a5f384925e8b226,73f0fac1cda76dbf71831590,neg_cities,818,Zigong,primary,reversed,0,test,eda23bb0286169592511f79a584916cc0673d53acaaf0f026f3bba19429870c7
113f1235315f22961b8d,4c94e58d20064dc3f33bc267,neg_cities,819,Zigong,primary,standard,1,test,82a5b91af18e35c74cd24b1a8c41904eb94d43b4e7754a688463957a601fae0d
aea19ee90e9ce7b49fa8,6d978f724d0e484c2a162de8,neg_cities,820,Kunshan,primary,reversed,0,dev,d6315385c14f564b990ec76941f57bfb3899b0f6db39f3d4a1ffe3db9e401bcf
edcbd6b412f8defc6bad,08ebc32af2938ee7dd8099ca,neg_cities,821,Kunshan,primary,reversed,1,dev,50be334da414427259d401cf8aaa557e000d6103eb836fa6ba7b8146209f8b61
11acc8bf75347c953f70,6055c8560574de1f44b40d6d,neg_cities,822,Yichang,primary,reversed,0,train,3ec0cc86d7d9b76ebb4391c9be45f20a491ed031d5648167fc9aa3eb7f658b51
9c51f414a3c63c3abbc5,027ce6c288172352ec6b0b76,neg_cities,823,Yichang,primary,reversed,1,train,9d11489a2844fe03f2abc985f3c649ed63b72ee31f77be136c9322b0d79a6a3c
2810fdb9a585d308e478,d1eaad0fca7644cd0959e9f9,neg_cities,824,Sanming,primary,standard,0,test,1603ac27ebb288eeff671818abd785ff8fb5bd878044992d540a57205a50610b
d7a2d633fda8640660ef,0950ebcf748e67838ad6f578,neg_cities,825,Sanming,primary,reversed,1,test,2c41f78871bd059a6bebd190e41c1270800595e22c46089f6254e7cf088d7ec6
3d0995af7c512abe54d9,9a815d18ae5739993db7077b,neg_cities,826,Guang'an,primary,reversed,0,dev,c0726915e58c47d1c5c59e71ac7ca09c733ff9181602352d95d743eaf5299de5
8222a2e78ac8e902b0a6,c64748bc3c388180fc96aa27,neg_cities,827,Guang'an,primary,reversed,1,dev,530cae800370657716be599ccdba486a36a9588071d6bb68b3970e39c57f44ed
6dfb3f820790c6330222,7dfcc7b4758eb5239b21434b,neg_cities,828,Ma'anshan,primary,reversed,0,test,1aa2026ae4deaa3eddc0254f2ecdc7920e72c91dd8fed84bf7136fd471c6d7f1
d50bbb044f8fda3d6015,15207206a0072029cfa87738,neg_cities,829,Ma'anshan,primary,reversed,1,test,8c99083faf3da3ef4140560b0e290d054dc4edd287095c57af2d43a1bfce63a8
d053484b559c22e94ee1,fc7066481ec7728572e6c463,neg_cities,830,Dongying,primary,reversed,0,test,079d442e593a08c837c59766bd488cf38e4f55a56f0d3b73bb6db52b5823f6b6
3e634c75de30795fd23e,d6dd585daefe86168e5c9ed3,neg_cities,831,Dongying,primary,standard,1,test,0458c30254225bb405bee7227afae8b01d9828f984d3cd303b7e33520c190093
69235ab6090d9700e98f,de1af7150e432a65e5251340,neg_cities,832,Fushun,primary,standard,0,train,09643e283e8440bb5e44684900b7de6d5538c493b7ecc89bf38b295921987fd3
692de67a78379863d95a,92a81936316df3eec99adc97,neg_cities,833,Fushun,primary,standard,1,train,3fb3a6305054f3d3e8f041875e8672142ed2a51feb8de08fc1676e8168f10d4f
47b067567d91e95f13b6,f1d3e8f3171476048f60d39a,neg_cities,834,Rajshahi,primary,reversed,0,dev,5f305b32febadec2ce3d63957e18672d5e9f0ea86a5f1ff37b7a2d334ddb07d5
89b0536fb27cc257782d,dab650e6dc1619a5d267700b,neg_cities,835,Rajshahi,primary,reversed,1,dev,675055cef809c750d8895b2f2b69ea84954fec993b501e6165382eca3c6c6ac0
606db0b1775dafa43489,afcfc19c7cae364ea911e78f,neg_cities,836,Rangpur,primary,standard,0,train,68d0b713058634e966d5d458e1126e082c2937c764ed77f3a9af9063829373da
d155aa8fc0c00121be37,93643f2194c877ce14056064,neg_cities,837,Rangpur,primary,reversed,1,train,73b0b82e344b8d3904eccf3259b0d50951592127c10b973919365c2e63dbc65a
1ad45aefbdf3f513e523,b7a9be9263b2384020eef4f9,neg_cities,838,Dortmund,primary,standard,0,dev,a72a182b20513b8d372a103c47d180241d5abade0d2e186afbee16a257637d75
077623707cc8782630e3,acb8ca5e20abdacd3a646bde,neg_cities,839,Dortmund,primary,standard,1,dev,34fbb5465697a9523a709a6b716b6f0699db41ded52613fabfc1b14e83bad101
9064860e4739715de8c7,67d85255dab602f3eb030c53,neg_cities,840,Detroit,primary,standard,0,dev,3cfe5221bd8c2b1a30320c0ae193e139e15285a52b9dffb447d4d380f1f5a592
db89a3b6e4507cd1790a,480461935a49214749994c1f,neg_cities,841,Detroit,primary,reversed,1,dev,34a2bf216df26ea0bfb1fea6bc6895d7bc559763f3a684598d60ad00e82cb855
f65cb7dcc2871ad59c2f,92814d7e2572bbd91a491703,neg_cities,842,Latakia,primary,standard,0,dev,6b475f2b9e7a01b209690f7e3a7f31256336b741f0795b4fac3efd93b04dcba5
58b611639849eb706b60,bce40bf1c032fe3807938f3a,neg_cities,843,Latakia,primary,standard,1,dev,fc40ead9f8c5be67cbeea920ed2c471aa0796cbce6ceff49e92763d382df4245
2d95589562fb636b80ce,f5c772f6cb5f69db9460ebfd,neg_cities,844,Ashgabat,primary,reversed,0,test,5988809942c3b39e9622aa737c56fd9648bb24874fbe1163cb9b5ad84f7aaec2
a541cecf3fd76fe18bbe,539da4b1790e24eae647c28b,neg_cities,845,Ashgabat,primary,standard,1,test,1473d43b80fc66ba38677c6db935183c9a7fff0e9ebf6a330d5a1b575699cd7a
090babbc1d9df645941c,bff18b60b921abbaa4da2e04,neg_cities,846,Maracaibo,primary,reversed,0,test,6e7e7d6882710ba66c436831d5d7d503a0bf9c09ca31af79aaa3e65e0b397a0c
02707ee2bdec50c1667d,7ee3c973ddf7da9bb93e9a90,neg_cities,847,Maracaibo,primary,standard,1,test,fa2a8a357d84156db03a4f06d81d672cf58b2bac83ec3093475a74a98b639307
de651746f09982de2d1b,b0ac158ecb6d29ea4a7f98e3,neg_cities,848,Erode,primary,standard,0,test,a52701c5aa95cf331a1c022891f8a06e1479623bc4af3c2e9d5fda1af7ae2b7a
30019c8022f7976f3504,28d1b7beb1f3b35cc3ea7e22,neg_cities,849,Erode,primary,standard,1,test,85762ff659fe45e0688325b0234653f53f5f9986ffeeebeb828bbc5893adf933
6c84ab20e2b5428f6ab8,75c7ee416236202121568958,neg_cities,850,Mumbai,primary,reversed,0,train,b1a0e0dbf36dd66fbd3f227ac0526d4bb29b8312f56f3f01fccf64d45017cd18
b9caa23c1c17934fd406,ee2aa81d677f7815c49c70bb,neg_cities,851,Mumbai,primary,reversed,1,train,59576e1555f27d39c5035a6613eca1e0be1fc51d725658d3de47905a5e1d3b67
8aba1322cdbfe94e7ffd,db0d150c011645345a00c4ff,neg_cities,852,Nasiriyah,primary,reversed,0,train,2b11e5d1d4a129327bde65c3e201910f036292dd760de0a1c7f9b9e44a67a5fa
8455756c833ec37de7dc,16c4a6795a521d7656b14b8f,neg_cities,853,Nasiriyah,primary,reversed,1,train,471f97a1d25fa5a26e795a99715206a8aa11ee5eea6c8dbd79992981713b6377
3366949b31dfff66ea06,1a2845b56bf23950a7a8d12b,neg_cities,854,Kahriz,primary,standard,0,train,c197441192648e3293e1aadfbfcd99568c41e0e03457e4b2517cb8bacd4833e2
1568cd96be40224c5b4e,95a03e26ea28a64972af0481,neg_cities,855,Kahriz,primary,standard,1,train,f4789e2acf77da68551cd1977c16a63fc08649d851abbf295cc30b3757863cb5
841bb3767bb3c1ccc451,76eaf76da81e85db7cfced1c,neg_cities,856,Surakarta,primary,reversed,0,train,8b1e9951e5ea97994373ca142e09ab17a26b1093ddc511ad160b89c5f74daf95
a6e9260f15968737855a,0c93375f648d4b7d8f065487,neg_cities,857,Surakarta,primary,reversed,1,train,359c983fcd78c06deb5dec834aaf54dfb0c1e9c8c238580dcb635e13bab54907
3448146f7002f3be1750,a2cbd97a78538ba32d698c8f,neg_cities,858,Banjarmasin,primary,standard,0,train,046a2b0b7822213778addc13b56fe8973d492211d7cd11790e487db37bef28e4
01b1515e7cd5d6ca6217,330d4dc99bba40d573c9a00e,neg_cities,859,Banjarmasin,primary,reversed,1,train,dc93dda237927e9ffdf9c44ef28e68f5985cb6a1dadfb58146cb11aa499b0b1c
fe5513ff6c14ff5089ae,f7e2bced61fa5492e874252f,neg_cities,860,Vladivostok,primary,standard,0,train,89d7f5cd7d83570fe95a1ca4bc0387a6edbdf08ca13dac22b6be747b5d82320f
5ea91e0b0df3ac42dfd5,107bb3c29feb160be53dc33a,neg_cities,861,Vladivostok,primary,standard,1,train,5c764ccda5a5c7887a482b4040aabe9d6f2e0d18de8268c5d264946e527988fc
c49030987b651fb17ccb,0c3bd41db388549246f8f38a,neg_cities,862,Adana,primary,reversed,0,test,3baeb1713daa203a486666454dd15969d17e0a67e3d8977a7f8f2bf56b6a39d1
f37d65cca95c81896641,12673c957cba1bc592eb298a,neg_cities,863,Adana,primary,standard,1,test,f3c4a5371bac1700c54bce9d3ad3cd38927a9376a9f10b052768f9979fd383c6
f4ed803e25d37d368d0c,9f6b438ae13a1ad74a7c1dee,neg_cities,864,Voronezh,primary,reversed,0,dev,5f509f4c73860ca6dfab7c1bbe84700fb4c701e75896c0dd346476085058ed56
c9f0ad3cd8c722d83e95,04f6a2ae40960626de682f9b,neg_cities,865,Voronezh,primary,reversed,1,dev,b581cc3446b8ef6eea9bc7d74552c7ef0b0e58c70105288695ac0a7769a51735
0660fcf99baf442df461,1e8dda953b73b484e49e8402,neg_cities,866,Namangan,primary,reversed,0,train,aae2d7442d6dbd31443d4ecfaa97ec593821a703a8d108e31497e233e71835a9
e5938632810115514674,efa0ff675caf6775eabafba4,neg_cities,867,Namangan,primary,reversed,1,train,91cd389c7c1f41b3468b6aa2dad8b3a52f3d64f7f63931d949c17a7323249a95
6982d8461012a1ef9346,abfc48865e404bd1fd9ee9a1,neg_cities,868,Ordos,primary,standard,0,dev,82154a9b32ab4738c51f72562b0a4c2481849df3b27c4c87a4249b964755c6b3
46f23c60682f09f6d838,4bb9aa08d2a88032e05df764,neg_cities,869,Ordos,primary,standard,1,dev,9ee5b322319e4593c143cc3306070290d3ec12154318e25e291ef9cbca41d12f
3faccf7d2156575a1d57,f73befe3921fcc69db6ce890,neg_cities,870,Moradabad,primary,standard,0,train,5d76ea94502634e511c73b8f757050114ff50e87d196e1aebdc9bc86bbdfb212
1968b0281372f5098b54,221914c322060c3c26e20b97,neg_cities,871,Moradabad,primary,reversed,1,train,1cd6db98cc80fcca6981a5935dfded104e371d2596c60ac11793daed84aaee00
d5c7ae52c4c743cd715a,7aa4de8f906bbd26cfe7a292,neg_cities,872,Bengaluru,primary,reversed,0,test,ac42bcc51a0900ea7e89469c1128a38da82c67df7f85e8f471de192f14ada481
2e42599e328eb16a0025,26baf19f873af15f32b06d54,neg_cities,873,Bengaluru,primary,reversed,1,test,023b90883916d235c348607215757e85e82e6fbb51f19237d410af1ac5f29bef
a61a27df9e03872fbd06,fe257f567fe368fb74955998,neg_cities,874,Shivaji Nagar,primary,reversed,0,train,fe80a7e760f01006d5521ebe2597c9a04b03ca8549fb61eaa62a7c4191662e6f
c725da56ec06832e1999,77c6a2c9a50053ee040123a6,neg_cities,875,Shivaji Nagar,primary,standard,1,train,dfdb0a555e9f1544db3e1d8dcbdcb6a11ebd5f129d814dcdcfb6609e5887d731
8d69dee735ed2753152a,d7db99e98ef77e525f1d0581,neg_cities,876,Turin,primary,reversed,0,test,6ce362869df343db0c183eb2ed6f9cdf6699836465434807852b6e93642e6f1c
c1d68f4211f84633aa0b,11d7dd9da970e0de07380914,neg_cities,877,Turin,primary,reversed,1,test,ef3414ae2db366592de61bc44d246d431e6372c91202f35c2c1157c78b74802c
e451d2615b5e0d16d78f,7ba5140836acb405757aeffd,neg_cities,878,Okayama,primary,standard,0,train,7a8e93e6a3f64ab68494e5ccca80113c8a52321c0488c3f0e89066eacd3b9c4e
178e53a32c5e2cef0edf,f2ea3687b072dfa7f34cb243,neg_cities,879,Okayama,primary,reversed,1,train,baf0b02d839ff80fe336c226dad6e2965a69542ce3189dc6a4ff227812c7686d
65f932766777f5925f44,e4229b7a3da0cc5d0475c0c2,neg_cities,880,Daejeon,primary,reversed,0,train,241b63996a8bec793100aa121bd678c75b62e0247828fdce49aa257bda7417a6
b9a6083d341fd5867285,ee2a38f790519197b3d92bf7,neg_cities,881,Daejeon,primary,reversed,1,train,30f68a330e5cf0232d6b2ff35be0fcd91ecb036ecb674772260c15d5eec48d6c
cf1ccb7f4b83392af1ba,02bcf047a82e91c91b0edd2a,neg_cities,882,Battagram,primary,standard,0,test,7b198edd9a06354d4a370e0a99e0f54265fc882ff50824a427e6f2eb68bc3c16
bbf2475e05dd25354545,74989d4303aecf3ccc7f64c3,neg_cities,883,Battagram,primary,reversed,1,test,a281b539ae30b579e00a0f050c1bde6ece1508e85024bb9f78ba7450fa504380
931934806a5dcd3f48b3,5419c97b5a19a218c5a83b01,neg_cities,884,Yaounde,primary,standard,0,test,f3585b74b62e1bb4005f503b308c172c893211ed6d58d622cd7ca4c273e36223
faf49569985d964abc6b,f15b9d8ec3ada2d94ea3f796,neg_cities,885,Yaounde,primary,reversed,1,test,0f02c800a49a916a002f994a18a9350f421a9585c2e9546f0d0383e9e353888a
4ddc9498a1eeba9d94b5,c547a6c77fa5022a44061826,neg_cities,886,Zhangzhou,primary,standard,0,train,22b4abcb549ce89b2bfce3e446a46a5c2350ef123fdd1de18c03862fa86acafe
7860b56298c633faffa2,03da112cf9604679008f80fc,neg_cities,887,Zhangzhou,primary,standard,1,train,feeef4595ca9adadee45e9f673773c9f3386dd35a211fac4486510f0533067e3
edf49f2fa09629cedad7,09c579dca911189c6333f9be,neg_cities,888,Yangquan,primary,reversed,0,train,14ae411f9032420310f3605f77b87bc4055dfe941e04589d48efb9bc4c55fe70
b91b819d94dec93dc174,524a4f6897b6f0e24b6853e6,neg_cities,889,Yangquan,primary,reversed,1,train,1e5f6f363390304b8cf14b0d208ac1e58b15be88537ade3035835db06a6208d3
156a0e7176428c0fe0c2,a7efde839c1f8eb86d3a7fa2,neg_cities,890,Sanya,primary,standard,0,train,27bdea8db9c2ada21b3b81c4e264b359b15a389aeca2cfc68885e57d04a43953
62a8964ea3c2db730edb,977f6463cef581619e730285,neg_cities,891,Sanya,primary,reversed,1,train,4ce46f8134ce7cc3f01959c726ca81898f23394a9611c352818ef9e8b19b98a7
3a6a430ca0afe8f98f53,58deeb4a2b88b22263094fb6,neg_cities,892,Foshan,primary,standard,0,dev,b2c80c8e6a5c42e959fe9cf329f3eb87417a7d46bc6e49082ba57085e902a6b8
ecfd637459837381da6d,412e209c4504098a16e41935,neg_cities,893,Foshan,primary,reversed,1,dev,7fa8fc32d3467dc7219d8335351ded1a46a7ff0a65906b9b1aa4cb2f9b25976b
c482929a5a68aef7e43c,00b624959b3a46addd709bfa,neg_cities,894,Sharjah,primary,standard,0,train,59c1723a096e36a19f7b302e924cf99c443b0b067dfc5eccafa79a3679008cff
a3d62e7110ce680c7f1a,b7fb6046d96cf3916ba6c3cf,neg_cities,895,Sharjah,primary,standard,1,train,58d16b042157462e17539793471855bd5aa584b0d72cd545eca5b6efd2b2f166
a8efc76561f561fa84b4,ec25fc7c3db801b4d5f7f5cf,neg_cities,896,Al Ain City,primary,reversed,0,dev,d79d6b85ca6b734c029811c3da400ed5d5e86cd44b09daf3f967745034f0248e
3d2b0b2acfe916c8d8d2,8d68ff014fddad16a1df70c7,neg_cities,897,Al Ain City,primary,standard,1,dev,9914da52d45de636d35a8e9ff0ab9124c2c3b8f263a1a16f181fd529e6220342
eabb0894fbd55a96c488,4161f0ff1432afda1e164a4b,neg_cities,898,Kalininskiy,primary,standard,0,train,e30859384ac4e7a30fcbde6c114ff88879b35c2bdc90466fd9f37f56b2d72e6d
726fb8dd83a2416dde5d,90f848f5e4398664ae3c9d09,neg_cities,899,Kalininskiy,primary,reversed,1,train,721b7a286042b5f3e5378298432d0face8aa653e6dd2a5df1303fdca92ffb96d
91d1e1d577bba2d00701,e41a28c6748e3e5b88581fc6,neg_cities,900,Mersin,primary,standard,0,test,bc06a02ee6ba799b0a811a653b02c2f0f00489f058641e96d28c0eab0f49a1c0
f71d6b2b324d8b5af2ff,dab0806b24f4fdeb6e75aac5,neg_cities,901,Mersin,primary,reversed,1,test,35143617db3e5cc4fd83667dca70e1b365b21b0977b9b6cb90b7dbea090d10f8
000c8ed2d99c27075646,859a0bfacfea3436cd53888f,neg_cities,902,Guayaquil,primary,standard,0,train,aaad9a24df7017666674712445265fbf96d095261ee2d771736c51803d9211f6
3c3363eae588b2ec4339,cd138728370b2bce3331c796,neg_cities,903,Guayaquil,primary,standard,1,train,c07c8a9901b1e621d562fdde4c8643fa883195264ed9b653f349c27def490c37
0a157f26f70076a53f36,5c2dc5b097b0bc19bfe15811,neg_cities,904,Tegucigalpa,primary,reversed,0,dev,d5835b3dcdc2d8e58f5c4188af520ee3d471f40425ca02d7163811c8f3b7623b
7306bc9561f368d27743,9b4911d2764526a35863c6ff,neg_cities,905,Tegucigalpa,primary,reversed,1,dev,bfc359ab7e50b1ebd73032ac0c5473bf07dc25f08b352ff62dc0269141955df9
869c8d39059aae640b54,f984862b63fcdbdd17cd2715,neg_cities,906,Koeln,primary,standard,0,dev,7016665a330289d02cf984ec492c4259b117bec31d1a8994d66666f989c13a46
663099c8c90e963fd370,c3bcfb817b0d218da6c638f8,neg_cities,907,Koeln,primary,standard,1,dev,3ae855a1c5e91af951ec6a6da8fddbf3edbae758c3650a768153b9033466cb5b
245884c1c9acf9452aa6,86cd43f38c48daa11576a95b,neg_cities,908,Nuernberg,primary,standard,0,train,57c2f0386b36403793598661e7b6c378fc71a58eb1ee366b620cb99bf40dd4b2
a4b04fb236eb4de9cd4a,effce2165fd0118ffea7878a,neg_cities,909,Nuernberg,primary,standard,1,train,e6b32684fe667d745cab92f088414fcfe1bf1a5d27ffab5b9941c22db5dafefc
0b9b500ddc7b6bf792ea,5ab9ccdcd2416cd14cfe062a,neg_cities,910,Zarqa,primary,standard,0,train,c3acb8acc1530b1ad10a0ff31e6d7786284030385c56a4d4724527468ab265d5
6559e31074d39006394a,a51d12fa571f9593dd6189e0,neg_cities,911,Zarqa,primary,reversed,1,train,f428e2ea5e3ba12b0b14ddafabd08ca944d9af7b9ff034e8d2810f1056a68fec
a6ad1635fe49c5d67c9d,d4acfe615f889b4e7d8abc1b,neg_cities,912,Riga,primary,standard,0,train,e34c3399aa357bc8f0c642ad2b1ea07a5dae4cb10e7e7882a7d6a19404d9746c
54e2a7824a0178cfefee,29cc318fb9b96e3527929823,neg_cities,913,Riga,primary,reversed,1,train,e7c1d0f672455b1619172a5189cc553192f2c56481958b2dac3063943b166a2d
3730c7a9702666ed8780,23a5be15dfbd211bc82347fe,neg_cities,914,Nanded,primary,standard,0,train,502d5bbd3169d81881c596342d11dfd931b0bd09a508dbcf9d2ad08eeb7128a7
1a4049e6917a960b837b,bc67c1e89baf23d8f602af29,neg_cities,915,Nanded,primary,reversed,1,train,2b899786659b798db95ff69e913302037cd23b3e750032f5da7bda19d11a277c
260fadc46235e0c7b1ac,8612e7bd7f7fd5e46af16866,neg_cities,916,Gwalior,primary,standard,0,dev,9f258c7567583f047cad50e8b6e6cbb123ca2adb3047e0d020df8c8c85694180
55b9c42d91fab65a305c,19e515824e19f5114ba95cae,neg_cities,917,Gwalior,primary,standard,1,dev,8df7ad9e0957cf783c3112aee48971e80abcbc9833f783dfba4220097e44191c
010fa2d04e17ed89e5c3,9caa236eccec3d0248b54654,neg_cities,918,Dombivli,primary,standard,0,train,6e941e955089fa1a4f515f639b271fcae7834de904acdedd8bbdf6462f7f5548
a0ebe8e9a6b7cf70e3bd,b4d36e14172d0aa8b2004b80,neg_cities,919,Dombivli,primary,standard,1,train,12e2a8ea7505355abec696c4ee7c9d6a04ba63b458651a29f8bf3bf73c55a65e
850912f4764ac612317c,b7c42a60b8c730f8a67d1f50,neg_cities,920,Kallakurichi,primary,standard,0,dev,bae36644b86900f7b86c12868b6307450cb6c4aef73f15a2f30651782ce0322d
cf645edc94b7b115d6c3,b113e045e8fa2e5c30d3a010,neg_cities,921,Kallakurichi,primary,standard,1,dev,0ce8f7e783a40d267efaad5e5be1bdc7eb6e3cf92915080fd303f831adc8540d
3ad41d30d3d4470373fc,ba8069fd23c93a7861f30dc1,neg_cities,922,Bekasi,primary,reversed,0,train,2556e5437e4531b1cf42aaf137f2eff1692a7865299fa8a7f07ef3e630527f4a
415ec1630f6c00efb16c,3a5c8c33c283ac2c345c877a,neg_cities,923,Bekasi,primary,reversed,1,train,5a705fc48b3fa2c2a389212c361f95fec3f163a35eb454cb47f4c881dcfb055e
7f95741d9730e6c9e958,9f5a8878f4a628a1c1b23e83,neg_cities,924,Johor Bahru,primary,reversed,0,train,ebaee8b5d2d78b513aaa8fd7f135ad949e8c89397e4a09f3fdb60786c3d18dd0
a2be3e2d554541f898f0,d9833aff48509e6699570496,neg_cities,925,Johor Bahru,primary,reversed,1,train,e4baaa48b29d2fd869364eb18df44d2566c94effc2da5df5310b7be6c46c421d
7f223ae7092a659b69b8,9a68c2881b74c0e1e4bb69b8,neg_cities,926,Santa Maria Chimalhuacan,primary,standard,0,test,a7b12badf9e462d66dc0a4d132fe6813fe75544f4f1f7298fbee717ec1d8fc44
f2cb90228bbe6d2a5134,3ee4b744c8958f808a342bdd,neg_cities,927,Santa Maria Chimalhuacan,primary,reversed,1,test,fd1d4ee9724090f45ad96133db26e78857f57f6c571b04a410fb75005b806eee
6aa2f8c9aeb2c9863cde,6fa9bd0d7352942ab7fa6761,neg_cities,928,Urumqi,primary,standard,0,test,04b9ccfdb6a0c8218ef8ae6fe2c4271e1f840b227b7386d68d28b358e787e65e
aae58cdbd4e40f36fc2f,c695f2d9cbd95b9f0ded1711,neg_cities,929,Urumqi,primary,reversed,1,test,925ec5ecb88ec377412038235b14c77c90b9e347aad32b5e88f2fae3c83f7f79
c166caa1a31a5032176f,2951db0b78a8903184a2e503,neg_cities,930,Qingdao,primary,standard,0,train,988ac480357dc82460c004535bff045bc5fff50e7fb6b621f1fef883a8a40326
ded7f4c1769dffeccaed,d89ea453c04f49f85fef8cfb,neg_cities,931,Qingdao,primary,standard,1,train,7ebf85dd9d1c6251226c995ef687a262c094be9fab5ffd83aa8b0314076a18bb
2c0effe81db6b35281f0,4cbd668dc51dc3f29fb6e949,neg_cities,932,Sofia,primary,standard,0,test,37233ca152e5516c4e0e938d888de196dda533dbf00804b88b225452bce2d2be
93fe110abfd50054f641,38f9848aa95b8123fc79b573,neg_cities,933,Sofia,primary,reversed,1,test,d5559fdbcd3a28251105884ba37f39334263239bb7427415d6074b99b81febbb
b7cca3ed91318f99fe95,bf508443201b65b025be9dcd,neg_cities,934,Nova Iguacu,primary,reversed,0,train,eacd3d21bc2273fa5604429462c72e4f2b6e78466193cfa22cdd435032423a0d
5b5c87ae7b79f6a2117b,6a1ce452bec4afe268f96ce8,neg_cities,935,Nova Iguacu,primary,standard,1,train,9df405d33c754b96b4c9f979836b48b1a0e62631580389ca11030d0a546a33e9
8d3b1d7a46174c4ee65d,8b358b2559b70592063ae021,neg_cities,936,Abeokuta,primary,standard,0,train,77b7b63a574f7d0a4b4f2fda4e0b45c4dbbb1b9575ad0c9dc08098b137eaa740
d3fec2fad8bcb4af0028,666edc501bc26d6dcb10ae1e,neg_cities,937,Abeokuta,primary,standard,1,train,18149e9a8886e2a7977cdeeaf8280c21dd03e997ba55a716ddb2238e36e02be1
2090ef8f8a5dd2f9cc09,2c6148e6bc41648d9488f3e8,neg_cities,938,Amman,primary,standard,0,dev,fd5bfe9c70444f923e89e1ea22c78d6e73ea805f94d6d819a7192a5ebbb8d2a1
3b6572d8a48fe0cdcce2,c10f63c6b5e0ed9aa81eaa7e,neg_cities,939,Amman,primary,reversed,1,dev,9cf05dd418aa4928858ec3ba12db07d93d11d6d11bb6d40d4fa5baee682a204f
09d969b54c5d78776107,cba682c2d32d78ad7143c36a,neg_cities,940,Hachioji,primary,standard,0,test,3c9558dcf1cc57821a0f23c2a4f89bdd914ecbc6db4673d75b631103ec6631fc
3fb154271a169b7f857d,02b8cc1bc62bf19db7250f49,neg_cities,941,Hachioji,primary,reversed,1,test,163566091fee3324aa206a7870a7a516be94ef7421d06ddf0fe14f1afbb650eb
0c93859b5060dc57d136,08b0350fd7e71d6df081b14f,neg_cities,942,Fukuoka,primary,standard,0,train,2a8783629f29280f717ac92c62c439f08a85e6a789060998ccaf93cd2eaff734
93924d35abeaf1a321c0,d853b3640b8b6b63c7265bdc,neg_cities,943,Fukuoka,primary,reversed,1,train,5df3393ed52c3e7efaa9b4dedbd6fcf2394b2a735a7183403f5ca98a1d2a1128
10b6d2486b71211740cf,4993368aa4218e4721187433,neg_cities,944,Goyang-si,primary,reversed,0,dev,107f2f0383eb79eca0120ec472dcad17f62b220cd4b6f757579fcf4f3bb62af5
8f769004e15904507e5f,16440c3be2cef704631237b5,neg_cities,945,Goyang-si,primary,standard,1,dev,c288fe3e2077cec4bcf14b34821dde170ab14c5683272cf391525fb143d43119
05a9f146b15c4473e20f,de620a063832dba37cd4cb16,neg_cities,946,Meknes,primary,standard,0,train,0951142181e1c61119eed031aa604c9275fb48adabeadc2650a8e84bd2f29afd
7f77a2401945cb8081a0,c213b5049f6a1efd4ac3c1cf,neg_cities,947,Meknes,primary,standard,1,train,5bd7f7586d05c63db28653107e0438420747023861358fc2fca8cf33661d05e3
5bff4980cd8995365230,a03711faa4f95186f95e215d,neg_cities,948,Antananarivo,primary,reversed,0,train,7e5c7f9a99ff502a3300754d8aec26b21c9a001695cf4fbf7c034c7ab65b9570
fe57fadd74570d63eb69,558fdf0a4ff5a7823d293e33,neg_cities,949,Antananarivo,primary,standard,1,train,7ed95a5bf207b4140a551ba3333c2eef9f3da932dab140b376595db5ca36c684
f453f3c6af159de439ff,1adf20bff1a2e3ebf4e870e7,neg_cities,950,Kalyan,primary,standard,0,test,ca345745c9914f0247919c35e7291cf5a8b73118c359633472619e5fd47b5625
4cf5560a408e807a8f22,3973f70fa780ab9d295dbfe1,neg_cities,951,Kalyan,primary,standard,1,test,9b1d7dd1b079eef66a0fe0d14e906ed272e77f65ead9764bbbb8970f8d5998f8
6369d2ef55deb5eb16dc,67de6e97b04037e9d411eee1,neg_cities,952,Jaipur,primary,standard,0,dev,8074ba676b183a350ef24d8c665932fa3c0a6f495562bd7068589b451f0ffd17
3a59047117821e233306,596eda1184c839f303982d65,neg_cities,953,Jaipur,primary,reversed,1,dev,d98e4f41536a61a373abd1bf78b274ce4c2690763d4a1a96e64b674908336145
8066b8937659b237ac19,6f1615565ea09da2d3fc9045,neg_cities,954,Guntur,primary,standard,0,train,49a02f42a316196d50b314c6a7230a657313bc073afcf0e63f49d4eaa7a24558
555189c56d83662c4713,cdc4694282bb8e40f18c4ac1,neg_cities,955,Guntur,primary,reversed,1,train,66f860542ecbf6c5b6ca91b820dad1eefc67062547faa5b98c9ff37ae048e5ef
6961bad6d06d34035f4e,f5d595a83eeb5025e62fd45f,neg_cities,956,Bhilai,primary,reversed,0,train,2e2e937011f01f4c6da5fba082f6795f48f95c1896aa3317b40f23d128be170e
b08693608950549988f0,79b968c2032a6c645806fee0,neg_cities,957,Bhilai,primary,reversed,1,train,95df2dbfa1ff90a9a87279416598d58ffa7cd577a7c7acfb3e7ccf1fc406ca1b
fb06655e796dc2ddc087,f6282c27c6706974f3cb5e8b,neg_cities,958,Bhavnagar,primary,standard,0,train,12b405b0e85af29bf9de07beb3c98a2e0a2fbd087437c93a7087860602c40bff
5e91f0e93e75e9fe6a0a,c3ec10e32e9a1b26441d2cc5,neg_cities,959,Bhavnagar,primary,standard,1,train,1b9df294da5f692e5338f4f9650f2d1a36221de112fff60d7da1789c8fe4e56b
a6d6e44e62e136a04d19,295f75a907102ff9cc1cccf9,neg_cities,960,Amravati,primary,reversed,0,test,e91e424e74c9b1bad56885e9979175b5c04416d7036d418632de36caf740a70a
3c9fc562bc1583e65881,651649a333e82bdb711df99a,neg_cities,961,Amravati,primary,standard,1,test,d7dcc72fe5c6f78f527f6e0579135e621f9d299c70d2c840280c64cc792f0d35
bb19a63304c1f3e74565,1331700cdd78df8f329bc4ed,neg_cities,962,Shiraz,primary,reversed,0,dev,69edfa4328bce28e35776f460a7452819cd7547d1f9a659940348dabc78b9e8a
2ff3693d4d823bc91480,44db7f21e9d29d1d9d40d91d,neg_cities,963,Shiraz,primary,standard,1,dev,2dde1a5266191d0bc58aac7d5d6d1a85707e31bd3313299a3a55f1e5d29646d3
48c4bebcb500f8ebf02e,0c45112fb93e27ec2190b87d,neg_cities,964,Lome,primary,standard,0,test,97c123a5116af48879acb3e5fe75efa82e315277d64a7d51958be38aff052d97
a8bd39e92719884a2c0b,9afe32d7a278fca77cb51577,neg_cities,965,Lome,primary,reversed,1,test,8ba6bbd723ca5d0db40133ecbe67c75996db4dd121929d91d003590a87494350
de5b552842a7aabd167c,4f568761f0c3266a5459a51c,neg_cities,966,Erzurum,primary,standard,0,dev,de1abc4503d6c944d32d9ea923bc0c76da1fdf2b35d8274c4e51a6646f30725b
05de7a60bd48439be846,384694e3542b9cf8d99e908f,neg_cities,967,Erzurum,primary,standard,1,dev,656db67671b080f2a33c3f1de5579849de6c8707c8e5860a610770a5c30616d4
dced74fac0109c53fbae,ada71256c9025c7946205740,neg_cities,968,Seattle,primary,standard,0,train,f68d9ac1d275f0c2f8dc34b9a932c0176474bb995717ca90b8f28d85ab0520e8
4b3cdf7e3bb05f1de030,aaac75318fd170a0448f9363,neg_cities,969,Seattle,primary,standard,1,train,f9b130fbeb000b029006a278c3b6e37aad69d9175a05cfd777cbadcf810802e7
361da2a418c4c2474373,12621d5b9200a446b87e7031,neg_cities,970,Barquisimeto,primary,standard,0,train,dfc24ed12ea8af0e60a83c346c81903dba40d5ac8f4bf8bc09ec124e9bda14c9
28e4f96a999eadb29047,c8521f4fbe7c7861e7fc4f1e,neg_cities,971,Barquisimeto,primary,reversed,1,train,e7b83c7731ad243abe94c719dc84c23d0544d5d3948136b3ebe4c0a5cb875d02
be9b41fa6697995a14f6,a05864d1751b9cdc69b8feff,neg_cities,972,Kryvyy Rih,primary,standard,0,train,0bb295be36b019a2ffba7a80ba549adf5a4f23e2d8a2b8853cafa6947f43ee32
6235724a099f8aa77335,be87a530c450c60709ae40b1,neg_cities,973,Kryvyy Rih,primary,standard,1,train,6fe60dc2a69889099647a2f6e5e8fcdfdd660de44fe4bcea05aae270c228ad30
322e0ce9a320c614704b,b559e46c2ec7cfc2a713de0a,neg_cities,974,Krasnoyarsk,primary,standard,0,train,4ba332c42494110437dc207ed31146ed4469fd6b27dff82ce4afa3fd1afa43b7
57140db1a6dc251793c1,6abb69249083cdee2289c023,neg_cities,975,Krasnoyarsk,primary,standard,1,train,eb159f585ef6fd4b3e79f28302b7a439a076d0ba3aa66d6956d7fad18e9bad3a
0b669614b418cb954dfb,cdafbc597f5b4a7d294922ab,neg_cities,976,Quzhou,primary,reversed,0,train,b9779c97640520713cb5597c89ef3b151dfb024c9b103965290f84b7f3c59a3a
a5ccda4c0d39a6bf1a89,2cf31d66ba817be781e359e3,neg_cities,977,Quzhou,primary,standard,1,train,5738dc1fddaab0aae6c88f020d4c61e47dd336fe1edae907303845a953d9c2c2
69e2b9ed96edf20cd2ea,80bc122d7c422b3f000a2285,neg_cities,978,Pingliang,primary,standard,0,train,d19eea92e58829ecf26652b1456343f522060b8082a27b8734619d0891406c96
3c2837f4420af46de0df,213bd6b9d7329fde4d3d656d,neg_cities,979,Pingliang,primary,reversed,1,train,0fe5a372182c63de1511038b8bc83c48a3bde08e853a03518224334566076216
fc4e5fcc4a21fa0d1600,f94d4ca74a487910957835a7,neg_cities,980,Puning,primary,standard,0,train,8d386d19ea043943216bb533fd358f1cb3348fcac0631797dad5e26916be22ed
5d26af32d7ad5d11517e,c6a225604df7433654c3b950,neg_cities,981,Puning,primary,reversed,1,train,2681f1305216a52fcd0f07b59e5f01f806b633183eea04bbbfda3ce225cde8b7
9f49700d9d03f0b573ad,d901489c39f787f75ce00737,neg_cities,982,Huzhou,primary,reversed,0,train,3580b8a597e636a2171a94f3c5fbf88cec3dad74a467669400b7e0229c881a39
61ade912a71448923f5d,00bb57211c5b7b88c7f2bedf,neg_cities,983,Huzhou,primary,reversed,1,train,6d73b3f0f1c68e0b14800d794035c3493f696c83c0376506af874e0ccc4700d9
e80c655d5768e1551f45,c9eb5524600d763961c352b7,neg_cities,984,Chizhou,primary,standard,0,test,d7b55830a2b6e130e13f49a2f5c436a165587f981ff3f7acc19daeb1be4c29d5
569db5e5bde82a3114c7,0a5f8514effe212a1f679683,neg_cities,985,Chizhou,primary,reversed,1,test,b71cfa1d426a66b175179780cfd1192f72e333e77a9812f92051e4f6944379d3
4a98a857cb7da48bd309,288ff9bc801a7ef57f47613f,neg_cities,986,Chengdu,primary,reversed,0,train,4c85f2cf92ac7dbe73f82e38bcd32741ab7dadaf157649dab237a4d0b63e7629
3173b71b30bad1233c50,3f3e4e0546a19082206ead0c,neg_cities,987,Chengdu,primary,standard,1,train,fabd5dae3b59c4350170854c105a7c60784eaaf0fc0e4f79b80f85c6b7a6f5bd
f35fb1f5c32ff0430bad,c45f42d18174ed151d2a552f,neg_cities,988,Cangzhou,primary,reversed,0,dev,b95c9d987dc0f8b36f7cbcf1e91af6f76874ad5492bd89065d69bcc9bc5ed46f
d9d3feb9ff15bcbd43f1,499397413ee2c6c3ac0567d3,neg_cities,989,Cangzhou,primary,reversed,1,dev,3ebb756ceefbebace7d55667e1488a78b84e94718f849a877d2c5a595d020c58
a4d07b203b02c149da8e,79f6ed58726c81b44a9080a9,neg_cities,990,Samarinda,primary,standard,0,train,5a96ce4c818fe398ca016e305f31b83a36564dd0ae392bc20485ae32af69ba77
99ac977c8e00bc32ceaf,53462fb83b4044e96e7edc0e,neg_cities,991,Samarinda,primary,standard,1,train,96752275a290caa02899842732453e806790198ecb279509234cfd00838f84d6
577b290c16de7384017c,68a0a5e42c11e579abb9b3ee,neg_cities,992,Helsinki,primary,reversed,0,test,5a1be1699cd9576f6286187beff56db1ec5cdeb28e7d06999113816cc1fc4793
1ea6292a8f4438da7b7e,468352146c0368a72db17540,neg_cities,993,Helsinki,primary,reversed,1,test,828c247594a613d5bc1b59e429b0dec413ae69451b8b59fc1ba0e27c58ec9ee0
09782d65de56cbce781e,325bb596aa0f79a8aa68dba8,neg_cities,994,Khabarovsk Vtoroy,primary,standard,0,test,8b426c4b5ba268d92916fc1b0f6367f47c0b64cdfb9a4c793c15ae12b8359e54
1554fcdf17ef6baf4a3f,ae95f4112d5591dd895b61ad,neg_cities,995,Khabarovsk Vtoroy,primary,reversed,1,test,e02febcfbd16fefdad445cb931df690575375ca8edcf3fa7adc55433518c3370
200d161306a027c5a467,223a71feb532c2b85c9ae236,neg_cities,996,Wroclaw,primary,reversed,0,train,33d12a694593a476c35d74171c3cc0176800f262193dc82e8556b9dfd7ff7eca
7a1f69ca6450e53bba00,64c7d4e7eb7e3c9a01065977,neg_cities,997,Wroclaw,primary,reversed,1,train,04726a43e3810c47fcff72bc4e6b23c1d37dc9806d969d5ad8409794b75acae7
6f9ef33adfa0db3c4497,b37ab075dcd0f230f0b48017,neg_cities,998,Oslo,primary,reversed,0,test,0fee2ed24c4838b963c707d1d480d23008ead734554183e334da5dfdb99465c9
878a5e7add2aafcc8fe7,7f2b9e822684d754999299b5,neg_cities,999,Oslo,primary,standard,1,test,c533a6b1590c019069c7de7e3e7393c608788d54acc16844f4f36274b855be0f
a84f5fe8122fbd88cb24,b403f527ec771a6fa1b6a171,neg_cities,1000,Caloocan City,primary,reversed,0,train,87707d4d9e946563d0d6409fbe00f267401e7bfcf0c8792f3f96f4e6babcd422
42802e1cf4402f0d5bea,bd1383d2ec6ff4361a9e399c,neg_cities,1001,Caloocan City,primary,standard,1,train,1dab45c6cdad9024ae7e23f24b931bcfcb7fce3bb2dfc157ac48adbc859eb7dc
287c1341242dc0627d9b,e02bbe66dce46b2af2f05b7f,neg_cities,1002,Ryazan',primary,reversed,0,train,f309c89587295ac820df5c8ca5e498f8cc4c3793eefbe8a07124706b3b34d6e5
454ceb935517df4557df,6937a287e1c6e52b3c9252d8,neg_cities,1003,Ryazan',primary,reversed,1,train,abc2079bee24c736099e77e78a8a8d829ad0231187d9f3e2152ae7590ed3e9df
f30aa733577be5d2d896,b9e378a1d8e95eff8e985763,neg_cities,1004,Ciudad Guayana,primary,standard,0,test,c05e0cb1c1eba47bf9eeaf8760f84f156a464189aad3d5072f1d8e1fcfb3b608
b0890eafe74288fab9c4,9469f6422d6f878cfe90cc38,neg_cities,1005,Ciudad Guayana,primary,reversed,1,test,54f4eb661fe983e629676780c439b87e0d215d9203bbee8c9723f884accaacca
8b74fa9e4ba297baebf3,1b44ef7e72b2f0c6e25be2c3,neg_cities,1006,Ho Chi Minh City,primary,standard,0,train,2e358a02db8ed095a30dd651e582566717d3d0b2f7863804153f86236a481f99
7047597bdc5c30632958,fb438ea80bef4fbca22e53db,neg_cities,1007,Ho Chi Minh City,primary,standard,1,train,bf4a2dbaa9d2513ffb4ccb2f7f3d063184fdd9f71efe539c3ec2831b54b80a45
657f089419c2946896ae,5341cf4a62d0a476e5cf8816,neg_cities,1008,Al Hudaydah,primary,reversed,0,test,5945ea524abfdde15e9080ce418249f552061fbc97788246463e0dd99d934f61
c51e30fa421e0a03f44a,0a714c38b04370cf1c850817,neg_cities,1009,Al Hudaydah,primary,reversed,1,test,3fa1ca90dbe7ededf27cf4ef39f8d2b1f3da73b2901910cc89385393071fb83b
970020fa502fa7278682,7dead3fffdd5d98cf4ea5040,neg_cities,1010,Soweto,primary,reversed,0,train,432211bef08449167d3f207252c00c92fa3f400dfd9514c34b4a6652db741593
db1970b02a437a05e37a,f87119f611cb024fa45f810d,neg_cities,1011,Soweto,primary,standard,1,train,ce039e0edd09e19f93ade0b07355175f132b99aaad6f3d0992aa6ebe570dc376
d18d8a0fb38d35b7ecad,3ec7626e309fca6a707cae8d,neg_cities,1012,Benoni,primary,standard,0,train,be2e8d95a448412796f74e69e22cc5dd71fbb2d02984c471e472717f352d5696
379d0a956c3851b1fa71,592f89ff4b05bf1bb3b3d713,neg_cities,1013,Benoni,primary,reversed,1,train,a5550c0c50f4fa2d0a0e6baca044eb6bb5e06bfeadc35608a867a0c731d09394
9b81be7fd4c4c36aff36,07755c6e4885331737330f83,neg_cities,1014,Wuzhou,primary,standard,0,test,c287fd445ddf9a5f414bec2f43b9bc03b480ed9c10c093fbc8132007c9baf797
99ee1ad342e2b8881095,869e17596305b4b59e209dfd,neg_cities,1015,Wuzhou,primary,standard,1,test,10730c4f611ddfa426aae861a2e7b0c6a8362306da0205b9999baad94bd3287f
a4eced9056a4bf1838ec,3f60b3fd549060e3fe579bb9,neg_cities,1016,Wanxian,primary,reversed,0,dev,155cc1e465814daf2e1cee039cc4d960c0345e6608936a6fd46bfd24544c5dbc
4d4b9fd58afb5d8d0922,96b1f95f3903f34acf9064fa,neg_cities,1017,Wanxian,primary,standard,1,dev,aaa53f5da77063f83b5af89efc8dc4890041a40c0ca2cb0b2605d6acf1678cab
fa72da14200d6f75fd8a,c6eb861bdf2fd5e458ca57fc,neg_cities,1018,Qinzhou,primary,reversed,0,train,f2a0ae0d429d29c4c26b2ac4adaedec4a42202a2d7d48d0b4b9077149e681ff4
2673d02009094d0fa98d,a56edbe089bb32b690ed00e4,neg_cities,1019,Qinzhou,primary,standard,1,train,31e7eb90b3fb5e0ed80b330a77cf2ff39eff0ae5fc811a3b73f739982223a7eb
924e9e5c837d9eca6f80,63c092265bf535795618755b,neg_cities,1020,Wuwei,primary,reversed,0,train,767f11204378d9ff3dd37e212ce4980694a557fdc2bcc0fd91c4b3aadab4914c
5ac19c27350f4398cda4,8b7fb3a8d4f04583e3899627,neg_cities,1021,Wuwei,primary,standard,1,train,0e345179ce7881378d84c71048e3d02727d224667ec88b3f3c4ba0ad9c34cfea
3c9aca30061e92586b93,8437d52713e65f7479d4a9b2,neg_cities,1022,Hefei,primary,reversed,0,train,6a555a2371feceedc1a7beef3611b49886ab4ff7b70437ef9838f1a4debe9981
5f675f3882e8d12c20eb,8885d526fadd2eb48c8864e1,neg_cities,1023,Hefei,primary,reversed,1,train,9171e29c4c91f7b8712044f605ff09ec874e7d6012dce51ddba678ac63f27ee1
9e85d64e579c2bc70d06,18e36080491217f34477545e,neg_cities,1024,Handan,primary,standard,0,train,9a88738d05e0d0b7f21749c09be76f69808016660c659408be1ecfff8b5eb4c8
308a0307a4af9f72b35a,3480b631a2c7d0cf8fa1bc89,neg_cities,1025,Handan,primary,reversed,1,train,f586f7586f0b65c74712029b62a129e90aa174b6cf72625aab058754f65ba8c8
95198b9ca651f43f1889,f02027583da84c56ce5d71ad,neg_cities,1026,Jiangyin,primary,reversed,0,train,d239319084b83caef252a50bea028be65915beccd50de526eb01e4dd34ba4754
cd058801e1bb1baa5d24,2b323511ab3b1f1f9bfbc36d,neg_cities,1027,Jiangyin,primary,reversed,1,train,61397225fe4836c2d72c02badf2ca7c7d72d44d4de7c3383e490d94ba0c86115
869dcde826978827be62,8c39bc256e3f31702fb0dbc4,neg_cities,1028,Brazzaville,primary,standard,0,train,40fb68bb3d14f63b9c6892d21e05dac2b83fcb640ac87228fdd7f9ddb198fdeb
c943c43bc520e6ac1ecc,bb3aaa63fbd92a8e03cd0ea8,neg_cities,1029,Brazzaville,primary,reversed,1,train,9b1a72b68237e2b0414dad25a99bb6523ef63ad1413f7f4bbab1d17ce1d0341f
3ce60380536189394127,85de22ad305ea44ab0fe6368,neg_cities,1030,Sorocaba,primary,standard,0,train,a57a99d4c88718265d65a4e2d010754e49b6551378de2c7fb745565901cc79b2
a9d6ae8aca7c10ac9ab0,bff19073971cfe1ac1c6dee8,neg_cities,1031,Sorocaba,primary,standard,1,train,d16a12069a29c8909e7fcd316ede848083216f1e9c2a9e8cbb4076f72e3349f7
21aa304b37e2167910b5,269c7baa5765af3976cebef0,neg_cities,1032,Aktobe,primary,reversed,0,test,5d0c80d117a1b66318f9c7f5c2e84f6de1593b9d733baa1342b336b677f1eb0a
3862a3cd4101c8b8b2a7,fb0c8a42ed4406d53355adb3,neg_cities,1033,Aktobe,primary,reversed,1,test,b495bc6c26066c0dea8770aabd8e9f957268e12c710812f4161d4533c31c65d5
3d92298b556f0dcde965,dd3ea3a0a6521fbb5a9add45,neg_cities,1034,Chisinau,primary,standard,0,train,bb7a224dc3a90f1dcaad697f79c0a2a37960028f69930b0094113d6d7dcdd9f7
0fec49dd69c7682fff0e,8f75fd5b93e2c5b1537fe443,neg_cities,1035,Chisinau,primary,standard,1,train,15d452bfd4f0e0a50d6b98e2de7cc11868d669455b26fc6b016f64efe9ce9348
61afbd9eeeeab9a0ab91,3af4c1a02403f1442652dbaa,neg_cities,1036,Tiruppur,primary,standard,0,train,2d08f0819fb7c0eb3fd4101b6e05c35e0289f3e3f7f48fe36847af88fd481ef0
e631b92b62c81effdf9a,0a0d716f959ce36d478eb677,neg_cities,1037,Tiruppur,primary,reversed,1,train,fd84a544770de89fe462ced0d325d874848d4429d2170b248463ed54502f63b6
f589b32ca78a6c39866a,a864165f24168b8ca8ad28c9,neg_cities,1038,Kozhikode,primary,reversed,0,dev,9021e37e12f8652185535652195e16895ea051e1940c438fac57df2b9d0bfc8e
2af9c1d3a06b60bccb1d,08199c1acb3a9384c9ac17e0,neg_cities,1039,Kozhikode,primary,standard,1,dev,d8a1fd9fe76d60b59a877d56f913f9b1ff53931a5fcd73e683b243c29fcded9e
981c04ccea8235ed7590,a0ead5d2936a3624934a11e6,neg_cities,1040,Asansol,primary,reversed,0,train,9b8d38b667bc5fb20ee8bce303a462543c3edf6d6b11ae79c00c76d71f25588e
dd6473785c60cd680021,cb289aa4235fadfe21ff2716,neg_cities,1041,Asansol,primary,standard,1,train,28dcd3bc3c77e25f7a6a73cc58204e14b82e0e455fdc307c9963e398d35531ee
f143e3cb17d070c1fc00,be3568a0a88afcc84ae9d285,neg_cities,1042,Suizhou,primary,reversed,0,test,a4eeb41a2195a9e4bb019185907f8ce944fa0d93badd9be716ce6ef767d3dd13
2ce364215a943239ce4b,6f28541e79909cf96425d41a,neg_cities,1043,Suizhou,primary,standard,1,test,5d1a0686f31959576bda8979f9b9d511791eb128a401db35390da6b39ee63cf4
ce242d685a559112c310,fb32f50702b19f8fff5580f1,neg_cities,1044,Jingmen,primary,standard,0,train,389e583896de0f70e1d9187fda43fec7c422f7bb0251c33c4234db10e9f8da2f
2b25fdcb2791aad7e829,5c070640e4cbe5c7fcb2d5b1,neg_cities,1045,Jingmen,primary,standard,1,train,7a7b59fa29877f261f050d60c5b56becad7d879fdfcfedf38016f0e3a7951c75
be90ebc2d1fc5eab02dc,1ee7128dd6150a074e3291cf,neg_cities,1046,Huangshi,primary,reversed,0,train,713f90d4d8e41073b582a6109faf2e1b0d627a2c5936bae9c0f791e8bd4fd12d
44a364f166357fac148e,fb39dd2eb870a60b83344979,neg_cities,1047,Huangshi,primary,standard,1,train,0be8b49dbba0961448ac3ac7ae29bb2716ecbc546aaba8f48753f29239530b38
5f41178a858d9e430404,d22ac09ef3f2c56e3020d60e,neg_cities,1048,Huaibei,primary,reversed,0,test,c8cecb9bb436508aca8ab2b03107bf1875f2e0741a35bc7a3e512918c0c42746
f20535c7232cae67f14c,62e2bfb900c9cdc31106d137,neg_cities,1049,Huaibei,primary,standard,1,test,7675b112f723fa0ce8b34147943c30133efdf70ac538a424e0bcc11bb62b5521
f88a44ff890b90f20532,50996e007dacd01b2936d3df,neg_cities,1050,Hebi,primary,standard,0,train,8f33b6c108feda0594585519245bc0b919558421ed48e36bf45b3e3dac7c0a47
e3d4f3d8c6053731d733,5bfc23631ef973fe03a154bf,neg_cities,1051,Hebi,primary,reversed,1,train,e134ffc9e3eb8f73ab8df3089fac750cfff78be803080afec8cfa4e3846d304a
9709b5efff144c189c09,0d918d9e5d899b8a3c5c5954,neg_cities,1052,Benxi,primary,standard,0,train,ea4cd3a88d421e89146b412f6ec334aff70ac676dded53c9f7cd3ffb6906dccd
c5bacbc17fc2443b69e8,b5e75c525f8640370d5a9abc,neg_cities,1053,Benxi,primary,reversed,1,train,6df9aeeb6708a49ab035d31f9ae212a1434cf67fe8cb671ee310f5bd22f26633
9acbe78a6bae545f938a,e09ac054cbf33802caf4c53d,neg_cities,1054,Fortaleza,primary,standard,0,train,c59009d0b5a3ec7f4561aea0636a10778055dc6f8ad3f64b9a32d076342d5fd4
b65a29ba2d5189d01b02,fe6f51ad0783de6e4bb05c7a,neg_cities,1055,Fortaleza,primary,standard,1,train,fba641fc5f622a7d0d71a1c8fae086a610d6cf33ed2b5dd6403d24af2ec74b6b
17c34acb03036c871f81,aecf8adf0fdae6c758625034,neg_cities,1056,Antwerpen,primary,standard,0,train,c1b4d9527d694eff139601821a175d6463612676081d467f3fc9c1513a157a3f
2260ea55bfe89ad587ce,28b4c9e4759ed0a37c1203f9,neg_cities,1057,Antwerpen,primary,reversed,1,train,37b95e076631b6f072d0748dc0ae22527182226c23565db40efb0eb367fcb22b
ca8a3d2ec950a796eadd,ee344c4dbf20f075d02bf21a,neg_cities,1058,Pikine,primary,reversed,0,train,15bb101a9447c3c30e168d80932a6b6840d9165b13477c6b74de65337c12ea3f
94c840bc08afa3972b72,b35122fe01f463f5736059f8,neg_cities,1059,Pikine,primary,reversed,1,train,739a9e81e4ff758716b8d4b6d6eb7a1250fb91f29f889ae6ee86dff8f79ca2bd
a624ade8961dda3fdf59,f65a6ed1fb51e0102209d338,neg_cities,1060,Dakar,primary,reversed,0,train,cb5446bf6a159013dc1319d41c5b209a83e6b987f9fe272aa3e696428fd236a7
0e94d35c63adf8cd1fc9,a02c166568421194a55b4d93,neg_cities,1061,Dakar,primary,reversed,1,train,59d18f6dbbd2e1414428c752d60b0139fb96cab95869181a4a72c2dcfe2267b3
b5e36df15928d48d6a39,91db08881d3d721212392347,neg_cities,1062,Faisalabad,primary,standard,0,train,3b4abc6557cf72c82c5a04cbf0e7239d1affa79776c2e2750b780561a0b91aba
c58c63333b20868ffd56,1cbbf9a3ee2f3081ef0c47cd,neg_cities,1063,Faisalabad,primary,standard,1,train,7e551737405ee416b4c6b9bfaa3f98fe065f354d29b404705cc91c310af302d1
77f9e5a5b38f2ff0f2fb,8921012d9262bc5eb8ae6105,neg_cities,1064,Kyoto,primary,standard,0,train,f58e7bfce6838de688586de4485fc63521e046de5c8a431d9b53ec357bce05c4
278ed1e87850dc0d6053,b922561ad3acab9b529ff578,neg_cities,1065,Kyoto,primary,standard,1,train,56ec59c4be45e771f7bc83efe96e286080c84524fe6fa799a1e07f7a968cf5ae
e799065b2b95f747a58c,203bcbb4892c594dcfe15fd3,neg_cities,1066,Port Harcourt,primary,reversed,0,test,58e4af619f7ed2480720033698af7dfe9451be665a7795733a73f7c37b351a7f
a6397f0ac47be028aed5,4bb7dc4ad60332915a9acf7f,neg_cities,1067,Port Harcourt,primary,standard,1,test,5f9a812a94da9b34563e5140a0e80400fd326292693611e65d32e29ffefc0a68
d8cd61910ff8cf7e8e0f,820e8e601a6b69b6592860d8,neg_cities,1068,Makhachkala,primary,standard,0,train,05ad84e87257d9968e277ec9680bca591ca7cf1ae0f81883366e3c29ca7c9110
a246f9acef62b1fff314,df63b67c7a71d476eeb0b133,neg_cities,1069,Makhachkala,primary,standard,1,train,9f7d3ea9f1da1d72bea3c328092a942b6cf7f00d1edb6e4dc17e676912f07ee0
59556462e165eec6897d,6ff20c16aadd17752b57ed2e,neg_cities,1070,Thiruvananthapuram,primary,reversed,0,test,842d08cbedbb442554ece2071cebbcc2ad4b1e0ec838290ba83759866cd6cb43
c03bfe5c3b1d9aaa5ca0,9a3c9d5a8da86ca78ed7077a,neg_cities,1071,Thiruvananthapuram,primary,standard,1,test,219687c972686298f594ba3435d3127f065d589501a6b1b953accdeae91753ec
c448d6330fd5c5701fad,ba5837159e0855684fd0c5a2,neg_cities,1072,Madurai,primary,reversed,0,test,f5c4bb061be69b2c7d7b82cd5d8264e5cfb1173a92c950ff01c7635854e877e6
0a762840aabe888f5371,dacf755665bace31da6a39dd,neg_cities,1073,Madurai,primary,standard,1,test,0a102fb6a004c6fd37f5048421e29e5f67a3e8e7fa6d098ccc9ddcd11e69e48a
aa40a55981b0fd04b9a4,78ffe1e91df40a9d8276ff81,neg_cities,1074,Abu Ghurayb,primary,reversed,0,train,089937bd28d7e30a5460319e4f06c7647b90a0e9cc95b9cb5f04eb1d32d094db
7378562b3de1410eb474,1b6fbe744f87ed490845e550,neg_cities,1075,Abu Ghurayb,primary,standard,1,train,22cb37d26a3dcd8f9ef4630cdafc318a3b5ac48dca3c008348a1e3dce723cd50
048bf76403256c039c83,c710a1fbedc4370e69f9cdfa,neg_cities,1076,Karaj,primary,standard,0,dev,d4ef77218c4813221d4beeb7f849ca89a58c2987b570e76ff67edf8526b56cdc
87cbf853c8e7080ae145,7fd89ca9e12b9c82f1fa8a2f,neg_cities,1077,Karaj,primary,reversed,1,dev,3bfdc01cfad1971f0fb6fa204b40da271f84805fef08da0a540c4a1c1f9a2c74
d2b8c893e6a3b031e765,f91eeff916bfd8c35862b785,neg_cities,1078,Kampala,primary,standard,0,train,9909800b3d7c0a2730e4f25f65a2ed5e1126c53b5aad52f510788d3748e1d4e9
3e7a7cb1fcf546eea5c8,169b65e397f7986dd6f42fab,neg_cities,1079,Kampala,primary,standard,1,train,8d28aac517a7f44a8a11946c6b26a8b2f1c6699db26ed1921f0cb2ca8981d607
657874c36d87409c88b9,ff9b5dd7f0acb14c00335270,neg_cities,1080,Chicago,primary,reversed,0,test,4ecfa1c6788af9a57ab497bdcb757ac9f3cdfe76a2d7ae62f7c7894bca06b251
1154c82322f16ab06f29,20c31c9958ba7e05f89a5fc7,neg_cities,1081,Chicago,primary,reversed,1,test,55a1843df5e5aa774d2d517c971cefa3b6a4af999f5e520d97e8e34cb25cc165
58ed83eaeac43ce7f7c8,db2ffaf1db406bc249ae5a13,neg_cities,1082,Milwaukee,primary,standard,0,train,3fedf249a979745186bf1a84b123732828b85a9255a12ee337cd11bf9e38881d
8edf64ba8832dbed3daa,6c31eae6cba4273e1c501d5e,neg_cities,1083,Milwaukee,primary,standard,1,train,6e707cdc66599714d538a0b988e52cae0d1bf765a48bb7e1a8976ec13a7006f2
6b1ca31d5dd29c010c6e,6ad7bf7c46efb445b61512cd,neg_cities,1084,Bloemfontein,primary,standard,0,train,b819d5568d21b2d77272cc0e7c82054b758e2f3795a423785f0009de6bcdcf22
6ce0bafc95ab3df0bb44,d0002f00a7ea4eaaea66790f,neg_cities,1085,Bloemfontein,primary,reversed,1,train,7efc80e901d7ac08b7d25afa43920583d90758301e9c9f162f5821ca6d28be75
0723500a7ec435117d40,6f67a52a2b545eb75b741d03,neg_cities,1086,Uberlandia,primary,standard,0,train,6ae554e60e89dfd64033ea01b0718f4ba37a08ad7a25def1772674e75b59ac53
bb491de06f0c9e665bdd,4c2263b2f89ed3922fcdb387,neg_cities,1087,Uberlandia,primary,reversed,1,train,bd783635af0770c3f5b9cf1a77401bd2eba5a911e4673519d7a60ac31e53eb05
08145f3dce7108857eed,fba7f941da5dff35988b5969,neg_cities,1088,Curitiba,primary,reversed,0,train,81fa1ec0ca91bf5ab6f2a7de2352167658e784ec2664af5a17aec278d2b876db
6969cba6aab01b7f1dd4,955193cf81e8a691fd82d8fe,neg_cities,1089,Curitiba,primary,reversed,1,train,7e099723012e90c8e287c5ab09ed057d14efe6afe374a365ac05037b7a8b2a0b
b2398aefe5d589aa7922,700eb407bc64d064f7dcd9cf,neg_cities,1090,Rio de Janeiro,primary,standard,0,train,36019556c9bce5fefaa862cd568990b6221c0f5a641406af4f39d9468012936e
c3bb1da6cc00bf7623bc,041de6f04adb135205dbfee4,neg_cities,1091,Rio de Janeiro,primary,standard,1,train,f3938815bc66a4e9841726b254b6d1b5a3ccbd59ff34be25a293b8c5a5776849
7ba27db4b5be4b45da2b,f190ee3ed534b869991697b0,neg_cities,1092,Ribeirao Preto,primary,reversed,0,test,fe4fd7ed5b3b4bf5f20cfb88ae65b75f07ffbbf0b913a6e1aa625d0509550ec2
5939635099b6bccc09e9,4252400914b80113251bf324,neg_cities,1093,Ribeirao Preto,primary,reversed,1,test,488d1802a7a4ace460d092253dfb041d6c2ba560348d9f2660a82cfe10596692
37302cf30d80b19e9fb5,867f6e6aff8517015b602359,neg_cities,1094,The Bronx,primary,reversed,0,test,d5d7c2ed50f8a2a100837fd87d4c626c8d8a3c7b16fe3ecbe1163e8f196714e9
7ff785353341e7f4a5bc,ccda66215b539a49d26b3d6f,neg_cities,1095,The Bronx,primary,reversed,1,test,c3a02086a2157f6c15a4dc106b0ae5ff878fdbd2fb7a32a7ee706e160c645bf8
c33d2599034d5aacb3d9,3bc73857b134728049304fca,neg_cities,1096,Samarkand,primary,standard,0,dev,7fad9223a849bd7a8f9c6132eb7f952c69abae0341e955f1ace96260831dfa81
180ceec1059d5d9ba457,f45185cf7377782304fdc933,neg_cities,1097,Samarkand,primary,reversed,1,dev,442328b6736f318d14da95c04a6917428e322f0a923bed9dfacd2d506ab9747a
1fb64eece8db0fbf50e6,0eb87d998c877eaa5ccc84a1,neg_cities,1098,Da Nang,primary,reversed,0,train,a2c4e29bf30e93800eb88cec512a54e59474ece3e90ad656fdf520c39d7f235f
3a2efd6d1455650abc70,857038c41323a93cbec9620c,neg_cities,1099,Da Nang,primary,standard,1,train,0c7e0317ba62d42c5de90a195cc2ce71f63651906021e1562df88f2f38664d34
16adb1cf49a8a1139071,3adc05884c253a6b6701e5ea,neg_cities,1100,Tomsk,primary,standard,0,dev,a2d2a8e3f939719e4f865a966d9a0aa1f62d7c3d5fd4856754db4f10feb61183
3dde6a12f5c0029a8a70,411d9034913f79ddf2b57391,neg_cities,1101,Tomsk,primary,standard,1,dev,8a565139103015f2d01e81d2f65d53cfa9689359a61788248f977505ce3bbdc8
977d7e7c1a0cfc439a98,56b1e5aaff49d58ce6e9d2d2,neg_cities,1102,Najran,primary,standard,0,train,25024ec3f4214e6ac239280b59b8f04fe6c7bda9ea32b5b75ff473fc1134bbc9
4e26bebc940ad0ed6107,efa8c0d1fb22fe94ed1c1c5a,neg_cities,1103,Najran,primary,reversed,1,train,f1c51a33bf7de4f88c19cac0744d91e8f278a4ebf7c0625c77adacbf379847bd
45af4fe0074e974f4943,3f65f828eb24338b57da7107,neg_cities,1104,Bangkok,primary,reversed,0,train,06d8545d8e7c7b5d539fc686a4998fdf7bb80f9e2bb872887f8b0795cf5d08aa
4b86ae6747ba2fbd887c,56bdb8051775431adb087332,neg_cities,1105,Bangkok,primary,reversed,1,train,4091b0a39224bacba40e099efd17ef002a3d9e6e42e0090c713561d2fe513c52
23d23d1a081e66ae1688,2934177411b9e09b323c782b,neg_cities,1106,Oklahoma City,primary,standard,0,test,f2c805f9ecff95509de946e1e60b2be27ffffda5125d7ac7e32a0f35a03d1172
a70c5d93090c307c4f7e,7d3a0076241ac3c738e366bd,neg_cities,1107,Oklahoma City,primary,reversed,1,test,061fa850576bc20037e288b4e3a68e43bc9ca6b8b689ca3a21e77f4a83be1d91
b6870519e537b48564b4,4da04231728bf217e06f69a4,neg_cities,1108,Izhevsk,primary,standard,0,train,0fc7c1fe8747a3ddf6617bc68f4b6bea9788de9ca0cc97ec98346cd8c4192212
920505ec685459926947,462cb6b35bcd954656dac04a,neg_cities,1109,Izhevsk,primary,standard,1,train,dd4678efa518098c38557679a61dab5a3eb45a63920e4f6702cbbad863d3e01f
78883354f7973c0300d7,89ec47b21d08f198e6def315,neg_cities,1110,Madinat an Nasr,primary,reversed,0,dev,279796c2e196def0b2836be9c099c7bbb8185b3957dd466df8f839948fd3f8df
42ad1273b72890e7f218,eb6c37f77d2cee6c518e5b0d,neg_cities,1111,Madinat an Nasr,primary,reversed,1,dev,0a127bd9b8b39fe5e57f180484b6034e8089faea3a73fc7e32153136d8ca8357
98df1b9152ed99969d32,f986b4a9b069d6c275a4ad99,neg_cities,1112,Yibin,primary,standard,0,train,58495c271906aa9414b2651a1e364e6856741f04444ea6a50ec86956717d2865
74f54f6912c7f482ad9e,432f2c538b846c174b6fd182,neg_cities,1113,Yibin,primary,reversed,1,train,84b07d759c4eb028b2e924c8b40cf2ec81119aa1f2674f290dfd4b689c62f243
f2579422a80b0fcc248f,df9d3ae33b701ffb943dcbec,neg_cities,1114,Sanmenxia,primary,reversed,0,train,cd1b056fa072374ab0d9737e2b6bd39ec65f390d0b21d4a7cb13f25d8c0342f8
6e9845f12abf18e3b7c1,6ba05ed21d2c67c41fd4f3bc,neg_cities,1115,Sanmenxia,primary,standard,1,train,c9a2ea4e85a2ea1b8e0bcda7fe4d4f22e9facbe0ac31efb74052e35f3cdd4ab1
8f887d26cf60d5ea3722,0c3353a029b7c42b0242ad9a,neg_cities,1116,Rui'an,primary,reversed,0,dev,522c4bfde09837954277758c6a840c0c8867e8a0077846c4e967a30d3f8f3ff4
b008dff4eb34327c306c,bb375215e3c17053b310a16f,neg_cities,1117,Rui'an,primary,standard,1,dev,7058cd173ccdba80846e965ebc35da39f09f6f0d8916334768ffe93800bac44e
2ae8beb84c34a82a9fce,3eee4eef0b96d5a2b70226ac,neg_cities,1118,Ningbo,primary,standard,0,train,e122851cb16340380a9c7203ae3b31b52045d2cf7c4a19c5b992684fb3680461
5b9e8601eb1164ab7e96,962152c846f6b7e85c37d019,neg_cities,1119,Ningbo,primary,reversed,1,train,d88901f2a45bdb3b8248812605e2afe609b7b4c618e08594a1c81b92badfcdf6
2809887ba67437307338,d2067ee8aa77adc3a75395c1,neg_cities,1120,Jiujiang,primary,reversed,0,dev,ba2fc9008638b9e5f7f6892527ac8f85c0bc2565fa29202b2058875b77941355
40a90dd590e809aad94c,c1ccdb4c226e4868ea821f7b,neg_cities,1121,Jiujiang,primary,reversed,1,dev,70b4108d7dd7c505888f0a2da930c767ead6d633b00df2b701c7efbf3355e2b7
5b063998bdd6a93b6cf4,826ca6cd1ff542c3baa277cd,neg_cities,1122,Jiaozuo,primary,standard,0,dev,1bfd329eb8d062e023bd2daba6101775d2bd8c46c0e3632f57c48f0d4d48333f
f266b9d20d04dd17b23b,9e3571988c4b5c7d04002aab,neg_cities,1123,Jiaozuo,primary,standard,1,dev,6730a21f176701c02d9486ee37b6ece60a269422b8048c9bf269cfed48635594
2fb0ab8769321bde3664,ce1f66c147a327b14737e085,neg_cities,1124,Jiangmen,primary,standard,0,train,b2ce0fb4e69bf04ad4c6bfd65cb620f5d8c55a0e7d3aea4366ab9ee9aef9025a
31b24dbdc3bca9250c81,be90385ceb023726dd3c68f9,neg_cities,1125,Jiangmen,primary,standard,1,train,0f2d12a9e07e9b9488ab0294449cbc0bcc32f0de70fa29695d741337984a9ceb
96309e1a8860bb9c812c,6f899ac37b8bb82a071822d2,neg_cities,1126,Huizhou,primary,reversed,0,train,569db2b041af3374650ab183d2e05b0a4959742100d7bc1014ac96ac9ab254e9
84141f139e1a17b74c0a,8e40c04cd2a999d4ba01c3f0,neg_cities,1127,Huizhou,primary,standard,1,train,88caa19cad027420a3f0c8f4daeb32303e4c5dc53112029c1190136c7281e50b
34d9044a3bd4c9ed23ef,0eb399e98b6d45513b33d636,neg_cities,1128,Harbin,primary,reversed,0,dev,ced4ec225e8000741e8b9351062e568a5b0bbad34e8efc545832b97d4880f38d
90f334c45364a9272026,3f37820ffccd4e7ba71922ed,neg_cities,1129,Harbin,primary,reversed,1,dev,904741db36d9ef7e40ebe1d4a0ed64747f3bcc54f948f0bee16d868e8a0c910b
29ee17ae960fa7bda6ca,3e79e5d45d1fdcec15a6a40b,neg_cities,1130,Herat,primary,standard,0,train,7a8f748208ec43d6b64bfa2bb027573e204fb4e571dd2e31c52e9e87ec6ce383
8034a5bb2023172b58b5,80981ef66247ecea0fc2f45e,neg_cities,1131,Herat,primary,standard,1,train,b7fbec7f4dce69f965b312bc12f0a96f47b1a53e103caa08adea3e4a34c3e8d1
2e87f9313de517aac6bc,519bd2c4cef90c084a86fe99,neg_cities,1132,Kleinzschocher,primary,standard,0,train,60d912aca180df5b8418519613c5d4ac5b86fda0ef81acb5cf5a6249007870fd
96d47a9cedd8f468cd20,dced65beb1b00ac80cd33b4f,neg_cities,1133,Kleinzschocher,primary,standard,1,train,c9fc742b56b8de82077acdac81271a6ef6da139e90d51fcb1b8b2e9c87016bc2
77f91dde77d597b3e101,229dee90159bbe0eb43c2e9e,neg_cities,1134,Davao,primary,reversed,0,dev,9caa413f489e47f54653185c51aeb05647ea39361cbfd73aca25aaef4cd0c173
2865e4a4232c3cbcf114,c0954a6158ef8f7ad582694d,neg_cities,1135,Davao,primary,standard,1,dev,d80fb7f1fa9a3e9522fbab68bb727457521d6dcdc3a6a604abf85d534508fca7
358a8c433ecd541be889,ca9af0105e86dec5ee2cca00,neg_cities,1136,Sargodha,primary,standard,0,dev,30fe840a663cb13dade45cfe5fba1fef1dbae80fb9b6ec651282f420f7e51be2
b87fbb5f9574b6409738,a53b08fe8f4541b6de50c452,neg_cities,1137,Sargodha,primary,standard,1,dev,5089c5f833de99e8243d18f14a1baf7fc1c315085e1879cfaeda2c0eb96fc438
b75f07563ea388d28d9c,8c020ad7712d2bf5706c5978,neg_cities,1138,Islamabad,primary,standard,0,train,b6cba78b62e230a47c5bc3203576c10c7aef049331fd40ca0a0b82c4ef9358cd
89f27a20ab8b5dfb8c92,34d2be1b0ed8eb97593efa96,neg_cities,1139,Islamabad,primary,standard,1,train,187e70ba350aaf8da7969fec732f0a70de7294ecf0da01b82b4117fafa08afba
8c4f68a4ecb89f30114a,fce836144afa670647d3ac77,neg_cities,1140,Zapopan,primary,reversed,0,dev,27e144dbc572398d9f8b5980bedbfe0ba764e88da0e8a334d15d3978f149dd1e
463aa4b772dc2f52eb22,f6b8a4056dd078257052928a,neg_cities,1141,Zapopan,primary,standard,1,dev,cddd6cc7f183824ff0cfa7ee3b3514f85647fd51365114b8f56e0b61b1521ee2
ae5ad1bfb671c2cce290,ab497e16d51927370f2bea1c,neg_cities,1142,Visakhapatnam,primary,reversed,0,train,04a132e6115f9635bb233de7397a6fc3f93446e12482fc6c7a43fe189d75b1a7
e92a15a334b30980b02c,b1bdd7444bc7306801f9272a,neg_cities,1143,Visakhapatnam,primary,standard,1,train,a2ec68c58fb72439311f6fbf40192ac585c2d4adc2a1c711b5b14d01dd9a3adf
b901d31b8a4f7279bb3b,9545f0dade807341a0450aad,neg_cities,1144,Rourkela,primary,reversed,0,train,9d73d4066b4771bc750826ad673837d1e2a5e1702972219a9c8b04174835aba6
c7590bdff6167a03ee3b,711228a29bb7d7da132cb6e3,neg_cities,1145,Rourkela,primary,reversed,1,train,0f79e9f20229e4157712343254820bf6724fb47e6b375b24c9fd9bdc16f1b722
976c861bb8a00139a5db,0b4c2c0653597a6d9aaac8ae,neg_cities,1146,Dhanbad,primary,reversed,0,train,2c7acd173f85608d53d5ee593cd5c15ffd56a33d7b696e75505637b79468d55f
1ed602d3079ab147f799,37b26a7967b7b5be662984b2,neg_cities,1147,Dhanbad,primary,standard,1,train,6fba79aabf7ae09a48f078fae8505750ddcc88a84c6c4e3369349ac6e16b9e8a
3093202b27060688ccc5,113aa65bf74bc5b4058f36de,neg_cities,1148,Bokaro,primary,reversed,0,train,866cc2cd96d7b5260099c680e39ebb60991aad840d7743a9459529bfdc0964c3
773fef18f6bde5f63b95,a7a90bcdcc53f8804d2cc3bc,neg_cities,1149,Bokaro,primary,standard,1,train,1be758b91cc0b1cace5193ea83ae69caeed643981bfa433b9e61dd40c3583249
dd0b38720f0299314d39,e4e16e12a9e53b3a12dd85f8,neg_cities,1150,Tabriz,primary,standard,0,train,8a19783badda8448e825b65d9b5cf794a91a149981e68db55dd445bac6f10d85
e366b2ea1efbe2c769cf,4a0d12fb9c16c1a4f201ada9,neg_cities,1151,Tabriz,primary,reversed,1,train,22e48b43e71c601ba1ed6f496d5e6635f13840f40cea906c1b90e6e1e3fd437f
ab2bf084ffc476b64f9a,cd0ccbd6c7ef89ce3bf9d9e2,neg_cities,1152,Tlaquepaque,primary,standard,0,test,be4b1141c561c33c1146bbbab7ab05258cc3373f88baa6bf6f7cdbc2422eb780
39dc4f5580f1c6e2b4af,8ec788421571d1fecef64e89,neg_cities,1153,Tlaquepaque,primary,reversed,1,test,e3a13925dc2eeb19d4a3b5026d6478bd88a855a3688a5b29a7bb35a06ac4ca21
e9818ee736c57b7fadd7,6d2966363a008eb0f7a38089,neg_cities,1154,Victoria de Durango,primary,reversed,0,train,a160ac5a63eb2f9f83ea85adb5163211e5bb6374b22c9625f43677de11965179
70947d7ca711c28a8422,f17686cd42e58d671f2404ea,neg_cities,1155,Victoria de Durango,primary,standard,1,train,feeee13f705a9e74c8adc39c433e4c94126e5172e86a6da3cb8f771561670622
089e47338bf19aca6a50,b4d6e631bfedf4c8304f07d3,neg_cities,1156,Kota Kinabalu,primary,reversed,0,train,abcc282adbbf1845fc9d682c009bfc81d92fb8f93855116226c36a8806ad63bd
6a45f5336cc1d0b42321,112c0f6366b631370d6df777,neg_cities,1157,Kota Kinabalu,primary,standard,1,train,39f7bcd75a989af28f95eb906a5417a256fc56bccc8f94090a43446733bb0bb7
73a217eb79fa5900165a,f9f997f525e061da968b35aa,neg_cities,1158,Nairobi,primary,reversed,0,train,414a7252615cf7bd718b64bd3ee18b1ff6e03f723917836047ea3b7a99784950
ceff8d4d34dee3c096c5,0fb734d9d05fe0ca1457f00e,neg_cities,1159,Nairobi,primary,reversed,1,train,4aa24da3e1220f42692e9cca3ee1366079eb18ca0388cf5a3cf30559d5debc42
324adf6b24510624d2ee,232cb7ae341d29c5caed9eef,neg_cities,1160,Taguig,primary,reversed,0,test,a7630d30327770c2b1a0b8bd056f8d303fcb845d5194c8388430dbfcd13ce8de
8f11af37aa6f6c86440f,29671efeeb05d09c837fc3ce,neg_cities,1161,Taguig,primary,standard,1,test,921c14d16f75668017b5ea82d974eab05f3c0303916d24bc597d49e8d09f96fe
d097cfcf697dae3fb587,3cdfb0c3167a4fafb27ff4ec,neg_cities,1162,Rajkot,primary,standard,0,test,6103a8c98f32466674b8e3f0e396c0d5a622fb25b8810cd1470cc8cda98cc655
d8c73f984bdad43030f1,5ee39087252cfa9deb309b23,neg_cities,1163,Rajkot,primary,standard,1,test,a20f55839b15bffd47669f291fba34b154afcf4ac524fe2f7e88d673689d6d0a
f9b6c947b5eb81e9cb0b,e0762f36eefbb2e0d1594c04,neg_cities,1164,Pune,primary,standard,0,dev,7de54275ee4cb96f49ab21f081cfc9ba1100a54c2799c128ce0eb3c028e0a235
d0d9ca0de947fa4cf1d3,bcea766bb3738bafd7319ae8,neg_cities,1165,Pune,primary,reversed,1,dev,1410b294aabb26e7f255531449b10304190b72e97d0c787a9fb4732ca3f0fda0
1c14e6b77d71d3ea6c4a,7acd51fde269dc108d5f10cc,neg_cities,1166,Ludhiana,primary,reversed,0,train,7c3700a0c3a7aafecec07b9e7babd0ce00d7c5a849a0433c4254b5c525d04715
95ab40f9fdf5b74a6cff,f4e656fc7dc82ed984642ddd,neg_cities,1167,Ludhiana,primary,standard,1,train,d6f4b95e5bf4d292624ea1c5f91ec138e21dff991f84d26d64f6b0c638ea9d1f
3f5eafd4cf96ea857e41,253174856a21644fa2c97913,neg_cities,1168,Jamshedpur,primary,standard,0,test,b7b5c166d424755bf0add7ef4bb89a29df91f304dd9864c88ab4adb69ce9d41c
22cf141e6512647c6dc6,3d7c88844b95f8b0e8289862,neg_cities,1169,Jamshedpur,primary,standard,1,test,1ec9d33f35206d47338bfc0a5562545873d0745a49fdc0632e86e61d41c74fb7
bac63fcccf1660e844fc,11e74deced166861f6285fa6,neg_cities,1170,Bhiwandi,primary,reversed,0,train,3ac2383c61433a9bbfbdeb6864ff175237cdb3ee09bbfe77cb718f802fa779d4
c68f8cd7c0aeb1259e0d,9821fc6d8cad0f9e878011bd,neg_cities,1171,Bhiwandi,primary,standard,1,train,a15ea28a864baa6f5ad8079d643e74845ec75c4fac88092da646c7c0e7a08b7d
741567a7e7e21e547434,5a4bcb0879665a5129ca6391,neg_cities,1172,Erbil,primary,standard,0,train,5e59865a43f46deff10b4b25490da0c04a3a8851b7f6ba67a97ed8c5a31c1975
de0610265cb2dbca80e2,6e7354fd522c0ac9b104aecc,neg_cities,1173,Erbil,primary,reversed,1,train,3d8470ac2706b25b1a6b052c341b11e4636c63a258ff05ef3ac8de4b6ad4c89d
d85a0539cf54dc000ef4,938cd8a600085221efd28083,neg_cities,1174,Chelyabinsk,primary,standard,0,train,9482619a05c6b19dd4a00e0da6bc3dafce63179d68b3645c375047837f7a1694
3e528e4a645bbd135db4,348e9175f319bbb56a06253e,neg_cities,1175,Chelyabinsk,primary,standard,1,train,25199bbf1f4de3e6f6c8703140df3dcd1051563c9ceb2c24d185815abd85c33c
5a01be9273929baac653,23c1390accc3b1340f525b7b,neg_cities,1176,Uskudar,primary,reversed,0,train,ffb5a09a68916a0e6042bbc140126ab8b7469340ea30b8432054ce25ea484e15
eb133cfea5560f42f724,de63552908ac82e281ab7fc8,neg_cities,1177,Uskudar,primary,standard,1,train,d5577407c28452fffca9063a89aa1470089fef98d00c09386f21368b5fdb36d9
9e7d7833aa6d9d1f8393,c2e672001c6ab73077eb445e,neg_cities,1178,Bagcilar,primary,reversed,0,dev,619583cb5750e3c5b6c938e3bb06a53ac85eb02baa9fbafee0a3c4bf1c5c0699
94ba730882ec4e686b49,151bed95b6d93dbc7b6e47fa,neg_cities,1179,Bagcilar,primary,standard,1,dev,2bbab13af6508a540b73eaa1eb235888d7953f64ca3fcf49c84171905dd2d416
3d8e9b5da15683ffd2f5,4e58e4bccdcac3859e769d43,neg_cities,1180,Quezon City,primary,reversed,0,test,292e0584206b98a3bc0bf65afbfcf52b57db2abf4f1be962e64aba809dcbd22f
b9b350553916cf38a925,365fb5e84a4aaf8e79ed6f04,neg_cities,1181,Quezon City,primary,standard,1,test,a1a4a23e4daed8a6403bf2791d67124fc5495604b8ae96b4903c13afa1e2d5b4
61093268f163365cff79,ceb0161a982905f0c34f53e3,neg_cities,1182,Mexico City,primary,reversed,0,dev,3a5979181e6f3531d447301ce6d3f5252094db8c6b3ed377c27f1775fbe56daf
e2a852d7480732edf184,d4ffbab388e53f878d227b88,neg_cities,1183,Mexico City,primary,reversed,1,dev,21f94d1895a5cee6de22111c664b9780e83ed4b98b51b59b075ba3968b694089
3030d440fb6475511608,b9f8fd472bf74f4fb1d637f1,neg_cities,1184,Leon de los Aldama,primary,standard,0,test,41a6650e6234c3f9732b5f8184800e3d2ef54e34addfe6deb021556820259077
bb85d09230b1499fcc5f,d290b2c4ace9a0477cb23492,neg_cities,1185,Leon de los Aldama,primary,standard,1,test,e4361da1028a259e0123aa224aeab4ed26834dec84a5d8ea843ff67ff47c225f
e9385313656ba6549605,d472f801bbcc437756df2f1c,neg_cities,1186,Fes,primary,reversed,0,test,0dc943c4ec5b7a427cf9ef14e8b57b939961f998dfc600fe18759b9b1a54e1f6
3a9491acf57a94dacf94,3c0efddbbe6846a028325a72,neg_cities,1187,Fes,primary,reversed,1,test,91d00c3723030e78b80d17971b4adc394f783dd294ac7693ca9a6530b001ab16
f95e7b1d37fd048e09aa,d64ef829f627ebfe5f9bd450,neg_cities,1188,Surat,primary,reversed,0,train,4bb9d34c0df40637e8d87f89d9fa5f498fda40004917597f6bc16c71f72f9725
bcbc1f4c87e1ad201826,78ab2f71d4a7625a8d49b6cd,neg_cities,1189,Surat,primary,standard,1,train,6e52ce4853f54a365133bbb250de845c49c896e333eec0af88279d3859c94074
a8aa24c2bae61322b786,2cf4b34f7122564e8b687322,neg_cities,1190,Barnaul,primary,standard,0,dev,74ce56fa09ae13926da8f7ef85afb69c6cf9fd95007a68bbdfdf54f85d0b5c19
09c1920ca9eaaa5e8ebf,15ddbc4c7cc231f6c845bbff,neg_cities,1191,Barnaul,primary,reversed,1,dev,93102edece2f1b3185ee8105526d7a165706ad9ee362b6f50f500733d770c26b
f04923ef4ae4ef65c8f4,ea5b8b4097c4978d3b4f940e,neg_cities,1192,Buraydah,primary,standard,0,train,4ef830a8d93ca7c06123eb85c1bad991278a580704621ed21f24ad1bf0b8dad2
d8164aca1c2e35fe2c82,63bbaf6eef67a61de75f7c52,neg_cities,1193,Buraydah,primary,reversed,1,train,f96f0bc836965a81d4e8d238972e0901393e09bb012039ac95059f5d5892f7b3
0ab92d416d98c2d04e26,7c8a13a54456a84df7718a25,neg_cities,1194,Bikaner,primary,standard,0,train,6bdc747bb1ae613de369d4547df7256fe82b082dde59ffafb5b40c8e30df763e
62f26a74ca71e3613119,9eb7f5d819d6d8394f30af9f,neg_cities,1195,Bikaner,primary,standard,1,train,2da39d38c5e829b03df5bd8d99e80ad70d16fd3e54ce2dc5da20aa7b503d52ab
9cb04604ea68d24effc8,523f98abb94c20dea97ed0ad,neg_cities,1196,Mogadishu,primary,reversed,0,train,3e46b9c730d343a223381cf42a4a38e569bc4a341cc3db188326fd693d101616
88b1e0f00363b13b41f2,bfc3613c93d1b0b605b617cd,neg_cities,1197,Mogadishu,primary,standard,1,train,cacfd5e92301d493a97bd306a01e50b1ef02d60563426fdef309ee11e4206896
ffbbb2a45ef08a033199,abb80cf7a021f56493f62188,neg_cities,1198,Homs,primary,reversed,0,train,3847866c07a02325b634961db509fc9489508b2df4682d8b1a9fe22aeec51799
0b12479751753f1b91e8,7e5aa4947f424bf8ceb2cd84,neg_cities,1199,Homs,primary,standard,1,train,752e12d121c47b64dc6a2a3a19e07e7d824f902d337cab76c0b46725d4bea8f1
d62892fa1f0a9c537924,8c81e06d659e70c9d5131dd8,neg_cities,1200,Port-au-Prince,primary,reversed,0,train,f096958ef2e2d0fc27e43b24798e239610782079983bd4a7e5f7c01029162dfb
ba05d5b3c9d4d5a0680b,b285f84234f65192c5f55da1,neg_cities,1201,Port-au-Prince,primary,reversed,1,train,dde513efd965607b059735dbaaa975035a2b6592d2deefc1230f7d7a642ba378
b4b521644f19a5b4c664,8551bd4b729cd8e15a03d4cd,neg_cities,1202,Thuan An,primary,reversed,0,test,3a7e35a03cc0dab49dde2368e1fd4b98800cb537803b37df1a11d3476aaff206
1f1c06ba84f3ab991d1e,b40169df08fac9342270b1fa,neg_cities,1203,Thuan An,primary,standard,1,test,d1437e3fbe797dc0226ad727b6acc66be9b26d4192f1ddf80c761f07eec7fe52
d094ed365108d43ead99,f79d03ea2ca002430cf15e0b,neg_cities,1204,Sanaa,primary,reversed,0,train,ca6329e06bc60bc514773d250c91f9c183d6360639916506217832904beccad3
b5d9b57216f0d655b90d,da154940aa52bec6495e1705,neg_cities,1205,Sanaa,primary,reversed,1,train,e79ea02dc15e8fa10fc0ed0cba3c5e948e2ff3c640fed0265e2f0a30d29cde15
a426e00986085e604205,8428cba2521e209767f39145,neg_cities,1206,Pretoria,primary,reversed,0,train,a1dbda1c77f719623c536187ff50c8410de8bc1ac349e9d5fa33dc8682e8cbc6
a3416320d6fd2c4293ee,7cd5d4144aaf64cb1b40b341,neg_cities,1207,Pretoria,primary,standard,1,train,15c4fd16cb63e7f24394faf5cf993c27f40ece7178e5adab194e2d940803f622
c4afeec86a3806a651f5,2177f50c84d3878da556040e,neg_cities,1208,Pietermaritzburg,primary,reversed,0,train,c274937e32141eb80591c6aa3df136f8dcdeafb87484ca5dc2b4cc01d150f625
0a1a23a241826b57273d,8467e2acb883c7a2fea59c1f,neg_cities,1209,Pietermaritzburg,primary,standard,1,train,7b1c2d1e378006914968f283134b237ca553bb08b2477b86c34f551ce430c715
c945b0fbf80e817b0ff4,a8a9a20d79443c67173f8c3e,neg_cities,1210,Abu Dhabi,primary,reversed,0,dev,aa86388c8be959b2dead193024c426fa99081aafa0d3ea9b663fcd939e356ae9
8f7564dac2bc335feadd,e4f7db5f8a8c2e5729b50521,neg_cities,1211,Abu Dhabi,primary,standard,1,dev,30f987d00401d5b76e8e2d54078195ae0a57cd60727980ba2f069e007d7576b9
e9a8eb69c133c85f7acd,727bbf5ef2f6c91c70f1e55c,neg_cities,1212,Sao Paulo,primary,standard,0,dev,fb72b77e0a858b4dc4508e2ed8d9704474aeb9872cbb524b59ce49f0912012c7
59d71edcdfe022c769c3,7b7f4249d21010f14eb243bf,neg_cities,1213,Sao Paulo,primary,standard,1,dev,38580401a6b4388678a69e03065a339fe836259909eeb6114972c56c3f1b2e63
63ad4de205798fe6ef09,0c1c44ba7c2fd7bbee68689d,neg_cities,1214,Lianyungang,primary,standard,0,dev,59996ea553b71f293b81d74a125c6a1b2874612b19cb35b8f9c1fcc833e4e187
313115722592ce446172,fd6bf4642bd4b34e171646c1,neg_cities,1215,Lianyungang,primary,standard,1,dev,313a0ef1f719d1d0f661698740ff9cd06e3e376d8d30e0a3f2ddafc59b9b2332
37b568f05126d5a67c6b,4cf17643f470ae31b81be16d,neg_cities,1216,Xiaogan,primary,reversed,0,test,8181e640daa0c64fb41cda252797a1315023298c7f945de1637a53466d67a04f
0bdfc571fa40ff38c0a5,bc7f91e5b54217c206e11e57,neg_cities,1217,Xiaogan,primary,reversed,1,test,fa801bbfb09c84008056f59f93c084c0820550c719f20c7bd1d06082dcd125f5
dbc812aaaa8ed3524ec3,8e4a1076051c0df5555dbc35,neg_cities,1218,Taicang,primary,reversed,0,dev,defc74a41290622e99b8d73db241a6b44a2a1742a39b6bee2821de3417f555c7
3ec87dfab1a1b2240291,7742833604f4542697d97bbb,neg_cities,1219,Taicang,primary,reversed,1,dev,3088bcb1fde179b837bcec6ff1499695ffadee5b2232814fb50a6bc53f11217f
cd4ba7c39323bf6b001f,aa870585de5274775cda5fa9,neg_cities,1220,Guiyang,primary,reversed,0,dev,61909a36b9963ef5904d9102d59b5b077da3b69fc62ab697e5e4e38c8c2f1325
9b3ca0e2efc506866d56,97d21336d303aed075a52ec0,neg_cities,1221,Guiyang,primary,standard,1,dev,e82bb572fe5008359f0fb21b0128192d1f2e98a64f94275d3d7f5c9ad6609e5d
1bf458f76f6f3c6e8bd0,6d6402a1d8af06e7cbd89a18,neg_cities,1222,Ganzhou,primary,standard,0,train,4c7c4203ae83a12835d54b53068cd372bc184879e1a8c1b088a5748acde406ef
03c65fae6ddee6c20c93,60ed1854545e773ab9e9dab6,neg_cities,1223,Ganzhou,primary,reversed,1,train,c1a75a0404f371e3e34b0dc05ac5a188e447a0720188fb1792f98760e7887b4f
030f641767e48380c01a,5476669adc325904cdc00731,neg_cities,1224,Shangyu,primary,reversed,0,dev,5e2d1cd6b30e0e4078642e8588c0913f5216721877921e43e84961a2383f0936
bb2b1e85dfb6d42118ad,534c6cd51c422bb030ef3db1,neg_cities,1225,Shangyu,primary,standard,1,dev,01b875ef66545e809d2d620d93c7a84002b49869684379438434bfe5c115f692
bcd0c6e45f7c89fb3c20,d32ce42761a81fb1f814f03f,neg_cities,1226,Jambi City,primary,standard,0,train,793077c16151d392c1f17b80b265e25a231695e4dd29c161ddeabdf0fe5403a0
e25d38810632ed8fe29e,c145c1157f6bf7b0317f4cb7,neg_cities,1227,Jambi City,primary,reversed,1,train,e80da25ab23b070e5d08a68f129984d95c2ec7eeb7e8536ce8a43349f90beb07
86f02c0cc34bcd3bddaa,391e61b0bdd9da6bf27ccac6,neg_cities,1228,Indianapolis,primary,reversed,0,train,b9042c8c8ca688d79be188d6ebe7387bdfdfa940a178c9847f56f3e4d8afc826
567ca4be30831bd6462e,9357637eec26031c73486c5e,neg_cities,1229,Indianapolis,primary,standard,1,train,79f4180e667ec6701ff520019822427677fd0f3a7ea617baf4c7da419435f4ee
eb9d51b98c7c93ce4811,e7a561bb806e5d787abac68e,neg_cities,1230,New York City,primary,reversed,0,dev,a55df5e185998d56d293acf10c6cecc1a461d7ceff90a7e14d93a72e5d21ef12
1f696b3b43f0bf70c230,e979376aeaff50d866372b06,neg_cities,1231,New York City,primary,reversed,1,dev,ff60d58c8995aa0e03c3ee14b9b79f0bb6f3006642e784e4259961f82992b437
ba10bf8569e1fefd9023,f92b7ee03eeb0986a0c66d9b,neg_cities,1232,Bulawayo,primary,reversed,0,train,a1d4b414ae4a9ffe5e895c14e267496812411dc71f56646443a4d66de56dd773
2b085bd26e63d1033ed8,41da45e7612c3f04f0610635,neg_cities,1233,Bulawayo,primary,standard,1,train,2b9fee54e4e9580efbfc4371b0a3e8607c02a74adcc9dcd6d56ca4b5fa0549ff
3eee43e5865a469d1436,a423b4b850b8c01ace0431e5,neg_cities,1234,Santiago de Cuba,primary,reversed,0,train,83f937b1bdea8be3491a4276f0de4044d559bde3b9e07df612a0a31a27897aff
92d0a9be03f2e07f86c7,7726ce255fd99a463a46908e,neg_cities,1235,Santiago de Cuba,primary,reversed,1,train,878401201612ad9c4d4f78c611a789545bc763bfbd5482edd1eb41edcca4e3f3
cb3161d14c702e143bd5,49346c07078545d2916728fe,neg_cities,1236,Quito,primary,standard,0,dev,d5886d0159d482f09a470105b978a3607b6d478a002ff48083499ec8f48f2107
03e3790228052c290700,2287f180861441ce90ae8f33,neg_cities,1237,Quito,primary,standard,1,dev,b1c8aa5cf8b83c30c07d965b4ab76191aa52b925f78fafda8eddb2672f0b314c
5cf589f808299e16d692,d4bd871ddde5baad21e5d3b0,neg_cities,1238,Shubra al Khaymah,primary,reversed,0,dev,3a576eba1c99e10e9863b483dbf5da938ac8379431fc67dd825e89d273bfb297
0b2c3231f3cf4d2da884,a4ca7aa241847497e20b0dfe,neg_cities,1239,Shubra al Khaymah,primary,standard,1,dev,4c2a6490734b9d272514db562998a2503129984936e5b499bc2f0acbba18f6a4
bd65090fac7366687767,4bd48675413f9033881a0938,neg_cities,1240,Al Mahallah al Kubra,primary,standard,0,test,7ca5bd3754f0bc9e03d4ffa506b31c16d35fbfd7228db4e37b11ddae01fdbbd1
0d2be9dd1e1a72868291,25e6dddb6765a50638f3782e,neg_cities,1241,Al Mahallah al Kubra,primary,reversed,1,test,6ee6f03b28745d7a32962f4a68f79777204afcc33142d4d8494d1569060270df
dd7aa2fcb82e21839fd9,782374ee5de1c28bcf08c6bd,neg_cities,1242,Suining,primary,standard,0,test,3ef773b670e2095556b8aa55da3e7bc369b72e9719d4b47bd30c97e9fed22eb1
f5b363b025672e359a04,348b10645d1c60b54342051e,neg_cities,1243,Suining,primary,standard,1,test,216c9b68c515e006d5aa755c0c33be73e475ada553e38102346df24ee908551e
de1da0442ad4388eebae,71307d443d8cdcb42bad6dd3,neg_cities,1244,Guankou,primary,reversed,0,dev,304dbc74dd44483a9afec17801832717e66b211e383807b6bde19225478aabbf
a632df17ed0e83f4c7dd,c3f58c1294ed63cf82d62601,neg_cities,1245,Guankou,primary,reversed,1,dev,dc6e4144b0016f8da589763dcb3da1fd1ee0201cbcc3778ad30ba3c0c8eb1799
89004117d5a6be09024c,7442c3ef523e1af94b64e897,neg_cities,1246,Langfang,primary,reversed,0,train,3c15fe444dbb74a39fdb2ef0f4da348a8c6bff28eb903dfe8c562d3401351cd5
eb822bed0aad1bdb261e,67175937d5955ad70ef67e2f,neg_cities,1247,Langfang,primary,reversed,1,train,b9c7c552dc76b4bb56d4dc6763051e10cb4ceb1d82552ba215c29a4397669e2e
395611b614f3f041ddcb,5f01b61e75b7cbf257bddb39,neg_cities,1248,Jinan,primary,standard,0,train,feab26a34ef312923222a8c527cf332c13a163e3d3e3014d5d1d4233c3106ba8
abc98de830c485fc49a3,365a1e2a0b1920200788095c,neg_cities,1249,Jinan,primary,reversed,1,train,3c5aec12196eda99f796232027df5366c619f63b6698df350a15d62e5e0bc074
0f1a5afc94fd276380bb,74fd26cfe524b7094b023c8a,neg_cities,1250,Guigang,primary,standard,0,train,9ae35a068b75ac3aaef146f41c98374a72cf7b63c691d7548d8c74aa86c88200
81c263b0e8ade8b6d90d,e65bc2a9984794454f550446,neg_cities,1251,Guigang,primary,reversed,1,train,df64acac594b6ffa6a54a079e5f481b30ebc4a6e8735dd518a47fd7a79aae182
d5e2a105fda640b7cfd4,1513234be9b6401d13bff8df,neg_cities,1252,Dalian,primary,standard,0,train,c11c17e9ceeb04c4903dbe2975cf16716f84ccf9d3757a1cf9254762c86e68a4
e712d73a1fcc8fab0ad6,3778ec0354e3c3279dd00c78,neg_cities,1253,Dalian,primary,reversed,1,train,6003c2aabf342a390eae0932818593aa48b02b702de70d646ba721bb94ed5b85
ddda07a372be0888ad12,3f6ff21c9ef0980a1f19ce58,neg_cities,1254,Chongqing,primary,reversed,0,test,ede3245e7cd498f4ad04fe5b49c9833cbecb83b77cf5e3117aa572f09c299b6c
b018527f8db538cc5758,fc630abea94884313b9cc649,neg_cities,1255,Chongqing,primary,standard,1,test,d16e659db39518e94e6a84e1f324def2f0f933dc2de66c153b829b97a59d2ec3
7082974395b39464e6a2,e53c0a79b6c77d387a196190,neg_cities,1256,Homyel',primary,reversed,0,train,f2eeb16f7560233689c6744d51344e187992c60741db4706f243d531510077c4
4f1ed87be68bfda8e4ef,0dbb2e9a22407040788a9df2,neg_cities,1257,Homyel',primary,standard,1,train,19641eea5f6f58296b503f09f92a015385833e4ffc949ebe1972b496498bbf6e
577feb70cdd35ad2ede5,8fb3aeea35c722a1d7487ed6,neg_cities,1258,Winnipeg,primary,reversed,0,train,fcc6e3571b4a90c811b2ee8f4eb5b07540a12ba14c96417dea5cede488077477
5ec32da5ec9ea97134a7,5638d132482973a03b7cf042,neg_cities,1259,Winnipeg,primary,reversed,1,train,1cbee69c5c36d66065f480ab41001f0e9b238916771c1d7e4605ade08137f1ac
089d81a80177f22c4c14,cb7617fd18d0715a370a1c32,neg_cities,1260,Klang,primary,reversed,0,test,2265b9df39acb1d5f6881a7ff8c242e8c916315ca6594fd82e93a5104092c102
874ba5fe2e6ce830f62d,e69d0e9a8832f1582832a99f,neg_cities,1261,Klang,primary,reversed,1,test,419054ace4363d80649ebb9320ec29ea7a0c181da5000c16b8c9ecb5f267465f
6bae336919e1ea0f4cc2,ff76a56a62dd373e4a072350,neg_cities,1262,Irbid,primary,reversed,0,test,8272c585fbacbd927ccf8263ef0c9a6ad6e3102bdbd6e45ab1c14c74071dd0c2
1c6d278d8fb44afeb7bd,40dc60274c811049f7326965,neg_cities,1263,Irbid,primary,reversed,1,test,921cca8c32e72cbbb33555ecf651051022f163384958969a648980b4a00cc2e1
cb75dc2c4765185f7f65,6ee931dc05cb6382b42beba9,neg_cities,1264,Bishkek,primary,standard,0,train,9c52add02f07d9794d13f13fb87de278cdb728e6f3691c9ed87791e2452154c3
3211fb98aa0386a65f64,a0ae130a1d5d132fe3487b0e,neg_cities,1265,Bishkek,primary,reversed,1,train,f0548e1d26c9541197c04e27252731438f333227227d955b2f899dcb2ead54c3
dee2d53a97219895301e,ffe313e19ce87e304327b46f,neg_cities,1266,Muzaffarabad,primary,reversed,0,test,a8404c2df8478294ae1d6d95508d5f87ed72148e35d19f6f1cac8b7007598971
9755851776e1452931c3,612bfae841f7fbb609ef0983,neg_cities,1267,Muzaffarabad,primary,reversed,1,test,e3bd2ee2e7b151b2277d3e72c0f9b65063a0af34c67e362139bc9b414541c0a6
a807cfdcd1fbd766cb59,ea69c5a3ce5c855c6f2a5944,neg_cities,1268,Kotli,primary,standard,0,train,d6902c72106a662aceaf5877a46709952cf5168ebbc6c21f14ebe1007efccd13
7c13877fb7ae5a20339d,0a65195e7541be60a059a66d,neg_cities,1269,Kotli,primary,reversed,1,train,e6ccb67a2c146028e6e57f5ba930c299f8aab7ed6bcbf007fbdff26b080811f0
fea71b3522221a6c648b,65d1085d139ea77accad5e49,neg_cities,1270,Nagpur,primary,reversed,0,train,9735172a5087f05e979898967cd76697ae283ad7f79d7006874a496d4cbec670
06c9a5427f68db3030da,068b48f4d723f6461e597a8a,neg_cities,1271,Nagpur,primary,standard,1,train,ec36655657feeb38491143be5ba8ffddca9785a3be16b36421f9cacfb1d86fe9
b23b3751e0c3c8cef196,24a3d878f101ded5adaaaced,neg_cities,1272,Kolhapur,primary,reversed,0,dev,a70c7e2ca511c7a1e04bd58020737e006fbd5c7ae8eabe2d3fcede3434e0a219
f6f0e0466879c7eb68a7,cc7ba1f1392ade1377c8f593,neg_cities,1273,Kolhapur,primary,reversed,1,dev,3d37271e13f7f2abf4d63a6c31c14d8918d0001ffe1ced2ca4db833f7e3cdb59
61ff352afdb127900731,4c8ad8c5ef2d6e54bdf1f64d,neg_cities,1274,Cuttack,primary,reversed,0,train,d30a37e9e71df729d7fef545f832003d01ea14f6b544a87c22d541ad03922639
b14df6ad1738e1554c5a,1d46354700b1b247ed2eff3a,neg_cities,1275,Cuttack,primary,standard,1,train,d55cd280936ead51a01d00ce4625a1985bf5ad3536367170ff60a6c2aad80579
755f09c35e5ddfcf37df,fd3e289aa545bf2f84676891,neg_cities,1276,Makassar,primary,reversed,0,train,a90101ef77f429efe6227556b0f1e11caad80c0c8d7f487de87e9da094e75c80
e7300ea2dad9139eaf2f,f8c7344eb150c0c624dcbf5f,neg_cities,1277,Makassar,primary,reversed,1,train,e11bdefc37822576b71b2e71e7d3775712c654bd74d655820a1315547e8a9a01
350dbd724961eda79118,e61118fb1bcb305d6344ea0b,neg_cities,1278,Yekaterinburg,primary,reversed,0,dev,b859280cd116a913099ad7da001e43fd713a096bfca43b42eda6e3785194a210
255845ed9004cb2c1f42,f2d3324fdf81058cd645c5b5,neg_cities,1279,Yekaterinburg,primary,standard,1,dev,f84e472681640800c72203e3f3182ee3be947a4316e393f60e11a7ad780dad8c
892b2c132da6ed52a59a,71a441d917159b9c1c8be8dc,neg_cities,1280,Dammam,primary,reversed,0,train,d7bd4efc07b17c59294e9a4e74adf93f30ce4bd868d3ccb25b86e50d9f0653e0
543cd950fa5a0166a600,8110118b96be92a0c63d3a96,neg_cities,1281,Dammam,primary,reversed,1,train,293292425303307c3698150f37ec25a0f67a22b2c1d212cf99cbd7060d623fd3
2a456730e9bb38e6981d,1b1251416add959028ebc807,neg_cities,1282,Dushanbe,primary,standard,0,train,425da623b0e3decdcb41c820f8c7e8c15bd3e68c71b1d1e96eab58bf04004154
3f2337bb2a2d65f118b1,5f41db2cad5d3e56afb70011,neg_cities,1283,Dushanbe,primary,standard,1,train,55704164ed7fd90366c96d44861efb9e8392539fc2244d813263aee13d03521b
c4beb165bbfb9225be9f,9f52a5bfdc77bdfffca47b13,neg_cities,1284,Gaziantep,primary,standard,0,train,18d6a34d79142449684d47152a5f4b6b07486782272d6e5e614213bcfbcf5222
1ae48c964fc7f45cc612,367caf079da11efa9f1b7cfe,neg_cities,1285,Gaziantep,primary,reversed,1,train,1df10ce53706381fb96cc54e1151d351cd4be0145884a69c54adaa8b7867638d
7d69346fccee5ebcb6d0,c1cb39ad3d6ee5043be40a34,neg_cities,1286,Asuncion,primary,standard,0,train,7a62617b37b634a2eeba6c816668bf3ed8b29d52e6f1dbfa80325162ac072196
cdc97fea62a66c08b49c,8f6c3f2df5427760330bf4d9,neg_cities,1287,Asuncion,primary,standard,1,train,3f785b403bd9bfc3a7420e9007aeea17608ffa0a7bd7968758974506ff2b750d
ad820ed03159b6e6dd84,54e6d981cd901495be295b68,neg_cities,1288,Tebessa,primary,standard,0,test,331b19e6869f5efff8f40df5440f4ec1d25df5df955e9a07ef79f5fe70e4b7bc
c056d85aae6e68f850fa,1813067dae1d55b46a2ee746,neg_cities,1289,Tebessa,primary,standard,1,test,a0c84cf93b94b81f4840bd6cc4fe1ba8c18b51cf9277fed4f6a2f4e78a60702c
0865359279e75ba3cfa3,6546421073cf7fcd9e8914e1,neg_cities,1290,Zhuzhou,primary,reversed,0,dev,49aab5e769b27864e41010d68fc89e1bf571e4242ba0bc4c732ca2bfb62569a0
584ba7334fed80cef8cf,85cdc22993b732300702d0d3,neg_cities,1291,Zhuzhou,primary,standard,1,dev,d529908508498ffec560a8750a31876aff212acc7078c1a4a28fd0e8bc687506
901ad7744bf82e1d522c,4866b76a15fb133d5d9c3b49,neg_cities,1292,Xining,primary,reversed,0,train,94a3537a6a8b49e6e186782c4243c9bd92c1a4e000faa39bdb4dabcfe5d76633
8088db2a112904725811,4b9a022f6e2d2c4dc03b626c,neg_cities,1293,Xining,primary,reversed,1,train,95610aa63bfc58d0e583e7f276823569123345fccaf79f6800c12acc1db0cc8a
01bfd1fd01641566557f,5515fb9f2e982b5a5127e577,neg_cities,1294,Tanggu,primary,standard,0,test,8ffbc75d9d56180785a06eb55621f8c14ba21307d9798f545dfd68cdd34621ba
913d4b917e7f0cc6e023,d1df11401f491edfdad25bed,neg_cities,1295,Tanggu,primary,reversed,1,test,84b7195c500933f513e0a412598622ac3f153c7af2258d782001561ec2429da9
40f571a1a1c39dc6e283,88ded084f0bc8a76682dba64,neg_cities,1296,Shantou,primary,standard,0,train,6251a3e70f5ba0371a1e4d0a80f7147dd54d2503962230eddc79146d78357243
5604760d0e6557098f8f,1df3c7f1e79a2d25cffedff6,neg_cities,1297,Shantou,primary,standard,1,train,aa0c168c07e6f3abf28c143e53ba16d7a2bda947bb0250dadf7a1c03c67ea805
85780fb4b1ee03878530,19859492cf849030397edb80,neg_cities,1298,Shangluo,primary,standard,0,dev,adb78d97616d8865af13edd65075e20de3672abae7e62be0715376dc36262cde
f23123b33b1ca293acf4,86380c20a7769acea1d5257c,neg_cities,1299,Shangluo,primary,standard,1,dev,4b39e5c67b04838c6b83a10bd86dbca8a181df5078ffee81022d83317ef7d8a7
418e5c6f448734d6d589,2b57f19b02b6d2a8b8f5490e,neg_cities,1300,Putian,primary,standard,0,train,d5519ebb53cec0928429a8a7ceb83c7fffe02a986147f2c789f25071d7bae200
6169174ec3bd350fe7a9,3f4078279473fc4608e414e8,neg_cities,1301,Putian,primary,standard,1,train,fadc3b8c97f2bc3f08e0c95268176eecdf868f6e4aa491e771edd5559242336a
33058369c698942e939d,650f2d5b58949784807a91ab,neg_cities,1302,Luzhou,primary,reversed,0,test,51050e087edf0b3b72dda2694668768f8931db00439f2e34f52794adb7a81945
bfacd522fb0faee3c970,5041275d8d742f6e0a86a758,neg_cities,1303,Luzhou,primary,standard,1,test,b6bfa56fa1b26ee787f7c007986988064733b9f7f3fc6ac0b3e30ea40e557f89
5b08743ca9580b3a45b3,13f8df7db16960140b36792b,neg_cities,1304,Lanzhou,primary,reversed,0,train,91f573fcc6ae0b4c81e58af6f7d9cdec84be163ebceea7c33b2822a60ee0489a
3decf8a59cfe4ceb9ba3,11a35d86033cc8a5db9e427a,neg_cities,1305,Lanzhou,primary,reversed,1,train,f838274b10139508f73f3f9b27c93f6d0cc81ee5a3c7e7cbe4b0473fb6a43654
59eec597bd4d0eb99433,9a1f4502496088374e1f6e1b,neg_cities,1306,Chenzhou,primary,standard,0,train,79837b9ba135d2fc5f8f05e8a4370d614c667faa4e58630992957d02eb21d459
b54b7c866af9b275b745,f01009952701aa594fcef2b9,neg_cities,1307,Chenzhou,primary,standard,1,train,01366d90eb633d26b4c6031bdc7fe021100fcf9a66e509250d2eaa9486ce464b
0ac7300e9c552c9145d2,98612d13bec01584c8897b2e,neg_cities,1308,Baise,primary,standard,0,train,350d9a799faca57d63d2993e8c07d4fdb6850a5cc7b7ec0098454cb85f9e8e59
3d7a2c4114fdfc0c365c,9f409f32b4c4f947fec5340a,neg_cities,1309,Baise,primary,standard,1,train,faa96999c4e44d9339bdd4c4307b7d5138773232c7d68b56e6cbb49b09f5d0d1
278f86c3fbd580697974,cf695c645d8d746590014a2d,neg_cities,1310,Shenyang,primary,reversed,0,train,977f3ca51b20e8cb6be6caa7a85c469a914b66a6be77abbe38b79e345af9a69b
ed2329695d003069461d,eabc63335a3d28c4a7685ef2,neg_cities,1311,Shenyang,primary,standard,1,train,2372ef042cffee3fd5e9b4550df8c0e0e6f79e2c937be77a58dfca77aa98c4f9
a9ede12387f77ca0083f,f81dbda0d70fbe4728ebef10,neg_cities,1312,Daqing,primary,standard,0,test,7a70907c297c85ee195680461234b1e866d4e2aca7d25af679e64dd0eeb61698
6c48897c84580e9fe915,a96ea819f8c53c80b67d1028,neg_cities,1313,Daqing,primary,reversed,1,test,4a99e7d642c2608417b01340197e4546222b1f6e14d2b9b09dc8dd1e8e0428fa
d220c0ca16fc606ab203,f4a4fc743e4be9f739775c4f,neg_cities,1314,Brasilia,primary,standard,0,train,4c081049c0d5504e408fe376e97ad1653121143ffffe77ee15f3c4a94b8de99d
7ee1b6c2dc016a4e1f9f,972acbda2f5ec56b0d8c9749,neg_cities,1315,Brasilia,primary,reversed,1,train,3879efe2bdb7328890e0ca6c64fdfa0775230cc6af197d2af784e1d9f20539d2
bc4d48795da1b00250f4,d1650218e100428fde4838fa,neg_cities,1316,Kandahar,primary,standard,0,train,682e000b75d206eedca604f2a3f7e59744e7325e551210f08d5f8dbb1ce6d801
d378bb9a38273be94c96,57180eac112e8aa2a1d52111,neg_cities,1317,Kandahar,primary,reversed,1,train,4a4fa4830ee7f092d94b0a352a3aa2700ef5faa24e7b631accffa9ea3d2d80e2
244e5c5c146df5b78df2,32ec8c611bf6524db7633b52,neg_cities,1318,Gold Coast,primary,standard,0,train,a014169c1a4b248cd2045202fe1d6e785bde4604460b501532499a5406083126
87d5a4a22296464979b2,024b65ac5ae947f1ecd3c1da,neg_cities,1319,Gold Coast,primary,standard,1,train,2f14dbb07de68478e603bf751e8344bfbfd94446a2d81452ff1d5b1ff428188a
1d2e81951bc8caee161f,f4e9f6f3ad13c23d22620fab,neg_cities,1320,Ouagadougou,primary,standard,0,train,c06f7d81e89b6c1c32d8c0347c045abb704e46386e2d812566828b7a4d85371d
3c5995260623d57d9376,5729217610f558cea60be15b,neg_cities,1321,Ouagadougou,primary,reversed,1,train,c2ec129a60e169cc960fe972188ecc88b3b95a362b3b4518c7e31188ec692c3c
6b20ca889234a7d84d2d,83661177bc0baa90b2802e7c,neg_cities,1322,Duque de Caxias,primary,standard,0,dev,bf6465a5c56a23aa621ac5b3ca0f1b7a56b001c9702728cc0e4d9b4d40afc82d
1bd118d2e3e64507cdbc,2d1fa535b67dd12817c17e5f,neg_cities,1323,Duque de Caxias,primary,reversed,1,dev,b37fc29ad7204d7b5a901e37cb0ac27eb011c6c618a0d7c4369db4f11564b334
25047122d57a328fd681,d3ec5e4e5e69fb5aa740dd5d,neg_cities,1324,Hiroshima,primary,standard,0,train,8521180b9fc47b70bd5a2883fa2b82bb884f4911e1a3ebc8561c0fe05a50aafb
38fb49d7cb7c7a428f71,e3dd70757fc99d78d53b8971,neg_cities,1325,Hiroshima,primary,standard,1,train,9e2cd2e766cab164651c6a5bf7fe12045c507a179aeded4ca81f183973bc8762
5f3f09cf58f184da9ebd,6804565d7e14b0695bf975e3,neg_cities,1326,Saitama,primary,standard,0,train,58d06e8e9b4f0cc0138d43273d5a8d0111c504ada45349006343f0b0d274a6b7
f30c6ad42e381ce07033,bf978b0d7958cbd1960583d5,neg_cities,1327,Saitama,primary,reversed,1,train,ec0800d9f102095bc81651bd3efd0e14cfbad80029928e722f30eb7569279193
8d57916ccfded8a5806e,217fb75d95acf930518b5c72,neg_cities,1328,Mandalay,primary,reversed,0,dev,8e3cb52e950d56436560d848b277629aa60083873a81867a79f14b37d0bf02eb
10e9fa8b7bfd761a66eb,6a02994f7f6007b5facfe975,neg_cities,1329,Mandalay,primary,standard,1,dev,1f54f0400569c464a8ad7aa3699cf1c4835e03b45cd41297972dcf3091b9ba3b
162ea698902f0910dc87,e43de59ea88b2f3236582f67,neg_cities,1330,Nampula,primary,reversed,0,test,d2c468f913b37619f4fdad95991aef1608129d1cb3efee1efe088d58520b594d
04c36dc54b44306d39f5,7f100fbbeb6a38d0f7bd48a9,neg_cities,1331,Nampula,primary,standard,1,test,16d5834ebcff0612a4741d0cb75f43a51f5105125d20a8b7e4014956c1c9b785
fa74788976d081a41224,76a23685fe7394bd97e7f36f,neg_cities,1332,Mysore,primary,reversed,0,test,0668ef77bbebb9fe6f74723de4eef35ea62f992b174a314d54d84b0dc73df768
70ab26ab1f2b25eb54ac,709449adf64dca6d4dbad82a,neg_cities,1333,Mysore,primary,reversed,1,test,3d4a94de60252c16dde04c03722d0bb9473a6784c727f067c7e93611f05316c4
82429e4085bdf5e7e79c,8d00dd1aaa919b3b286f1afa,neg_cities,1334,Coimbatore,primary,standard,0,train,d10ccfa995a937dce8e9026ce9c666ffeba556ab2252a99036d14f50acee272c
10de27ff10e86fd3b20a,9b89c5652138c78de75ed53f,neg_cities,1335,Coimbatore,primary,standard,1,train,0407429e506790b4bec5acab3aa25089576ebb08fed97419ad222c04769a858e
135aa4515e65e9d10c59,353573698073ec422e18c5a3,neg_cities,1336,Chandigarh,primary,standard,0,train,fc2b6259aa634eef47f0ca8c18523b7acc6d7c79679624e9e78ae27a2fe1bd5a
9c0c494debf9aa703247,285fa7d0914dcec9e1e3081a,neg_cities,1337,Chandigarh,primary,standard,1,train,f1f2e2d68b8c7ae5952713ecad756206d429dfbf5165186e27f791e04edb01fe
14a0438abad503004e84,aee43117c742a13e1a6b50e9,neg_cities,1338,Amritsar,primary,standard,0,train,e9c8b703b5d3c9a42cf34815088ee511cfd8c9fb1050c7eac5b126d3a0545c20
692112615b83e534a250,e64d6ee1185dfd2dd2bdd9de,neg_cities,1339,Amritsar,primary,reversed,1,train,c1873ab6bb4aeb10375ff6546e2bd818eb450e6631ce36d4abefcc7f3e079685
4083c9b78dbc25a656b7,e91463b02cb02bb740af0ac7,neg_cities,1340,Arak,primary,standard,0,dev,68a7eb24901978220b5c559bdf815291a07574ff2f9995cbf5b70f1a1b028607
7dbd0c9e378b53f1eda8,336864a6ffc66f98160bb740,neg_cities,1341,Arak,primary,reversed,1,dev,8ef736684e52a93fcde98eace41f44d124274cd8957a4383dd784b01e5f4f8e7
9b1ffdd4fb863d1459a0,a9e4d284b9bc497d517addc5,neg_cities,1342,Ilorin,primary,reversed,0,train,f7939cdf656fbe67a2e88c694d23ad63ebf472c87e0d484db2241aad72b788e4
0c1a9011540c008fd69b,625bbd5d87c93ec516b6ff6a,neg_cities,1343,Ilorin,primary,standard,1,train,b87cb8dc79ff7254812dcd16d95b0ed5edc63f3b32ec62933eabeeaf27ececb0
195fba91c3decdc2b3d8,61b8a6125a1b15d76c268d3f,neg_cities,1344,Omdurman,primary,reversed,0,train,bbd021ce2a29f9b953b0d96f573cc45f51dad622bdd6f9d70309e204ca01b378
f936f71c3d4e9152c2c4,0d2f81c157ccd66a72c2f086,neg_cities,1345,Omdurman,primary,reversed,1,train,ede2ea008b9166f11dd7e907598597f4ff77bc411ee5b33597fc4c3e7a03f3ef
286f6ea677cdd567f356,b564fd711f3c1f6472f187ec,neg_cities,1346,Khartoum,primary,reversed,0,train,e153388f91fd77c4145ea7f33750fb38bcb6f22400534a11ec816c03fd822184
29fd215d44144ef06309,747f458036417315dcff4f92,neg_cities,1347,Khartoum,primary,standard,1,train,5bda8f20b52708096e71e8d93544a11e569a078fe4c0242f1b3bac4cab7287ec
4a2124af53ad82f6495e,9ac6ceb3d75b496f60d041cd,neg_cities,1348,Gujranwala,primary,reversed,0,train,71d19158378463e8f0c2cb8a78b26a0e7739ed1774f82f3fc6161b1bbe7c2032
1d9b6c31c9d041e58699,22000dc4d75b476b0e259b4f,neg_cities,1349,Gujranwala,primary,reversed,1,train,fd6664c4b92e0556e8ddb20e8b9b93777779a3a315f81ff06fdf009df40408e2
c3544424fd37df64c048,ad4415ffb77a98d81c26939a,neg_cities,1350,Nizhniy Novgorod,primary,standard,0,train,265d1a502b823d439d0607dbe5c7bf9af62df9f08d29ac02b92dd9c219965779
4d27bd4e1e7d397994f4,e503d21ea8011e572e47e3a3,neg_cities,1351,Nizhniy Novgorod,primary,reversed,1,train,8dc8934c8097d9b6eb05e47a5a8cc32662ecf3d7c4de085ca65e45e5b66503d4
d145388f4f3f4c717965,dee777b71afa6a17f25817a2,neg_cities,1352,Zhaoqing,primary,reversed,0,train,3c3e67b454f9b02f643922bf2ab66fa5cd025e307b3c0e55fb91bdd2298090ca
bc333fdb7a13ea7b0624,edcfd8be98054b9d7e1f645b,neg_cities,1353,Zhaoqing,primary,reversed,1,train,e46f28dec236d120c90e13f0aa80675cbdd90cac9defd6462c6b79a94958b375
a5182e71cc4bfbff928a,275cee4e5cd9029273a189b0,neg_cities,1354,Xianning,primary,standard,0,train,2f917befd264c59f687aeaded6379b107cf5078a85c44b1899253bb165ddc82d
1fd0354784326536be1d,59d31265fa01d5a348beed49,neg_cities,1355,Xianning,primary,reversed,1,train,3269e31e8c48bcadc8cd3b5963fece2164b8a3efa1b1dac3104c929a9b2087f8
eb50c4a9b4c45faac996,5769001f2964eb22e699bba9,neg_cities,1356,Suqian,primary,standard,0,dev,f495f8445cdff7dc0a0dc67fbc7aaa9d62d65b5021910861035f3b45663de24b
8ae1dd7a6afedf9da5f6,4d89406ca8fe27677c1472cb,neg_cities,1357,Suqian,primary,standard,1,dev,db5ca317e4ffd103fbe65c3c0a76b4434ae2d19cf0b7eede4a9ae64c4a3ef890
b375b93439806b409dc6,15b80035bcc0a2d1003bab89,neg_cities,1358,Tonghua,primary,standard,0,train,20fa6e512905a9461ab15beb0699417489e92cc94fa45157d8946cc024592bb2
44751f4ce04d88c09ae7,0423eee02622a32f60a359fa,neg_cities,1359,Tonghua,primary,standard,1,train,b687ad58b60aa87b4da24179fca19d8aebbf702d9161d0471a09bd03d789bb7d
561ebec34f43c494174b,940efd64e79a56b3767e65d9,neg_cities,1360,Hezhou,primary,reversed,0,train,4e7a18c355013d62b299ad5b8131791cdd3cd732eaef1d9a13973dd50b366a52
b3461d400752b08110ca,7fceb9fc73e7f9cd1c11a089,neg_cities,1361,Hezhou,primary,standard,1,train,e3262d22c3aeeb30a07252e80f07b60ac85feca6dc0e845ed90eaf1a06a5e5e8
b0a10588240820a0a717,ca17b5a7552017d59ab21c71,neg_cities,1362,Grosszschocher,primary,standard,0,train,c31568b9b22d30cc48f1480eec25a537b76913673af2a5140ab8e62892306b3c
738a6ce13e2bff44427b,9de3561b1135668624a6846a,neg_cities,1363,Grosszschocher,primary,standard,1,train,3c45e29c2795a151b146403b435b6c641da8b105cc7910ea0017f9636ab6cdcd
793408d0ee51a360d525,7211dcb164482c0defff58aa,neg_cities,1364,San Pedro Sula,primary,reversed,0,dev,82d475aa9014eed15da6c253c2604ed1005860d480ea58af69e7df3a12c4cd72
e737039351e1de619249,7b75604f286be3802b354efa,neg_cities,1365,San Pedro Sula,primary,standard,1,dev,a5237572e34d9868648eed95bc88be14265d93fd3e4ee0cf43e1156a49bc4710
85b90d0295277f91a8fe,1a5611634670f0dc76223da0,neg_cities,1366,Queens,primary,reversed,0,train,9ac2618d1a62a9ef3cc9f805437d1d73468f95c2ed3a6616041e57462f1e9571
d3e924f936370bae721e,0f66d9158b022b65523545ef,neg_cities,1367,Queens,primary,standard,1,train,501382ca8e52ebe3d36c068641767a1ef6cc0487bb6710fa29adf82d1a195aa2
7895ac20c5e0db96f633,c376cff6c6bd24de77a80dfa,neg_cities,1368,Caracas,primary,reversed,0,test,18e15926633287b1eab9aeb5c35c030ebba931bb7dbacacc7097b7a4787d507d
6b433c38c1dda31ed242,010df44b030708631029bea3,neg_cities,1369,Caracas,primary,standard,1,test,938a7d2f4ed31d924bdd652950e4fad0b6224f4873904c07343e5322cb3682d8
a4cfa8c725177ce306b2,2e42b9927fc76b04279d807d,neg_cities,1370,Bien Hoa,primary,standard,0,dev,726cefd9388165e4b2b3891596bd9867f9574d4763153fef45362ad11e4e4719
8122e4b7108bdabc03b2,a51ee0cad68aabb844427328,neg_cities,1371,Bien Hoa,primary,standard,1,dev,93c6e3c5a8bd38362bab7fa4b18450f0104aab1923b87b9a055dbbe66d9d58ad
53093e08516532a3c447,34a294269faf95bbfdb1f7ec,neg_cities,1372,Durban,primary,reversed,0,train,3afde2d14277b678c9abfecdabdffd6295dfb8de259f26c2ef913f85b1d54732
a0d734d321caae12e36a,5aab29903cdec9195baebcbb,neg_cities,1373,Durban,primary,standard,1,train,3322573772aee9891717c015d352efb33b00ef41c9ea560132195689725695b4
cb775be11127a3070118,260593a1663d9607c266e306,neg_cities,1374,Kawaguchi,primary,standard,0,train,66cc7a68f5649ff823b9ec18d5c6b7180e88a4f9efc1395c7898ac8ca2914a20
886ea5dc0544f93d31de,313d87faba35764f0a49ddcf,neg_cities,1375,Kawaguchi,primary,reversed,1,train,e8ad707c3f11b124b834cc70e071d8a97024171ff3c10121513973ebb4134860
57736ed05a0cca530aa3,c3e94d6f3f122fa179832c3f,neg_cities,1376,Bucheon-si,primary,reversed,0,dev,7be46cdaa630a95ca3cf7d433ae955da49f618e45e7fa83791f567dbd864fd67
1a27af0f609c4cf25dbf,16f719cbac0f7355d4af3649,neg_cities,1377,Bucheon-si,primary,standard,1,dev,b8147d79eb27ac3d90ecd0764e2ce5a42bbc6b8e065167ca09daa24c53347409
9fe41162d818ce8d66da,8dc5db34ba03f5e28ab9185a,neg_cities,1378,Tangier,primary,reversed,0,train,ed121ecfd2f755d6a4e395ceeb52abb6e2012aee2b34d9d4879567083b7074f4
48d5776a23cdc8d683bd,4328e4bd11d176ef37ff3277,neg_cities,1379,Tangier,primary,standard,1,train,f0ea255e51a0f17d135cfcbfd97cdda9bf7b4e852e8352f162b742206b010dca
c91e60a3b67137070f7a,96e462d6f8ae604ff2869081,neg_cities,1380,Nay Pyi Taw,primary,reversed,0,train,1aed635bfc0ec69c6aaae3991af3ca603e935ec3371139461d49a3295fb32f9d
54039af55443c553fb6b,97f08db267c6b484aac47927,neg_cities,1381,Nay Pyi Taw,primary,standard,1,train,42a9b3380afeb04049e2756d8b6df7cf662baf175bed878dc19be7d4b06078ea
94149ce14baf7489c00e,5d33835f5ae5222740ec2195,neg_cities,1382,Ulhasnagar,primary,reversed,0,train,543702382c82b231e9aac88e4decbdc9a5cffeb470c9f8807238c940d6049d67
6d8d16ba9573580f54e5,3f74d691787f90b10ac4d4b7,neg_cities,1383,Ulhasnagar,primary,standard,1,train,c92dfb2078f13aad1a606853af5ed5b7435c445eb2b3643650f4b5fcd3e66dff
eed78b921f5e7dac5d44,d571c7a5c16975289f1fb81e,neg_cities,1384,Faridabad,primary,reversed,0,train,25eb9441a8efc2e697e273f46eb1169b9129dcba4ff6f555964685ff4028324f
0bde6c48f99ea9927639,52d4f07af965d56d4c355182,neg_cities,1385,Faridabad,primary,reversed,1,train,a61af03be259fcefbb0c4e52242447ad84bc616749a293fc162f4783c108be30
85e55ab12f90e4640417,a7b71b31936365e5cbe524f1,neg_cities,1386,Kolkata,primary,standard,0,test,d5d3738ffeb926f402692b643f1f37adfb7a2297d72874d4265ba2ef3ee15372
10b2a7b93bef3bd88ff7,91d29a729c984f2cd8ca30a7,neg_cities,1387,Kolkata,primary,reversed,1,test,48de398f443db512c726b849a527fb8fd5c306da3bcc694cbba74ecbf675f77d
affdd6116710eb41a7f4,f23f5fb5b93cc9912419dece,neg_cities,1388,Karbala,primary,standard,0,train,c65cd32dddc2c6c23d4e66ca07f82e8645d5df979a74ffeba021087899e324aa
f5268667c1196ed1be97,be06de8a115aaba08ec2d13c,neg_cities,1389,Karbala,primary,standard,1,train,02b7e70c54bdae253cfb29d726c7f76947ee36a9c929cf7d599c264df5702fe2
ca1b53383ee1f741ccd9,9e7d1f3e6867f3e8ad588040,neg_cities,1390,Jakarta,primary,reversed,0,train,f9926be6d60ccbb5c5efff41db0d295c0406022c3b37c24c9f27cd8adf2a17ac
c8eb84245d67c84692de,b8f785f38bce35b04ef6e292,neg_cities,1391,Jakarta,primary,reversed,1,train,ce06a90f9881ad0fe2584f0c1096686b6ffc190275d1d69b1406fd20f7205997
0718c2ef8af6ea5179a9,3de31f4c52ae19d023d098d1,neg_cities,1392,Denpasar,primary,reversed,0,train,e59532b5c64d38f3a5869351bf79fd9a48db77caca4f3a2772f8cd8233492db3
5e3851500cc7bbb2c36f,643ff4716ad4b4ca3fd2983e,neg_cities,1393,Denpasar,primary,standard,1,train,a58fdb34132d26797f3b43b3b69c5dfbb983e83a187166facb7ae654d282b275
23bd7c75889c2d23032d,f16db961d5db4fea951fbfe0,neg_cities,1394,Batam,primary,reversed,0,train,5f70ec6744162cd607192bed33c6171d3891faa0f71621840c9ea07e93b1d33d
88767940fb52d03ebe35,2948c2d877629f0e122fb110,neg_cities,1395,Batam,primary,standard,1,train,4852bd80ccf041383e019497469bbcc488ab40ba99944c17fb27b516e2d0352c
535ad48ae1af436a7e9f,a34371aaa76d71d5b29fb9fe,neg_cities,1396,Liupanshui,primary,reversed,0,train,7e9727aa43aaada332e8249c0d0d6db96f7b7b50889abd71654d0a73b2ff8ee7
f8bc425ea202ae03c616,a46d5039f7da222678c5c18c,neg_cities,1397,Liupanshui,primary,standard,1,train,4c979f4d21557213a075bb4cdbfe54ff77de5e352dc42dafea0168f8b1707f89
84d600fab708af711500,edb0e5db6f0ff823bf125779,neg_cities,1398,Shangrao,primary,standard,0,train,e7c4a4f1ca13789b8521e34234da2d1eda2a60a03ac72b76a40d99809b9bac1f
3dce003f4b64cf76cc9f,be8d1e794d91951cfe2e7fc6,neg_cities,1399,Shangrao,primary,reversed,1,train,0ed87cb9052b0a5430889a4099024cd1c83b79402a9f14b1120284d1e22a325b
a91d090525e47042edec,97603feeddeafe6d87fad5f1,neg_cities,1400,Xingtai,primary,reversed,0,train,62eab5f8fb548369eb97716abb2c6a1995263ad7677bcf5f86617eb10164cb28
ad617c1852c989cede93,71de23b2d79375ae60afeed5,neg_cities,1401,Xingtai,primary,standard,1,train,89cb2b1bc7e17412526e9d30d85fae1f670bcd66a673ec2622cc14ac61874aef
65038e99d5824e5820b3,5feca7eeb517ee85a5c10268,neg_cities,1402,Qujing,primary,reversed,0,test,dc5d019801569f340fd0737833a500817229bc5138af40963302754a15e8b748
a7806a70a8898e1819d9,cac0addf8e62ea2038f34226,neg_cities,1403,Qujing,primary,reversed,1,test,d88ad5c6f20c046fc586390ba510d52d83acd0c0ee031f31c30fe486fad932b4
1169dedb9d17347cc54a,c6f29ae0d6b6687740ad2795,neg_cities,1404,Nanning,primary,reversed,0,dev,b35fe60fc549ac262def690dfcdaf56a9226f226e102a7a8e68c7b73361c2c08
e8ad0c64af8be9ae1697,96787cfc61d206a83030dde8,neg_cities,1405,Nanning,primary,reversed,1,dev,370f595769c1ff43241895da1cfff798a448ad231eda9b652dedb7c03651c9d0
c194ec27d24ed0c2423d,c4d03b889fabb580735fe2e3,neg_cities,1406,Huainan,primary,standard,0,train,02fa2291199fc3f5293011a620b7c8595b32c39a817fdcbc2dcba42ec9361a12
0e29fac096c6232f8d65,303b8d844d33e2aa2d26a4be,neg_cities,1407,Huainan,primary,reversed,1,train,73c25513c3ce9c186530f02aef35ce5c04ecce0f72ebead5b041707f87ef235e
8c114b12e76d7f82cc1e,4a7edaaf987340daf42909f4,neg_cities,1408,Binzhou,primary,reversed,0,dev,241973064e4d555c30c51331d1b722b8c0f281b93c3e58384bffe0ce4ca7d9c4
4b90b544ea03088bae37,0b345eaa55dd72640caa5d84,neg_cities,1409,Binzhou,primary,standard,1,dev,e2380f8961156189072edb4d9929d60e312028e3b5fbd97118088b4a2b2048d4
319836582ede7a8aa759,581f03a258f078edabc7e59c,neg_cities,1410,Fuxin,primary,reversed,0,train,3c1e200e860cbeafbe326da13b9a4b96d5d509760274531d21ff06a27a69cc2b
58171f8c3785bd359d7a,a6dd1c06aed07d9848003419,neg_cities,1411,Fuxin,primary,standard,1,train,11e9f0532ac9c979cb40085aa46045f26a979817d58a17d0551f907758413171
46b1d94cd5caec413165,3fc909fcca86345fb4086254,neg_cities,1412,Quebec,primary,standard,0,train,fa263d59c1264cb0b675ddd8d303d23069b30a2f56daaffa4afbe54d5fe3c076
6e39af8a50698af0abfc,c17577f2d78f57811bf8e09b,neg_cities,1413,Quebec,primary,reversed,1,train,1a8bc2c526e661be42fade04c0d5cc2821388c622f8be484b0e12136be4ca7de
14b67ea7b7b41007a5e4,70a4a162d92f24f14d4e97c5,neg_cities,1414,Mazar-e Sharif,primary,standard,0,train,d1fc4c03d3d3244012049b076dc32cc2980d2b5dbf77f377f3c253f5fd42e539
07084988e76565211e20,b29539b58a49b0dfc49185ba,neg_cities,1415,Mazar-e Sharif,primary,standard,1,train,b926afbb23b30ec0f3cbbaba5ebb1c305e031a6e5b0c5c276cc66aff43f8de4f
724f331fa5685e1076a5,6978adf0b47471f86963ecd4,neg_cities,1416,Mar del Plata,primary,standard,0,dev,2727d3dd8a4618049d5609883b57b42ea81e6b38403bf3b042d70be8a53da513
c97bc171b448c8556501,50dd91bfb144e65844447718,neg_cities,1417,Mar del Plata,primary,standard,1,dev,2b2a8c24932067118f1b02654700c26f9df464d81ed8b61d611281d6e81a0e1f
d1b0db12aa204602a2a5,1dd73ac487a0b15ff36be2b4,neg_cities,1418,Salta,primary,standard,0,train,71c93a8078b4b2397cc20567cac8bf3dae17315efcea80c024527a2fc5cf63d2
e55e663ada9bf2d44cf8,01d126e317b27a553563fb84,neg_cities,1419,Salta,primary,standard,1,train,290d6112bed443db563552ddabb56dce5998330a4957e64b42293c8140a41f76
c6e7fa9778c607165530,af272ea0d246d33e3398cae8,neg_cities,1420,Bujumbura,primary,standard,0,dev,bee0d34182f6c6742f61e803996b0bb1861834b884355250009c99f1354f9f7c
36927bf008a2294c35e7,c557b79afce38ef1860f2342,neg_cities,1421,Bujumbura,primary,standard,1,dev,4f678e0894558f3b46dc92fca93a1045594ef5216a8abf62e105c61034924355
3b7a9f96265dd0614438,33cc274954dbce29867d9acf,neg_cities,1422,Ankara,primary,reversed,0,test,c7de0cb95fd70e02441a264626fff8e4b53e95f8f4f7c3a1c10537c630876e20
000b4a90bdbaf99468fa,8916e799f009e5698860e0c2,neg_cities,1423,Ankara,primary,reversed,1,test,8c3792c400cf57839267ee8020867abcf6a4d75b64b1e8d53659c0e4d57670d4
4a40d694cc83314d1fe3,8a2c6896a160c34469a3f591,neg_cities,1424,Esenler,primary,standard,0,train,93a4f382a71617497d221c4429ef75a5b83077d8067f0be5a47d242b36009d32
b902976d014756878346,5d571b3de064cf8129e17ed9,neg_cities,1425,Esenler,primary,standard,1,train,485cc16355715bf3092ba5308f04a8891befc0b4547bd5a84074cce5d33073cb
503f4e5abe1f940a0fb6,dabde2c13f87ce7c547112e6,neg_cities,1426,Cankaya,primary,standard,0,train,90f0f484de03edf1ac90585c63e2e061ed8504c153f192bf3d7198b3585e2195
b5ebdfc6438d1d9448a7,b907670f6020f76ba59aa7aa,neg_cities,1427,Cankaya,primary,reversed,1,train,a9c4c893848a10d7ca3c6cf3cce8a900dc6cce18d31c1d2e749b721a68f7eff8
f6c2638e61a63e2c05f7,2ba206f710b33a0a35bc396c,neg_cities,1428,Ufa,primary,standard,0,train,2ba457de188cf5167e7a8f5d4760f2368cc59f2478f852a3ecfa459f36216187
734f75cf4a938150b5b3,5c0a91ebf75f679c96b00086,neg_cities,1429,Ufa,primary,standard,1,train,bb6ed94ece0b78ea07459bec240f816d45ac1b8b65f1b25cf25229fa54892042
09472567cbb4842034ce,93577615939cb66d324ece8c,neg_cities,1430,Rawalpindi,primary,standard,0,train,b6ba44f9d7c025b293c69dfe0b9ffd8861fa37883a7a6f2ec5e182687210ce2d
b48f0909b437c037676f,1cf0c1abe31c8c159ce307a8,neg_cities,1431,Rawalpindi,primary,standard,1,train,5eecbc5a547bcfc5df7cf8f6d987d3f6120ddfd21b7cb5a57d6996e94bcee809
e10bfd2a31f94c0cca0d,274ffa82543b36b4f8a2284d,neg_cities,1432,Karachi,primary,reversed,0,test,3f7bd9017a2be81bbfc57fa80b0afd3dd2ee2bbcb9a3f87eb2c5234aecea4026
7bca599531043633627a,38f91fec20b1de9128d368eb,neg_cities,1433,Karachi,primary,reversed,1,test,12c2343b0b7cbf7ad075bd392527416fbadab9d8d6288faf62f74297a076e032
8547b78d89a6f16a4898,6872b2fcd3e626bc55530b53,neg_cities,1434,Tijuana,primary,standard,0,dev,02fe5685de64938a0a3b1ed0deff362797b731b46008371010633f8af42c8854
66355724f53a28d5c8d8,822d46c358701fd517957565,neg_cities,1435,Tijuana,primary,reversed,1,dev,efffaa51358f819bd7e432ef5bdb4a195b61ab719b5f3b156c347698ec8fb091
347eeb5288ace0b02366,ec8387497700b42aff7d8b3d,neg_cities,1436,Jos,primary,standard,0,train,52b51c70d116b4dd7511986bc321cb0078db9388d681b8d80aecd59d03f3d346
82a1f7302aa9d9b7e7f8,03350dfaad28fb64c682b752,neg_cities,1437,Jos,primary,standard,1,train,25ab63468ca455aed183c3878ed7279dc8afa736d2da3ab8a5eaaab1c3b704a3
4e06b5bea3d09d644205,ba9f14f65c83d212f08bc7b5,neg_cities,1438,Ibadan,primary,standard,0,train,2f929f101eeb27ef168b61a9ace0de29d5cc2a60beb36683b5f8b230ac9f157e
1e2748ac964b8b2d0951,ff931610db720eb2324eb85f,neg_cities,1439,Ibadan,primary,reversed,1,train,a8faf363b9039ce3de5003cb9fa7ea1b7951c80cc3b68573893eb70edca6edaa
7905053e289ffbc10fb0,f7cee91b34ed4b0d44e03dd9,neg_cities,1440,Managua,primary,reversed,0,train,90b848d46e9f3246bbe3ad5e34ce05beadcff0d05a48e6a71989c1a0b749bfe0
e00186704c30b06fe1a2,92600de3ca02769475514d4a,neg_cities,1441,Managua,primary,standard,1,train,f84236653b24dcd2553cd9a4fa091667d406339a75c50245e3a1200a8654515e
601af72e46cd320d7118,35aa4812d3270591b3c27078,neg_cities,1442,Ha'il,primary,reversed,0,train,b273e5109b6c487704f807e99471b595d37856322d4e584f9605d4628be4ca85
82e3e87df0f28a003db9,a00bfe3da1665ccb68caf600,neg_cities,1443,Ha'il,primary,standard,1,train,429ffe41112120b9d73224fa155f390e0b8ce24ff1ca9ea3f484c8eb5ee38c06
d66ad7bb88ad2caf3356,357fd2ed727c497132a9c484,neg_cities,1444,Haiphong,primary,reversed,0,dev,bac8cef39e85b5eb71ba7dbb0e92f63bce3f9dc2c1c66729b2d5e84e84d1684f
df4adf01c633048cce2e,39fe1274e5783df64700b9bd,neg_cities,1445,Haiphong,primary,standard,1,dev,591358ea38181d64011387a6fe7b4f885ec4b0ee009ff3a526e58e0b129590fe
6dc60b6eede3f1fc471c,e0d95935d69f40e1406f2916,neg_cities,1446,Cape Town,primary,reversed,0,train,6a6ad8fae3432a040cba8564e4a440eae937a5eca4971f6ab70f774ee0720a22
e275e2da41bb31f554b2,e068715a14a31b4e1a308ab7,neg_cities,1447,Cape Town,primary,reversed,1,train,90fe8e269eb233dfdd9a242972ebd99df064c01bba67d950d450d06ccc063794
656cfc92775ab35c69ac,241eeaee005a9f30dbe4ed9d,neg_cities,1448,Ipoh,primary,reversed,0,test,72b8c069cf5861e236d93a2c5f6c784ff7ed8266393996c377663a2baf7846e6
279b78e831c3be7a3873,39cceef8f278dc79a565cff0,neg_cities,1449,Ipoh,primary,reversed,1,test,c772631c9a64278b584c014db1ed34cea3e79f4f15f16d90ed78bd3a9588fa35
f5bd330e75658eb73749,beda723bbb75392faa15a8e7,neg_cities,1450,Kuantan,primary,standard,0,dev,cbc94ca79a0a1c4b1427439669e478c2b06ce63c06949902d2f71b1969ac0f08
cfce13e8bcc15771d79a,6799abb3d723882288bd6092,neg_cities,1451,Kuantan,primary,reversed,1,dev,e41949fba97812516d171694682a1a23714530e179ddc4fa0dcff7f52ddf7267
92a1dad7255eb9a6239a,e1a816abc80e63ca7efb43e6,neg_cities,1452,Maiduguri,primary,standard,0,train,d7066d54fc133f880be44ace1eaf8f6951524729453e5318df4d9b7132d134bb
583e7827a087bb2525d5,03e17091dfd139cfedb89d63,neg_cities,1453,Maiduguri,primary,reversed,1,train,c4575f9afbca3a428264b8d2837120c3036c6e231266d3d067f86e5def0aa3ac
f16d117ee0b58014e13e,b1da6d2e4df55277afb923fa,neg_cities,1454,Yangon,primary,reversed,0,train,54006b56f9afe6149c51e7bbed9299e13ad06a688abb3f1c723a4258f11a5fa0
1ce519f4d87fc6b2dba8,1cafcb253facfe9f68b8841e,neg_cities,1455,Yangon,primary,standard,1,train,3f9a62c9e3b5e15373f282cc595545d6e5ae971c9f6b9e4ecf1211dff5772069
d14228d1080b614d2446,f6239d3fa2f57d9601ea3684,neg_cities,1456,Kathmandu,primary,reversed,0,test,ef3683b568175cf818ca1ec0d70c1d4fcb6097763998c13d9f3b8861a63d0ef2
38336059dc1a82a16aef,20dc23176c0a478e647c1ffb,neg_cities,1457,Kathmandu,primary,reversed,1,test,d51895bbb0bab9f903c5699f3806438aab115813e07d914957da1dca6c7d573e
91149d877f02eb6e4cd9,616b0b04960936f68d80f61d,neg_cities,1458,Las Pinas,primary,reversed,0,train,82a63fb39ab1ff245395bac8396c8cc0225db602adac381a62b9fd65868d247d
08c29a244d5cc24c9599,fc70e5b7d55e6d104b731497,neg_cities,1459,Las Pinas,primary,standard,1,train,8a19aa3e92bbe94daa8a4ee97c4f25c4167b4f013b16fc7b60ce09810491bc69
94133e4e760121f0d6d4,9244eed5ac368e25aba02d16,neg_cities,1460,Reynosa,primary,reversed,0,train,27e86711efe0d77453aa2b52802c67b49de5e0944c5f0b03e651bc8a4a86c03d
e54cca0dea1dc652119e,d27ae392fcb9210f75002018,neg_cities,1461,Reynosa,primary,reversed,1,train,5be09ad954e3c20829e3b722623e73b5708f58451fe7fe0ed7afc54464b4dacc
a55a281c48e4e9b36d3c,8b1e1a6b8144f5d9f6929fe2,neg_cities,1462,Rostov-na-Donu,primary,standard,0,test,7015594fc85f852c3525abc9522e0bc0cf8cda0930824981b0406b67f97c4c4e
d0e6b29085603216dc0f,e8b1c6b494befd9e65f69590,neg_cities,1463,Rostov-na-Donu,primary,reversed,1,test,c5028994abca7e758624d18c87f9e1e08282bf5c679cae4a1414e5603353b2b0
53c0b632ada9bede9073,ae97509ff02f6f221cead2ce,neg_cities,1464,Ibague,primary,standard,0,train,7595a3efda6e0ab67c25b7cabe5a5bb8944c2dbef294b68c26ff3babd0986f2a
9fd0f87ed1f11cdfb096,5e9f6868d1cc04226461ad7a,neg_cities,1465,Ibague,primary,standard,1,train,862c87f9338c49569dd36ed1a6e7a2357663c4b823870e7fd67cdebd17d75192
0376e6a8af1ef4306d43,3c086cbac7c9b2d93bea9423,neg_cities,1466,Copenhagen,primary,reversed,0,train,b0734c4931a9e1e37f90577aa37292faadd54c7275ea5aafcfbc80ad56d5e7cf
4f7bf086252796066856,d5ea5bd9ae957ca391d0c432,neg_cities,1467,Copenhagen,primary,standard,1,train,1210429c7f5bc97a6b6961b7e2785bc655ec38439f9b0393f16f9af7f50b2056
2ce68b69cb43f3c4a41e,639071580c216cee85b5ff91,neg_cities,1468,Xinyang,primary,reversed,0,train,abaf71b8f70f965a44af757bf0664cd168bcff0442f9b4197dad34af86b73c01
bb8875399403c6bbbe66,500682287ac6d2b63967700a,neg_cities,1469,Xinyang,primary,standard,1,train,9de7cd864ee92397a8e47dcf0623f3ebc9092dcdf8f6234c53bc42ff741e5605
4d0b50d2b2f75c9a1c24,a3a18b7e8be14e6fa90e87d3,neg_cities,1470,Weinan,primary,reversed,0,dev,e70a8e88f3eafef965d865f7f17cfd73f1727ba65269ba7d2af1e050ee3c56df
f0b11127d6bf5256c71e,a28f6b68c3bd8919998c72c2,neg_cities,1471,Weinan,primary,reversed,1,dev,b59ff22f88331877c1c662f0df25f33752d74e69f3c29c07c04a812507ac137d
9f975ecdd73c87406dab,dc32836c8125dd0ec53a4246,neg_cities,1472,Wanning,primary,standard,0,test,ed69cbffb1b422a17b333cfd71511d9620c29f5e0b2bd7693d5a82a68b74e6da
67785481d17603c9dc3e,b9293d73de2e5a53344c10b8,neg_cities,1473,Wanning,primary,standard,1,test,6377eeccc2c688f4c520d2cebe2bb10becf9cf084f1ebd28192053a0e1225c91
7723a1f8438acaba8dd8,41f72462ff20fac2528e509c,neg_cities,1474,Shijiazhuang,primary,reversed,0,train,6a256646b558f685c45f9b2ba0df4638ef0f8b397c738986d8cf9d2d79a4402d
5f89a9fabc111a86bc94,6e11261b56e26da0a5acae94,neg_cities,1475,Shijiazhuang,primary,standard,1,train,d79cfb48972f4440484889b828cbb045ceb0550b7378f0f6445d4e73a44a3f06
f37147d1bac47dd28d06,4a63ad8874f71f2706a48233,neg_cities,1476,Laiwu,primary,reversed,0,test,9fa9e4f9ca3ec86ff4e3540878c8df3caa66c1bb1e0930f91d8d266c651592cd
d5806a33440ca7bec653,0c0453d44cb6fd881f69a6ec,neg_cities,1477,Laiwu,primary,standard,1,test,d6113900ad1e5319220de3984b680cfe8bb8370f5ae79683125fceb9271813ec
825931393581c8beb1f1,f3c22036d2143d2de982f98c,neg_cities,1478,Hengyang,primary,reversed,0,test,70f44cdc64809383d6fe1500bed3ab1f2dc63116792cd3a406a34d33461fc6f8
98ecf5080f7ae520d7ea,cf7dc23a35ea94bdcc82fb92,neg_cities,1479,Hengyang,primary,reversed,1,test,ee8ea12a7fdf558a90b1dc258dfb21ec29c697b0f5d74fabd5ce0a7fe461e42f
872623fc62c7f3a6579f,be982d0c8c324fbd41c6c4e0,neg_cities,1480,Changchun,primary,standard,0,dev,ea967b851839e41dd721524effe0087b27e8496a469f1a481224d66fd4a6f373
e15cdbdfb81b6e389c0b,6d0ee1a4f6d54ca70c6f174a,neg_cities,1481,Changchun,primary,standard,1,dev,fe029f8ebe2d4cb7a2d0efec58287d88cf38c7a91346d58cf42f8cf0d7b434c8
b534a39fce09556b2605,6a442ee5ad068258d99a5257,neg_cities,1482,Varanasi,primary,standard,0,dev,388852bcd5f56090dced4920fad9d7f36a8fd166e77748870160888f1212d155
f4398a296123ccb4de2e,0f9d927f0c72ea58af42d544,neg_cities,1483,Varanasi,primary,standard,1,dev,f1955c57a56b03241113eabc3358fc6b7620c12a5aa9eac7a97df3dea675612f
85039a9c573a6653fbe2,84a3e4138a330c8d2438ad8b,neg_cities,1484,Puducherry,primary,reversed,0,train,e832e77d4545ae8021919987ac6a73c57a7e5b6d6d10a06539bc9966624c0b95
0e76a72250045b3c4911,7e69519cbf01891b798747d3,neg_cities,1485,Puducherry,primary,standard,1,train,50541d8133738b7836b5ec2d35bab24413e1a138eaa15d18150c98cf2899bf3f
bbd6bb01cf6a00c130b9,e94f17536102a0d7825d8d3d,neg_cities,1486,Bhopal,primary,standard,0,dev,a75e2bf82e64bdd9a79db2bb2a5d96834b5fc70d6aea672b88f173032456aaa8
b86e7964ff76282f34eb,2083da7682c21235d20bb013,neg_cities,1487,Bhopal,primary,reversed,1,dev,ae3b588e21aca7ffa4631375fa7e75e2ca5147d8edcb095be14b0ca150f9aa21
55f10ebd57234e14a205,64e141c2d72c6bef1841fd83,neg_cities,1488,Kanayannur,primary,reversed,0,train,3777dd613647d3f23cceca7b64f07094174303dedb7baefe7062bfd8c4a19cd7
7ddfe57ee4dbb8ee1416,4be304b73042a7028340bccd,neg_cities,1489,Kanayannur,primary,standard,1,train,64be62c620f365c1bb8e13acd852bd87daff8aaf5b7aadd3cb35cfcd6e78568e
d94aaa3c72379b214b81,ab63e0a03e0291df5fa22a67,neg_cities,1490,Kirkuk,primary,reversed,0,test,76c3695d282294d1a01d7d17d7664dc19693179224d957396c4e98d185e02627
04e70f03eb5584337b56,fe5ed08ce2e0ca1eeb65245f,neg_cities,1491,Kirkuk,primary,standard,1,test,310acb30722c1e05169929a658d6cadccf6622d08e2b890de77cd2a156bea60a
575d66b0d9e570e041fd,8ecd1c29b2a30b603f6184aa,neg_cities,1492,Al Mawsil al Jadidah,primary,standard,0,dev,039cdd9369a92b709aeb38cb915ad84f3c56e53b047043d8f663a5445aabf4f3
b96287c04a53a32f3d51,79ae6bc0464c354472c4fed3,neg_cities,1493,Al Mawsil al Jadidah,primary,reversed,1,dev,93399cdc894d212b79f9607f2f59af814880bc4a64ac341fe76db4f6d35f6069
525a87d52347dfea005c,7e9f7cbca8aee7b943bb40a8,neg_cities,1494,Tangerang,primary,standard,0,train,280bdc10fac24ee4da8bb667634c9f65a8301e6664dc050525d47f613fbfdeb6
42e354af6e64e584af05,0e9e00553dbfb7b6ca630241,neg_cities,1495,Tangerang,primary,reversed,1,train,21f799407fde8e2589350eef19fd11c55fb62eea31dadb7b0456f022d9d1824a
5034bcd2412911442060,bc3df7ba7d2bdd574a4fdf47,cities,0,Krasnodar,transfer,standard,1,train,6bc01ba150e39f6d373aa7a7a8418b5c842aa31f2ae9d184a84c271c0cb3df6b
33f219f9b87ef37202d7,f3e594929b0254efcc0f03c6,cities,1,Krasnodar,transfer,standard,0,train,f7f0820e80f4b0767ea0c7756a35b9808d5ff661fe3fa4478157e973e271ae20
d169745bf19d6ed5b335,fe2d2dbc7a7b1c043cd41411,cities,2,Lodz,transfer,reversed,1,train,c9e341fe9a708ddbfa49ab044697b25b0489632f9ed17e227416d173b39f2ae5
f272f01d012046a7ff08,8d9b3ae8ceabd7f4ae72e749,cities,3,Lodz,transfer,reversed,0,train,fbd447760132538b4f53ff92e2560ce218a8dd1b47163e434d6971d9e14a7b4d
67fe3e8df480faa1d62a,305d1a898ca2b782ea6c1191,cities,4,Maracay,transfer,reversed,1,train,52beee81860c16b8ae0a3cd85319fe64df5a1af61b917773ab705209fe2d5e82
3e1b5560e21fa3530ee4,f5003c4b2a60b60ff071845b,cities,5,Maracay,transfer,reversed,0,train,50f337364293621bd97fbdfc5f4c44c4b9474fd4f6775064c4d8f6ef17617a03
ac24d4d0cae26ae23750,c64dd6061a202ba82f9c44c6,cities,6,Baku,transfer,standard,1,train,1236d8b4ad36037a78ce100aa8d9c8ada20ef7ed70b06e5adba3a8e7e54580f2
0839694e8b8c1e22ede5,4f49cc7513b76062b9e4ff03,cities,7,Baku,transfer,reversed,0,train,122b727925eaedb03437f904c26888c1d3be6a24a97c8d3da388e88c79b1ea7c
8c84f5bb32696bb80408,a759d7412d5dfcdde2a64c77,cities,8,Baoji,transfer,standard,1,train,d5bab74abcd6d38f34a2331574fc6c05edf8a243aed50a7292e9f5b69940d3a5
20bf1de480af1d61f51a,5683d0e3ae47ab61966f271e,cities,9,Baoji,transfer,reversed,0,train,86c88ec1fea3d0b121a8b1284b5c6d265241691c3d4fdf7db4b4b78617ee4795
cc8767eb988e856ceac1,8ebc2f05e234bf1c6c4a3571,cities,10,Addis Ababa,transfer,standard,1,test,879f915ded12244a362b5b05613734ea88d2ce0bd57124d74d9e1dce379c917b
1b949ba0966326ea2cc1,7b73d9ea9b54327e250cf8f0,cities,11,Addis Ababa,transfer,reversed,0,test,7ee53d576ce459b95cb60d9dbb517d52788cf4fa2e551eb71e11985192355e67
ac87dccf7204ba7bee60,0c14ce3b0268c6b7dd3dfb0c,cities,12,Abidjan,transfer,standard,1,test,162e8335643fa7797f54b0456fc839140a30c4a589586d044ddcbecc2b3c755f
bf17218b578695f2ae11,e47c4726372bf227c8102fde,cities,13,Abidjan,transfer,standard,0,test,622e63047bd1dd3b9700ab60064d2d1209c1d18ad89d4a17d2db5fb8b4c4f573
fbf7fc6270a37252e320,5b799fb2dcac03dc3a11677d,cities,14,Yongzhou,transfer,reversed,1,train,ae346de1bd1992055ec2723b6a5a96224a4c65632f1710f8f1775605eae90f48
95b8996be671c861109b,bbb80cfd1e77db41c8130d77,cities,15,Yongzhou,transfer,reversed,0,train,e77132bb968980ce6dd34cf7c11aaee58f124ce30b60810682ea2021e89e11b0
566ec4cd25e55a40863f,6b0b12c9e9f533f88a23cf8f,cities,16,Nanchong,transfer,standard,1,train,633caee212c468044faf4406da752c910f0d018d0bb34f6e8144410534d090c7
8cfbb519e24628232b39,e6ae3976a6f3fddf80250204,cities,17,Nanchong,transfer,standard,0,train,5e7f779681211933ec234d93a51058e7983d6783f475dd4915c7ae94b53cbd8c
fd5ad14498b6ab8c3a6d,0c16886c2c0bb9e30237ded5,cities,18,Lu'an,transfer,reversed,1,dev,c9d16cf4aa8053d65b81d8773f45a464b8d4e5f1e727cae38fb8eccf591939b5
3c38e17ea61be640413f,b21e4f99622a6803750da705,cities,19,Lu'an,transfer,standard,0,dev,9befd49cc803e48394e7590e4e492d12a2eafe301ffca1e83d780bd4606c7b3b
30f8305f7aa7997085ca,cab9e6b42e7f6b0a6428c271,cities,20,Jiaxing,transfer,reversed,1,train,c971ea9c3f1434120675337019c4c75be9e992878d878b1f3c5b718191437ccc
db66f79219ae3500db2b,0e17847c75655a90452675a6,cities,21,Jiaxing,transfer,standard,0,train,d7fdbad88446f6a93bacf8b5702eebb06628e6a52f5d8aa20afc271ede6334fe
64bf0f6a59665888525c,c104026ab80b9af352ec880e,cities,22,Huaihua,transfer,standard,1,dev,a43680ccdcf53480d6b32ea9a512ef90a89d69b98ede3e51c0c5212fcf7ebedf
1b0787cd359504195084,54441e79ba5a415496cdd0d7,cities,23,Huaihua,transfer,reversed,0,dev,5b851b2a09ea16678a79e96ec65e32271ec1abd61098218c06518df16452c363
5f61473e94439f2a9d83,db849b1a4314801f47705571,cities,24,Anqing,transfer,reversed,1,train,a46825e9b74a71bdb22fb003c05ca934003e6cc6b79437ad6b4d9fe540d7aa82
01ce2ee27553edc5f6ce,82c8afa3cb4f4cf00614c8b1,cities,25,Anqing,transfer,standard,0,train,6db7bc95f6654048f60e3bb0fbc5af4983dfab65014fddfef1c6b497245458a5
baf9350287e40195c049,7d56e14a8928ea048bc21508,cities,26,Yingkou,transfer,reversed,1,train,8211ab944a875878a47c7fc8116f87e46d51b0fa2379f9b8fb662533a1e29890
146004c190b96c2aeda0,580439d4ec50dbd9e13999d7,cities,27,Yingkou,transfer,standard,0,train,7bed3cb327057e4ce1d090fddb9ae5f1500704f7195a7f7bc71b3016b29077c2
54c96fae9a55a5332bf3,6ca1c2f568ad5c8b6ee50d55,cities,28,Panshan,transfer,standard,1,train,0ed895735a9405cd0e7dc9dcc52737f4eed9e57e6ec418c6bde16689e7faa99e
2d533a2ec2a5cf2a13b9,70e0d49fcad48e1e7ad20b84,cities,29,Panshan,transfer,standard,0,train,a13591d6ffdda41f9be3e7c28c78b566d2e342c1180c5b8965c0ad241a5fc152
27bf5f0ab98e67d5eed9,981c8282c692a1de5586d2b9,cities,30,Guatemala City,transfer,standard,1,train,779ff0e44a6a8c6bd6b90b21d8a5fd6b2563db2f22776b53e23c117fb56d76bb
190e2c9c35536a1023d8,7bfd25668049e7a1a164a20b,cities,31,Guatemala City,transfer,reversed,0,train,7fc0bb796c823b6121796d916e45f7c4501cb4835fb5f82335fea5c8c16e24c2
daa5e2e3ac7e30d395ce,26c0a9ca4a327690b86c7364,cities,32,Bauchi,transfer,reversed,1,test,8dda402b5420d59e7aa8a7ba21a84f801ca30cc5cd04530e3da470bca4492d73
864373082978de372d10,5b38fe0e41657560b11283f6,cities,33,Bauchi,transfer,standard,0,test,fdd9b8985046e9a2457d62ddab52692b0cc5a11ea8865511966bd774b025db27
5020b282d300f6f656c8,075e62f1f77b82a466ae49a3,cities,34,Tokyo,transfer,standard,1,train,f7a8b668e4110c5838934e621ad6d4b233458a748146804cff6c7321f4c56288
d1cf8f79c8c293c389e2,c8ba4477f78c6e01e1d37318,cities,35,Tokyo,transfer,standard,0,train,1a77a5dc3891696444d4d8dcebcd1459bdfc15d2d6e4e99e008d6f0853649412
dcbbaa057864a9d16b17,e8b8fd8e52cb36b9f35be9a6,cities,36,Mombasa,transfer,standard,1,train,323e686f4e8906df0fc4077011ae447dc6d03a144a58f81c63c873b2d476fa93
21c5f8e2cd8e21fe8b00,9aac29631e373b52f4fc6cca,cities,37,Mombasa,transfer,standard,0,train,8651965ae2e16659b146bab9c1f67a699956b6b6a952e1cb98a3b5be3c1a01d2
3f5a642c0d751d6a7de9,65d15437a1389ce7f9a12a92,cities,38,Ulsan,transfer,reversed,1,train,454528bc84d631abc96388ebc8550b80308302cbdb9706be29fb8d25606df9c7
473a20366c4115a35b98,3092e7de67ba20f207b5dbbb,cities,39,Ulsan,transfer,standard,0,train,2b411c05db6f2ea3a170aaa4d91bc359a5a49b61d45ab1940cf1de4766b521fc
676d50f8befd9470dd5e,6313d4ca6f0479dcd904093e,cities,40,Warangal,transfer,standard,1,train,d83a2500c04518d9a7a421798e4e08cc1235d480b5b7ac581215178cffd0eb11
4fe1ca6d8d24f01adf79,14a23dbb285f326d6478bf6d,cities,41,Warangal,transfer,reversed,0,train,90b153ae4ae692307b2fd419c4141b75152fee32527713ceeae90201811a62b4
b4ca12219f20ffb8ba72,7f8bc1d2223ee51c25953078,cities,42,Tiruchirappalli,transfer,reversed,1,dev,9c8f46b68813227632c7cbd6d9ecaf85c1bbd46b73f5c0be43250b7545755c4e
60a62e93cad6814de947,ba2e1c4c4a8aa038631ced42,cities,43,Tiruchirappalli,transfer,reversed,0,dev,507c6e70a3bd01500524f3af72ad47000af2bbdfac9136377c3fd996a8862691
1e428374b49ea777ba2b,2e2fc9f2594bde30afe70c45,cities,44,Nowrangapur,transfer,standard,1,train,62f8c3788322535f5a624a426f0609de19b512c00885425f435880344c992c08
8c45515390516e02a682,98d58bf8767a236bb92d9c80,cities,45,Nowrangapur,transfer,standard,0,train,06e682039f3a02654b767c4292f65b4cedc043d14cbf77ebb498c850cd4f9213
b4f2e06f09e38749b42a,4b1958188743fe066ed49f7c,cities,46,Sambhaji Nagar,transfer,reversed,1,train,3ccf751a823ca819d5d95e8f75e709f3fc4ffacffaeef3253d11e6ef6ab1aa26
7e84b41c1099b92f9c3f,72700e981b0cce58de5711fa,cities,47,Sambhaji Nagar,transfer,reversed,0,train,e8633e05611a6eeaf45773faa5f1fdee7789391566e26846868a3ca656b7d669
e29ecb83e90c41600d6f,cd8a1b568d1fb6350e55a5e3,cities,48,Ajmer,transfer,reversed,1,train,fc6cf320d71974abedff4b0ad88efe205feba9289fc3cee0c582638f20de1f55
c23751957f840ce8122e,e0515d46d94a0f21b270e54f,cities,49,Ajmer,transfer,standard,0,train,a0cc1676a9fdfe0ddcc26800aa9e6089a6f63756a1a8a8a6fdb2030128823ef9
4fc80209bdd1290928b7,6951628e8b656ba92290bbd1,cities,50,Rohini,transfer,reversed,1,test,6556d96c4402be50e18abac28ab7fe4e63d90fe665fdd52fecf65dc7d0787b66
968f760698b6bda51857,179af06eeb02e85f614a0f1b,cities,51,Rohini,transfer,reversed,0,test,7e5732ae0f3d0d0403b7a946c37a36626a92b4ef773f45ae0673c2195f0eaf01
c6911a65174ae79e9246,116279c5d429b0876ca7174b,cities,52,Serang,transfer,standard,1,train,52de6910496ea0eb17e49dd9a09807a5446171d221e65e4a31276585ceb75973
7b847d5be313af22dad0,5d2139c17be75596072c87a6,cities,53,Serang,transfer,reversed,0,train,15c16c7df073945d9c1bf15fe0a16d18ffae86afbb08bac6b5e98f37f9a83c7e
6d3d2c43fcc2120855be,aa6fbbdae4166b406cc832c0,cities,54,Niigata,transfer,standard,1,train,1213baf1c29d8da1c01e592369926f45934663bcf216b74b5ede803f439bf4e5
9ac18b601a9259454453,62ba91987de6e7e847fbe444,cities,55,Niigata,transfer,reversed,0,train,cf9228a246274b5ea70302699a0a23d1a2c0b80375d9ba75f9624886f7f08f84
0e7c48a1295ee83ece68,dc628a6d277cd7456fc94508,cities,56,Marrakesh,transfer,reversed,1,train,10c57619975a4916c6b75db1e18c632d0537d38f8f336dfb8a207d0fed4db55b
1f9fdb07920dac656a57,c23f0b638c0917133921d00d,cities,57,Marrakesh,transfer,reversed,0,train,900d761a5d8ca2302399e0fe0c944f1cd788b409e825d73dda870a3919863c5a
826eed94c74df60b9548,1fbf3c72d982bdcfb760b061,cities,58,Makati City,transfer,standard,1,dev,9af7724156313565fac6142c582e8e4393f9c68ca37b00fca61d2c1ab35250b2
3aef8358d69d99484155,746b37d1f3686687fbd68702,cities,59,Makati City,transfer,reversed,0,dev,26bf46c33d0a24ebb1ed98f38324892867040520c0f4da5938cb1da4ea29d65c
d389fc2708823ef7b37a,1316bc305c1bbbeb5b888bc8,cities,60,Tirunelveli,transfer,standard,1,train,36499f7825a6b8f34fe266f6c59c0d1a53615f921f2681432b193add1450a980
4086aa3bee636a031c3f,d8ae87201c9b6115cac14975,cities,61,Tirunelveli,transfer,standard,0,train,2be2049c7b71e5b4f020d71cbbd99e6310bb312e02e4e56383b421c1e7f32006
1d28a1693325054bc190,a1ed7c531857281ad0071185,cities,62,Thane,transfer,reversed,1,train,385c5c5600a3c12b3726a8d2deeefbe21eccc6130c94adc68e8cafc8166b6166
49e22f96ea977d0984fc,491f18c0c37e24eed18083fd,cities,63,Thane,transfer,standard,0,train,5bdaa551cbcd2c77b961f120489b78a6f0f3427a05385d60034f8c4d0bd31d9a
239ecab3b46d241fed01,5d7943f134f23dd66b3b43f9,cities,64,Solapur,transfer,standard,1,dev,b0388c4e10c26fb8d310765f9afef9b23427f95378ad662f619d229cdf2651d5
7d4b41214713354df295,4ac35ee486104194110cab7f,cities,65,Solapur,transfer,reversed,0,dev,5d7409dcde7a7299f9f1b0aa01e31d5778e468747471ae04f093ff87fbec0a86
d8572f71b299326d31c0,a205714ba70c1de19b7fedf9,cities,66,Najafgarh,transfer,reversed,1,test,2e3cbc7741e2cb41dd924868b56ad4e094e63e4d3a38fe81196a911b340e4043
947fbfc537d504824f13,c682d074fbc99035a55e41c5,cities,67,Najafgarh,transfer,reversed,0,test,bb1022fd45c96ef887b475f26ae8a2bb9a75fbf8b0ad74e6168d1aa2d4a46409
a1833339a407f7e6624f,be2ec9e9ba0e828601e183d8,cities,68,Borivli,transfer,reversed,1,dev,0038e8b446c8827cb0beb55ff3f68755d5e8e0ba0d459ef69bea1552c4205297
11bd8b22911a7963e275,c5b670d6f5ed681a428f82dd,cities,69,Borivli,transfer,reversed,0,dev,2abf8be30c9a73410ab636c7e5a389f6288cf2d13d3425b2c592c8f92ca03e26
63edeac9fb2de0e3e1c1,743c31f949747e29835ce1f9,cities,70,Zhabei,transfer,reversed,1,dev,05b5ad3be6765b1e96063aa7a2b4c9ea0be444cabf1f288213f02a79c83f7cf4
1234ca0cd2377b26b273,caf2f9d11b4e9590ccb3d14a,cities,71,Zhabei,transfer,standard,0,dev,f037e97854400c4a287e4ddcaa380b63f7a2a8cbca3be9ae75f1bfb1b1d6a41d
445b0f4203037ae70731,cf4918e67a746d66e377067e,cities,72,Liaocheng,transfer,standard,1,train,0d4e1f5f57afd52b5af1eabb43a32d30e349037e092179027062b0b9fae8dd8f
37000de9b462d8c2baa6,d6da43cb6be4e3e20c957d98,cities,73,Liaocheng,transfer,standard,0,train,4b4347b2263b8c424e9f30f2a1cba98bc7a1d3fe832c228fb2bd8860a17247aa
7d6821f88506fbd90146,429aa48e1078211e656fe16c,cities,74,Jiaozhou,transfer,reversed,1,train,b5344fb1f6e5f81a955eb00b15f0775183f779ebfe3865d47521a36514c08003
6c13ebdfd3778a257e88,e762f732fba63df8d4cc7b54,cities,75,Jiaozhou,transfer,standard,0,train,1244f0e285cfdaa27611aa62fc5c3ec7dd6aa05c2e4c1403153c7376190c0a01
2341c0f7ab15b39a154f,c95da0ebe993402f745c56dc,cities,76,Guilin,transfer,reversed,1,train,a935b17c7d2514a4e4ecf2707992b7f946c792d2b478e2378271bea2937ace6c
32c00d3d0cd6409f05a7,37c7497014e6bcf71eb1befc,cities,77,Guilin,transfer,standard,0,train,26c3c2296f84b7f3efa9381f933cf7d83893e08b0f2caeed7afae35df40b31d6
9e61c73d4d9694919a41,93f400f9efd47aa2876cdb85,cities,78,Chaozhou,transfer,standard,1,train,8822fe02b8df0b1bb51b5c6e1353e72edfea1fbe745d92f0ffecce75743fdd85
490b329bff4922c8fc4c,3c7d0481d3adde261ccb7b43,cities,79,Chaozhou,transfer,reversed,0,train,dafbc8686f78b4c2f257c2edf1e39c526585db5e3c0afe2a0a1943e19af1d51f
529a2d0f1cfc49be8562,d0db1e691a1a7aaf71c1f711,cities,80,Panzhihua,transfer,reversed,1,train,5ba07060bbf74d5bbaddcd9421a4cc8582251b36aefbb7e474ff1532f30c61f9
5ca2db02065f7ae89a2a,8990836e1e18568520c80c3e,cities,81,Panzhihua,transfer,standard,0,train,31ff40a785c3e956d75d372f572a8995e37095690bd8405237410c88e7b130fb
0dbc0538aeadf8f2ce22,73e10a6816cb167ac57993b2,cities,82,Bucaramanga,transfer,standard,1,train,4c5573eabeceb610ac3b49141546ba7067db00fe2ef5cc17666d01cb3ea6b55d
6d4a957fc4e6edc96af2,61b3281762b67239c2e3237a,cities,83,Bucaramanga,transfer,standard,0,train,6f67b199fcf25c92ecea408ad5caea91d7c13aaa2b9754c6ef8f932ab0cc2981
231d2d17f7ee3f2ef349,09ac9c812d6f4f6186586545,cities,84,Niamey,transfer,reversed,1,train,5fc4a6aee8f751408d417a3105cc4be299332e0de617b671697799982f8a6c8a
fb5c51787f72b5a89f67,95162d7853b7353fc194691c,cities,85,Niamey,transfer,standard,0,train,cec913df6dad1b690b0092703665eaaf71dfbf58b66a8d9cdc64418effdf29fe
dca89be1c0a4953bce6b,594351a4dcdd92ae8e6c1aa0,cities,86,Sokoto,transfer,standard,1,train,eb216d2ae9da32368400f40aac63f5f3c32449c3a46ac8e9dbbb87fb1ac67540
eceaa31be7ae9c14d47c,74c9154b6681e877226d0b9e,cities,87,Sokoto,transfer,standard,0,train,e2489915d16281a1fadedf677f0b109439b6e27419ce566f4e9bc3820e333793
c7ad356995947b6e8392,a62113a313bb409634289842,cities,88,Abuja,transfer,reversed,1,train,8f6fe067b9fc583167323c8178b8501d383dda308080a94573d8ad613192b8c3
646d40d596e353c2f828,167b51618ddd9b85a60f2132,cities,89,Abuja,transfer,reversed,0,train,cbe6278e1a68a1d72d0c27abf5f579c67d6101135cc77777e8543b80a9bcf2be
dc21664b466e29cba1cb,90bbb9ef89e805afebe38d8b,cities,90,South Tangerang,transfer,reversed,1,dev,7072f5f52a61e263a81bcbc3544f4adfe41e7aac6fc75848e226650698a2a6a8
a9325166b17c3f3aae92,dfec94b0fa45fa7eeebd4d11,cities,91,South Tangerang,transfer,standard,0,dev,4621b96881806a64991d5192655f804554cba71a28adcda293a2f82faa06cb08
d39a7b7f6b33ddfc1237,782d2e6d91bee5ba5ac4c2b9,cities,92,Odesa,transfer,standard,1,test,5c918e66657aca05aa23b0f3db6e674d070580a40d6fa185f0356f26e15a9d18
378ced81a113111d76bd,7024c10a051af8f14b8542d3,cities,93,Odesa,transfer,reversed,0,test,f57734de5d578de1f8b7908c9dcd2575ee55c8e8bd152578bbc29163d4f326d2
a33761795f167469cd3a,763495b2902936781364f4ee,cities,94,Fort Worth,transfer,reversed,1,dev,a60a6393d324337c8ca3691cf11e96b2b2140d928f0d431fb4529fc73fdf1f45
8a4e1ba0047c9796789e,3b3742d52957cd4f558b6c7e,cities,95,Fort Worth,transfer,reversed,0,dev,ae9fdafd8b78968865aedab535bd356787836c2df954f41a5649542dac388750
cbeeb53c0dbc3253aaaf,3c2231226c52635be691d8d9,cities,96,Boumerdes,transfer,reversed,1,train,f76bd58a7032578d55477413c6c52789ceeca26c66a9c47dbf3a62f6c0362e28
9c6cc1b3745e668ad4cb,04d26a7f8e4fbdcb3f24b3b4,cities,97,Boumerdes,transfer,reversed,0,train,1c7c771afb1c5d888112442d8f61182235cd178d6c3cffb0d29d0b8381fb885e
20ba5c5a8e42affdd466,308d82761e4cfd1e259bbae8,cities,98,Asmara,transfer,reversed,1,dev,e4579e1389afe41f3a0047fc766dc3c80b5c9c0a2ecbd207a9da387e7ab07304
89f49efb0af98469d852,a856a19ab92948b5986d064b,cities,99,Asmara,transfer,standard,0,dev,dc28ae513b77795106b52a99f80c540c588849b0e13e59660adb2bb840252a87
44915e44df1cf9ca4aba,a6a6a69b2a876ad5e7041d02,cities,100,Santiago de Queretaro,transfer,standard,1,train,3dd643f42d4846a500aaf1774ccf3bc9f5412fa854c1f7e3b31cfeb848b3f45d
c6814c30126b38f02efa,5e2745960c2600f80404ecbd,cities,101,Santiago de Queretaro,transfer,standard,0,train,490fadfac1d3e52d6a9b115d4fe1c676d73047ba5b178d90fdc4f1a03bfbe110
383b5085927b9dea8cf7,116a6dba73abc9b74253ad26,cities,102,Perm,transfer,standard,1,train,d3059868e6699e708f4692ef6208c224c9dcdeed036b77ee9c5beb1f01124e70
bfe9178a53a216fd03d5,b14140fa5da4301e6aea419c,cities,103,Perm,transfer,standard,0,train,7b53e53a40216f5a81cc859e7db2980b2fa8a5e8e17538cc6958cd31c2daea3b
36a24c6da0b8734f07d0,18bcf9b0747b3ad3988540f1,cities,104,Jeddah,transfer,standard,1,train,ff069e3d0c45ac0d5bbfd58e98f0b0de6ab8705a0c7fbd7b51df8f3acd7f02bd
eeb493b14557b1bb17ff,e47236d5ee39699eff007b6b,cities,105,Jeddah,transfer,standard,0,train,ac77f8ae3a349be42e5f793cbb5c213f0b80c8846b65df508ddda6f1463f7dc6
aabbde51e6c9f51ee067,7b0f443c26d83ea5078f25bc,cities,106,Konya,transfer,reversed,1,train,df0e2e94b10aba8ecd2a5c28d863d356ef758e3275c2547beb66522da568dc06
50bd279653284285d921,6eb1813883538ac79f7b805d,cities,107,Konya,transfer,standard,0,train,1a200312c526d2825b02b6c545b82c5427e0f783cfda2ef83a4f0ef7da057aee
07a295456cd22844d99e,700fb056ea5e8b1a37dc5428,cities,108,Macapa,transfer,standard,1,train,ac91e4e7d5c6ddad344cc5f753ae489777eeac6dcb2aa7430a9a8a77968fe374
ca53c65c9fd7805c4ebf,4c29f492e7c6ac0f376d1fd0,cities,109,Macapa,transfer,standard,0,train,52c55f43ce7f5b6b62dc24fbf97124af20ff70133d5609452cd4f92108fc9d74
0b250b9295525a4ebc75,0a43337f6475fa8f55ac99db,cities,110,Belo Horizonte,transfer,standard,1,train,e88e12fa28a70a2d1168f73290897f1ba51ecbdbc067f2170558fe20c3061a3a
2711379c657e90561169,51be22c3f1d81df1fe3c5d88,cities,111,Belo Horizonte,transfer,reversed,0,train,e99339fa78b20077b525791e5b9488cd7257b9cddf8732be038afc6a4d60dd2e
9aafe659378332e0e321,6a0d483dfc35eab1de8dabcd,cities,112,Poznan,transfer,standard,1,train,c43b89757246a276d0d281d7dd0c248194d434f7f40c0c40a97708b758ceff63
95b4e1f4aceb36ac3401,b28b21e53a1c397c33b594a2,cities,113,Poznan,transfer,reversed,0,train,bf5a6610b9d2e24f6c1e2ee410faf64e61865dcc7efaaf1bf88f7d5e3804ddd9
1a185a39eeea027ff15f,7c72dcd9763681adc5f8d3e3,cities,114,Linyi,transfer,reversed,1,train,3f35fd88810f7294709585f9f05b7fc3fa349f151c2423660cf6caf316150aca
956c4ab0b5fa46e4da23,2ef7a97f85a7d8481fcd5ce7,cities,115,Linyi,transfer,reversed,0,train,bbd2fdfc58dc4b161a0bae94aa86b68ce50e394e7080b53419b9c97c0ee698e1
6ae241aa3b7c37a67312,c6f137970eb19df963b4873a,cities,116,Hohhot,transfer,standard,1,dev,9d358c35744c52ddbf5ad3bf7aef4664cc068e806581a4dec4b2090f53ab665f
e798550cac175c035908,59e50023f3af014143297d41,cities,117,Hohhot,transfer,reversed,0,dev,068cc0a755b1649a884a66b7735ad8c26b16d32d0a44db6a0e67d95e1e17deca
000612fa7f4dff158278,d06948be4d400f422f0c671a,cities,118,Malacca,transfer,reversed,1,dev,73ae8065546da74d7a6a69f2127d0eb324372341a8d357612d16a89a9fb06107
d466bf7d847c29098228,bf1bb42aea7e56f787b71343,cities,119,Malacca,transfer,standard,0,dev,134d029047ee667a4d872a64bd2911b366fa24911cc647cbebb4efea110cc9c7
fc377914e1ee75250f67,7ab68b1c8512fd7c1792eb27,cities,120,Busan,transfer,reversed,1,train,3bd182b81d045bbacd0da718a782eee829c49ad7e38dccd5ac284cb32f609ae7
ea618814cb356a287cc1,804dae8961186b0fc2a2c118,cities,121,Busan,transfer,reversed,0,train,dc521b2a04697c3396b6ad4f8e77a4368df550704751bf68b60f0c4436d1659c
d24b6a7de9c3c2c4daf1,e3cfe04409ef4b6407999795,cities,122,Seongnam-si,transfer,standard,1,test,43be4c69a8981d1bbd9c0ef9da2dd4caa0cb1ed486d31581f685cea61400ae8e
f8e0aace345a1226c703,7e0d0c2303661886b9307cde,cities,123,Seongnam-si,transfer,standard,0,test,12542721ebf04157f9fd61c9b144139b65aa052d7beb960dbccf6d7a5bb01ca0
b5861e068bf1a94b0138,4b2d19f1d820ec41655f4987,cities,124,Matsuyama,transfer,reversed,1,dev,3e0e4a03d0d0960fe09be8e3c13ed4c78c87567f3ef6cbea067ab0288ea8e5f4
50cc45811d1cfe19b523,c82d458aa7b4e983b1af1486,cities,125,Matsuyama,transfer,standard,0,dev,984812dfb121c8980e64870259e035da72259b1352a6508c7d937c0f73d836b0
986429d17c55856d554f,a9f68ad68cfcada3a1976df5,cities,126,Suwon,transfer,reversed,1,train,1854b1083019c428c840b7402cead92e1015e873bcdd746930c042f087ed60d1
b3b0fe7d4d6c2d123dd1,f8839bb8d7d28b0bb2569fb6,cities,127,Suwon,transfer,standard,0,train,59da1ca272c70cf0c3ed1d533dcb18a205b9ef006538ce74a7fd3aa530fda07b
b99aebbc24536708918e,f16dd1c27d8000adfd081a9c,cities,128,Incheon,transfer,reversed,1,train,853c61f863ef5b82c509ccb5995ff14934a742587bdbfbc725f5e5346a2a59fe
8631605d128c7a4f3ae0,ddc7210e6d78995b58f10461,cities,129,Incheon,transfer,standard,0,train,0d2a3784263b401edb02c04a78278e9d0888db816c46e83c13c3d1d4d368907c
0b474c8a4c3d8e0b1c71,c5aeec4b88428058d260208d,cities,130,Hwaseong-si,transfer,reversed,1,train,d826cbd2e4fdaffc7769f654efa19155fdda0c49f7930dbb5249d7137ce04643
83e19bd18cddbe396972,6a4eb051322ae9efdb4e688b,cities,131,Hwaseong-si,transfer,reversed,0,train,2a44c2a69f877fcfd9f20a865f4ea74757ab01aef2cea6356bad143de6d7fa42
9bce648736e698619a50,dc8929b184924fd2011b9cfc,cities,132,Changwon,transfer,standard,1,dev,5a9315163e95075547a33e072d84d7c68cc2cf3618bea376eea31a54c0983ecf
f9a8db9231f2ae4fcc78,916ced49f09f5c08bb400576,cities,133,Changwon,transfer,reversed,0,dev,335ca87189b8c4946a98465f2a4c9fdf26b058a34011cfebd7544d6c5bfc33d8
097e452894a7762d2917,1e7fe98a16a2fc9c6f40369e,cities,134,Bamako,transfer,reversed,1,dev,21e16aa7dd4a4765f84e9399387d2808afb8711a3910ee64955d4b78a30008c2
4309e533323a66722512,82e89ef6e1e18e22d0f79226,cities,135,Bamako,transfer,reversed,0,dev,fee4c85c070fd411b05657b1c1cd93e323a8ff94e2d98c81eb81615c868ee774
a163649ddb86a00df4a1,98bdb42b25e07be77e724238,cities,136,Acapulco de Juarez,transfer,standard,1,train,ab68e722c38dbb3a474b1d492a9e4f2fd3eab9833f58a6dca7286f4156650f12
2af6d6dd2f60e7f285d0,5f72f696598cc1f9841e95f1,cities,137,Acapulco de Juarez,transfer,reversed,0,train,3c2f7e7ee9f26aafe8ac0372a0f26799bfd26e4f76960e9d612bd582980ed735
b3492c781bf8fa6f86ef,29189cb10631b8126a4e5bee,cities,138,Mosul,transfer,reversed,1,dev,f299f2dd622bc850eb39c974a32179180223d1ecd654cc277dbbce9e8fcd954b
36fd296142e7fc8b7ccd,baaea1860234cbba3e075510,cities,139,Mosul,transfer,standard,0,dev,7ae2e6949aa32761ace195176fe2e096cda32b4852856f899cff9520003ef770
8e4b398cb304b594d37e,29e7226eef043a85153aad28,cities,140,Basrah,transfer,reversed,1,train,e84595ec520d585aba0827af0b5172e7f8cf8268e61e7ce8d2cf383080623798
9605560bb792e8b06841,4c9468132fac275e03ee1cc9,cities,141,Basrah,transfer,reversed,0,train,17217696220b971050ce1914b60790789dcac1acf16ff8faa729bdde0d5d5ccd
6b9b57419301797e0023,4fe4d097002c7c50d825f6b8,cities,142,Qom,transfer,standard,1,dev,2b72083eebe27352ab1f88a467909fcd625abd69a7fb20d6ae1a555820e35b61
d44557a4f1cdb7fedc94,31bb1ccf5aa9a3dfedcfc008,cities,143,Qom,transfer,standard,0,dev,9efdb6c4ef702c2b861354b0fcb745f4263c8f08ebadee61d773684ea1d641f8
57c7bc8be47cb8785899,24a30da23d2684236f2e7515,cities,144,Torreon,transfer,reversed,1,test,aafb850496c566c8c7118eae8694db724ee32f0f0fb0092a75bbb62538ac9f75
82016afcc960adff44fd,2d5a2edceb7f930d89789d2e,cities,145,Torreon,transfer,standard,0,test,b7d4a85f2c7849593d330b59308c37d02bcc37ac72fecaf3437755b0dcb2fd3e
f7e19358039e69fc1f27,d805b6d6fd6662b431988c1a,cities,146,Beira,transfer,reversed,1,train,3c198354edbd228ed858adde31230c32e4a50dad4379161931aad14ebf29c2ae
70842aac327594d4a6ab,c19679451efcd93b1205d078,cities,147,Beira,transfer,reversed,0,train,9d4c98da37abf5851f9701ed66072b12f6029b2f31aa4ed1370ed9fa73b56a50
f12c6b05c44b919ed9a1,73010e423c6b95891c0e7358,cities,148,Naucalpan de Juarez,transfer,standard,1,test,d3267689cd0c232278ecd1e360cdd11f6fe919da55f93f0bee3f95a4f77ff4e9
5d92294ad8ff81796350,fe90a91cd307acc2d2530115,cities,149,Naucalpan de Juarez,transfer,reversed,0,test,632d37767c21e5ba9f43f6a81666a110e4d6c7b9c2c66869ed5718c9659023d5
292a618adba816de37d6,001a9fa4b16b2da78ff9a283,cities,150,Dehra Dun,transfer,standard,1,train,76ced697742196f21aadf3a9eee0b5c32ef364225cffc4c835554f5906192b12
331ee3efe31a8f0ef6b8,a88d7815479c02d0400b1d0b,cities,151,Dehra Dun,transfer,standard,0,train,764000f57906a0758f60de75e9fe5a17a5b1f5ac9d53054b7402615bfe94da2c
81cfba3f3ea177e81190,959d6b0c063e597586b115c3,cities,152,Bhubaneswar,transfer,standard,1,train,f0a5b8c8fdf311a20fcc4ae5b94321bcd65417ca147103d6dcf2bc96aaa86a4d
c206a8f06bbba6709ca4,f5b1aa69b85905ef8f7280df,cities,153,Bhubaneswar,transfer,reversed,0,train,93d02e55c3eaf01797d22302eaccf8fadb5e46f1c5cc0957a562a411c19a696b
88f5f41d120dd848b82b,bf912145c4e3fb77a3badb02,cities,154,Ahvaz,transfer,reversed,1,train,a813d1a2a96ac25a53e6a6a1d95c06884ceffd4494b9b6d1d3d0c316c59611ed
dacd6f2bdec876a31d62,a8a05ca53ce7e0d3c3daa2ea,cities,155,Ahvaz,transfer,reversed,0,train,0df0d97231b3498e03083ffce5da15d63d0de9132b2177756c7e635eb529cb10
d38cbec234bf132163d3,bc0550f090bcc64a1dba5ba0,cities,156,Kumasi,transfer,reversed,1,train,1e4b8755fd1b6abcce8f83e3b11873ae3c505056a749afc1aea967e681f1befc
904b2af5ab05eca77a92,8905fd0557631c7c7e3fccda,cities,157,Kumasi,transfer,reversed,0,train,fafb190628dcd65d403c6afece3ac45b7f108547993d2718b17c9a0ecafc07af
56675f1bf33f8047a5cf,c04e6276538378e9a397b44a,cities,158,Palembang,transfer,reversed,1,dev,0edb797224bbbb933becaafefba336eab6d6e17af1a500cc9f68d64f7040a3cd
23599d0ad0473a0786b4,6458a06f13e95ef4eb6e5cef,cities,159,Palembang,transfer,reversed,0,dev,5f7817ef8092adc31afdc570c32957558030b5ac7b7c6875410cc5d64bc23230
8e7244cd42a17286a786,c3192ed157e4468c95f2bb63,cities,160,Novokuznetsk,transfer,reversed,1,test,4c0f862d31f9b4cbffb87c33258f692c051da09eaa8e162a49b1f26aa06eb859
b9bea27b80de732b87e4,88108a30e2d23fa5e01f23d3,cities,161,Novokuznetsk,transfer,reversed,0,test,c5aa6b2457cffc6576261bc93ed3149b74c8439f409f4cdc030c56077298a62d
84be16ce65475768dc3d,344793549e9c6ed807425963,cities,162,Izmir,transfer,reversed,1,train,c90c766e056fc9500c26dce6677a4589be9232c05a115fdfd0c5a5f626fbe976
27c21c4e72766b7f7588,6ee412cf963d2ff5625e6131,cities,163,Izmir,transfer,reversed,0,train,4dbb736b0b9400135944ba36d8081319714ee3391739007bac09917c674097c5
fa6593918c9a2fc257f4,aedb2c11948baf828a4ee8be,cities,164,Lahore,transfer,standard,1,dev,c62fba8057e57d5fcc82086add53ae36d7bae90e4886e823f4744c089a47e503
eb900e78f6113fbd5b3c,a59cf79eec0c5b50ead9538e,cities,165,Lahore,transfer,reversed,0,dev,8fec6c974704b93393a07ebd72536bd705221e8728596321b9f66cc7d85ca03f
17566c748036eb6fc658,3f96268a7896a54330e5f659,cities,166,Zhenjiang,transfer,reversed,1,train,ae93aacfcd767f082714f26cef3f7c73d2e4d71798975d028a5bfbc6bc420eab
62736e7073f8e023a582,3dec288d9c85f342616a1f6d,cities,167,Zhenjiang,transfer,standard,0,train,ed0a76aa651b421dca46660c732bfe411cc9cfadd2684eb08e25a2ad4861cd6c
90d7e694f9c9bc9ddf12,a313910c9261ab8a84286576,cities,168,Zhaotong,transfer,reversed,1,test,065e70081da712480fddb0039193de2d454352dde66261341622a7a5bcaa7d93
5f0aa181e00a6eda8d0c,2adb5c864a8b6bcf5b89279e,cities,169,Zhaotong,transfer,standard,0,test,7e43c9651bed343bcb5760585bf1f788c5bf55dbcd22db22bffdf0ec87668ae0
087104a121a110630aaf,d3e1127c5907a653586f26e8,cities,170,Weifang,transfer,standard,1,dev,6e1cfb3f6ca57b5087bee5104e9e301798005585d15feff2530a813b5e1b2530
90b37ef2d253a48c36c8,9d6c86a64b4fa2da90c7437a,cities,171,Weifang,transfer,standard,0,dev,b9a935ad6efa82801ff52a882509b771673e44422b2b52c5f3f062d986c3db70
8d7b2e42b110b30ba055,0837d44f00cf38a7c5d950e5,cities,172,Tianjin,transfer,standard,1,train,b3eef07d5c12a824ee301a5d62f59ad0f271653833f0f361c5c07a5cbf2aa8b0
80966574e3978e702d12,22c96bb24366a4e2f22d743f,cities,173,Tianjin,transfer,reversed,0,train,8d6527dc26c7e688b7eafebc78d86d7303934cdb1e4ed8fa85f720bd55b464ba
965ab89d762fe3c8e619,1f4c02bccac638b0913e0d05,cities,174,Shaoxing,transfer,reversed,1,train,ab4e3be630f5f65a44e866a03bd249b3a41a86992edde4003af62a9a5bc93225
7964b1cc50a23b59e5f6,224c02e9e350830895f781ea,cities,175,Shaoxing,transfer,standard,0,train,433b787b5248889c1ee11b1532346ad9888b8f712a33308ae7a5e3f9e0f6c59b
919562ba75387fcc51a6,cbff33c8b82842417d775084,cities,176,Hangzhou,transfer,reversed,1,train,db0a2b72e96104be46d9fccf437593b0c652aa15998907b38af65b420a51e82f
a776153efb1e3d4ed9f8,08911a7057e0fb5d1cf84244,cities,177,Hangzhou,transfer,reversed,0,train,b102ad143c576c8543b395760f165ff94ff288835845cf2e567f63a2ec3d4acd
07a7b9d531da01365b88,b056e2c1e73f930ec9b8e6a5,cities,178,Mudanjiang,transfer,reversed,1,test,d515140c66cf91632a6015417276a185c44308e42c6e0beecfc1878733a92224
5b37481cdb8d96dd3502,062252b5382c31feb5baf713,cities,179,Mudanjiang,transfer,reversed,0,test,80b77473c530559fe9b397b372be2b05b30308cd954112ba53822eebbf1f3346
54741de82284650e2e46,e90659277e0a7de5a497f324,cities,180,Anshan,transfer,reversed,1,train,ee275fde1c2d772abb9caae366402813739f23f4f33f81effaa8fc9024e6a692
e490c97b254861bf1064,580c5d8eb0685a8905637e33,cities,181,Anshan,transfer,reversed,0,train,b382205fc8153ea4c46ab27ecdb33d92580ed456cbb1163cf04f25c716833785
3611d7e46ecdf757d31f,fb4307fe0129c2ce5f923739,cities,182,Porto Velho,transfer,standard,1,test,d9b59cbb7f7236d12f294bb9ac38bdadde25e494fdf9bc643f7765b7be7d7e13
ad115a2aeba225393aee,58127cd3a6126ecada20bb46,cities,183,Porto Velho,transfer,standard,0,test,80ba7bd028dfb51f961acb4c6af69383cbeb439c7f10bbee2acb0a445fea93d3
cd8bde76a2dc4c1e146a,9be5ef17cb0c9f5425831e4f,cities,184,N'Djamena,transfer,reversed,1,train,8cf3de94600854270228fe453b9ecbc8f9c2a305a52a4aaefa730d19beb65457
65ea9ea2df419b75f271,944d46404e8bacb934667062,cities,185,N'Djamena,transfer,standard,0,train,e1aa6c1cd98272ffd4f1a572e29d998d289ebb26a2499a95d0a9113731c6eaa8
3c5ba0debcfb90167ac7,913e1b18490f58d378255336,cities,186,Kayseri,transfer,reversed,1,test,263472a782e97710f3241f01f101813f47e829a2fffa585074a33f720fdf509f
f47378b4a81b221bfd44,618ac0b753afaae69d231827,cities,187,Kayseri,transfer,standard,0,test,2921fea742316edafc468e0f92f1d745147ee1ab06b3143fd9aaa1959d3a8e8e
605bcfb892097c1b6d4f,aa556a7b05d342f21cf8e2c3,cities,188,Marseille,transfer,reversed,1,dev,6b0a6b5ce59a1959d1e5ad183d9598cfaac216ea299eb86d1efbcf843668bc24
031cbe68af4ce02eae1d,b6444713b6368a1d7e6e17fe,cities,189,Marseille,transfer,reversed,0,dev,bddfcc18bf5e96ad842abbe80e05a3aedd17fa95dc23413184a534c394fcddb2
6fc3e3381c559aaf5ac7,1cda31c026a950f8865f8bd5,cities,190,Lyon,transfer,standard,1,train,ade01d966d9dd41420075ce0cf764b0b521ef9e4ac7ca96c0b55f42f4cb1b2f1
ea97307eadad91f3695f,4270d1a13323cafc22a06be6,cities,191,Lyon,transfer,reversed,0,train,1196ed0352f2e715f465e250dee08ee66797ab88a47f76b2dd27169b63d0d311
3508af84d98c9b3c9ea9,83002a9c320a7500847a4f3f,cities,192,Suez,transfer,standard,1,train,84584dad263c8df93ed9ec0fd88025c5554af95a93f626a330eb3ad04231bd26
531a8ab065e7cb30e85a,f94d4d1af60945f430de856c,cities,193,Suez,transfer,reversed,0,train,781d37cab2e10b9aee540c23fb8ff628b27e47b89eefaf89ee6ac7a573cd1085
df58be11fb395a639180,99dde5218af3754ed39404a1,cities,194,Giza,transfer,standard,1,dev,2116eaac96c73d59f9cbae0b41dcf0e68597f77242f1e81a8a9e898ee9784daf
d8cbf0752cc7e4b90bab,a8a352e45675fa729c63d2c4,cities,195,Giza,transfer,reversed,0,dev,b4a70f4aeb3f0349344f94022e7e83dd166197f404472942f1f49f97c537c529
7859905ac244941b2bcf,94d479a94aa8c33459b7ddbe,cities,196,Naberezhnyye Chelny,transfer,standard,1,test,bc9c646839a1f18880fac0405362aff20e3303c30717ee296121daf46f5c7823
111615b1796e74cae0aa,9dd18f30d10a1c2bc823a2f3,cities,197,Naberezhnyye Chelny,transfer,reversed,0,test,4d35fc970f1dc7d14103363fd3962335ba5a20eb2d647b749b9510fa03857391
a21338701c92718a76b7,236ffc54857a72ef37f7e91c,cities,198,Mukalla,transfer,standard,1,train,91f5805aff419c58958b0b7d42a8fe1d8a32d480f25d62e790b01e755cfc636d
dfe006be0579198110e4,421572b69495391ce13e34f8,cities,199,Mukalla,transfer,reversed,0,train,b2171ac82d87c7bdd83da580a5a5375e89fd24bec03c146a105e9ef7d1eff976
e6fcff094e39ac06b0d0,89775516c13d87920ac9f703,cities,200,Harare,transfer,standard,1,train,6c5a17b552ce482cb5340f6bf38884425054e4d2acc8c165b3a7884446de95c8
524a11070c5f60e7c0b0,d152a2dd78cc99f37a923d2f,cities,201,Harare,transfer,standard,0,train,8c55cb83737f2fc9073ba0ea0704b864a2c7fdb6fc5871196822a54e383f18b6
dc3e1de81f0af83d3d7c,4878ef6eaaacdd061b38b907,cities,202,Sevastopol,transfer,reversed,1,train,33073acf8af20ae592c00f5e54c728530fe09a7dc9c6a3249b8f5ab2c3ca755e
66ad4691c2db83df944b,e4285f10aa3b09c5247bb620,cities,203,Sevastopol,transfer,standard,0,train,d6def198279911cae86f78e2a33b55e7ab787bfde946d77c09151cead93db94f
c68e6ad211880ef233e1,df32acc681ebe7afc88935ea,cities,204,Lipetsk,transfer,reversed,1,train,8ce3be7ff96133994ae1b3c17bd044f3a74eeabfdede423f7d4509eb9c45f5a9
0fa955cdf83327e3ff50,958dc6b964bade04eed541b5,cities,205,Lipetsk,transfer,standard,0,train,1e7a3866da765e125d339d12f833dc12aa6036e602054e7db2c6247e5f1f8683
4c735cc531a92a5b851e,5f2972168afa87601d7c8a3b,cities,206,Istanbul,transfer,reversed,1,dev,2fb64bb8f52138482672477714e68f50b7c9101c0f4604a191214c85431076b2
eb48fa6f0497b770698f,4b84223643d949bbeb2bf0c6,cities,207,Istanbul,transfer,reversed,0,dev,457b814ad2c5056139613bcf94e9735904d942a1121f023611d4f9c845a8213b
e9841b182508e9c0b1ea,4225c5dfbad1169c6e0672e2,cities,208,Callao,transfer,reversed,1,dev,976098f6099e648f8a89ec0351f7fe9b6ea2f3f57f2472e5ddc1f5b84b8c1c66
4717b44a79115c03d225,908034155976341245799da0,cities,209,Callao,transfer,reversed,0,dev,f08973b95a2004a8a2cf7858b5b1637a099365ea7d3754281470bcb7356cf53c
5dda649cbb2ffe2abadf,93536c712c64a75318b200b7,cities,210,Cebu City,transfer,standard,1,train,98d7092098ab4346d461485ee6bb304bf91eb9a41d9dfa349a555dd8d50ae9f2
35236acf410fb86d4b12,66ecf7e2e042ffb69fbc9b6d,cities,211,Cebu City,transfer,reversed,0,train,e5d3c2c1d709612f8df30d254e89813eebfa53ea7839fd727e29884e87eb2a13
213a5ab7c18b0ff041ba,3e07e94934ee87928b6fcfec,cities,212,Tashkent,transfer,standard,1,train,26dbaaca1f4f8290750dc88f3585088b3fce1384b987028909a3ad2a96e5ec76
a49bb02b99805f6e515d,fcbc6afbe4124bb387e8ea70,cities,213,Tashkent,transfer,reversed,0,train,9f456293a62100303df6d1034e0e2aba164a3d33fe95d918c59b09bc9f13f2d7
2f674d3a7cc6473b769c,7920a447dcc11ecb8023f805,cities,214,Maturin,transfer,standard,1,train,d6cc4daaf97c5031455c4d7a456001671a942c12c43c04f97f281f7f7bd7330f
996595689459fd75a7c8,491b8ae3130f11a0a3aeccad,cities,215,Maturin,transfer,standard,0,train,b0f88795146cb6a4461c68447eb8b31616122ac52a142b740240c163b1ed30c9
e85c3b1884b4d7614553,0797120d46bee4d0a5188900,cities,216,Hanoi,transfer,standard,1,test,ebc165d3c42c3e470769b1b668e67876cd3819b124c03b0117eaabf778eedfd1
e4195bfe4a7524e6df95,30b7059d089101c704bb80e7,cities,217,Hanoi,transfer,reversed,0,test,56cb0abb9b5d81225915bc3bf90a18c35e62e985f329868c196a65a9b69e6364
4d5e7fa4f880734498ba,7941e827c52597884020a714,cities,218,Xuzhou,transfer,standard,1,train,7d673ce54efe50dcdd8880a45f07b01c974c44c12d171bd6dfaa1f9e7f0f80d6
e539f49272ca9c56ecf5,7f1e96e4c1553a86ac576bc8,cities,219,Xuzhou,transfer,standard,0,train,09ad538d0850992738ac875d5ab092c36137f6309639009dd11b079034538a88
dfd0c4dea66dd65cf56e,01f951804b6189cd3ff89011,cities,220,Cucuta,transfer,standard,1,train,6465ee8b52535cf784f00b46ad9db5371b16564c28d6aad3f5f52077b157294b
37a3828c79a9fb2e1c0a,6a77f174c54e59384b63bedd,cities,221,Cucuta,transfer,standard,0,train,476e023bd5c91d1b6b9fb9355a3f1542de716fab09afdc6ffa022537de49ab52
2ee4206fd1bfbd2cc5eb,3881da119054273251da8874,cities,222,Santo Domingo Oeste,transfer,standard,1,train,070d6aff0edd8318471e44437fcefea82fd82cd2ba4972568f872344c0bd2416
7889b3b2f9f4c4524301,f3b731a43d7d70f531187e65,cities,223,Santo Domingo Oeste,transfer,standard,0,train,686ad4afb5c58975dd30b7e1ea61a6144ef9fb94105a981764db265c4b95209b
56aeccf8cf2087062953,107b2d539d3382ebf733fa66,cities,224,Tangshan,transfer,reversed,1,train,1674c3793cd4830fea4e35ed53a74004383c3b305f2ae95725baae500e2a93fe
b72da509d84d860f222a,46947ac37de3343060a570bb,cities,225,Tangshan,transfer,standard,0,train,13403f82e72cdaa0106b38561c6984ef0236a12e7a4752929eecc4bb27c6c88c
598a4b991bd180d31f4a,07681719c68636565bbf5c74,cities,226,Neijiang,transfer,standard,1,train,91afa22d73a8871d510a6d6a7053dd9346751bd489ea9dd35ac05fe5c88015da
43770b04cabd86955edb,11b34c8893562e5ededa5f81,cities,227,Neijiang,transfer,reversed,0,train,14b0a92a71c9b28a3e87299fa64f90ab6d0b8bd7cd70a16730e6db2b328b0ae6
d5f399b1bfe477cb0b38,db39f2b60c5bc6110fe3d5cd,cities,228,Linfen,transfer,standard,1,train,215c344e60b42f5e16c9246378926bdc13377a2823afa96eb5920bd7ba8b26b6
fcf6d35476b08b939c1b,b861065ae2d4c4d220cf646d,cities,229,Linfen,transfer,reversed,0,train,c61f820b1a316ab21face45a5293e3da47987fcde955fe559d4ab312aad9cc87
db2d669345f280ba6d8d,7e916c17c98be95485f1fe7d,cities,230,Yiwu,transfer,standard,1,train,bfbe88ce18335f7f4b391e48c041b7f2f2419f2bc6f3e3b32e4c9520e17d44d4
84d626b1ad73ca7b3747,95db7f9854542db11d21818c,cities,231,Yiwu,transfer,standard,0,train,ba0d0373084e67120effa3d88f1018c889a7718c640a42842569f3ef60ea9c4b
059aebd038bfd94828c6,9c2a882272b2a6aa23aa4ed6,cities,232,Qiqihar,transfer,reversed,1,test,b4f5be04e21db9659a0e1199103f13dee8fc19367ec1f8929d8d24b24c1d8beb
2b0a0ac71b8f68e6ff88,ac7f7e0b78f19bc0d32dd3f8,cities,233,Qiqihar,transfer,reversed,0,test,7323445989f8fdebede39b313e1e800ec13773177a7440fa24e269088dd3ea17
7b17b98731ac82130589,1378acd5187274b908f8e0d7,cities,234,Baotou,transfer,reversed,1,train,494413bebe5faafd4beb2f2cf9cf68677517232e7997ad05b3f212cafa7f458b
f049b2146767881dfd07,9284dd2b986e7516fb18b808,cities,235,Baotou,transfer,standard,0,train,1b6f76a1d5d48a79e825cbc75c94e932b2e0617f04e3150d58ff024cb798e785
3f3b07476574ad28c329,ccfa4e1b22f5436522b9e126,cities,236,Aparecida de Goiania,transfer,standard,1,train,8ae797242533b8e221a6b64cf0edb331772ee8c0aaca50982e97ed693fe6cf7f
f3706d4a51f1bf0806e5,ceb56fb05dbb72b6614a62a9,cities,237,Aparecida de Goiania,transfer,standard,0,train,d3054717788e115e77b1cf84ba6e9cd73885b62f6659c4ac7bdebdd8d0baf93c
2267f7e86020e80e91a9,9af2f1f4cb0f2cd1c709009f,cities,238,Kinshasa,transfer,reversed,1,train,95b187c735468a775c5b77d6890a9653b1d94512fffe419779faaa14a00ad30e
622a2e50fac225ffc7e5,bb0a90ad91dd86a259ad3ea3,cities,239,Kinshasa,transfer,reversed,0,train,c237c796e6bc06d224c464dc6dd999ab53132c9c2c45127541130fdd93b16c5b
63468587f0db8502bbda,8c2f39478d7867af7c2e3955,cities,240,Ciudad Nezahualcoyotl,transfer,reversed,1,test,c6670ad62e31988525230d24da9cf14521743250c689eba93a9c3a3c78341187
9b0a9300b0d9cf7e4fc0,3712ea0316759b28a5b3ca51,cities,241,Ciudad Nezahualcoyotl,transfer,standard,0,test,35dfd570a9236bf5451b90116f4e089ebcdc526b3ad37459b54a3d16eb6c083f
d2b1b870f300229ef6fe,72f5583c6c8408c381efea50,cities,242,Mexicali,transfer,standard,1,train,02c4c0f8d7241b3bc29df9f3c6c2187e508a4efd8b30292d305769f01f536232
6e38634e7f0e7686b5a8,266b3f6ad84b84dfc2d2b234,cities,243,Mexicali,transfer,reversed,0,train,f904879489f6723019643dcd53e195712225fe5f4df8cd724987e34adf141a5b
b847e929d2688886e762,871610604508f85070c65486,cities,244,Ciudad Juarez,transfer,reversed,1,train,d86880bbbaa038a4a2e25f2aefbbb5318aece7377c7fcbede3b808cc9a7f9e29
3f6112b617d75a2fe0ed,aa91c6c07d937f1b7ec0d0f9,cities,245,Ciudad Juarez,transfer,standard,0,train,722ac59ed7d5ed2671fe272b949ed5ca26aa4d24398176f27d6e01050bb5d0b9
4be93324bcfb5e3ef8cf,b1c35a21f5260fdc4fad04a1,cities,246,Kampung Baru Subang,transfer,reversed,1,train,122b9abb05dee5cbdf2e387c972223fbdf403b70b439064c44bb3432684934d9
84b3573abb05df994166,f865684f2cb790d6024cbbca,cities,247,Kampung Baru Subang,transfer,standard,0,train,95c454bc3b3ef6ff770f835830da66da2cabd09a7884aa176af2617d8323cadc
2a1fee37946822c5c51d,33861c7ae8df9f54949f5cab,cities,248,Subang Jaya,transfer,reversed,1,train,0a9c35b27fffc1fb1f6da402ce6bfec436a1118095139d1a7eecfdd81c423854
7cce3641eb2220255b4e,47cd8d8a924e95ae9e7d1a8c,cities,249,Subang Jaya,transfer,reversed,0,train,1fb450fbd14e4d7501e88250ad82bc222a9083cf253dfc48d2a998ca53454aa2
1ff9d08f541c04d09da3,e4a2a5e8a0136bcbc237b5e8,cities,250,Maputo,transfer,standard,1,train,98c7bec10997cf70f2319ea65c70804c359a2e3f33b4b72492ddb20002e90ab1
9bca6688035bf5824936,6935a1f5eb9f3943ecf9f381,cities,251,Maputo,transfer,reversed,0,train,28aa57b05c41a26c0f8e433d41247a9fdbac97fdbad5e84e04b1169e9e7ae8a7
44b244243a8855bcb016,9f514637354bde7101d72ab6,cities,252,Kumamoto,transfer,reversed,1,train,45818160f2cf8609ed3d9380ca04e8908c43329d83ebbbea50b3d0b9e2fb66c6
8112479731b95fbcaed5,97e619a46b1e78aca73207f0,cities,253,Kumamoto,transfer,standard,0,train,6c0830807e0bc7ce6be63125bb07cc7f530c948bed7d8b93cd46df2762d65dfc
5be22ee2ea5e883bffef,8b5342447fac8cf4c833913c,cities,254,Daegu,transfer,reversed,1,dev,c17d7f1ddac92432dc33b43377ecf9c0179b76615494aa36ed6b930226904a3c
d495ea5fb65d78b274a0,80891a105cec169fd92498a8,cities,255,Daegu,transfer,reversed,0,dev,7b35e0f4fd851818d933f426b6762993f00eb21887bd3b398111d52c32c0b988
a1399a42fc1ba2616693,680415df5e40c4c24366084d,cities,256,Vilnius,transfer,standard,1,train,f8897b47663feaef8caa4e659f5a7097c028c1d88bf30f15051212e6deb10cc3
5c5b300e65110ab1591d,3f7e21b1b979403ed7d7162a,cities,257,Vilnius,transfer,reversed,0,train,493eb8ff51eff1010fea4f876f2116117e1efd29af41bd570ab9e3a07702a035
498b491129495b53005e,fa67fba39d823fb131a6ea30,cities,258,Ranchi,transfer,standard,1,train,a0c41f3373cb8b0efd30773fa264f3bcc27b7248a8d65c7255f4d43a9fca9dee
bb092471d1bafb7345e2,3f2fd149eb0004a313c56a0b,cities,259,Ranchi,transfer,standard,0,train,592620dad36be3df116e51695ee5c9784ba029286853e3876b8611ea6a7adc70
8ff2bac6f5b8ed06b1ca,3d81f536d369d7ee97afa2f2,cities,260,Jalandhar,transfer,reversed,1,train,c93ad3c05a8e7b733ba4dac8e03d718c37f185a26a029bb419a28b5dafa98bbd
42ee31e85f3414e94c2c,5831d19219ab928b57451364,cities,261,Jalandhar,transfer,reversed,0,train,46ce7b3ebc9b7df57c137b0b9eec9640d43f9a5a8395143d2e0a3e830784178d
f0cd8ffc8c7f6bc8e4dd,a0061301e3ec61d33da717b5,cities,262,Bhayandar,transfer,standard,1,train,a74696df3d3cd120756a31a01311d70bc392f030c11c35f77d7e30adb6f9a577
9bc0066cfd7df73bad0b,730b48a1fbe62a41ee03c671,cities,263,Bhayandar,transfer,reversed,0,train,b79839a56f11acc5225d4f3d5da08de4afeb008488464fc0064bbd711f3950da
0367e3563e5756a78421,d1e6c0821430d21dba8021e9,cities,264,Bareilly,transfer,reversed,1,test,6e62cafb041f2e10d1c71a946c20389bb19d603f70e68e1ff586af538d0bd6b5
2f4b2d322ed21dde9f49,a464b7469e9410ab6b1432c9,cities,265,Bareilly,transfer,reversed,0,test,fc6f6cc6581ffa52524c9ce6a8c492b95d605dab9b6ddcb2fe330abdf07be626
3bb2c26650241913ed67,6a793f95a344aff23a8e7925,cities,266,Santo Domingo Este,transfer,reversed,1,test,aebae2f9438a5c770f3a7e513c58b6d62625391f4304074f8d8b2aaeb157da6f
11307ba37fac1a5e4629,b7dd2baf3ae6f475bdbc49dd,cities,267,Santo Domingo Este,transfer,standard,0,test,44cf53f478a183f54958ee55574815a10f3b0486ca003e4cb3e82b1dfc4d95b8
555423f38944051f5411,65f09089e082b0ebf553e3ff,cities,268,Al Fayyum,transfer,standard,1,test,30c9e7b1eb8f8b119326a8e1710fbc89aac75ebe63d1b164a402ee2d3d35ec74
f79482245ca3928c67c6,02722751c70eec1805ae3496,cities,269,Al Fayyum,transfer,standard,0,test,674942644ff49d1828d3e09ddf9fbb91eec2c6e7ce2d29a40ae1bc468e9ee61b
92b0e7e92beec7b9350c,e4819e9ccb4205598d6b1b8f,cities,270,Rizhao,transfer,standard,1,train,2db6dd7cb0bcb77bb3cd38e9a3d8506b2653b5a8926896fc26ac44b079f6f45b
eae2e2fcc186eeeddcab,b1d4c6ea47e0d479b69c379c,cities,271,Rizhao,transfer,reversed,0,train,171252c695d9694cb001195f2f7268aece9bfa46ba40a27f2790afc3963f2614
7ee64afa0aeba5d9ec74,635921feb223d3369fcd0e19,cities,272,"Mianzhu, Deyang, Sichuan",transfer,reversed,1,test,834ea8c5f93c211996098c7d42687977abfa0dd1a2d86798af1c3491c1621ac9
4f891a5424f817fe72bb,8e235b31338f8c744da59044,cities,273,"Mianzhu, Deyang, Sichuan",transfer,reversed,0,test,c4c1230dfac8c10d1fa2fa3530bea4dac7b620e2616754903319e23200a92c5f
39fd599bf1cf047bbfb3,18d249774ab9b61c4b285124,cities,274,Jabalpur,transfer,reversed,1,test,3b2c9728ddad482dbbe13855c31d111d2d29459e87dc9437108ad42292f7e617
0f4a803ea1bcbac5ea7c,aab403b7e52df111761fe672,cities,275,Jabalpur,transfer,standard,0,test,257be0682fc893e3a15862e2dc3e60762ee6f3ea9514a7baeb644a04b19a8a02
187de345c4f85a07403a,1762e1aeea8d74fadedb9cae,cities,276,Bilimora,transfer,reversed,1,test,331ca65745c07735ac5cc31f650be637d128dcfb033fb6d6afb092d52be913a9
c1b9f581442eb2ad8ade,bd7cca2ed6962a63c7f2edb1,cities,277,Bilimora,transfer,reversed,0,test,34f1e0c0e35f4b5342422b55f7587d232b008bdcc0ee38157b58f9072f69790b
c77d7987dac534af35ad,90dc4f6d4f1a4074c5759dea,cities,278,Accra,transfer,reversed,1,train,584e272e11668c924085c3e6ef5c9b80ba68e21923b1182785796f8b3bf90f5c
deaae7fde5b48ec82582,8f88091a8b8b8c9786fc30a0,cities,279,Accra,transfer,standard,0,train,b7ee0ad99db8cdc358478dc65bc6a60ff4f97e25ac609bcdfdeb5efb695041a6
0b0b1a8489d7a1bf1252,4a16828f6ebc99aa9458749a,cities,280,Bogor,transfer,standard,1,dev,8b47955728a16696f819285ffaef7a7c6cac115b15665686aaa574466720b1cb
3e27369ef67f804fe1e4,2c7e000a31a386edb69d9433,cities,281,Bogor,transfer,reversed,0,dev,8365deb76b57c036050f65932953f0d9527a7cefc6cea3886676c4530dba89f0
948689192085fe661261,8ca09bbb240ed61fde7edee6,cities,282,Nyala,transfer,reversed,1,dev,374ddc1211736b6b296dc61d2b655986a04eb842e6f455158ca7eb7956797899
2defb92dcd5d1f5ad1bb,7fda5b4410d5329644ca1ce8,cities,283,Nyala,transfer,reversed,0,dev,2b8c2c32dc5f61cdc5af6cb764acf86fd3886923cf197b1570bcfc7703c40a66
b715af180c36f5fb2a01,0f41990a340a257d221b54f3,cities,284,Eskisehir,transfer,reversed,1,train,83066023fad102bc17fcbdc3d322bd93316c52a854c02eaa2880b75942e25f19
060758db3f0f29a4dc67,37dace20cc85eb3b007c00f2,cities,285,Eskisehir,transfer,reversed,0,train,5fc585ff8714402fede8f20988e58fc0cf9fe4c83a765d1f4bfa9ab7d863dfa6
8512eb9d15c23d06d3f9,e8da77425359cdd12355522d,cities,286,Antalya,transfer,standard,1,test,77e720c6fa357728f463aacef5405e0a804d22624169c7999fdaec18b8e0b7c4
3bc90123aa37996b593f,f5382e5c2bb70f9bdf4af2a8,cities,287,Antalya,transfer,reversed,0,test,11d66984fcf06b04f814766c0df031616c9f3cd896c417343a554d96a6bfe9c8
61359036b183327a1574,4be4d9c1800b328ff8acb119,cities,288,Dnipro,transfer,standard,1,train,730b2764e90fa531c97adc1064afffa4d6998097766fbf55d78f393eacb78b41
e6ffcb69cb2722c7cae7,d6e004559d59fed20b8589e7,cities,289,Dnipro,transfer,standard,0,train,704db70589db9c203ae825d1eed2cd3e597ed24fbd995500821644cd926081df
2d54a4e3ed2a2772797d,bd6b28046781676298cbd3cc,cities,290,Khabarovsk,transfer,standard,1,train,1e0a8d68beebd5d5b601cfcb0443a9dcfb23a5593d5b2c7be2b1243f6c569334
f2be7171e0a101feab8e,a53a9c16b32bf30ec72d266c,cities,291,Khabarovsk,transfer,standard,0,train,7d6af50c6835d2dbd96a598920ec8b421072f78dbd5fc1c60a0afb018d2cf693
9096538be29d9e715ab7,6f0c8c99c25bf444f9877b5f,cities,292,Irkutsk,transfer,reversed,1,test,9bb15fe5459cc73988a9e0f8a9736a2d8d939735fa929f89675b7e68eb3d72fc
488422a8950dafe47620,f94bf8b5d22da4c109e32e4f,cities,293,Irkutsk,transfer,reversed,0,test,47b2aeeb9dcb479b8ef7878fe6493538dbed161aab5c52287c883b5e97e7f30e
ba4a7016b30e20d87fea,f4fc84827dd8c642d43498ee,cities,294,Libreville,transfer,standard,1,train,420e01a6599e91eaeb60b9900167727dd26409cb5c81ece545d17196c972dd2e
eb487124264ba7775c32,dd41dde150c35713f0c31bec,cities,295,Libreville,transfer,reversed,0,train,3256acf7618de85db2864d96f90ee3e1e19286b8902b659f7329c1b1fd0bfc76
d3aaa564dfceb4e5bfa4,c92ba18c3f1152b367b34a16,cities,296,Santiago de los Caballeros,transfer,reversed,1,test,8550b4ffe63b17ac29a922b190adaec545ded37afedbc29f5e8f5307f48c0207
6ad6600d65f289cf4a0a,ffb6027ffa0579602fe1a807,cities,297,Santiago de los Caballeros,transfer,standard,0,test,005456657afb6f6cc99a28a97f7319fa9a679320d1f3bf30b70d462e49788e27
69fbf12358bc3176e6c0,66ef0e5fab28791245c2cd7d,cities,298,Algiers,transfer,reversed,1,train,f337c5559a6545696e7cb6b050b805157713a845155ecb22496d07158c4317de
e0878f4cac4963bfd05a,175d06a575c5ecb16ff1efd1,cities,299,Algiers,transfer,reversed,0,train,47c3e59b388df8f2478b09ba2f9c80d62d4fd32f6278fd0d27eb4f650b45f60f
723e5788243652d92575,4386aa49c0c1b62b6dddafdb,cities,300,Nashik,transfer,standard,1,train,edf7f1435f5043990d124729f17278f8c5c69b092a7a17413980513458168d02
47a0d76a6f81199f5806,9ff166497dfb242820bc81f9,cities,301,Nashik,transfer,standard,0,train,af4364d6c0599bf7d6ef7c4f8e46b397d2c882689a39ae0eff1fdfe3b7600a77
86434d082dece74a14fe,e3526dfcbc82372ddfd0feb1,cities,302,Karol Bagh,transfer,reversed,1,test,1117015e90de03962848fca5cc936e3d4e2a81df7b99ec79433238212951755e
dd271f2df57d9561195c,fb7b45d7115777848e660f0a,cities,303,Karol Bagh,transfer,reversed,0,test,ce1f0c0630ad0a7d81bf6a05df40a7d21eca5d93b8d066bde82323d2e9edd575
02786ea1804f1c858f5e,c2860c6c65748827c1d4d441,cities,304,Orumiyeh,transfer,reversed,1,train,825d7d01dc8120073587d5a43e502873f9352d5cf10d8e403c61d0bdf3771d79
54d21b2f7756b64a1677,2d7e4e3656e0000246c5f23f,cities,305,Orumiyeh,transfer,reversed,0,train,81fe17e2d8941ea947759b4d7ecf9aedd0fc65723f64ce7c26f7f310960bc4e7
cb00abd5d9d056235c39,4848c6457faf1b6d324bc453,cities,306,Zahedan,transfer,standard,1,train,6c17b05020a4f86d398e51f5ae065434edd21a33e328707925a291b296bd05db
9681e22faf8347f228df,7d80dfbca605c3942f466f3c,cities,307,Zahedan,transfer,reversed,0,train,03ecf3d0c98619c82aedc8a53e9a5b9fa9f7360ad78b461814d43970b3c5bae0
ef9bfc188b267fd036e1,1177c29eae4f3bd66f4f32b0,cities,308,Xuchang,transfer,reversed,1,train,10abf212289b5188c40c0815d535d6ad480f5675d2ee05d4a5e492ad60ed8ec2
dbeaff8747fd5a1a040d,5bdf9b07f5e33dd8dba9c9b9,cities,309,Xuchang,transfer,reversed,0,train,1fda071afb1984db893da1857ce6482290323ef4136ee8104d3e528f600e9e07
2fd34b25afe0527e8ab4,302c4e087ba84a012798ad94,cities,310,Changde,transfer,reversed,1,test,7d6b602df4af25295bc0567eba362bdce4d6b699f8e0044cf8678a63a5aefc28
af0f84e3e2c891c34236,c0fb979587584c93faa53327,cities,311,Changde,transfer,standard,0,test,523ec44ea1d3483a18cdc3e4a1518c6d4d2c70c1b680b65394f61cb9a4b5dd40
68aaf227deb5bd855c9d,f121460bb6272dc85d2d654b,cities,312,Shaoguan,transfer,standard,1,train,b29992ae62fa2299877f2bcadd4e88cc53756b70bc1311f8845dcf4e450900a5
69c1f3cb6af8eb8ac7f2,47e4c951db92e42082b11d35,cities,313,Shaoguan,transfer,reversed,0,train,588fc5e8171dab753ce919e2bc47c2b309faf33fbb0bfafb4414b378d4febde4
ed2539ade11f0d4c9b7a,7cf55c3987a70a7f9b0f4d50,cities,314,Jilin,transfer,reversed,1,test,8178eb9d82e7134f28a7845ec0a03697ad29e99388005a89096efa9f1686ba33
f68191ff404bf60a14ae,05c5ff15025bcfb3bfd3b67b,cities,315,Jilin,transfer,standard,0,test,b6125987e4b0c13d44bfb722e43dbee8afd97084d720cf1bf4879005e6ad1ec2
001f1523ca74989834e1,8b3e2d9e59e799079d5c275d,cities,316,Manaus,transfer,reversed,1,train,43b3e0bb46a3c51e68487610ed8ce62a5c149756d17aaa20841a4ddd709c3bf7
bf540c3418e9c1b06cba,c3e36c9046c70de946e4c6d8,cities,317,Manaus,transfer,reversed,0,train,6834655295c9945244ac032c55768f4e90803cb84e6100cf4d3f332dd5fc00b9
8811c0f5c9a0929e2221,4fb50699f150605992c5b968,cities,318,Jaboatao dos Guararapes,transfer,reversed,1,train,3029aaf5460893e169dca66f295f53e05c34f0181888b782d0a9f37c26c88158
8c3bec5f6acdb831409a,a5c5bba6cc4550cf6dcf0660,cities,319,Jaboatao dos Guararapes,transfer,reversed,0,train,e3bb7763dc0e487b8a21c2924e4bd028269b77f689215141db13e7d6682ca1ee
70e3df04fabad35632c2,75ebbe2ca167516634e6f481,cities,320,Kakamega,transfer,reversed,1,dev,73c0a7e5331763d2079d9a8fba9c82f8d1f11a732db8375f5ffb46cd23ecbeb5
0018991cb29448f6a652,7704a5d765d3228b2648da02,cities,321,Kakamega,transfer,reversed,0,dev,8eededa7c0cf190d23eba40ef65d3c11e620228cd833de82e127c088145e91a3
90f228de2f95f95a68b4,072ea86e89e2526f5683151a,cities,322,Agadir,transfer,standard,1,train,f95ecd48b77e0e53836d6ad63d588d0bc5fe831a197503db0dffb1ddfd7d9235
a66f3b01530276a9d1a4,0282191a1c2cab0a24bbeb39,cities,323,Agadir,transfer,reversed,0,train,1fd5b52f833fdf39a69eabc455d340f39b725744702d126fecff522736618572
44848c7a235a84c66581,fe9b705d77264207f7c30ce9,cities,324,Ulan Bator,transfer,standard,1,test,d97c705995f5ba6c53eb237d499bb253e4f645c64de7c1a746622988aa7dd788
18509a871f1e718923ff,2d036acdb581e68ee5428f6a,cities,325,Ulan Bator,transfer,standard,0,test,acc11fcfe6be35c25cbc1b8f0be8c0e641dce9525a26f39713bcdabfd4f44a98
0fac28926206fa3b0242,61d325890bad2fc68a6249bf,cities,326,Muscat,transfer,standard,1,train,716a0eeea982e1dafe7e47e961b41cc66aeafa3085f863f887853b1ae1a6df97
66f6bd4f539cc5faec5b,d72f70b6e95740b291dd86d0,cities,327,Muscat,transfer,standard,0,train,8595e779416fea804ecaedb6ebead6bd263df9f28006339d38938be1ee42e7ac
b7b71b92e10190ca04eb,32c8676e15a5f86854900776,cities,328,Paranaque City,transfer,standard,1,train,ddffff100e58f3587654eff223fddaea2f43736603e03433b9f1e6ff65a7f85f
6963d6b49c2954746a1b,68ac665c2f4693a75e445020,cities,329,Paranaque City,transfer,reversed,0,train,30157fd8eef87bc6ce57457d247edde6118d518cb3e290bf7898b5086930732c
f0091bb3f31017fe91ea,5ea89894d262c653412f8596,cities,330,Rahim Yar Khan,transfer,reversed,1,test,8f717d6d7ba5a67dab9b43e81a7101f30784edbaaf85d3bc980a59930a92bd2a
9e94d7fe3db34c0d71d4,acf4f05ba63041812d1d95be,cities,331,Rahim Yar Khan,transfer,reversed,0,test,6dbc53c63b64fd78833552b0ced10656614429b0d9ec3f029636abdb2d0b93d2
1cf95ca74ffa8810a688,3ac97f9c7889e21325c11911,cities,332,Balikpapan,transfer,reversed,1,train,b5f7479c7cad2efd702a5dd339e08f85e9eb0acc0ffeb94fcaca540a60554617
6e13371761ff87c70b96,9db33a172952ea5957033a1a,cities,333,Balikpapan,transfer,reversed,0,train,bfd0089d3c4c65e27ff0f558bbb482d2bedb8952d764884eeae94701eec8b375
51c3984ad4ceb2dceadc,10ed96be1b4b7d8a57075567,cities,334,Guarulhos,transfer,standard,1,train,290de5df3d037fe167fc0c5e6aba2f37b7359de20d256051d5657e4e17602c27
a519aade919145befaff,c7060daf163aa91c39e22563,cities,335,Guarulhos,transfer,standard,0,train,dda56eac886801b357809ecea3ceffde58a89b293427516adbc6aed43e3011ee
62a9d98ced02e6a4f369,49f617d7334305b21df81be3,cities,336,Volgograd,transfer,reversed,1,train,4ffd16deefe8bd7bcaa8024179105d9f1e26f06d2de11cc27a131fcbd29a08bd
6157e4a197d63bd14357,14fc6a7a33abbf02276dfe1c,cities,337,Volgograd,transfer,reversed,0,train,f40a84c74f8fc32d9754a48daf14ce6e2831bacdad0ca6d49e73e23000727c5e
13f9c9d6a6547ad27728,c9cf5040169ef04952eacdde,cities,338,Ulyanovsk,transfer,standard,1,train,e2a76788e3051095933442b9792ba840a7817d086f6c51f5f20638a07b71ec5e
4929f6620ff45b001692,ec7c19bf87771789f725041b,cities,339,Ulyanovsk,transfer,standard,0,train,0256ae11bdf299995f2158e96be945cb6f48e423fc3987bf96ff1ffb983fa0b3
b9241e94e107cdef803a,317501161203d209ece15bcc,cities,340,Kota Bharu,transfer,standard,1,train,920d6252a656956844fb3e8e9bcba9d15d09c45dd418eb7eaf27c013d5fc2f3f
273ae2abd5dc0c1565ea,83fbdb799c699d8eb512c5d8,cities,341,Kota Bharu,transfer,reversed,0,train,a5fbdaf77b4265a3bfc3773bd0b9985ca8f00c8327b8a7d697dfd949a6bd1db3
982511833033af9dc24f,69e8e6652e66096f5e94d079,cities,342,Sarajevo,transfer,reversed,1,train,9798455b0903580aa2e8151be4708b304613c0f83ea8eb4a2a2bfe3ff4bac6e2
c130add75ac747a8b896,73ddde4efe03f95a1b5b35f5,cities,343,Sarajevo,transfer,standard,0,train,3923919aa8afde8443ea40b4d5108b51fab881c5d9b0961a315087e504ef4ad4
00966e206e15c5f44508,9d6adce5a5c6463ef4dca3a9,cities,344,Maceio,transfer,reversed,1,dev,0354eae9058dc10200788ebd0cd74703d78466223927d55ccecfc21162c8d9e4
172076b30ad3275987b3,05847fe3ec7689ea13b291a5,cities,345,Maceio,transfer,reversed,0,dev,2dacd91d86fc95cb9bca641f0ecd139fb921634f8e1d0329e4791d7a13612148
751d0166685877e60734,07d22b8e5e200c82efa7db67,cities,346,Joao Pessoa,transfer,standard,1,train,309a8a88d9cf1acd036d11399d8a948c4f4dfe740b78511a60427d05ceab6823
f390449bb5008691f6c3,d4d44898deaa21365a365d8c,cities,347,Joao Pessoa,transfer,reversed,0,train,479f36c0bff53ead90350ad833a8fe3fb69827a5320d6c7ffdba01047de71c7f
a33c0b9cdd913f0aad5c,060a54fe19afc147ed87a242,cities,348,Shangqiu,transfer,standard,1,train,77dcec181008910ddae06bac87356ff4e25dd3e9181e5e88c5eb78578490110c
fed8e9b7f0a4d679246a,9506b44eb17a21a59ac954d9,cities,349,Shangqiu,transfer,standard,0,train,659ecaa3bcd2513215cf0fbc0468edac8953e95357c6905d90e7826a804981bb
60ecca212ce3ffd6489b,828c73a200a19dfe6133d079,cities,350,Zhangye,transfer,standard,1,dev,88f0a70461d362943d74038b76657a981112dcd66fbd0a0b72dd41f52ba0c666
40c0951cedde8adaf725,fe8c52768b91d29f7684c94a,cities,351,Zhangye,transfer,standard,0,dev,da09a0b73e14f596fe77d4fc9b136fa4c10443bff0c8a7cab44793f179022fb1
6e710aaeabfba1718e10,041c25a465d0df3a3106e8c1,cities,352,Xuanzhou,transfer,reversed,1,dev,26427d1c31640bf18b5836d1cb92ac5a871636a19596de0d90c56c804bc8c553
0f68944a5d2db114c31d,1d2703fa29995380d3b12d60,cities,353,Xuanzhou,transfer,standard,0,dev,0aa91be1ccb1192b3f7612ebd1c0c7264d2fcaefe0b4a57ec3d28f7f8c486fe7
fa6503efbcc08b864380,075d6f0ea17fba619e583b00,cities,354,Wuhan,transfer,standard,1,test,91648a96981ca0c4cb47e5fe9b71cefdf0947f6d08548a6792f056aef3770db1
3a4960d45381ac73888d,aad0777722afa65f63ba5a25,cities,355,Wuhan,transfer,standard,0,test,e978b06ff01d8d9a4b5e67f2759c1cb6213af76381e30d473daba3d98853678d
76082f3d67d8434d79a2,46a59c0f822a6f8de22013ef,cities,356,Nanchang,transfer,standard,1,train,3104913eb8eb68dcb6bd437e5ce74fe8dde1d1272016fdb5fd6c4680a56d4186
9e0656b2e4c1877a76b0,e1fe5a8c132c9d09461202a4,cities,357,Nanchang,transfer,reversed,0,train,bb11f485b65208f242e03e9ded775bac4ebd75addc0132ddde87540949b317c8
7aa87612e979ae653974,27d0e8424fea119a54eeeec4,cities,358,Luancheng,transfer,standard,1,train,384ab02b43faf9e21c3ed03fac4dcefd9c5108fdb428f8a00627255b6155e8a3
615c3f1cfd2824d7a5f5,65afac9e0f41a672d3203e24,cities,359,Luancheng,transfer,reversed,0,train,8ccfc53934d8306a0065058d1d16f81d3b282aef6632147e92a60db73ca0082d
9ac01b4669a5ec41fc03,9af0e8d459388c2d6627e765,cities,360,Liuzhou,transfer,standard,1,dev,7d30b39a5126d6e4a8b79e90e48f34560470115fffb5727301affad72f509a82
ad43f9f91a8bb0a44fc9,6464dfe05123e12170301367,cities,361,Liuzhou,transfer,standard,0,dev,bb7f8ac6b76c779e9a6311b518ce94c1b345fd3ca55a612dfbe6bb01e9bfc7e7
35e8351806e3ddec836c,3c283e31b9fb2f2fdfde7a95,cities,362,Guangyuan,transfer,reversed,1,test,592e51d7c6d9dbbffb4f282a53eedca5cf87cce0e6f5136a42780d777759a362
bd384b51ee839b429fe6,6a6af949196db10bc33fafa4,cities,363,Guangyuan,transfer,reversed,0,test,9a924cb01a122d4868ef78999ff263b8423cdcec6541acdbc65bb4ad9a4cbd3b
6faa84b64f5e27a3f9a0,18c79ceae56f7f865cf7e8f6,cities,364,Bijie,transfer,standard,1,train,034dc3cef647b94cf0ecf82d1f1d6742f98bc9ec2c31495ba1afc7a344480cba
764565baa15dd15d00e1,5a613d26c62df3d78d26d66d,cities,365,Bijie,transfer,standard,0,train,5af1cfcdfd44c17986e9e7823307174ca2449ef1a94ec41d9f8bf0c849d9ac70
cdedb783f8043531aac4,0f81916321138f5dea8058fd,cities,366,Zhoushan,transfer,standard,1,train,328a806dae342207edb3b6f5b7b5daec8338f94cb92be89e34e46c475fc4052a
accb18dad8ad23e2a097,7f57cb2fe4495f0fea8211fb,cities,367,Zhoushan,transfer,standard,0,train,b7ea728f4171c03a8e5efca6808b3dc92da656e2e0633a2c8bf7542792c068cc
5be4d6912b6205e42d61,ddd7c2d0dd2b80e460f6eb9f,cities,368,Hegang,transfer,standard,1,test,78e6600a1b06e1ee1fb4ba8e1dbad65e289f5c24b63808e492d86c2cfbe05ae3
6202d8a6af1b5ce43101,7d415dcb11c9de7bb4809a2d,cities,369,Hegang,transfer,reversed,0,test,02a5cb67dc9b7aac80b98307f4ba727ddb6e5be0e45d4c66f73767a3e3b72700
16f17a3933a0a4cf5480,293da314204c4d54b01d4b06,cities,370,E'zhou,transfer,standard,1,train,683efa30dd62383e07ad154c3b92427a2db5344a4aa3850c16dc177afbd6c5c7
406a03a25560b85327d6,db9574e40e34eda5dc46f01b,cities,371,E'zhou,transfer,standard,0,train,cfacdbf26efde9534a8e48d17566d0955543d694ff8279586427496ae72700ae
535ecdda3bf8f6d97a18,a21411a035e135019ee2dae5,cities,372,Campos dos Goytacazes,transfer,standard,1,test,1180343b9035cde3f7cf38babe311cad0d5a8be98d121803de1eb434700be72e
dd28aec95057277a3b15,46133843ff69cd4d6e5b8649,cities,373,Campos dos Goytacazes,transfer,reversed,0,test,715c31ab4238c49b9fe38b6f33b024082b5b80b182f2ed9319d568a92233e50d
ad4bbcef8f59dba4bbe7,2d339874eee36b3c28972cde,cities,374,Bucharest,transfer,reversed,1,train,a7660f0fd57c66422c6d6eb0275494c60375a085159f706f1f2e21e8d1314db0
eee5798a7310e8a9af60,996a39ba741257a152157657,cities,375,Bucharest,transfer,reversed,0,train,26b4ad1717d6b9fcd416a8d61a0a7cbe2e3c48f58a21513726ac6beee28266a3
2d9eb7d76314fa9998f0,0be5db5ac266ed8de399c21c,cities,376,Ansan-si,transfer,standard,1,train,dff40b7f019904bff0f420c1e18d412dd64440171a45db4f3755e4ba82f36919
9407d9043b62e8f1f30f,adab089cf1f72222b6f32a6d,cities,377,Ansan-si,transfer,standard,0,train,4b452f8b400648ce3931f067b3d4fddcfb7945b477b641c718fa68a618dee168
4f62f5e6ee68dfec3186,1d36d925429ecd37cf627364,cities,378,Casablanca,transfer,reversed,1,test,6ff79eb64ee64b8e5915d18260e3830bb5e20984744e08841dcb3977e7768c8c
f088e3e636065d15070b,bca7a3eaa76f904be863c407,cities,379,Casablanca,transfer,standard,0,test,09f0aa92744e31c9bcf9d18f41f3c965089797987b8e327fd70d3c90dee7377e
ab0d44c2e0d384a9d440,9eca6011c049d17c40f6c988,cities,380,Coyoacan,transfer,reversed,1,train,bb42617600ffd0c43e0eb90930ca257d9a49c3ae06db8c8f4e3cb18fce02a26a
71b8bb2ef49c4c5dcaf3,449a6fe07faaa0bc9d1d55a7,cities,381,Coyoacan,transfer,reversed,0,train,e9bee9a282e757453039ce7392f19b2bb8856b029f2f3fea1a0c761b8dce84cd
12128fef770dcdd42e9c,f761875f96a157cdd974fa15,cities,382,Oyo,transfer,standard,1,dev,5b27119c12279e16679efcf7e4d3890b09b68c137d68f19258feb168a6979bc4
5db8f23711dc16b9ff7a,ba5b0d5462386b0e66f0b5e8,cities,383,Oyo,transfer,reversed,0,dev,e3a4b07232c555d13a6e412fd5fa8e4ead8cce24466d25c0020eb86554693cf0
3b1dfe84070db8234792,7f85e01eed1709f73865a265,cities,384,Pasig City,transfer,standard,1,train,40d023aa917cfced91f1b8080c5f7028d2a63e53ce567f1e33c66066f2a187e0
219868d5206047a6137a,b30a2be188d9c0500deb8e2e,cities,385,Pasig City,transfer,reversed,0,train,7e4bc38acf2ca7257d0b7eb082b36d50c1599e6a8def038d8868eee48d2a758b
6819c30a4919403724cc,ab822cd1453d9c5156abfec7,cities,386,Kano,transfer,standard,1,train,9b00ec5f1f8e64b910fb0e3be65932cf5452091ee9cc01fac3297335bfb094cc
7c484bbbf6ea7ad2249e,bd4633be9f002012eea48442,cities,387,Kano,transfer,reversed,0,train,43b4e0e547013af26be0e281fd65777a045e927d184b64f4ec56025c6d359de1
cf12c3f8a0430262b98c,2e081bbfe8eedbf39938cfba,cities,388,Bahawalpur,transfer,reversed,1,train,2438b2824b90b222d2fb72328d013a501dd60b74d5237b757baa353b29ad54f4
f06774551f778d6e38df,0ed8dbf581b49871c8d57a79,cities,389,Bahawalpur,transfer,reversed,0,train,a891e69953b5ae48a09e9f2d5e9ac9f3874c99ff335c1727eb5f099587b173f0
a4632ac8d22a0fb910f2,e8c9cdfc9fd3e629986d443c,cities,390,New Kingston,transfer,standard,1,train,778827bc600c9755fd2de2d4223e8cc489bfd98b2fb486529df954b898206e4d
33eca97e63145dc6194e,3689c04a0aebdf165cd10f64,cities,391,New Kingston,transfer,standard,0,train,c804d1b872b31d2823b0cd7e23f407ed5ee7dbee01b8af68a8b1f7403b2b0062
34bd5bba76344640facc,245d1fc36b3da2090a81cbc5,cities,392,Pyongyang,transfer,reversed,1,train,1625339d5ec9f0131388705e9c532c96dd155540fc11e4c1cfc81c2698815ee5
397c4177e9a87afaf335,661e1efb01379eebeb142feb,cities,393,Pyongyang,transfer,standard,0,train,2c82746cd94c3309ddb49f30a5f632d3073c40ec8c79d8ba1a662873ff66da65
e9adb517bbd3601b98b8,7020a2490c337f6083b690a3,cities,394,Shymkent,transfer,standard,1,train,3b970c12dfa82593398271f063a70d3cd6bfc739a998751c5babbac7fb30367d
094288791ac549966a74,8ab3dd1cd4a8599b08b22d4c,cities,395,Shymkent,transfer,standard,0,train,ab234c9aa1046930b4a187e9f3d4fc49a64dbf09dd74cbbba011fd0084cf77a6
51af6c2351a4a1f3b67d,585f1ef091d49a71c3fd849d,cities,396,Tlalpan,transfer,standard,1,train,bbbc42237ee9a097296d3961f92f6f5a1b07d753ef5ac81b9d842097c2655d56
6871d0073a9fc5e4f8be,2b9070aa1158981cd5f49c4f,cities,397,Tlalpan,transfer,standard,0,train,b34184883c6082de8b17c0cbdf1bb00f017e30cd4d6f37c587010464f871c1b7
e079f23170ed4dbd1148,591e3e4d29c8ba5938e25fb7,cities,398,Kemerovo,transfer,reversed,1,test,e4b29a08a3eb299d6c6985994a91c268c295526a6367a8bdd337af8aeb0c8e89
48ed68b31d90b6726c6f,c2478cddcda8dd5a976bde76,cities,399,Kemerovo,transfer,reversed,0,test,e457c23c1156d35940b0cc0ab88488a2d9ba7cc801b221e7dce0a572b464236d
f0de261b263e01fe39c2,9571d566ccfef0d90a29caa9,cities,400,Zaporizhzhya,transfer,reversed,1,train,bcba4d1365d42e86dbdb4b14022f583c3d9d7a3e4ed582a26427b046651382db
950339372dcbafa912c4,d91622ac3f2f13aaf32f33a7,cities,401,Zaporizhzhya,transfer,reversed,0,train,534b6a8200f40554e057a0850935ff2273ae7175fb1d36293685a43099ca4fdf
f25806593587d4b76f65,6b7b97598e74075036687653,cities,402,Iztapalapa,transfer,reversed,1,dev,4ad771af9fc1491b63acddf7f2599f755f57d422038d4ef83af5737ea3ca78cf
3d31e04f1cd8338742dd,d39f7f15a0c2e72519c4f8d4,cities,403,Iztapalapa,transfer,reversed,0,dev,321a5c1e8f8c4d46f1b01b17ddc7d961103a168e0544a03be3007da30b84be15
2782b70e69b636e0c942,b9208c9583af46e3d001e51a,cities,404,Aguascalientes,transfer,reversed,1,dev,af160cb0ea9df78ede84e07c3843afda1ab033e4c59cd7f7976857800ba178d4
12a07be50d879b840066,a395506d4765cf93ade21c61,cities,405,Aguascalientes,transfer,reversed,0,dev,1803c54963ac9611d441e214992d82b4755e012d75df552cddaba177aca7be65
029674d329db550aa035,1486b8d6f897b1cc34491ff0,cities,406,Kuala Lumpur,transfer,standard,1,train,374899441a15adec97d02300d7a5638dfeded991f54de365273c80090f0fb1d3
320c325183410bf31a7b,ec711f6f52367f7ef19411c7,cities,407,Kuala Lumpur,transfer,standard,0,train,79e5c15a33c607c24d9fd8977e690f9a31408d0c9b0472c6a901fd4ab0aec7d9
cc0140090a92279fe8d1,bb5791d3df27aaa46868d4f4,cities,408,Warri,transfer,standard,1,train,c26af31f64a2ed2a68055db758ac47e4d7e235463dc7f97d8a67adf8927f3868
c8af56a3f264b9850cb2,e5fd6a76150cd33aab5d101e,cities,409,Warri,transfer,standard,0,train,f520873922237e7a2412125762aaed095f51cb640d6e97232b14902a9b277240
3d04c905e068b636c0b9,dcab6e9d9f5120d5548d501b,cities,410,Peshawar,transfer,reversed,1,train,ee87f08a0662bb9353764b4be5771fdd2f3d8fb708e52fb1fc334bf57b91e1f5
af6f78818404085d7c0c,1f2a8161832b48d78e8981a8,cities,411,Peshawar,transfer,reversed,0,train,3608d4dd5135f406a2c5017dec3e0cec8f9bf8c420c12eb745f750bd308fbc02
986cf0a7143cb824e52e,f1fce510b14a0c7961e386b9,cities,412,Kagoshima,transfer,standard,1,train,7824dd9a0674321c05e2e236a3fb54a6a6665a11a7650f2128740013b8c0d414
24f71f7fde6f610d5236,565ee9404af9d3cbb8548582,cities,413,Kagoshima,transfer,reversed,0,train,e2ade6b33675a1c1c2638a1ff2986ac93262e2c30d90ceba08396b02694865c2
10bf59874b5d2133697e,a0154daefdfdd98b4a0b3570,cities,414,Hamamatsu,transfer,reversed,1,train,9d8a810a67ba64928095979780ebadda25e1299cc03750e49c8d911b334f7a8d
be8f8f47e299270d1200,08203107b3783b8aa85436e6,cities,415,Hamamatsu,transfer,reversed,0,train,e95c9a03db3e8cc7b5b79027536725dc85a7b7144e60d6afe2455993d761b244
8d90d9677548f9904009,840a3ba5b6d62ec2935abe24,cities,416,Cheongju-si,transfer,standard,1,train,e94e035c6ca46f4ebd0a855390d82c2e5c1b191e8f3f224383a178488fe318e8
a59253eba439cb8bd683,fc5cccecb87a4efc5e7de732,cities,417,Cheongju-si,transfer,reversed,0,train,5c311b79fdbf57ce2ed71034a44b18dafafeaa10880c5a83ca2b18ba30699b7f
a98ae73dce25ab018502,f1dc0ad1b7889aab2b08bb22,cities,418,Ghaziabad,transfer,standard,1,train,e147da98b77d5fd80ea937e924658d72db7cc53a2b774f90b261465f8aad8b91
146fa3a59b0007e645e5,f517fbbc789a6de29b754578,cities,419,Ghaziabad,transfer,standard,0,train,6a545c0d4af2b7a964e12e74efac711e2505ebe681e9ad112183a7d0004b67f9
bb1248f697a8fecc2ab3,327308c8a591233152fc1887,cities,420,Cochin,transfer,reversed,1,train,d6e5716f3419395b7632983676ab518b8ac9752309cb3be62c2877d7525a909d
4dc2190e521004b7ab51,a60c8be89382f9f3a2b21f09,cities,421,Cochin,transfer,standard,0,train,4b5d2518ae77a516f6b7d43a6b4f4e07779ae559a5a646d515cf406ab704acb2
08c5163b75cc77fbbfa0,0ee3564b066a8b4c93b29590,cities,422,Ahmedabad,transfer,reversed,1,dev,0a94d9415fa1e7ed7fbcf006fca0eb2d0bf380086a0be430ca60feab781eb367
89f118e715a72b68258c,36937947a26bdba00eb63e34,cities,423,Ahmedabad,transfer,standard,0,dev,5da61629c56c46a2508ad59e8bdc6a8e8cc7658f6a7dca521955e17e56842e1c
0d2cbc29e045bb0b0f19,d56409232a21ebe90dcbb940,cities,424,Sulaymaniyah,transfer,reversed,1,train,5dc58055bc264e79ab72a15c065eea92c70c035b399bf0dc8624fddfcd0d31c6
a2b069f7b729971f88dc,318c24056c05ef0f6ba65207,cities,425,Sulaymaniyah,transfer,reversed,0,train,9d089bba9bb10abc1159964f289a747cb9df13759c553b21bdeab92ca8d9d6dd
9574bf3ee03a1103f8f9,bfc0c7941180dda3351e3206,cities,426,Hamadan,transfer,reversed,1,dev,61481d83583db915f6a03a0bfa9ca98ea9226c226b7df479f96a5c60eee92b0f
66e85f98038abd2ae273,67cc2bf34306569b034bcfe1,cities,427,Hamadan,transfer,standard,0,dev,a001c55dec6e3a760d8d01911719b98c33d15d92134e370fea75abb60f44f3c0
b4bca7304a0ba55764f3,343fd0c943a03427b0d7e56f,cities,428,Omsk,transfer,standard,1,train,262b8523bd9cf59aad067c8538e961a27b8617d29f15d46808973c4abda7e995
b9555d57a775964fb3c0,a170a8491cbd4803a0eef0cb,cities,429,Omsk,transfer,standard,0,train,77d29c8c5f53656cf0bc6fbf43bb0174342fdcce7e07d9b0647faba002d802a6
19f48c53c075e56348fa,6fa186ca53226090a4a13af1,cities,430,Ta'if,transfer,reversed,1,train,b306cb3ec6c5c673144b190bdfc7fd54402cc9aaa57e4dfa7314d3e8b2f01f33
20afe85ade4f58bcc507,4ccde1edf68621ba3a00f5d4,cities,431,Ta'if,transfer,reversed,0,train,14f20feea958b2171afac118a89377a8dbac4ecfb111238f94b2ff5067aad0a1
2858ef5e46c67ac2aea0,424bcb96d0dbdcad18cdf285,cities,432,Stockholm,transfer,standard,1,train,8402d9acef42ae94dcb1ad635f45f9bab92a1d6c274bffc403083f8660675f24
70826224396b130afcfb,b26f2b5bc6d0d256438a69a3,cities,433,Stockholm,transfer,standard,0,train,0f1c5524652cb51194827ec30f96450799784ab0167947128a42ecab53e08687
f8fbb7583ece394945e2,185aae99f292162f88f5090f,cities,434,Siliguri,transfer,reversed,1,train,b9534e667ddbd13499ea703017400b706c67e4ac901e77f01d04a81b1eaef792
6c0c7e74a1643dd8a937,faf1a9b4008e0d3097d1049b,cities,435,Siliguri,transfer,standard,0,train,7554493b6947ec0c7aeff071b8517e90cdea1cc2f07870bfc492b06fd9550644
a8a3f8cad0eb8fa17b36,d6b89348251924afc7fa10cd,cities,436,Baghdad,transfer,reversed,1,train,37355ace7e953bc9469a85a38df1c73e7f5c9b31e4a999a5cf3531de4c49b4d4
b4ab335756accdc3a1cb,c3330ab25e0e1b4eff9153b1,cities,437,Baghdad,transfer,reversed,0,train,37363f21edc8ceb2c6bf18cfa6bb01c2a90e163ce4178a56a975f51eedadc6b3
ba28537b9e88b3575e15,f0a2e15a2daa0c8935c5e909,cities,438,Al Basrah al Qadimah,transfer,standard,1,test,bb09d56fc4cb8984986e66cb022d6de8485ce1418669d71944e5b69e380e0f09
bbce43dcb22a8ca3150a,1f2ce71ba23667e0ac50ad73,cities,439,Al Basrah al Qadimah,transfer,reversed,0,test,14b0f6f2913beb71fd28ef6427b7114d2179e0d4bd312f2151c8feceb2d82fc5
9aa6effc9cf99b15d065,9cd0968af73407c46439c2e8,cities,440,Krakow,transfer,standard,1,test,24f4b89ad5a74735bb625d7db20703f5044c45a80766afe50aea8ddc27487955
97cd3f02377e9f9086bb,00f48a376311adc5f6d61533,cities,441,Krakow,transfer,reversed,0,test,2e5eb6d0e43156a2797a5062aa0d2a6de3017af71ad00b505c9e3ad9ccbbde11
f32dfeffe0dd12df6c41,95096cb11130939c9c053a3e,cities,442,Tolyatti,transfer,standard,1,train,c5a9d701ee2105cc85fac11eaea3e290f6a8aebe2019eb2c4ef9aade42eb763d
7494a6903a0f26752a0c,5ab77f036bfd553182eaafe3,cities,443,Tolyatti,transfer,standard,0,train,5317802406685ba8eac71755bc00252486f27abbe6d2474aca6cc04b9a77d3f5
6dbb8f513fbff9d13124,9f8d37e29d97646cce00a8c9,cities,444,Bandar Lampung,transfer,standard,1,train,fffcc461a6430f0cfa91f27a056ee727b829c8cca11447c88db0543d56821e0e
80820f9515e5f19c48c4,2f5dd250a174d829c4db1074,cities,445,Bandar Lampung,transfer,standard,0,train,db75b94f163ca365f50db2ce8a025eeac40e110a01280387ee0dd26536b2bcab
66fe78d942f4a7bf5ad4,3af28ab453480bda440adb2a,cities,446,Tucson,transfer,standard,1,train,082191abcd1ed68dd507f3eede107eb6aa805254889d652f2b295f112996a3ca
f8090e6a4c1f19116df1,c38b57b61504b548dc397358,cities,447,Tucson,transfer,reversed,0,train,06268ada6f20c33fa2c2ed118f1cf8cbcaa95e8e81955671b61a1430989c70e9
be59365874e3de4b88af,a1298ad78eecb178a304f3dc,cities,448,Can Tho,transfer,standard,1,train,7f2e6a4b7f7dc75b57373e83c2e5ed04f6d014641f6441a172ebe1476109b7dc
8ad68a67fc9f101b07be,6bbd2fab7ee0c46892048715,cities,449,Can Tho,transfer,reversed,0,train,f5209cc542c732feb0e9493c4aca11eacc3902c49ef94cc4a708e337db21a889
483e01d6dd00bfc18210,092e604ff1e2b9be13cb1f2a,cities,450,Bouake,transfer,reversed,1,train,62453ff2b781adea5d1f1c303bfda2eb9c2cf92bcdefe8cc23035ab3efbb98e9
9931d536162e7391c2f8,f281781fca4b3ddcf0c97424,cities,451,Bouake,transfer,reversed,0,train,0047f124221450eae1cb99428b719cd2cba978ec7057227cff837c5bc91d7f77
41f2bab86d1a5008efe9,784a2ec2260f374b73adc01e,cities,452,Abobo,transfer,standard,1,dev,332e1db13f7b178fd924772ed93c13fa5cd134cb19228443e85363a43e5bf3cc
b90dc1efcb49b3f0157d,6c4308db72935c81a550569b,cities,453,Abobo,transfer,reversed,0,dev,9c2cd61927135433cdca71286cf652887972e8d75451805fdccb857bc036491a
1100e935d59ccd8e4dcb,a452193f1b24860b6cd13faa,cities,454,Shihezi,transfer,standard,1,train,ce85d55d50554cc6a4562382a3fb7fc704086453baa095308ce90aef3c26b1e9
e146d4b8a1009d8674fd,3a7b05b60ffa58a7bd06e2ef,cities,455,Shihezi,transfer,standard,0,train,223f4b3d17335d3884a1cb3594ae89cb9cc3dbc3b074ca483769cb2980ea7c61
148678e58e1b8beeb114,07febc2d10fa0564a9d275d6,cities,456,Yunfu,transfer,standard,1,train,a89403b947b8b02c251f99973c08927a1c9172761e41ee1b2d615cddd1ee9f88
55a10b6982ecfe76c518,3bd6e5ba7361f7dd41d9b8f6,cities,457,Yunfu,transfer,standard,0,train,44b748ee51881daea5c0b5ce9474f56d7fa49d6b34f79b4d6952e81a71a6d7d6
46d4c7cc4eada7fd6cae,2e7a9e95d1811f0086f5ea1d,cities,458,Xiangtan,transfer,reversed,1,train,e6f8d0e3ba2c92891f444d50b192d4b53d1d497d246cc469133fcb6693d5c3da
a2f11c469689bab3cbf3,c31b0775e3cb2292516e5626,cities,459,Xiangtan,transfer,reversed,0,train,8d8804715ff632272b2c91c5a8026240963c9e84de2ad5b6e3ff6e65a5772c15
de3079d5cd6eaa4b88a7,d4474388558f08cf751d1eda,cities,460,Qionghai,transfer,reversed,1,train,dbfaa3df76998d5cf4630fc8cc3d0c14569d21c904e2ae87b3c6f07f570e4606
d2f3bee7af3bc9e45a5b,68eb1cb8eb54239e09ac7ac6,cities,461,Qionghai,transfer,reversed,0,train,bf74423864c7b57c2720c25844cecde56597412391e6856626d9870c39dd8010
6a22403e8d63f4b31626,7abe2b4fe2bfe4f0dace3b93,cities,462,Chuzhou,transfer,standard,1,test,4cf7c2664ff890cf6ef8d4eebf7ac034264fb74c8d5722fc03fc0a1b5767743d
a894fdfaf6ae1e66fa7a,ec0a36aa712837c8035176df,cities,463,Chuzhou,transfer,standard,0,test,3c1cfe72385e269c1fa44c24a64ccedf96e9eb899a1a010ae814660523adbf5c
034b6e955ca1ac10619a,2fd86e38fe521d86e75aa4f3,cities,464,Taiz,transfer,reversed,1,test,2f25fb542e68e3bd88e8d0b3cd43bc3ce809ec1a6b8c668ea2ff426b5b8a4ad1
f1242b88959b77ad9026,9c82ab395484c3125730ab00,cities,465,Taiz,transfer,reversed,0,test,679ebcc1024d825b39d49ea165a8a6d631a7673e5fb9cff8d72e0a3161647155
0a98d9d8f4b6453448fb,7c2f3bca59e30f31ba9b7428,cities,466,Tembisa,transfer,reversed,1,train,06e57e24c6eb657dee1a4ccb48c81abbc251212b3686f74a410376cc7da772e7
43276f0462008698e541,b12d40897fbd821adfa11e5f,cities,467,Tembisa,transfer,reversed,0,train,6479505d7feb5093569d7d37cc444cb811daa4300d2a5a40d0f7bbba326d32e5
965c4448e2f6013c0b07,d603169ccd72dcc82a857c6d,cities,468,Puente Alto,transfer,standard,1,train,1dd1abf0e080b57c644e6e21391d7d71f09de2fc8a497132c29101902c149499
3af43e7388b5c7d4f06f,4fc20fb5190079453000e243,cities,469,Puente Alto,transfer,reversed,0,train,dcbcde4ebd79fc3410d73640e56f112b2b65f7574d4f74798bf7a15069218994
fcbd14b6c23862857277,d5c09d0812a4cc2d52a1d837,cities,470,Zhumadian,transfer,standard,1,dev,8c50b183eb9bffa9f0252a0ec8af23f9282bacd5ecbb178454631acf5a2665e4
8c1bdccb688f0f4e32b9,b8f71f769bf544125c4e0ae6,cities,471,Zhumadian,transfer,standard,0,dev,d566a442be995d6681358024d19f3ba274e2a66d4c1a3bb54f34074d7ca74703
76064438c8745d361735,d162987c4610d81c95628314,cities,472,Zhengzhou,transfer,reversed,1,train,dd83945acb5c8416a5af2bd35cd15102f68611bfcd5bff486c871830525f486c
492930a74463da6a48ea,d46f8d76acdac33d6d3e9ee8,cities,473,Zhengzhou,transfer,standard,0,train,c5759f1bbe56fe272153b90da77310dfa7a1c07cdf4f9f7c50a3da9ffc5abf18
b0d0b13a792296f599d1,99047ac8dedd6d25ccda1232,cities,474,Ya'an,transfer,standard,1,train,000a4822e19805baa5b87fdc2005257ddbdd300a03c2040c1910723bf1083a60
d565967ceaee2ea2a865,d3518a09d31fec5a7e762144,cities,475,Ya'an,transfer,standard,0,train,3a497b1ecdecbf5230c06e9b8cea51cdced64e254973c12c0a5c96cb99245f75
cf5893de34afd8166e1d,b0db8e1270208b19da4d76a6,cities,476,Xianyang,transfer,standard,1,train,39505c363a2b25c658e9a674edb2cab9f2cd51bb34aeac982bf909ee1870a9a1
a4f627ca9b3a9f51868a,dc2a46350dc04db0cf74dced,cities,477,Xianyang,transfer,standard,0,train,d9bf753e4e3a3434c71b31c633ec71df3a79f6708f646799dcce0f32404a7aef
3a6fcfe3796370ed6050,9e0043663a6a50f3558fb376,cities,478,Weihai,transfer,reversed,1,train,c938ecfcfc8aa4c32cff21cc76d6a089b0718ccbe40b22b62ea851e04a3c4554
009a4ada6f879de2d59e,5d9fd9d7cf7132cdb5b01185,cities,479,Weihai,transfer,standard,0,train,b5b42f485bf08366cae798aea839543aa6e3dbadf03936d3a5c4413b6104d84a
b8938e4de29b2dc454da,b5d24435420cdfd8e893e691,cities,480,Pingdingshan,transfer,standard,1,test,ba820101cd00fc5a00d299ac684ff30f0f478a759f990f1cb73579be2ee89e75
aa39e98d3c786733b5ab,cc0f45cdd3029dcea7faba6d,cities,481,Pingdingshan,transfer,standard,0,test,6c798ba764ea31e72f308e99794c169d0bd80181e5377f79d16cabb67d296506
2e7e3eee31b38ebb5e64,9784dc0a763b802dc21960f0,cities,482,Bengbu,transfer,standard,1,test,720b8a55057804860c0e84bd947bd4ba7559126a8382bf6db8f3916d5824f6ef
ca53105b5182c6487a24,061a87c591328189e30ce465,cities,483,Bengbu,transfer,reversed,0,test,2fe4183e90b0f1232948180e21a8e26958fbe7cba4ab03db2f10ad108001fc1a
5457052bb214b4027b6e,28ccc86f1ef05c1c8018d74e,cities,484,Zhangjiakou,transfer,standard,1,dev,6d40662df392bf3e9a5ce86b5c51a3dec6d755bf99f6c2edb0813f5633e7cdaa
a85148bb3a7126deb26c,36a3aba9fdb353316d60fd63,cities,485,Zhangjiakou,transfer,standard,0,dev,029915a824d032912b62a954db02c01735c8e60094043800b14650cd9b41ec07
c344aa24fdb241cceb94,1bef9f5469f3ec43b7d921aa,cities,486,Mississauga,transfer,reversed,1,dev,b1eb2aa6ad960c820437d18b57ec6846be9ceffbb02e0ee17a0807f2e2e4feae
a3ed5e9e58bd0ee8ed26,49aa1b2de611c9b955370404,cities,487,Mississauga,transfer,standard,0,dev,6a4cf2d1ef3ee33b2de41c61bd8755c92b1b9c941a73856ed9b977587529c5fe
5b33761f3f66a4ac313f,515a68149cc39afcefa81772,cities,488,Yerevan,transfer,reversed,1,dev,c6a51c156f0ea23ccab55d39cea941d08e54c92518ca0fdb8627272c2e7c3f52
27030f36088c117902dd,2149df4f587bb3ba34bcc59b,cities,489,Yerevan,transfer,standard,0,dev,4c917481d50d326a56bda75cdd0cc9ffbe418b3e9315ccaab7a2371de466241e
433dd7a58f9347a9f881,a13ea3e25d69a4a7cf1944b2,cities,490,Albuquerque,transfer,standard,1,dev,8670475524fbefe7e0e361064c15bbe11b1eb9353316d62dff187148eaa785b9
6e822b14d122e8cbfb59,a61c22c751bcc43786aa1992,cities,491,Albuquerque,transfer,reversed,0,dev,2541e5dd0a74d828b38a311235acd57bc7df6974d4f2388697e50718158aaa58
2d290f6e75f965e0a8f6,2419b62782eaafcf9b175203,cities,492,New South Memphis,transfer,standard,1,test,86868234ce96c250df898f188f50c3c25bc2a2844a29f14bad97691136f417e0
d871bdaaf12fd1764f91,e34115131fe5ff1fccd9588f,cities,493,New South Memphis,transfer,reversed,0,test,ae60d085effeaab892820d7d3f13e2844832964c9b35611c4dda53057c062895
daa654b9fd61bd63c4fd,c706ef121902b51079456638,cities,494,Calgary,transfer,reversed,1,train,c144bc6c846e8261a2e7b456945182a498368b869f370637083b6135b53377c8
d12ca296788d8c4953d7,6295cac841408c61bf46590d,cities,495,Calgary,transfer,standard,0,train,b017c1f1d0ad74aa4322b3e5f9cd8d11d13bdc009a049e77e810e930cde7e25a
b65b106ca7d382abf6f0,8cb9addfba963c1b37bda6dd,cities,496,Kisangani,transfer,reversed,1,train,688230f373f9f2c037129a551c661b16a9876fd872027b66cb5e05b2fc203ba9
816fc7406d33117cff93,b0b5c1db54740b54e47eff69,cities,497,Kisangani,transfer,reversed,0,train,fba8b281be77e19f18e470713444929d736f4e8bbce8a2ff9576c6eef4f07ab4
1397c92d2789d9d8ec70,b91bbb477200e00fe18cce3c,cities,498,Bobo-Dioulasso,transfer,standard,1,train,5c0ca59be3ec90d7abd78da101257e2379715f5cc69214afd9f3bc3b95e1b2e9
ef8a5979b11661299623,97d58d266b46de24365f23fd,cities,499,Bobo-Dioulasso,transfer,reversed,0,train,32ecceb661b740baa06136b1bd395004da63a16cd0c2eeb60fd0ae214041da3b
2d2bddc1a014bf292c94,9002a96b19ca2a123237298f,cities,500,Sao Jose dos Campos,transfer,standard,1,dev,1556ba4f589630e3ce223352be3d7aa61677e3c0f2e20b8f9b47e71b2d31e5f9
968dcb6bae46915a07c1,864e5b7dba104aa82acd78de,cities,501,Sao Jose dos Campos,transfer,standard,0,dev,5d5698cc860581599a9a076db29e67475061243d390008cab5cd67b38508771d
63328eaed2971b24f8e8,0ea87c7d1a17835a2b3c9f08,cities,502,Florianopolis,transfer,reversed,1,dev,31e5d7c8ef20b1e613bce034e6ed53561f24686d8077d5eb49f76258be28d8bc
3353678cc59ab9950703,96678e69c9f840f05bd99ce3,cities,503,Florianopolis,transfer,reversed,0,dev,f98ae88ab0e9e2abb1ce18d73c593f59fc2c3f75366a3fe2349cc2a7385b66aa
d59b20c55a46b1312023,d234e92fbff5f7e632895321,cities,504,Cuiaba,transfer,standard,1,test,0c5150b7eb3b23579b73a4972337a02163a3d4d414625df8e9e6a886bccd094b
16d19fb7f7f8606b48e3,ca62ae3800435fccdc6f0918,cities,505,Cuiaba,transfer,standard,0,test,29f3f48df18394db4e6a74d2b5354ea50675c0c937edae944f54b7297c20a639
e8b93a386da2dd0cd502,693bac20455deb98c7b91d2d,cities,506,Chattogram,transfer,standard,1,dev,8260594c86143eea9941a7ce3f0e08ca2ab8181106890d4786319119d8d3864c
26d4a658f0f526c6bd37,e013cbd55508b0bf337bba3d,cities,507,Chattogram,transfer,reversed,0,dev,66ec8648cc11ed80a1a33f07962331d05b3eb4cd33dbb228238b5fa383ec88d9
f82501786be0ef2f9834,d4435ca84379697878fea5a0,cities,508,Nanjing,transfer,standard,1,dev,4d63ae6e8d8c97af7b5607e2425018da2345c5fd0facb90251bb285a7b949e6f
9a054d248260941d27b4,18d2f6c38e390ffb8e988828,cities,509,Nanjing,transfer,reversed,0,dev,f855571a9a06471b351c5afac37de3222bd845e1599176f650be6f94184a0923
59f62465cc28f75d0967,109cf5829595ab47b8aecd27,cities,510,Kaifeng,transfer,standard,1,dev,941187476703ce0a33987bd120bd021b8ff95eb30c3126ca52a76df743b3cab5
6587307a5c89e7ac91be,b6f113da6edd9aaf478490a2,cities,511,Kaifeng,transfer,reversed,0,dev,a55c448c5a371b26d19117ac53bb1ebbf8281332cf23bf66f3202ca2b79ec4ff
62be0e655e44d0886e10,cb32811e5da6cd5b82c92405,cities,512,Heze,transfer,standard,1,train,728aa7be3a8d26e1fb0b6334883aa28e886d8d68ea100de3186eb72be75448af
9d30160d936b13938af9,5d36680b96f4d321b2be5de6,cities,513,Heze,transfer,reversed,0,train,2329244e78bccbe4a140a03caae795172d45385fcd8b30a31a63535b69f0da95
f0c55b13815027b85883,74c4f021d01778c4b80b542d,cities,514,Sendai,transfer,standard,1,test,9b7dc6a7d74ceb33db79f1124d22b1636ae409bd066b055a19eb46b2d2db98d2
39f153010934f9677b3f,2664006e773e501b1fac3c4d,cities,515,Sendai,transfer,reversed,0,test,15d25fcd15e1bb55be54a404eea3c0b2dd5266eca340807103bc099c98f4c0e3
4b0b29abfa77e99c76f0,c2ecc07f6bb5c11dffe7c61c,cities,516,Jeonju,transfer,standard,1,dev,ac144b3869ca2d634faf7a2c20870c44f163ae1491f1202d10aac98c7a6ee029
d6b37ac5be304396a66f,9be89b9dda31cd9c2cc9d8d6,cities,517,Jeonju,transfer,reversed,0,dev,21f7c8c2c97f2c6ff06230ca5d4b9c793f66730d429a578a311fbf73b06e1f56
76b0bbf587100385f64a,e2814e92f20ae8338d63a0b9,cities,518,Almaty,transfer,reversed,1,dev,adc03e5fdfd0c8424541c7c6e0d16a70fa40578e36ca1abe10989a4e542fb0d9
103b3318408905ac6153,ff16f67e5305a2be46422773,cities,519,Almaty,transfer,reversed,0,dev,f5a810775b5dd4eda4991243ff8273b5b9324be46adc154cf63a33bc4d29f22a
0599aaa6b15542483766,feb699b4b230b8b5218d445c,cities,520,Pimpri,transfer,standard,1,train,c5a35d7352475b58698bd05fa8b0768e1b972fa69f3175f0cdda8a62ddb5d639
fab57fb6532aa76a8b09,a34d36364ef9afe7204ce05d,cities,521,Pimpri,transfer,reversed,0,train,28f5a25884f9f0c23c7b794a14220a1360ad91b06698a16005e4ecc11ad42560
6932fcabecef4a9e5ca3,f05c36a7f0e9b7e5eefe0b4f,cities,522,Navi Mumbai,transfer,reversed,1,dev,70013ed2cd71ae2b8a8f585ee17aa3618a28b87283f87c2a314dc9b5972d767e
dc056a3824a623765de7,5c7efb3dc0b75ac7422eec62,cities,523,Navi Mumbai,transfer,reversed,0,dev,b32d25f0e06ec590a4c821eb97234226952ec6684ab4ab45b8d3ab53806700b0
391d7f0bfdc822936bb6,517b20c12f0920cfbb6c96ce,cities,524,Novosibirsk,transfer,reversed,1,train,9e604fc6666676945466d3560a75870a83401d53394efd1df04f0cfdcc584e11
17e03e7365096f64d188,33ff445a1554c09142015326,cities,525,Novosibirsk,transfer,standard,0,train,18881df73665f941b1c8fafa17362a6ecfc13430923e2a410ae0cb04dd4ed30a
9798f7a3f37c2734977d,af61a457b0f97e8a3198f0f4,cities,526,Goeteborg,transfer,standard,1,dev,880d90e8b185ae072b9b2c5a0eceaf4726b7e271ba15b563b8afadf8b7c15722
4ece9c5f17748fbaa42b,ff942dbdf5682ca56e594ed8,cities,527,Goeteborg,transfer,reversed,0,dev,387fe627c25228ca11a07f71e8685da8593931fa4d7f63f882c8c0b0326c495e
d87d865714a25f754202,94813be0e5c8d274cb5d8044,cities,528,Bursa,transfer,reversed,1,train,42dc90a61ba77299d8063d4b27d403f43eace2759ed4bb924499952de5a8269e
895c1602e7ab62fd16b6,eaca84a1672b2ae644ec0688,cities,529,Bursa,transfer,reversed,0,train,66a73742d4a6906973847cc941b70e9fee8572a219b118ad50f4f15a7d4e374b
fe3900575f5da3982fd0,f8cfc736e7d25ed3244cb0a3,cities,530,Dar es Salaam,transfer,standard,1,train,5844c4ce438529379e7439c7df86ce96c77059f175d3186ee9fcd29be4eb57db
65717ec6046140f45e54,bb6b59975bb19e4f2700a89d,cities,531,Dar es Salaam,transfer,reversed,0,train,5e749972f8f7eb915d1bbd01a37f2e903c94536e10f9f7f2fb62dfb9593a9269
7886f76927eaad4a1c0a,0ba502383f63fbec8a311f12,cities,532,Mbuji-Mayi,transfer,standard,1,train,d685fdef2a17cb9cb6d9dbe5ccfefbe271b40e028840a260bceb1eb1675204e5
d93d7aa38aa1bd776d2f,41d1253d6cdcd371b863c90b,cities,533,Mbuji-Mayi,transfer,standard,0,train,074a49b7a5efac8f4670507d1457087d214f6180d40ec51bc155d9f5d27311d1
4016f6f282e411703781,ccf96dd4a2907c243ee9259e,cities,534,Goiania,transfer,standard,1,train,1f97a1dd56607e45fd658a8a212d3a270b77317cb2dfa56e2e74b30276ce6929
f65962985d0e6b4c2452,0d742f0f5fcfddd8fe9e27c9,cities,535,Goiania,transfer,standard,0,train,bef13d8f5f9ff38f57ec9c2f4115ab092e605fa11ced97bad913bd6cb0f7045b
b2c5e9c1542959ef96a1,17fa6689f2888f08e4398f41,cities,536,Yaroslavl,transfer,reversed,1,dev,a3c1b0e3ae247f28f90f5620af8939d3681682b64bac208763f89a2b5af6145d
8034b6ba13e031da4e2e,1c0348d05c51685be448d06b,cities,537,Yaroslavl,transfer,reversed,0,dev,ee170fb47c0c038f2bee6379ea4f6964481fb963b43adccf9bbc075f02b35088
4c3a024640ca74279571,f169d67646be001cb034a4d8,cities,538,Kigali,transfer,reversed,1,train,f339f381c9d50acbff8c47d235178a63100ffd6e678096a9e52f8cc061caeadf
16e0e2b97507ab118cbb,b42c4734acf937ebfa742aab,cities,539,Kigali,transfer,standard,0,train,e1c12b42f6b9b6f837ab658d5421424af37a753923507dc358924c48e768fcd2
63c3d2675f7173d2ca59,460dd09b5a79d6c3f8679c8c,cities,540,Diyarbakir,transfer,standard,1,dev,94151716eb5cc7e87fd3fac1f61ebb50d1bda00304dce1ad76725daf66d604ba
974bd366d210ae9cdaf1,40aebf85a3460c741aa0ffb9,cities,541,Diyarbakir,transfer,reversed,0,dev,6e4229eb19d923e57b7201730e3b482d361237437ea9b3dbbc3b4f9622d6c596
b36a72383ca24d2fa7bb,a6d86fa5f7988de31feb09df,cities,542,Tyumen,transfer,reversed,1,train,2df1545b8b4563af1acf5e59830d0524f10ad1621aeae382fec2dd2d4ba8d24c
f3d6c55230894262d20c,1465e827b76e8a49b966b204,cities,543,Tyumen,transfer,standard,0,train,be88598d09070cb501b072e813b2b78936ba8e8827b5ed0f92c86a7205458a55
70b543d8ca21eba61730,0cea42de3df2c62e0a5ead7a,cities,544,Orenburg,transfer,reversed,1,dev,b3ac1947385de1a56e493af140d5f08e6d46c7c6564eedb75dd51a1b768bef5c
cc07544255002430c837,988c0b1e562321e918654844,cities,545,Orenburg,transfer,reversed,0,dev,704371cd54d55c09e44aca2a61dbde5b76d9d1414a0c15049a05c5223acdea2d
31650bb20e988cdb0e95,c87bf6ca00475232e9c6be52,cities,546,Osaka,transfer,reversed,1,test,2eeafc352cd83dd4a15311abd28f98b87e78828cf94f9b88adf5744c75a200d4
5c0407629cf3b30d28d7,c5899f235f5eb366d3cc6ac8,cities,547,Osaka,transfer,standard,0,test,007cee2d92c5c16a8e7c243b6326edf9a62c4849b40b0567f0c29d9bd9c9bb46
573e20770c507b4c68e1,4b31870e3259afe6860fe353,cities,548,Sapporo,transfer,reversed,1,train,0f18cc61015a0944a31026652edc1018317cd92d03888e71287f04d461d8355d
73ca1c4ae875f399ba1c,3c2273ba4cbbffb933499c75,cities,549,Sapporo,transfer,reversed,0,train,e12e6ed493d36391fc7eaffd0d0ed386f4c6f2bdddd152918b1ed3b33f5e9de9
064772dd840e10548638,a3122b820b56884cf535099f,cities,550,Kimhae,transfer,reversed,1,dev,0a4bbd80accc166d68039dfa4a74420bf927f76b2c02589a269f90a5b9f5c8c2
a5a177db050644b30fdc,75007cfb2bdf6b828c4e712a,cities,551,Kimhae,transfer,standard,0,dev,45120b3485c4636d43f43971bd78bb187f17ac8395599b83e023a5f4879af88f
206e48cee6f93e80ec97,a40027036db01beae38c2776,cities,552,Cheonan,transfer,reversed,1,train,f596c6e768b6768614e2bea0a621e773c3378c6944b082fd7aceccde2f5f7b17
5305d182298545d3406b,4b804dcf8af8aa429a158527,cities,553,Cheonan,transfer,reversed,0,train,b61aaec51f40814c4a82b77baa587ebdce8f66c52df3f93e1a8fe3b91aae1348
796b1da1c6dc4a1f1dd3,c17b9bc57f55bbb25a478539,cities,554,San Luis Potosi,transfer,standard,1,dev,dce99432f293ec7aba8e45bd46a015004ed29a99f6f9d83ec165e8f7a2fbb060
c0138920b46564c45400,c1aba289b0867c57d5512b42,cities,555,San Luis Potosi,transfer,standard,0,dev,ca6ffbb290be74ea72c3406de8482df4311744ff859e1ee9ad2bbac65d8270de
cebba0cc0af63cb2db44,826cab50b2f8e7b24cd8a390,cities,556,Culiacan,transfer,standard,1,train,21a965aed998081ec981e8094de8eb5660543b17bda78af45e8acd078b6adaac
4004b68132c84a82c3ae,f6ab1d76cc997b5a1250ffeb,cities,557,Culiacan,transfer,standard,0,train,716ae7cb7598629881c2b5c0bcc0f9dd9b9070ff6d6d74921f6881969459a7eb
88e2daa2dd3f813ba2ae,51301fe8ea53437cfb4d3b44,cities,558,Kaduna,transfer,reversed,1,dev,607ef0bacc01c1383b1f24e7b6f6658d4793ec6939699d6ef13d0b6a063d0cd8
9335b22f7a83b0d8e31f,545b4c55cde6af1ce9480b42,cities,559,Kaduna,transfer,reversed,0,dev,e99d69dca40897399b786309bd03aa46a8842fbc4fc8259dca7e7bfc2b202029
56178fb52050b00be47d,198a62358bc06fc03c88a62f,cities,560,General Santos,transfer,reversed,1,train,dd29bbd7c75d009ea894f1e736b71fe9c0fbf6e80d7d197701f62e6bd3b50221
f0539b6593651e564c94,1fa22283c6a5233da3295ea9,cities,561,General Santos,transfer,standard,0,train,bbebc056ed9da5de43ff8ea523f9ab074197796ef33d1812eba5aa61bb5783d2
7ed3462b670ee1669129,40b697d22bdf5a0442707775,cities,562,Ebute Ikorodu,transfer,standard,1,train,3d0c73e199627fbfac8d298b11406b6b077201417dc683006f094ecac7771749
33e7e8154e8bfed2757b,e9a916f1937d29fbd8e7d593,cities,563,Ebute Ikorodu,transfer,standard,0,train,b9946a508bef8ac13a7460f2aabc5d4dea507a3ca449c5fa7e202435f5f1adc0
5457f4dea710d1ad8bdd,5fc40aef0cee1faadb6104d1,cities,564,Benin City,transfer,reversed,1,train,5c4bdae38bf562bad8f6a3584f8de43e89eb59da9a3ab72dc1d8216c641eef6d
d7d976647424f886f946,d3e3ad1f8f538270e05aee36,cities,565,Benin City,transfer,reversed,0,train,7bd1588e79eddb9db39bdea1d9e7ebd01ba87da8458cfb534f5b57e26136d857
7da35dde6f37eb32233b,c2be515c092dbfd280e21a50,cities,566,Kanpur,transfer,reversed,1,train,a77bf2c6ae8a89055e43cf5180dee6cf4be4c606f268e938ccc45d38556bee7b
1d27bccce2f1a1d36120,c4bf9348da812ba37a22c7cb,cities,567,Kanpur,transfer,standard,0,train,afe327ea48b30361a5d5c0e3440338cc286a8d515658f1f592760a5d00c3d104
e1d91413df47cdb9219b,6cbdcb045568ad31122aeb77,cities,568,Indore,transfer,reversed,1,test,56dc66e6c0c83c2c34c9bc056acd05b78e1416e131f5589c6e3653e237b98649
b916d311e285febfbae1,ec8fa8e88963e90ca029dd49,cities,569,Indore,transfer,standard,0,test,8c2fb4195713f996ad5e206c9a1f8912eb3a0872e2f6a56803e2fb28b6e8c981
e2a719154b661f1b49f2,62c03c34500c28e62552dc19,cities,570,Zunyi,transfer,standard,1,test,129a0ba7cef85bbc43538b0c919efdcf6848c751bb775ac23756c05700aebfe3
e56bd4304461899d6930,51eb0a4dfac4f1e368c3e015,cities,571,Zunyi,transfer,standard,0,test,cddfd4ab66a26c9ddf6c9851789dae0daf55e92ab4a35e02db045813c334268f
49007eceb9b235a79a46,f8c72c55439f230959a9e21f,cities,572,Zhanjiang,transfer,reversed,1,train,4fec4ea541c75539bc9f63a4b65417d85f5821c3142a47ee97e50e3bd1314f1e
8c11c3cab9c9ab00d171,69e3a7872e09764913798c28,cities,573,Zhanjiang,transfer,reversed,0,train,b5e3daa81a149f81f832b8ba67905eb98ea6b38b02667169baa5ed151ca00019
36a65fa041209960584e,8bd97cacaa9d34e644f13556,cities,574,Wenzhou,transfer,reversed,1,train,0b70eefb7c0396cb5f101e0676b1db79d5ad55b91592c4207c2cffdd7acd29e8
8116bbfc04eb5891c939,761872a626c71f65c1689987,cities,575,Wenzhou,transfer,standard,0,train,1746c2f0b2ef88b855c9c0054959e8f66422661c8c8b38d3f67c07ce7ab7f388
08944c29dc3810728861,e8107885b4696f1d9cad2230,cities,576,Luohe,transfer,standard,1,dev,99b12d0c6e3ddccbfb48ba9185b1fa1acdbd2c3bc8262058906f67519725628a
dd6123b74f5f852f52d1,f9aba2e2692360a6e32e5280,cities,577,Luohe,transfer,reversed,0,dev,af079730790688627dc63a13a5342071aceef077cac7e72f6fcfcc715f1a3ebd
bf7ca3507e811179a18a,9602dd940ca78688a4ee5dad,cities,578,Kunming,transfer,reversed,1,train,3950f6cd847defc8097617e53e1851b4f8d6bea9a568692451c33438959317f6
8f39b28cd02047e81d68,27d85bfe823cf0c855c936a1,cities,579,Kunming,transfer,standard,0,train,7a37ba73ea633f82d288dc3957843bb693b20c6ea85df07a56eb526229546e77
60808248a1579ea0bb39,3896bae938ea6606d340066b,cities,580,Cixi,transfer,standard,1,train,80480187ce0d9c3cf83ecca3c22537424caf91fd8f989b26a5eb8e997ddacee5
542cffc0dd575ad55d25,143cbd2b34747a31674fa537,cities,581,Cixi,transfer,reversed,0,train,1859b0afe87604808244e51dc97b7a4941fe9967356795f98f5258a8d6393ff3
f31cbb4fda5997a2572b,b2217fbdc266c4a361107ae6,cities,582,Hanzhong,transfer,reversed,1,test,26c541d29650aa560f679c366ffb0b9a138882e28f3753df7becf1bfd7a88de9
6f5dd1fff87fd930f8e1,5c19938f686402ec100b546f,cities,583,Hanzhong,transfer,reversed,0,test,0f4101329ba178e757fd9fb7ff9dc03c885ca7e682f6d07445952915f5386d77
40eedce53c2b61eece1e,e10cfc8d9df51c2d7a50b9d7,cities,584,Guangzhou,transfer,reversed,1,dev,e834993949a8969cc2a6763af401632abfd8550d3b1e7a071aa45130760d481c
4fc7eca58fb4a0803a9c,a3f93f6dba14060da2ffecc9,cities,585,Guangzhou,transfer,standard,0,dev,030c710556cb519469f0723c0a66439c44ac00aae963010f8fc6ab6614955211
630911e268a514f82f89,98ea9055d4a7eb3ad7058c1c,cities,586,Munich,transfer,reversed,1,test,1149b8245448f4acddeedf60c1ae76da352c4616deda869ce536b321131ecdee
0b7606f6757efe0c703e,87b5529872bb146a2733fd5b,cities,587,Munich,transfer,standard,0,test,8b392b351b2d0d3a3252cf7fd574b026315f4351491bc3d217908dffad7c3f00
d8dc4757c31d4bfbb5ff,ffcca0737a0d0477beaf3d7d,cities,588,Pekanbaru,transfer,standard,1,dev,89e73aadce8a520ca22380b108f6c489dbbe24c05e37fb84dff59f7e722c0406
09083ec49e31e63f6110,fe536900fb3f4dba6179b12f,cities,589,Pekanbaru,transfer,standard,0,dev,b6cae8e49fbbe42d4823834dde984e775385b6dd7a2a0cbeb09cf01195f30bef
e8288e85aad0efea88c9,362e80e8db0adc30b07dc08a,cities,590,Malang,transfer,standard,1,train,8bf9d181c4e72d238481fd7e5d85bbb4ec20922fa4548eb232c7cc024ec1ff56
c8cf45d0275816224b37,a7ca47238bd04916a7f8167e,cities,591,Malang,transfer,standard,0,train,9f7183d048760cbcfd7edb37b6ffa2444ce3d505095f0ee4805cbe8fcd935278
396de0debc381ecb4160,3b1d91a7da48a2b3e8116547,cities,592,Douala,transfer,reversed,1,test,e8fd8fdbe482c15f745e48de99b3e04a4999c3d0ea819d0aa117d984f5f0f480
0cd20a38c4dc3f50cfa2,6949326b635d34fe15bdd7d1,cities,593,Douala,transfer,standard,0,test,297729d6c2b478bae44fd263ca0be273f30d7e00d8ba29b5dfd7f08fb9b201ce
70fbb5aab4418cb8a4e7,0e1a488486e36d740d8996f3,cities,594,Kashgar,transfer,reversed,1,train,0081685dbb1045ebf9a009aca06e6e568add34a4571f9665f24e6f2609c9f4ac
4c4c9dc12f3fea270fac,071f7224b5fb4e0eae386aff,cities,595,Kashgar,transfer,reversed,0,train,a6651c2cd9980947b8b8044387ec734481e920a161bb1aaa630befcef57b9fe3
f0ca2c3b8cc4206b5e34,84cec551c960f3f73e602a92,cities,596,Zibo,transfer,standard,1,dev,d865515fcaec2ebdc321a23fbd0521ef5e6790c06d97fb6bbcb1af7245e3c324
62a232ffb18f7877d65c,939084d32a321fab71102215,cities,597,Zibo,transfer,reversed,0,dev,343ff1542c7e9f480d2e91cf6509612622066261f7d7b2368b8dda6453def6f3
5876118aa99d0fb9bf3c,f3fdd08746b754efd7ea1513,cities,598,Tianshui,transfer,standard,1,train,261680e90a182bfbbeece5301b181c50f4556f0c4443a5a5d8a15be1a766c967
28e9b37e22e530620f71,2d49fe6a99e4e25f8eef8fd4,cities,599,Tianshui,transfer,standard,0,train,6818c431156c408c5cc4b45cc3c67aeb1c953a761b0e48793c41fe43b0f463cb
4963d18d5c70ab3729fd,1877820a8f8bf5fbc7e0372c,cities,600,Laibin,transfer,standard,1,train,ec3c31ce4afb15d0739fd33b7cc068e069affa82386988ede28738d40eb6b148
657acd2eb667bb3f7667,7e289d034cc9a392fb110aa2,cities,601,Laibin,transfer,reversed,0,train,fc79b0e47bb6efb4d04ab7589fd79077919a47736ca0f55f43563e40a54895de
e7f37de6d278103d0835,c2e35463ac873f22a92210ba,cities,602,Deyang,transfer,reversed,1,train,7d666b09cd533ebd9471811dee9b48e30508e33ab344ed9c5ed2749ed8fb7769
c1c8eb4c89863774bf9d,215184647e74d37a0dd2fb64,cities,603,Deyang,transfer,standard,0,train,f578ad651605d568f47b2b458c965a74ab274d95cd5a65e1a7fd6d50ddfa6f26
5b5b42837bed3467605a,13057586c19451f1c636b14a,cities,604,Teresina,transfer,reversed,1,train,c86a1ca644a0435f518f9d8a0dc33879a6f654dfc647ed4e8cd6bbe905649e0b
b9cb866c011117d69b69,5109596e50ef11e538e7e11e,cities,605,Teresina,transfer,standard,0,train,2558f92e07f1fedd66cb75ffee07aa984da8461133465a2398454116b3732cdf
0eb0b74d03641a2a0dd4,77d2dbe4f4fda7b1c8ad0edd,cities,606,Leipzig,transfer,reversed,1,dev,dfb6897c8280f55c5b7ecd2be2f2afb2b4ba5891b28fa28db86e27ec25b398fc
a509de3252e11d129991,af5ee5121f40ff249fd71c8d,cities,607,Leipzig,transfer,standard,0,dev,9712a133f0cf6d7cd945c5f8f7330a92007e6eb1380c252337c636d2f748b007
482f16e60afa87f727eb,dc9ba52d84db1c5c2f45f21a,cities,608,Duesseldorf,transfer,reversed,1,train,af31da10048269402c73d7431638f82f1d051c8412c2b09aaf7277a88c1a1834
75273070bb27b445343d,2e83e64c111630f2dc668e5c,cities,609,Duesseldorf,transfer,reversed,0,train,f9783fa5b8ac4e8a5ed20f9a82562215c27cb1638c0ac7d0930172c53fbcdc2d
5c10214f03d1d148af1b,011da307906d14affd2a4c44,cities,610,Zagreb,transfer,reversed,1,test,65e328f20943fe33ccb683c1e7f778067eca31fcc2906a3f79cba786fae2a4e9
4b4d3f57b5a0f26c8b06,6ebbf404e96bbd2f429c799b,cities,611,Zagreb,transfer,standard,0,test,84413ddf61b0b113ff5edfefe1983d71deebdfe98c7426695d90aab929ce615b
cc328981e276f1d2c8a4,7b8b3ceabb143041286829dd,cities,612,Hannover,transfer,standard,1,train,1c5c1b12c0aff27eab6ae73f42a4c704280c478b40125b84b5906c7bf2db3b2f
16d345f058c6e3f864a9,64fac97be3d878cb4878b91c,cities,613,Hannover,transfer,reversed,0,train,52d3669ea1ef293ba4e089cb0ecb6b2050ad441b686ab2094c31b9dd463a13c2
b510e2687d049e8a421e,57119c3a2a2476b64adc838f,cities,614,Penza,transfer,standard,1,test,fee4e59fc665a561f46831e65bd15cdac9a15128f8889a30bac4877a7ef0055c
0a19ae8745b363188a30,1556e1d9062ad87a12db457e,cities,615,Penza,transfer,reversed,0,test,affd32ade1aac8541734edf2ebab220dc9ad5dc81f1c3ea81ab7ad5470742f4e
8fd0a050f3a88774ce37,82384be632c5e320f8f33bca,cities,616,Matola,transfer,reversed,1,train,b698df2cfe49a0ae4d297b9ca109b5f6fa5ba9e930fd956db36d52f17d0528cf
6ffec60275389335093f,edb0aa09339fd653f196b418,cities,617,Matola,transfer,standard,0,train,6a2d21f4ad374dcbfbb2035b5eaeb988fa713102cf1d74d81585c8a3298ab46d
9013f08413eaf9a75611,f92aa74abbdfa0b9193a2629,cities,618,Enugu,transfer,standard,1,train,ccfd93e42a68f4cab9b4a474ac9311dcdd84c80137fdfe44b96c063d2b62dd77
9c721189a72be684ae7f,854039cadf81212d012a7e60,cities,619,Enugu,transfer,reversed,0,train,403fa68919eef756e1e398ed43d9ed3459bb91711bd121c05dc5162a12719035
d443f772e2b857240630,94cc39afc827b4a71408f142,cities,620,Shizuoka,transfer,standard,1,dev,516e063cda9f75c8939991f720e5181173ab57dde3b0cc6988ece98b3392e19e
54803190bb436d683ca7,008422ee4b5b8f65cdff885a,cities,621,Shizuoka,transfer,standard,0,dev,088e6841c9c7cebc5219cfd5fd28e96f9d3c2e9003063b7162b43d835b71b858
98da1da42d0222150943,c149694e444efb4c0956daf7,cities,622,Himeji,transfer,reversed,1,train,dd9741fbadb40dbf222153d16696dbc8f2794b1732b9ab4437f6770808ded5b6
d836deccdfa75b5e7e7a,00e8ac47e63860e9b4ffc625,cities,623,Himeji,transfer,reversed,0,train,f66970338c3aed7081ad2aea74704e2861cfa60e0a1e3dbc06405a94db77bc7a
175e37f538ac766a5783,a3c3cd97395d73bcec816dff,cities,624,Hamhung,transfer,reversed,1,train,f9df46fa286c571a886dbae10031cb92861235f7a438e4819a73b0e14172bfbf
2ecb07741c588e1ff516,1b8875f4b7c3dcaec7931ada,cities,625,Hamhung,transfer,reversed,0,train,e4f59d7d5d32517ddc0a28b74b6926a6358614ebd19ca82e137ecc80e7dafd1b
38539cc682ba090780e5,02003a41cac7ffbd9eaa5644,cities,626,Seoul,transfer,reversed,1,train,5512d36584b842f77fb152f0e642af47cd622fbf226a13ac4c11459ce29924b8
ee66798b18370ad49475,ffdf10bd0c9f16668ea523d3,cities,627,Seoul,transfer,reversed,0,train,18ede6d0b08ad90dd4ce4aafd4942ee632c4d9a70bbeba4459081cda4aac2876
a78dbacef7fa58c97ebd,8243d5efd6ad5c21efa3a856,cities,628,Meerut,transfer,reversed,1,train,4fd2b21b657780b694e22bf962bd78abac1c119a0a9defcbf3a47d8219c28c4b
40044e5e51f78306474d,49c19e57a089db73091a2b34,cities,629,Meerut,transfer,standard,0,train,b8d95d5173daf52d532f1f7a7a67b3ffd6808d57023f04e649472394e0a51460
13ec3649ac74a5e5ceb9,f37d7d108ceb81a1ac731d86,cities,630,Hubli,transfer,standard,1,dev,4d32465cee1fa09caab13f70abe006fcbcb2f98b269ba036f898ab724d0f67a7
306ef932da7ad1ee1d45,72f35639e6e90b9b2c5cb888,cities,631,Hubli,transfer,standard,0,dev,29dd136ef70ba4c1487864478d77966c2f4b7d1b7d80bd52fa515ac8bf27d571
7cbbc4bb08c69edce767,5513933d92c324a85c69839a,cities,632,Dubai,transfer,standard,1,train,9740e3de8088491900b76ad05299d99bb1bc838e7a8fe1dc9e6fe427b98d9c8d
b202c09acccc4e155212,9c1a8a17bd14f8bad7692928,cities,633,Dubai,transfer,reversed,0,train,77986bb2ddec7338423b2cd81c4be057a0888694bb2b383ed1e7e011ded00bbe
137edd3727cceaabdac9,ffe19d1d6c0ecce6411fec0a,cities,634,Astrakhan,transfer,reversed,1,dev,e3a6a209cb70413ddd0313fdb0d0e8d37af98da6c98f9c1ee4bd1f3290b4a36e
53afd9e620810fc92977,bd6b6011f842fc79f8e23009,cities,635,Astrakhan,transfer,standard,0,dev,4323a16f68911475efeec5983d3d88b90921366a3b4af15938acebf325e1b232
cef74adf7ce367ac2b8d,0288a02004a85005a626c344,cities,636,Aleppo,transfer,reversed,1,train,3144c9ce4be8cfe0882740fbd31c45747ab9f874c54996a95af72cb8c8b2aa98
160d3fe085c109aa1cdd,ac7b34d3f97c375aab96f270,cities,637,Aleppo,transfer,reversed,0,train,a43c64a03b2071f05beb31f1ccccba48e3bcbaa7a761047ed43aa1020f80f59f
58b7b3090df2fb255d9e,a3cd5e9481da633f7b97abc0,cities,638,Ar Raqqah,transfer,reversed,1,train,ae2442ade11688c7b04072ee4301cb1cca787f7ec1f9e12a0a338c0c1aee6f75
b985e4e14e67d1b141c5,c5a5c91e5a0aa9465ac5d2a6,cities,639,Ar Raqqah,transfer,standard,0,train,4c582118495b5ba6db8eeec68a853e36174b0cd4474f1c9afd4b5038785c3e33
7ab8ac4e3f162779284a,a0893837c4037b1979bb82ea,cities,640,Saint Petersburg,transfer,standard,1,test,c6bf8e8038128d9de189d1ad205a79abaef5f3d73dbfdff10d83ddd9f6cc97d2
49778408f1d025baff1f,cfe6d4e55327ecd875709efe,cities,641,Saint Petersburg,transfer,standard,0,test,688443afcc874348e89b57bff9a9587d40ccec4bc996e7586b7b0f69018db192
433fab0baa18e716a311,5baa8b4d8d70d3d242313778,cities,642,Johannesburg,transfer,standard,1,train,5eb6731dc5ffbd2ded22ac178760793db27793317b2118d656f04a309931a616
c26214df8d24ab17aa70,f7f76404459c3dd2277031b0,cities,643,Johannesburg,transfer,standard,0,train,c24035855361f008f553ba743771259ca5fd16144e21e4e7e16d94b948742958
cfbdb31ad4a7d3c50c59,a53598f64fdda777b66c813e,cities,644,Wanzhou,transfer,reversed,1,train,6abdb3f65ec9620d611783297758bf4961849329c388bcfa895a1dabd9c0ea12
c5ede3726b7d6c754be2,92cbd5e9c785ff245bb6d126,cities,645,Wanzhou,transfer,reversed,0,train,c01edb06ca556ee477e6ec5275eaabfa4b2d7d99996f97c57be95ac5177d25d1
e7f39cd638114d672a3f,6a980b4fd3cc446c340c62d7,cities,646,Anyang,transfer,reversed,1,dev,2364607b3f92cd31337a57159ba55cb3371ffe0d54f396cd2999f9d6dc8e2dd0
4a9737cdc46a8bb0e037,7b7eb3345764b00c3b193a68,cities,647,Anyang,transfer,reversed,0,dev,2dc92f97b6a72d076d0a3dd6f44e46fc55b30f9d966dd94aba0b740d2e08817a
10cd269e90d5b966a0ef,815a83406b0fc9f8e54823d2,cities,648,Qinhuangdao,transfer,reversed,1,test,72aa3a640ac368f53a4766f90af9a1e11293386500786bf9a93920ca39625318
7eff317b1bd8db198482,fd0942a98087962a517c4e0d,cities,649,Qinhuangdao,transfer,standard,0,test,d9877a8499a9e4982f8c353eaf325fe53ed079cad78ca263b17fbe05fb81c8b2
585a07b20f84cb5c398d,a3b6574e2b465a1617a22f0e,cities,650,Meizhou,transfer,standard,1,train,6820903678f59f83ba0b7984c3dbeb9f8e5f13b5dc51a7a59f03686880318524
bd82381b3f4bc18c701f,ed58aff88f707c55b5ae4327,cities,651,Meizhou,transfer,standard,0,train,e534e67d3a6d010a5199a5f519bca2338eaf53e6d864d8189f0ef77c63894e45
efd00119dcc98cff008e,28a2f38749390f640ed56e81,cities,652,Yangjiang,transfer,standard,1,test,74bea4bb1713e5549551ee48e27eca7af692b4da8791210c14a5f9970c8e0150
e7d016950264554a2d25,baf4b033f3427edfa847d43e,cities,653,Yangjiang,transfer,reversed,0,test,15f4173fd6aca323ba296938ffc60fa06dcfd9adb58d95629ae15d24541f6c9f
b0577415510f49f0aad7,6c29533d9a649c044ebb2b16,cities,654,Beijing,transfer,standard,1,train,0dd68a8fb0de74c1c7f8ccf4a95f7d7bdc39bcfb518d1dbae00e29db1d5eb6d3
5c539a2010cafdc772b0,67fb011568209e463c132890,cities,655,Beijing,transfer,reversed,0,train,2b6467fe0c646ef37be969090da5a6ba61570e817fb0e059ed7ca22073af3320
149654e25f7696a8de29,f7da8c564efc3e39c3f08237,cities,656,Shah Alam,transfer,reversed,1,train,08ae96a5733882d32c7c91d7dfefbf7687813d4ab0020b6688f5440c12e72853
fb144cd9fd94eeef925d,d81f8d755fe56a1dabda4fde,cities,657,Shah Alam,transfer,standard,0,train,eee18376a2f4e0e2330ac3ebc5da6cab496fdccc05eb090fae17c7c31fcc62b2
725c31e7880ad669cf41,f23cb2b68897d4400179c89c,cities,658,Vadodara,transfer,reversed,1,train,783e4ba102b1c88d03b8fccee56d940130098321ec83d469ae54c284c8c398bd
8a905ecfcb835d7f3096,264c9a4c168e69b3e2c14c0d,cities,659,Vadodara,transfer,standard,0,train,8c44449ef2c854dbaf3cc3205d719b8541e96f36374c966aaad258a58c2b4734
9b836d04ae23df895fc6,73f08f98eed65a0082856d99,cities,660,Sangli,transfer,standard,1,test,fd73ebeb4e1b8623905d19c855dfdfcda1169897be76baee29459b16c91acebf
20461185db4ced7e3e55,0f9ecedc7150c94e0c9cd565,cities,661,Sangli,transfer,reversed,0,test,9339b3bb4964427002b145068f3963722d9fd429873df1118498ecd6c06c15b7
fb266e0125915d0cea17,884344cdd6aa86b99339cf0b,cities,662,Guwahati,transfer,standard,1,train,06e7d7daf1bac557000011ca0c6e92887ec3aba60c509fd1d185c09beaea942d
a8a12875b6fe07279555,904358bda492a7feb0021b10,cities,663,Guwahati,transfer,reversed,0,train,5d35e3ca2b02355a47fa802a2a9e21b9b0cb78c229beadfd18de3df56e3d5a07
c2d7581682e5622cb4d4,f3d4eba85e0bf963692d3aa7,cities,664,Prayagraj,transfer,standard,1,train,e7e87733eabd50eed56d0a93e273265d4350db4c555c36f50af2ae2794b5bb62
34f28e65935a8070a7f0,e2e43d87db58d113d912ffac,cities,665,Prayagraj,transfer,standard,0,train,ce30a846868084c8dbccd55572f7a670560592da15e70b638f83d17608f9efee
ef324b885dcbd1a27990,616c9ad47e966d50fbf55314,cities,666,Aligarh,transfer,reversed,1,test,5f4031a759165a5ddd6b92d7429cb04f5fc3e28d361e7fc95bc4d75ed184c3e5
bf9969841730d4baf29e,3f92b9685eb9237660626743,cities,667,Aligarh,transfer,reversed,0,test,662efbc959a8c27681c0fdea279e5f449b430d443b81d5cc9bbddb9144c88a63
1f1148088abca4545217,83c96419c45e021c5049ccfe,cities,668,Kermanshah,transfer,reversed,1,test,7eb064f010ac125e9a0b5dab138659be3a4efbf3d849f299fd429c9c3bd39d0b
554974b051bb405a0b7a,84de27cf95fa595eb50aa314,cities,669,Kermanshah,transfer,standard,0,test,f3fbc83bbb3b50f1230f52037a8cef3709cf46127e44fb6e7cbed057bb0d7a49
7cdb383e9ea4022824b1,8f33d0083c29bc5574932f17,cities,670,Semarang,transfer,reversed,1,train,14594dc891e321f29ad7a3964f774835f373a0a26b3935f74e4e8e8437bfd6b4
ff1e6d8d2eff5aaa0e13,8e320e7856fc707e680ec3da,cities,671,Semarang,transfer,standard,0,train,83698040e849e5380fde98175da74d283af17d805bdedc827d7df0f5836acfa0
8f8c4e9a6b07bf1872fa,f9473f99ae56193b36bc1bdc,cities,672,Khulna,transfer,reversed,1,train,075afdef179205030fae7f3daeb6cb7da885c88655f6f31479a76b7b07b63aa5
e1def90de10aed1dfc9a,7adc6553dba917c905eaf08b,cities,673,Khulna,transfer,reversed,0,train,5de288f5a6c61d1c8ea2f54e928c549893115f112701b25f9fa657f4a25cd792
04c100a322fb56127484,76755d1847f2cffff88418b6,cities,674,Korla,transfer,reversed,1,train,3763a76532b93134f6f01c6a442d7dab42d7d6af8a0931485ad8f953bab2c611
cc0825aaa52ee389223d,5d077192616788ddf4af794d,cities,675,Korla,transfer,reversed,0,train,ed1378835f356cea33ff982b40673871ee72a71ee348f9edb17f051d89e013c6
93ff74a7b354218989b7,c3e3d56f0fe0730b1d26f9d5,cities,676,Zaozhuang,transfer,reversed,1,train,36cd3c52dbe026f8e72bc9f51fa66b44204c95726377fbb4adeda1106416bef1
b559c2410a027f674a47,b755ac749bbe2e2812e82770,cities,677,Zaozhuang,transfer,standard,0,train,38331b2181e8c8642c1b746184a030d3c6f4f320017e0c1ccaa5eb2afbbd4715
4e580a5807229f1c4338,4580c4ea44ffb408d773e717,cities,678,Xiamen,transfer,standard,1,test,096726370ee2960037e50926a293b2be0b2c358ce8207c6a06a5b57b24632579
af44844dc578f9141301,82e5fcfd8c5ddd455b704d9f,cities,679,Xiamen,transfer,standard,0,test,d2858078df5ad31f66d2b33a5ce2ab3e632ba1c3082c4c7f442c163c7dc448f3
602c69281f6681c73304,16e1b9afed0bfdd68b9da5ff,cities,680,Shenzhen,transfer,standard,1,train,302e5c9049d9e7a4462ac229eb84369822d3bd50de2903b7e85a33de8860c3f2
be86eeae1abfaa791cbe,a4a6ba51e04932adab84b3ee,cities,681,Shenzhen,transfer,reversed,0,train,90cf5f44bb3158e480d5e72edd9bdd0df3f20ca77aed229795499c5e6e724894
6e273f50b7b31ea2edb9,a200a6d041a9883a12912abc,cities,682,Maoming,transfer,reversed,1,dev,6efc83111dffa40982f1d986d57ec08d53f867fae7bd9ca00415998a5231d1a3
2147113fffa344b2421a,706b5b3d287e4369806bea7e,cities,683,Maoming,transfer,standard,0,dev,422561e64c4c7726a484a201493cb08e35e8e940c8384defe666d14e568d09c9
24c05d83c88d650e9e8c,4d17b60ad64ff45b506751cc,cities,684,Anshun,transfer,standard,1,dev,e7696dfcf99a99b29f455a79fc90bd08cfbdae46fa16526392058f6dad94feda
8a02b50811fd78715731,578ebc9850d9228e8c153bbe,cities,685,Anshun,transfer,reversed,0,dev,a7cdff51ec86d5bcfc4e9a27b4b4745658cc5a2dafcb0544eae97d4d74ad0ddf
4d1616ce59fcbc3c839c,cca35e7e4687c5df9637897a,cities,686,Siping,transfer,standard,1,train,4e89507e18d1c84217e7b7eea62ce539a3deeccc6291a06d4d29837a42bf60ae
5cc52be91bf7ddac654b,34665d17c10ae00558604053,cities,687,Siping,transfer,standard,0,train,743e90831d8b8023f7a79e4bd4a5c1666a6af2f976f7605c2f9b8de077769516
9e8366f30c6789ae7652,0fb8f82e966f7b1899c69444,cities,688,Shuangyashan,transfer,reversed,1,train,129f2d4ef6c4a1727741bd313227071bdb63dfc689c1815360d7c8cfbd94a63c
90f422c6a015a0e4d590,31d9a3204fef921f36daee7f,cities,689,Shuangyashan,transfer,standard,0,train,d17c67ca6b148a5aecb8c12a4b1c11279fb0846084c8cb4c25127114efe9647b
70397944c89bd8e143a9,50e009f5dc2e7ce8cc8266e1,cities,690,Jiamusi,transfer,reversed,1,train,a409618fb4b4a9a4a73e12e4726b2e67c92e7460071db75b5e4581d85572f522
cec2e7285f2a2957902c,ef93838fc01a41e861fa78a6,cities,691,Jiamusi,transfer,reversed,0,train,aa31aab10d90d14a3f6d17e4a9b91e847e8bfa15cdb620dcc702e65c240eaf28
7e4c728063c3ec068c3d,6c289f26651acac1378e3a1d,cities,692,Minsk,transfer,standard,1,test,dab866e85c4ff7a9c119b64f3436fbdca39e7ff5b5128337318467fe936a6f8e
263aa38f3a91e2c32c7e,4dd2e1af36609282495bf5bc,cities,693,Minsk,transfer,standard,0,test,7be50de8abd76e082161c1087dfbe2209c188b818077ea00de1c43741f628d26
b8bb58405b813e1c252d,4ca794852cc562b80c3273d8,cities,694,Lubumbashi,transfer,standard,1,train,208be68bd825813ce607f3c3d688cdbbbee820b6df0e3d9da4eae1ed50acb58c
335d821389dcdae81696,782f168d5105e801b872881d,cities,695,Lubumbashi,transfer,standard,0,train,70a4409fba901f309e4777115bc5485cd24c7d8a71ab4b2a941dc094f3069221
4ee64ba487d7e88133ff,c5ae116451206f1d000a606d,cities,696,San Miguel de Tucuman,transfer,reversed,1,train,2d38d23091f8557d40c2f0dd2c708deaee63c8a3bf8ee58efd5fb2e9abcfee3e
954ff1e87157e4c4790a,b75674d239add3ddcae72bbf,cities,697,San Miguel de Tucuman,transfer,reversed,0,train,a7fa3eebc10998c2300e273fda9209906b6061b6d3d8e736b383311c8b7c09d6
c98b335ddb567bec9b2a,d75770ecab423ac68a1b5165,cities,698,Cotonou,transfer,reversed,1,test,95095226d924407295869551e02836e12d66694dd5f8dd7d308f66c2809a7b77
e3c1f08e492d2de9421f,936f7b734a96ad7cfdee3214,cities,699,Cotonou,transfer,standard,0,test,75eba4a1a6f98e87da505fcfd956f2d6e850a2a2c6fe6a33e6522bde5f682717
d5dddfb47121e27e6f1e,1efb1587436a16f1831bffbf,cities,700,Comilla,transfer,standard,1,test,29db6c55b519b0498cfe8157a136ba5cf2b0f1d07835148fc39e5ea6bf8596d2
f77e3bf1262f9d83ccf4,bbd03737166c85c6966efc22,cities,701,Comilla,transfer,standard,0,test,fee6e89af7c394bf6175dfe0811131f7ea2fea321dd4cfc0dc003faeded8bbad
442b73330ee4b5c44abf,3323071c0dbb890cd233e2ef,cities,702,Sao Bernardo do Campo,transfer,reversed,1,train,beafc9345a1185e42e0760096735d3915e2cacbc2531a8965c3d5dbe3e592e7b
03eabf7c409b8edf3a45,9a75dfb66a228da520e151a7,cities,703,Sao Bernardo do Campo,transfer,standard,0,train,7c3a9d1c5f0a41947bee5566d10d36d8bd167544fcf138b73abc52f7fbb327d4
96dc2628c4b685c4579d,4375ed9801d0e169dfdb2545,cities,704,Feira de Santana,transfer,reversed,1,train,cc588f76329e45fd9836bca33a764e9c3817e6d704149db76de79e2e6e86eff8
75588ede6ac6687e5cf9,36c95d90b8b6cbae63fc73a1,cities,705,Feira de Santana,transfer,standard,0,train,6edea89598838f74a570413c0d14a1529deede03a936ade04d3ab8a2f70e6b4a
b27e2af61bc54466fd5e,dd73e60d1e9fa69ed0ff5df2,cities,706,Porto Alegre,transfer,reversed,1,train,b317a6179a03988f6a5b07a9b9e2f078303c30589154ceb4ea032dbd67b87101
368a1edbc6f1b76ffd0a,59c945893dc9b264a9eb17c0,cities,707,Porto Alegre,transfer,standard,0,train,102b9fb0778935b290570cbac66d6869aada90b35ca0283317621b17ca635553
e436416c78c21104ff75,7b95c0462c6ef82900ff32cf,cities,708,Juiz de Fora,transfer,standard,1,dev,172d9c6c510112dae5bcbe66e697d4b0a769dc97e1a897d0ef80df6b66b2ded2
5cade7b74f8ee597b063,93788568507df5296fc974b0,cities,709,Juiz de Fora,transfer,reversed,0,dev,421081a6d8a309b06723c1104d746a38d0a217235a5a7609e7c4d72a5d9d257e
7670a1474b9cdc0e3956,0a2f55a56ee02bebd11ed691,cities,710,Nagoya,transfer,reversed,1,train,fc36900abe27d7148998a6273cc6a69c8df0af2b08fc31d6b7ffb32a34c11171
e74da472faa605fcf311,015a53cced5851c87cb8ec75,cities,711,Nagoya,transfer,reversed,0,train,9d31fbfd691fc37c0674dff69b34b12badf2534e546f3a2a6d472e851f1fc432
a00cad65cb2849aec585,af1353153e9d754a94f9df91,cities,712,Al Ahmadi,transfer,reversed,1,test,34742bcc56d36ab7a3782dfddb7ca048faf2dad4d1b503219ffebfd0876df112
5f76d1857c49a5da46d2,5e01e0d81c987b957943723f,cities,713,Al Ahmadi,transfer,reversed,0,test,012e74170c20562bb5aa87a561a4e96dc653af2f25cf5dcba54c6f83e43ae820
695c0a44a8eac50dd830,93702173f731d7d551942381,cities,714,Beirut,transfer,reversed,1,test,6dbf0554d7555f6dac8b108657fb330633573b9cf34ea4e7faf5a586d6458847
a35f7991c621d5cc4ca3,b383b892aab05e2599d9a2a3,cities,715,Beirut,transfer,standard,0,test,41b17697db65eb8ef425d3fec2647c2df9079f890df8ec71a5a2a0284da542ef
2f0b43813b76136eb877,c4d18d547132e955c958d6ea,cities,716,Lilongwe,transfer,reversed,1,dev,b0a4c0283b1120ab58653ebd8375feb07409184601fda108f7e600f30cb0565b
668245214273aa5b5a73,fc5d6bd126d768bc0b0573e4,cities,717,Lilongwe,transfer,reversed,0,dev,092d7e5a99b04824ee189b369c275320cf0fb749c31b0f861489966bd54155c8
9bc8e7517668f38aa85e,c3b3fe06801f03018b4ea442,cities,718,Ecatepec de Morelos,transfer,standard,1,train,ee7b911bb48c22556781917ba941e16b1b3de5b6b6088706fdfbc5b4c1fe8a95
662b5c9fa309a7d5c026,1716df855d7368ecc6febd42,cities,719,Ecatepec de Morelos,transfer,standard,0,train,3d9d83012c69e4b0b82bde11fd173a22cef3f3877e9b40fa553da7656404e472
3673421ec8555a40b381,8af0d8354477b97ba9788e07,cities,720,Cancun,transfer,standard,1,train,e2dae65a24cb2e0c0fee96c37f77585995ed99b1d0624275a5347b790af509a2
d3023e862ea84d5f9ac0,e64c530f454c7ac77b55294a,cities,721,Cancun,transfer,reversed,0,train,d3b117eb6858412d6bf7ed0e420d22a2df37e120476b8f7c62dd6a1d11646d69
49fb2aeb124bb70466c9,1d3e06f9710e902538426eaa,cities,722,Isfahan,transfer,reversed,1,train,3b5f90d3e41d0410abd5a958707ab6df5f1977e81acf1d120606e2b8b035f894
1cd716d3a17c66ef95b4,abf058e9956e17769ae7692e,cities,723,Isfahan,transfer,reversed,0,train,e57f1ac59a4e1655e95f5429c44cbc4a6a657b42522605b876b313ddeabbdfba
1bb7ff599837ae163d40,580494c3c0033fb26b28fbff,cities,724,Conakry,transfer,reversed,1,dev,988888f6e7098a6a70e83e69e57725f19dfd8324024c9ebe604ed65c90e3e383
470c96f951f4244eea6f,ce163f4a833baaa237c1b08c,cities,725,Conakry,transfer,standard,0,dev,84a8b4a05cff396e8d939acd6223a949bd6576bc8371e107d2d7868134b266d3
afe645f3930115c9edc1,2c0468d7e21e1a50cbbbfc5c,cities,726,Petaling Jaya,transfer,reversed,1,train,48ad68f7a001adae8a3d5567c31aaa4223deb3f90c0a0716b6d898243672a94d
145336e93e0d6f390d00,1ec151aff21e0b5afa605e07,cities,727,Petaling Jaya,transfer,reversed,0,train,1e219b6b881fcc7e10b50b8aa7ee590e4ac4fbed52db186a46d2ed11d9438aba
f7131c411ea0293d4787,dc323f12234831f6e9b869a2,cities,728,Zaria,transfer,standard,1,dev,37a0602e9d8f0114f569bccc176e617cfba23576a43c75b9f013204f7930f4af
3999360fa4b312fda371,f6e0ab31a11ef70d024bca74,cities,729,Zaria,transfer,reversed,0,dev,466a6d38d94daae9c65a40849ecd702ae530cdc4f83f5dee385a275142aaaa0f
4c641619db1c8b028a54,b9f68d6e23364d564654bae9,cities,730,Cimahi,transfer,reversed,1,train,84b549fabed91b172056daaf04929fbc368f563af1b65f75cbedd447b44d7598
a7b9556f82800d1cd493,9c194eb8e2f50e70f3076d58,cities,731,Cimahi,transfer,reversed,0,train,4fd3526f6f95f22eabcea8608788963d6676d1028edeb24ba062d734e7cd4c46
41619770b42652ee3ba5,213f42f11f98887fa28d1758,cities,732,Arequipa,transfer,reversed,1,train,59022e5095bda817c430d8cd7908c1e724e749320ce5e1305b2c75e2f194479c
cb892d5747b3d5444e53,19f6ed79f3873d87c0f6b41e,cities,733,Arequipa,transfer,standard,0,train,ae61507bbde60985e7f03aa3bfa1afbcac30a2cf03276241dca2d50b06a0b0da
5a9bfa5f982050924494,b537107f125f02f54dd1d400,cities,734,Multan,transfer,reversed,1,train,bb1048dcfeaf4b1f592080b9219257d4f283ddc100844fdee6886fde29c48554
7c35b3058ddf83e15207,517784df039f5466061830b9,cities,735,Multan,transfer,standard,0,train,a9e46fd669d4428109b424ce361e8f82e0f0ec0e3f9c98aef26fefc5d3afa6b2
47976fa2908fb99baa74,a03e2ebe49b4c019e1ab1fc2,cities,736,Bahcelievler,transfer,standard,1,dev,ac71a1823d1297765add8aeeb80242983738ef0123f3f982a3b466c5cee47618
b38bcda18e19b719093a,b52905feb7ef8ee3c078a124,cities,737,Bahcelievler,transfer,reversed,0,dev,759fa8569dd32527f0d8c2d37d054970119953dee57a684305412d59408a78b8
c067c646a6dddfca14b5,b5df47cc2bc859663e5d54df,cities,738,Saratov,transfer,reversed,1,test,db391cd56e16bfbf062030fbd2eaec08af77bdb878172675ed0928e353c2209a
41fd5d15620bc89954bb,424214e8ac3b6263132f0487,cities,739,Saratov,transfer,standard,0,test,60c52acfa248d779f8280d848a580ab054fe5dce5ee3b5a8dd401dd31bba78d5
2057f5c192c8955a64ce,850eb874a7d1ecde68b7f60d,cities,740,Kharkiv,transfer,reversed,1,test,febb36bceff6c7f3b860734c0045933d881723b47a81e863a855e690c30b24c6
d59a70930d7a2c624a7a,f4ac946e77773762292dff76,cities,741,Kharkiv,transfer,standard,0,test,4b46a7cd4c6dddb65963187146577e01def28f9e046bda229a9a850b426f9715
32057e85d51c66313dea,f3a7d67b1fe75144a0e5b1cb,cities,742,Malatya,transfer,standard,1,train,1fe2c61f26124707631dd5dfb989af5f1217db73439289eeba327b52b5f18864
38d61e9743ca7416e59c,518dc69d70a4dc0dba6302ce,cities,743,Malatya,transfer,standard,0,train,7289dc96d2db04c1a42f7152442b2a841a45c9c99ef720c16e256972b07ea2b0
8e67bd6fdeefcce8077f,8d268d4912d708ca57de5815,cities,744,Lviv,transfer,reversed,1,test,2d4a25aa6044d39a95e52a3b3a84d74009854500cf9ead017afb2878744db972
042388547aeee673dbb6,242008d585167ca1cdb0f7f6,cities,745,Lviv,transfer,standard,0,test,772ec802b1287948758968a11a5f41364341daa2a4ae93d4c6fdf99cc4323efc
f91421255d5a1bd6f553,b0dc4e28e94e05c4005808fc,cities,746,Kyiv,transfer,standard,1,train,1f3cd8c54feeed1708decacf27468d74b50c5b4abe08899e31a1425b5918223f
d0665f3c24fd34002baa,cac74798739fbc802fa1f4f3,cities,747,Kyiv,transfer,reversed,0,train,b4e68d9b0115853f3af23424dba3c730d80bfa155ab4568f639db871aba2795e
796ad51862787c97b0f6,56dca657b99b5b798f520ab1,cities,748,Kitakyushu,transfer,reversed,1,train,6ff465562cb9e2d88c82022105433b17e1ee4a106e3eaad2240555df790f2ece
222b1b09bdbe5259f0b3,ec66faf02d16c65ff61a2de7,cities,749,Kitakyushu,transfer,reversed,0,train,fcd353caefa2f3a715453ec916cb6afc4dfd471dc5459ad4a3df43d5e60e6f6c
2a850ba563a2a9da9bba,21b560ed1ff8d4dfe86aa8b4,cities,750,Onitsha,transfer,standard,1,train,cdb1f4b5dfbbd6cfc6047b18b4c61058f7fa8764531383dadaede274ba5e7aac
865ec4db025c8a966002,8eb515bbd7915df08b6af659,cities,751,Onitsha,transfer,standard,0,train,0da642a671c962406b5718cf3227823a1f93372d15a31b4b8cbcc6033ce5a50d
c6fcd3aeaf56b9fb5b61,60b546d0241c776a3f77bff4,cities,752,Anyang-si,transfer,standard,1,test,dd4cadb41de6a034757ce3e626187eed9d174765054c5219378e9b42f088b508
5ecd9e1e9e718309ee2b,6d846f3f9cb68a816d1da86b,cities,753,Anyang-si,transfer,reversed,0,test,a8efabb9d6851df86513e1bb1af14fc60caf3a0bcc0aceb5155c9e414e8c3041
8663935bcbf1279a44d7,27cc4e912a074d83d454733d,cities,754,Kobe,transfer,reversed,1,test,9aa501a7c85053e5e8b518f53a63bf927c5b5bc116625b8379d231bdebffab44
9c6d387818ced913d321,607e3a5b37c212d4613b6416,cities,755,Kobe,transfer,reversed,0,test,f78016ba16f6fbfd27b1ce3210ecdd11cb6b09fc6cbfdc6105b5e5087d8ca249
b8b9bc31f634a4890576,28eea3eddc40c84e46176648,cities,756,Chiclayo,transfer,reversed,1,train,e9dfd8169063232ef834718fcaa8753f1afedb2b19ad2fe12ccc4253f9c70073
0c9a905a01b9756b7bb5,89985197dc53b00f3b44b4e9,cities,757,Chiclayo,transfer,reversed,0,train,7caffb8915c188b8c81dd91be178f9aa7a586f7c8ce02feba51634212d9814eb
3059b3ad5c076fdc22be,a64799d1dbed7c674c5cc0ae,cities,758,Phnom Penh,transfer,standard,1,test,ed05cb295f7a836c052d08db4cfceeb7bafb89cd0c5a65515f3724fa110e5ce7
e9a5cee151eeab2d5889,ca28a40dde816623ce624014,cities,759,Phnom Penh,transfer,standard,0,test,fe68ad203ecc284eb04a4b2bd6fad7b30583b937847b33902e17ab374408b0d3
7c02179f3f97604ef017,5296d5b246f9367d0af17fa6,cities,760,Nouakchott,transfer,standard,1,train,20c1ccad80c4601f88d7ddb1bba02b33d37dc20e435a370e612fafffd8157abb
2cad4b1f63dc7be0fb42,fcaff71704c0af038fac47de,cities,761,Nouakchott,transfer,reversed,0,train,bd109ac1b9107ae86759c154c18ed25b6ba964c6f900e64944d216291abcec8c
4b79f6c716d3e440fe36,56d05315be5223b2f3239d56,cities,762,Vijayawada,transfer,reversed,1,train,a451be730dbdbccd5aa65c30084f7370016cc9dba38fd57c9ac580ae7b7d77a1
29f9b0b786dcd4036d72,edb659b58d8a47b76a58eee5,cities,763,Vijayawada,transfer,reversed,0,train,121ee3f3e125506b53c989e1e6e5e4d935fc0707a5421d1ca77a2b359d250189
89d17372d5ee73e3f3ca,865c6a2ea0b2cb30064a21d4,cities,764,Theni,transfer,standard,1,train,7c5775cfd59b621f86015c568f53e0c4e9df8ef7ca6525148bc6f58aabb9d7d8
bf9225eff2d359cd01ba,923ab4dfe9be3cf57409d799,cities,765,Theni,transfer,reversed,0,train,62b3982efb62d6f54ebe66f35d4fbdfe1149d2d3dc280069d0f286d63e2d0a28
aec04a2acc082b1791cc,ef985087412d7e8ba11e746f,cities,766,Narela,transfer,reversed,1,test,3b860acabc410cc53b13cad6615c51a947469a5a1f94d3e5c31c4a961e3c51e6
0fa786f8265772454fa2,9276b294b63f953b248d67a6,cities,767,Narela,transfer,reversed,0,test,5a2c66555842c2ec284cd8c74bd7c14cf6f542cefe8b57b921b66accc5e8acb6
4440219353125648051a,489126d9e5e7b2ede7de0ded,cities,768,Quetta,transfer,reversed,1,dev,224fd33d0bb859d2925c685d9bc7af2adc34a0a720279dd12e724155fa5575f3
77a6cbd2882bb3d1e578,8371b418102f0ed447c8a604,cities,769,Quetta,transfer,reversed,0,dev,9b213a88c0fb16228d5b586b7620cbd816b8bbee1414e6122bc9870f03a045a6
32ce888d73a3794c2dfc,b24770b9efe4f31a83fe6085,cities,770,Chennai,transfer,standard,1,train,ba8410ef8fc263c2b5ed9f2444910634f84cf9f718e740f67554beb7298ac134
179097971da69f78fd34,0a7899e121a631a099be83a6,cities,771,Chennai,transfer,reversed,0,train,03581bd3d4eff165271edf76d3fe690000b5bb98f44eb6de59d965b0a64c834a
3e25e10d82c8a12d8620,b8b115f38bc69b43ff990806,cities,772,Changshu,transfer,standard,1,train,1c5010eb62eacd942c10abf1a8efa3e9040f986ed45ce0893bec2d8f13d4c742
22a488fe6b8dc2431ec0,f4781aedaeb92a96d2aabb11,cities,773,Changshu,transfer,standard,0,train,0d43970fb9a680d5b723a377782094f72b16ee0cc850299b8771f07af4ef5403
5be069841fc8ca974a6c,111a12ccfcc2eb8706589c8e,cities,774,Tehran,transfer,reversed,1,test,a10e59a68bb94af74fa427404a81b005b1070cc6281671ef6712133a3abaa8d4
98c5ff222bcd862c3ee1,13637a1df9eb80b76d5b848d,cities,775,Tehran,transfer,standard,0,test,48513e0edd903426141984d60b39ea319cafe35d3cbb0b415f25c5ebfc786c50
5793359f9776a85bb124,c9f9023f6c6247912ac47a1c,cities,776,Bayannur,transfer,standard,1,train,a5c2c66b545d05f3d90bb26b3dbc6146efe4056a4ee4ce7dbc2a42a8e38ba93c
fa31eb70ccd3ec31571d,7de9df122b73d5a6cebf316a,cities,777,Bayannur,transfer,standard,0,train,e752e787f653c55ce59cb70d92b9e7d1017903246b7fa24338510e279b7cdb36
4c60061488d8b3223d3b,8437dc43469b905892e8ad5a,cities,778,Barranquilla,transfer,standard,1,dev,44391c2146a56d719a3c278c82b78eadfbe1c1bee9f942fe4dba989ce00f3381
b55a04cf63a3ce315621,a613445f9a3ebd17a0d10179,cities,779,Barranquilla,transfer,standard,0,dev,ec40aafa40b9ad24c686fa927f928ca6f86ac8509e0c2dca34071b8436e07df6
49e2b6a48c218065790a,bde11e7e7bb5023f00c5c401,cities,780,Budapest,transfer,standard,1,dev,dfdfc68f82974845034e6a9e2213691f61c763ca203b6b84e45bca189fd0ad37
a604fd5354e4a6a9cded,157b7bdb7bc65a4af9728f43,cities,781,Budapest,transfer,reversed,0,dev,dd1df73de587b48cc4c9ff3c2fed88f00bfc213e33cf3f0461bf6fd50626c201
041d846928830efde00a,d2181718d8d4683fdef77d85,cities,782,Pontianak,transfer,standard,1,dev,fddd0e698593b527a85af26a713a24fa692e7c0b8320ce97d5c850ab31dce109
88f9544480a359caceef,1c07fa7f0c6279091961c12b,cities,783,Pontianak,transfer,reversed,0,dev,a6b4ad3fa1e7b5fd8a5ff8738d9d98de000f09eac1f4114ab29a35dba0c373bb
0708d3916b4a2a30fad3,23ce72c0f700f411f5c1527f,cities,784,Recife,transfer,reversed,1,train,d5f0fa475043305472c9d54b796df3068e1488f41cbb22ed5e73dce502b431de
d9106e10c6848e7b18a8,d3aae544775ea538be14459f,cities,785,Recife,transfer,standard,0,train,92c10bf08ace5dca00530b3ba694e0abcd17193fb0ca5cebebefa8b4ea6fd23f
4194946e8a4389f539d1,abb78c999a7c3e7041b28b3c,cities,786,Contagem,transfer,standard,1,train,65c0e7b8b5fb25bb77e3774584ed313e2d86af251ef159d9646dae2672b07084
57a1ffe730a9d71a75fe,9df6f1734f4b89478c896376,cities,787,Contagem,transfer,standard,0,train,4cb8a2e836a70352ed315b3436c158e03eda4970ca45d7ee6cefdab316316438
4bbee8cb60699038e06f,c7cb44fc3e2b9288c464378b,cities,788,Port Said,transfer,standard,1,test,da9cdfebe4f61721dab9da7b1b43c99491eb3fb369a3a5c65b6623cd677b868a
9ebc6d27d87ef5f2d9c6,225dd8d60dfcc6d556a71564,cities,789,Port Said,transfer,standard,0,test,207c3609a2c83f786b833b8e6515f82845dd57fd55c2da1d99e489b63bccd937
7275d0a546f08b532a8a,d83495c79a23496ed096d19d,cities,790,Asyut,transfer,standard,1,train,0940efcc95385073f8b5dbc1289535df3718186fee9c57ad1de4f8a678e47fae
0ad738f874dfe6f0bd71,3a5459a5d3d52376cfe5d941,cities,791,Asyut,transfer,reversed,0,train,9c8dd0b7b3e69d895670197737cb5b662601db24f1655389326dc87fe7b2bf8f
86eb9949be27919e3bdc,04f05e5127dbf5099b36d226,cities,792,Ziyang,transfer,standard,1,train,c9881e6e0e94a1483bd37afc685082bc942d5232be4b7278be06a0a7b83df40e
ce7281635a8fbf059644,fdd8323177be4213f9501cd0,cities,793,Ziyang,transfer,standard,0,train,e5fc4e9faaf69cf68d9b600fb13228a16a161a6d8838d4815552c2c39c3f504a
f9b52c28bec8f629b881,df7926b6e4666d0b9cd63737,cities,794,Yinchuan,transfer,reversed,1,train,a277d10ac3ae154e4472ca2cadf917febc7487512578c1292d4efd7933c96d1c
2a202f94605bea793fad,e2436dafdee94b1af88338a1,cities,795,Yinchuan,transfer,standard,0,train,426d99cfcaed389767db7d9bb093571f621381b2f42ddae5f42d6adab5821b15
95bc43597bf54a7abe86,79a5318b7ddd68326caa3360,cities,796,Zhangjiagang,transfer,standard,1,test,94de93dae86f689950ec4068a65f357651c68bc76931b31de636556a9d7d1b5d
60693732d06989909304,8c28da7f7aabceaa1d588521,cities,797,Zhangjiagang,transfer,standard,0,test,91f7509d966839066f4e62bb2a2c206e8b5ac58ff9b8f037f4b6572c3a32efe7
a5a89d03a66a39c877d3,3dc648b04dc87b663ae90557,cities,798,Shanghai,transfer,reversed,1,dev,d9bb723a73dd1f22c894624ca8c850bd22fe267cfb05b3b302fc7578e2ba6845
c7713d33708e672ab822,835978e46e119f463f23f0cd,cities,799,Shanghai,transfer,standard,0,dev,d3716d9cdfc34b1770d2fdbc20e99ce2bc91b6b5860439b3cda6d4280409df0a
f286ac43589df40a50c3,6b42fab1e7f1eca58265a7aa,cities,800,Jieyang,transfer,standard,1,train,ebc309269467eba92119efc708f19301a6f82d078326b876441ce3221f10e435
251189e894483acdc442,94aae5ea1c382063f466522d,cities,801,Jieyang,transfer,standard,0,train,527072709dc30c128b3d3f0bb2805a6fb135b05c472f5aaf3307056de4042018
bfcf12e1fd15ffd8847b,e3eb411cd7ecf897ae3beee0,cities,802,Longyan,transfer,standard,1,dev,6d26a150d7a1e50c449a068ebca7d3029bdbd37ccaa6915c308c1f671961f0d8
72b5469a53871c6397d6,b35096c7516038d71c47cba0,cities,803,Longyan,transfer,standard,0,dev,dfb8eef1474c71aa4962da1efb533cb3f5f1ffe0c82ad4681ccd13adcb6395bc
991bcc09dbb12b2da8e7,7c8edd91704e7fccd0603a87,cities,804,Dandong,transfer,reversed,1,test,2db5b0441502081fde4a0099aa0509293250874fa0561ace857115c16240f045
e4db3e0b0999db314d85,0dce10729e784560d46f5365,cities,805,Dandong,transfer,standard,0,test,f2a020490f5a9825504178a9fec9c74d834cbadd9f37ef3dc3d67147b8a4ca05
ea6b4c47878c4000a47c,2b9028fa7b7db508654fab8b,cities,806,Frankfurt am Main,transfer,standard,1,test,b873bc37135df207d31987aa965edb21d10995ac08670939de6cf5a0e42ab554
caf4b0447f34b1b578a1,3213e9edb0dcd8bf1b7062a5,cities,807,Frankfurt am Main,transfer,reversed,0,test,e55601e00e1199626062c2ee308dfa59b629d5b570c5af0e57ddabf9f86a749d
8200b7642b9d37ed210f,4c9b229119096574914e96ab,cities,808,Lusaka,transfer,reversed,1,train,7fb5b11a837f131550bc5b6ca0206543ca5f49366b610122aec53f357e76aec9
64050afc8d3a615326a6,4d12370e4a67cc9a05143c83,cities,809,Lusaka,transfer,reversed,0,train,6509f3ba7ac8030b407e742cb4cbee340b8917446447045489fa1ea5b804ee6c
7a0e120f907906ed2ed0,d4dd1190450edd8b4728876a,cities,810,Aden,transfer,reversed,1,train,bd090f25bd04f6cfd329c1b6f9b1ce77e4e54cb35105c08f78acb4a1e14e1fe9
9fd2cdc9c7d6a1a39fe3,635bc85ab3f87daa56081a7f,cities,811,Aden,transfer,standard,0,train,1f2a1673c52832d397c7e18f8dc6e03387081fcf7d43a63aba05adf7cc519a86
b31e0549c6dad78daa58,aae87aeadcf9af66ce05d9d1,cities,812,Jaboatao,transfer,standard,1,train,17bcf55b1660d400a9f6f18bcb028d78669b7a6b803bca32140524212b35f6da
e812f82a457ca0707da4,4e6cc4af2915d160e463ae8a,cities,813,Jaboatao,transfer,standard,0,train,db7a5e780bd21fde84d365366a6faef3f96326921fc9d0b5906fd2ada1f67119
be0de216223e995ece80,1712ee9ed725c80a25c5a369,cities,814,Aracaju,transfer,standard,1,train,a6ac7299618bd4cca0ee5109a50d95cbd70f9c746be4f59c7faa9291c509e79e
486b53a162d62b74b40a,77d443d84568a3907ccd9649,cities,815,Aracaju,transfer,standard,0,train,f9d6394ea3d7f5fc145113dfd5d75ddcbbd829bd1d5afa2815b946ad09cba1f0
145ed88ad444dc8071c0,7548a5b02d873a66239d7922,cities,816,Londrina,transfer,standard,1,train,27fd3802a1fb5c8c93d2de8b914d057c5049b0772afad975b0acac91e2810432
3d274ee90282553bc2f6,38fcc748873e8a105b8ce385,cities,817,Londrina,transfer,reversed,0,train,125f0d3705ae13b84eefed6553dfefaf066c9c71160498895d72746c81b4ee6e
90b7606372d928c35ad1,f2ff8654aa2fa7b3a642d64f,cities,818,Zigong,transfer,standard,1,test,a1ffc8e2c2a855cefb5732014d35f7e01ab0b085e2645ce4f6a1d1cef8e0b182
dba1fd83ad929c925182,a7514f410d1d9e43f72daf7f,cities,819,Zigong,transfer,standard,0,test,bdbce30826a3e832e9111a3abbe27e2a8f4c47b2c3cbb825db9ef51320105635
c44e14ad3c397542a119,070d715c4c92e8209f155657,cities,820,Kunshan,transfer,reversed,1,dev,2e00df6bd7f5153d39317ea877f04a5e2428f430a43828e6f21a6e936b19fceb
f4c0658cfa9e77c7ef6d,64899cce386b330f372dafce,cities,821,Kunshan,transfer,reversed,0,dev,96f2956344cee7d2646eb0e994cc1dac1198c8242704a56544c79143e0fe71eb
6b96119433f76c211e68,5432b8862dab6919786a2361,cities,822,Yichang,transfer,standard,1,train,0e8b6411258d7c5f7b9f9c6820d0e621ed6f41588d4fde19576e5db5f82a5c56
1876c55a5c5bcc5e6767,1d4cb1b857efc6c71ba57abc,cities,823,Yichang,transfer,standard,0,train,72af263472565c5a9c547898d8133825b718df4babcc575b44607139dc745e95
62622b81f42e4152ea66,8abfa63c98bf5da02f8129ea,cities,824,Sanming,transfer,standard,1,test,67a0eddc2767d88c8bee59b83909473f92285c336ee80bf41a4b7d3bdafffa97
a4f74dc2ec7848f8dcf8,add53511d7e964641b1f6100,cities,825,Sanming,transfer,standard,0,test,2fc1dfdef3cd7acd4cfae4cb87c30740342529af2317acee041345060c5b7c3b
6cd12304e0edbcb61312,2a385a009f56dc04aaddea38,cities,826,Guang'an,transfer,reversed,1,dev,9d4abe23b0eb895778ed1e96d9126165d5f0b97d9d7cff3cac953163e1a5fcc5
fbd2287d0e5d5464187b,11941f985b719311400a7e61,cities,827,Guang'an,transfer,standard,0,dev,6b79b4cbef0943e78d63700f8c9b3f91dc2e82e5099c3f5e4351639cdf5b4826
d188db1ecc4116fb669d,5f87dfad2e8e32c892428346,cities,828,Ma'anshan,transfer,standard,1,test,0545313255b0a3ce06325ef4c8f3eca9107caf849486dfa5f6af531c41a08b02
5d3c996e0e54163c604c,547fb6a35d4e5cb116956eb1,cities,829,Ma'anshan,transfer,reversed,0,test,456ae3245ad78654f16f5f233d23d85b09043ec158fb3135503f52fad5420e60
7bb94b74994a331bd26e,84509fad70c45f753eab039a,cities,830,Dongying,transfer,reversed,1,test,45f07dfac6a3577bed67deb7896944e0ba69bf4a481460105d307c966a34fe6d
4546f40d866542ac68dc,fb4a3663743a247183643826,cities,831,Dongying,transfer,reversed,0,test,036cda435e6b36aaab006b3ccd31aba8b345bb24afa5b37985cc7114d404bbfa
4d4b584b5dbfb3a8b997,0aa17eb84ce38612245e9ea1,cities,832,Fushun,transfer,standard,1,train,3e30f5a9e09b5df768b29f0bcf0aa77b95ffeb6e91be78d0e58e071cf359e80f
25bd2db94de0ac7cb6e4,141626eb36bfd54fd33ccb0a,cities,833,Fushun,transfer,reversed,0,train,b73169ea549016ab329cb0004cbd1e994b01ceb48203f0bfd49a6ada7fecd5fb
722ecd8967b62fce9a46,c5036029250493923d5b3330,cities,834,Rajshahi,transfer,reversed,1,dev,a0841274f17e56c99a83a0ff19c8538744382077ca6d38c44cbee139b149ee1c
2c484e07f938b6e88e55,798984c8210f0d279f39ab9d,cities,835,Rajshahi,transfer,standard,0,dev,d5b81fc0a1aaf70302d0cfcc984896f1bc4a4bb9c31fb1a690eddff745b92864
435bc3e44d4c477934fb,102b1c8f209817d43878776b,cities,836,Rangpur,transfer,reversed,1,train,fc5293d57f47068c480ddee23d3032559f30567e5de5c349a101c44e35f83e54
65df9bb99048bad0a931,df758f8ec304c5b8d1f20617,cities,837,Rangpur,transfer,reversed,0,train,c2b869f41a7d596584b8d2af396fa43949d1efd24d11feae94e8a33c5b70d786
1f2fe127254ae3c517d7,a78de3a1d3bd3c1387b49b3f,cities,838,Dortmund,transfer,standard,1,dev,c71cc048fcec859187db03ea3fe7e2fd40fce6491ffbb095e8d461d173714292
e1ca93e3a8ab14833a87,488c52b566cb1f59ace187f9,cities,839,Dortmund,transfer,reversed,0,dev,a042031578bff1016fcae693fcbda4bbb77afe0a2f2d1443bdad5d56db6d9b16
9f46ae7331c8d9ea1582,505cf10c28b3ffc76e30064a,cities,840,Detroit,transfer,reversed,1,dev,0b807e9ee0cde0c039e5cc08e81df9568f3e832dc41bfe8c0cd8f882d2826e36
8104d871a3950e84c448,e8512b4f25701166062eb4d1,cities,841,Detroit,transfer,standard,0,dev,6c3320b66bbcdd3f7ec88902d7b1c13fe8052d3dd6b678ca62d993fd9107113f
ba8b6ff9c7b5176f6fa0,8b27b42fa0366525d0279b1c,cities,842,Latakia,transfer,reversed,1,dev,23e98e13e2e84a5629a138de841b86fbbd42dce427d996f427372d5d2bf2e195
eec775ec9144fb043a3f,a8e6d42be49179f6497b593a,cities,843,Latakia,transfer,reversed,0,dev,ba6c130ff1fb4477b14650a655e60a3654bd90d77ad9f6a85a77a50e22158179
dfede941160192a06fae,a1791506855b591770d9b464,cities,844,Ashgabat,transfer,standard,1,test,dd29cbd1d3d5a805b991b0b750c76c3cfab7e26cc2455dbc269036f6c0c12e37
8dbaff38aedcd47005ad,0a9550a7f8868b316de8040d,cities,845,Ashgabat,transfer,standard,0,test,b0951dc4cb3a60f64c46a6c6221817bb79a6ae105f9c72e33183fcb943715c92
b6d312ad195b53a0a113,33eb4092398f704546eb2465,cities,846,Maracaibo,transfer,standard,1,test,909605e4224045cedd4c6e3dd4ea6c1a7b2b7ce8957b176f9277f2093b3905dc
0fb0d276ddc6f8ee89dc,cc811fc09cc549bf194e3340,cities,847,Maracaibo,transfer,reversed,0,test,8a08e138d2d3f6c841b72f1fdc24efa0587fd8a9146f9c356dd9bbfcc1e3fa37
04c751ab6b788b49d0cb,66d27193b01d06e142e7e5d5,cities,848,Erode,transfer,reversed,1,test,c5c776ebb49f87ada732223a76355bf5f93fc0cd7fcc240a8b9956644c20c648
edc6e90bf360516046d7,c1e733fbc11f167102fd0ccb,cities,849,Erode,transfer,reversed,0,test,beb25c8431ee1dccd4d2f29a9c0d7b8d16d13d42009ca03b81dacc300201a1db
2b5f2a3769d8a4c5aea3,f0aee005bcb8f467c78001e8,cities,850,Mumbai,transfer,standard,1,train,ab9a57f88d946d4692efbdedcf26dc928e40212366a5feb560398346869c6b33
13b8c15cdf2273829b1b,3a4d7d7c4e9bc431a58b1ea5,cities,851,Mumbai,transfer,reversed,0,train,1fa876cb04faac803b2c20bb7d275fe0559f8a0c66f5ed6a87c1bf491406296f
e2a9f429920feef0a7b8,c0f6bccc85c2c905fdbcd230,cities,852,Nasiriyah,transfer,standard,1,train,28cefc3d52b30de06d06962e53e3e59562a9158e8e568a03b5cb9c70a628595c
a402763036f9f0d9f81d,2353d9907802681c6ef62e47,cities,853,Nasiriyah,transfer,standard,0,train,4795c8390c9e08e34400dc48736cba926fbe13189560bb5f061b68df08ecbaa8
ce6d82612ddae25229e7,f61cc7ec0b087c5426040cc5,cities,854,Kahriz,transfer,standard,1,train,0a7c3b85499e7ec4f20710d31856b0f9fcc0c00907a2c47131e9725728610cd1
cf48d839d94bac212f63,de5d073b30fb1fa49ad7e33a,cities,855,Kahriz,transfer,reversed,0,train,a45023078ee7d3b85e6e208fbffb4e670900c0e5648dc8cc2222383bbcd6d0cc
ab56358c4d9ce24c5e53,9120110949568498cab5e532,cities,856,Surakarta,transfer,standard,1,train,92ed23816f76e4f009335f6fe041c12a11d0f8981f350deedf13226e26d4da24
672f351e46bc31df2b73,73715493174238d7c3778826,cities,857,Surakarta,transfer,reversed,0,train,cd6fbace5e53d82feb2fa3b21ce79850888cf61d9b5a16e494afc4c6a6e2c87a
569c48568643327b3a63,a94f02885e314f70d71c224e,cities,858,Banjarmasin,transfer,reversed,1,train,2cf6d33b7d7548b80aede971f79b04c192a2fcc7e8e5d407c9009d6a7adcb805
3747a445175f37ba2703,88b62b7cc21b5eecfcc3eab2,cities,859,Banjarmasin,transfer,standard,0,train,78cacc9d5fb93549ca448706bda362b57bc89d01d8af1fbd67d13d5e5016a6e5
34ce02b9efebd407bd1f,a3dde211a410d9518c1fadc4,cities,860,Vladivostok,transfer,reversed,1,train,d5996a0dc85f27d1e2d0346daa296d67cb75a05e383d7cd19703bfe22f2351c8
b22073de8aa0715bfc07,74807dde660356ceebee62e0,cities,861,Vladivostok,transfer,standard,0,train,be0e91a2adbd0814a53da3c8b325428e85cc3e01c56f82b9be1a34f6afc92950
6da84c8c2174257a6373,a6d4653d308c4824283b8fc3,cities,862,Adana,transfer,standard,1,test,720365ba4578173c689b92f94951ce5237e31d919d656f4df61aec54a85c2f05
507d7f39b72c27fe7fce,81a5b7b86bbb71838134068a,cities,863,Adana,transfer,standard,0,test,aa6e57e6b049c58c0f1f9bf894fd2dceffef2fae6f058583466c8c2a08d91cbd
b92671d1d47b10e26f25,a0d45ffda1d13fda4b8918e8,cities,864,Voronezh,transfer,standard,1,dev,0c99875b581c57d9ca7198ad7feabc143f7ae3d367053f220878b3ff4eb9f393
46b91621a91e24c6e443,117ad07320d58b1f7c53401e,cities,865,Voronezh,transfer,standard,0,dev,a349301c5abb823cad1b08a4be1f3be7a64cc7bb4e63611147901ec6ed85f3cb
96e5c0d8fe70dae509ff,d792ecdbca53a338274d1646,cities,866,Namangan,transfer,standard,1,train,8fb8d90bcf8badc835bd8179fcbaa507cffe3342cf978034d2ca5028a68b14e4
cf35449cef67c7763263,48b2ac7501501345bab55c0f,cities,867,Namangan,transfer,reversed,0,train,b9b0a269d39a4c2b377d50c7ed170c00930d033b27c7570b7d9603590eac2725
add85e44b1fe0c75e034,3c74248b30f04bd9e7563e79,cities,868,Ordos,transfer,reversed,1,dev,5f92327b5bc298de82ca3e472e825dfd3ddc4d4c772be6d9b788626a4265a01d
d8162286e02a7031a068,aaa0e72c1d499f71c3b6f6c1,cities,869,Ordos,transfer,reversed,0,dev,4869732958cc514e2cbbf25736993c189374d1c5de7c88c0a8056b901faa0494
075b000645a11f1b883f,65499a505c3a59cb4c01cc52,cities,870,Moradabad,transfer,standard,1,train,4cfee86a430fcbcda952808d74a3d1f74e31b305a64f872c817fd198109db6f8
8003e044d414e0609b7a,a1ea862da8376983714d04ee,cities,871,Moradabad,transfer,reversed,0,train,86c296898012c4fc0e3ec58b6ea55ab4742575b56d3b101cd7a1faece00b1770
1bec990f72739a546a34,b2dde7af30168ef38adc4914,cities,872,Bengaluru,transfer,standard,1,test,696948acfb8d750bce06397f7acfef8fe3df6d88c181369dbc9ab9d2887d6ced
927b76eb69194057baa5,edd85ae89677902ad1f679b7,cities,873,Bengaluru,transfer,standard,0,test,bc5e6549201b0019a2134efdd0f6405343b28524fa3035fc8060a14a141910aa
b281d1d2e485c181cbe5,d93885b8da0f9b4a59ae7244,cities,874,Shivaji Nagar,transfer,standard,1,train,b1f904f0c3ff745f5350440cafbbe244f0fca2c35dab2e681b406e6d5e3aaf4e
f5430649353127872636,f39ef3a5ce9e492b198c941d,cities,875,Shivaji Nagar,transfer,reversed,0,train,aff8fbd573bd0f55976605527d5f9c3056dba5a4731fc806eb661b0d2629556e
807c82e9adb3484264a4,06ba912cbff9d60bc8b57729,cities,876,Turin,transfer,reversed,1,test,4a4a7213ed3215d14fcb3ef09779857efc4414c57f2720bb0cf466df341983e1
94e28333eee5f110e663,a64d5d4a5c9245a88254b41a,cities,877,Turin,transfer,standard,0,test,fa5b01abc539a3e3a4c04197ed3d5789ad140c25d04e409df0d63c325f23eab9
4bc98ad909820144580e,5e0cc155cf334322f3dc719f,cities,878,Okayama,transfer,reversed,1,train,62807ccabb9b1d2b43202efb655d4426237e6e0fa24287617021c3f991348394
722a5e0043f6a9577e8f,3f71b2a586394d33be9bff41,cities,879,Okayama,transfer,reversed,0,train,06737571b2a16ae7dd3b58230094f9ec9bdd8c5eb11b67dbfa261fb96d3359a6
a94529119d539da7633f,8c4a301d7a5185438d4c3485,cities,880,Daejeon,transfer,reversed,1,train,90d5d8933491c439c087acf8f882db5af0ce3fe63f34e4957f9ff5850af59cfc
b9c7ed3df70308aef343,41888db8ceb673348e8a390b,cities,881,Daejeon,transfer,standard,0,train,83bffe893d8a596461a735f73d891db4d181449e77dfc9a5cf5aa92f3325af4d
c7f0c331ed6a39478064,afc5a4db8f6f8ac3f98a912a,cities,882,Battagram,transfer,standard,1,test,4df381df697fb8aa95a62087fd975c2d69af1c610ecf416b30cc68f400f6d3da
d9cef1e1fa3d99495ea0,11716f4b9c94cb0657b3369b,cities,883,Battagram,transfer,standard,0,test,adec22ee5c683d22c9c370a40d0eb51570c037851f247de6ec7b8da10e244bc5
fbc65df251214af1d4e5,7bf993850181579bbe15dc04,cities,884,Yaounde,transfer,standard,1,test,7233d88e8a2d6c7ef657f963fa866b9d47354fd43d315d84045f2e2da4d7230f
719dc7d54b0031795e79,00205de198ac7becdf4b6686,cities,885,Yaounde,transfer,reversed,0,test,731a91379d4e253951408156cb838da7d5ff20df7e235d6f55a154ead1e1ad26
d5b3406d48985fced3b3,6bb4a7e4a1d43c2e67ea3089,cities,886,Zhangzhou,transfer,standard,1,train,0308ed164a4e0f7d58a7eafbe3f3e496c0b8fd137527e77b5f0c788d46bc923d
a4394ab2b173f40d40d0,6b5424a5fe0dcccbc396677c,cities,887,Zhangzhou,transfer,standard,0,train,dd92add573ae1f5e251f096ffaf5e76517ccbf2a9e5af08eb819a92079824a89
6bc3454621a4fff0a926,3192e05902ed6e6658fc07b6,cities,888,Yangquan,transfer,standard,1,train,9d3aa36332c1b967f78d825163f847ac9ce28da38b675b10ba30e7d567dcc2bd
2e7f9bf42ba6f9e0614f,a60e3fdfce2d62de2b5aeccb,cities,889,Yangquan,transfer,reversed,0,train,79bb17c7ee1c049b502de0f765b3ccd1fbda0472ee6d564f08c56caf118c0bda
3e76ee99d28afdf8d4cb,0e366ca5d225eb1a0dba9b03,cities,890,Sanya,transfer,standard,1,train,2f8a4ac006fe700f2022d75af1ad819ccf2a7150a7136d8c0b7447fcc0fb7e69
bd1fb870081cda97cd78,3ca8e49ac089f96d36195ddb,cities,891,Sanya,transfer,reversed,0,train,821b2b2802fee195836263c3c0df9af655b63ec71f951ec11610d47019a8c803
db79a5cb59bd0bdf84d1,1b40bb493f9b056b3cba789c,cities,892,Foshan,transfer,reversed,1,dev,d5f3ced47c807f24d9991440074087d4832496fca818f892cadc4795117c445d
3596de8d24e1b6a4f589,58783cdd4e40a1e21aaa8d4d,cities,893,Foshan,transfer,standard,0,dev,02d42bd48dea5cac6620a88895c8bfde9e4dd33d14ce51d72d73272d02c45618
aa55cd652e113a2b29c4,2fafe3b819a6f92be44fced1,cities,894,Sharjah,transfer,reversed,1,train,64ef4df6cb849c1117c081c429d356b9e8a8f37994933b8724ff35066708af06
eb462fe785b8a3d157f0,7862d5883b945934cc62d2c2,cities,895,Sharjah,transfer,standard,0,train,0c837514b41e8009a1ea52752cf14d199324df6e2f9985efca186c1028bb150e
135f6c5885b4f1f5b491,4d4d4ba5b353627191b8416a,cities,896,Al Ain City,transfer,reversed,1,dev,aaba0d2433aa3fe2cdff7f0d7ca9f81f5d4d445941090e93adbed08e1787cc25
247bd4359212263a5757,cf3607c2c7014730223d46df,cities,897,Al Ain City,transfer,reversed,0,dev,1481fb8364d3dbd26b55a99d6ba5c9fa4e262f113f12f5582fe45f5a8ca61557
98b13506472ba1fb9b36,e824a5a2c736847c48bc6f6e,cities,898,Kalininskiy,transfer,standard,1,train,7ca6d85656e9e61c85ffc237362686cb42f8bd2e4594b7a0eb3f785b177cb601
210e484d3143e6e95645,c3703b90999bad9800b943d3,cities,899,Kalininskiy,transfer,reversed,0,train,d0fae80f094a2ae155de69eb5b6de16910f1dc8283aad2483a97e55ff1c3b049
4d6b3c96e893f1212108,7cbd7e1abd8369a32826f4ea,cities,900,Mersin,transfer,standard,1,test,5cf9a1c8fb561adb5df62c8991553e8e944e2f800a6e2ab1300246541c503dc8
c3e9303c7f7eca72a52d,347fa141a296a2e50222ba83,cities,901,Mersin,transfer,standard,0,test,1dab47f071b1994f32ef57385538698e96cf37237f17541859c87dda5e17af6b
9149a92560c9ffe3c2a2,03245954bfcb09f4dce9cf1d,cities,902,Guayaquil,transfer,standard,1,train,8c5d735d47c54581891ef24cb15b2fb135e3ea07273994ebe08c34f0e65322ac
a5ad620cc6a008b9c37e,55cb09064fd5a8e4d68a2459,cities,903,Guayaquil,transfer,reversed,0,train,fed406949cea24000540fc94929ebcb015ece852b5a539bf3ad2a838933bfad2
344e7cb710f15ddcd24d,908c56408a426cc3de122905,cities,904,Tegucigalpa,transfer,reversed,1,dev,1ea1f3bb40325c355611ccdfbd16f43ae50ca176dca2b6467d0a5deaa15df1ed
1072df6724e8e7346064,81a301f737ef032a209f77eb,cities,905,Tegucigalpa,transfer,reversed,0,dev,2b80fbc25a52e748337142ba638794b5f6c69f311c642d5685564000d4a47d0a
98a9cc768e8684e8453e,ec4b0095a9f7118e7369ad30,cities,906,Koeln,transfer,reversed,1,dev,56cb31c19d678dc84f8cad7f30b23aa9a0e46ce4fcb265cd2d44233dfef986e4
a08054c6cef0afb22e56,ce1f21744d6a67c5c6d5d7b5,cities,907,Koeln,transfer,standard,0,dev,90b2da83250886eb52a2c3e7f7c3b2c924ba8ba7e128b26004e1547ecf04ace2
20c1a26e062fd33b6cb3,de5859bd8a2b7ff7aa84da74,cities,908,Nuernberg,transfer,standard,1,train,c9a4106be4b9c58c57bea8010b34379adc19e616aa2f4bfb10925b3273853812
dedbb4e3b84b738e5b28,2ac7c3ba5554b6571522dcf1,cities,909,Nuernberg,transfer,standard,0,train,ebf35c06edbf79f1ff08182649257de627ee87ebecf66e4e68a5737f31d1a5f0
a567e136b1cfceeca39d,1b4a7327822ea0315e746d1e,cities,910,Zarqa,transfer,standard,1,train,731097dccc3f254edb39c4936101c87d364a64f08bdd8e0530a2401366843a7e
f04e277f4d19de53d2bf,9dbfc8289fa61bc39478019e,cities,911,Zarqa,transfer,standard,0,train,f1564f7a9247d27f921bd2eb21113a97705120d066cd8416863fd00b05fd40ca
ded5372dcd711da40154,79147e9192079da670776797,cities,912,Riga,transfer,reversed,1,train,003085c8e667d89bec57b7c52e2063d19e3ae0bb7abf789bcf644d8be250676c
979963154c374f79f267,503e69b1f299a3bec9fffd1f,cities,913,Riga,transfer,reversed,0,train,fe4a38d5c1cbae05445645f43ff5f25abb5c0fa9bf894c2518e04b1a995a938d
18898558fb25ac762e2b,14c9f79cfc8decf3b075d8b2,cities,914,Nanded,transfer,standard,1,train,aa844116a031000aaaac849ac55b4d52b52a62a5de58e012704481620bf89947
463adb85dbb4b2c5e9ce,a5211765e33efa86270e51d1,cities,915,Nanded,transfer,standard,0,train,7fd639520a148e39a5c65d257bf81880192853979884cccc124a8e47883eeaf2
ce944571933f6ee37ed4,c2670de71ce10c70e9a4837d,cities,916,Gwalior,transfer,reversed,1,dev,f9af024694ce0d52518487bdad8acd0e563246df8b47adb1ade2157feace0a9d
9b6bd8a05bb4826ec17b,3f09edf16869b3afae15e688,cities,917,Gwalior,transfer,standard,0,dev,4cb2175e15e33ac34965a91a23e274de1a3627a722b30b06dbcd8d3c2c81971e
1f45604988aced1e6535,4c945297850747415de1a923,cities,918,Dombivli,transfer,reversed,1,train,633c3b1db79db48bf3fecf4a785b52c9c3ea1312830779beb679d0eccef79b8b
79873591b8758f488747,cd9fa914b66dcb134d62c151,cities,919,Dombivli,transfer,reversed,0,train,035e48814242b049adad7902fc9999de28e390382982ff6385eb5667c3b39376
ad46b45f2156e3fc4edd,368b7a75eb39be8372f43949,cities,920,Kallakurichi,transfer,standard,1,dev,3ae229788bf9f09e8cfd5c5fd77bdbdfe962c437c7c0eb64f8142ef9326e0f19
aca1de39d4ce2c6edca9,eb577ab3abe1b0e45f5b5da3,cities,921,Kallakurichi,transfer,standard,0,dev,fc0d687f1710ce9f084fd4e4b4c9db0dd2f8e60348647ecaed4126c381674d05
e0d78ec53b20ec0e59a8,3bbdef4cc826fd048ff1e3ae,cities,922,Bekasi,transfer,reversed,1,train,89b53bc3c374b7bee5e26647fbc32ada49a70f6e253ad4483cd5fdfcc0ce62e0
09a88a2426f15aaf3a53,94f5fc0ad41dad78728e0daa,cities,923,Bekasi,transfer,reversed,0,train,e3fa837f06c967fd7d2da447249ed9c1cede47ace21d520f0bb917bd8cf3746d
d65982d48e30e9a811f1,a1814418d143f8ea93cbd43f,cities,924,Johor Bahru,transfer,standard,1,train,6ff9e0591447c0c5e826d6fde5297701973ff76b7f76b5bb51f343200b95ea79
d07dd9452e0eb5391115,46b1717d6ae7d2b5e51763df,cities,925,Johor Bahru,transfer,standard,0,train,7d7622bbcf25e3c6bbb3d7df162b2fe14116007493a6c047d501de105229da7a
9b004414a1de4e529506,033c8a7ef79a470592f9218f,cities,926,Santa Maria Chimalhuacan,transfer,reversed,1,test,98bea312ef317d3ca3985b00fc23a304f566af670121d55040462098ee91480f
fb143208e9777f64f265,4a9bca3ae891d5ef216b0c3c,cities,927,Santa Maria Chimalhuacan,transfer,standard,0,test,4a9e4e89a0764f0a17bdff2d2c6f53577178c81da82444ca09ef6ecb996aedc5
05fc4d206f2494b6e3d9,302900c87e8c733e258a8a4f,cities,928,Urumqi,transfer,standard,1,test,c0682afd60dd575596616b8e6762fc0707a6765687f44e47ab4721c3d036e669
9953472be9b7f9173204,60b3e60736345bd8e7a10bbf,cities,929,Urumqi,transfer,standard,0,test,1e3ebf5ed966e813439f565e959054b94b874f75953000f1d0b30411fcc6e7b9
261a1d92c63ee0de07eb,2d818cbf6705213a894458ab,cities,930,Qingdao,transfer,reversed,1,train,b45e4b666a5ab0c9836f3b8bf26641ce5827793b0327bd95b3dd04d6d3814555
972885fca2d68fddbe34,4e862cef56c5ad9b16d712f3,cities,931,Qingdao,transfer,standard,0,train,13acfa46b04315c3a7bdb3699d1139ab73bfa6b3617e23e575029ac6cf32d6e4
a15c9fa416c9597d1ba5,cae220200e3d1bd224f97d03,cities,932,Sofia,transfer,standard,1,test,94831f1c0097ad1bc78c23e9e575a9e74c28a56f9f9abd42dbc1d2acf4923eba
c5b9597069109fb8fff9,5cc032f989b55410c2a9873c,cities,933,Sofia,transfer,reversed,0,test,107da85c4d8d9f8d118dbd6c3131f6ef8e3f507e7a9821b51349e4ceb986e8b8
4545e01135c69aced18b,1d9fe215ec976a0d41898387,cities,934,Nova Iguacu,transfer,standard,1,train,0d3c3bf8d9d8be6de411a0cc140374203efde605fb42bd68ba22d4fe0ea503ed
616e412308fb36b035b1,8f15d2da86d8b541ab1c4bbc,cities,935,Nova Iguacu,transfer,reversed,0,train,7af4bc3b566b51cf04b1cd3b288bcbc6b8ebc7d2a1232eb2e14028a81cd474f9
a356f7e7e032414b5334,94c68f18fd19b2e56328046f,cities,936,Abeokuta,transfer,standard,1,train,40d41ac34f065d2a58bb5948e31e09290b65dea514e6d4e80eaea35acbc902cb
83e853e473c9f7bbf214,ba867fbf8be011efc8834c00,cities,937,Abeokuta,transfer,standard,0,train,1c493505e4c31b8afdf4d9a8863ef371b0ca3d37753e0d0f78c6af6888c1b5ed
0e1d6d6cae10eaa0e77c,045adfd7eeb77da1e1117670,cities,938,Amman,transfer,reversed,1,dev,0332db412e99a9185318906e4769c73b25c7a61a0fa9a3092410208f1f467503
7f5ca7e08b5b00fb8d48,fd1bb58a1efaa339bec23d8e,cities,939,Amman,transfer,reversed,0,dev,60bc47c63f6c1db34aab3f64a731eb61b4aa950cdc584ac173445cdfeb077a39
41e66f2423d11801f511,0dbab563cff7224d60d7c7f6,cities,940,Hachioji,transfer,reversed,1,test,41b1066d148ed9e71c5bc4a6ea72de32244c761211d786c15cd33fd1ef982c2e
1cfc70c959f14985faa6,c9085b452796b55735b8cd59,cities,941,Hachioji,transfer,standard,0,test,2553b7dd141c628be3e65e823d478a652fe8d0391932a60289ede8ecb5091cf5
d03f7cea298b7e7ee617,0b23e3fac92535f03d645f2f,cities,942,Fukuoka,transfer,standard,1,train,0a68f667685dd1a044c1c551638214fc12dcdd7e901132e28189c0ff870faea9
db43f250c1e013735f98,17e6d40e5e84eb0716c17812,cities,943,Fukuoka,transfer,standard,0,train,d0c95512f132c4beed4eca57572299d35319840d169d48ef13be7595d897f0de
abc2a261f8ec4b183044,2db127634c495765d3088ebe,cities,944,Goyang-si,transfer,standard,1,dev,39e121106425083fed9bb90547222fe22f0fce81961d08efa8769f99e354d750
616e39cad3f2e2b45101,98b1489c049e2a90dae1fe5e,cities,945,Goyang-si,transfer,reversed,0,dev,e3a5783f5710a682a7721a31dd6f16c9e202b4e836e900103dd7e3eefa24d8b3
f2d3cef7e58bfa783b9e,8ee28c6dc28663e05d3459eb,cities,946,Meknes,transfer,reversed,1,train,ed7b6fe08d196f4210565df9f23df4af589327bc682ebdc65b97d78c59e8d614
79d6d6e7ffa56a73f828,cb771597f5a75c244e469f8b,cities,947,Meknes,transfer,standard,0,train,c2e98896e28ceb0190b7169c58aeffa070e1b25713cf13c7a0a95454a9ecccd0
08add3dcf95e40a54e4e,5324acfd2c9a0b7c4c078117,cities,948,Antananarivo,transfer,standard,1,train,c7dfbdfca52f5fc7e9731df1d7346d9450e9269cae0314e160930a2ec91c0855
d8a49b02ad44ab440054,c1ade9911642e393f3e3aad3,cities,949,Antananarivo,transfer,reversed,0,train,7c3763fa16c373891d76b435c0526229cfffd1bece8eab65bfb784e8eab8b616
7780b82dbff77e9d0a43,0d95179a488de23d7994cb0d,cities,950,Kalyan,transfer,standard,1,test,5658b95d1e856cf204ddb2fe9a0a9b4ddd43205c9a1fcef2f57f178d0d45cec4
5cd768c98ebd0ec06297,af32765b88290a9223e7b001,cities,951,Kalyan,transfer,standard,0,test,a3f392512adb271db6e9dd5707442f5db1e8d52640af8e475c98fbddbd15e759
17d472397fb54555a9f5,5258199c5a4ad26277213192,cities,952,Jaipur,transfer,reversed,1,dev,a571b1342ca0c74ee6d7455c48e55a62351d779b994a814ed6f11808dd246c60
b83b3059acc6fc669483,e3b25353850f1c785a8660a2,cities,953,Jaipur,transfer,reversed,0,dev,db5d9b8fde7a249c0ce47e3594d649eff68be0317e790aa53873d69bebad0ff8
6012bd0a7e78ee6d0651,71326ca082ebff620b877c3e,cities,954,Guntur,transfer,standard,1,train,490f9fc659196362c46a24b58e2697b8b8aee1105268bc40aef4fa045778eb70
0a6575e7fffbfbc220ed,bfd7a5eb732334033ec8282d,cities,955,Guntur,transfer,standard,0,train,b745a363f9bd2e43344018a82dd39967c756292bc646c5af0c1461723ffae8fd
a247156f00df5b4db605,6d390a15c3be3d9d637ac94b,cities,956,Bhilai,transfer,reversed,1,train,ce7a9972c416bc2d1ca988fe09a58c340847fea3c70ca25afd174e3cf0c738c3
2ca171509c7de541cb25,0056df3e169c1ac1ec452f84,cities,957,Bhilai,transfer,reversed,0,train,11678a72bb0cef4e868218c0dda0b797aed5cde96c9a2f465d45948114b553b2
07cd8e74b6669400600f,470276a2443990f8b19e35b1,cities,958,Bhavnagar,transfer,reversed,1,train,11654e71189be6102db01b3262e94901026e8dac5396879648211f8218613149
8a01b0d1f48b3586781a,f075bd63797f926e3167eb37,cities,959,Bhavnagar,transfer,reversed,0,train,93dbd188ff9626b708c5d1e89f5d2550186afcf3ff5972851cf020e7026e4bf3
4a8c7f184293802b19da,93de9d24226503da1d552f15,cities,960,Amravati,transfer,reversed,1,test,71b92fe93df0747facea9a88079f5614c2b86deeb833c7d40de8ca1e04842068
fbbd6d5f56012c79a15a,d368963686d69a9778383b40,cities,961,Amravati,transfer,standard,0,test,7e5eb4e3ce311a0084fddd437c2a66f39c9dab54240b5bf23f1718acf82c9db4
809474da72a6d22afdfe,9d799d9c387c4b2a59a30b93,cities,962,Shiraz,transfer,standard,1,dev,042d852c53120922b000dc711f999a5c1e5fd1e167fe5d9b1e67068e3d6193bd
de6eb9a5075441ff6e6a,f4900632f53875949435aa87,cities,963,Shiraz,transfer,reversed,0,dev,d4f145aae8577bae5c75ddd2d63001a5a156dad624a628d26a1a07318b2ad3b7
7f20071e5db5645e91cf,4c6015102512b8377ae441d5,cities,964,Lome,transfer,standard,1,test,0dcdf82ece99afd3055016164b9c714c156535415ef5632efff6f1bd9585b83d
dcb0f6e31f2f739d1c57,34652751c4b1ad4325d0faf1,cities,965,Lome,transfer,standard,0,test,69dc1abac40fce0ef299207b1e3bd1d82c5bda64e7a577b100a4afe22e4a94a3
8764a7e1f7b1b17bb802,d7ee9d991048418440860268,cities,966,Erzurum,transfer,reversed,1,dev,039210806ab3f79502b5f8ac6ed89b4376c5a36a31f18b848f45b4078d2ac360
57dd1f5a52fa4ab7832e,03d248b75219e63a781e8a4b,cities,967,Erzurum,transfer,reversed,0,dev,248fb59a7250a04735c846fbfde88edcdf5af7231763c1e85b41680e2b72d649
98cef6c721ca238716e9,d5c0e460d615df2f917efd24,cities,968,Seattle,transfer,reversed,1,train,0588ba85feea0ab1cb7bbbe2b6802de03f87e271e0e351f6a69cb8f333d5a871
f764ee2ff2e3ef0d00cb,70c9cdf7317c1b2af1627a5f,cities,969,Seattle,transfer,reversed,0,train,88856c4d48629598d6a800aeb1504f77a984a385b9b8854dab0a373c9676d3ee
dafcec43ee51351187fc,9e9e96c89f3b8db35f2fb2dd,cities,970,Barquisimeto,transfer,standard,1,train,0dafae78ef26eca821d1ee94c2b8265cafea4ce562b843ebd2f3773e7ae99d16
32597b5b01311464c463,c7fb9b6cfa1dba70fcc72cfb,cities,971,Barquisimeto,transfer,reversed,0,train,a15479b0d18f3364aa8a8bbbab096371a325bc728cd704c130d69a2dfae1028e
486f95c0cd0b7e377f5c,1b4749439ffeea0a73530f63,cities,972,Kryvyy Rih,transfer,reversed,1,train,34c9d400c24fa2717be357e0ae325c9463976230f32c0d574628157dcaa34941
edf78332e41b377b110f,ec4d144ef71bf6df3070a4f2,cities,973,Kryvyy Rih,transfer,standard,0,train,4c0aedf7ca57d359e5b088d2b5367ab7a9ba4b81e2f08e6b6937a67e4bdb689c
874e6d868334f150938a,9e00eb3a046102739e126eff,cities,974,Krasnoyarsk,transfer,standard,1,train,d0cbd0ec0764eaa27e1394e18e93cc1ca2bc6698674f75b0433d0361bd842c62
e5ef38cff3a998395f0f,242996a8c79d14ca6f9a8a57,cities,975,Krasnoyarsk,transfer,reversed,0,train,f0066f98968101d4caadaee279f5bf95d6190a6eae5af9660070c3f7c58825da
5eb0cd7553060df35436,4106d6da13e3f8f9c8ab8bde,cities,976,Quzhou,transfer,standard,1,train,5645ea1ec1cbfc34af83397bb825fb34d51a5f51c8357d697f455d9633dce630
e3e31f4e1c1ded93b402,4c854c5dcaf29478d2235046,cities,977,Quzhou,transfer,standard,0,train,048f05f762f6fcd315e6880924fbea6e684fa2873efe81e691386af23fcee415
99079551b26ec985f9e1,997f255b28375fc30599aa5a,cities,978,Pingliang,transfer,reversed,1,train,f0d1032c63b0502265c50091ed191b8cc8c0b6c579c4521ec7cbb31cfb236089
06f5834623d9d63e4f8d,7c678a59f69961a61619913d,cities,979,Pingliang,transfer,standard,0,train,02094789aaf913abdab7001f696b39cc14c01aa90767f0918d1522370b5a8473
6a4225951d662f9b7896,17a3714f4c7bb28dfc055817,cities,980,Puning,transfer,reversed,1,train,60ca2029a48fd7fd8b3c803859c3ad9b3abfe1ea2a074721e7c9a34aeb9dfd22
11a20c7ba7099922b4e5,c236a6daee510770672c9e49,cities,981,Puning,transfer,standard,0,train,ee08e374f9a319bb45dd2bbc31efdb4a8f75028596b3a57e42abaeadb5753671
4b68bed90f5bf156a809,848fdd232c332d6020f620a5,cities,982,Huzhou,transfer,standard,1,train,3a130941f6c8511c45059dd2e0b22b568b0c3481ab03ac65d139703fb23355d5
1afad1eb31b1c6a972bf,a941361eb16f8c6903d5bd44,cities,983,Huzhou,transfer,reversed,0,train,54aecf73bbabd7892787bd1faa3b0e3c2d41b86e2e28d5a7ae9e68aecac21c7f
bc22cd8741ae1ad53be1,fd249ab43b847ac8532a2c3e,cities,984,Chizhou,transfer,reversed,1,test,29ecb988c3519a75b189b9ba5d1d6464f3fe0ea9633137deb8fbc746daccd420
255543cfea2123405277,0ad915616341fffedf6e2d92,cities,985,Chizhou,transfer,standard,0,test,1012340f1cd017af1c8953cd7ee8e66ea0a96f7f64c5391eb0343fa6f09f43ef
b5fd69b692485eefeee1,506a07fbea1afc3407b9134d,cities,986,Chengdu,transfer,standard,1,train,3e6d10bce0e2bcff44678d6390225c31c04c142a65f9e1df335296cdcbb17dbe
b33ac65f0ffc9c16fdac,77404a99571726d3855009f9,cities,987,Chengdu,transfer,reversed,0,train,6cb444941ebaf7110bb015175e1544520be26d9495df5d1fe906662a3ba76cb2
33e0dea6d6cfc5e77473,5cfe4731d1ffa1303bc233ca,cities,988,Cangzhou,transfer,standard,1,dev,e113f729ff04f8d0633221209dbf57777dad3b035ece3c009aad0b42ccb044ac
f1b900f48c4a46787961,20599b9ac5fbff5c058e2c02,cities,989,Cangzhou,transfer,standard,0,dev,add252bcc8aca53279f66791f8768ce2caeaea33562960832fe60d77c6f045d1
8cf153e82cf0acf0b612,302620f40c9ceda9f5cb35be,cities,990,Samarinda,transfer,reversed,1,train,767fffd8c17204642db5a2a36ebdf66ada2bca66470d22606869f35e3cf7efcd
bd00b7cfafea4aef68f7,c8f405b6137f52214886b01a,cities,991,Samarinda,transfer,standard,0,train,f28a5c9c014f04ba52972d351fc64e50167e2e2120a6a11de88333940d2204f0
86a813744f4fe76e9db3,1a77828edde36fdb6d2c93d9,cities,992,Helsinki,transfer,reversed,1,test,8b9192ef364b0839a0d753015fa2721608356d6ecc61de60b07bdee2e29425a9
0c4aeebc558752661d3d,2940d5d6243290fbb93ef9c0,cities,993,Helsinki,transfer,reversed,0,test,37cd666274ec62efcd96faa991ca36d35ae7b35b10b6b9d4a80b7b4728778545
ee45a29033069e562907,77fc5230d8face8fd1903123,cities,994,Khabarovsk Vtoroy,transfer,standard,1,test,45a1b4c59794105cff903f49f032dc31aef0f87cca66742e1210b4550d137076
908d0116a757f7632df3,cdb38997fd9c8e498499c714,cities,995,Khabarovsk Vtoroy,transfer,reversed,0,test,b6438c7ba241202c1c846d4083d22a70439164128b0609365ba1ca162263a4e1
a39e6c824f22053ac237,8dace4146aa862917959cc96,cities,996,Wroclaw,transfer,reversed,1,train,856a904c7cc6bf75ec94cfc86c8e73088631d0ab4357b759055ae51ff9f0bba9
bf75de72308b98a71fc4,222057bdb6d92d5dc130401f,cities,997,Wroclaw,transfer,reversed,0,train,0adc89e820970ff460d9ca63b2d8feee65177c971aafbc63a2a287e91dbadac4
cfc48f60479a4039f3b0,3a6710358fd15d096a95de59,cities,998,Oslo,transfer,reversed,1,test,93232fd4df74cb2d4479b7463d05de66bc0b2c2fcbeff6a8ef27bc5b35d5c4ef
f1f5e7ce55f613dcea2e,f933953d69af2ae183b4fd74,cities,999,Oslo,transfer,standard,0,test,410b335bc2b13b200405924b02a914a6edb8f993cfc7e0ef1f578808cca10612
28c219f105783a3e8e9c,1c671c31a8bc32641d56a061,cities,1000,Caloocan City,transfer,standard,1,train,57215c3f0397da9e94e0aa27380ef4b5af0d29a6161d254c5787601bf488f0fa
bcae3cce52bfeb4d6685,741be162e2e729481d6274f5,cities,1001,Caloocan City,transfer,reversed,0,train,c11b640702d5b92a324e613dd892fdfa52f72e2916055a4459a8c1080aa9901e
183d632fe9900f1aafb2,c2476bb30cc8b59aa8c03e8a,cities,1002,Ryazan',transfer,reversed,1,train,66a4aa2c937afb94c715738473eb1f11458335d60df5280e4edd5883bd7c230b
83fe8ba2017f113041fc,43a2033536dd691d01691fdb,cities,1003,Ryazan',transfer,standard,0,train,a45ff0522a80414543431a1a6e9a0bae2d128825329e0ed8f2865462de52637b
88a7a14491579a9cc9d6,8dc79632135758f07e7585ff,cities,1004,Ciudad Guayana,transfer,reversed,1,test,7e7135ca7ac74e450e83a178c041fcc0b7abf57d5d857ca0969a8a71fa4fd6ac
8906dbe983238d720fa7,b43a53fb06dacbf1bdb1ffc3,cities,1005,Ciudad Guayana,transfer,reversed,0,test,41896e76c44a938c694cb727059fa0a34a89c6215ea6a99876428d31bbb10d36
c71444ceea9b72fdf3c6,fd8f3aaefe7653a5fa884b86,cities,1006,Ho Chi Minh City,transfer,standard,1,train,8210eed0753f7387fe3c8b7d699203933e3442b76705cf601f8d202798d55429
2d096aa3fd0865fbf14b,f53434bca32e9c1e1dda69e7,cities,1007,Ho Chi Minh City,transfer,reversed,0,train,ac4153a2e6f9c83dff47a20f056f0372be1ae6ef895783b5bb3d681ccb4103d7
e89ce3e1afe5e52d0ab3,4cd8582e0a503aaa4d2fbf7e,cities,1008,Al Hudaydah,transfer,reversed,1,test,90cc16d7502f00b46bf86a4e880d073313b25b596d096e75138bc3a5f32d3fa1
cfe703126676b6afae64,ace70b2b210ef881f3ed0d5e,cities,1009,Al Hudaydah,transfer,reversed,0,test,bd4da9d4385ff7f0f75a0385b1044612df52e3c3017e85b39622fe779edbdac3
e705ab7c02631f5fe371,9ab010441cd251c40e6e22c5,cities,1010,Soweto,transfer,standard,1,train,df59f83cee2b153f3f49ed30b0e067a5bc0c7fa8fe15be8902cb0c5229e0cac5
2b27261dec947c1b0f16,c9f4f2971fc70a5b88e2ac01,cities,1011,Soweto,transfer,standard,0,train,facf8ba20f02ba708cc669a6d3cb66125ed9df85cd0ee683e28c41b23b9d0eda
f49425e155e04816aa49,9f004ce89323142d954b77d0,cities,1012,Benoni,transfer,reversed,1,train,058b61ccde1cbccce045a64277ec126428b64c6da544f74188d44f2b91973c3e
1221c09f42913ba7d722,ec9f71b4ab2fa4f104ff8b6e,cities,1013,Benoni,transfer,standard,0,train,f1e29d48436665dfd54e8d02b37a97341a5fa1f6c2b996b548457708f295c4bb
06bc982991febfb22e1c,7fd0ee47f4283bdfc2afbdc7,cities,1014,Wuzhou,transfer,reversed,1,test,fb8f9d3f65abdeed72be33de0a00650ce1eef9285bcf5da6310892163323f5db
70c25acd3db7e3fa679b,e38facf5a8e3575f80041b72,cities,1015,Wuzhou,transfer,standard,0,test,720f4aedd40e0140e7be804ffcbb436bba2929a719c7781a90ca834d637aced4
0795c6b4a55b3b0eac96,7dee20024fcb85bf04755200,cities,1016,Wanxian,transfer,reversed,1,dev,ebe9f55cfa12791d53caa4c55a1513d2a20ff901c5c353aefc7ed7603dfd195e
2bb1bcce90b4df416dd8,57e99dc54e9369e39934a249,cities,1017,Wanxian,transfer,reversed,0,dev,79a3b155bfd37afb0d424ea6364ff4b91bf6418e3ff683c8673a89f04dc5a56b
5c8c2245e9406d170867,048a89fd6909351bcc0cdb12,cities,1018,Qinzhou,transfer,reversed,1,train,3cfda2523bba6638fa9c269509b246bce86e08ac6ff268918a9c6a7a13418ae5
eb3d049a279db65cd029,6fdbdead9a2e37d18f241a59,cities,1019,Qinzhou,transfer,standard,0,train,f12d66b9c30b1f59fd633fee08c75d3db8625a801c31272dd8f6cbf1c1636377
2cd585100dc4a00f05b8,54d2b429857ab83236d66ddd,cities,1020,Wuwei,transfer,standard,1,train,6bfa60cece2e204520c3dafce3eba95539de57e49803280a3bc273bef68c4e43
3fc116ad943ff584fcbb,f416b5a5777ab4eebedd035b,cities,1021,Wuwei,transfer,standard,0,train,5dc00a3da837d17577c3390fd05977f723818aee6f1fca751074fe62b4e73a0d
6633b235a66a51740d29,f41e4a8b4224b446da42a117,cities,1022,Hefei,transfer,standard,1,train,511d2acc742826a2a34d64628095d8abf37f43d2cc6ac7c3c6fee49a7301a2b3
8639ddba836cc489eaad,f101f435f82be395a36f53f4,cities,1023,Hefei,transfer,reversed,0,train,0269567690bca119a23150c5762a2d77ec45f64621c493d2f51b589de9afed51
f178f3270b9c233cc39b,56637096b53985fe9f79cb5b,cities,1024,Handan,transfer,reversed,1,train,453d7a8e9e5c25bd69f2ca8b59ce7d695870b1786464318c088fed88ef6cb679
1950e02b60b2d2722623,a5aa2a7384d07b6715d97030,cities,1025,Handan,transfer,reversed,0,train,36c979ce9d60981bd5f862615cef2f0b8b6371721e18df07031ee6975a090fcc
6aa7f71f347b45404658,8ea675e0b4fdb152f63af99b,cities,1026,Jiangyin,transfer,reversed,1,train,7246c6a67f271cc15cf01e70c7eb8b343b6f3e86d10b948e28a2a42454a21686
10d1ce6dfa1d2401b7db,1e234f0bb8ff28858bb83c65,cities,1027,Jiangyin,transfer,reversed,0,train,fe0d9fd65d56fcca050a10fe38d67a780ec15df3e1f1af8c4aba8e336ce74457
14e78021ba040ddc97c0,a4beedfd9f96ed61135d7979,cities,1028,Brazzaville,transfer,reversed,1,train,4780a464e22fa4a3d5b585a5f721f9b7ef07332b2c9d845cc01c8be354fdfec5
4a460c858c416c9adac5,2864a71b51fad4dffcd139f3,cities,1029,Brazzaville,transfer,reversed,0,train,b433c68b5665b2eafa571c66cf475bc1ea86c8d3f0485d4b743a71680e5b8d7d
6275d2b4d141806a9bcf,8d9a7cfb5dfdf59c3899fbc5,cities,1030,Sorocaba,transfer,standard,1,train,1c3f7b15b865f2db7ac18fc84fd4d0fe987edd2e3dacde9b7c0121f869d2f4ad
e623b8a912c2da134255,5bbb2178ac7052315196ea1f,cities,1031,Sorocaba,transfer,reversed,0,train,71e98c361691f283f389a65635b57f021d44c887a0b0e611250c3cbe8b66ae33
97bc8b0feac6e2e5bfb1,dda99179b345acc0a49ac76d,cities,1032,Aktobe,transfer,standard,1,test,d62d4bb61741449e0a6a47402a269a37858d1c370d97e4669f366faaf8b6b2d8
b48b813ecde8000edeee,fb17c234744317bddc0b3ea8,cities,1033,Aktobe,transfer,standard,0,test,5f005546038f129f7a1514e0f1cf69b5aba4c61643adaa988e78dee2a7cfb04d
5039f195b92f791cc4d7,2bee14f5c933e76743a51352,cities,1034,Chisinau,transfer,standard,1,train,493c400c78685e4de79166bac5769ae88e73c3ce092bd29898152c1670479bed
91d8549675a8d986ffb1,d9111a1ddb6c418290db9e8e,cities,1035,Chisinau,transfer,standard,0,train,af85a4f799c1b9839c294be5587db7f8b518d7e38f0ff7735023cbb40ee83d3c
485638fdc8dfb3b127f6,44bd1b41d583d16b734119e3,cities,1036,Tiruppur,transfer,standard,1,train,5c4649d0ceed18d6d598bc01e8bef435fc94cdfc109cf8cce7409e2f59a8c444
9b7a9b37deab8165756a,ca0bc9530790d440398f6fc1,cities,1037,Tiruppur,transfer,reversed,0,train,79f45034ddfcd904ef473018496567a3e7815a27cfb674d7bba41f0c208094b5
4f1a07a077613507591a,a340d1e4a9bdf5e3c0239860,cities,1038,Kozhikode,transfer,reversed,1,dev,820ae49b2007b9aee9da82e6119e801b4742edf894583685be21144f02edfab1
8ca9a30c7314053cb174,d1228e7d3737be71ef6ad985,cities,1039,Kozhikode,transfer,reversed,0,dev,011b9c24a76462ba40062be5352650c7a4c56da34362c4eca9a351e8090ef3db
e3f47147f8f5f97eb150,17f991bb37b12f91c7d34c9a,cities,1040,Asansol,transfer,standard,1,train,2787b61eed4baab5cc78fb639ada8756f55ee3a98a810b51f91458ac61085d19
16140c45d918ac92371d,51868485f5495152bb2e2b85,cities,1041,Asansol,transfer,standard,0,train,ea58cd305bcf90355dcf985caef06686da899520ca93d1768d48f4b639f2906d
b078eb5e4dae25517bab,9d7c1147ca229b6a62219a6b,cities,1042,Suizhou,transfer,reversed,1,test,c97d4e98712b3e40d6201ec4d02c2a1d05d3a2221337cd925c9de5aa32e6587c
cb17e90edc913dfe8789,6b0e31010808ce65fce52390,cities,1043,Suizhou,transfer,standard,0,test,c0e1156362fd47e6f6debc4b2b21e43183a03b3b8fc1688f422d6653d0e61dd1
0f12e0cec533f91c0107,0ee5fa10ddc3eb3fb1b39cb8,cities,1044,Jingmen,transfer,standard,1,train,8dabdaf06b77b99643a8e8678bc8b6e27bde2e894cb6fb667a2b7c226c70ebaf
577f668ad6fc9c2bf962,9f534b00a35f3ac41fbdde7c,cities,1045,Jingmen,transfer,standard,0,train,bd351ccdaf11f1e031142065e34989e91c6fb5ae8dde377e93fff3f6842a36e0
e8b4e23289d2f990d582,601b269b849f2be548fbad80,cities,1046,Huangshi,transfer,standard,1,train,38540e49fdafd97e1084001178a41f1ce0652af7ae76988ee76bcbdd5232aa54
52804b608eb13a679d6c,9b769558cc7064bd245e695d,cities,1047,Huangshi,transfer,reversed,0,train,d62f0d1e5c527764451db4c51ff91c5fbdb3deb0d5c8abe4450afce8953e4b3a
ce027d097717f0a0b991,58008712ddfac9b174689085,cities,1048,Huaibei,transfer,reversed,1,test,cb5fb9c6626048adabbf3fbd1dde0736cdb4f1649c58d5252a83d9bf6af88145
01f32c7226013d0359b4,d800f685e9f2ad9177a0af48,cities,1049,Huaibei,transfer,reversed,0,test,254aae88544ed6b335dd47df58d0358771cc946056937835aea020b9ad3a8006
a194323fba7b13d90847,5ad28a44196e96993d72bc81,cities,1050,Hebi,transfer,standard,1,train,e1a1e3cc7f8f1dac5eb784726eb1c9de3077175ce4cfea8a816b4d7545840566
3aabf7c74705d7e5266b,0070ddfcbbc99115427a563a,cities,1051,Hebi,transfer,reversed,0,train,7c2b9987b6ed962c43fbf67fbfc092e86665ca428afdf9474a35d3d6781009e2
9083eaca990a6bcf5d7c,cdfe7bed172e0c46d38713ae,cities,1052,Benxi,transfer,standard,1,train,c8a4ced8e417d3034e4cbb3809da6fec5bcdbdacb9883abb4b05e18a4a1f828f
898ea9372ba427c41328,1b5928496548cf0083d231cc,cities,1053,Benxi,transfer,reversed,0,train,c3fd47282f426e439ee38e3da14db49d15bc19094080b1412dca6fa929765b4d
0b198a8eeeda98698cf4,25907dd4d7b454b463eb9b0d,cities,1054,Fortaleza,transfer,standard,1,train,803360d6aed4c1d8b3cef48ce0c9ead08e78dd3da07bac380e46d4d0b1f961db
0a5803b5e42dca00612d,0919a2f6e3685c2291e0478a,cities,1055,Fortaleza,transfer,standard,0,train,3a3df8bbf18735ee829cd18af9758dc33435d9725e52270ec12c7b010f80641f
f9d2e88542c68d928673,c8ced83aa743d0ca3c5caa07,cities,1056,Antwerpen,transfer,reversed,1,train,8040098caf9d9ac442d5ece6488b2005ef0eaa56b16ea9f658aa9d8573945686
06c063f3c2d3df0b8467,0b6ed11006f3175092ad277b,cities,1057,Antwerpen,transfer,standard,0,train,5758d02ac229a9aa611ba71bfe2c8bc963da4c6993933cb3f8a6d628d33199bf
e311aaf600ba29c1bcfe,1462a6ce2c8c7de40e06a6db,cities,1058,Pikine,transfer,standard,1,train,23dc082b240757c53f894fbea431cf199a1fdd32fed45b2e113368ee725b060d
ba7d809bf9071c484009,4feceb7e8fb1b47fbda8dfa6,cities,1059,Pikine,transfer,reversed,0,train,91769a1f2b87e31dbff142e4416dcea5233ef0ffdd82f56d98d0ba1f88f61bc5
b7124bb7c00d1734fcf1,a4c41522de0ddb1ce459e9bb,cities,1060,Dakar,transfer,standard,1,train,43da4e38a1636a78fab6db4fc228bb53f7753ea5ecf8db5304932a6e2b00f5e8
7277d3b3292c633a53af,eb29172dc424ccdcde3e1531,cities,1061,Dakar,transfer,standard,0,train,de767943ca0e42b50f6ba4507eb8d0c919a97686544b2d1110c2047d2a53518f
6f571eed76b89b9d9985,766c7209c5d10117cc676a92,cities,1062,Faisalabad,transfer,standard,1,train,8cbc023fef0532959564a7469c3c484c6ba3ef8411c9581d9450c0c240619cc3
acd8fa86f7ea6bcd705b,4869c4e86e3721a4f2d9b66c,cities,1063,Faisalabad,transfer,reversed,0,train,2c8268911453ff54d370380fccda8ba9a5ec50e4d993bd78df9b3e908c310950
14329cd117956be2738a,c02d22940e51c4ebd99ebaa3,cities,1064,Kyoto,transfer,standard,1,train,92a1d9f69cfd9f35fb51bf0fe17f09623956f28d129b4f9424b76475c91aa9cf
6852add30788432987db,3f2164e88c0b9716fd9ef997,cities,1065,Kyoto,transfer,reversed,0,train,34b0ed0c488bb2f95135d09a2e1509876ae641385f48bc5009812781f5331909
11b0e7ea67c253a78163,994f249b922ee84f0a33f733,cities,1066,Port Harcourt,transfer,reversed,1,test,6983c260be0d56c2301bf8066b564e8b525a05b8385762698b2a1ce38bb08c70
2c3c0872673fdee908a8,e5da961c9c550493fd7f19dc,cities,1067,Port Harcourt,transfer,standard,0,test,430136dbe38bc1b153060760251ca363983cb1fba715bf1a04961af1a69ee63c
e2886279fcefe1f9b360,85205ad34977ffc6f12495b8,cities,1068,Makhachkala,transfer,reversed,1,train,fedebae627913fbb30fee9559410264ecfeacbcdb056e79ae981e2aabd342828
3571d637137e79b5d661,123e4a4d2a7ef5dbb395763e,cities,1069,Makhachkala,transfer,standard,0,train,6a9c70dd98a80606fcdd23bd9559e5fdc4aa2bc272d6497ee75e0a356a95db2f
6e6763516e2862620f36,f51f1fe7b9636afe31538836,cities,1070,Thiruvananthapuram,transfer,reversed,1,test,5e80bfcadbee95d0ca6b764e2eb1b23074f36804e6358d61047745091da95133
beca861ee10d33f15fb7,130fbdf7c05367ffa737b6c1,cities,1071,Thiruvananthapuram,transfer,reversed,0,test,ce586fd0065ea916ed2ceb3534598f4dfc39a2fd4404d140de30e432cbbcdc5d
0f8c48a83eebc9b11ac6,56d30703efa4686d0e1158b0,cities,1072,Madurai,transfer,reversed,1,test,dcfea901a9a7e4ce80c99b2ed3971166018edcc84edee4254a0ec2836294024f
335a0c2c909cb101cc41,1dde0935aec325963c5344bc,cities,1073,Madurai,transfer,reversed,0,test,9cf64b1c0b31632d1b0e560a86d839f3927c0051fcc0af96c3d250ad46461782
2c373d7ae71d0ce8f811,8255522b7fa1085115fb5466,cities,1074,Abu Ghurayb,transfer,reversed,1,train,c80e3846598bc8537f09158413ec0de062b0fd43fe739f4cae2cad428a3792b7
58a67eeced3510bf0b50,b994f3bd21942830117322af,cities,1075,Abu Ghurayb,transfer,reversed,0,train,6f7163a905da9c9e47d90e571be2ee31d84363405ab2f4b2b958584e06025e6e
3d565492ab85049155c1,43e94b88e5fbb7d2d9e12847,cities,1076,Karaj,transfer,reversed,1,dev,847eaf91a88527a84cea6c3a2b1d6f28d056acc16ddfbc63a8be260e5ba93ee2
b6120774147c8e20f668,d90ea424c680ff43a16e57bb,cities,1077,Karaj,transfer,standard,0,dev,ef0b49839d3eb6b77c13ac780f7d1c588ee07a538b19bf259a8e272e3299a41a
da25712d8de14c24af85,99be84731a8719817a8cd79a,cities,1078,Kampala,transfer,standard,1,train,8134ece64210c890049e9713d1f09fdc8fbff7fc827818dadd9d3d8ff30f7e74
7d81c0aedea64ca51d6c,014c6574aa4a465edf7ac0a9,cities,1079,Kampala,transfer,standard,0,train,abb6b843495aed19faa7c3ad017843cc8bd864d294da0877ac77494a44732da2
c3a69a684c73e64719f1,fd5529f7599be01452143d71,cities,1080,Chicago,transfer,reversed,1,test,f5eae8c8f13c04502544a7192160f87bf3cdede96c6a8bae188a154f4e17d5fb
a904f8f673b5d213aef2,fc201467b2b46d1139352bc8,cities,1081,Chicago,transfer,standard,0,test,74951130e332ab3d3b7b8309f9c5d5e9208cf26dc5adc85fa5838f8b01c5f362
9b502577c5857f498d03,bb6aee64dfbc2072cb1b2f2e,cities,1082,Milwaukee,transfer,reversed,1,train,b97e9b02b7d62cc05995458668910a61a431649899a0268af35207e9c076e970
824e5cbeebbfbf8001ac,1eb3bcf66e3dfdc78242e9b3,cities,1083,Milwaukee,transfer,standard,0,train,01077b7d5e89b4697091fc25f09390a12a2a4c44c198d2fd2bc30985adfa07d0
05857e2a4f97b7c445ec,93324fc751c5f45b68377584,cities,1084,Bloemfontein,transfer,standard,1,train,579ee232eda0f19f925497668ea8d0fe4dff127f979edf070b0db4b71b427508
1be352de187ec2c11327,8a910525b34b68d7c4bd9174,cities,1085,Bloemfontein,transfer,standard,0,train,1e24361bc62003591df9529f1b5ad19ee17bb306b75ca80d8387ef1796d67ba9
a063e7c126f5817c1dd9,a947097b0129a68edd493c86,cities,1086,Uberlandia,transfer,standard,1,train,782a505f8579ca7b5d4988f4c7759018c5ec96c69939b8f59bb5be79531b37c7
0101fe3600fe85753de0,4b3c178ed7eaddf45011f1df,cities,1087,Uberlandia,transfer,standard,0,train,8ed3c5792984013fc476ee5d29d03c06e87f488e0def90002c87c65e9f83cd93
c03cd4bafd22f8e9fa99,76f12f8a9ec5c969a86fd376,cities,1088,Curitiba,transfer,standard,1,train,db8514022286e264c2ff3c970e34d23746f212d5f019f9135a5d92dfd53b98f5
c2a5582398ba82a74f45,fb0e1c40b4186a93ef82802f,cities,1089,Curitiba,transfer,reversed,0,train,54a9d6b6a09427d13216aea3f84e39cf9894a9c18a5f6abed19b38852f52481d
da281772e3d85686556f,1502a5037cfc45f28995e055,cities,1090,Rio de Janeiro,transfer,reversed,1,train,5014669112dca155d4c8b79f7a60be4e5d6c4314b4801ed0b0a1247b8ebf19ec
6318537573f89e5923e4,f7ede6fea54b11e08c92e443,cities,1091,Rio de Janeiro,transfer,reversed,0,train,334bb1142e4bc73085ff899b00c3b5a98b7f010d06e189aa0412a867ca4cc89b
5eaffb2af4f26310aa42,c908e6963d03a4214ae40c7f,cities,1092,Ribeirao Preto,transfer,standard,1,test,6e4684e52da2c4edd43c835892f4deaf2ef4d9134cea3fd03885581a1a4fef11
d58891a8e94d4f31e713,f4a51620e5a1cc9c7fe20e2d,cities,1093,Ribeirao Preto,transfer,reversed,0,test,04ec396bba4747686695ede42e2e7dd9f58b111f12efd4931187259bb1e3575c
bf71e71cc54bcc4ab266,f48ec6ea6a8e74abe4e3a461,cities,1094,The Bronx,transfer,reversed,1,test,97665760ad4f1a6726a62340c62553dd71c4b490ec892c6731c2cc75bf70bd10
1333945f4debaf25f7aa,44332d919be8ef7c439b856f,cities,1095,The Bronx,transfer,reversed,0,test,6003fe6a25e28f686943e1b6f875376afafd4d254c0ebba51ab05c45466812da
57be1f5783048c498e09,8fc70c1c355c07b9d7ad03a7,cities,1096,Samarkand,transfer,standard,1,dev,b1aa25762090cc6f8a1d047e61f1d10b68ef0fbd4e6cdaa659761145ec935e53
17babf0eb0f47ef91e74,bf33d2a634219a0998cb6420,cities,1097,Samarkand,transfer,standard,0,dev,5c949fbfe5c26958a3d6cfe7270109ad5d952a9c14d4b38ca82146cc7c02ef5d
68674d6ba36ac761c7e6,3082e5991ac55e4635482fd6,cities,1098,Da Nang,transfer,reversed,1,train,2d3b09059088d8c86e34a9844d18ff7087ab6ff637905d921160e59e400248e8
81789a96dd786589c8dd,15f5af7dbfe928ad81346fed,cities,1099,Da Nang,transfer,standard,0,train,6818bf7888601e2f34e704067c4c9555eb08d71e6d7f1437ef16b1dd75a7cc1d
b2be5209d59731d5ff79,5474c7a9d595d826c5ba3c9e,cities,1100,Tomsk,transfer,standard,1,dev,674fbe3cfbae6f47574691e34810d3ec7613a28fd3e295020b2ebc709fde4314
6ca4f5ef87f5ff94a396,8c0aae972c5c04b378943929,cities,1101,Tomsk,transfer,standard,0,dev,48fb0c0f05f80eecadf41672d9da6398017f090f2889ae8facde975c1a4ac5a9
a24af9fa6248b3941feb,27d4bc443936336f55c2d14c,cities,1102,Najran,transfer,reversed,1,train,7a2ec5490461f3687bc54f3465b5953f6063a1f9dd68a4fd3f49e7c32810e679
3d99934987740431978e,5765cb629ec712f14487971e,cities,1103,Najran,transfer,standard,0,train,b9c15d25e38acc97b387928b77c330b762d10e2aaf4ec9ea0f69941f3732dfe0
052ce26f0259a770778a,37d873661ba78169efcee2d4,cities,1104,Bangkok,transfer,reversed,1,train,396960eb49cb0186e751c62cd614580c402c0b7752e3e1e9e3ecbe4b67771f18
d39c5b128ca0b4f7f179,d705c8893d2d25be903dbe1e,cities,1105,Bangkok,transfer,reversed,0,train,d61a76bfe17b1ca87f852354f9f04505a0d2e828c3e4e86b70cf9b2354c1fccf
6346ce17febf0c41199a,915dad7b91e4c368cb633de3,cities,1106,Oklahoma City,transfer,standard,1,test,204305f67b7947ac3830ff8ef7767529bd603cd1f0c034935ca32b6fdb738255
00f9523b19315e3a854c,846c0a5c48d25a6901781394,cities,1107,Oklahoma City,transfer,standard,0,test,46df2895b66fabd1ff68b4dccc6bbd88bffdb23a7e212c1def2f7c24665d08f2
e207d632344d5450139c,56d41dd930692f01466a1122,cities,1108,Izhevsk,transfer,reversed,1,train,eef543b80a167b57089085222423cbbc160954d4fe669e5f9fe558ab1119bd7c
8f2d4fbb936df271b64f,f4d40ad494bbaf4c8d70d193,cities,1109,Izhevsk,transfer,standard,0,train,3150f571526ac7779dcf4d12d0401bfdb97ce7d8016d600096db968f84d8f550
2a15f313e95a2389ee80,056f68a807b96b24afb3a4be,cities,1110,Madinat an Nasr,transfer,reversed,1,dev,dd5d99cd327637c4b80cf627a3cecf29827a4d1a8118cc22a9f887d8c95e69ef
bd58f7f2ce0acfed8500,6f673f990a10ddf922961d97,cities,1111,Madinat an Nasr,transfer,standard,0,dev,d9c5afdf23ba3552edd2f0db320cce7e3f9c0119005955ce4ba58875cdecb577
8ed0678ed93ef7f14338,d3777a26bdd342214d034303,cities,1112,Yibin,transfer,reversed,1,train,9578520e6dd4832bb223e5aaf0a06812930054ad8e1266a952080c67f98550bf
afa8c13ff85b98f0a8f8,78aaae0fe4685ac91f60f61f,cities,1113,Yibin,transfer,standard,0,train,d31d2ba3d0094e664f5e16b78b64a2b4e0bb02a4b868eea4520e9249eadba228
a08b26a8c6fd4e8714ab,60560459b60e1b954f9c3a9d,cities,1114,Sanmenxia,transfer,standard,1,train,f34c711895b9fe79e37843d9bf0af4ac9b1d927f0155d72621a5a2ce959c0339
096ae2adc46c3b9879dd,9d34b92f6a3684e82b25732f,cities,1115,Sanmenxia,transfer,standard,0,train,ec6e186a491cb49f4652cf636dd57e5490a57a3010fbba159682d0485ec9b28f
02d253930f47ede058d3,d222a3156fd15ce5fe589c19,cities,1116,Rui'an,transfer,standard,1,dev,8482641089927cacb443f081990670943e61d6e103d890160d73c64523dacb58
fbf12404defabc302372,614d6998642d29a6727198df,cities,1117,Rui'an,transfer,standard,0,dev,a7610583c604c26adf766dd9e16303a26434e69f27ded5a1bf5f51cc73ad5986
f2a499f679ef6991729a,03741ff273fa79abaf80db34,cities,1118,Ningbo,transfer,reversed,1,train,7475d5943e57546f4493ad9d68e810f9b887bf2269bc802e308f22b39e570cf2
8ef20b14265bbb9fb596,815feddfc03a9445a7a95234,cities,1119,Ningbo,transfer,standard,0,train,1f8b7dfafc4f7d0d9d781927680be31325ec23a7828e789f4087ed27b57f0669
e8a7c11669ce77180b73,49e6b4064230da891168a95f,cities,1120,Jiujiang,transfer,reversed,1,dev,13d4a411b70fe693c4afb73a9aea474dbbff10003dd5092b2c836569025e21dd
a21c72864fd1ff20f610,e725d64f9301c3347ca55aca,cities,1121,Jiujiang,transfer,standard,0,dev,781709fa625b94626b4b1852d18141e4eef863ea3f2aefc3a8b5880fe665c9db
74c595cd67678b51dcd0,aeb1e29f72d725808f2cc963,cities,1122,Jiaozuo,transfer,standard,1,dev,ce15bbd02629754568d05bf1edad0120ad4690c24e7592d535895c6ec6cc8c37
a5978878f017051465ff,1a052dd1c1f8bd65e730d583,cities,1123,Jiaozuo,transfer,reversed,0,dev,3c68307fcd9aedde9808425a5bbe552da72d781a3fe0d18d29189f91aa68401a
182dec31cabf4accb259,c367d6688237b0dded296547,cities,1124,Jiangmen,transfer,reversed,1,train,50a65cce49ba10eedbb42f7fbf335c78dad423e223d71e556368bb03f925682c
cd5ed3ba0166baef4d31,a0e0a95c3cb28f786dff0897,cities,1125,Jiangmen,transfer,reversed,0,train,5bc6103dea556dd4df6f917e4e316e66136f7910e96db34615739a7a7c2ca829
64cc2aca02f5dbd90aa4,54da93e92ce63bacf270ee18,cities,1126,Huizhou,transfer,standard,1,train,cdb498661040619f325e9a2ce584ea37ce380910686405533cadc7e2f55112ac
e88008dcec7adc2fe8e4,b0c49122dbeeb82c1cc4e235,cities,1127,Huizhou,transfer,reversed,0,train,a7efdb57db01d5a0b61834222071a86ca00cb5062e3f6bde61f1ddf2886ea993
a4215ccd97984d2393e6,bb13737a4937b035eb0bfccf,cities,1128,Harbin,transfer,standard,1,dev,562d3ec23c5da132a099d7d7621aa1aff2b6571ba5f1478f353d353ac5320743
267599e3f21c7a87b807,9398a2b48c1fa594b65370df,cities,1129,Harbin,transfer,reversed,0,dev,04f3717860e63e835794c6cc8afd6d734ca5e7ede4e32cc9c7009935dce2a034
51071155939f1e9cb7be,5e4c273ec13fc8b65073710e,cities,1130,Herat,transfer,reversed,1,train,b3839ad153862e1600d18d4a9b0f43d63e15fd7cef37026797d8aff697e2c65d
cad72441dd8ea490f21f,4d60a3ec3465fe49f9bfed91,cities,1131,Herat,transfer,reversed,0,train,bca95ed71abb8abe57047cc8de4409983fe3dfc05f4183fd487d41c9f099719c
96dc86f9c7c3a59d2f8d,a076825e09a7780a0fbe1252,cities,1132,Kleinzschocher,transfer,standard,1,train,54b864274e3cb657803dd1b6a6706b7410eb75d143c2a0ec4dee2d15dcc0d068
07fa4fd0c0c4980b52af,ffd94067e0282db4deee13a8,cities,1133,Kleinzschocher,transfer,standard,0,train,4e7877ab03bf90a5a23013fe02ac86babf41e6d9902232a7655fe0adde8f0007
f58766b8bebed584ee6e,cc438e9538190d09a7cc92d4,cities,1134,Davao,transfer,reversed,1,dev,da71ef5624adb2c7928c6f225a440e20743877c7001514412101e6ff3bd31cad
873dc586db2799ed1adf,61d27245503cc3c6913e8e54,cities,1135,Davao,transfer,reversed,0,dev,01bf28b5add7b6e27a4396e63f5fe9cca228efd7a15d989b097c0d7930505900
1520f07d378138304e68,147b994d71c9453ac3e884e2,cities,1136,Sargodha,transfer,reversed,1,dev,5e3a8ed5f79c8572757455019dcae4346f6f76b12e64549260d94028cad1ded8
7404201f039dc39816c6,e4532930c22dd24f641c9cd8,cities,1137,Sargodha,transfer,reversed,0,dev,f8d6f3f2ffa60b5e25a5ae39a9701fdd6934dce7ca0a3672b951856f240a435b
de226afd6b890dab2b71,1602a8dbb3773b676d080ef5,cities,1138,Islamabad,transfer,reversed,1,train,50f46f40f8d2cc8c35c397d307d90d6bc25ea1e327b2dbf1edaa970bfa842681
ee76e247adc1da9ae76b,68ec6677adb69171a052551b,cities,1139,Islamabad,transfer,standard,0,train,c2ea66ae6e0c27c8d45576158fe10feab41bc429a2b729c6e3ff1bbf5b4ec752
b773160b97d0c9850651,1489d069cf4850c13cd63845,cities,1140,Zapopan,transfer,standard,1,dev,46b755e26af27e461eb678a4c384fe14ea80a7b84b0577637c49e1b1fd82aee5
9c9c7ef65c2913e0c18e,f027df257d1af304b9e1ac81,cities,1141,Zapopan,transfer,standard,0,dev,567d68eeddf0e4e46fb4af6d6b09d7dcecbff4a4b2760ae3759f3dbab90608a3
a06282f87d0ed133930c,c2e6935620564c086fa4afc3,cities,1142,Visakhapatnam,transfer,reversed,1,train,23dd92348c362347a8a73022b7f5d0bec4b824c900f638c76db51b143190e8df
1a977e729de507bfacd8,6d9598b44651c676520fa821,cities,1143,Visakhapatnam,transfer,standard,0,train,502121c346af34facfefb353b0ab4f628cefe7bf5e22db8ff27bce6e0e9bf3ec
34a7700a1cc400c027dc,e0f5f0ccfb5e27771c11039c,cities,1144,Rourkela,transfer,reversed,1,train,4b65dd943f65c9ed7c81db8744ba03083044df18659e6e50d0464853ca270e58
e0eb376c9ec31922d7d5,3e19198a6dbceadecb234427,cities,1145,Rourkela,transfer,standard,0,train,6860fcb9fb47761b9180bb09f0dc96471ec0a1a96fb0a1a93eeaa439c2a37f1f
c59e83e40a3155ef43ae,eb9d272f90d4b13125b04764,cities,1146,Dhanbad,transfer,reversed,1,train,9e32051ed9b105dd7654093676030d1d42a374dc2150be05ac1d4be750074178
44fac9b9c61c7033bb1f,b47a52a467ced8540c472040,cities,1147,Dhanbad,transfer,reversed,0,train,a8e852bc63374114f104d3bfa7e70235351cb548a88c6ae978e5aeefeb1a9d54
90b8fac7270277bf4cc0,e545c78223bbef830eeec7eb,cities,1148,Bokaro,transfer,reversed,1,train,0c8ef9cf4e877928a1ad03a5dda2f4d5209aa8187bd559b9bcec07b141b10afc
724c5e269fc089ef9871,b131ede7e624129a8b21afbb,cities,1149,Bokaro,transfer,reversed,0,train,2ec7c08fb6b616dc89c9544e6fae6520e01101166e4ca82db3d09f99fabcef92
6bff7668e903146148fe,c4872144772be45c88c9df33,cities,1150,Tabriz,transfer,standard,1,train,137dd6aaacfb528bbddcb7a7f4d266f3e67c16b2273faed068cd21d4cbbf0f2f
6a291aeff04a01f65102,c043041da433e91654d170d9,cities,1151,Tabriz,transfer,reversed,0,train,c6a1eefa30b62b9dad7c8097cc0097e8c33f267eef301ea48041373beb74a511
4ce56df03dc5619efa7f,caa835d300de08d7d29c85e5,cities,1152,Tlaquepaque,transfer,reversed,1,test,d50f1c7f77ebecc3d0d5943b0330ab0a8edbaaf9ddc8e286f1af7bb4e9f65d86
5f61af53337e7e5a9c10,28fd57f1d4c94c7eb1fdc5f9,cities,1153,Tlaquepaque,transfer,standard,0,test,ba510d6cf0bccd0b64d7fa117f949a33b0e6a76023ee08d42f22db2b4758a055
6fbda0f3735fc2475319,ebf84a157829980de878409d,cities,1154,Victoria de Durango,transfer,standard,1,train,0927a693c3c7dd736aee6541ca7022f1af5a6595e968052f566df678b7f82077
09e0dcef3706073e03f9,6da43bb56506b64611cab5b2,cities,1155,Victoria de Durango,transfer,standard,0,train,ac14f4d8ec40c70346d45b3dcfbfa6a7482b8c0dc85114c008ade1c4099bf5bd
b70053ad8c7ca9b6c7a4,7dd08e4ce5c7d757deaefdbe,cities,1156,Kota Kinabalu,transfer,standard,1,train,fc743a7cf5566ab930eec3d7d6e9e88ef56a4bf977ff12bcc42a197612d6fbbd
69b2019d1a3ae3abcfe9,975c7f72dee49c9b3e997242,cities,1157,Kota Kinabalu,transfer,standard,0,train,1c3cc39be27433e5f925b0eb1cd12062952db12da8170242ee5404af8dac68d6
9821697eee3d7338718e,eb19ce122e34b7f27e74ba6c,cities,1158,Nairobi,transfer,standard,1,train,29d7e6d71bb268fab9ce74ba4542b9dda3a7b81095091977bf2ebec1f1807eee
7b9df92c182489c05021,3b60202898c4cbe80eadd30d,cities,1159,Nairobi,transfer,standard,0,train,c66bc991f96623b89942457bce12181051584faf88f339108cd87b09ae36fa40
d884584b8c653b6e2342,01b9dbd11e4f5f2e5674f236,cities,1160,Taguig,transfer,standard,1,test,b6e3ced96de96c91ff5b4cee8543a5b2ec3c262f37970bb4b61232ede05d16bd
13719761798a379dd44b,d33af4be606aec13ffb9a7eb,cities,1161,Taguig,transfer,reversed,0,test,c7562c896afabcaf301c263c360f99e58e40bf59d3451351a92b9ee4b6b11bce
6b0a2b20ece88e233268,032dead5e917d4a2f623a2a3,cities,1162,Rajkot,transfer,standard,1,test,fb386263130fa8769aa5e591bfd8cc41b8f47708d92e9c98289546c2df3f8783
fbc9cdfc3e2feb12c2b3,efed29b85d8d70423443852f,cities,1163,Rajkot,transfer,reversed,0,test,dfee0f21e37f3906540da42fa0208900000709d23002efc813879752e46a1d5a
195d49314abbf8301fad,886f42d2226554690a7403a0,cities,1164,Pune,transfer,reversed,1,dev,22d92d25b1b82e6526a78c217f711c3af7517ff44328f2ac4300063f076afdc6
a127cc02c77909550214,771a5fafd83c12ef49c7896d,cities,1165,Pune,transfer,standard,0,dev,2c9a80755d4cf5159b2412364675022e20d268d40c603ee8abdc8c59386930b1
c39a3ad27132a8be6c79,23a4c956450100fd0b1cfdff,cities,1166,Ludhiana,transfer,reversed,1,train,4ce7e4d66459391698c3211d72bd21f513666bfe4f5a590a29d09f38b0ed3bf8
ae9fb64a615f318925f9,6415ab342d64c73e2c6bb6e9,cities,1167,Ludhiana,transfer,reversed,0,train,373c03df5a4bf4a7f8e0bb2aed5003d1c56687ff62eee596e6f4a1e4bb3bdb89
4050b9927090d05558c8,1dba83b01379fd5904e5a897,cities,1168,Jamshedpur,transfer,standard,1,test,131bbbeb119a1679dff0d57e090031c891c5dcceb89e2ed97eec614165f37588
d9c5e036bb9b66aceeda,862e61e1fe33792e374a42af,cities,1169,Jamshedpur,transfer,reversed,0,test,66ba6869670ddc99a6a2fb9a70c77c5fa25c83b4107ed56f7e111c2415cb3a6a
0100d16630f449b183da,05093fd03dbb4b83881b9513,cities,1170,Bhiwandi,transfer,reversed,1,train,61af8a626c6e3a67e54a713c79f42ed132405a1802afe63df695fe475b207148
78860414fba7cada99ec,30e2862e827222871ba0d737,cities,1171,Bhiwandi,transfer,reversed,0,train,6b62736c09985d82b1b1f54f14b8ae893efc29722d110b236c4a763436322b92
dfec4e155447000ad987,5cbb775fcf79864f18f2a6e1,cities,1172,Erbil,transfer,standard,1,train,638449850ea3dbf38dc552fa3d40e39b89fc702cc4c6078d9e61ebd8b51468f3
22b968217e998b7db620,4cf08e5562a8f86dca092478,cities,1173,Erbil,transfer,standard,0,train,c351060e003794114f50f96afcf231e7cb5f47646f902805416e66d0abfc740e
6f77ce15137239447031,9ec857cc503177221a5573b1,cities,1174,Chelyabinsk,transfer,reversed,1,train,bc41684fdf4a399cc259f2262242eeec44b73fa3de4624e3b310186ab4c47d98
715f48dabaf10d8a54ae,f178151d4eb12cfb0ad5b94c,cities,1175,Chelyabinsk,transfer,standard,0,train,0288f87ccf7b03f6fc4c7932b5446f16236628cb1b77088b23e39df8327e83b7
eef890c4f6458632b157,e5f1a20104bfcd30b8dfb41a,cities,1176,Uskudar,transfer,standard,1,train,3c60c2844a6530e5a2fe4bce41d10759159a30a61e3b1937d8b7e5f1003b0fe0
afbe5223a6c9811ff139,81c3b12c8203509a2673f905,cities,1177,Uskudar,transfer,standard,0,train,3775891cdbccb2d1343bac080fa4ebd1dc8fb9d8d918a46894ff63e1fbbd1754
fa156846b50f9f3ed9fe,7649df265281329b6d1047eb,cities,1178,Bagcilar,transfer,reversed,1,dev,78891ab6621bf3c97bc4d4bacaa46536205f807a902c1f749e3956b844ca9094
ebc1a18895defa5d3547,398d0a4cfa0a7e527f1a2cd3,cities,1179,Bagcilar,transfer,standard,0,dev,799a7c8ab5653e4fec9021d57389a59183cd4440ceb425828463cb55481d652b
af0fb2c6a07ae160c998,8e4f2b240d5f5926f3c99991,cities,1180,Quezon City,transfer,standard,1,test,f230020ef871ef84b15d866c1b3ff2e762d67ae72550dfa1a52a1d5bf2c9fd75
010df69520aa3c1f2d4d,ed40bed110a347c8448c11e3,cities,1181,Quezon City,transfer,reversed,0,test,e69dab3ac09875b1016f4e0fd1cdf7d445fd456b96af29f8bc1028f721a2fca0
6340059901ca382b81db,b58a29fe916fbbf706388fae,cities,1182,Mexico City,transfer,reversed,1,dev,b9a17c1e36e294502f162a9fd72503631e9b16077b8314f756dc0e96a7060fd1
81e4705c6082a86ea6f5,6a12637c6949063a24eb11e6,cities,1183,Mexico City,transfer,standard,0,dev,5bef501be71cd13ae9ad256e76237aa554dfd1ee85bb929db6f316dac27a256a
fea4a7ba8a9820a1b3c1,13b6b37f1d8819d15a3bd942,cities,1184,Leon de los Aldama,transfer,standard,1,test,4a43afa4ab834600d1ac38469a6d6ba91afbd2acf2e10696822a2bb70c65b02a
dd43683f5b5f620e206a,e577a0ee705547c76fe3edef,cities,1185,Leon de los Aldama,transfer,standard,0,test,cb614a8298815540983b2fd66dd910fbbe8e85492fb6b9a55cb14395f0dc8c44
5bc3643ed9ffda1d91fe,95a2dc54cc2da20bed29c69a,cities,1186,Fes,transfer,reversed,1,test,926aadd8c339c628ec5d1dfbc190202d4f1f640a4bd835346970bca64c82d914
bdfe71eb5d21c69aab3e,787f86f00d73c8ac222ef88a,cities,1187,Fes,transfer,reversed,0,test,c81d7291eefa31c4cb2a65b199bab504bd93d68be68e169f10d61cb4c66e5c86
7d63c2b1913ad39c7fd7,a255c0f64d873e3eaea6ce35,cities,1188,Surat,transfer,reversed,1,train,df13e049abcf4bd72707076b0e95dd2cfe564955e240054e8b12f3cbb66156ae
87519b7b079fe3da513d,5ffee3426775c401586fb006,cities,1189,Surat,transfer,standard,0,train,75d0f9d64f77642e8562e1013307ff12faf65c124fbdb68bd4372afb672268e9
1b1277423a063ab1e7dd,94ea4b786a51f525fec006c0,cities,1190,Barnaul,transfer,standard,1,dev,92f260a3d21b8111b32716c67de88495a1f6d3758aaf1019a8099e0317014411
5098f86b7ebeb8590992,cb6483f498f3c4bb996912ee,cities,1191,Barnaul,transfer,standard,0,dev,862b1fb3a6b88b11191a444393de66b7c2b245a4ba41c1077d0731c4f8565236
b632462350202d2926ca,581b74b01a1f171a48942117,cities,1192,Buraydah,transfer,reversed,1,train,fcc73cb1af388252262ff0e2796b40dd34c4f053433b10b1adc161859aacb279
8b0c7f1ae98e27943c65,3f4946d3f6091fea5fed602c,cities,1193,Buraydah,transfer,reversed,0,train,0f7a5081835610e9a74097255153d645d4b25d1bbb66e9a632253eca8c9841a6
04ded1f88f5a77288271,44a36ea12ef05801de1465ab,cities,1194,Bikaner,transfer,reversed,1,train,27f1757778b3e38c9541eded2f3a0d8fcea2501485395b6feb023ce8aa0abe1a
8a43bcb7a81c943854bc,3e97d6b7095c413d6a3a9382,cities,1195,Bikaner,transfer,reversed,0,train,32c9366be5c3106fd2e2a7268fec76ce46ae45f1c41cc3cdc273066d1bcb66af
43397dfec22f65401a3a,4e6f6eec7135bc5d407a7917,cities,1196,Mogadishu,transfer,standard,1,train,e439241d73f91059dcc8e0a293f30e24dd58923f6f64f7c7b4667db532cb33a0
d6444a99ba4b76b28063,f1d6db7dbfe9c1686d6070fd,cities,1197,Mogadishu,transfer,standard,0,train,065d802de70887d0748749b68a4951d379263b8a0d8774f685df9f6288b13c81
955514692cd8cc12016a,6ace3db01adcb64796fe94aa,cities,1198,Homs,transfer,standard,1,train,9e8603966b57c218786310d4621726d0b27fffd081771f826f4f2cd3b9d2acf2
2f0ce3d1fb0ab6eb1af3,1e2153b896978582f5dc79b2,cities,1199,Homs,transfer,standard,0,train,cef65b3548c9fa5fd846a17d59acdafcbac7366fd0955cbc36b5f87015987725
1468f3244cf7786ccbfb,cb44e4866a235547ef315932,cities,1200,Port-au-Prince,transfer,reversed,1,train,587d920068dde6c30b172fad1f92895ad627ad13ddc60ec777812ae9c5f2695b
e066e1bf577ce4b58ef8,f776db480c11c8de7851fada,cities,1201,Port-au-Prince,transfer,reversed,0,train,1dff2cb7e5e29c32707a0a47ad718092f56ad694141e13cc268d866ac4a25ae0
2d4f8351632e9b5b5345,d184ae9d45bcb28ade5e8390,cities,1202,Thuan An,transfer,reversed,1,test,43650db83dd24f1a00bd92d7527554649c64139cd74d1118760f3ed10b77e036
73b233ee9c0f0fe2bb69,40a71e396082e7441ba369be,cities,1203,Thuan An,transfer,reversed,0,test,719aec4056fe86727d1269503c74ead99ebffc03ba32f152dc21c1651cc3e8fb
60c1a7148a76c0f39a4c,04d4febb790295ea2594851a,cities,1204,Sanaa,transfer,reversed,1,train,2c93654fd197ddd9a3c2797f6ff1589caa07bff9c2f5e367d47d5ca9f97537d2
743ca5bc135c94fea23d,52ba2b06d0356f95e017ef9c,cities,1205,Sanaa,transfer,reversed,0,train,874122888206c0cff5f6328f14c87e680569c206673607f567aad77e1fab6e11
c0f5f75342f2a0f3cbd1,04ec73796b7d422c26dd59bb,cities,1206,Pretoria,transfer,reversed,1,train,23bc75b6a46fa882b8cd48c62676011803c87022813bea7b6e696c5c763da6aa
36f597162dba9df911c2,69de48553a4975841a76ce2b,cities,1207,Pretoria,transfer,reversed,0,train,be0edd42c1b1018aa33718765193228d97db677382dda5e98283f235ce64a0eb
808a8db0a007afc03e66,a3ddc93b87b0d9765bfd4d85,cities,1208,Pietermaritzburg,transfer,reversed,1,train,22b451b55f1cf73d9557130bcc61678aaf8a677121e0f253cb1cbab49e5bfeaf
30dfd94fbed0516d8b7e,1cd3543d090b362cfceaf554,cities,1209,Pietermaritzburg,transfer,reversed,0,train,6d6c3bec646b21e01fb14d56ae33ef261045d607eb95fdd940bc353b6141e21b
cbfa6d51442969d36c96,ce4a9c03b18101143bb94f61,cities,1210,Abu Dhabi,transfer,reversed,1,dev,dcb34e44b6803a0d931d9077fbfc2188f94cf00b234a35691470b926ab2ca172
9b279fa6df961cb5693a,a7fd910b9ea4063833529ec6,cities,1211,Abu Dhabi,transfer,reversed,0,dev,0e275411b308278e0bd4785901ecb675aeaa64e304c0a6965771c63343f0bd56
21358fb3457a576e5fce,ed2d5a3c57ecfa4a72ab9990,cities,1212,Sao Paulo,transfer,standard,1,dev,5a31493666aa7bb33d25a04ec1fffa406bbe3df527f5558771b4863bcbcfb781
a5e7ba7e9a578aa24d3e,7d75246c71771cd0f8a6752f,cities,1213,Sao Paulo,transfer,reversed,0,dev,1530312aee05c15c1b8982d75c917d56e10a37b912a0197ee39e9f71eba30f09
90e14aad2a9b59a7b244,ccb09c591861a7e66dfc4f76,cities,1214,Lianyungang,transfer,reversed,1,dev,d75a293d594f9f8fadd913ccc72917e623b971910a50ca8424afdd2730ea6134
a44a08ba74f11483f2fb,66a63bc2e669634937648bb6,cities,1215,Lianyungang,transfer,reversed,0,dev,3363d0e3d7ce9247f160b69418703378a238f6b3bb75839568086779576e6e65
b6fdfbb93e7794b72675,367cc822599c8434cae4c439,cities,1216,Xiaogan,transfer,reversed,1,test,6e68fc2094ebe904224838c2a8b097d1c4b6e7f270225076b7e1c4bd76d6b2a8
29323bbcb884fe13e8e7,2c8a67711d69b5c5f6391e9b,cities,1217,Xiaogan,transfer,reversed,0,test,145238d82bfa5a445dd256cd177bfa2caea441514abe7808b31e72ad16c4b86c
cb574928458f323bfdef,519187010ca2f6abb2c1b3ba,cities,1218,Taicang,transfer,reversed,1,dev,faf6ca4e71efacdff44006a7b9871d85f7310b70cf1be23467679ff543d0560b
ba905a3ec85387d8a59d,91f433407c7d32b5fff99189,cities,1219,Taicang,transfer,standard,0,dev,b6eee7949d53469fb294dd1b60f12c4f64f76a89ccb424d330018d20e22c7499
a06c5acc467bc255f972,e6ef3cec7a1521e66c173b7c,cities,1220,Guiyang,transfer,reversed,1,dev,606ba1845fa1ba2f34e59f902bd2783d5aed565d9fe37db33c9518bf9742f017
270665d51d084ec9e9a5,8556feb53b232a89dbab9331,cities,1221,Guiyang,transfer,standard,0,dev,cc90ac46f372117fdd670be594ba69a2e6164ac9e4baa49f3f701e66923c99b9
18935f60b796516debd4,01bc9b1111ed0c0d787521ce,cities,1222,Ganzhou,transfer,reversed,1,train,dd17b174eea382287d89758827a76d8494cf40f0eb5313e83d21465df14e41db
141d08055331b92e8f75,13df4c5843b42b9efdc283b0,cities,1223,Ganzhou,transfer,reversed,0,train,a9983a05ba5c8799ff1f58065f8e44798f3f95d1e640534a6eec234fb508f486
130a0cd924b4d72c44d4,2592c69585d8fa607204edaf,cities,1224,Shangyu,transfer,standard,1,dev,fc025d6d7e5fa9be50dc9d9e46930fc9c803fcb2bcfd2cf29c413cdf28aa1e4c
f05fc15dc88fcb46e1b0,d8aab4f1108576adf4c55d7b,cities,1225,Shangyu,transfer,reversed,0,dev,006216e236dd7074618bb33de294831a8539b1f252fc9cfd65bde6d1190eb2c0
61bb3d0af72f89305be1,0f8a64fee6491df3820a0bc2,cities,1226,Jambi City,transfer,standard,1,train,7559d13839e7dea3ee7a80b020ee5f862e59ee7e9ac22dd01031963b788fa99d
b47094b6ac983d00110a,9278ec6bca104d58894f5da5,cities,1227,Jambi City,transfer,reversed,0,train,db61522c0c7ccdbf609a66c1fbc745651224246bff6b92001d52b682ec5c355c
a0b488c4aa11d071296d,d81f1cbed03eae78f3c959f1,cities,1228,Indianapolis,transfer,standard,1,train,e3c4368c6b68e321aa5fd1322147b1244561d39fdabe4d788151d808c6bf07ce
799dec53546f837e712c,948700bddd1922d20c44aa73,cities,1229,Indianapolis,transfer,standard,0,train,276590330225396ea10402467c1a5e612ce6c7819ff78e7d0695a684d8e000b5
8081ff3480c19480edfa,e3626ca9fad5f455b279119e,cities,1230,New York City,transfer,standard,1,dev,5633f8ca702f620b15e8ec11305ff5f1db8c826ee6111330a65b46ad13f79ba6
8e2b14e9ae5d77dd470b,98bd0c8db3bc1cf9d0c17b60,cities,1231,New York City,transfer,reversed,0,dev,e07c69ba8a697e0f1187816b30ec3db7c7330338078d7708bcbb597e2f8ca255
8facad2fabce9ec478f6,fbeeda2ff8aa75d26ea90d27,cities,1232,Bulawayo,transfer,standard,1,train,bddd1bbd86c31033d95a30e48b50e9ee2c832a47336b066f4edd0a4cc747a571
2d11468d323d4af77a41,4701d968c8965cced80a13b9,cities,1233,Bulawayo,transfer,standard,0,train,5e1996c5352f90b2ecacfe0a6584c6411baf9aec774b23c7518858320dae6911
71d9832543025794e6dd,61fc34d462314bd6c08c551b,cities,1234,Santiago de Cuba,transfer,standard,1,train,ebfaf0fc5da5901865b0d18491f0a99e9473133d2063d22cc2ed263d6f33440a
8486e367021a10b5043a,20f5d57b80b632e4d740c0b8,cities,1235,Santiago de Cuba,transfer,standard,0,train,862faa4c65beb58c1e0240f823defcb4c37adbb97856ed4c5cf13ca1ebff037f
b01f8acaaebff90725a2,ac6606c98ddef45512d40a1a,cities,1236,Quito,transfer,standard,1,dev,a9df79f907553bda24f9ee7f36a07d367f8da3c68ca54bb858be47a5de81755f
b9e49dbadb98f74f8bec,39850f24bcf914635e4f9f31,cities,1237,Quito,transfer,standard,0,dev,148d946bbe3d46476839c99da92b00729db485c2471f1b410603bc17ddca08f2
e4b328445d923bc2afad,f9aabfe00bc66dc36733cdda,cities,1238,Shubra al Khaymah,transfer,standard,1,dev,7082d26c98edd28b22be347055837000c9e6056e0a3a0bcf0306a4ddd8180bee
1339caef31f0cb239035,ef153a9ce1c8df42b816ca77,cities,1239,Shubra al Khaymah,transfer,reversed,0,dev,aaed7bbbd43a98b483b2c5d84d234062bcc460d7c8f28f8436a6a3f6b1f70764
f29f5ee89e71c4f866b3,7947f82f0fa565ef798a01ee,cities,1240,Al Mahallah al Kubra,transfer,standard,1,test,07f14edfff3be411fe801d34afa9134c3fed84d08d687403c584e24ccd2df917
389004660bc259396851,ccfa31284f4f103a66e9ddc0,cities,1241,Al Mahallah al Kubra,transfer,reversed,0,test,8f2e51075f4c08b282aaeb98e59437d7f063f3456c3a3ebca4a0fa5d9ae54bbc
d62e8b186fa499b3567a,9c04c2d9300e9b5177244735,cities,1242,Suining,transfer,reversed,1,test,ea4d971e8360992503d39f55134fa031cf51e7df306b14ba787926d97d8acd0d
6d0426b217619a268b1a,bf28d3643f1a97f374299a5c,cities,1243,Suining,transfer,reversed,0,test,92e45a5c7576207d5982ff3380202a74ba8863735e4f4124cde10402b18f9b85
db4307033f14d4fb469c,b0adddea52554de9951cc339,cities,1244,Guankou,transfer,reversed,1,dev,32ed257d3cec557d24af8785a668214a219ffd45c13ba1ad43b500096c8972ea
6c72ce0e4beb1c60380f,582ce81441eb9cca9726e35d,cities,1245,Guankou,transfer,standard,0,dev,b6873ec905edf4408e4b3452bd52d16f1ad8af8fe1aad5efc08c4355f3f35c82
ef214922f4235336bb76,79905cc85459fe153df45175,cities,1246,Langfang,transfer,reversed,1,train,575b0ad7f79f93e06ae774ff8aa8c8827382b02d87214f9e7dca41c68b4f43b3
12e27b0bdc63803ec78f,ce79295ac071eb46e9dabf2d,cities,1247,Langfang,transfer,reversed,0,train,30989371e1299968ebdc51bbd1038f1c013460761234e57c3ba5dc6840d156ae
39c5aa113812153ce485,d6027595e4eff860b0fa139d,cities,1248,Jinan,transfer,reversed,1,train,5e1f9b0e51aa5a484c1cbf6401fec75b92e8cf032827f07fa04bb031ebc3a6dd
0da1c0f1c4a22694169c,c4b571e213a10dfd6b3309da,cities,1249,Jinan,transfer,reversed,0,train,6cac2e9fc562ef06a5d9d991af51a989a434a00c0b528f2dcebd3a76a7e16f70
97a253e4df345b6b8882,ced9814cf75538e68d1064b4,cities,1250,Guigang,transfer,reversed,1,train,95bfb9db8806cd097d089d7ad112249623378d46b63b010dc517eab5380950ea
da9506c56dadef2798fc,6aa0696eb0ae7425ce036f4a,cities,1251,Guigang,transfer,standard,0,train,aeb2b0291c151c354c2fbad831a2317127384d1ab45bc5a30f7f08811e30a59a
b0e246ef61431f992034,9b43d8b517552f7536c7889a,cities,1252,Dalian,transfer,reversed,1,train,a1c05359b1578eac733fbea76339a0fc078cae027ea67d29dc05bfb75262956a
59a7cb108ffc41b8af2a,0e105f918323d9355ad95112,cities,1253,Dalian,transfer,standard,0,train,445d1c51de04b8e3b4f9a65030b95f13f0dc4f08ec7e072de8a9444dfb094188
3fe06ae89691f8c307e3,5ca22feaf304fbf9750ab2ed,cities,1254,Chongqing,transfer,reversed,1,test,9b8157311650709f3f7a28e4b712948cba3f69fbd78d6eafa2afab340cdeb0d5
15bf117588184801a928,d15a6387eb387062edcc13aa,cities,1255,Chongqing,transfer,standard,0,test,1687b4b759f0c5d462be9edf21cebe35cbbdf9544067941867bafe7407d08b8e
20ea32a6d365b8b96f25,b874a367f850081233968fc6,cities,1256,Homyel',transfer,standard,1,train,82e7a880b9cc008dbc2357752ca9bd899f582aefcb1375d8f0c73d125744b36b
db9a8f1012ffb36d30ab,6700165961758ca032ba4ce6,cities,1257,Homyel',transfer,reversed,0,train,01b1a5e34b7f1b89baf863b193bfbbce49efca826405a418c35625c5c05eda29
082e6006e1503eee061b,1c658786903efe501c620b0f,cities,1258,Winnipeg,transfer,standard,1,train,585c29abd35c4bf21d541aa0102076443a68b7ae204e4cd4577dfe9443cea782
bf2e0828c19171321abb,e00ce91d700c4cca9e12331f,cities,1259,Winnipeg,transfer,reversed,0,train,9d5478145c4efe81467057db4b45102a88a263833f0cfc78e0e635d37027cade
3a840918e062ed5648fe,c40884342130acfaa7aade93,cities,1260,Klang,transfer,reversed,1,test,cf59ca8336044875a9f518d509cf99cc01bf278a5f5d4f2a41e6bf7c7415bba8
21dc590105cb872c3aa0,ee6eea0c43e8a1cebf19cd59,cities,1261,Klang,transfer,reversed,0,test,be4f360769c8b9c48c3cb4ddb121927b681541d22d2b134b76dad9d13c28dcad
84c308ebd403ecdb030b,79eebf20af0b1192b36ee0c3,cities,1262,Irbid,transfer,reversed,1,test,507d77ef7c04ccb0ed35893c4ddc0107d3414672462bd0bf298d71b5b0963f0e
95044fe0c17cbe9d899b,3c2e0cafc1d06dc53615d8f8,cities,1263,Irbid,transfer,standard,0,test,5563afe4d37c0d6e8b1891df4c66b0932a532ebef9c573217be4258e59ae1709
1accebf508cd1390369c,f8e05171bb0b74fd6d123e95,cities,1264,Bishkek,transfer,reversed,1,train,3fe76af0d92c4a5e10822f7eb091bfdc7744fc3fdf616b59308f83784b778527
276b71c08d7dd44673f9,874891ef6ea9ad47b0019c03,cities,1265,Bishkek,transfer,standard,0,train,3c274584d347ce478ab1b2a7789e8cc113c70c86c49f9b35f9bf4f58e7a82f66
6f90fc4820a3df1da3bf,70eae7062b83167bb726773b,cities,1266,Muzaffarabad,transfer,reversed,1,test,ad6c9666beff67c8c5291237ab686220dcae3750eead9fc547dcba6656b96afc
d58ec76541164bf54514,33f7ca116c5c91becdd552a1,cities,1267,Muzaffarabad,transfer,reversed,0,test,dd66447a452e21c6c05fadfcd871672fa6eb07c01c331abff76852e8119b30ab
4544d5cb4e525910d5bd,3d466cb6f3c30a908c71bb66,cities,1268,Kotli,transfer,reversed,1,train,57f020201e639b6ba8726f630ab545e6e3b962529730904547645b4136ced40c
0aedbecb2467846997b6,c973b1d372f80c5a514c0c7e,cities,1269,Kotli,transfer,standard,0,train,95b3f1508013713cc476c583e8094c46f0419f2dc8d4dd6c3601d7bfdac8f1ab
df5fbfc50fc59696f818,96f6d7a9ac050fc99dfc652a,cities,1270,Nagpur,transfer,standard,1,train,7226fb2be27503c9c0adea4f7b95d8b05a2b92f5897aae1f7d85980c2f838dae
e9a33a969d674ab156e0,52344c7c654fe0478db45d4d,cities,1271,Nagpur,transfer,standard,0,train,277d905428bbbec7c3c867c91e15e71a28d73e515463499a6dd99650d5a9a1e2
5c0a107db2139c397be8,f46f1ac3751e5f557280a12f,cities,1272,Kolhapur,transfer,standard,1,dev,e902a285da847d751af816b2a125e3b06cccd0702b1ba46a12f1665a112e3d1f
dc13daeff53e3326cce5,d60ed00b0088c16c6c881e4e,cities,1273,Kolhapur,transfer,reversed,0,dev,ecef5aa83fa2de1ea9d9cc82563050033e96a572c54428d571c0410d555c85a8
c3a65926a0240cf4acb7,189d5ea88906d31bb1e6f625,cities,1274,Cuttack,transfer,standard,1,train,61a1673b1004afdc8be52d53a6304327b6191c2f647c708405dee8667ee87a94
86bbb4149f9f349e2075,523e0bc00c4d5c2d1d83424d,cities,1275,Cuttack,transfer,reversed,0,train,10c906092f6679d33505abc36edcc26b4b3ec667449ad67701276c69303b6f28
1010447b6dc9ac3d60fa,0c1eb8b3f2ea4e295fa69391,cities,1276,Makassar,transfer,standard,1,train,d13f4c74505af6bf7f827a6abe1866010d24a393a910082bcc38e39530920ad8
6495c63a801d60ac5a32,81d136dfe0e29c78dcb63acf,cities,1277,Makassar,transfer,standard,0,train,1ca10fe848a760a94c427bdc4006b6822dcf92d743fe8218d0ebba79aa22a313
5f80b0c0a562bc45e21f,c0fcd529a4cf9c3d7e32c0b0,cities,1278,Yekaterinburg,transfer,reversed,1,dev,32622d2075ca38ceae73f6fd0a633e72b9e4605d821f760b6e35d52804361b7e
954ec497b093b32a06b8,39a176e4ea25f4f88c07597c,cities,1279,Yekaterinburg,transfer,reversed,0,dev,7b4792562fcf3b8eacd0b15c9ac092b26e311d83e3df707aba36380d15dcae04
d0db6def0c39c2ec8e67,1d22ed5bb2332ca0880a33c7,cities,1280,Dammam,transfer,reversed,1,train,19f510130495922d35a9ab23c41359f5a62b688c3b866fd33f96c0dc479698c9
e0c67bdd6a9b724ea5de,499c60580279f07f7487081d,cities,1281,Dammam,transfer,standard,0,train,80e27ae5762b42cb5231cea6d104af09da9fff58cce42774801beb77cfb587d2
72c662e0089c9addc723,5ab46cc0f016b87c38888f18,cities,1282,Dushanbe,transfer,reversed,1,train,33ee27ed73077059a2d6ca7388edea00b40a28677eabe2843b419bdc6307d925
270806bbc0fffc1672d3,e1c2289e4a978a99ae26ce41,cities,1283,Dushanbe,transfer,standard,0,train,5889235bc4c14fa0661b2317d98509975328a2f7ed766bf1c8fb5c641bc19e70
8a2b3c35fdb771af6ea8,99f3b5e6c081d894d135f4cf,cities,1284,Gaziantep,transfer,standard,1,train,06a1e83f91db93d5c9646c3652453711d240b524e6be4f6abcd192bc94df89d3
246842725055ab914718,409076caa9d53ed779526b19,cities,1285,Gaziantep,transfer,standard,0,train,9aad77c9f647ade513ba6f26c4200ba42449966ba281dfaf902aacbf8b049b14
6a14272aab7ee2fa45cd,5233f9579e4584c08b8d6e41,cities,1286,Asuncion,transfer,standard,1,train,ef90d6a69a2326ab78784e1d74c19a436b2a7d61ef86d1a1eff6212d05663f41
11a675f2ea4db682991e,369492fb666d79033f73a063,cities,1287,Asuncion,transfer,standard,0,train,9b9c36af61387f7b526ecfb812d6ae07585eeb18c487dd9a92e0acde540e0f6e
403eb56917758f4a6e67,516700375375c4335188e6b5,cities,1288,Tebessa,transfer,standard,1,test,26ef6303d2d25d787d609b04ed468aa53e4f67e437f3c60b0bbd38482fd11a0a
0064cc50f5b7a07cb58a,f64639285a18feca67d6e6d2,cities,1289,Tebessa,transfer,reversed,0,test,0c194bd8128a09f9cb9418da8950c967b3324409674ae3fc03ad112256516905
6159136a0e5a66b165df,092521e0ad70d3ee0ac46f4c,cities,1290,Zhuzhou,transfer,standard,1,dev,2460c6bff5cedb5ac9e6de992a5e14e3de24fb4729acd33e84cb26468e901bbe
f90503d73cc8558864fe,6f9a416ca47e90386de8e81c,cities,1291,Zhuzhou,transfer,standard,0,dev,8b06f21ee5c7863f9b9f209325ea563659f5090d8533a7e4edf5d831b1540fdf
e0e92776efedafd47e3d,1759bff8bdbf6a491e17bbd6,cities,1292,Xining,transfer,standard,1,train,dfda78165190c05e4cfb29383487722ff76019e0af4d6eeeeb65b4b9a6f25f0d
c4a929f0790f58266bb4,184232b25a3692da3e6eef5d,cities,1293,Xining,transfer,standard,0,train,456e88ebaa69834f82187be7e146554ff981b74008b65201159910765d291c0c
6f6af9a402139f769469,c211c028929644b9cb85a0bc,cities,1294,Tanggu,transfer,standard,1,test,885b90c47a3e926aed77fea0f142acf2df43a9d32cfdaa05c551e79214c8c7a5
d2eec1da98e6d9cc9f98,53a1ef53c1acef58794b1c64,cities,1295,Tanggu,transfer,standard,0,test,66519d35e9e52b4a38b6a9bbe91d2a2a7ca2334280546c700094d0441c4c472f
b95dbb2198ca24135d69,04a18dc89cbdb55a307558a9,cities,1296,Shantou,transfer,reversed,1,train,d4b13483c9ecf59f02133099ccc0f1cc1b7104415ce8a447a76470c18065c8f1
d5f9225392d8366fc17a,fcc2303191c70a1a2d5a8c47,cities,1297,Shantou,transfer,standard,0,train,80c03385c153defe0af7cb8b0d0a63232104bcb82dc0851fddb498c75dc1a89b
79d2b473c3bdbf774dbd,349de6f88e83b4cc4cb79345,cities,1298,Shangluo,transfer,standard,1,dev,7f43f62936a9248b118eb4d63ce3d5e528950a4ba912bdcf14bc0cc9d5e2da0d
aa0498e692db4fb07957,4c9164c1745760ac7692fc38,cities,1299,Shangluo,transfer,reversed,0,dev,a6305277bd9541bc3197c60dc774475cf313dae3ba822d692eef32efc6acee84
8b3d065bcce6ada90ae3,632aabb3dc182f978ef0f334,cities,1300,Putian,transfer,reversed,1,train,e19cb8d1824ccc7b2817b40774dcb802b61189892beeff596d0479944be58432
7cd7c30a1679a0a0e31b,f971c7fc9445ef461692b332,cities,1301,Putian,transfer,reversed,0,train,66d07cb50dd30d1941049acca8f35a223b113b62ac16d23f4298ec05c4f83a7f
bac0100311bf70260c26,3e908f5c7af9363a5201fde0,cities,1302,Luzhou,transfer,standard,1,test,96a58215ddbcede0ddfc6f7d6c0419d97a266d1b20c3d29239ecea42adaf8294
a0d57a1854698195db91,c26e3abe63f2915703611baa,cities,1303,Luzhou,transfer,standard,0,test,2ce0e6a34818fc7418d14dd36794e2b8bbbacc24a21464e54e90cd3378cd91e9
11ddc099c6951e8d5aae,7859231452ef4025d0a5b251,cities,1304,Lanzhou,transfer,standard,1,train,1e8092e74877e786eea9140694ae615d294ba72e30bb183a5cb19066494385e1
a21491a6a647b7a89125,e65bb7b828be289dc2f4464d,cities,1305,Lanzhou,transfer,reversed,0,train,0fdbda86ffe44b3747388daa108d70ed013d0b2372046a5b5d57dd141e4b2167
bffbe483a72671efe2be,0633c63ac50481155271c566,cities,1306,Chenzhou,transfer,standard,1,train,b134d3118942fd2fd0066f83a1b2909a70096de68b122ab7f9a46da244db733a
09485746f05ade6fa682,057d029d4a84bbded56c40a7,cities,1307,Chenzhou,transfer,reversed,0,train,9cdbaf1009810bd80fbdc3d3ef3651644fd527499ac3e776f9834ddd98f5b0da
bfe3ebf8bee5e1ce9c33,660174b5222a60fb67cba763,cities,1308,Baise,transfer,standard,1,train,6e0c7c9a57737b058397b94265a3dd0ed7150484ed3df9d5333be66d5bf0fc17
03c66a0389f9814b86eb,d164b302dd74e2bb8f7ad019,cities,1309,Baise,transfer,standard,0,train,3488763f973a7f60c84be98de69e7c25797ea9dd5081958de368f825e89b8506
50a6d76fe600bdac0a39,b814976781e84270af54f4b9,cities,1310,Shenyang,transfer,standard,1,train,b135dd38cd1cd244ffaa9c6f3588977a8a6468df66c4514977cabd4a14cc7e12
75da400e8f7f75ef380d,6145a2b4aa7af4d3a4947326,cities,1311,Shenyang,transfer,standard,0,train,8e805bc77b4a7d1436f416f9674c41d1c53af825737792dde33c191ab9aefbf9
9affce6ca3eca91234c1,2648c245c603f11925ef8366,cities,1312,Daqing,transfer,reversed,1,test,187712e8329c67a01fb6417ccc1dd6ab1a6e68e7ff1d46f3a31ff0007777843a
3fd198c7315d9110d41a,0387302a39e0346b8d72b73a,cities,1313,Daqing,transfer,standard,0,test,c045848e6e0f53e5c8e4af2fc9696d219b164af33ca887dcf2e22a2f2690683f
7d01257630fd48656bc2,de45c58587b66254b1d28588,cities,1314,Brasilia,transfer,standard,1,train,37ce2032c7e170faa6d088cdf97c497107844fe5946d57fe485edc7e89d5cf14
cf077bdc52df02f17e2b,c0777d2afa8f921a44f87c19,cities,1315,Brasilia,transfer,reversed,0,train,7badfb712114908277862127a1f7d3c35ddeb1d096682b73860a2f2049eef020
0f9209e04f62680eea91,66f45ea1c10a300c20f6250e,cities,1316,Kandahar,transfer,standard,1,train,2d9c7e38e002265778a7af3ca084ab9f6b44b890b3f7ac7afe0282c58e80873c
ad2151db298b3acc02fa,59e5e8b02636b8737d640965,cities,1317,Kandahar,transfer,standard,0,train,5924e23412f45638d6637b8f4457bb1916023750cb0e1ce6f7044d821374a85f
6e6f1bab03aa09c694cd,fcf8c31d2c50596b51776bcf,cities,1318,Gold Coast,transfer,reversed,1,train,269df8640c219f03eb2eefddb1b7bde943fb03d26c1ef1e39feb546fd7ba64e3
24d4cadcc749cde82804,d1e36af5bdb20e33490e10ed,cities,1319,Gold Coast,transfer,reversed,0,train,85c134f4ffce7d13d7047bda7f30b6d3af53dfbe4645449811f5a23e54c3b6e5
c49f2b70176fd0cdc03e,d224dc29590e47bfd4ef3860,cities,1320,Ouagadougou,transfer,reversed,1,train,6b0bf0745fcb0565ec0784dea6251e95a05cdbb5268d928048e80ac1fa6958d6
94ec7424baef4edd5a9d,564d48080302b1425840da23,cities,1321,Ouagadougou,transfer,reversed,0,train,9ceb698e7533fdf1f88ccd6d2a494652f305a918d00776e66f946bb5f5349ac2
c3bf9c4dd0e72f6b512f,ccd31af191ed19687d37a174,cities,1322,Duque de Caxias,transfer,reversed,1,dev,bff30831d418c0cf02b9b9b210f4afa3d2d9379ea5f924e86db037a48509c927
b6a2151d40ebf59a3c35,0d3b9d7d7f8871be2a8ab289,cities,1323,Duque de Caxias,transfer,standard,0,dev,1a942b3c6d0d7c6c7e8a85370fab02760df233bfb8cc0f7e5d3c6cb21f13ae69
ec7a3d5a42e3c4882c7f,b61d87653f251181488d830c,cities,1324,Hiroshima,transfer,reversed,1,train,9c92b21f9a345c296ee746433b75ea00e0ea26c426cce1ce7fba76ecead18cba
e6c097bd6ab2d44eec4d,022d4e9108fc7ae1dd3cb6da,cities,1325,Hiroshima,transfer,reversed,0,train,e382be29f9b2f123d1cb4a4972779d3852191b0e7092dc738df67dc6fb582af8
def8d4480fef00c01051,07c2cf4cdc9e136f0ef4443f,cities,1326,Saitama,transfer,standard,1,train,8141ec0baab9a8e211ac4b1ad6f0136cca452895efe042f233b7368db3e3dda4
5b60d231356d3742b68b,b2f22dd901a46091ec19eaf1,cities,1327,Saitama,transfer,standard,0,train,2ba6368b382a12b4cad495d34a7f259dcc28784488dfad10db26c8fa0747349a
5c237817a7694597e4fe,c7cfb2a123fdbc6aa6152b8f,cities,1328,Mandalay,transfer,standard,1,dev,b9fc99634ede30cc86b296974bd61e0f41a678ab54ce8e9866694a49e95bce4b
e393085f20a93bd116de,024ea82f6866e071594d50cd,cities,1329,Mandalay,transfer,standard,0,dev,79bd75bc0abe169c6799b06690e7f87f4855ef916a80033c4f19f2af7748bdc1
95176e6f0de6a596b359,97a70a1e0e2ff57274af6626,cities,1330,Nampula,transfer,standard,1,test,47b3ee5d5a873e60382083f03a69baafba55f079f2d2198c71f71215af19188c
6f745a8eeb66ce2d4d44,52cad3c47569cfbf3efb9d02,cities,1331,Nampula,transfer,standard,0,test,cd286a308daadb27387adbadffa2fe54d575759056e1d97e40c504a3abedb5b4
0f1189229c402fa7392e,2800c40a6b86744711e2d205,cities,1332,Mysore,transfer,standard,1,test,0a6b393ac5810acbb5d60e0ed5514b045b5b200f3d849d18954470f076745736
8f01fdb6406ba92f910d,2d84a498b12fb0f59f35268c,cities,1333,Mysore,transfer,standard,0,test,3d65b5b24addf619609e709ca678affa6002451cb6535cf78463b2bc4f6c5000
8065210eccaa995cde02,b94ce890dfb36b9deac61897,cities,1334,Coimbatore,transfer,standard,1,train,0b61f9dbee8b73cae01fff485b770cb28bb69e2fdadbcbdcd9f5f71ecc85198b
5528f929ced264832c4b,62922545cf6660df4ec0f746,cities,1335,Coimbatore,transfer,standard,0,train,20dd839d444e8f67ef3added22749044ca3d41ce2a54a06218f152ccf24b36d2
3b35dbc5585dd1c512dc,2a34dbcbfededbf8a692b92b,cities,1336,Chandigarh,transfer,reversed,1,train,6e28b2965bc7df9bce704a5e804d2e0cc0233cee98b99935178ae3666c421964
98df88c7df73e90a856f,704bffbd7aaaf95440d1ee7c,cities,1337,Chandigarh,transfer,standard,0,train,1afdfe5684a9bf3395518103e5a97b14c44c2f45e1935d60cb69ee04f3d82e3c
272ab09531805a1196b8,5fce407c3ad97a7a5b102fd7,cities,1338,Amritsar,transfer,standard,1,train,5bf2074453a40338caf048cb5368a227993976196d2f6df08f8d59b698f3457e
8b60dd2ea671f5b53b76,75f56c0f1c045c07f31f75d1,cities,1339,Amritsar,transfer,reversed,0,train,25b3510a4eb8fb451ffda4d282378bbd99c94152d221624c4eb83aac23aa4de6
1ac854439c2c9281d5ae,41403fffe0a59556e5aff6cd,cities,1340,Arak,transfer,reversed,1,dev,ddf9a270c6bd9cadfb1d0baea680efa895a4a0fa0a1c17fcdc7761a3f301a220
a4cce4258871b1bcd2de,2e959b96cf9b7312ea6582fd,cities,1341,Arak,transfer,reversed,0,dev,5d18e98394ba9863ad6869d6ca3c48cf352f55c784f9123182839595d50afca2
c12429aee9eac608fca3,92a31aabde1fcef10314cc5d,cities,1342,Ilorin,transfer,standard,1,train,abe64d8bb6be058782cd37f604877a70614426f0ecb08cccd87c7acd4ca226b9
5dca7c2dd83c8bc4bba9,7d845e70ce540a79decbe6b0,cities,1343,Ilorin,transfer,reversed,0,train,1b66ff6c0a33da9e850db4a2b3bb71366cc9146a3ab65fe96b315063b91a08c7
88376f4da25c149d8f0d,344e1983b9d003b8ca0154c1,cities,1344,Omdurman,transfer,standard,1,train,c6204dca9ab75095ec37f55fd757b4910b2aff3321232ad9488714d853b66e32
19067377daf0040ea98d,0c845c43157bcde950760d01,cities,1345,Omdurman,transfer,reversed,0,train,be18fb43d87e91cbd1372d7b9a248e80f83502fcd8a8f7230559858bbe2b70e4
8f100f81b7b92ab2e60e,ce540b5763b67bcf18a06600,cities,1346,Khartoum,transfer,standard,1,train,99d036279e73c5de4a661d5bffa9a5feac6a4b9dcadc8304a146eea242c4effe
c725a1bce5baf8e225a3,cef150d64c51d0df4799855f,cities,1347,Khartoum,transfer,standard,0,train,a6113cbebeea18843226cbbbff38d7acae6203cb58fafc92965d912ae3373933
49b7db8fecfec36414bb,fb2477406f49353cd310c887,cities,1348,Gujranwala,transfer,reversed,1,train,a9584bb661de4b432136277fcd90da129b5059e518e520478a6ad155a386e98e
cebddaeb051c574bde81,e158a79b3e78f2f652d698e4,cities,1349,Gujranwala,transfer,reversed,0,train,1d8f5730267dabd229fafd00538092d43959e9c723e3d8cdea40eb8b8e013f46
3218170defad30f0bfc6,2a2d7227c64fe3e1f64cd7b4,cities,1350,Nizhniy Novgorod,transfer,reversed,1,train,644f639b025da47f6be761bc4150523bf3e3c10701acedb2d899c8f441c0fa03
1ebe52216ab160e23a17,ad492b5dd7c0be4d3473a3d5,cities,1351,Nizhniy Novgorod,transfer,reversed,0,train,0311d8b60b249fd91511dc1ef2aa5fdec137beef07549455b558ce3e6205cdf8
3be4acd12d90621aff36,b51d66c33b77d6a2e241da9d,cities,1352,Zhaoqing,transfer,standard,1,train,72fee571175103abafdea94d2b4b5fe9b6b75f1aba18baa857ddb1394d4da7b0
4c6bdba2b0df4c1ff618,687b64298a53cc74b5881d42,cities,1353,Zhaoqing,transfer,standard,0,train,a768af1819c5679c1c8a307e84fbdc24ea3fa0133564809a61675d7f18447bf5
ac9c428d368772968736,2c5cd799432508929f1debdc,cities,1354,Xianning,transfer,reversed,1,train,6b5c3013418e1d37cd3ea074cce6ea5e34fa7060894dc40e0b26abfbd9f7bc83
1e0e6878528da7bc6d2a,cda1ae1563a4fc2e49307f2e,cities,1355,Xianning,transfer,reversed,0,train,c73069a3f03fb34743d1ba8ca532fb47e5d5ee78cd1dd396049e833809ed74ed
094e4cf8d90e9c99ecb9,b1870bf39f4fce293b4a14d2,cities,1356,Suqian,transfer,standard,1,dev,566a29c4f9e3daf2df1d14c335f0d855f840267cd7efb376c5ce9e05a73484d0
cf2616ea7f89edb578f5,cdcc8e4522da9d6de5684f5e,cities,1357,Suqian,transfer,standard,0,dev,e30c8e1c0139a76e471bbfbf05fee11e43802cd2a057fe02dde93a38ec8f46e2
eda27728b67b10aafc8b,b3011ab81f41c0620713bf8f,cities,1358,Tonghua,transfer,reversed,1,train,0e2c0cc9805aabea86e14f15866c9792c38faf6e3015536e90adcf948c572b4f
b9f4c8080c770b7a5146,8f45055dca5787dcc5c094c6,cities,1359,Tonghua,transfer,reversed,0,train,8313c50750fcf399e001d334d515c683a806e3f5ef6547f6cce3841427a9aeb2
3523606dbdf3fd0d27aa,fa9862b486f2dabec826a4b3,cities,1360,Hezhou,transfer,standard,1,train,487da2d5bd0f27291471c3296ac0184d7c68c1fab7da6f6e54ffe73d3a6bad66
f295ef81c7a83a1a466d,079aad6583aa50921b9305dd,cities,1361,Hezhou,transfer,standard,0,train,ab2e1aaee83b88583fa659170c6808529b5f727e70326b051527782f0b0f94c1
47873226a86d69c85d03,01a423d61b618c342e782e95,cities,1362,Grosszschocher,transfer,standard,1,train,f2a7988689da64f36066529ebe1e8c22b4dce223ca6a21b16ddfe132f833f105
1d997d0dc91380f8f870,1464150d2c3e052e463d850e,cities,1363,Grosszschocher,transfer,reversed,0,train,9077ca05984d2de56808527ce2546744633894ec793adec30414283a05a9e341
11fd63d2c1f286e1e39a,ae3356a450e30492764e9d72,cities,1364,San Pedro Sula,transfer,standard,1,dev,1fc496b782a5e32bf8c2b80ba1c92f8a9c2c89c7684a9e7170ab9e1b6c60fa6c
8f670bb94e5be8ee47cb,b19d1779a0cb4d3bada4baf9,cities,1365,San Pedro Sula,transfer,standard,0,dev,6f80d6d5a6ea36672788532c7e04443e56ef75d8349774d358d086ab08deef45
fa903983839e3d0e6868,9cd2e8edcb983218e51eaae3,cities,1366,Queens,transfer,standard,1,train,a90d383712192371152f526d80026cf4ab75454bf8b01136576cb9256af2a916
992b566b67a9598e3e89,a164b1eed6fa85bb72307fae,cities,1367,Queens,transfer,standard,0,train,fa0f93b43c6f007010633c842eb676868028dc9034651367d3e116ede41b0a95
c53bed1acd83aa3cb45f,ec82897a5be10ea718bf6a8d,cities,1368,Caracas,transfer,reversed,1,test,b4737aefe80f1a95f21e28e584684e4035d58865c898decf480364a1d78c5c9a
f9f696d38f877045a7d7,5b0e2ed2b6e8c79b4988488b,cities,1369,Caracas,transfer,standard,0,test,3f8a2d2f5341783a9850bea3f11ea24a216f8b46d74e7e2a14adf8eb285775bd
6f3b65d7caa8a4d06a73,6630aaea3535e55674204c4d,cities,1370,Bien Hoa,transfer,standard,1,dev,57305ea9a0ef690ef5b4bf8515cd442c3279eef3c2eca080411093bf5c60e708
d85f35f7756b47b51a96,97df2b8336581de9d4988caa,cities,1371,Bien Hoa,transfer,standard,0,dev,16fdb676c1191f637d0b10587d26cd003185f024ce8251fd350fbf73194a8338
cb12668ac5380453c376,608e6b6c9836439c13cc32bc,cities,1372,Durban,transfer,reversed,1,train,81cfc753c6c97e0ef614a8be6daa9d4d4389c33ec97fbb1c977b4dd5b572267a
b8324502eac31a77bc15,9c213a8a33779841381f254c,cities,1373,Durban,transfer,reversed,0,train,7cefb59f1daa1170a18f98e175b0a225848f85698b96787c2695df65a95e74d3
adcfabca94420423e505,3fb9bdaefc26abb964337073,cities,1374,Kawaguchi,transfer,reversed,1,train,2fcf83dbb46822e1f6e85bc024c63afb377e8645cd84a705dc22d39b12407f94
a0ab0143fd3da4bc6566,e7aaddfa610e19543c209b5c,cities,1375,Kawaguchi,transfer,reversed,0,train,105945a54533528da6486331f92a8a0a034b6edfe597fe0f01ad958a9e9bc242
ef68a0a842aa71238ee8,f1bb7c14f0c3f21ed5bcb825,cities,1376,Bucheon-si,transfer,reversed,1,dev,0be190f4953e87c9c06e13f293f971868b280324033de009df789100907ee53b
1e44abed7fe9ee5296a3,c7f562280fffd4631c2c3476,cities,1377,Bucheon-si,transfer,standard,0,dev,0b59b1fcc25ed7c8b434a5d0365fa5a8fda71935af98be77ba93945938d87002
7a0e64772c6682365eff,3a889855fd3770424725fad5,cities,1378,Tangier,transfer,standard,1,train,86ce21178281ed9c8f65903683f4782e6dbba56b2d6c4337a795dc13dffa2fcd
0122a5c86e15e6105d52,7a572e720c616f7fb2313ccd,cities,1379,Tangier,transfer,standard,0,train,b9405a19d97b460b1352699b11f7d2fe097617bad70e66a7b4e81df523593fd1
0923cbed4cff0f8db514,e5bea7e21c00837806be2572,cities,1380,Nay Pyi Taw,transfer,standard,1,train,a08923b0a0d42f5eb50582011a1dda6121cb41d77949be0149bc841ff8626d53
1546f207ee73654b65f5,21488330c91a9b4f65b15744,cities,1381,Nay Pyi Taw,transfer,reversed,0,train,67b8401edd67e8cfc1b3e2b4a31383714b4ca1daeb8ec89eb719794f170b5f59
2148213bbc758ef1b895,a40419cddeb9a7843834b8c0,cities,1382,Ulhasnagar,transfer,standard,1,train,97d42465abbc3fd8b789ea5ea214f46ad16941c604339d2fcf660e24aa169f83
4b0b6f63e43d3e053ed4,d675e6493236adc783962ed6,cities,1383,Ulhasnagar,transfer,standard,0,train,16293248a4b9299308c00966c5382dd2baa7a4dd1ae4a12bb84bbd7fe9df83d7
24ab17447244aaad0312,fe0f76a0846f2ddcb9338e61,cities,1384,Faridabad,transfer,reversed,1,train,39342cc7fe89ab64794d9cdd998fabf4e345efc47cde79475ebc342d257de886
d77d768ecbfde18bcb93,8175f5866c0e286946d1a874,cities,1385,Faridabad,transfer,standard,0,train,0aa59ddf2c34d9eff0265b245955efb358ce7216901daf6ea3e55a68023552aa
b32aaa9dcefd63653b3c,48adcfbee7c30438fde4711f,cities,1386,Kolkata,transfer,reversed,1,test,ac25bddec0f85a8e4bfa24dbedcabb756105644e2d2e2ddd7b6d5aba217611fc
2ad1c981e1897519ac5c,757b007947d5b8338a76de58,cities,1387,Kolkata,transfer,standard,0,test,bda6409c8bd4e78f3975382b729a4172316cf781f244d2e4b01d7750271ae46d
a88efbe5bf20b07d2454,02c2c58a576e671480271af7,cities,1388,Karbala,transfer,reversed,1,train,14d12c2608b82bd7692d683824d58262145fc11cede8633921f0164e62de8ec5
8744b920b37ebdf45846,479f9487411221d8e4517d7e,cities,1389,Karbala,transfer,reversed,0,train,d4e29e52348ed805dcaf3099b54da702cbd5a94c68680c509208e86e02d12857
e006385497ed6344464f,6f6437f806431195349b823b,cities,1390,Jakarta,transfer,reversed,1,train,1fe589a772325394483fdbd14acd140f505c985527c2183cadf712a681c881bc
98531a76be33b8bb8bb3,c30d1b6235c5801283fc3854,cities,1391,Jakarta,transfer,reversed,0,train,52d97d3a06f9992948cdc50abdbf70ea114a9f09ceda6826edf649397201d882
a7cd49db6122c45bde06,dc75042b2f9e80b71e1cfd6f,cities,1392,Denpasar,transfer,reversed,1,train,63ff74aca9944e456dd0437a5527ed4dc981e71743af11d5ff2175ebe8004479
a26b3d974f34337a9dac,bcdfded520a909712c90d37d,cities,1393,Denpasar,transfer,standard,0,train,8381ff6fc3d8d3ff7a570b5388a94a88d9e559f96b16216424d670d456c3264a
2c65f5c6e172fec30da9,16991bcb5a0d9ee37967fe43,cities,1394,Batam,transfer,reversed,1,train,c028b6b9663d49eff07e5f5d8ade3313512fe1cd6d60ed26431e2e6ded639dcc
9bd6b1592441281a66dc,bf1c68d39367669ee5e200d2,cities,1395,Batam,transfer,reversed,0,train,5b2c86c205acf2c314772fc6d0045180859c01fe4f2dc4c5d0bc329960994fc8
f0e17504b4153a041995,2b140439fc8f38f73c8d7766,cities,1396,Liupanshui,transfer,reversed,1,train,9798251f2ca9fad8aa66d12680052af47928fb4c2cd312f27de7fd2ec9d8e55a
235d390a4d2403e4fa72,691f768af95578462cfd919b,cities,1397,Liupanshui,transfer,reversed,0,train,b6bcfedd5f2ac5b07ccee8c65f9eedf76b9574ae0f86eb0c15f497ba5fb79943
8baafe99de1e472fb299,84e245aea11ed2a950cc8e80,cities,1398,Shangrao,transfer,reversed,1,train,875b1a6000583099f394eb3887dc2459c06d1a329fc84bf3d30faab37a9ec581
f551cb48dd0507c6d657,f0b88633eae21f368537f759,cities,1399,Shangrao,transfer,standard,0,train,1e4cb4dca9a4eaa484f79aa7c35506a7e91cd79bd677906d5b5ac450eafc296b
033c59b513c7457bbbdb,6d6664367b34cc90ca918b98,cities,1400,Xingtai,transfer,reversed,1,train,9de5e69953e65c081becd761e11e2493a4b93145c7ebf2cecab52e635271e8a1
dc606e31895cf429d068,09dfa4c3627cc659ff5f9597,cities,1401,Xingtai,transfer,standard,0,train,f941dd62c21e04a596575ff5fd42d032aa565db2d9cd79e8ba4032b06d2c7754
f2e9766bde359cf1b1ce,062bcf0ee9115cc490cce342,cities,1402,Qujing,transfer,standard,1,test,7d51827ffa7c670aa364d086897f9e70bcb413983aeb127114c9333e24aa4352
c78f470a467d3a4a2613,33806741f8c29180fcbc6b42,cities,1403,Qujing,transfer,standard,0,test,6674c7973c478ede6964d097195784fb39445f7748940b821872abe38d49367b
1d75b451b5a1ebe76264,32de4afabd56af1cca02f247,cities,1404,Nanning,transfer,reversed,1,dev,e3df7b0133f93c6c7159df0a78adc71cc5a305f1e25910ae884c1e117e10504f
6942304f0e2c99cf443d,7f74d584cabcde12bcb76607,cities,1405,Nanning,transfer,reversed,0,dev,daf67a28880c9839f14f81423c2a8b96a9d9672aebc05961517b5bdeafbad282
d7b2888d561b8d9c2e1f,ecd5b75066f05c5ef29a34bd,cities,1406,Huainan,transfer,standard,1,train,9079cf89702d24d4fe4bcbe0ee79b42a1a480ad9032602ba338ac46e6dd78997
5b666305b9ae8e1dbc5f,469f9146e0d0957d8613f232,cities,1407,Huainan,transfer,reversed,0,train,f72c71303ad1b66a0a3b8db5f99255688e4a4cd77934bcfeedc519a1dfedc431
2be775702cddaba082c0,efa2642fded8caed3c329067,cities,1408,Binzhou,transfer,standard,1,dev,35e6a20f5f9ffa3a0dd65b8fe03ea82a23f5484a371fcdb101a63437d229d1c2
32e5110af1a441fb257a,ac2d2bd3ec2b4ebb814b39c9,cities,1409,Binzhou,transfer,standard,0,dev,5bee20ea33facb794b5ae63ff32cd63c3e2167ac4b06bee9b53ced7231c2fe69
2389398bf9a1860cf419,fb8b6ab4770e821ec010d97f,cities,1410,Fuxin,transfer,reversed,1,train,5591d3abde3ce6b25331e43d5508a7a3557eea5db3e1eebd032e9015504ce189
2d20395a277376ee08a7,2d9e661ebcd4eb9a9d1a8c68,cities,1411,Fuxin,transfer,reversed,0,train,db6e7324a0d2caad682d6e3c13a8968f7c19cff4319fb86013f5724c393e7811
0c8b9b63a1695fedacec,a4a6c32dcc51f2136b3f79cb,cities,1412,Quebec,transfer,reversed,1,train,ea511a6868a334401db6c41332b4235c4c8b5c002536d0703311663e0ec5d808
cfa93a13b5c256ef1611,e77a5c2f0fdc59500b3ff7e6,cities,1413,Quebec,transfer,reversed,0,train,f342440c11624e3ea283c75d6de10ae09ab9066807076ce0daaef77dd4e26674
b3a725cf0be72aacdff1,aeb1621036ae6dec8341406d,cities,1414,Mazar-e Sharif,transfer,standard,1,train,789bbb575e3962008f0e411bcac93a6deb39d901147ace05e5a39ddd870b65c2
ca8e5a29b6d95ef9e6dc,54268249e174f14cfc7684d9,cities,1415,Mazar-e Sharif,transfer,standard,0,train,98f9c9a5b07b743e101c6e5310f189059bec3f6347ebbdd345affdf695c6ae15
7329ecc321a8e65d4952,249b5711a388e3d69c3413e4,cities,1416,Mar del Plata,transfer,standard,1,dev,7566980cc9c3a6feffdac028e9bce8e9ebe4c8340c3f89b8b3e4bfa66c7eee09
353103ae39874d151482,67659035f0193cd3ff361926,cities,1417,Mar del Plata,transfer,reversed,0,dev,70fff741cf81a17fa1f45d1fce341cfe945c5e59cfdf2f7e84b9f1749858743d
396d66908f3677af7a8e,d7ba355639004f8109d4044e,cities,1418,Salta,transfer,reversed,1,train,f5eec11694c5c407427fbdfe1ad99413e29d4070c5425fb861ef0ad3760fe2aa
4d7986252f5261392ea1,1ecbbeb96c709175d56d253b,cities,1419,Salta,transfer,reversed,0,train,abe8f4f394216533128856dc3f8466f4124ce5a36fb846e0f4cf5ac1d18b70b8
72f67533306b0ac0adb0,f4a85a340dc4d3d28b84bc63,cities,1420,Bujumbura,transfer,reversed,1,dev,24a8a472819d7a24ceefb3acbf8a1d2afac1119a57a748c44806aca3446c323d
d9af983724569a76a6f1,e6408cd2a1482b2513c8dc9c,cities,1421,Bujumbura,transfer,reversed,0,dev,dd8482c3a0ca189e9a084925a97f267adae9c7c7f695fca2d1f8f87a5895e3c0
56c51a94e62c155b9507,7b305328dec829b36da4fc92,cities,1422,Ankara,transfer,standard,1,test,add54615a14184899c5723bfae173a407f71809d42f9969960bed6a83ff81892
c8e99674c91b04bd920a,41562191538977185e19e8ad,cities,1423,Ankara,transfer,standard,0,test,fe913024a76884020fbee8c087e80e50983a4cf4412d47006616ae5f5391764b
4ca41ca8bcb13dd03221,e984b6f5255fa7646eead432,cities,1424,Esenler,transfer,standard,1,train,a947d90b813be78640fb874384e33b3462021a7933a0b8bb8a4194a180cf6954
e0edfea8fcc8d66ec0dd,16c0b4c5db635441a788f36c,cities,1425,Esenler,transfer,reversed,0,train,666de59d36e650b0fc6869e28684e8be3335ef79f7b642954f7452647dd715e7
122ab608e9b76d6d8a47,7e1323d83578c6ca126eae99,cities,1426,Cankaya,transfer,reversed,1,train,4fb7d83c45619df1b1092431d245f9f6c442f991d5bab078f676a27385b0c9b2
a1753ce5bac761b3c9fd,e3f88ac61cadc43010c2bce6,cities,1427,Cankaya,transfer,standard,0,train,077ca42c4ff79e56a4ab3643391626eb56261f24ea34d4ad61f81bdbef98c1d9
3d2448c97476d46f9933,81dea28d355df488bca7400c,cities,1428,Ufa,transfer,standard,1,train,e3acbdf8eca98c6e01b42408263ace87bf4be86014fa87271a19508e73532a64
0be3cb1175ac7bfda6e0,cb9e442fcf7f967a54c8e3b2,cities,1429,Ufa,transfer,standard,0,train,c6ac8285c1c1a5578b657f4a0c7fe3bcfea02f748151f6e9c24d56729380512f
f1f1276473a9ea96c3fa,f27c2be3b9ae917ec92cd52b,cities,1430,Rawalpindi,transfer,standard,1,train,e134520df53e487c3a2b8970b86622fcded48131f58ded881a789382d87d5d37
5f64430cc7134ec32f15,1a9dff01e7073ab7e91f1bb5,cities,1431,Rawalpindi,transfer,reversed,0,train,a5fa804a1a0cc2ad5b41b4c5fd6784c3f7f99392856eccf0724ed33713dacbb1
9368be9281563774ba68,820cde4ed7f48e04bb3c6dd7,cities,1432,Karachi,transfer,standard,1,test,d8f98752fc09ebbd05ffc4150d9289c17fef7fa380cbab9a35e1792f7b393604
ead3e93ab584e3efb7e0,5a1ba5695de523f30b5c13d3,cities,1433,Karachi,transfer,reversed,0,test,ad3e861f2d295d64517a1acaf9c63272af0d993e9df69eca154ea8495ba9a114
4e40cefdc067ab2baed8,36da1b111855a9e170cc1f59,cities,1434,Tijuana,transfer,standard,1,dev,7d105620288e0def2db32bad2d2e6752a38809261c65b8c94dd4b86aaa3086f7
ef47184427914b9c92e6,d3e05ff51d9a3ee1ae83a587,cities,1435,Tijuana,transfer,standard,0,dev,e1dfc7c27b86e419917ebda8d3a351c54742171ee57d58b28fa90be8d9cfcadf
169c5fef499d47790095,f640ba903e0307595dc9d00e,cities,1436,Jos,transfer,standard,1,train,4de2c857ade38f09e7af41011b44d345c49aa450edfedebbc97bacf523ddee22
72484069a8956865aafb,8cad375440ee15aa9edcab76,cities,1437,Jos,transfer,reversed,0,train,8917f56ba7fc985f4527a17ae8d4784e4de4f026d16edeac9157ce4e25647b33
edd5c0c1a9a1eb2b60ad,3d518adba1791520d5776fd7,cities,1438,Ibadan,transfer,reversed,1,train,b1ba200c32f832fa27fac44a4ec607487e52ee5fd257bfee54800278d4b2fd7e
46effeecf39c19da17e2,b8b467982a4b128c957a4bea,cities,1439,Ibadan,transfer,reversed,0,train,6c3c097a964fc6bf2ea0eb13e723edf8834bdbc71606272448f17d263d56420b
9c9c46a7dde121f28e4f,eb4db9b61b905fb998b61ec4,cities,1440,Managua,transfer,standard,1,train,658b7cdd016d4caa0722d7c486da8cca57754eb55f252e73075f62365aa344d5
dc9de54b744b2613689f,ebbcc614874b020efdcc0bca,cities,1441,Managua,transfer,reversed,0,train,c7cc5ceea8f9cbf87dc6499d4cb53dbc63e67e93f13fff11cc6d1975f7815e6b
ba219e2f143364f2fd0a,9c10ac7149fcbef225a69684,cities,1442,Ha'il,transfer,standard,1,train,3d6ea2a6eba32fc3014ed50e80429d76ee2d9fceef6d85b8e960cfcfff94465d
45d8deb3ca7bdc9a3de1,08c8f6a1f95043ec1ec40d97,cities,1443,Ha'il,transfer,standard,0,train,c5d999827d1c9e686b61cf90fb9ddaab471e0b34206b84a3b8e70d6690f1a64f
1bcd7d3b1890e98b0441,188c1d4d2676b7074d752ec3,cities,1444,Haiphong,transfer,standard,1,dev,363fe651daeefe0a860140ae97a238501bbfa33fbc30e54e35c6bc46fee56fc0
1f3c2760740d32a3a1ac,33efeeb8d4af0476ce8355f1,cities,1445,Haiphong,transfer,standard,0,dev,2791f6755b3a7543b37053ae36bd604bab4bf829670c3109bfbf126367970050
e79740b905c3a78ba0d3,7c298dd7ece7ed883069aca9,cities,1446,Cape Town,transfer,standard,1,train,a7f433b122933b463e10ffe1c257dd3d43caf3e3ace9808d2221aa5afc67df26
ea73ada362a073736ac8,b16608d28702f6bde5f4e24b,cities,1447,Cape Town,transfer,reversed,0,train,1bdda1fe0b022642cce08c097bd16354691778bd58baca6575926c791314b040
8ce7f46ac60e6ba12b59,58f89bb1e30f3c217cb27283,cities,1448,Ipoh,transfer,reversed,1,test,2d43c6e79b3fc12e1617f5f57c9a09da9fc54b4bf67130500a760dd0bd3f9199
c79d85ca483d9c1382a9,d9dd2e305b86c9b03e455e18,cities,1449,Ipoh,transfer,standard,0,test,171c5f710e9eba87268f56e04a6f2123db7520e97135b2d53074e73e77433a5c
9bcca98d050e96f79bdd,bd42cc92248a35c01025f149,cities,1450,Kuantan,transfer,standard,1,dev,3d1ffa9229fda7d2d19567895d0742b7a43a10b4487ad2085e71991a067f7672
c6d0f8fd3b2b5570f640,db4e327b19356257c7b29acb,cities,1451,Kuantan,transfer,reversed,0,dev,f8fec873c3c7a3ac577a394ce36b9ff24b78c12593191639b9bbcb6acbe467da
51f8cbc126bac26d0c62,583da0a3eef31782424bad4b,cities,1452,Maiduguri,transfer,standard,1,train,17b21029988e6593eb036f680eb10c22e06ae733061963bb557b03c53896829f
c6abfc35da7004e4db3f,a75e7d9615037498e24a6e13,cities,1453,Maiduguri,transfer,standard,0,train,2b3b9c98bb29464981f28bd15d14e15b6bfe636362bddbdf2b32f8614b59ae57
8a7e9687b096965e3a21,85521567b4c4808cea7547a9,cities,1454,Yangon,transfer,standard,1,train,45e31be77d542caea5d4d8235719a9613f5a5738bfba42a07873cf47c86819e0
4b2d8b4b62cde037e6d3,56f417825a0b61d8d5f325be,cities,1455,Yangon,transfer,standard,0,train,3b2cfca0cb2c668fafd1973037569930eb2a8abf9b7d361ed59ba87ce2088c07
75fee7c9c7d8d544d6a0,aaa1bc463e29b1290c3aa4aa,cities,1456,Kathmandu,transfer,standard,1,test,464eaff0e003a0f8a1ed5464f630338261c02a3017ae2dfce8f3f3726a3e2898
b37b3a35a5d04455924b,c6f0af52f5a0d7518d42658d,cities,1457,Kathmandu,transfer,standard,0,test,5501a8f04bb993524d9cb8245a12b475004b9ce105b5c8ca669cddc63c1dea9a
4220b7b526eeee774fa9,a56f39f94336857570c2cf21,cities,1458,Las Pinas,transfer,standard,1,train,cf55bab65e83c82b2cfdf9b1c8a05144363fa1f7aad8cbed1d58ccc30972a4cd
082fc332eb18b2353412,f72515d609345a1db171ea7a,cities,1459,Las Pinas,transfer,standard,0,train,1acbe61f98f26b7c8597433507274454b344912dc9476bc3dfe86672c3f6b3a4
320b92082b0784c381fb,398c5f794b9a1b1ee1533137,cities,1460,Reynosa,transfer,standard,1,train,2b892b3188bf322663126a2c479b1a5f809e8748a26fda33835b484777b4e99a
bdf1f773140901040421,b24abcee5e636d5dd1f9ced6,cities,1461,Reynosa,transfer,standard,0,train,70d71ecc7d58e524578285c315c08c543e1983b2150c4a52b3d93608317b3e9b
668f966f6e0c77fe2a55,e9fa5f7cd365121237997e37,cities,1462,Rostov-na-Donu,transfer,standard,1,test,f85c174727e5c832cb5f9dfe171acfd0b40186a76eef6e3a9d8ef6ed61a1aea5
c76e950f39dca9355ff8,c7a7e4bbded9bb1cb595fa53,cities,1463,Rostov-na-Donu,transfer,standard,0,test,4786b3b14e90dab83fe48b2220267f39976aef4c8450d7417000f3551e56ba2e
c22bb1fea38eb3a6f35b,2accbe409481ad99aa706780,cities,1464,Ibague,transfer,reversed,1,train,9657cee6ee01068145e8110eb90d6b8fc82ab9c8770f21ae82247f82ffa38d8f
8278574761c0a2bd9662,adf36c1a704beaa4fef7116e,cities,1465,Ibague,transfer,reversed,0,train,21f14e973b0acd27cdc59f350f39518c5386033a0262e339530bab0ecc99d016
a0dc065071307e7a2578,ff2712aa1a4f2caba06423bd,cities,1466,Copenhagen,transfer,reversed,1,train,30b0108fa06e4c63b301eb150827b16d085320f294de7140c7bbb4683196fbc4
fec226f861760bf1e110,1799239ecceea6381ecd7bec,cities,1467,Copenhagen,transfer,standard,0,train,fee6eafbf58bce9fa76e0e9d32c437440415bac682154b9853026fe866b10e9a
977927af4150b0aebbfa,0ea95c439a50d9299a6f2faa,cities,1468,Xinyang,transfer,reversed,1,train,8f3ccfdf8b6be50d9b6ae0351a9df4ca82dcce4d8e4d00ca3ff2d82e4879ac11
3bf09435a0b9b15429fd,e8306df69243fb9dda97068f,cities,1469,Xinyang,transfer,standard,0,train,6532663196595e6e77e50b61a313171f2ca91242d57e847d915b6def41f09867
38f1c21a8c84c5684d6e,b6661acb8ebb94e010ff83bd,cities,1470,Weinan,transfer,standard,1,dev,b7a5f6ef610e41638e9bf463466435ee1957b0fbdd0fb0b6cac41e3aa1fb61b7
9d359bd1e6ba36dd4377,ce6bdd8b373de517c3221e48,cities,1471,Weinan,transfer,standard,0,dev,2b30bbcf8fd9ee035d5000a5761d08830aadf65cdb1a03483be19e7f706291d5
a5c4f7c7bb25ed67c417,b345f07cb2951e763adad08a,cities,1472,Wanning,transfer,standard,1,test,19d922db7c5de3ac74f3f90a3788612790be6e34be8f72739717b0b03cf49128
198e221c27f90caf421c,b1d0ea823318cfa392e2cf5b,cities,1473,Wanning,transfer,reversed,0,test,bb8ded477ac79bcaf37a48d69f99bc3a88adb363ca8acd67bb3181f9d724269d
2e486f3b7e619355940f,e18b001f4a0fa5988ed300bf,cities,1474,Shijiazhuang,transfer,standard,1,train,007b3224b4c68ad684a6f864cc316a8b4d01ad16544681f99893a0a5cd3750c5
00ab25883b2592bf1202,ffc6f14b186ce286bbc8a59b,cities,1475,Shijiazhuang,transfer,standard,0,train,503413fccbb357d7d3283ca75efb0cda452ab7054070dcc2f40130639363dc3c
00412b632d57ad4f0bad,1a622b0f8dd339a70628ed9e,cities,1476,Laiwu,transfer,standard,1,test,95eb4ae4fd83b5b1d52b97434910470f64a956f35dd86abca52e3af541a8bca0
52df644c56310d5cb61e,d27ee725a73f77675ba35e7d,cities,1477,Laiwu,transfer,reversed,0,test,e11529fe194f232e517eb71b8af13e9d0445a010315408013869f904a9b86993
4b2e64495b4327046f0c,70127135f372f5d09738719f,cities,1478,Hengyang,transfer,standard,1,test,5e890068966eacc91bc14d8890c506fe0487c8083690614a34014d16006a648e
46c3ae76fa3052bf8240,6efd476fcd3ff53a1a503b33,cities,1479,Hengyang,transfer,reversed,0,test,6e9951ef732be8dab1e29f33ae0baad5f20867ded177c3211e4c35c1caebdb05
be7f497728f6a64b33ca,7f3698d58c079dcf874f50b2,cities,1480,Changchun,transfer,standard,1,dev,f780e7c9378e7c8a767d5d55dc5d3689813183563ba61b7086b11835253c514d
0ba3be9fc2f124a01a42,259e351edf43a6749066183c,cities,1481,Changchun,transfer,standard,0,dev,0973b26bd165d5d9f28656740def2909a0ff668969780f1a430a338bc6a43ebd
5952531b623f65c74764,43fcb87664010de8cddf6bd3,cities,1482,Varanasi,transfer,standard,1,dev,e1b0df7935620b2234a21c65eb0e8512996eaa8998148c5f83d992bc2db9f699
ac93091245f1655cb8ff,3056348a694fdc42746623de,cities,1483,Varanasi,transfer,standard,0,dev,bc8dc24309aa17d4c214089d8a9084eb63ecc3bc7983fc2d75667ce49f349033
1e95b773b38dbf8f415c,f65c0f730077132d56f32d1f,cities,1484,Puducherry,transfer,standard,1,train,c9ce8df1ec787514dc11721ce1d107a42822fcd232f4c3ad471d4bc5d7b4d865
c5a0f0d72666d8c0feee,fc1dcf0afd5d573362d03786,cities,1485,Puducherry,transfer,reversed,0,train,0b64c1d5de390b2c12678b89d10981cd845898e08a978458b9f4041541cdf16c
6aced887d950e1413f5e,52ffe4b4ee4d7963787450e5,cities,1486,Bhopal,transfer,reversed,1,dev,2e7fc9fe58e341bb7b50d3b11a351e6f24aefad549651a33eb1833726d250a44
c7a3c6be8a977cf7b295,affdc51513a8ea47afdab86c,cities,1487,Bhopal,transfer,reversed,0,dev,9ef67759af19520adb8951830493023eab2fa6c7a4fce586e0a3ba9073e70bca
f0b499af68122e2c066d,1d42aa8675c40e47915da841,cities,1488,Kanayannur,transfer,reversed,1,train,c44f39a9a4a1d356fd9e0da57ab8bfc8b40fed503736c18296e3c7c28aa1beaa
ca0779d771fb645dd510,668d82e91f885ad77ad05af7,cities,1489,Kanayannur,transfer,reversed,0,train,fdf7f46c0cb6402a1f047bd038429bef72a2a13bca30dca9fabc5148d84d5e7a
5589b5eceea09d6b31eb,9851c82d6492af7392febc86,cities,1490,Kirkuk,transfer,standard,1,test,1513d70d1631f7fbbda5193659a5c84519b16a4d76eddcf9530ebdbfc8413816
6e2de7500adf1e706d30,0e2e676595feb2ec3c9f3a96,cities,1491,Kirkuk,transfer,standard,0,test,374d9f20156bd75093679c8e9570d6cadeff225f5d1ad6ff5dc1181ebf962013
ec739667177b2f6b4059,af688d14e325fd8331fdb455,cities,1492,Al Mawsil al Jadidah,transfer,standard,1,dev,55ea794c53d7df14c370cf8140e5362a74dcc90d59424fa972935040b7dfb61f
bdb09fb9ea333d1c27df,e5bc88107260647395ece27b,cities,1493,Al Mawsil al Jadidah,transfer,standard,0,dev,3abab0e141905052fc2cb177021f62bf7110bc47db554bda4c51babea9725b2d
d69aebe50f1df225a28a,bd795ab37e5de48c4277f920,cities,1494,Tangerang,transfer,standard,1,train,4aedbde9ee06882ec8dbd21635b78fad1b86b0497217cc39b0e5c32e6b45652d
8d01166a65a459e76771,06a95fc82b5dc96ebd3a5471,cities,1495,Tangerang,transfer,standard,0,train,d9b3b5381cdaba50b366f49c392b9c56b937139422c8bb1117a1c08ad4d7dd41
ad710fdd4c470e810b01,46b109a55a0e496f8808cc7c,neg_cities,0,Krasnodar,transfer,standard,0,train,a0dc2d3b545fe853347fa7c4b633f3f61b3fef4e7132a3fc3ada757e06560800
0bd12c55b534f0bffeae,f9b8494af7c41ad8df434800,neg_cities,1,Krasnodar,transfer,standard,1,train,bf406b79c75e5d17ae775436c8eb8ff9aaea1b5b7fee3bb2659ade717a0832ab
f0798de35dec0e01d60c,4a239ad4b0a3e735e53e900c,neg_cities,2,Lodz,transfer,reversed,0,train,e98ba762defb4344e95aff501fa8a5b5d34b22e1172978263cff9f4b81d96a22
395d552da3f8e4e0ea54,aa50ceee6dd4c3b54095e4ac,neg_cities,3,Lodz,transfer,reversed,1,train,fe7ff3f5d8669bfcc14eceb8e21098cd0a8eaeee68bce2c4e97ffa76bc928c05
ce9b2c1eee76e0393f3d,570714f9c2c7caca3fd02c98,neg_cities,4,Maracay,transfer,reversed,0,train,1051f82fb5f61767e61f962e05faf6cff4ebb30dd329a7b1a0d7345d9245046c
2ea3ecd64407c188aa4e,e9be645b937ce296c301ef1a,neg_cities,5,Maracay,transfer,reversed,1,train,f265ea9bc32c2f945abdcf653fd8f7139932cba2e02d83f7bbcb0e99f66a5d9d
69ae5a49ef01b2080e17,ef937689258094e5e3c9d665,neg_cities,6,Baku,transfer,standard,0,train,6b1c43f4415b4c97275157244d7e1b5acb5015a96c15a7ffc9d5b82121ed9077
f92ad7d660508bf5a7c1,254f4a914744420ff4a81ca4,neg_cities,7,Baku,transfer,standard,1,train,bb4264d60e814ded8751e6a2ef55dd353cb6b7a58ec08a8b892dd5351caafcb8
3be0224d9074efa753f6,7a2864729b9eebc1607b9cb8,neg_cities,8,Baoji,transfer,standard,0,train,b8914a520e7e3c782cc74da397206c2ae6fb43f6df274a053206aab717ebbb3b
a2587a0589e3aad3efc5,42bbcbfd1ac106025f9e9d4a,neg_cities,9,Baoji,transfer,standard,1,train,a200de121f76a963853af0867411c20506cbc81feddfd1f1153ea16ace067f9c
27c2a7a9cc010f7a9265,c10bc2657f7685568318f9b0,neg_cities,10,Addis Ababa,transfer,reversed,0,test,673b5e2f1aa098a9447c243f8e5b538d1ac083c3f108a89d3b9706f9c64a43d8
61c4a52e4de66483152e,8faa38bf74c52597c4135bc8,neg_cities,11,Addis Ababa,transfer,standard,1,test,6fff90fc2f7b01461c46a06f691552f36dbf15260de01ba8d2e9fb8fae0d3c23
d7a8cff147ef09ef5f08,c53e7cee911d9c83f06acbcb,neg_cities,12,Abidjan,transfer,reversed,0,test,154e3ad300e8d4d21201dc1361667cdcde939a120240651beb77946ee227fa4b
9e22f8a0bb7df99039d3,c588070ad9e9c50693d4fe1b,neg_cities,13,Abidjan,transfer,reversed,1,test,09aea87bd92ae39928f896bbeaeaef1a74c9160835ed8d1badf8dc5d60a98cce
f53762db9671949e5336,77f2a7d759abefd2dbc6ce24,neg_cities,14,Yongzhou,transfer,reversed,0,train,7fda8ba5431de3f98c0b0833ab2282b3d2b4a1fe5347741e27820c2e073986bb
047473ff6bbf157a9efd,cfbd0a12acfa2e85310400a8,neg_cities,15,Yongzhou,transfer,reversed,1,train,2089caedf4eafacf7958e0d61e63715fd28f2c3b871a76e735b314abf4948c08
9385015c83587fe00d47,69f4ee8f8b4ecc89960c433f,neg_cities,16,Nanchong,transfer,standard,0,train,2fd7529b93403f680365c5275c9e9836c5cc425427f9354ba70489a65457dda3
ce7d1388f6e1e3862c1b,f584c3554db456a7a28e5d58,neg_cities,17,Nanchong,transfer,standard,1,train,c6639bbf8164ed09c78f4af83b2fb99a52884279c0f861c0fd59cb6fdfbb85d2
63cd1ae13d877f789c2d,62aa3a3c972ebd2e33a84a3f,neg_cities,18,Lu'an,transfer,reversed,0,dev,e60e2f3d26e3083a358555e614e8863e02dee801d842e53d482deb750f18032e
6d6726a2d90796c4ff8c,572a400dbafca3573e7e3978,neg_cities,19,Lu'an,transfer,reversed,1,dev,5f9c9c0bde16b278c41edc6c428c23d66deb407c7bdb10445cf693d68e05f2a0
15fcb72e6e38edc82fbd,9c3f5ae794832548d2242d7d,neg_cities,20,Jiaxing,transfer,reversed,0,train,27b1ee7bebc72b50dbd84155d95a7a95cb513726683a645a8905dc8fd0eb4167
7bdbe87b8e09193fbd40,1f0875fbc09d4610a61aa550,neg_cities,21,Jiaxing,transfer,reversed,1,train,a465c59174412d08be8d7627f05a8046605f0dff07c78111ee2d940b52237da5
4ed0ddb37ec9d4d069ab,fafcd2b8d03fd4a4d5ca8918,neg_cities,22,Huaihua,transfer,standard,0,dev,c95ccea5f49cd13eede1680efb3173a47fc12d4047bb689f56de084fb6b276a2
5b131aac4af13b6f51ee,047094ea0a4447b63677d768,neg_cities,23,Huaihua,transfer,standard,1,dev,c8f86e18fd4efc0554d6b08ad9308f9e3fc5012eb31c0c78e77084ecb4d63c36
5808a31e98bca13221d5,746537151ed560481bcf04fc,neg_cities,24,Anqing,transfer,standard,0,train,3f5f9c53730440b6ca32ae2cfbb2fdaca6eaa354d58e9735cf24535cca113a30
9b22c12452779b1cbf5a,1860c1ddc632c34b80b63970,neg_cities,25,Anqing,transfer,reversed,1,train,bd4f6239a3db8de559664f3c96a45dbbbd35fcffad3240ef4af469ce476c4cad
ea56323609e38aee9c5e,fda22fbb739194f0d624e909,neg_cities,26,Yingkou,transfer,standard,0,train,0a43a37f36c84440452999e358c633d8b71ac2e8843bb9d7da655fbdcfa3c481
4c0d05b32e392771c14e,a87fef1fa3872e0986dac6be,neg_cities,27,Yingkou,transfer,standard,1,train,753dd0a3851717647fe9746f6a4e30343ee227ce5a0b9a04c7312210ec787a87
7454a287eb55afb04a79,927367ddc8d183eb85e429fb,neg_cities,28,Panshan,transfer,standard,0,train,6e756acd8ea4d158e786a1cfde1fb719402d29a71af139a501dc75270fd9540c
f1ef0281984e30dec039,e59031a6f80e5e3cf46ebba5,neg_cities,29,Panshan,transfer,standard,1,train,2e5a58384307a9097ef04de44b027784cf7ed280df824e47c20bb33d17d6e799
1be5633950acbfe595c3,25ee4b823fcbc2687d89999c,neg_cities,30,Guatemala City,transfer,standard,0,train,e0e6bc10a35eeced56853d326f64bdabaffda353aa66d91750065d26414f00f0
b86c92e5849e45a64d57,5788cf1804c0eb0cf88134cd,neg_cities,31,Guatemala City,transfer,reversed,1,train,2d6b6dc1de8a96f10f9f5744c22c15f66d8c5830794164feb2dd93ccdcfb4bc2
8704f4de2d7b0782dffd,907549644828ce75a4e953fe,neg_cities,32,Bauchi,transfer,reversed,0,test,e1394afe3c1d392e8a63356adf955523c0accc701de61f408bae8388dfa8c9eb
1ffe42ad1f71170889c6,ebab0d28693c5183d43bd1c6,neg_cities,33,Bauchi,transfer,reversed,1,test,7647dbdc12f4406f3a810d290d88c4e057ffb81108389dadd158228a96e98def
29531a6d3899dbce4edb,fad5a09a908d10d84b42ffba,neg_cities,34,Tokyo,transfer,standard,0,train,c99e00353d54e776e43f21a66da6076ecd4f1c7b43ac862a53e87006f8ef3e55
d923f11ce5c224afed0f,a71e693d275066e0e187041a,neg_cities,35,Tokyo,transfer,reversed,1,train,0ea7fa5437c71c3a0a9ca9061e8e5165c7191fec6f862f0584dc59f20311ae2f
9c0451bd2ce54033a790,8d8251b48631cc3b70f4f114,neg_cities,36,Mombasa,transfer,standard,0,train,563c41697785604da25951422cd89fde445ee5fca523183f6892bf1e0812f3d5
59486fde9d35f5eb8afd,34c56d379869b0634cdc224c,neg_cities,37,Mombasa,transfer,standard,1,train,9c37828e50ce14cd232f61b56e00fbcda0dfae44ab6c3479cb72fedd4dfd14b6
5d613c7b58b00e1b87cf,017eeb794cabf8ad286ffa97,neg_cities,38,Ulsan,transfer,standard,0,train,596decdc78b588ee6bab50146ba6bdb8b30c89ca40ff9702a8a20f4a4d8b543a
507871b4f13fae188768,8a5695890716041c7cc0b6df,neg_cities,39,Ulsan,transfer,reversed,1,train,ca2ea9b98512a54a711e553c637a52221f43f2ba703eebdc7982476982a3abb5
1bff6312c7cb34539b4e,9be72b220a803ff4ab8074f8,neg_cities,40,Warangal,transfer,standard,0,train,fe06bac1a654eef9f84a0d8ed3211da33a3b3f3481e7f11de4d8baa667754a6e
623ce0af178cd470b069,9fc7c5ad007bcca39187cbea,neg_cities,41,Warangal,transfer,reversed,1,train,1fa652635d3f088751e9226a92bd9d861a817425c0b2f8bad4efef708c1a92a3
18d4f619735b63829641,1a12b2cc9b3ba42c83e58c9e,neg_cities,42,Tiruchirappalli,transfer,standard,0,dev,2f0275aefbc8adf4d979025d583398acd2309cf967823d2cbc42c6b44d5e9eb5
97eff3b7f5052973e712,39999e56ead4c26c1feeb30e,neg_cities,43,Tiruchirappalli,transfer,reversed,1,dev,4b70ce709cf6bb88dc4f57e85145c98e34409ad882a4484c8ccdedf3b0bd8c3c
037c66f1617d4dd78204,35e552235267f1bdb64c7dab,neg_cities,44,Nowrangapur,transfer,reversed,0,train,7bc39309275a522dc04fcfe77d3e0d7ab1fe65b711b6985922b2e9fff4f4878a
1f5036ced3bf6fd843dd,ebed40de25a575adda27142f,neg_cities,45,Nowrangapur,transfer,reversed,1,train,10fa2a4dd85f700072a0ed2d499bf674b42f64983477bc5f5327d62d9d6f40da
2a9548dbcb811cdd87aa,d7cd7f67c88efc839938750d,neg_cities,46,Sambhaji Nagar,transfer,reversed,0,train,3e0a749c1d187b604474c25de7946e840f5d27d7c7d9a2b4c3e2477096389225
3edd2b6c4aa87c1824cf,0d32249d9bf266d6507c95ed,neg_cities,47,Sambhaji Nagar,transfer,standard,1,train,090481d44836503221a233aded855d6eae29fd9e526ad02fead26666157b87b3
5fe14d6593b0514b9122,e90e67bd6836aaeb11b20099,neg_cities,48,Ajmer,transfer,standard,0,train,17049b5821428e382446ec937f5706babbfe1050eaf1a92ddc09711ce158142a
2d68092b46e23b45864c,591508aa549d252966f29294,neg_cities,49,Ajmer,transfer,standard,1,train,7a01fd6b7fd9ab87114d2bdfeb673fd1ee826f83e5682f177f5e218ebce73b4f
3aa879e85c960090f5b6,ae09a3b3a719da646db244c0,neg_cities,50,Rohini,transfer,standard,0,test,526544b543f5b6e146dca607c28a84a66368af3689b60ed750c32bcd1745d9a9
c345a0cd410ff2291639,c26154fb3e9a3fee7eaa1552,neg_cities,51,Rohini,transfer,standard,1,test,c5ced4326dc64a836e49c41c88aa1b053e8a6e78d12dd06490761b8b754676e7
97ee187244042df3fb57,712d4ccd72d744630b6048be,neg_cities,52,Serang,transfer,reversed,0,train,8610d7e559185a8be7e31b0405eeb5f58315a4456beb6669281d75e839ef237b
312088202077af04b0a0,eb80b37396d6209c367a9ea6,neg_cities,53,Serang,transfer,reversed,1,train,e533a7918f4e14edcf29bbc46c607ebddb306a69ceb38e8dac20e6212531e40c
77182412a783c040e04f,fd712d2850851680c0e58cfc,neg_cities,54,Niigata,transfer,standard,0,train,44c7b3dd9b2d3debf101b0878f498c9fe82e7944f122ff1dabc32137eec2c8af
045df4da4bba682eae7f,3f68c0bd20fe677d5b5a4d2e,neg_cities,55,Niigata,transfer,standard,1,train,3b5b2b30554c93f9354140c08fdef7e971bafe706c5970ddb3cd47a7b80a55ea
ad5f58abff210ecb083a,0e05e53c9ac03e5a3af7f1ec,neg_cities,56,Marrakesh,transfer,standard,0,train,d826b73e1ffced3914b1ebe9f7cef0f0c6f2af5f818d90891284b64208eef3e0
2d38bbea40e56af83e03,053d7114a6e6fce5361f62b9,neg_cities,57,Marrakesh,transfer,reversed,1,train,794c6aefb3a93890ee47f77ced1965e154992cbc67d4d513f16477a07b8b35b0
9511ed28d089a6dc3527,52aab6e503116f4e95919b2a,neg_cities,58,Makati City,transfer,reversed,0,dev,6d5878bb2231c29a1af14277be68acd2c85c37ceb00bcde9fe08a941b24f2c03
bd6e7cdfa3ed6f890c96,d8f7bba4f48b65358bb1d79c,neg_cities,59,Makati City,transfer,standard,1,dev,e8797777ca480c1d1449b09760e1077324881dba57023c2af6c04ae411a0d2fc
29a8ff916292e752cb87,08848eadf8fe7ec4888dc989,neg_cities,60,Tirunelveli,transfer,standard,0,train,0cae0f4ff9e603674f16e191d928357fa08200580d2dcdab7ee9b567a4e28dd5
54647840decc1b0ce69f,67cfbb929f2cbfdec3b8e4f3,neg_cities,61,Tirunelveli,transfer,reversed,1,train,4eae57db95a3e82052c045e3f67265b57f0b8666b6bf98c089928bfd9be40449
f63c1b5af043ad3fc562,05e732cab3922d034f720205,neg_cities,62,Thane,transfer,reversed,0,train,e6eea7912d6b9dd7cbc27bfc8528693fe5c410858b0f1d0ce62252a1845d4932
5bed7cc2724d4d8b45a2,14a9f7f4fd4b7a97c10d4d3b,neg_cities,63,Thane,transfer,standard,1,train,62d2002d29b60f766302ad812a0aa1a2b50dea19d577b509317eb01e3ee10676
c05ff38759ab5df4f6f6,6076d952d6c549898b564967,neg_cities,64,Solapur,transfer,reversed,0,dev,2eff6cf6f0907d8b2640b457225affe347f0ab4027ca9f63d2f4d7a9473143d6
08703ace642229faa17a,3530db53e45c102da809dd09,neg_cities,65,Solapur,transfer,reversed,1,dev,065acf3f2b091907d3b9b37de2f2084a8c271e4e90db7806d202a3a06aa4f8b3
66b043dd2453bf40cf1d,b6a05f0f74cb3544ea251f55,neg_cities,66,Najafgarh,transfer,standard,0,test,6726e310334e6dc0c4548e186284ce4c208e9559dfa86fe5bf32fe65509cc630
769772b15967aec0e993,61cc26cb056830c5f3624586,neg_cities,67,Najafgarh,transfer,reversed,1,test,f8833634b17c1c6c2a4bf6ae588f429f36f19d050099ec05c1ba2fe8f8d82669
3d060dda0cb91b800eb7,458750f8f4983da2a2f89e3a,neg_cities,68,Borivli,transfer,reversed,0,dev,68bc645198b714a08203d36c6802f89aa4be9851cbf96d4ed55735dc865cd8db
616278b70e04f8fc60c2,131aec99d11042c11669dcd0,neg_cities,69,Borivli,transfer,reversed,1,dev,46e1d99945df5efa7ac2835333983f3bad185f2ff4e2ab085169b93ec492936b
30ca9b1d9ae351c9a3fa,55f6e4e5d0418b04b0a28d60,neg_cities,70,Zhabei,transfer,standard,0,dev,9024b65d6348bba65be31d47d9f72dc01c36ae5f5db6e77a57a5915408c77768
801698c89637405e179e,354b023ef2d1e138ebb51559,neg_cities,71,Zhabei,transfer,standard,1,dev,a3f91ddc7b531b300af66e27605bfef1ddd56bc235988cd7e79d111b3f95b4ed
d01ecb2d96b22d9c0a9d,cfb4ee06cf8bb465c5bda07d,neg_cities,72,Liaocheng,transfer,standard,0,train,1cf1467eaa8d2dca9694ba70e35765b43828906d5aa323553c633a734f2d9a65
b15e34601732e3b543a3,95bbb572e30c76bc1ae82ab6,neg_cities,73,Liaocheng,transfer,reversed,1,train,3a2c7be49fe2af30547783d385c64e8aafe887f4ca6eeca5cd52852b2cc1d6e2
0e75a47a9a62fcdb8c41,72d713e6c75f672f6c4c99b5,neg_cities,74,Jiaozhou,transfer,reversed,0,train,8133093e8dcabc25b5c88174b4d91106c4002f89afb8318f5d6480a3c14d1358
8a2c65060e306098f601,d64578015547c6fd5edfc617,neg_cities,75,Jiaozhou,transfer,reversed,1,train,16c68898e84c8c662b2dd52011ce8a7560ec090e0b60993b4bcfee94b270a96f
08da325d69d1fcb4e8e8,80cde1b8d87a5ccb2ed91399,neg_cities,76,Guilin,transfer,standard,0,train,9adefc66baf4375c9bee095eebfcf077529e5fcfb04039ca248bc3e810b8a412
b124257303bf5b131cd3,f6a28f5b85f1de97e448da84,neg_cities,77,Guilin,transfer,standard,1,train,b0d55cfd243faf24e85390fccace112d35684e99c026b9c9eb4c5760639b13c0
0079e3d19d17c4db584f,a1305d734307e8b8756c9460,neg_cities,78,Chaozhou,transfer,standard,0,train,6c863236b5c7af9628a897cf3f79c8989c3072e2eb0641f56357c28f627959ab
4eb54b73c21258edd631,132891139ea3107b818ec5e4,neg_cities,79,Chaozhou,transfer,standard,1,train,af69f9d4128e05abec0f289cc5480cde1576fdd5bb0116fd1323b44af088f82b
2c9a687c67ef9fed5e38,d2900ebae66f40ea984e2320,neg_cities,80,Panzhihua,transfer,standard,0,train,6c7507eac555490ed1c9ccdb85e50f0cfe5c422a5f90b8f8c30ea8c6ff42618f
869b3ecbddd862b23b89,23c86d256b102c19fe838398,neg_cities,81,Panzhihua,transfer,reversed,1,train,a8467d4e144bc2eb4055b0ce025d7f6fa568ca3eedb5b983486993e9706ca26d
39e47c35976b9a43f6c9,2500e68982a9d72efbd7aa49,neg_cities,82,Bucaramanga,transfer,reversed,0,train,ae7b79b7926d6de5f89b9d11c29f2fad2a2dfe17fd5f280d5b7f19d817d940a8
984855716b08d54b67f9,7bfe60d5f5c92537de5224d3,neg_cities,83,Bucaramanga,transfer,reversed,1,train,f4ad4892bc2d0c0dc1046d9e77045423e2d638f2f60f87178e8d2bdfe25a91be
415d06fd139c94a8dc06,ca443d782f863a0d4d707b31,neg_cities,84,Niamey,transfer,reversed,0,train,5b44c8ba45e43396168dd7fa8d3d55b770785ec4f790cb9a3382e1eae86aafe0
c68dbbeb81fd0fce1314,f5960bb2a30ea2d3852398ee,neg_cities,85,Niamey,transfer,standard,1,train,fe4bc835cbebdc9a098b1d6dfe5964578dee318b8e690d76abfde9cfa9c33e5c
35fbb10ddf9e99cf749e,127b04018922c1674a5eeb10,neg_cities,86,Sokoto,transfer,standard,0,train,0beb135515fb8ec9f3a0c3ee60cd639e2c5f499fb837b0d435fc201776154da7
2ddc90280197a12f3045,d92db85a190a19247b5f458c,neg_cities,87,Sokoto,transfer,standard,1,train,2207560989206b321f9b7d7b8719876312b0ef28d326252ba154c78eab0e2f11
981c6e52df52471ba304,0c1b6ea7d33847c51f767c29,neg_cities,88,Abuja,transfer,standard,0,train,60f8480f51b369da7453c0fd8d5f2eab4b9d857de736bd20f84446604e7b9775
3ae978b29572149f288d,6dad6dd71e47953a2018c084,neg_cities,89,Abuja,transfer,standard,1,train,12774622a19eb988b47f77744a6f4f6a612e26951a60a951447b70728824d104
1e37f01c4aa1038c1d57,4cf13e784c6f8ca129c3577b,neg_cities,90,South Tangerang,transfer,standard,0,dev,56bd864b36925a989c9396d50140f3c30ec32739da2651f65e056ec877328c73
1417873a6ef0e023962a,bdc0dfad93f6e174a515fa39,neg_cities,91,South Tangerang,transfer,standard,1,dev,617742c38c27d397976cd9e03442023c4e2bc6ba333db5e1c1277b8672c92993
fd2d804f57496abeb41f,44d64d3e3ee4a3e78bd8f1bf,neg_cities,92,Odesa,transfer,reversed,0,test,bad65e094972e7a577601d8119c5dab30c55e26a4d34cc88c5bac3154cb6bf5a
6d44b27403c03a96da07,f42f444f1acc87538c80bfa0,neg_cities,93,Odesa,transfer,standard,1,test,3e9ea6cf4328c38df4366e3348dad623d3f695de58877cc5ac3e18a56e19ffd9
d69fc65aed26bafb9172,751c220f586e8f1c4ad98c12,neg_cities,94,Fort Worth,transfer,standard,0,dev,a38552431057ab20228d4a7aa6bbd6bd943e617fb2356f3ad36e792ddd7113b6
53a0ea27ca01213b5d8a,cd942fe312b33066c3c791b4,neg_cities,95,Fort Worth,transfer,standard,1,dev,c40f850dd5f313a121efad05484e107c08d5c891ee9710201dbbe9d6d00b956f
da85434b9658b6de427e,f7807fbb9c16c8225650ee27,neg_cities,96,Boumerdes,transfer,reversed,0,train,161f6fc0f7299428c2ee1e4313873e97d141a34cdba6bdb91f8e4f96c256cfe5
0a4b511b267e9fba0379,a3493ae7699a80c7d480926f,neg_cities,97,Boumerdes,transfer,reversed,1,train,ba1931a0427fa4db713adb4009a256a5ac52dd0d4b0b0a1bc446d6fb1d4ddad8
6159b12da05de0d7c658,a943777b185e5ab7ada27ef2,neg_cities,98,Asmara,transfer,reversed,0,dev,5b87863ab752876ad03b1445041e743888c8722fd21b6b899083b2ee2770a969
5126406ca282ca88efc0,8a604e8783bf487f4f018531,neg_cities,99,Asmara,transfer,standard,1,dev,efbfdb668423c6da1fbe322eba6e88a5550899e734b60d14ef1806592f26d07f
c07e7b3582e0ca5487de,deb312ab22d070b70cd32343,neg_cities,100,Santiago de Queretaro,transfer,reversed,0,train,c56526f8b50b7dd71e9f9343f71e37fcb9c8ab17db8877bd49e0bfa4d1b41e0c
869b77d4ee8d7c124feb,148a813e366e261f04d92937,neg_cities,101,Santiago de Queretaro,transfer,standard,1,train,469c47a18fc80116d87402078ecf8f53fcc0a0db9e0a4db701d134927d3e9dbf
84ef2bb0a5cfb5e9db33,df42aca61d056cc620617f30,neg_cities,102,Perm,transfer,standard,0,train,35fec0a1c19b66b01f0bc1fd24d6a9cc4c0062caaa949ea29788b2640a5dcf34
70afcb8705f46dc70584,4c6d4cac7a8afda3bf779f34,neg_cities,103,Perm,transfer,reversed,1,train,3ea5e0c3d6bb23e114da4e5ec8bdec1fcc4f9b97f00abbec07c9dc96e0c8e33b
9213d4d128769c9ddb73,de6127e1eb58111117576648,neg_cities,104,Jeddah,transfer,reversed,0,train,d560e7337fc401c98e479c99f1d31a4ec284bf4a9f1729ba2e269cfd56d2e9dd
8b186d0ef84d78a65ba8,c65153be8beba9d4dace9fe3,neg_cities,105,Jeddah,transfer,standard,1,train,39eeaf3677d673d9de83e9a63beab1615310d839871f64c0698a81ecfbf09320
eed20a948c92150ce6f6,4018e491c960ee92ecb8a198,neg_cities,106,Konya,transfer,standard,0,train,57b7fd2a30c8f5b7fc6d50b75bc36db0d8054e05f965b163b569aeef6945852b
ebc6f0a211d58a66f78f,9470e1fc0ef4fe045e74c8ea,neg_cities,107,Konya,transfer,reversed,1,train,9cb64e6f8138258704a7c52c862872d423938ffda502cae2be94ff233d8664da
efe24af698d54bd1a046,6802a389335785c971fcb778,neg_cities,108,Macapa,transfer,standard,0,train,b831a3a8f9b707cc863a953fed94f3bfe5478262ea892496d57e3f46d9df1ebc
71b5b6523a41dee7df21,79aa0b77f8361de4ca536d7c,neg_cities,109,Macapa,transfer,reversed,1,train,c5dc30412247cebfaf83e13559b29f21d979c90bf2efc66930a426960877c59c
ef78b89529e7bef6a173,001a5a4941d60fdcef00853f,neg_cities,110,Belo Horizonte,transfer,reversed,0,train,c0487fb7f0f75a77246f4a3091abf3082723d1b3705ad063ea17327f80b8ea9e
40d8428ce37946113995,b55e252abaa52bdb7f51f6d4,neg_cities,111,Belo Horizonte,transfer,standard,1,train,427f61b9b2cc7e9d409713641076680c6e93f9eae3ddf35dcafe0e54074b3b5b
5937f71e1c4d8602abe7,d6932db2bdcaec571a0ed303,neg_cities,112,Poznan,transfer,standard,0,train,8fd9347cfbb383f3fb8962b19c93e7d92801ef00fcde0fe0bcd2deaed8ab4c6d
2bcdafa7c2c9aead7829,035b3975a6f723de87aa0952,neg_cities,113,Poznan,transfer,standard,1,train,dc37088d577d8b61596c78d0a5810503722e44bc4f252c5ee1eadcb54b4a99af
122ddd39e8d212ecd9d9,3795f4b1ad953ac06a058402,neg_cities,114,Linyi,transfer,reversed,0,train,6c28d36c0191e8c381f242804f401bb6680ca72799df7b888c6a4a38bed47a6f
62291bfb682df4641561,06b3172238d7f50baf26cf05,neg_cities,115,Linyi,transfer,reversed,1,train,ab87830a0168f9b004f0023ce3e2d97f54183fa3ab071959231d3c2fadc772da
f241ad3c6ad1620eb1df,6e4888aff294ca4bf3c6c193,neg_cities,116,Hohhot,transfer,standard,0,dev,2421f1299670f122bc078bcfdfeebcdce89e457533009f55676618f42c595cb4
147f3621595c5c8725ce,aae60ebc09fb9f28bc64b48f,neg_cities,117,Hohhot,transfer,reversed,1,dev,158cd5e863af38bbd0742b9c975494f2e7d9855bdbe48bcd78f0bcf11aa1a7a3
d51d771756e0145dd7d2,cfc44200d82342121bc6322d,neg_cities,118,Malacca,transfer,standard,0,dev,44b72360350b263b4fdc411957c094cdd5e0bad21d7c8e145dfd370ec0f84f27
d3103fd990cab0b1973a,bf3a58a4fec06c787a1bef99,neg_cities,119,Malacca,transfer,standard,1,dev,6354aba1c5ca158186f1716a0c5193e0df4dda6145f5c63c63c70168ccf65017
2aba362df2b7ac73ace2,ee3c30bf654dc92e0c787c17,neg_cities,120,Busan,transfer,standard,0,train,8efd33ee7b6b90e873a22db7fb04f1cc9bab6c6f9bd72eb176051374858e9f1d
aa6a6346b1130c688705,61aced76ca109258ab13b30c,neg_cities,121,Busan,transfer,standard,1,train,0d72337f458e3fe6e47d2f939a8e88f532974e045b29a392468fa8bd4a6a8879
1b0c2101e36414911d77,52e6d122c2ccac84451e0cde,neg_cities,122,Seongnam-si,transfer,reversed,0,test,29da625536a91e68f92f8771d2f6fc61fc25882814a5aa9adab1c9eb908f960f
7bffdec4d6f6adecdf3d,86fbc5bfabe2bf7a658bae28,neg_cities,123,Seongnam-si,transfer,reversed,1,test,b5a8603fa1f2ba963c9aa1ea1b3218e22a4f1412c2ab5b97cddda9e7c12e8904
e15b66da00308703bc0b,79868a90662815adabe180ce,neg_cities,124,Matsuyama,transfer,standard,0,dev,b3f682180f4d13241776d178937eae234226a9f1af2cd32ce1cff87cd3236544
acfc94aff82155642207,8a63b6120a4c35dff26b64c9,neg_cities,125,Matsuyama,transfer,reversed,1,dev,0059b5772f8cd240fa1ad4fb366c8325d3b53f3bed305460681586926e5a68a6
43fec8b6576444bf07f4,1b8a848bbcf88635c73e990d,neg_cities,126,Suwon,transfer,standard,0,train,e52c06379b3c2c95fd1e85a08e8a9df8010af8d83f752aa04adaa75615a95462
476f513a9395970beec0,d010004b7cf7a5927e91dbf3,neg_cities,127,Suwon,transfer,reversed,1,train,5ab5c647c7a2353e2f3604ea931611665551fe708ced001c27cbc59146dd2077
7956e93f116a77a02f55,89a702e1075f95ba9c64ab81,neg_cities,128,Incheon,transfer,standard,0,train,19b5177fb322f67e175f22e88346e3c824eafd204cc21cb12c555e8d532e15f8
0f08b2fb6e3750296cfe,617246e39f0fe9b8f41317a6,neg_cities,129,Incheon,transfer,standard,1,train,4e1c3a744ac896e3192bba4404487774db87c27a8c58634b4f79e3af9d15f668
0f7852dcfb5934192da3,87ec99bca64ecb415f56a55d,neg_cities,130,Hwaseong-si,transfer,standard,0,train,7731a6c294e7aa0a8a67d2150f67e9290ba5de5c2dbbda2420340ab5e42b8f24
e82ba08b93b5ffcdc796,a63d3165ff2320304663498d,neg_cities,131,Hwaseong-si,transfer,reversed,1,train,1c73e1be94b93611feaa2e03a2008e21201e8184b487887a86fb2c943ff6b2af
f76b7ffcd2441542b7a2,fa6cb8be628bb6496335ff24,neg_cities,132,Changwon,transfer,reversed,0,dev,032fe98f32533cce45a744dfc59cbebf57a9aff9896fd46ddfb137139d874704
e86cb4b67cd6244bf5cd,9484e119b5632eca89f3e466,neg_cities,133,Changwon,transfer,standard,1,dev,2afd659e9db2907440d10c48a8aa9e74db59e7a2860a0e2ba9cfac8a4568ae27
710a13773899327ea44c,27f8354d8ae615aafe0c0869,neg_cities,134,Bamako,transfer,standard,0,dev,664459a46f1eae7edde87551baea6670a8fdf96cea51d5bda6d651450d1b72a2
45049f914187c46363a7,60394a6c12241b8166c49866,neg_cities,135,Bamako,transfer,reversed,1,dev,5072438628117f5436f027deda9932d30b553897eea6845d051013dd795a22a5
9c4793dc3cc8e8db5f64,a1df1549761870b81c5c0fe8,neg_cities,136,Acapulco de Juarez,transfer,reversed,0,train,29212bdeb0cc1539993779221c33fde382566ad10bf718c2ce9be7b075cb28dc
9fe27799a377d0f4012a,f489aa3e4feba2346aee401b,neg_cities,137,Acapulco de Juarez,transfer,standard,1,train,1af45dfae5db8bc360b498767958b9bad5951231421f0f369a4be21c4f323ded
cf193a98f845ebe2c2fb,1e20fd536c691cbc8e0ebbe0,neg_cities,138,Mosul,transfer,reversed,0,dev,cb7ec7bc1b53961812b378832786fc7d70300aab2e5a7edc0252c9617ff861c6
96a6b241aaf5180cfae4,44715d53396fdebc6d5ac9e0,neg_cities,139,Mosul,transfer,standard,1,dev,a322119899216f929d3dd8953f5e9228a24262571c5d3cf1dd68ad99a6d80247
49f2b050a101564e51ac,a43fb3a544662f2a3b6e72a9,neg_cities,140,Basrah,transfer,reversed,0,train,bab3d6806c002267fdb0033308ac5afc0fd755e4cb622d4035dcc5a4b69ff3dc
5265c74e8c7781782138,caf4737c37b0e7a8854b7890,neg_cities,141,Basrah,transfer,standard,1,train,50e71b1ad0d55fc7bd410f85d362788f9d6a2b95410acc799268758785e2e4b3
64795369a0c3acc4b8f0,47aa55a0f1e5733321bb977c,neg_cities,142,Qom,transfer,reversed,0,dev,eb831c7077135655ecdacdfff4eb67bbebe6a3900bd83ce5794c5cfda5636f04
5b1fc5ef48c9a89753ed,8aa2933ea83b0cb5e58a0325,neg_cities,143,Qom,transfer,standard,1,dev,3c22c7149015a362750621fdb8913bb8b517bdf2ace5da69cf81cca3f8190829
ca4408b302f6ca2bd34f,30829bcfb2cf86930f8d08ec,neg_cities,144,Torreon,transfer,standard,0,test,bd28fc58f2f3110a05ab305137212cc803b3bb9256e11a113106f35bc59c91fc
40cc426d27022e5f2886,e6e6a01f8c7ba2e5631268fb,neg_cities,145,Torreon,transfer,standard,1,test,d3ffc511f76c941f3ccd6ddea7ec86da5e8732fe5c6b3270b62c1c43dbcfa920
7694bc37c64def3984d1,5e45b5abc58d71ad1c6b2ef0,neg_cities,146,Beira,transfer,standard,0,train,1192253e036d4dfd955a2080028960d67a128fc7260f00de978f716bdef882af
b025bb1868cfb02a63e2,0f4dba8ed3acf91d13c64723,neg_cities,147,Beira,transfer,reversed,1,train,989143be728d1d9faf61452f13c8711142f77660f1cfdb18f8702189d29cad5f
7b9849e780fbef029abe,0d4f7a66e3c981dec6ed3f68,neg_cities,148,Naucalpan de Juarez,transfer,standard,0,test,71ee97ebbd32db016441442bfd299e77f0b90c67fa3103ce1f72bb8d9c3f2fa5
eba5fc5f2e5b9d4990c7,ffd06c445453261faa795420,neg_cities,149,Naucalpan de Juarez,transfer,standard,1,test,baf3f1586197f944beabf659bf0f83aef4e5214bacb68296d3a2e65043db100a
9d8d63b63bfb46b8f390,1c3025a3854b46e51e67496b,neg_cities,150,Dehra Dun,transfer,reversed,0,train,f8120449e2ad613a2073405cba642779f622fe6e4f750ea0f14659effed94ead
14f944c2285ddc8aa3b2,6295c325e94830b6648f2eff,neg_cities,151,Dehra Dun,transfer,standard,1,train,fb56104a4360df65bc9ea3fbae3d9b019283a7cdbebd4b18dd24dc18745c4727
da32c4308953154aeda1,e89505a07316c87ec4d273a7,neg_cities,152,Bhubaneswar,transfer,reversed,0,train,30dd059a51205a05b24a5a8c3dcf69fdedb3b57686f8df2af3cb443582683c28
c0f35f62e3a9bec8e8d3,8ebdb19b6a8d25eb65cb7be4,neg_cities,153,Bhubaneswar,transfer,reversed,1,train,318c27243c49834321660a9d428a558d8737ab0fa5f4991932ea88dbc1823925
d350d3724c951c70281e,d396a9e52bb9d7b06ec17033,neg_cities,154,Ahvaz,transfer,reversed,0,train,a4edb69427b293071fff2e15f56fc2da3c345c2543fcd42ab9acdb781dab35ef
e5dc3fe2d03f3c2045cd,9810519d46eaaf33aa705332,neg_cities,155,Ahvaz,transfer,reversed,1,train,1313956fc8f80c77622aa6c41f96fddf686f178ad9ce5611edaefd019ef43e15
e4ee45da135e25cc3c34,4d26bf37cd0de0ecb7a2b713,neg_cities,156,Kumasi,transfer,standard,0,train,f16efa22019c1f7dd3c7c8a52effaf4dc2b9cae39cccad0b5cf9e759e5ddc4db
d5bc5ee3a29630a438c5,e27ba9ff79bf263633455df9,neg_cities,157,Kumasi,transfer,reversed,1,train,515ce832c645f9583365a03cf9b96b5430b882e84633bcc87155ad908edec301
2454a35c33eb2b6f5546,e8daf1a57999979b5c812520,neg_cities,158,Palembang,transfer,standard,0,dev,d1bc889296d046c0c5d047fbade1b0cae549b9d6133367226fb6af6f052dfe7d
ad78ff47fb8d1631d084,3cfc4ec2070405b7f92a991d,neg_cities,159,Palembang,transfer,reversed,1,dev,02abaa5d03a7edd2aaf9b9842ffa18ba51d991d55debc433af7da31a864e1bd1
9d6fa661b8300442a081,2a55caf832ab0e7929ae5b9c,neg_cities,160,Novokuznetsk,transfer,standard,0,test,d19f4bb59032ec9cd27c0f84c5a189e072ee61059118dcf7ab26c3db594d03b9
12d01c4b53fe6ae1fd53,a9e0d2ca0e6376dc5ec6afcf,neg_cities,161,Novokuznetsk,transfer,standard,1,test,ca96d8436e0f01bc208eee6d5f3e59f4942f7a8df51f20d5e869e263696e6fc7
14bba85f91c6d401f90a,64f4c16cf5efcba29177250e,neg_cities,162,Izmir,transfer,standard,0,train,a2c56a90cbe3425dc1597179ebec77c7b624723976c14a3a89477041bf449825
3755861299c1541ea164,a87ddbc934bd1d913f936d2a,neg_cities,163,Izmir,transfer,reversed,1,train,7615e6c8a4cbcfde153bde96f22b03eb4cfaacbeaceb9a023e691de4452bdea5
d25ab11275628e81886e,1847faa3f34c20f0e8050add,neg_cities,164,Lahore,transfer,standard,0,dev,ca5e8897cd6437d9a68aa05ac45ab6e41787de4ea4ff9c7ab1c1b56d727b7592
117ec94fefb45c9c1518,ea5f33420baaa3cdba8eccad,neg_cities,165,Lahore,transfer,reversed,1,dev,9a229c188c347e676ca7edaee6d24daa11e9ac2fc674d73bd5c16bf4155c4126
52e478c62cc341bc5081,22f4c831cea1fcc429dd43a5,neg_cities,166,Zhenjiang,transfer,standard,0,train,e89b09c998562d9ebbd646c31e87688c7b3b246e469cb77c11521dcd630d00d1
2227a91402a2740f4a08,dab91c6ddae5316412661ef2,neg_cities,167,Zhenjiang,transfer,standard,1,train,b9fdcbb82df56ca0af4ef77138c5343c7243d03228d47cc317fe453a9010ace3
3bb3c414740175333094,318921c028081b74c1c96817,neg_cities,168,Zhaotong,transfer,standard,0,test,2122bcd46fe48d534203907cde14f44c55cc945c7b6a2b2425e227062d5ff8d0
e833c12aacf9acb14d63,20772017da077f6cc57efcaa,neg_cities,169,Zhaotong,transfer,reversed,1,test,6b581e2fe2666fb902745e53ed602e06943dd02d68d2efa74ec3865fba460e86
e6a8b185d69c0fb96f90,821f0ac0d914fd053901894b,neg_cities,170,Weifang,transfer,reversed,0,dev,f1c8c13aff581bbc03300d0c742de5edf8820e2751bb5a92bdc87a503f31ed38
91642176386dcf6f505e,e8f596a9b946a7758f868542,neg_cities,171,Weifang,transfer,reversed,1,dev,9da6e2898a5dcd868bfde2b5c3a46b2900f661a823fc94ec3365e5edd617f8b7
af98908c1dd43e21a3ba,3996fc216142a30e1f7b60bb,neg_cities,172,Tianjin,transfer,reversed,0,train,c9724470d68bcba9d18fc3bb4a5a810eda95211b21041c18ad4069bc26ed9b62
a7dbd712c60007742247,909c0c21fb0d06e39cd9121a,neg_cities,173,Tianjin,transfer,standard,1,train,18d06d81e029cd4af5853c30004d75a51ffb169461ea97b2e119ea83d9562414
5810075b941452c3fbef,79f4d4f8dcc6491e45679d66,neg_cities,174,Shaoxing,transfer,reversed,0,train,d9fd9c5b052fd5dc0fa44f9b6bf5b5a35ab88ad915f3e3f8d85c7446546313bf
969f2028c4f059c07d37,b62f25f53c1638178875adc7,neg_cities,175,Shaoxing,transfer,standard,1,train,50153ef0babcc36d25ce0baa411a9a4a54f0f4b52f4beabb0f7321c7df8a2531
1656d789a61d36007c78,b8de4339eb9ee48b72bcfdba,neg_cities,176,Hangzhou,transfer,standard,0,train,3481ce92485fbf3b10e90189fb80b6924b065f609a51f70810a8c8381608534c
f1b283bf6ad8b7e28711,112c757cfd5cf9c83afdc5b7,neg_cities,177,Hangzhou,transfer,reversed,1,train,77701426f93c9dc198fe431b2320ee8893ead01305f08b761e8e403e83119b8b
e68ffb9f417ee06d3633,d48108d07546eb1cacb8adca,neg_cities,178,Mudanjiang,transfer,reversed,0,test,1882cf277329d3dbd957015d4e6e54f819fdbf5512ebfcff95e35790c5101fb4
01a94a7bf47b2df0acda,f0083a53beef5aad7341e034,neg_cities,179,Mudanjiang,transfer,standard,1,test,ead7b3e67f6fbb9f606a751784fad4706d6c640843879700acb208ffc118942a
771c414340e1963dbfbd,1800807279f4a7477d065e51,neg_cities,180,Anshan,transfer,standard,0,train,9faf289ca3d359104f762d89f080f4e4104ec9858b2544f1b2fd389e5e8650e8
63e2e7b81d0929f713a7,427dca749c38fae2f6b9b052,neg_cities,181,Anshan,transfer,reversed,1,train,e57e012b22101094e490a330338553d6f0233c016d8b0b2d58ccbc8f25f30e28
174c20ec8958512b19cb,e1d352c4f56fb686362ca7a3,neg_cities,182,Porto Velho,transfer,reversed,0,test,acbecdcf0fcb1f15426bdff51b3cd648cd926a6692af015bcbe769b189ca4acc
514dadc04cc7bb104050,71b9ed65ca3b7c1ecd0cbe41,neg_cities,183,Porto Velho,transfer,reversed,1,test,30609b7ce620175cebb844587fcad94e1a7f7d238ed6b610c5370b782d67501e
37a1b1906392fb2eaeb5,3425bf863802d2f24dd3c428,neg_cities,184,N'Djamena,transfer,standard,0,train,8002d18140a6cebe05ad594c0beeccf0458095618f36f41d22b79e79b4c5579a
e0ac47fed39d9f5486e5,3c2bf01cdf64ddaadf09a819,neg_cities,185,N'Djamena,transfer,reversed,1,train,fbe1a8334f1ccd6567e58d482698c771d7ecfba65225db834615f8b2c0951178
01836009b9e7e4f1efc9,9ff615a83212258108f9eac4,neg_cities,186,Kayseri,transfer,standard,0,test,a39c5703445d927ded31be6e6ff979832f0059c6be4c6ba0e843fcfef4589678
1325e0e6adb230d3fb61,bf242e1b02181e01af024104,neg_cities,187,Kayseri,transfer,reversed,1,test,6f4f35e2b5f405f250662269b38a25db3c46a71641595c9c52dbceb906396cfa
d776e8696af18d337aa8,2a6fff9cf2baccdd94daf2bc,neg_cities,188,Marseille,transfer,standard,0,dev,430e5a60a9380d5beb706a05e8381e53617edeca99021bda4585ccd103399b9d
bfea94798b40135e8a2e,ae5d02825221c114c25e8fe8,neg_cities,189,Marseille,transfer,reversed,1,dev,ae56c679b0bf8bccbf6492d859b4b506565e87442a42b2425ee2a37369295882
0ebf57c3f89a53fb8114,65af05dbb43e27dc05b37a18,neg_cities,190,Lyon,transfer,reversed,0,train,2d8b2725997cf05c485d8f2b73e96bc0f882aac93d3f574fd2a9f1fc07ddc71b
461e29fd4e6579540343,d283447895200d4c8f548311,neg_cities,191,Lyon,transfer,standard,1,train,022f72dfd567e22350300e6df8d540ad0034a7cd55f261a6967b00c0307a7e6b
7499f6aba0b02e175c1c,fd0dbf828a23b5d0d90edb4f,neg_cities,192,Suez,transfer,standard,0,train,3098cdaf2996f1806f448d5e83464287b89f3d628f36c3974a1f5d9ac3f56203
91c59726533abf792a18,aa38087cabb140c6b2fd0946,neg_cities,193,Suez,transfer,reversed,1,train,0925c9429016647ae6cecc2ff59d41c02d5ef2ab1e8ac3ad2123dbb4e90586b2
eef623d590ae9d3cb189,a551734c9a91a69e4308d3e2,neg_cities,194,Giza,transfer,standard,0,dev,595a64aa7e63b4677aa8e95a193b4ede976e016b99afb2204189d7c4996f63d4
87ed41cb6dcc50206454,cbef0329e2ccb7d87aa02e66,neg_cities,195,Giza,transfer,standard,1,dev,f1351091a2ef43e3eceaa4b2db6f6720f9fe0e0cac632d484baef33d1d5038c8
a60f881d0204619070a4,e0d189034473370e0bffe0a0,neg_cities,196,Naberezhnyye Chelny,transfer,standard,0,test,7a9fca566076d20513e1f4780a1962ac0d7ac0086fbf9f7fe58afcf45cf5da3c
13b50639159300e0bdde,acff8ac130de2a0cea5b552d,neg_cities,197,Naberezhnyye Chelny,transfer,standard,1,test,5a9fd63be7818cdc1d16f7c6bf7d85f052a58b60ab4f4312f3032c5850905181
0b2f05cd7170f4f5d931,034bfaf8e59f49a764795687,neg_cities,198,Mukalla,transfer,reversed,0,train,f1f757e51f68ceac79946107060429c66014bff1052f70c20e66345750c940bd
83252e3ceb0e4f9534b7,ca42d878764242b3c225f9f2,neg_cities,199,Mukalla,transfer,standard,1,train,7674127af51ab7d3e2b0abdbbde4ccc72f4404eafd6d66b09bc67a3f7d2df9dc
03b4ee79e089a9f85a76,56e644c8f199803806dd81d3,neg_cities,200,Harare,transfer,reversed,0,train,75bf3f4a669551eb219acff84ddf4c4bebcbc7cad74e0e1dd4b3c87467271491
a5339286d75496427cfb,8f7419975ea20aafbca2ed17,neg_cities,201,Harare,transfer,standard,1,train,86c2b9f3d9afd38f48e080027b43a6a0999d9750aa564c3ef8eccd371b74bbf3
05f46f890dea18675913,32973680ec8a3754269a60a5,neg_cities,202,Sevastopol,transfer,reversed,0,train,73d062b39335a10d584b7914ab8eaf7e6e4791b9322a0f0bfd9d6a7a6c67edb7
7d399c2455eb9c653cc2,183159e77e1a822775e3f877,neg_cities,203,Sevastopol,transfer,standard,1,train,ad155fd8fcb388450f566d617e243c7b7aa089955029fdc2ada4fb0bd49e1646
a920412ab129b5fe4992,c1e525461ff32aff225f10a1,neg_cities,204,Lipetsk,transfer,standard,0,train,e9d1d0653a32af93eff74c2303df61ced2c02e22ef12c832accf77288ea5409a
b19e0398f8a745ba5434,496d49bbb024c9c62b62874a,neg_cities,205,Lipetsk,transfer,standard,1,train,34632499511ae77e101674fc3bbeef0cd8872bcbbda4fb3a6a2abc43b37eb9e1
e69bd948569f0444b4ff,e769b9fed736f8c4a1ccf2fe,neg_cities,206,Istanbul,transfer,standard,0,dev,7dd4ed887ad8b4c9bb6615220612cc1d403d602c0496ff6f6b5f6f8ccc26122a
002725dc75ec14d16084,6cedd001c5e6ddfd19460963,neg_cities,207,Istanbul,transfer,reversed,1,dev,682855160527d3c55ee3a5995a5c04424ce5c88f0ffffdf80a014b46fbb47828
34dacc2b8b0762901068,eeacd97822164ae7123fe3a5,neg_cities,208,Callao,transfer,reversed,0,dev,81730eb045333da2c5d07b40eb53415080b8159f0668c7dac6901fd9b95701f8
940f00b1e7481e9b8e8f,54eddf423ba90fda93554aec,neg_cities,209,Callao,transfer,standard,1,dev,1b6e404ad0f209045b0bbddedb90865c8dfc2ac81a16b14300c076abb083219c
95e00155a90a58d29e1a,7d55ab61b2925fd701c51f03,neg_cities,210,Cebu City,transfer,standard,0,train,670500f6bb9d58412727524d53f818cfba81f183fc86be0246eccdc532ace313
71a2a93cca112d5710eb,29c2c8b66724c6040b67b408,neg_cities,211,Cebu City,transfer,standard,1,train,7971cb7a86de55e121930b8b93226584780ca48656de11963e6d8845dc9f5978
e3020a3cfc32cd55c3d0,ce97d6d4dfa1975804c6592d,neg_cities,212,Tashkent,transfer,reversed,0,train,7f2ad42b0420ec9087c8a50462486120e8e94d12ce972df5840b13dbff0d4e63
c691c81dd3d61ee40a16,5e5b684ec3406a81d5a6c3bb,neg_cities,213,Tashkent,transfer,standard,1,train,d8da85f192e4d8edf9ef5991797d255a6d35cda721fc4d04a9ed638c70fb2321
5f4c4e20ccae8d8327aa,2a3d84948a5434c4abd5bc3c,neg_cities,214,Maturin,transfer,standard,0,train,e90a47f13afcb4912d6690a33c4564fc3d51d3905590640f481c000c18fa7d90
daf89fa463028861fcbe,3c0887443315bb7dc75eed26,neg_cities,215,Maturin,transfer,standard,1,train,88cd18a23046b0f79e67a96aaa4ae05ec8e2c98e046e8aa8f88d821469bfaead
21768e7246c4f38d6f02,60ff261a3c49c6f873bae5f0,neg_cities,216,Hanoi,transfer,reversed,0,test,e26816e75de2116886adbe8c9fe49b179e523fabe05400b00699b6dbec70a044
75b287758c2fdea9d4a3,aef68707489dfcccc7d50771,neg_cities,217,Hanoi,transfer,reversed,1,test,dc9c23244fc58fd08a9d7d77d2cf17643c09d3b756883d8d6a78313452200207
a72ff123244c21abff69,25c8ad7e4134a3b14683a095,neg_cities,218,Xuzhou,transfer,standard,0,train,90810b83528cae046821a0fb32d05f4e68a9a24df1655829177bbbf4d7085024
5230a4d819c78349fed7,70905a8ff942628fa6f5b2d5,neg_cities,219,Xuzhou,transfer,standard,1,train,fc462d98ef4b7a61f1d78dc4d43668b1beafedc3bd3502e3998abe9e0da824dd
6d2f5e232cb701963814,c242a4cedeeef91f8e32e41e,neg_cities,220,Cucuta,transfer,standard,0,train,f90d7636b8758cfeaa2e1b6ed2df8c8e27664941ed3636f0f4a8ed8ec0431c5d
d7ebe041133522a050a2,e27df5314a333ac1d30ba06f,neg_cities,221,Cucuta,transfer,reversed,1,train,58fa2a2973037e7732654c4dc9e3c09f62238d76f1118c7adc8e000cc6bd63ff
1e87e7674e4f2a1e9fac,cc79424e90738e5cd1552fb3,neg_cities,222,Santo Domingo Oeste,transfer,standard,0,train,fb89b7d328c4480b8884596e26014dd80f2a4f2bdac9045a0aae3c1d7a6ca1c4
5f3b5937e4e3423b7fe6,f74ad12b0a115410e2efc194,neg_cities,223,Santo Domingo Oeste,transfer,reversed,1,train,3822ab3f2c097d0bda8a8a4d9fcba85c2ae09d15487f3f722ea62eeab577dbc3
2bc21097e355c54eadae,43e9fe976b1f313e986c3192,neg_cities,224,Tangshan,transfer,standard,0,train,08a574d6d6fc0261d25c2b6c0b89c1a1f028110103bc4cbe4b6b8a58c061a7fb
03d14d8e8392afed3b1f,267e1a8fc7b90d5a5c55f614,neg_cities,225,Tangshan,transfer,reversed,1,train,affff104a4aad7a5225d8703a5527690011c358b60476f4caa0a288c31663962
b07f8340ee25a8c36b2c,b4ff17c8f6e7e9a442f040d8,neg_cities,226,Neijiang,transfer,standard,0,train,36252a3372f4f61617ecff45878a5a6f6212f2eb7f199c03b4051439f0a6df4c
c3c32f3696e6b5145821,2fd77894adf588c68b61e612,neg_cities,227,Neijiang,transfer,standard,1,train,96479b24bfba829152ee0342ef9b4842dc84f824f433ad58a16e03bdd4e6ce9f
819cfe0859111d4efa54,075819a40d18334d9c0351ab,neg_cities,228,Linfen,transfer,reversed,0,train,030a7a6bd75d561c4f9a8580bb07cb661781e16517d1cac06fb23a14907d9582
0ab57052a544dee04048,e018da7365ac55b3fe4a92c8,neg_cities,229,Linfen,transfer,reversed,1,train,5deffc7c6f746e572dc1432e715611ffedaa94a8bd7edb4a06077b52e823f6fd
46163548a6c35e60f27e,d8d16c13c04f3cd71541d33d,neg_cities,230,Yiwu,transfer,reversed,0,train,e205b78c9ed602e19024a2b1d2bca3d11dab4b7c58f5619ba0d0920dab290daf
604239ff2d3acfed9871,1fa3ad149232a10e89488733,neg_cities,231,Yiwu,transfer,standard,1,train,82bea007fe156c360249665091ac1251d3dbef3a4723e46a2cc5fb576e0b473f
5f4badf541d5bb96e463,abf64486f1335ef93af2fcd1,neg_cities,232,Qiqihar,transfer,reversed,0,test,898bed76e28e0ac1579774d5f5f55402efd1ffd85283cfcdb5025f4b63c370dd
cd79a06032ccd2f29771,473e1a18aefb090f5808d996,neg_cities,233,Qiqihar,transfer,standard,1,test,98086d0a7c846c85af87ed3ed75278d043f9ddd3689cdc6ef77a6d3c0fe04cc4
e85f3a8b025be959097b,8d106154d38bc69c0b7a4b46,neg_cities,234,Baotou,transfer,reversed,0,train,99310b23d63aa94ee154bfa326b9b149891d9d4a919a6b8d31a31dded8fc8080
da7c5bda5fb8cec32008,75fcd15d7f8f3da492ac1c2d,neg_cities,235,Baotou,transfer,reversed,1,train,a14488d6659dcebe11b058d01fd236b6aab9d60ac8012348689212979c05e751
184bfdbf21b7fb84b887,065fbb036b5196d41e02bef3,neg_cities,236,Aparecida de Goiania,transfer,reversed,0,train,671bc120f5df00af266bdc5fe25968b80e2b0fd87b7b358d88d7340980c2dc95
cc48d7fd66a05788203c,cddba9c62a82187fb101d1ae,neg_cities,237,Aparecida de Goiania,transfer,reversed,1,train,daa9db3e6d02c75fa5f48d89318757f3ff431ba4ac3d4d0521d882d5b807981e
7524af8ebd4a4a9e4b3d,aa490f45e27f10fa70309aa2,neg_cities,238,Kinshasa,transfer,reversed,0,train,fe85962eb1c5ace389e6532aa29865304d49a4439d2a5c0ab928bbb79ac4d34a
03bd25ab689edfe6c031,51e7cf8bb388e9db2869d4ab,neg_cities,239,Kinshasa,transfer,reversed,1,train,aba4bcdd2055f40daa3e7727d33d9d026f43d1808af880a19292584a0bed5de5
dc90c2849781366b4806,95501afc9b0280b82dcd1234,neg_cities,240,Ciudad Nezahualcoyotl,transfer,standard,0,test,cd9b367e4b12c3d4a2d9a1b7727bdbd025936618b96867e568fca07919eb3522
7ede054ec91e6369f284,c75eda9b9645fa1ee60c278c,neg_cities,241,Ciudad Nezahualcoyotl,transfer,standard,1,test,5f3a63fb5b064c25887f2b69e198e00f69741d80e760b7e6dd1821c1ee92c552
756106cd19d3e7f6003a,4a2ad56fdd1db31843173ab6,neg_cities,242,Mexicali,transfer,standard,0,train,1b623a6be3e66317504d54644ea5f3d331d8fe1a6e7828be8fcb8e038270cb09
6ee1ccf434dbbf2ba2f8,658255f313c3bbaa4c6c5ea2,neg_cities,243,Mexicali,transfer,standard,1,train,efe48bfc1f51f333eb12960fa5044d9e687cb61b64f12dda92acdd444bab6b45
7274fab35b5492ad13f5,b02c3407d9f2c26926255609,neg_cities,244,Ciudad Juarez,transfer,standard,0,train,f617e53ca2b42f219f27bb35396c5d1f584583740a16e4fd648ecf4d3ee2f716
3ef62dbaeb995136c07e,94bf4c0abfab5f5abde8af47,neg_cities,245,Ciudad Juarez,transfer,reversed,1,train,b598cd9d9799572ab530cc1861be0eb6e4f453c047694a8c359a40a3c3a57dbf
53dff37bb428264c90e3,76b6be285a149f110af36f71,neg_cities,246,Kampung Baru Subang,transfer,standard,0,train,9f7b67e0ae65a100ed5c61ff0a9643d7000798cad7798b10e5e9232d720a78aa
1e55f03abeb253e9a9a0,960954763ae9e5cec3d4b00e,neg_cities,247,Kampung Baru Subang,transfer,reversed,1,train,3931bce5b2094c86817c22f54a4921d57419c189bdb34e666ffe5d6169c11565
b61ba8b4a75e09c25522,cc024810cb2cc05498b9545b,neg_cities,248,Subang Jaya,transfer,reversed,0,train,0baee0b68de8096029dce2608db3f3891aa7803fb6c4198cbeed25b6014f59f6
e4b3998c3a1eab2f02b8,8793846f4063cf68edf21c59,neg_cities,249,Subang Jaya,transfer,standard,1,train,15cf87cc279114ceb716a68117477694d3a1feb71add522bb85bec3cc5c462b5
3eac1e55b3e4febab621,56617baaccdb0fba66c8b4d9,neg_cities,250,Maputo,transfer,standard,0,train,72870aff36662cd7a4600420f9029cd0f4f6699f057bcd74535bed0b120a8622
d05a4e2bba39223a52ab,444d6d085a6e0d295e1a22ba,neg_cities,251,Maputo,transfer,standard,1,train,061908c8012db3408057891c58d7406694e58b2a986ed1fef4d9dc3bb9de118c
0668aa6dcf0e55e21025,01065f73066cd4125f207810,neg_cities,252,Kumamoto,transfer,standard,0,train,53dafca8378204a4576bcfdc06249e791e5afc0dcccdc9ee0e9fbb0128377940
8c6d8f8fd9ab52afd9f6,15b40faba97dfb2ab083b6d9,neg_cities,253,Kumamoto,transfer,reversed,1,train,449684345092f9c41ab7ec63555316ea49e025fb848b892199f5d91d64e6cd72
990b5243cfc51a9b8a6c,799a8e10c80e7b48729db4ad,neg_cities,254,Daegu,transfer,standard,0,dev,b0204cdd33c2c8b2a5757e6ed2f21d545a974c66b73e832dcc90ec88585efd76
e40f3965b0b59a79ce21,77e47a99e0c5d90e45a8b3d3,neg_cities,255,Daegu,transfer,standard,1,dev,50f65399b91b32f7109af56761540250131b4afd5e09daa86eb8165edbe00040
1a98f6e045f4032976c8,bc3b5e57ba1d1e16149977e5,neg_cities,256,Vilnius,transfer,standard,0,train,6fd0bc2776727aa285bbd161255cd75c19eaeae18b9cf7a152b58c2c7f5d77dd
1ddf87b541f54a248214,fe06e0cd77666a6453c2981d,neg_cities,257,Vilnius,transfer,reversed,1,train,38191a66451d3d778cd68bb5b34372bbb19ba03c81ef565a783ba2c53dbb235e
d7fca094111fb0d7a563,3538cd0c93520811cba6fe56,neg_cities,258,Ranchi,transfer,reversed,0,train,51f5e3666a2dce9a5737d10104d53cf1e2866d533eb28b6c16d1f21d968e1623
c2cde8101b784671351c,56d569983628e51ca0c080c0,neg_cities,259,Ranchi,transfer,standard,1,train,7f3c118ced199472d55f297816a970e3b8c2f59046e7c13421cfc11e90f2b3d0
6c7acc4a66c4197e592d,f437db86ccdc8d0de1e8ebd8,neg_cities,260,Jalandhar,transfer,standard,0,train,a17483cc3fd38bad8e916f0e046fb6f0fe01598121d3b0de08cc870c40bf5b41
05d14a187809d620241e,e939fd17f28a6e34d93190ab,neg_cities,261,Jalandhar,transfer,standard,1,train,720c7dc884353e808934b83905eb0917d2193aa9331e9f16b02cef5ae767cb40
587cebe7decb55809508,3abf0eff1aca93a444c028c6,neg_cities,262,Bhayandar,transfer,reversed,0,train,7ed30b3236022c0f1ec11c55fc4b51453cc7f3e14b3213baea824027a42ed589
7ef58143738e6c7184fc,1cd1d6016b0bac76f3f26fe4,neg_cities,263,Bhayandar,transfer,standard,1,train,5ef1ada2aa31bd1e4375c4f8f02e67bf2c35cd307c29de5a8d2008f8c179a325
89248ac53d9eea1df703,0534f238222681df35395d3d,neg_cities,264,Bareilly,transfer,standard,0,test,5e4591ad5a9b5fc5ae2d848a4c4867cf717abbc0d02e408def28df4805d651bd
5e48166b10f7d5becebb,996e1fa5dd5929f96b6a74c7,neg_cities,265,Bareilly,transfer,standard,1,test,05f25e2a0c3883d08905fe6aa062f1a7f61c639d117aea5bf1a52460a688f70d
3dbbaa5be8bad0b945c6,8419a52573f7a32f37ab1f55,neg_cities,266,Santo Domingo Este,transfer,reversed,0,test,a0cd69f9953086d46f3e61816d2fc2a5655d74c8ca46399c2e6e0bc75f8219e3
65b758c4ca70e8fc8f3a,a1d01ca82c0d4ec1e0ba5c84,neg_cities,267,Santo Domingo Este,transfer,reversed,1,test,6bdd0f20e6286d5e5b5ce4c67d6ff0ed40dc9829197f29e602622f9fa8d820de
ba1f66879d463c37b0ea,1558d122d1d9e00c16ae777f,neg_cities,268,Al Fayyum,transfer,standard,0,test,f876c685a0a15ac36c2c636727046a6280f6eb0a338435b715962282ed1c2cc3
58da80bce59646b87341,8e5155d92caed2c1fbd4e630,neg_cities,269,Al Fayyum,transfer,reversed,1,test,b331fc7382d20b585bd3fb7630fa3057446c78f0511feefa93cc36fe8672704d
9726887620af86f59b76,ef49d7689bffb6f011cc7645,neg_cities,270,Rizhao,transfer,standard,0,train,d9a5baf135bb1006d494368f31f8c22e46c45a786922b4d4f69528743c8099ba
80188f2f03669fafcc41,35fc4b5524c1b16b947d1753,neg_cities,271,Rizhao,transfer,standard,1,train,a46732ffbc8cfad1dfe0d3446ebd6cfb54461e6f819ab4295bfd8295bd76c8ef
cce9e5c6c0e7d401d5f2,735e33d0ee9aff33129dd807,neg_cities,272,"Mianzhu, Deyang, Sichuan",transfer,reversed,0,test,cd923de4c8317190d2f1752c5973ea2ac493beafba8783d0fd79b8b5a99f4e4d
0329800ba7672396716d,153bd3724ccdf8a60c9a803c,neg_cities,273,"Mianzhu, Deyang, Sichuan",transfer,standard,1,test,d1ee70cbad7bf1646e4f3039f6432dfd9a91a5dcff4698ae836264fa79f4ed7b
19091915add0c6f0d8d6,214b000c0713982b3583c820,neg_cities,274,Jabalpur,transfer,standard,0,test,162e5c348d9f993138cb4d0e57b7c59ba24ecc84c6285b1e46b5df809a9fd977
e7d61de5919611352667,53f8a2d2bad80144856809fc,neg_cities,275,Jabalpur,transfer,standard,1,test,3614b6319d88fbd7717d577bc1fdecbed33b437c3ee22f09a6c5bb91e92f583b
05403699e0487d1c8350,b678cf0877f6493cf9ab2398,neg_cities,276,Bilimora,transfer,reversed,0,test,9a5778ade9a4eff8fbd340cb962594e3a0e4c0519fa8c857de6b6390087c7698
61cdb3cada8da9e89f78,0009bde42a5b1dbb329c5f42,neg_cities,277,Bilimora,transfer,reversed,1,test,0f7166f97e6c44a99c46bb0bf10e89fb5a9a02116fd0fa17f8f9b6305c7299f5
07e6f6f8b699a75b84ff,c3f3e7fdf0c6a0543295a480,neg_cities,278,Accra,transfer,reversed,0,train,bd6284adea5ab2346dbaf1cbf8055c97396d409c50f9ef7a173c224c185390a9
f48b22178b3967c02bc6,62f9bf933dfb20fcd16bd0fb,neg_cities,279,Accra,transfer,reversed,1,train,f13dd733a33ac2661588b6a30016b324d87eb415212c94ee8cb2532c4c6d1d6a
7ef7a3811722edd95008,d3dba0eb0f000f6a46e07fbe,neg_cities,280,Bogor,transfer,standard,0,dev,a5409257dfe5a542c53534fad329bfced4ea6deb52d811be698c238fe3f5854a
6df747bbc2ecb6b4392a,76df536259dc0afa23741816,neg_cities,281,Bogor,transfer,standard,1,dev,e7fa76fffbaa8aa7806d1d8484ec52f379661c76cd5533b73af90bbccd6654d9
e00fe6d9c83ab4c5e237,4deab8d582027fff42bdcee0,neg_cities,282,Nyala,transfer,reversed,0,dev,d44b9f09c824b9878a8384d7dce54d2f860a6b39d93e0fb31d960af96b23ad11
804a6cfc53b4df68a887,221dc7480d4ea091a8d041b3,neg_cities,283,Nyala,transfer,reversed,1,dev,9e493f95ca559855261e43087a9d23621364cfe11dcc51447b40afee4ea455bc
bb57b527bba16dd2f022,21396772bfbcc77635ac5c42,neg_cities,284,Eskisehir,transfer,reversed,0,train,1432cd4851aa93ee030ea189cac897bbbb1654d1c98b60998b0c8d3efd8ce3f5
863952ef12ec195b9461,591627bbc591022eb82b2002,neg_cities,285,Eskisehir,transfer,standard,1,train,60dc75621880ed48303a97f76f141ef8a682ba116962ba7955382b891cd6f749
da0349f9068af8017b25,72a6a683d791f3a15b93c472,neg_cities,286,Antalya,transfer,standard,0,test,8790752805d929838fdadb83cf463c80a662059ee4a6ea33558dbf9d4b64af8e
ad6f8406bb52adae93fe,be612650e48319cb343cddf7,neg_cities,287,Antalya,transfer,standard,1,test,ac9b95a99fe6e79e37d9a619cadbea372c6c47fc074223309cdd79db841dda50
40d3084ec3d226724645,d9fa043b994d32f5d5cca1d3,neg_cities,288,Dnipro,transfer,standard,0,train,bfa670e2920ad2828187ca3ffe930a43593597b4702bff3781595e45667c1633
b2af8812216417e2cd82,a31489fedf2d62de4aa030ab,neg_cities,289,Dnipro,transfer,reversed,1,train,dfc104b59b11a5ed241c170ca761eecff2ec624dfa7cea14b1a04788452d6af8
8487749af391bdfcbe45,6f35c840da4dec8305c29f9b,neg_cities,290,Khabarovsk,transfer,reversed,0,train,4532f945b483fbb67b81a158bb06969e829ad920f55e8581cdbf9150fff54968
821652dbbe870c9f97e4,ff482a6058f7d25f0079d666,neg_cities,291,Khabarovsk,transfer,reversed,1,train,b99b9fc96c947a6435b4a64185ecc0ba9e955eaa4a752d9e9ac841807231f763
fba8225a0c0ad2585b78,cb737440995fad05fa3162dd,neg_cities,292,Irkutsk,transfer,reversed,0,test,574b40851ebf449a09b97bb1d521e1b6f313442fd5d933af60ec54abfa728d55
8fbffaf8ca6224aec7a9,d2efe9a5da74345fc3f6cc8c,neg_cities,293,Irkutsk,transfer,standard,1,test,76e88a7479ac1d0787fa70058da7d4ed1724eb60742a2a8e7072c65f6c9d5676
d760582411b71961b1d6,b6d9933e61425791cb4df2ae,neg_cities,294,Libreville,transfer,reversed,0,train,578679269b8316fa2da0d05529627effd1f0ce8f93a149e8392c03671181a56a
82e952fda93bd734323a,e417781e7ad49c77f12c6526,neg_cities,295,Libreville,transfer,reversed,1,train,eaecea77f69f1168dbaf355f013560ebdeee54b1d0409ca013199306cc7ab799
e58a08b65016d69f175b,4ea5657e24447dd9f8c210b5,neg_cities,296,Santiago de los Caballeros,transfer,reversed,0,test,c238cef019cf39363e15e56733b30efe4c4df21a900855e21815e1ea06559bfd
91dc9a23877ad7e889f5,6c787b85fdd9851705b04d5e,neg_cities,297,Santiago de los Caballeros,transfer,standard,1,test,681b0f3abc02e8eb348d25f10891000371a9211b19da3ed24964e0f13f3f82b1
bffd0a8dd17371d1ff51,2d8fb6969c26a3d0d53c8c54,neg_cities,298,Algiers,transfer,standard,0,train,d1482b35e46726671975b5c7599a477b7a874e6908ae88c9deb846a6c9820a37
c3025cd412d37fdaf25f,c187d7379f9089e9855c7fab,neg_cities,299,Algiers,transfer,standard,1,train,9fe099c263447060f2d64b2d2860834ff67d52c869cd43c2a13bd0da9bfb0c38
dca742e4520b56a87fae,dc506c646512fcae8f6d3050,neg_cities,300,Nashik,transfer,standard,0,train,7225a2299618fe93f34f9f907494d90112de48ac529d246aa6f575c374b33f00
e52b7a2896774b9b99ae,ae162255f6726113f42bcd39,neg_cities,301,Nashik,transfer,reversed,1,train,8c4a806e7dbb1f7607701cff0eb0dcefd100681b863a1ccbe421d91e3a497d8f
f0a5b0a49bfbaa1a25f2,b443e164f3a45235dd2002fc,neg_cities,302,Karol Bagh,transfer,standard,0,test,eb09008e2cb97146e61bf9ed5036ea20ba9f69714fca54452a32645c08321e33
982a88f6f854d145c4e0,50d9e7ca77eb985410357c2a,neg_cities,303,Karol Bagh,transfer,standard,1,test,19001159a70012d1e9a9c4a82d21752dcde00ab4a1c1f4199e986223077151b5
36c400daf1952f07b37f,98732249614cb794f7184275,neg_cities,304,Orumiyeh,transfer,reversed,0,train,a3c7811a5e8937a1a390ccb3f056ab9c3a7494f03510385de7cd947294abdfc5
5eeabb8d4a10b132ce3e,1b28d6182f55f7aa93a6ae81,neg_cities,305,Orumiyeh,transfer,standard,1,train,27bed0f7e6706e88544624af88ae5d47eaab812fe90f6c67f41c6f366b0990cc
46d92350f8ffd306c090,d5d09926212ac88b67cea4c9,neg_cities,306,Zahedan,transfer,reversed,0,train,9a0ac598d2785eb4f06e9cc2888db262bf41be2c88befd837806521382b87a13
ebbad38f393dec5ebc01,c7cbb2edde5426a0070873a1,neg_cities,307,Zahedan,transfer,reversed,1,train,d5d9e5b7c2d369a28579eb959cd17f3d1566c3fb05a2cfb9f877d04fd3d07fef
9e7cd2610cc077a4466c,7bb2e73f50c1a5da91a8b336,neg_cities,308,Xuchang,transfer,reversed,0,train,f78befdd8adb9b637c0a2b931d67de8c1379f96f29db74b16a738e146af86d9a
6bbe48ea887824b98beb,8753d4f4a70a0f8febaed14d,neg_cities,309,Xuchang,transfer,standard,1,train,114d868ccb6bc33298b90348a3746d1f86537b88f4160d32d7d21fe044601cd1
b9caef653b6f746021eb,9e46b345632cc4554c7fd316,neg_cities,310,Changde,transfer,standard,0,test,d385cf48f70e78ad400626c58dc95dfc47437d218800c7e41e2f8b5b8402bed3
143971f24d7dc871271b,336f6954654b887848349c8c,neg_cities,311,Changde,transfer,reversed,1,test,cf18f63186e605ff8a654459582b9ffc3572afc56749aeb1a8c982ef6f2718db
95d2dfe4d454bfd29467,8acc0abe91f565a4fce80f55,neg_cities,312,Shaoguan,transfer,standard,0,train,cd77ee0ecc92ed4e7deabcb157a1deee719b7dd535d1a731fe6f6ef18df29ea2
9d456c778aa40e9032bc,a675faa2862cf34ad6b21f31,neg_cities,313,Shaoguan,transfer,reversed,1,train,ba76ba86f0d81fb60aceccc287c2569dccc57da407c7d7758b2f4f3553448383
9f963627555b1949172d,a9e4ef87cce63a66276c17b6,neg_cities,314,Jilin,transfer,reversed,0,test,707e5dc52da49a83f348700dc3da55a9df9d725a85c38079db9fa715cf532e37
cdebc21bb1768d6426bb,7ae496bc80f1784f5f9e95e1,neg_cities,315,Jilin,transfer,standard,1,test,de7430d4ae02cc598715fc0ddd2c59564c6b8f0262c0ff60f62323bd174fb583
934164c5b434c44573ae,3879f4c372e356643466304a,neg_cities,316,Manaus,transfer,reversed,0,train,57d81f1ed39cf0b152085b9e78a22dacce5fef25a81084dd849fb42b1c911d18
b0e7791846038f3ebe67,88164ab48e1a29ec613a0778,neg_cities,317,Manaus,transfer,reversed,1,train,a4181e4ae9932101394a177d07f68c88983a413397aeae1904ecdaa6de2d5fe9
fc10fd233a466cc3b57a,dc896442d9778da37bd49db7,neg_cities,318,Jaboatao dos Guararapes,transfer,reversed,0,train,611bc605c4df715c79c60c6a4a8123994e17fce014081eda4a9f74bf6c63eb1f
040b980b2d4a1399c1db,5c3bc45dd488af0bb4de048e,neg_cities,319,Jaboatao dos Guararapes,transfer,standard,1,train,d29bbf2ae28a565344206c3e6a1f47a96bdc8d15b5b4905b92b2247abf4f94b5
38bb4684fd16c1c8c64a,3d06058670e087119fe98cff,neg_cities,320,Kakamega,transfer,standard,0,dev,822551e7aa42d082134bfee3c562fb7537eb43d98e20bce23f6d0a6a0f6b9161
43ded37e70c265a9be95,bd57b951afac3140932497fd,neg_cities,321,Kakamega,transfer,standard,1,dev,05b69ae401131bba060b19fc6853a99effe76bad2515165d639b0e1671dd731d
96fa4407cd7c8d0e9e31,143e1dee63434350a6f4e48e,neg_cities,322,Agadir,transfer,standard,0,train,c13beb7f893c625c2d7471a7c1ed227d83c0c0397fe3d36160d0a8ca3b0f32f6
2d29c2f6d921e9cd66c8,b29ecc4edae0a05c4cc45c5a,neg_cities,323,Agadir,transfer,reversed,1,train,ff3fb886d7a9d4840a86e4994229919acdfeb3ffb5fbf76d56ca8bc8e4a6dc94
2959589e23bcce9cfdc9,bbe4b4f7ec2b583b4aa2dd84,neg_cities,324,Ulan Bator,transfer,standard,0,test,b5c685f8b5d7368db4f1a0ed0818984383381a4cb131139e337082defd9f3a5c
16d9fd66df5b5a13c141,f44249400f134913ec5a2a73,neg_cities,325,Ulan Bator,transfer,reversed,1,test,cbe84e4446e0de61e88cbad75e3ef6e8a00abb2039eef652e4b9a7c80b1d90b9
e3a5123cbfa04beb78dd,5800751995817d144c6f98d7,neg_cities,326,Muscat,transfer,standard,0,train,4a938a38feedd1e06ba0b982db27520d51e1c977ecbc97cfb035babcb3db84fc
b1652cce7aa6ffd4b7d9,e0a2be7b8d4b8b99f388ddd2,neg_cities,327,Muscat,transfer,standard,1,train,aa3907f30ae22a23c8706de7ce1cce89e5c0d1df6e017d3f08781739f719b672
3ecbc96c3a86bea7e550,91dac7e31ec31fb657aab2a1,neg_cities,328,Paranaque City,transfer,standard,0,train,e4ed11d9446e96b19e119aef78d2dfee0c09d8448b081c650bdbc59651eebf67
3fae4f2781c6817709ff,26c81ddc173dc6a51e031e4e,neg_cities,329,Paranaque City,transfer,reversed,1,train,75a77d4bc46ca350c060d6c04b5ee7ccade280c8786e443e262640c264e2bf61
b23e8b132072a8ae31b0,bf3b71b959ae2669870ac57f,neg_cities,330,Rahim Yar Khan,transfer,reversed,0,test,e38cfc403b95a4c5df583ace6945ebf977954f6ab8345bf5df0ae7ddff208119
7222ca1fcaabed9428d6,88e2cf38a45359a5d43803ab,neg_cities,331,Rahim Yar Khan,transfer,reversed,1,test,b2273cdf4d7f9f434c493c7a09945868fc2a7d406528edd1c69f1d6636b6e905
dbb60a9232bc4b8fe8c1,431211d72b56e15ba4df7e04,neg_cities,332,Balikpapan,transfer,standard,0,train,8ad45a48617227a3c157f674cb6548dbd5e37aa843b6bbdff9c4438bd47550be
c39f43311307c0a2c75b,19ead1bd1ca04104050b2ee4,neg_cities,333,Balikpapan,transfer,reversed,1,train,c2255b2f9de155ca6c7a2960e8d5a727ef1b9b6ec3554619ed2519dfe9727211
564d34173c6affa8ff1c,727861633ab446ee487911f1,neg_cities,334,Guarulhos,transfer,standard,0,train,27b6c04fa722aea1199f954fc1bba2a83c8066b5a65b0f44bda86bbdb58ca925
12fe669021c5207be16b,7e3800a84e9d19e8450ed263,neg_cities,335,Guarulhos,transfer,standard,1,train,39dad5003589e51daefee424687cec511851def4b18d9f461539dd98f5e4fe57
d4a1ff7f28140487954f,45a6b4475f7746da2c3a139e,neg_cities,336,Volgograd,transfer,reversed,0,train,25362c4f041f3204eecbe07d6a6e90904a6c114fed568b6e7137e7cdbf110fa6
31325974f400b184d748,5fb988b7a34f57a88543aef3,neg_cities,337,Volgograd,transfer,reversed,1,train,38944644135323d5feb18a13f5348e86ee3dc06529110bfa18ba3ad13c9c101c
b072639d6dafeee79472,a27e026c3e78f2b161bdfb05,neg_cities,338,Ulyanovsk,transfer,standard,0,train,0cbe8a882b86cca4e1c15018b6757aad27a9c57f791a0a610e34b6d1a5c7fc91
e4532cc5a031484dc3b9,4e12a7e376442b452f94ad14,neg_cities,339,Ulyanovsk,transfer,standard,1,train,55b13c883ff7d1acfbb97b601f189da338230b82e8d18dc5048754a2b398ae87
bfcfa24a5344830203e6,3654ea9d7a9ce006daf53856,neg_cities,340,Kota Bharu,transfer,standard,0,train,c0fe53554921624d5915c2aa5b73da3fbe6b79433bac9d5a8225ef20e14d0ce5
b10010fad5005423c4a3,2e0fb673992dfba229344661,neg_cities,341,Kota Bharu,transfer,reversed,1,train,53dbd930cf7c658e27bbe92bd1550fb25190da209a901723c93123aef8096bcb
ce681cad2c94c740650d,bce4007fa282aaa4d8a7136c,neg_cities,342,Sarajevo,transfer,standard,0,train,e1b851d790bb260285aa80c56ff8acb6d77277b5178309129c274fdf84fe8a5c
408b53fc83e50679f8d0,ee26045f5eacb1428c3a934e,neg_cities,343,Sarajevo,transfer,reversed,1,train,c2c73527d1b95fb5e01e71d188fff702f4ee631a10f94ebc55785208536940a1
168d8d1a6f67fac5c1c8,c5e7a33f062fdea46521d9a9,neg_cities,344,Maceio,transfer,reversed,0,dev,8ba06aef30bdfa1d9a13e27af80fdc4093254a069df2a362528682a76e6f7032
b19f924e868902d9992f,b16680b50c088e5e7349317f,neg_cities,345,Maceio,transfer,reversed,1,dev,8e204d74b0ea17dc57999e6565684a07154e4cb4bde6f12dd07aa94bddf1ed7d
5f7ac4c17652b7525c2e,28d06da4bbd212c19ac3c4d5,neg_cities,346,Joao Pessoa,transfer,reversed,0,train,94b5de18a964aa3da080f47a274f9d22928e5ba6e8734cb195a081470904a774
a0764936837e5f3df83e,3ece98c6a676412a46d1a430,neg_cities,347,Joao Pessoa,transfer,standard,1,train,27437b1e4bb56da66134c18e7dd25ed202cd3b2a6536e4aceb314e2a7aa46e6e
0cbe5ad2e9a7597466ee,e905d6c894c7aeefbe685a14,neg_cities,348,Shangqiu,transfer,reversed,0,train,6360db2ae63aba558d19967d61141b7c47a7761480366df23965953f3bcaad7c
4ad790c72436892a1462,9921c1fef6b9c0b89ad5d949,neg_cities,349,Shangqiu,transfer,reversed,1,train,77d7230af1d327f9da541a05f7c6febc1438d39a027b8ee6a2bf63dc95167431
99071e18a2325f9941e9,80de5da247f6985b17c2055d,neg_cities,350,Zhangye,transfer,standard,0,dev,4125364cb68f45ec2e8cc68694250e43bd4cd5f47701e9b11292019d574494a7
cf68a9289cc2535679f7,40449555880491e99e66df89,neg_cities,351,Zhangye,transfer,standard,1,dev,653c688162543c6b9cce9aba452c1427c7904de2f7f2dbbd4969974d5e758518
602864d919e3261975f9,120f303b65dca2a0f7f0f7e4,neg_cities,352,Xuanzhou,transfer,reversed,0,dev,0117711700ba6988a9d8f9d1b13a7cc496bba516b9846583106d253b7d7194f7
fce5db74a8866763df3e,bb24536044057c17795925cb,neg_cities,353,Xuanzhou,transfer,reversed,1,dev,52e3d9ab1347c3781ba9301042ebd322c29a9e3797d1bd77f8064a6b8248b60d
73f39f7dc0e3a378c1a0,dd3ea40f8dc0d2a4d8d73725,neg_cities,354,Wuhan,transfer,standard,0,test,13d61a3c209d33fdd3ff32d26ac4119fa66faff8af1c2a745203a35b9d901a9a
8f645e566aca683cfb07,32815b00c09da60e1676fe96,neg_cities,355,Wuhan,transfer,reversed,1,test,31e3a97333b3cbd073d5f4e958d1de83d0f0c1e50d814940c0ef57a6730dde4f
92721854e6e869608be5,4c9c6977ccd052d115955ec3,neg_cities,356,Nanchang,transfer,reversed,0,train,fbd2c08c650c6c3aa7a474d21d7418b8f2895c6a0c9a35d5fb169cee1c8a2d6b
ae9c8aa61e0cadfb32dd,46814c81afce10e12a7981d0,neg_cities,357,Nanchang,transfer,reversed,1,train,d6177200be49f72d4c3faa0500bb4ce6fef6606f191610eac1ac34c94f221fa8
e67178aed8f60a39fedb,b120cf8ac75dd0543c717755,neg_cities,358,Luancheng,transfer,reversed,0,train,32bc1ac1abba3bc44c4e6926e94e3ef39c330afd51cee2abd91c242354a4b2e6
710b7cb0bbdbbcf71b50,53eee0ec902f83d27d352e41,neg_cities,359,Luancheng,transfer,standard,1,train,1bc7804ccca609221767fac465395e43ef37861faa9a49ef5fcfe2e920a8ea48
f90390002ea02b515ac3,dbac4928b1023936bee1e581,neg_cities,360,Liuzhou,transfer,standard,0,dev,5c1fb35c5759fa0aa05bf90b687fed66ccff1bdb31c604582e034427c9f44cb9
a6f2dfd5aecbe69b6b86,df509c5f2216e365b2dc25de,neg_cities,361,Liuzhou,transfer,reversed,1,dev,55eda47e5d9891eceed711b5f67a21e2aa1c5b5a3a8b97a7b8d3748e1b77d3d2
02252727a23d12583d0d,5b13f2f1a8325eb34ca6698d,neg_cities,362,Guangyuan,transfer,standard,0,test,6c01dd244bab8ac982a8776eccdaa0aa1b18bacdba5470b4e8a129ba85e1e1b2
05f7bcb83c4629fcc97c,3b9ae46afb8cfb9b574561a7,neg_cities,363,Guangyuan,transfer,standard,1,test,9885d5b718940ce1e2c2d78afa33f83e2a3b993c1b3b994712136a2d626603dd
97d27b16c93a26551f8e,405050ad1ee7675d2b9e5585,neg_cities,364,Bijie,transfer,standard,0,train,f53b388c981b32da0a7334c7797f83ea34390078c78c1540047c8718861c9d7b
e2f570a31a363dc82405,3015c2a10bbfbb1ca1271b72,neg_cities,365,Bijie,transfer,standard,1,train,89eff47c176286309abee895cee41b8beb94d54523fe62fac7cc2ad5c07d4d08
5d47bd2fd613f0fa7193,aab5531f7d0d2c247a953678,neg_cities,366,Zhoushan,transfer,reversed,0,train,071713f0fc5bc9e250f12e5f009eafb3d1050aed48d11c4e26508fb01205d002
966228671210e92173e4,0b19f3bdf69b4d0f953b820a,neg_cities,367,Zhoushan,transfer,reversed,1,train,38940bafdfc4b4eeb518e07032631c256f280e65ef29737b45155313761eeeaf
4962fc30db3e03f4487a,3ba353a79f554588687b49bb,neg_cities,368,Hegang,transfer,reversed,0,test,2062871071b3d6005341564381369e2d25a254f05678889421766c02ea6901e6
6312a93a8c85a9485fc3,fb0a68dd6016a594501d4d7f,neg_cities,369,Hegang,transfer,reversed,1,test,1b7b9a7b70b22c03fd742114c5e65cc36dda58546318eb21d7367932a496b9e4
128f19153325b7b50f33,89d20896d0124a5e1cfab235,neg_cities,370,E'zhou,transfer,reversed,0,train,5b9dfd1d236001316dee24305caf4b6769c2f39376a99f948827391e6d91c2a0
ac0bbcba809cfa63a031,8a61bd88626d68a470b9b6a3,neg_cities,371,E'zhou,transfer,reversed,1,train,67af2926778d832ec97c89d4b680f35c296a43659c3163931974bd4587adbdf6
af8792e353513579ef9e,aafbb489e08cf98cb40bbc3d,neg_cities,372,Campos dos Goytacazes,transfer,reversed,0,test,932be8fd3572450775ec9d51a836921319d687d8b5ab2ce54d83ff86b12fb78d
a47214db3c91d95ec9a1,2aa9dd9653b2f579ae0820da,neg_cities,373,Campos dos Goytacazes,transfer,reversed,1,test,82c7b69be28f36ce725e63cc172562965662dcf57ca768cb1786942d4a5d8b02
f4396a115e4f780e087d,e39b0d24bebf6b3689051055,neg_cities,374,Bucharest,transfer,reversed,0,train,5e0bdb5e5df820d1fa14d5c70f08c8f9b9cd74c46461dfd31f5459cddb9aa64e
af232806c0f32164cdb4,241b243dd152f4247584cc1a,neg_cities,375,Bucharest,transfer,standard,1,train,0f3b4cef85929c2d5c4b3ddb455a15cc1e8f1ede318b8a037bac6c41092f8614
73f4e3042774c8170071,7fa60f4fa90211f0fe634008,neg_cities,376,Ansan-si,transfer,standard,0,train,1c08f3d6e0e9e7fd8abf03667ec9c29de9bc0aa29e3489fc74a6f09c2c19b6ff
b17583ce6b1d02763628,49540c5c43a8d429a92d2f3f,neg_cities,377,Ansan-si,transfer,standard,1,train,bf8ebd87dc5ecba653afbb9defa02b352af76fb7982431be87461c52d9bd7655
3c62191e1cf84cd20916,9989e9d487c2968d5c7543e0,neg_cities,378,Casablanca,transfer,standard,0,test,a291ef24a4e20eb3bf7dcf604e0d8f8680cdd03f850cbf2b69ed9385ff999733
2b40f6c53c48989bbe3d,9dfe258b9e6c58987fc98c3a,neg_cities,379,Casablanca,transfer,standard,1,test,1d91745c8db581522d6201e2afc1ec2bd5811ab05ff4292caf27a8ebebf43a36
e3b7f66a173dca439249,3cb9721656693402cabf16a0,neg_cities,380,Coyoacan,transfer,reversed,0,train,b8f2821752397254a36562520b0c2fc875964724889ffbf6d8770efc2c223013
0ca56788f83fe7d8f8de,203e7bf8f05ac87752133cfe,neg_cities,381,Coyoacan,transfer,reversed,1,train,1ba62b98becca7aca178c2156440df93ea3441a497ceb444bfcdfcd314f2ca03
6d5502e58d19972a9552,acd641c6d6a7853dd234585f,neg_cities,382,Oyo,transfer,reversed,0,dev,a69c4bae539d7077b789bfee57067529defe573e63a2bcb6ae212ca6a4adbb8e
b22deb4daa2b3532ef79,7e0c6f274ba2f29a3fd85a6a,neg_cities,383,Oyo,transfer,reversed,1,dev,e3d5b68b5e5821e8a646df33e4f4b822eb6ea79969961873d6c2fa30947153f5
a22100bd7f8c661ce6da,d8e54e88a62aa085c39c87ed,neg_cities,384,Pasig City,transfer,reversed,0,train,fd82684edae9eff593edaeef757619ce635c23886ae712aba22760a01c4d0087
1c3e78eb4c370dd3a48a,71a5aa3874c60c9181fba61f,neg_cities,385,Pasig City,transfer,reversed,1,train,e97859ac1c24128f94b1b356ec1aa8f5c2fd4c5cf969fb7afd035c0b1743233a
44873bc870043f19d03b,2c909f35551ec72a79c0ab0c,neg_cities,386,Kano,transfer,reversed,0,train,9bcccc80818c3063f199ab8a59692aad23191045f94970568ed2473f2e96a2ee
36105b108f87e8c0e90c,026dd7607ada11eda8bff0d3,neg_cities,387,Kano,transfer,standard,1,train,861c1a0643ad0d0715c39cfd7d5f99cbbc1222a9094b013b45eaa5c9aefe1db3
2ef507169b1e81f06543,b60b496fd4b7a99121a15d0e,neg_cities,388,Bahawalpur,transfer,reversed,0,train,0718195e7ddf0164892ad2ba96c8a4aef3040bd14b04b85075ebfd7e71c8b489
74a959945f4c3d819877,258d923bbab40844d90678ed,neg_cities,389,Bahawalpur,transfer,reversed,1,train,f7d813785e7cb6c352e6ef99329575ee5aaf774dc9c8107d8127e352848d6560
dd830745427a7e03f6ac,9528dfbf07ae012ebbdd2807,neg_cities,390,New Kingston,transfer,reversed,0,train,5bf287da3c2cf103f9d5989a0e01067ad3510f7e392275cd429576bd6c001b77
e45f4857bff3b3ebd393,ec76020d15e268ebc6874f52,neg_cities,391,New Kingston,transfer,reversed,1,train,484a313da3aa7ed4964a96b0bc5529e77a11a3632e1e9cdbc606be98316e67d0
709b9ebe054f11f872cb,0d33cd32394faf3f689a9de6,neg_cities,392,Pyongyang,transfer,reversed,0,train,185b7520b8e05b7955f9e8d1cfa21b090cf5fc974a42aed87b1f694eafd305af
398f26627f76ad775d3e,d6225b56f04a07699e89543c,neg_cities,393,Pyongyang,transfer,reversed,1,train,662f5d5cff1b68dd7d9d49113a320c48f16bbd46d7d068e1aa82dbde6a7bc3c0
4ef58fecfa10aa38568d,0964dc125f676ce598095156,neg_cities,394,Shymkent,transfer,reversed,0,train,b84dc79ea29ecf2f751d0b5bcbca5405dd542cb0313cb7417847dab9a819f7b3
33cf9f23ce9ca2d4605c,77f09ca7a4bec0892f0a4791,neg_cities,395,Shymkent,transfer,reversed,1,train,b6f51b120dde6cb957fe29d3ccfbd3f3c56fb684571ed82d82412b59143859f2
c9dd12ff239222435cfe,94531ff2e5eb2a16a4c79ca6,neg_cities,396,Tlalpan,transfer,standard,0,train,f00cf76828a7ef15a0f03f3f415d8a4fd238108eb0ab77cced5f934ac2d9c576
24c635047efe7efd91ba,3402e1d6bd6afa64e0c0810a,neg_cities,397,Tlalpan,transfer,standard,1,train,70c4626b71766a50cb79f4afee91b89c935aeb1c76902ddfedeae7e1e9cbac93
5d890ca7550a6d0a432b,14cb5cefc503ea93d18fdbc6,neg_cities,398,Kemerovo,transfer,standard,0,test,21ba1d90454bbb9b315346028bbafe3371ef7a9239f43f4bd4563fe8c0db0244
9787f1730be8baf4d500,17940f6fe312921218fdcb4a,neg_cities,399,Kemerovo,transfer,reversed,1,test,e68008b272ebe259c5b67709b17325bd1d397361eee716e7bbb85cedc1b9342f
9132701617fed260bb0a,d607ea59706ff91c8d3f9b05,neg_cities,400,Zaporizhzhya,transfer,reversed,0,train,c58420728cf2c9950a177f947b3dd95a8b6ee0a14d68678d54fad74afaaf3717
22ad33e3390de256d14e,6b9e3e5671c15ff6bee43bad,neg_cities,401,Zaporizhzhya,transfer,standard,1,train,59ec87b6c73d414c6ac0bc891e653351f3d384c04fc56ba6ee5cec3c38509c5c
4b2aa5d4316011f31937,0bf3403a0cd87f42a33eb88e,neg_cities,402,Iztapalapa,transfer,reversed,0,dev,f1e2a1dc0bb719c6a582655f33adcffb939b013c501039bfdfe5586d04b04382
dfb2075913f4ad84423e,a9bd04b71a651369d1300ccb,neg_cities,403,Iztapalapa,transfer,standard,1,dev,1f45a14289ff5e0ea6a2647ac5012cfa44f407444bae480548cd1797b2fc483f
f58dad4c7b47106b7719,f58a65c2c49fc2547008cf61,neg_cities,404,Aguascalientes,transfer,standard,0,dev,3c5853c043bb88cee169d5bcfcc1f7db890fb2afaf2c4de4fa9dd9219172cc74
975613f221b5864a139b,9d280c4fdfe4a897f756e60e,neg_cities,405,Aguascalientes,transfer,reversed,1,dev,0727cd09649688702389b7ff54da5ef903da4a7013d7f469d0ae2c2a493e75ed
b748ba506057642df182,1a041c2e0ebeec460487e986,neg_cities,406,Kuala Lumpur,transfer,reversed,0,train,21dc04830d8e15da5219ff62cd6a7239428eca4219e55c4634f7340aebf7e78f
43d7c936cd250c0fb481,5ac9f7865e41dbfcca1b93f0,neg_cities,407,Kuala Lumpur,transfer,reversed,1,train,e1c2c327d140f013d23cc3e3a30ec2a97ceaa1e541befd820586139f32420a0d
3688944c7e0f9f62e384,2eb06720a86b81e418b25e4b,neg_cities,408,Warri,transfer,reversed,0,train,fce952d8702b75fea9e2a44260bd1acef689afc06648812a2217846629fdf2f0
1be2b90fd71bdf1eec43,ff5d4594fb1aa22e766e60ac,neg_cities,409,Warri,transfer,standard,1,train,884fe45360f1237fcd62896a31c92ca30d4adeee607146a01db8665ef1b48d9e
d81f047d9834438c1086,853e733f5252cb1887580478,neg_cities,410,Peshawar,transfer,reversed,0,train,b85cbf92c912f2a98e6617433ae0676f82b769cb3a72a9c5ec26b4ab4a762753
7ce29f7bd5502cd648c5,f416e114d4ec459ad545d356,neg_cities,411,Peshawar,transfer,reversed,1,train,43642dbb881eaea255c274c1f3b6b8fdf392b9d483b2a6baec9dab762c775cb4
447b9288706cae7be1a0,3fbf79a262cfcbb653d1675c,neg_cities,412,Kagoshima,transfer,reversed,0,train,416c1ca49f57eff039430366871b9f6d099ca71148c55122a19bc427f7f1762f
8b17d25ff700b619cbca,80f1f2d2e224d6e7356eb1e2,neg_cities,413,Kagoshima,transfer,reversed,1,train,4a4377a76b088eb637e086fca2217ecfbf3885e15da75c955fe2986ecfba1300
73cbc3c05b081b4947b3,c7fd5aeed4c2e442f7a9819e,neg_cities,414,Hamamatsu,transfer,standard,0,train,f0a0f9027f7a0e1ad11604207e4b5dba10ef8f99a547e74458bff8ee6db9ee78
41265d8d27d27de8d6b7,9dc6c68d449b8f9a0f995653,neg_cities,415,Hamamatsu,transfer,standard,1,train,a1ae72a3f22163c4ef05dec29cf25db8a10fc09bca964a45b42cd1fc654888f7
a10069878b6f485948c5,ec7f6e6619c4b38907d7443f,neg_cities,416,Cheongju-si,transfer,reversed,0,train,b6158479450ecd657c9ad14a820cf9c1dd0809d53de8fdcfd195c6c60bb0151f
8593f10a20d8e27942f9,b331076f985f96b285b3c9bc,neg_cities,417,Cheongju-si,transfer,reversed,1,train,85756ad76be72c8c3197fac8af72c8806ee91975563315f004bfe2029f5ef9e5
1eb548fab9ac6a713f82,55ec92b08eba7e6c84405bd1,neg_cities,418,Ghaziabad,transfer,reversed,0,train,fd81dc7d17c2dec77d773f11139d6e3621c2b462e708e244e3b004375145eff1
ac9f594fd2d516a2c395,024ff93c3c258131f40e91b9,neg_cities,419,Ghaziabad,transfer,reversed,1,train,55852aa5dd8d666d8fe9c7679d75f5a437f354a3384aac8923c880f5d4ced49c
3c23cfe1a423a46f2c2f,c4ec1283922653c6ab7ed2dd,neg_cities,420,Cochin,transfer,reversed,0,train,17ee6757f6a992849c12c6a2898cc87fa8c7f37262ddc63a8a747ab6e9d2f308
c9fe787ffcd1889c4299,c27c13614fece9ad861ca2f3,neg_cities,421,Cochin,transfer,standard,1,train,6f912ece555b90c22de999cc5a847c3ebde35f200f1e443970cc4ddd6217c72d
551c2091da6f89e020ab,6566b3481956a266c7195011,neg_cities,422,Ahmedabad,transfer,standard,0,dev,67d2f1a630f0e7654222ec5a5ea3637c9b6349b3ab02cd8dcf57c1535469e271
aa75d672b52ecc86be6b,91d6ace391df9a7c4d5e0ee9,neg_cities,423,Ahmedabad,transfer,standard,1,dev,b0b38d289ad2bccd4413d8443acb82973bd288dbfd774d4f0868c478a0773dfc
f3d1d1266123e1dcc67e,abb93c4ce3bc7d3259a16310,neg_cities,424,Sulaymaniyah,transfer,reversed,0,train,405fabad6a5cf420c687cf2a67270e1bbe37be46639a747f72b7079bf84c96ab
b16ba9428d14e9addb63,169944c22f2bb3fcc5efcba1,neg_cities,425,Sulaymaniyah,transfer,standard,1,train,63941f46f787aa87c64763125c84692b6f4ebf6cac41000cbb013cae8ff2df9c
941f132261608b5b0437,1b32117172546bb7ee8f9399,neg_cities,426,Hamadan,transfer,standard,0,dev,b372e8e2bae1eac85f1f59ab50c713aa47e7e754b33e2d58da49715da8019751
421579fa84371aaa4d47,6cf95565ab0417f1c3035fc3,neg_cities,427,Hamadan,transfer,reversed,1,dev,7c4fbbbf401fafd37751534360fff0f1020166b9cd5ce255d90e0a97d1826a85
aec97701985169017c09,3826c1135e24e621078ea8a6,neg_cities,428,Omsk,transfer,reversed,0,train,6e113dd1e82a3a904a5ed27a5f38a16189c0934a00bc3037a8aab7fb13760eea
7f352059b6ee712c95b2,4db14175ca0cdab6a92b39e0,neg_cities,429,Omsk,transfer,standard,1,train,f7b6f1ffd34f19f10a4a976b1a4c89f83dee0b9c00e8648da4c7e261ea9c5848
0b6a596132d54f9e57d6,fc9882d3c53d1fe21df89ee6,neg_cities,430,Ta'if,transfer,reversed,0,train,c30e751d67e5cb12812d6a998a9ff920c009a70d2a2a4359d43634c64ef9b4eb
cbaf2a1bc28bc91fa68a,4b0cda827af1231e21e76abd,neg_cities,431,Ta'if,transfer,reversed,1,train,b3d907278a7778941af2417b0a77a2ca17cae850598afb1798c99655b7126ea5
4eb426ce98ddd5b6e5d8,e88237ec73ee0da1ff7e2b55,neg_cities,432,Stockholm,transfer,standard,0,train,67d8e8070b2c41168de9eda4a75b9d584d8692fdd34492b0c534cb33553822aa
c40cdbfef7cee7184097,c2fd8e44446f2d63fc644bee,neg_cities,433,Stockholm,transfer,reversed,1,train,721afb920e9d7072a5ecc9c8ef81dabf302aa48b4779a4a87b1beffa185f28f1
0f0e0010c5b488bc7e08,36586819294fb00703163f67,neg_cities,434,Siliguri,transfer,reversed,0,train,f6305d442d24dfc4ade7fb60e5484c3785f46e9f74d3fd28eebf7a57b1bd896a
a632dda60991e2b9f266,0efae03f33e0bbb19641bb94,neg_cities,435,Siliguri,transfer,standard,1,train,d496ed24097feca1ba6260029b77d0f3ba936c7b77c954b502bd0b58349dc833
5884c022698fc531310a,d3633395849bcf856fe35f39,neg_cities,436,Baghdad,transfer,standard,0,train,6364d5e3b03c348f1ddaca0b9b6418fc0778ea5550f9c7fad434a1cc454cceb3
9ff0ae2ce0c5f99e8619,3dbadcc4a4c1df63d2277ae8,neg_cities,437,Baghdad,transfer,standard,1,train,cfcf580e0566a643b8d6d3f2cb40c81e4495be76b9599b68304ead676c2dd2ac
1e48f66c75597c464880,0ef68ec41b9f65e574e71df8,neg_cities,438,Al Basrah al Qadimah,transfer,reversed,0,test,035b60a60d6e14e85ff2be2cf88c0992ecb78d06aeeb571a040767b35c2797fb
ebef8422e843b6b41d4a,0b05e05be979641e4bdc31ce,neg_cities,439,Al Basrah al Qadimah,transfer,reversed,1,test,e505c2241c85d2fc727dc1357be7aa077403374ce0c37b9bd3eb811e860fc63e
73a946b9d8dd92850635,f5f3851e171b927cfd3eb7dc,neg_cities,440,Krakow,transfer,reversed,0,test,34317a1087c07509cff4f4bb457d6d9d64033fe61b08da8b2ba8f28925e7fd82
8fa0648bdd317a0ce8f7,bfb999a3b7c22f9c40ef3b23,neg_cities,441,Krakow,transfer,standard,1,test,d7a51e5691c264eec87325917d8a60e081b96ca269a3eaee42505e5163031b46
8c6440b092830659b809,928a04eb5ad0801f72006651,neg_cities,442,Tolyatti,transfer,reversed,0,train,6d17eb79e94f741a579a66976e0b354e633edef876657cfd7f6e1d4d5d87b551
b7a901be96e3be65e53d,f04f21adbae27b3b2dedcf51,neg_cities,443,Tolyatti,transfer,standard,1,train,c300741cc8f4d3600c2e237f059be284fcb1f9b01c0a692dffe3687f1673a5c2
e2d0a055f5671db317ef,dd121f53e2c971bcfa00862a,neg_cities,444,Bandar Lampung,transfer,standard,0,train,3ae6f73f4b92bfdfb42be513fffa85061ac1d1f513f1eef91980e24949d11eea
24a841936422f839944b,df52cff487312013cf7c54f8,neg_cities,445,Bandar Lampung,transfer,reversed,1,train,15ca6642fcaf4650b9f3916bbc8a737ee6fbdf274bf875dacc9e0d727ffdefec
50207ed9fc533ed743c7,630a4314c44adbe98cc162e8,neg_cities,446,Tucson,transfer,reversed,0,train,4709c04f5e4207ee6b44782963c9df45ff0cd58cd72bb11c9d746e6e1a7d728f
23a37f5e887468b6de28,756cb6f3b0ac1e2c5fed592b,neg_cities,447,Tucson,transfer,reversed,1,train,be516f975d63eedf3c510d3ceb5aeb11ab9e49e0cdf00f0cb7da5c7471f35c40
32ddb2fb10d92c56c0e7,7e76f556bf60a2adfd809388,neg_cities,448,Can Tho,transfer,standard,0,train,3849fe52a7a7113c04e1392e8efe26291c83980e2df57596a0a94ff91ec3392a
ec4f0bd43491341566f8,025d8a60061970dedeaf21e1,neg_cities,449,Can Tho,transfer,reversed,1,train,0d620d1117e9cbf3fca0a5beba59b4f6a01841acbe039c13dd904aff328eb243
78c26ca3283704beed44,0a1943f5e3ef2a1a34cf7b87,neg_cities,450,Bouake,transfer,standard,0,train,9d60b508a8f362ba603661ba0e3dded3393b6cf556a65870652f29e429dd109b
914324b54aa3fd802149,d05b351f0b7f69bd2eeb8d3a,neg_cities,451,Bouake,transfer,standard,1,train,d7bb00bf01c4689a47c90b89a74436e3b8f5662c2e27a86a4d02a81535a34232
e20fbe383571576df146,2c7dca57ffb93bb181a51875,neg_cities,452,Abobo,transfer,standard,0,dev,b68153b0bb5dbeb8c8e1433701b387f89cdb606a7ee81dc53fcb02151cd6b3b0
4c410c14c3ec5d35a1e7,47f310965c9d402d59d2eea4,neg_cities,453,Abobo,transfer,reversed,1,dev,f425519d2221c36f5585cd45deb97c58d1b8c1b0a9f05ad377a748c49a8c7f91
3c1a909b10e5e06a04d9,d9438f7ce45787bcae3d3eaf,neg_cities,454,Shihezi,transfer,reversed,0,train,90dd9b1a7b7aac807c2e8aa302a49c5351647b13da26f051bf687baf571e89c4
a4ba7e48009a6babb9bc,af1f7621446ccdff1fe0b15e,neg_cities,455,Shihezi,transfer,standard,1,train,df43305101be8f87a010b9a8c76f67bcd057695fc39ccd19942149de98cd01b1
66a12783f0c12aed2395,4043b6e53f6d1252c6231e4d,neg_cities,456,Yunfu,transfer,reversed,0,train,a136ef0e7d7dceec3bd02893782a069f502d173d5bc44f0c6c8defc8d3c51999
a0ab79c4d9ee36b64b54,9ac2d157a38065aee27ac178,neg_cities,457,Yunfu,transfer,standard,1,train,a106eb58647cdeb19ebad932992f0b637baae9b8a74cc8713564b03017d84b08
1c3b7b210028bdb62093,771f89ecc087897691da4f9e,neg_cities,458,Xiangtan,transfer,reversed,0,train,018bebd56aa695ad7a706dc92b22ef098b824a97a00b5b14ff2d4b4a4ce3990a
155900a759c142952e2f,363a7746f8c28c80c90a8f00,neg_cities,459,Xiangtan,transfer,reversed,1,train,eaff65bfa30ffc49ae56e13ab2ded16800b9dbe7e2fdf7f3abafd92fadfcc43e
2df721c0e5337252994c,6734cd2db9c9224583d81728,neg_cities,460,Qionghai,transfer,standard,0,train,7a540c73a91397b7d50a822d5b017e512236c65bae416eca0522edc502f58b42
08e309545b4869021695,bc6892cecfb43e8d2a76a9d0,neg_cities,461,Qionghai,transfer,reversed,1,train,847c2d2653e400a1039e47d08902ad438cf0b474141e9f81adc90716f680a479
aecbd9dd073bf7b216ff,6ee5608435e2ccc4a4ab85c4,neg_cities,462,Chuzhou,transfer,standard,0,test,018ab5a7fa6b9a859cf94fcb275c2244b01523ab4b63456f83f944c82ae06dc4
9e2fa62a46b9d041f538,135709c64c4dd74f18f64241,neg_cities,463,Chuzhou,transfer,standard,1,test,87930f77819d2911a82896e562a696eec0e6a54f1202df2bd2f706663ca28ede
ed3bda93b87922a95045,af0a045642259ccccad83397,neg_cities,464,Taiz,transfer,reversed,0,test,8130e88c09aace87dba62c466fae352a9568250d28f423ee67faa824c185a45d
412c561513208f5256ff,419be55a0d41654066edda85,neg_cities,465,Taiz,transfer,standard,1,test,5efd9681afcbe5eee1c70a2d807d917e3308eae4ce851ae0b950b8cde11ea7f4
5e60482121db044b2b99,3adb14021dd93cc403dc8ae6,neg_cities,466,Tembisa,transfer,standard,0,train,e5d2c2a245d96e0b127016e678165b92fa83a274da0e210d4a10994f858077be
46877621538961f09bef,aa5af827a5e838fafa19b4de,neg_cities,467,Tembisa,transfer,standard,1,train,39330cbf92fd4852516f4d28acf456a23e473e747067427065e20caacf2f2057
e646924f878c9d227cf6,644cf4557e528dad90529e75,neg_cities,468,Puente Alto,transfer,reversed,0,train,350389018e7afbb64e58e796077827ffcad03122806fed101d33121006cc5669
eed4e525c1f3f7fe28af,1b2cdf2f3b2ae8bd11691359,neg_cities,469,Puente Alto,transfer,reversed,1,train,a0615459a0f426e6800fb94a2c6aa75d9b1ff102a19db277db7eeb84922ff09f
ff797c0aa12bf07f4096,07c284152f67d379112f438d,neg_cities,470,Zhumadian,transfer,standard,0,dev,1f9ee8544f5107f70e4112bf18465a9fa528569bd49e2568f6d15e9a5508cd91
e45412da9955c261c02d,0d4ab75a312ea14fd6289b66,neg_cities,471,Zhumadian,transfer,reversed,1,dev,0647efc0e7a90924ab2e5298070b185bc018b9d565e70072cee866dba503bb66
0a7a8c521e0d8a2175f2,a27f03734ee7ec254684c3a0,neg_cities,472,Zhengzhou,transfer,standard,0,train,48f61701808b89d4a101e52101b44ddff134c28ec7f9b88885eab02289aa2b21
e7d521302646f6fcfb6c,b8d55f9118c9d925842193e0,neg_cities,473,Zhengzhou,transfer,reversed,1,train,fd9b5edd6fe8c56eb92dfae98a72f8813e2a7f53d15b0bb3e02ad19d92411ccf
a484e8c4577c37c43b33,e5e4a9b37b6b6a3746ace8fc,neg_cities,474,Ya'an,transfer,standard,0,train,6730f9875f04de09aba16f86206a5a3f2a26cdb569baf661821454466d79341a
22ce4bb02caa4efde87d,4cea1e51c419e775631bb888,neg_cities,475,Ya'an,transfer,standard,1,train,89aba10c21b69e948b175c098477dddc02ca4167a797ea5383005fd93815b0fc
638aa6203a37dbfd6647,9b73ad4e1d7feded9af83cd8,neg_cities,476,Xianyang,transfer,reversed,0,train,4a38805e8b86d265c85c91d9e7259a3376126860f73e20b3813eb870f205f6f7
ed917bdd90c2546570c3,1cbe0d75054848b2d87a5557,neg_cities,477,Xianyang,transfer,reversed,1,train,a787b7a102fdc815ffb4dcae2282a783f774da6b2652410c4cb54984ebde3fd0
d3e7e4ffbd9a1c161189,72cb157de459e372f309de2d,neg_cities,478,Weihai,transfer,standard,0,train,a7506590c17d1676711cc9d19182423f03f8e41b717bdb7405e28878ff051c5f
1c9438175092c88d7ce8,0134c267b1fca7cd8df804a4,neg_cities,479,Weihai,transfer,standard,1,train,c4f4b8211f610f996691393646224b6d7749cb8099aa676089b18fbff7600d76
dc942a6ad26feac63763,be95e9fb1ec3dca6c15cdfdc,neg_cities,480,Pingdingshan,transfer,standard,0,test,a71d9487f58230b18dd4eb15a39be2f2b4ac0a15476a7c9412c4b8f4a143e1a3
ab1e9d630c5671d3003b,ed6fb1b95523fd22fceafa03,neg_cities,481,Pingdingshan,transfer,reversed,1,test,61af1e7bbc551850f943ecbe0d8fe5bc5038fbe47685655f32b6b550e2cf93eb
70520995aee2605a020e,df9875eb3432c2beaccb8a19,neg_cities,482,Bengbu,transfer,standard,0,test,45d2055eb1421cd94425f6377ffde546265ee107359bf02d21ce76a7e23e07f9
00ba9af8e61051235bc1,b0c27761b56fdd5949e42ec9,neg_cities,483,Bengbu,transfer,standard,1,test,6139cbc00beb47d6eb4287e8d055c02917e6c4f396da4d23bb3f7635d89b9d32
e53d9e564981659da6a6,93dab518a8a36678044b5287,neg_cities,484,Zhangjiakou,transfer,standard,0,dev,7658ee9d49c8db0548a8663ee247d47a7180a7c12c9f33fd6e0797d23a3121e1
3152f49dc7eebb339d14,013d60bb03cc546dba1a6a18,neg_cities,485,Zhangjiakou,transfer,reversed,1,dev,1c2d37dbb0f68a180c143ecade6662b109504218045dfe97f78d49d4534b9367
8bc6b375716b2055677b,de6a1331e59c7eb9848ce36b,neg_cities,486,Mississauga,transfer,standard,0,dev,6961de26e3ea329a62ca27a3404af560ec8712f41e0886e091ae195832fda49b
be4c30dbf02a54fb2fd3,cd0abc4e90143b7d0f3c651d,neg_cities,487,Mississauga,transfer,reversed,1,dev,b018f076c184473e3b4450617b3e60b6371353fd8007fbe0492e60b0d51f0c0c
72f0c7a59dd1e7af0604,19946a032508ed0e41736f5b,neg_cities,488,Yerevan,transfer,standard,0,dev,4169952d7005b00e69b3d9839d69ebb461a67c685da7dffa6c74196d7414ba73
a44dc2b202e04765e33c,895252eb2d6247c1d6ee4566,neg_cities,489,Yerevan,transfer,standard,1,dev,ccdfc32e64fbdf2042df385f9280c392adc19fe925d68cf5cf8bb79175992c39
6d86d8adca9d090ee378,8d716a892b04bafbde5dcb5e,neg_cities,490,Albuquerque,transfer,standard,0,dev,30a2b278643291a2c813f2eb47e647d25b2576c9a8220c10454a23d7a3416363
de782347ceebca1ef958,1b28874feaf5eb3bd4a844ac,neg_cities,491,Albuquerque,transfer,standard,1,dev,9659d57e9ca12b284d256aeac6eefca7de61ead3be592944e519b9b88fbcaadf
867103809fa563aae847,9c09bf34b65da77e1f61cae1,neg_cities,492,New South Memphis,transfer,standard,0,test,4c7516b766ba74b53c00d04dfd5158fc8e5e3b6f020f62bcc39fd94052e2708c
2b90c858e95290825481,5493bd620ea4066255c874b9,neg_cities,493,New South Memphis,transfer,standard,1,test,425d53c843041153a0f432f4ee39f88858e499aed3d090816822326ef4467ece
928f65fdbe9427b90df2,a3333a25821c614c35529c40,neg_cities,494,Calgary,transfer,reversed,0,train,bafef977bd51730bdd7740be22ed9166d03620f432c87cdbdf6819ba12e8467b
b7514f4dd2fa5a6bfe68,8b4eb59981d7bcde1fad7960,neg_cities,495,Calgary,transfer,standard,1,train,b9cfd6e3f0bd05f57cbb202d81c863f398cb798fef4593dd7d2abb25864af447
9e7c96875a915e288a30,471028d6b2b6028874d5d8e2,neg_cities,496,Kisangani,transfer,standard,0,train,bd9fa8e084ffab0f288cfe0091fd306e63c21997901d6569da07a3c1859f0e6b
1cc12d6cbf24180ccb9f,df7b700c8dadb5753c5719f2,neg_cities,497,Kisangani,transfer,standard,1,train,a10e5bf3bbdd879fcfc472cd171a3efb69af403aa66cb637cde63eaf3e6db408
00baf7553f5f4fdf5e30,e603c63b0e59e7ccfe19d157,neg_cities,498,Bobo-Dioulasso,transfer,standard,0,train,397f2857666e9195e22effd976d100c94569cdf1340808ca5cdfb3bb9a509784
61b8d6116a6df6ef9d66,a47d424da7caefb3a356e7bb,neg_cities,499,Bobo-Dioulasso,transfer,reversed,1,train,b2414f8b62b9a26b8fe695b057f0f98c21284f7e82ba3c7c87f12d557fb04c99
a64e1bb6b23bdde4fa67,a0cfbfae582e9f6ae5e55d24,neg_cities,500,Sao Jose dos Campos,transfer,standard,0,dev,e03580496e5d15a84bf7fae739d81380f08e817ba2dba5ac787e39bbdf0edb31
ae638d4b1102b853748c,699a3e2db676168b8dc9f525,neg_cities,501,Sao Jose dos Campos,transfer,reversed,1,dev,5ce759bf7fecb4c8cbbe9d90b92c6b92072ebc66f5dd79e78c9e513c27019335
f6d46aeb1067e1fbab70,df10d1c3649cd30f8e22ffed,neg_cities,502,Florianopolis,transfer,reversed,0,dev,194f6c43195c9e82b1e7050b05626ef012e1b0cc9ff26d9bb01976ee0b7310a5
0ee6143942170161c208,25e494434131f83d82286e3e,neg_cities,503,Florianopolis,transfer,reversed,1,dev,731439ec544908d0903a396b1486efa22edbe57e1da0541fc748d341988778f8
9ef8367be73296849f7c,e6f6c60ae19ae6e670e97259,neg_cities,504,Cuiaba,transfer,standard,0,test,bb2a4f004dc120b42e65feffd933876148c684b28d3ca41c9eeb127d0c6e7e54
553c9300494022b97244,8cb8bcbd9c9fc75a19f1f8c4,neg_cities,505,Cuiaba,transfer,standard,1,test,07cf00d792bd9ee66aa3f44d118ed7ad04218976c8ac8784eb3ce3652a5e2226
eac45d300763cfa9b8e9,a31216dad71eb66e9f899bb1,neg_cities,506,Chattogram,transfer,standard,0,dev,1f0421c98b3ab0c46eac8d8f022e0d48daf3aaf5629c6bdc7d4d709df1158441
16ae412906b0dc7025cb,8c0d862e429228ac4729c930,neg_cities,507,Chattogram,transfer,standard,1,dev,dce31f1b59d46bd47307efaba3cc02b23e6e05fb79103bc73c1b24ea273e643d
d5550a01dae0d95fb2c8,e2d573621287952ee9c6342d,neg_cities,508,Nanjing,transfer,standard,0,dev,4cfd3705a82322f1d8ced5be3522e08521af3097ad6ce797c7a6855f5a19ae15
d6a9d770cddd06de4a9f,aab7c8b258b90658d3e2e18b,neg_cities,509,Nanjing,transfer,reversed,1,dev,2d5ecb109dd2ab6f7632ece67e6dbc46d96cab9f3cbaa142130952c3f1b7335a
fc7c220466d9d6b77dc8,f083c4dab2a2eae040247752,neg_cities,510,Kaifeng,transfer,reversed,0,dev,e7b1967b238e994dfb53a11253b6f5d70fc42fc4109b8651f853931387e08528
05101e70e9788e64d530,d3f7efbb9e0ce1b9fcc41836,neg_cities,511,Kaifeng,transfer,reversed,1,dev,ad1d9f8a22e1403d2efd0767b894a6bd56cef8694a9b70d178e8c7dd0e4cdc04
d38e15577d5a02ccd8a8,f523d6838515c2803a94df8c,neg_cities,512,Heze,transfer,reversed,0,train,0374b124ff8813ee6dab621cc3d72e803b402a8369e1abaaefa46aa1b1fe11cd
5ba2059c71ac6431dce2,94d56f03378ecf6b60045ffb,neg_cities,513,Heze,transfer,standard,1,train,f3d68842b8f2ecd86e19434be7da99187cf213c578ba3137dc4a109d3458e4ff
12ef7e461f7d4c49a0d1,4c0cf9555f02852ea266716f,neg_cities,514,Sendai,transfer,reversed,0,test,2638804227ee146395e14260eacd74521290c9de41306f53082963c5694bc8df
2104ed3f9da32074c8d6,13c1961fa68c2f2df14ab73f,neg_cities,515,Sendai,transfer,standard,1,test,d641297f0a84c0c0d540af03356d6fbb6e3999d1b6f4ac43de61779ad37e2fd9
bb7aa078e0e32112098d,2025b228c995187b366cc767,neg_cities,516,Jeonju,transfer,standard,0,dev,d1f734b0ce7fba2377cf7ffa5bb1bd685370e4363cf4d039aa70295024bcd121
9f5ed345d899394b5e0c,8840611b621a99ec09d28711,neg_cities,517,Jeonju,transfer,standard,1,dev,5593d2837b53d4a5266a205cdadaa9b684d95aed3dd83a5d3cd3f52c62d0b6e2
65add5fd3449644ecd83,8c82d2c1e96aeb1ad6d11d2e,neg_cities,518,Almaty,transfer,standard,0,dev,2a73daa3d258b25ac41ef1b007d69536b1345fe941fb2e97cb9541b5f95853d2
2f6a352d019aacee1582,e205e03698aa5abeca9b2302,neg_cities,519,Almaty,transfer,reversed,1,dev,a74db02189dcbdfd875a47425a2b2f2d0da32522765ad85a428a748dbec4f5a9
56a451fb1f45d19e9d4c,91ea7ed0d925b0d55cecc681,neg_cities,520,Pimpri,transfer,standard,0,train,77dbc0bea90d2da9bbaed57d79d138f8cddae3ae060c840e1a23d183056689e9
07a59358849706997c6a,b39645d8f5f6c033c25008f3,neg_cities,521,Pimpri,transfer,reversed,1,train,7753fe8a9115b543a1dcef23e5f7c24f27c727734846a7b5823278763e067690
7c834ed3d89719a206c2,46d7cd3033005898f8ae1dbf,neg_cities,522,Navi Mumbai,transfer,reversed,0,dev,85d59ef4b06f9b55dc96196846f5d295e30b0775401ccecb1b4ca7d48533acb6
b6dc3a2fbde0d8a7d46c,0cfd198f81404608659bc060,neg_cities,523,Navi Mumbai,transfer,standard,1,dev,71aec1f8142e15317a8e04b87eb67d631f94fa28aa0f139b149b0fc086451e2a
a03e8357955f04da0098,162cb1ab1ae7554e7c7d0739,neg_cities,524,Novosibirsk,transfer,standard,0,train,0768380d2b827fd155a639ca4e6dc9496fe9a20ef71f30868feb0a5d83ae004a
1cb7bf2b1258acba4b72,7e5d316e1164cade81dac1f4,neg_cities,525,Novosibirsk,transfer,reversed,1,train,dd76e7cabe9bda6dc1fab8d72f8901dbc7f007cd81919ef0d54effc80efcf823
adc9214d583abf0d2bde,159fe6a70b134ea0bdecc179,neg_cities,526,Goeteborg,transfer,standard,0,dev,3481f43fe97cbcad31348c185b791b8209bb4353c6ece48b1943bf06d0b31fc6
88abaf7fd7857e08e85f,76475d23f79cab32e1cd7127,neg_cities,527,Goeteborg,transfer,standard,1,dev,2ebaf68b48d5e2d702b7d40a8a86f803d590078c0e3d489c07ab4085298e9c6c
00dc61d223ea5cf01451,4f6eb835ab606cd160451d6a,neg_cities,528,Bursa,transfer,reversed,0,train,62e2811f34e996436a01bd00e02b60c11ae95f4e05aa4ca9c571525ea79297b0
9074442858fbc849cbf3,590c7451ddb9964487c5e597,neg_cities,529,Bursa,transfer,reversed,1,train,97ce15ecb7f80fb1bef86b1a9a02371192995b0cdf8bea15fcdb141b9673d574
5d414ba327cb5cd364d6,a7de664d1bd646ad2172cf05,neg_cities,530,Dar es Salaam,transfer,standard,0,train,85699e6723fb824e466355992feba38bbaeacb6d9d6829fd26750b0d875f2869
06be5b096f0d2ec0b940,95f18cefa7f4e56ae059418a,neg_cities,531,Dar es Salaam,transfer,reversed,1,train,32a0d5f4142d84579b0239aeb0de1aa79a1b52cab76e3c63abd3ced9719a4b6c
2a2ed093936bdbbeafd6,634291707476b77f82c77b16,neg_cities,532,Mbuji-Mayi,transfer,standard,0,train,25eee80633b32422bf2e5ff02350ed8085f448b266f1ea88faa36127c80bd922
a49b2407adbfb0416722,bd4069f92a5d9ed8da585f24,neg_cities,533,Mbuji-Mayi,transfer,reversed,1,train,066376c409afe65f3a14aafbd42a21c175e101b1f31c01aed2e1ebc6f9ef59c1
f4c0eca802c04c4d17dc,91939310a04e950d284c6212,neg_cities,534,Goiania,transfer,reversed,0,train,ba3330197bb2b6d0e2d2b92957047dc5ed99fceb9819d59b554f3959667abc13
0e56eba9a42bc697da3c,589579613b4fd6e6b787f86f,neg_cities,535,Goiania,transfer,reversed,1,train,cdd07970f7709bf5d9bb89b324751183f465734e0a68b291207e73550a6d2bca
c4c8070b4b542a327b5f,04a04441797385ead15cb0cf,neg_cities,536,Yaroslavl,transfer,standard,0,dev,ac867139cbde520416a233ab1dcc76f6d73dd79ddea3036501a995d757b910a4
d0b396202bd91225e2fe,236fa69de990b185d1424d3a,neg_cities,537,Yaroslavl,transfer,reversed,1,dev,0c6a993ea1665628c9c1075d3d0605f2fbe19029ea9bfe30f203d084eca3e7a4
f8bedf8efb0bd00779d7,dd5444fa1e4bf28900886d25,neg_cities,538,Kigali,transfer,reversed,0,train,48ee6c21eabf7c947d1ee96069a1308d1e06d03517a48fcf189018dfd2532609
c4d3c2fa0e67b2719f98,c75d9ed4727a06d477970c95,neg_cities,539,Kigali,transfer,reversed,1,train,fc491a48fd84dd375cf3bd6f5d73bee1412d22029eb17cc20b7f48bad9fb3202
fadf3bd7eceb02acfaaa,df8c5841975acec6d3a544e4,neg_cities,540,Diyarbakir,transfer,reversed,0,dev,435b11de0ca1769c4152fcb45a106b1abccfb97878d6a5c0c958d07d4512d5c9
317efdda18dd08447b60,e772de821c89b43080f4dc87,neg_cities,541,Diyarbakir,transfer,standard,1,dev,32de3edd6a3795f54e1b075e3babc854dae582131043060b25fb07283bb0c52a
8be52951198430f9f329,be39125afcbb658e36706093,neg_cities,542,Tyumen,transfer,standard,0,train,774476e9b0d8c2324fae74fc0aec7b63adb1af830f37c0bd078686d0c50b5fcb
3d291b2d1e960b04cfd3,62cecb0eb2a9d38f02248c61,neg_cities,543,Tyumen,transfer,standard,1,train,a6d5f620b6934ed54972c81fc88201942b961780f79dd17dd6c027f74757a579
665d793e90dd186385a4,e0a9c30a20c2ec0a700891c6,neg_cities,544,Orenburg,transfer,standard,0,dev,a879ae84869ab0fdfcfa8e0a8015c967ade6f8dd9851045bab2515c17cf137b6
3b0bdcc38c6cf06898be,2ac4add2f1944fbae2b4d6d2,neg_cities,545,Orenburg,transfer,standard,1,dev,3d3a3caa981db2e780f67f72455d7fc9723f20145f714f21b7c3925e5b09a6b7
77cc87c5c9e29f595f32,cd8bda558d0ac813ea2ce78d,neg_cities,546,Osaka,transfer,standard,0,test,d213acc3b17a96282c2dfe12fcd2127745565c4cbe228ff08a546a14e0c20fb0
7048687cc35fb915cb2e,a942db99a337e9cf94b8f37a,neg_cities,547,Osaka,transfer,reversed,1,test,48cc3f440f7083f517ca608381e02a6601a9b3d3f1a9e0b9dab2fb026fcba27b
811c2846c542ae0ba72a,6bb93c67ed0a523a3a2d626a,neg_cities,548,Sapporo,transfer,standard,0,train,8751caa4f0b802f6299cf4c7793517d4150f9161a51b8b2c6f5393dd5f310948
05f7368f7906cde399a2,5072645b5f252885cdbec81c,neg_cities,549,Sapporo,transfer,standard,1,train,f44758a7e797a366e8eaff29d0c5292e57edf1ef40b5ea7cde58256a808f6336
97c48dfb5f3d791a3b08,8b541a21d6e21f77650cc4d3,neg_cities,550,Kimhae,transfer,standard,0,dev,c03755d34a8489dd9ecc11d5c0059c95dce49465c39baba9c14d773cd6a6b343
c26daf4d9949c56ed4ab,4988cf053ffdee167eed54f4,neg_cities,551,Kimhae,transfer,standard,1,dev,16847b728dab9335c75c6ac4e747f3ba29332a75d0decf1b544a9299bfac8df4
02e6f82973f5593b641b,1f1198db396036687e9d4897,neg_cities,552,Cheonan,transfer,reversed,0,train,b97fa57b670355085f0e95092bb3fb5bd896f7e4f1d88f52c665381f3f96433b
8215ab39e4f80ed64611,e4f744d00f90847ec6813afe,neg_cities,553,Cheonan,transfer,standard,1,train,6d356310e96ddcf9937f86e87daa035994c6d2bc4e9d7076a26fe95c59488f57
c5f3de65a03a871e648e,95007466eb58ce769fc2dd2a,neg_cities,554,San Luis Potosi,transfer,standard,0,dev,cc579df331631eb3902fa077f9fd6c1db25ae7fd84fad3e02163bf86a36bfe43
10c89dc1d64ca6f6614c,7c161f6eeeb110da04e68b7f,neg_cities,555,San Luis Potosi,transfer,reversed,1,dev,17acb36adc828babe6f22ea0f7397095cb6620a29948e5234daf21f24c929a43
3ec1de86775764c08212,479c81a28e11930aca0817d7,neg_cities,556,Culiacan,transfer,standard,0,train,1a6fd78f9b9050d190e615d54ef22538674429ad4fa986447da8c91e52379535
a5b88c3797abf3487911,8b435eca790946205d0e2356,neg_cities,557,Culiacan,transfer,standard,1,train,5bd57e33608f9853aefe8e2a308e37f99be02a4915a26c324315ce41553fbacb
0a130da1980a25e4b183,ae01a29acd768b5882793a58,neg_cities,558,Kaduna,transfer,standard,0,dev,1c28283c7b5fd8d05f51d395058cd369fda86f328a3a9872f6974c7f19419279
6057a6945a9c1ad14a05,e413fba59d730e5b19a408d3,neg_cities,559,Kaduna,transfer,reversed,1,dev,5d75a73c007aa653a51167d5cac81def02cc302cf98407ac569d2a5b00f6c350
df9bff50eefc77151dd0,8ee5f13b6a95116235f69fb3,neg_cities,560,General Santos,transfer,reversed,0,train,7c85978c8b7a5e5d4fe479fd0d3976229e9a495273ff276864481c96b3513164
3a6916f7bdd4c4844c94,588d41dff928866cc7f7fbd3,neg_cities,561,General Santos,transfer,standard,1,train,7e8bf66230ea247f189d8b7d4b4bf65412f41ce591b32289817ea77131aa4553
e697b793ee3fa3e8cc1a,1625716ec392d0d1551da417,neg_cities,562,Ebute Ikorodu,transfer,reversed,0,train,e93ee3447eec142d51b142baaf188dd2b76fc920b1c2f4a7a9adf7e3e3278712
5ee2c72d515e87521e37,f3e2b9790f5ab5229747a003,neg_cities,563,Ebute Ikorodu,transfer,standard,1,train,ecc0a3e4f36a6650bd97fd742411719ab1e85f5c07a0a8a176f285e20ac4568d
566f9940c641a26067a9,406f7e25c68939d641943d7e,neg_cities,564,Benin City,transfer,standard,0,train,00b5ebfcde51e99f3bfcb5187e6da8ecab96a98676c69d56ce70441c0da92b64
c6c388de0dcf87635649,ad23ed70997af1f462c131df,neg_cities,565,Benin City,transfer,reversed,1,train,45fd0432cbceca3e756434812c7cbef33779d5e6aa79ba7314a38dc6c22f58d0
96ddb16c585e1d5bcca1,430cd51ee697f4cb9c87cc79,neg_cities,566,Kanpur,transfer,standard,0,train,a1f112b11c6e77247903b9e1f10488e565856ed2858bbd40e040709fa87cbe7c
511298d8094c6e27effa,37f2ce374c33d2ac2e45c83d,neg_cities,567,Kanpur,transfer,reversed,1,train,8dbe1f7cff8428873d3c38101769bfc2ebe0e7edac256042d012bd6ee1908107
9f07ea156d3d515da476,36b4dbe6af4fe5d4ac754a60,neg_cities,568,Indore,transfer,standard,0,test,8cf37aa8d01d37f6dce15403354b8d89b38c96711dc4941b7c49c4dc1458c039
6490011b1c285e029736,e34d33a87690b7c7e5506f8d,neg_cities,569,Indore,transfer,standard,1,test,1f1e425a42ee8cd1c66d9d6178eee1f63f2c260a2bf8ae1baef28c4eccfb7464
bee7fe7b094f83ec5659,6cf0305ca95930e80df1358c,neg_cities,570,Zunyi,transfer,reversed,0,test,2b6d54dcc00ab91733528e5c695a270466c4ea8b29860c5fb6ed1de01a5b1aac
c73e524c862b59394cd3,0e114a843d1187ab4ab9ed08,neg_cities,571,Zunyi,transfer,reversed,1,test,a8e307b21576b20a9e31a35ee994d61173ef321cb19d4b80cf8490e22ac6205a
4602acce17fcdfd13eb4,c7749d74c3bb1badba9bb53b,neg_cities,572,Zhanjiang,transfer,standard,0,train,e1b5941757cd0a5caf31b2cbd516c5f059a6f4d9c886adbae62122bb32012bff
5e6f6bbc47e81e333098,a1124d959651337143c179c5,neg_cities,573,Zhanjiang,transfer,reversed,1,train,1adf2ceb0fd7a4c68e0b12fa78c21097040943d695ae91c75b320e5e54580654
494d286c67c3da236f23,8a62826d5f81e0c1bf21b8ea,neg_cities,574,Wenzhou,transfer,standard,0,train,790b914c78655f3d9eb22a64fccb172947dc21b738a93fe394648c6e072c80e4
c8fed520f73144cd861e,c3672cf0bd2787f18bc35c4b,neg_cities,575,Wenzhou,transfer,standard,1,train,83a6d889ff6b37a9822db4380d1d3b9b9d608c068d7e680c56aabb9ecb62e9cb
78e70f51898a445aeb57,a5f09ef7bfb623a69e705711,neg_cities,576,Luohe,transfer,reversed,0,dev,3778cfa5422a7c56d63e5b81396913f379aaf46dc86ae16e7f7a91506c2f93d4
000c8550e7fec9f17a58,a0b622ce782b9ada56979589,neg_cities,577,Luohe,transfer,standard,1,dev,39830be7b61cf08c658fb5eb59c51779d2f5f1c5febc01f84dbe6e54579f6c54
da0978e75181338306f2,7841a518cea93602bd28d6d3,neg_cities,578,Kunming,transfer,reversed,0,train,03067d52b38140819e869ad116176732a5e234f246ea6cd82c9385ed0e39ef76
b499dc23cf6ffb67ac9b,32710383f3199a38e36d5bd7,neg_cities,579,Kunming,transfer,standard,1,train,bf6be0a37212ea60be5d91c18dbf9c5a3fb078f7cb98357b62b6a4f8aacb1618
d239182c8afe5df18dbd,448f6bb03ba986fa5bc424cb,neg_cities,580,Cixi,transfer,reversed,0,train,5b66a499e8f62a9604e8441459a75ba1233e2ea990d49d2d4a6c3b1749067ec6
fbdc195cad7b3d1eb3bf,e7f5eaa30be266b4c37487ed,neg_cities,581,Cixi,transfer,standard,1,train,80475dd31e1b76167fb90dcfdb2c9eb3f989b1e485b79db48a6e50b7a8e3d172
6c6d8f6d6bc4c563cbce,1b9123e244cce59dafdd8110,neg_cities,582,Hanzhong,transfer,standard,0,test,b602d04c3a3c602174523dc79695b7d1415dbb0daf87a36e567db7ff52c12ff5
1d15981f4a233e95fbdb,c558c261e49cf8458f30f25c,neg_cities,583,Hanzhong,transfer,standard,1,test,a4a9743beeca209b2f28f4cdfbaa34df93577deaf19e83591fe6dfda38e86107
922c007bf90b95962f7d,5ebe454b5a7e865d9b84dbfb,neg_cities,584,Guangzhou,transfer,reversed,0,dev,86922c896f15b206ef2ffb7d9892edd0bdf12ee581d3d0e1ec70925e3579a03c
bdd2a88241f95b4f2317,c8b314d3a6a86f799bae96db,neg_cities,585,Guangzhou,transfer,reversed,1,dev,debcab499560a6c5c351ba2ed989ff41d0124fd9226644f061609c4d7a202836
276d4d76ab90e9a252bd,75ca8a4ddbeb80bb4b8267ce,neg_cities,586,Munich,transfer,standard,0,test,7dcf86c962ead72f0002beb7a399adc28ec1c4569c24d0bd4735589e7ac71183
9531b850bc676b2d04dd,59b4905b5017f4bdf6ef40aa,neg_cities,587,Munich,transfer,standard,1,test,486ccf439bcaa0df587c4ba06d159edf806fe1d0def018a1afbccdecb9f597de
733f24be43a013845d52,af1c5d5304baeb98fc27bf1f,neg_cities,588,Pekanbaru,transfer,reversed,0,dev,12738bdb8b2857e537fd6ca925612ce1abd6ea03e46710c89c67edbea38108c2
68cd127442987409fb40,9bae3549a55a0f71ab8f7985,neg_cities,589,Pekanbaru,transfer,reversed,1,dev,b8952e9e25c296caddf52717489dd6bba5856c5cafc216e98995ed6ea81ad3e8
b2effc1792996a22f76b,733767f65a54abe45e9d6ab2,neg_cities,590,Malang,transfer,standard,0,train,fea3db442baff0d3a51906f488ef66a50d6a969252c95354c217d80854722476
c2fd8f30ac92f885c7e3,841d46fbc85a11673db58e2b,neg_cities,591,Malang,transfer,reversed,1,train,e82cf00dde7804262fa864e7e78730c90bfd2ff0a210c116b6dbbfb7dc12c334
1fce06642f5b9df5769b,b1b5b22b79df690c1d7b77af,neg_cities,592,Douala,transfer,reversed,0,test,374b0f35bb4ff54ba2c2d7c4b402b13742bdcfa063dbaa6ded630f6f84f4ff7a
92bdaeac24b7072da5ac,a390792fa91c46013c32d41f,neg_cities,593,Douala,transfer,reversed,1,test,8bb5f227653d26dba731f491f3c485d8ac6bb0e8e5e970d00fc8b9c8e12fa400
ae8fb53382c8b7eb4d9b,e1c9cf017556e6a3fec0f8a4,neg_cities,594,Kashgar,transfer,reversed,0,train,585e405b0906ddf9a60fa5b85b1d086ab48b944af333812bc064137da3ce7475
2148737a4d53d8c82754,22de49cf5cd419fdcc74eb76,neg_cities,595,Kashgar,transfer,standard,1,train,2c218cd027419d5e9e2923e7653a6b68b095fe11eaa631f46d40fb51f86b2083
cfb0f25fc548101aa2f0,d1b98b96c7ff416704ea5f3b,neg_cities,596,Zibo,transfer,reversed,0,dev,e7c3a71ccf9e59c512c7016fede96973c7dac57425bfa792a764e6426ec0140d
6b0cbc506d0208ba5a46,da38b07084276750495f6125,neg_cities,597,Zibo,transfer,reversed,1,dev,bd0ad4e4ef2437d7b397b37d4e292f2ee939efa5ba1594d9ab4f326cc392224d
10b315bdb327eb3d2215,25db452afa390c2d03edc7f0,neg_cities,598,Tianshui,transfer,standard,0,train,bd2be775b98e1ed6033bd0314c96d11bbc2c93e878c0a73ae57df432c5baf4fa
915e53da09b197d126d7,a98693b06af77ea2c3c404d1,neg_cities,599,Tianshui,transfer,standard,1,train,422c9bdab429ea2f19b326db04fb99a7052c1328faebb44ff1c6371c436ea50f
f2a040f93d73346f572f,bc92c026b9050e48f0545e1b,neg_cities,600,Laibin,transfer,standard,0,train,6cbd6cbc94518c4eff2e22e58b2f965948cd8d5469d568c79595e6e001349bfa
e9c63fac4447bfb9dbd2,3f02e2146d1ddb173235704c,neg_cities,601,Laibin,transfer,reversed,1,train,5286820320ac047052bab4e0b895a7df4e230e69016e21f19d82534caa2fe56b
f8f756617dc855bf6544,34a38c91fbe02d1e2dae4356,neg_cities,602,Deyang,transfer,reversed,0,train,9198bc3bbeadcc228d36e9e808283d6ccf5f450feb44465dc7b3d9183b83f5bb
3a4bb5fe2d7f30cbf6c7,180cf587108d383a707f096f,neg_cities,603,Deyang,transfer,reversed,1,train,6f929d9b050662773478f16f7c21ae3fd4cf1422494531f48718dd282356560f
a39e3f0b9fceda05d896,d706a6b670e3658c74bd7c51,neg_cities,604,Teresina,transfer,reversed,0,train,e804cba308981f1e28c5a5aa2597fbb50379abd8d0c38e067b61f3b3e96c7cef
d013712dd16d0a3d3dcb,ed2f2198c60f82e5f5905954,neg_cities,605,Teresina,transfer,reversed,1,train,19678542f6df0c7f75a12b4d4a1c4606f44d76e3118bfd96b19d9775bba2f1a5
1c4253a08b6819d169ac,283e52fbabcb79d952011749,neg_cities,606,Leipzig,transfer,standard,0,dev,6be8ed51a216d1bb749bb03c247d9217d1649445fe9f15dbb92af4a6d2952422
43395eaa9a0fb0d80f39,0b60af0813c0e11ae5ee8b71,neg_cities,607,Leipzig,transfer,standard,1,dev,15387b89c6503579925badd1df9f136843d30a3bd9eb74fec89df0095f1f6839
edd5d4911d434a2dd7ed,eaf1b4e67b77783f6e7a0668,neg_cities,608,Duesseldorf,transfer,standard,0,train,dc8b31e0974bb603e76fd5a9b3b9911c65c58ccf1f7e34c63db761893adcc5f9
81544677245819f03835,eec80b5c49b4dc02bed050f2,neg_cities,609,Duesseldorf,transfer,reversed,1,train,9abd20f4b40bfaea45c41b9034927e288dd73036b8d70a9b0d921c1bec539f0d
9b4e729ea2df2725a9ca,0633252b20250042c17c60ac,neg_cities,610,Zagreb,transfer,reversed,0,test,8f149093eb4b48343a350bf6668f41f2a13c9dd32fcce9caee4346f3fac5d5d7
b8ea385bf9d55c044b24,48c5203e9cdfe95e6aa987fa,neg_cities,611,Zagreb,transfer,reversed,1,test,36c529281236cdbc3e89ccac5f337d9d014b0045a58bb444d89c24d985043e71
a21304c8d47bff26985a,e3b5760787ccdaf2e964427a,neg_cities,612,Hannover,transfer,reversed,0,train,f5dd55b03c393cf8d26e276ff5b3b8d38aa7ef47263cc425653ccd1e3e04021d
fdd3dfe89bd393168a98,77cab21d80fad5207f0b4096,neg_cities,613,Hannover,transfer,reversed,1,train,1dbd54bb2bdf9190d527d974ef034265ae214ff3c9e6d836776c04a80d8ecd9f
6177ee0a49cad49197a9,61ed20474248142d8e3f46ff,neg_cities,614,Penza,transfer,reversed,0,test,d8e2427e3c54c7be34183a3fa36e127dd66959e8d435f6c23fe28e967561f735
5809f503fca5a4f0394e,d25a0eff18b75a173246a724,neg_cities,615,Penza,transfer,reversed,1,test,38c4486a9b30efb9f12dfb2689a7d6ed67c1352b2766f642d47fb55e5277f368
483a09371f3545a4a0d5,a27f5bf5d3d2f18620d4d6bb,neg_cities,616,Matola,transfer,reversed,0,train,f506966c42796ac272fc3c3d8ba051b81512490498dd3dfce11619cfaf54fe32
a771efd6baa45510ff7f,9ac47fba9efbe1f3493be3aa,neg_cities,617,Matola,transfer,reversed,1,train,029070401f8bf959572afcab9bcccc996c78253f22c162787c3bee25e8f32079
e600307cda9042460cad,d9347399cd2a1b72940e2aee,neg_cities,618,Enugu,transfer,reversed,0,train,3ef7a8bdf74bd35e41a33860507c3941421e8f6d2d26c5436317ebda97f20bcf
c34be1412d9e8215e2db,607eb03f79519aa1c5ee84fe,neg_cities,619,Enugu,transfer,reversed,1,train,8496309f0aa84513e4f8c5fa6c41c7a2fb33f8e24648e27d9126437aba32343c
561a0c97761c7bbcaf5b,8edb87445f846a166cdb219b,neg_cities,620,Shizuoka,transfer,standard,0,dev,c7db5aa4b26dc947642ce0f0daf4e48df715a342ca3eb7a0146c366df35646d4
8b2926d3d0ba22b62b31,fd95a84fac0815749dd0735b,neg_cities,621,Shizuoka,transfer,standard,1,dev,46cacf06fed575a6cd2370e030c7b47c1c93e8c71d37f0c037ca50029e6d7666
48e3fc045237657d389c,f5028a75549e7232afd667f2,neg_cities,622,Himeji,transfer,reversed,0,train,5f3d6d60ea174f0ab0b63f2876472a93a6b25dbea54bbaef9de71935c72f5690
52c1de33cd937cd58152,79d2ad1fd134addf953ff2d1,neg_cities,623,Himeji,transfer,standard,1,train,e33eeefdae2608947f76c921e390a744607cbb9e2a8c6dc238a271ae6bffe197
f17d88598ca7216d40ef,68b043daf5b25321300d22eb,neg_cities,624,Hamhung,transfer,standard,0,train,2734c7488262017e2b1872fba231872e7291ab07b439421920816549fb242d2c
12b1f7858d75d041c3e3,d15b1df54556c9009906ff3a,neg_cities,625,Hamhung,transfer,standard,1,train,193a793da402b5c1a6730531696484c26f549ea4652521b61a453f33e8949871
2cc98bd9c3ef8d3380a6,fee50aa1a216b0a915134509,neg_cities,626,Seoul,transfer,standard,0,train,7a4fc1fa0c025b7fb67aba72693a22b30ee4e9d45f5921a0d87097eeaff078f4
e0e5f75fe4d1d1f91269,e5294d213bd82dfeaeaa65a9,neg_cities,627,Seoul,transfer,standard,1,train,3cb0ee61213de1c09e078cac0eac9ad01cf128303b3556fa4f5bcb4a880c94e0
cf07f2434ac5499019cf,09323ac8deaf2bacb9be7987,neg_cities,628,Meerut,transfer,reversed,0,train,0986470f52324c951a273906d08a26c364692946ce785f209bf2a94090952bf5
b50c9262c1ca5e4a22eb,76bbc39b755a46baa0ca5620,neg_cities,629,Meerut,transfer,reversed,1,train,b8afa5981650bd013caf2f2631656e209e97ea81f13c060acd9db1ce2aa6fbda
79ed7aa050357e47948f,22bc793e73ebd24a229d7f1b,neg_cities,630,Hubli,transfer,standard,0,dev,a8bea655c6200aee5d467ae64d2b44e8d36b3f91522671c9f7a1d7145f7bfb27
7c1ec01c835ffa09ec47,580de6d51c205499db3bc4d9,neg_cities,631,Hubli,transfer,standard,1,dev,7473b5b1fc5297e487074ec13b517f359235c459a4cdff54d826242fdf53dee9
aba511306ac683d41996,b7019144d292204a136c0770,neg_cities,632,Dubai,transfer,standard,0,train,c826d4ae82b9731ea3b4fc83e390c7378b62886066e98622a0ce20c75135f5bd
b46fd56573e631d9f054,f9a4df4168a606dd52018416,neg_cities,633,Dubai,transfer,reversed,1,train,be9f59d9066bffa31b318638756187c9a3aee6cee87e4b0ddb1a71b573d14f8c
6612c24dc617ad919c86,4c870dc4019562024745aaea,neg_cities,634,Astrakhan,transfer,reversed,0,dev,e7e8ccab9ff855f536dca15b7f75f515e3b83a86cb4bcb6495f4c0ac578b0f2e
55bc1bf8f9d9064c2388,b82d50c83802938ec683b0a3,neg_cities,635,Astrakhan,transfer,standard,1,dev,ccfb3b78484ab96e49ad54160ea2d855b85d39f6db835812f5cf98cdaf3325c8
b89d67d50b6413b4c59c,0e274e904d82b30287591bda,neg_cities,636,Aleppo,transfer,reversed,0,train,e41a1ce18ab86c68a47bcf9891bbbfc1b4d12bf1fe6e599e7138a5061a72ca7f
277d86f0567cf1b831d2,9a5cf480f5db0c8ab3d9619a,neg_cities,637,Aleppo,transfer,standard,1,train,0e389aa5a70b3ffc4772093a11b328293cceec4f1a40d2629de1b3e779f85f6c
c618292d3bfb8f91c0bb,3bc2a0a3a028f813574b77de,neg_cities,638,Ar Raqqah,transfer,standard,0,train,52e0392475eae45a7a9a0688c4493e64aa60c9c9c12c04418c3a3cee66b2c54a
6b182b58be97c7ad60ec,0982d0ae685dcde417515b56,neg_cities,639,Ar Raqqah,transfer,reversed,1,train,ab607a362fb3f7c661b813983652af274311b3e7d7641bb03ec38407dbfe97a2
0502d1c739abb1ca8d5b,8ddd2415f6cb67af9cf33db3,neg_cities,640,Saint Petersburg,transfer,standard,0,test,3731b73643714b2893fc7a045a2c5b7bb2605ccdba0d3930e6bd0c416f5b96b7
c0f508119abe88727e4a,84e3e187cd46deccbdec7adf,neg_cities,641,Saint Petersburg,transfer,reversed,1,test,1c28b9979633dcca796980d0137ca30a75b014a9588e0c5fbc0b25dac0e78e29
68b20e0a33b260a60d4f,6dc81aaf82d3fc37b4c25bb9,neg_cities,642,Johannesburg,transfer,reversed,0,train,78dcc676e58daf2298c575303864f69b7f61bfbf90fe293e152e61e24e94d43b
bb142279303b987faf4f,7826d589b49a41136f956e7c,neg_cities,643,Johannesburg,transfer,reversed,1,train,592b5764afbd9ab7fccbaeb52fe6205775c981ed59550a9e0672826b2c1011f1
8e477f0e330ad8dd5c85,387eb01c314e21e0a9a69fe3,neg_cities,644,Wanzhou,transfer,standard,0,train,7bc6efc5b97fe3ae1db7f7e9a10631b1d1ffaff9a7a1e220a90addd67b0dd0f7
04555738ff0287d6190e,ceb9e227afd95a4ed62a715e,neg_cities,645,Wanzhou,transfer,standard,1,train,401a87f670d58f10604d5719e174e4bfd2f125dfe3b2c88ceaa8093aefdb983b
e16877c177c7581d11fb,431a29316c23648d21b9e408,neg_cities,646,Anyang,transfer,reversed,0,dev,36dcc86f01a71de518ec99edc454d298e1a045e5b1b42e0e6577989ff4e33b5b
c31351b29fbbfa4d3b16,3dda3e07bda700e76d5d66b1,neg_cities,647,Anyang,transfer,reversed,1,dev,c247839646679f00384940cb399a43aabeaa92c7d5b56d4dde864f1645a3c779
7f1a9c1b2da816636d4b,488b026e13eab22e8ff2b550,neg_cities,648,Qinhuangdao,transfer,standard,0,test,5ad9dc8940aad8852d9180f2504ad29a5577689be303dce89e3327c32ebcbce5
834fa22d4a0bc9578b52,1feb87c3871ed64821d79fc6,neg_cities,649,Qinhuangdao,transfer,reversed,1,test,9bf274730c11c736ad91c13303b3147ee4540fe64977fa18ff5a444d7f1cb8f6
b52a5671cddd95e5eaa6,e068c9ed37d1b197323e2842,neg_cities,650,Meizhou,transfer,reversed,0,train,bf7df21ba29ebfeabadb309c677452bc7b43cb4f45ee015f02942a8f6f6cfda4
57679b88811b1ecdcdd8,cae3a5e3cfe757a28fda96c0,neg_cities,651,Meizhou,transfer,reversed,1,train,60be48b30ced623d3ec3c13d556ecb284fe76079ae4f93c5d24fdc289435bcba
5ea5a09ec4513448e341,0323556d6234946ad9e9c16b,neg_cities,652,Yangjiang,transfer,standard,0,test,8a2535a9376680759bbba380c2e28ce4929e3f0c06f1346bf8df91160b73066e
633e9ddd42b266fa4d56,fb2a820f19ca6711197d3a3c,neg_cities,653,Yangjiang,transfer,reversed,1,test,f1893f346dbb30ca932618f824201e8120d018cf82911bde96b3abc863433208
3a7891632fcab66756ac,1cadf6403c2eb5d55eac3c80,neg_cities,654,Beijing,transfer,standard,0,train,734e574764ad8b668ad1de5597c3088e104a5aa3fb6a032788534fc00c73a118
a0d98df115840a5617a4,6fa4393c9cca9f466121faa7,neg_cities,655,Beijing,transfer,standard,1,train,17965e537b5f6c0f8cf939aefe82f75e958ecf469941d4bf1fd18cf61bac1576
abeffe61b1fdf80d5bbd,cb52d4af6fa8e3287f12e68b,neg_cities,656,Shah Alam,transfer,reversed,0,train,09c0914d74276f919e47ea73e22e55a0531b4477062459a0d749fe5e53652bb0
5b15cd09b8f69be7ff46,467e3948c8786dc8eb5d0020,neg_cities,657,Shah Alam,transfer,standard,1,train,dc0d9cb78a0f1ff95bb618b786c494c72a18175a7c4c1625ede5409dda9ad5b4
0f725565d9c0246cd7d4,c81b2cbd59894f06b9eee990,neg_cities,658,Vadodara,transfer,reversed,0,train,310a46dde0ac18098763d3065c7aae876a3804e94b5a32c604b03ebc6d707c74
ed0443764cf4940c8f15,4bed0e9ad7f624557c84ad4f,neg_cities,659,Vadodara,transfer,reversed,1,train,00a41269979941df8214902a182f667a98b9ab671ab06c0f08b46e14053ec245
cb3c20fc3f70e839bd35,4ffe12ed6fab1874dbe2f556,neg_cities,660,Sangli,transfer,reversed,0,test,a515b771d59d5e25688357fe347e45e02e844edac50ef7fd198f2ae7877aea2f
146d155a31a8b7c5720c,ae261fbf7c05d2b04648872f,neg_cities,661,Sangli,transfer,reversed,1,test,4f6a1d19860b98b96ab5137431a8221fd0ee2d25a91443bc2e5c3009f32327d9
543ceb060fb271dd7ca0,3903fc3016f87906858c1a08,neg_cities,662,Guwahati,transfer,standard,0,train,3e4e4965d0d5932aec08a47464821c32d6c2fce109de2cf2b6d1b982465bfc35
9d5cf7023ee18cf51cef,8271796bf3e5b6bb70225f3b,neg_cities,663,Guwahati,transfer,reversed,1,train,8cbfe001fd381ad8aa693aa6e5b20fda02dfb11828587c254c1480c11a383fd9
bef2dcad2b08b4075b73,204d43a2573df2a8ea268bbc,neg_cities,664,Prayagraj,transfer,standard,0,train,c5338cbe92f98be1930bbb5d0cf9af104c06ce6f3fc253dbcfe47311cf221347
cdc1f6b328d9f56611a2,e0f3f66c7da361f471f4374d,neg_cities,665,Prayagraj,transfer,reversed,1,train,f308b282f1c7b4ba05f023f983fb65adc0873461197e6e27a99233ea77860195
d3a8a60e9b72bfef8a01,d6dc3925518fdf7c787174eb,neg_cities,666,Aligarh,transfer,standard,0,test,671d81f4570fb102210c59e39a8a4ab86f9b4acd27a08f210ccf39b9ef15c244
d66642ebb4787b5713ee,efaf68544a24a55b0f719028,neg_cities,667,Aligarh,transfer,standard,1,test,2ed4eae24334edde60df0dfc8b0ed58a09b603326dc1a0f1dd9fb064ebaa4cc3
228e7712030f0ad18594,1be1e608155496f873bc2338,neg_cities,668,Kermanshah,transfer,reversed,0,test,b8c9b4cc118cf269a9526633bc666d2b4a3ad29e27714ebb5c3c4eaeeb341830
d33b4d9097681b7aa2f0,cf76d30fe5d6734fa213b274,neg_cities,669,Kermanshah,transfer,reversed,1,test,83a5d064b1e3e4f074c986381c149a027a876f85ba822bd7876ced722dbf06cc
446624e3ef1167c23acb,ce6ab77e461b25f59abaf953,neg_cities,670,Semarang,transfer,standard,0,train,da8711890962f794b0715c15c520b44521927072d18d1a8741757b1258629148
b6cdb1bcb8efc0451283,0171b207feb2b4829181a7a6,neg_cities,671,Semarang,transfer,standard,1,train,fd72e36f590740947efa1d7f4b7b61cbdaa19045588b4a95887edbbf5da2956c
52997d7087b43092c956,531fcfaf4b8d0f25e08e8d2a,neg_cities,672,Khulna,transfer,standard,0,train,cc655f0aa22192a7fe506e28e6d65ad32f1163b50a9ee8676505d6728b7109ad
f827414b414532399a35,fb258f40629dc8d6ee2024f8,neg_cities,673,Khulna,transfer,reversed,1,train,4cee40cda195c9ca5ff15639e75975cdfe41b672818cd23e9f09e856a1061d35
7948237d1ce64ba7c189,938b83fe9382b5eef9fa72e9,neg_cities,674,Korla,transfer,reversed,0,train,726c4b8a97bf55e41c4f5ec53741f05a76589ffed5b819ff274b7fccd5549d98
0b1d9fa4dcab1efa63a5,2063b545446706a23cfc8b17,neg_cities,675,Korla,transfer,reversed,1,train,7b8748ce8e8536bf9c5c711225c70db8e1e71ef9d30b63408f9926d977a627d7
6a95782bd495474408aa,a629afe0ed4a73caec05cc96,neg_cities,676,Zaozhuang,transfer,standard,0,train,dad7e57c068e1c2bd60c4aaece533350d51d75a9bee8f294a2276d8e22d8fd53
88011852183011d48042,a16f2605e84cf8ae84a8f9b7,neg_cities,677,Zaozhuang,transfer,reversed,1,train,b15dc295e3dc5db2a103c0c3ba92f8b02fea7814a7f8bcb7a7d8f5720acbe0b9
c1e92d33042f98631862,a03796d4ba1afaeebfe64ca1,neg_cities,678,Xiamen,transfer,reversed,0,test,dd0945715bc4fc7d4fe5d239f369bcb8d22f07028f415d1a8e3f57a75056bf14
72978bfc875fcebae5cb,0e4d9038704dc21e40987be1,neg_cities,679,Xiamen,transfer,reversed,1,test,fc86e9bb7148ce809877ad6178078cc02e9959fe69b62c31c43e17d446977349
2fd1c02226ae98d881f5,f3c2db14ed7ab3377c3ee1b0,neg_cities,680,Shenzhen,transfer,standard,0,train,79273a7e639c63828d675a1bd72871fb818fbdb713d130571f3068333121dff1
4f0cd34467d94a10a9ad,e3e6dde65a76612a1d8e2b3a,neg_cities,681,Shenzhen,transfer,standard,1,train,c41ab04dd594546070fcf0fbac593cc75d8286e2e94e478202f8c2e90ce38612
18aa0d640c9e2b973c4c,e0c1ca7c17a7195a9fce126d,neg_cities,682,Maoming,transfer,standard,0,dev,14aec3a9a015a433a899feec5a36db60592a87f7585aeea414a4fe8dfb67f2c0
27fbe59693dd38e4a151,4983aee2b8117b201e630ca3,neg_cities,683,Maoming,transfer,reversed,1,dev,0aca465cf978b63c0e6e3158d5aec38255dc3461c6f6626428ab10177e6d3ae6
db3fa253c8985b425f64,08248382c5ef284598abc523,neg_cities,684,Anshun,transfer,reversed,0,dev,0ac5952a41c10a3aea90f0e955e03cb50ccb216d7f41f70307b167013e4d2805
14978778f0e6cef1150e,c17f86a4416dde39a5bcdbf0,neg_cities,685,Anshun,transfer,standard,1,dev,33390f5cb6125d3a585112ab761af0069a5a2ffb166926ad6510514b81b7aab6
9f401604e69d84c17666,b2899c9b0a9b6ff979219363,neg_cities,686,Siping,transfer,standard,0,train,7dfe2a216323f1b1e3f82821f7886abfc9ea4a0393dea7cab01a3860c8ab8b40
bafbfeaff2796e123a2e,ca1f13413a86a99f1821c64f,neg_cities,687,Siping,transfer,reversed,1,train,e65307d25a588a89f6ce9111aefe8600ed0843d3a9623a9471f62e26968faf07
d50efc0473f58549d635,fe9cb10fc5458dabeb47f2c5,neg_cities,688,Shuangyashan,transfer,reversed,0,train,b1b523d35a0334db39fe371b00e0e40201f63375d2fc8a551860c0f4a78bfdd5
8787d746b72755d2af1c,2f6a6b668921087d20384de7,neg_cities,689,Shuangyashan,transfer,standard,1,train,3a98037a83ea372db68b464c556009772d293a69a6a8c61c32cccfeba17568f0
6d75f4f939b7c10969c3,864c8860bd4a7a433d477517,neg_cities,690,Jiamusi,transfer,standard,0,train,08576862d22d0eb1bd8a65cc7996a857b06cfd95eb1733556d3e6f5dcfc46820
559202846dbb0959ccc5,d75dd09ad14f376a952ebd71,neg_cities,691,Jiamusi,transfer,standard,1,train,2c2540e564f41fce82868153bb0412c88da9a2a730416a7c2cd121d1ee680f50
6a9aeac71529e527ebfb,bb05f0e7d278811a01e7047d,neg_cities,692,Minsk,transfer,standard,0,test,4ae67ea203c5f29df6ec412984097071748d93ef95eb23c8b71794a97a6e553f
d119e82a068046429ba3,f52e3ea844412b9f36746535,neg_cities,693,Minsk,transfer,reversed,1,test,8ac15a2024c8c47d3460134797b38fc1f44a3370ee7fe52891de3861e0b203cf
04bd2d543ce3957ecf51,8af631ace66167f6f2a97f2a,neg_cities,694,Lubumbashi,transfer,standard,0,train,6a924166b41904579f15c283ced3f5c1feaf3d89b3383c814eb732f5ee9f0ce5
dec425e19a70fd5b636c,91578ddef10d369f0a0f8c41,neg_cities,695,Lubumbashi,transfer,standard,1,train,edae9c32b9302697ebf47bc28b00962b8e40dfa96c1abd278b8f62e6ab4229ef
6e4fd1337d1f61a6e225,7f0e09457ec86dede229d192,neg_cities,696,San Miguel de Tucuman,transfer,reversed,0,train,5c3b081a3ec9d1dd435fc3ff271f6f8d700e9f1f196bc13204c8b9b4d8b9d652
9f868860810250e83e5a,d5ccbdbf7f4a8097a935606c,neg_cities,697,San Miguel de Tucuman,transfer,standard,1,train,61b18d3303758d7abfa091dcf5dd9c50c3b8d73eaea1e9c5dc5a0a023faeedb8
9f298e9e168abef9c304,3992c73c6f8c44ac9685e886,neg_cities,698,Cotonou,transfer,reversed,0,test,56d3e7dfba5a6af5e3bfb63bff578ec5c143869b5ad659a0bb38390bdda83dd7
8d3581b463a9b624421c,d2afa875aa0e612c6218913c,neg_cities,699,Cotonou,transfer,standard,1,test,fe36553928ca7da62cd0fd19110656008a22d222691e9b6fdb295d6f533b482e
9be3e9e9f69922183e70,8ca334af08c92bee50d04244,neg_cities,700,Comilla,transfer,standard,0,test,ee6a6e6e99a19bbd8ae22817ad1be72a88f565e6f9844281625f38fee91e1f50
73c74476fb1633f40cc4,ffbbb348ae42d8227eacf87e,neg_cities,701,Comilla,transfer,reversed,1,test,2fce96aa46bec8b2ab042dc4fcbc47ee42d47e4def92ec2be105de73b6533455
9af5d915e6d24dfe80b3,dc5e65474390ed6d762df727,neg_cities,702,Sao Bernardo do Campo,transfer,standard,0,train,5e37adc4c324f804a5f1a0004c95dcee4912d354fe832847c2bcd80ca8976590
42dfc69bd9c9e50e5b5b,9f30ba0a7e785788b55fdd06,neg_cities,703,Sao Bernardo do Campo,transfer,standard,1,train,d4f440f4e6afe512feb9badce443e0070359ec1fd6c26ed8caea2b14083a2b43
422888735a1494c826e1,e802840e707edc445f6cd20b,neg_cities,704,Feira de Santana,transfer,standard,0,train,4a8f44bc49646b818dc1e2ccc60a47e4cb9c22bca8908bf7c271eadb757be445
7ed9f314af6d7148672f,b092589c11dfc27632f7ad20,neg_cities,705,Feira de Santana,transfer,standard,1,train,bfe4a68e9cd16baa313c3f48faaccaa46aeed50cf2e915b4ae5b463e73ca20b2
2b094a4985be3e8e9072,a58db1a10f0d27ab365a50e8,neg_cities,706,Porto Alegre,transfer,reversed,0,train,9410c28e6e59364ae7a666afe15b6f5eab6cd0b3d851e9df059e02063d88edab
a4cad817d8727d9de4eb,73d38ba6075a1e0c0a99b3e0,neg_cities,707,Porto Alegre,transfer,reversed,1,train,4bcdc9b79b0c258706ecef9fc8247b65c4b319f1547443bbd592cafaa79e8cc2
11ec9be6d7182910db39,3069077d3e7fb8a9501104a4,neg_cities,708,Juiz de Fora,transfer,standard,0,dev,f7d8e885cdef32dbfa126d5cf7536b3f3470f2c65f6f504721bc502dd6286fa8
d45272b6218559907e4a,0b8ab969e2e3782da610bf73,neg_cities,709,Juiz de Fora,transfer,standard,1,dev,851de50ec9d061716fb7c57daab3a09c58be37ec6058a19f878c6d118571c58e
e32a297b9fb944e59729,bccc06bd352fb3efe19d0c33,neg_cities,710,Nagoya,transfer,standard,0,train,22179a58f8938f0c5749a9152ab827f52199da1fbc594b9f6696a911a6d5ebe3
e51bc7125c7c7a1df3bb,56c7a995a5c4c8f0f13f0125,neg_cities,711,Nagoya,transfer,standard,1,train,fcca6d4906146addf30c21bfa8d3f8945cc7489180648254044a474107cbc62a
4fe480ce14342909abc7,89a14239760bf4be4dfbcbd2,neg_cities,712,Al Ahmadi,transfer,standard,0,test,fde98bbd7492b90bbdb320088f433037b04e588fc8be4d7d70c2270dbc2c077a
0a3d8e297d457fdc94fa,ff33f969640cfd15048dcde0,neg_cities,713,Al Ahmadi,transfer,reversed,1,test,e06ee8194fd0c2e8e0538eb863e04907d609dd98fa7dc9a231a260dfd6e33ac5
07c548c561ae6fcef9dc,9c341e28a132e33db7d7d749,neg_cities,714,Beirut,transfer,reversed,0,test,8ad367f563c02621d403be24b59f26ce862034c12cab5bc32e99e7ba33f9fd4a
2ead33250721cb2c7e9c,524e47d467c40b561a568698,neg_cities,715,Beirut,transfer,reversed,1,test,eb1cd2bf71d0ccf5d1db0d247116c1b837f898a9fbd072e6f95c1472eaa5307a
c670e9c857d29f71214e,ba10eda3e2fc7f97e3d46ab5,neg_cities,716,Lilongwe,transfer,reversed,0,dev,73f91c27e0439ec438d2a984a043873a3b223b5ffdeacdd8dc52d95a35bc19e4
be91d8a46c21d85a2e9c,4d9436eecf15f98d8b901bf9,neg_cities,717,Lilongwe,transfer,standard,1,dev,ce0fd7e00e529dea01f7809fd0c1408ab31f352ce5a42707d65e883cfe443afa
7574c01171693c7ebbe3,1bcad8444eccd4c122ee5033,neg_cities,718,Ecatepec de Morelos,transfer,reversed,0,train,f2e977d5cff1bc59a3d1bae67d89cd2fbebd59dc45f7559e19d469a8d38352ca
feafcc5e8b838deb02bd,ea48835a70cfc07a267dc98d,neg_cities,719,Ecatepec de Morelos,transfer,standard,1,train,bb27f26b6cf28059c3180f7abdf20f1f0444c9e3ba29eb75453929896bcc6d66
2235251c3c8b2274ac73,72b956971320e7d1dfdb4eeb,neg_cities,720,Cancun,transfer,reversed,0,train,a2cd8a49a6ebd35c0522a09b54380699aa8cad3628a097bbc9c03c37e11c4320
e4e782ed60de62b705d5,2b747f7b237458ae7642211b,neg_cities,721,Cancun,transfer,standard,1,train,92c2f400bb932834e7af011a98f8b7f00c4c333f8fd6634b7a52eb9156a6a786
3dfae13127fb23ed4a8f,22d82fa3086fe43bbeec9855,neg_cities,722,Isfahan,transfer,reversed,0,train,33b1f94eb476db378dae57cf19b04df9362cdfcdafa2b7c047c86ccc75550f26
521bd1f3a101d7032811,349220a5f6e985e3a74f938c,neg_cities,723,Isfahan,transfer,reversed,1,train,fe778caf4681a9c906fdb023b11910c4a0e169edacf52e724f801e840c9271c6
9b32ffa9fc2a91c82d73,f4c6e9f61ff738fe08f33237,neg_cities,724,Conakry,transfer,standard,0,dev,43b57d10cbb669c7a66756b21e8c28f814eb560a9336d4fe2435ce30d30054b7
e243d742f3bb44e391c9,b646ba37509533dd7672f562,neg_cities,725,Conakry,transfer,standard,1,dev,abc1ce37e7be3aa98d644d129c968415350f45dbf309db7c683107d94e1cb4cc
53c72edb83051a13c0f8,ad86d5a955785e13273fa68c,neg_cities,726,Petaling Jaya,transfer,reversed,0,train,dc1ce5d46e0b2107990b61365de6caed0cd6404d458c072e6996260bda371ae6
3b58a9d4bfec6804f838,85d807b31fbdb1dcd6eecf87,neg_cities,727,Petaling Jaya,transfer,reversed,1,train,b887e9fc9d692471b270ad5cc7cff258ce645736ee31857e1878240f7853da76
00c832825fcaf7024d36,86f88e4cc6132cbdf8306daa,neg_cities,728,Zaria,transfer,reversed,0,dev,f435decf0a2d1a661c07196326978174accb138e9a577f851940a113009353d9
47971c010332a398c8d6,1177ebf7204f27ed81bce5c7,neg_cities,729,Zaria,transfer,standard,1,dev,423c6b0b2af53472e509242a236f81d82c497571a07fe5fb062ed6beb324b3b8
33025a957604eab85b4e,ae408f69f5927e6db37e3f9c,neg_cities,730,Cimahi,transfer,standard,0,train,4ac957f016f41e63c1cc9ea2d4b20bf5656e004af67579341495456c8c884546
9fb19223d9064b6b0b64,ca614037e01484cd1767e8e4,neg_cities,731,Cimahi,transfer,standard,1,train,4e200b661c82873b0ab1d193426764b5f24220d7554768a9b5e7c72c6a018c18
fd0f7de4df51283d3c3f,370019e1f681dc6ee39036fd,neg_cities,732,Arequipa,transfer,standard,0,train,a4c5e577615878ca829604270d5a7b7b7b42f4116ef8063bd7501aeffce8b3c1
0672d8a7adf2ae7635ef,a95e4baffae0be239da250f8,neg_cities,733,Arequipa,transfer,standard,1,train,c9d64480ba085a11adf73a7847673c910b652716bddbe24d4b2079c6b77c34cd
bc375632256e09613d84,f022cdacd5df6c0786fe6073,neg_cities,734,Multan,transfer,reversed,0,train,075b9bedc458f8bfc6e0deae35bbe4d155ee9425e75946f5c3278369ac9be8dc
7c4e62a978755951c844,b2d17da6bb81300526971d7b,neg_cities,735,Multan,transfer,standard,1,train,b61ffec9cbc28a380de6dcee5c7173579e57e39f284fdb498aa52cb0551c9ebe
3c8f2716e3c1c25d86c3,6424490e5aba0d77870acc32,neg_cities,736,Bahcelievler,transfer,reversed,0,dev,218e01114f510c77d4ac0e03542f374f83148149744542f820f9764023b4d24c
39f3a92820a07185687b,20eb2fc65e027945087f33d7,neg_cities,737,Bahcelievler,transfer,reversed,1,dev,6ca367d92869c01d31b9e7a0ffa9949bd6c7c334187c5cad6191df945c9113dd
4e96d9e95c8097806716,65a9fab20ef0f61d22031a52,neg_cities,738,Saratov,transfer,reversed,0,test,55c7d34c68b5e6e8a9f3b10976f38f8599f2a72632f8e1b33a7cb6597738f3c1
91e7899372f7557bf822,028ef2ad16867083baadf0da,neg_cities,739,Saratov,transfer,standard,1,test,20ce182f2e64286ddc038f40ebca1de48dd9269335863ba11d56bb625fd36a70
3d9757cdf58a60f0e94a,12c9486879ccfe808a1456ac,neg_cities,740,Kharkiv,transfer,standard,0,test,72b4c3fb4bfb34978b5c9b96121b27cbeee61265c61cbeae59b1cfee71849abd
9787a1a359502e467ba0,89506530224f3fb4b8167886,neg_cities,741,Kharkiv,transfer,standard,1,test,30f550f8c9d85427900928296162fe318a5efee585bc5dbc187c3a4070267f17
0312f69793ff93e4cc75,799d43254139d277157ef4d0,neg_cities,742,Malatya,transfer,reversed,0,train,a0e8e5569ac449fdbb04e609a22147e1389a2bae1974e426ebc6c09c2feb8f06
4072b4a43b8d6b72f208,bb98645ed541e3e89e74ba07,neg_cities,743,Malatya,transfer,standard,1,train,7e3f5b324090e2d2e9dbc9177bc7ed34ab12065ec5e464153e5bced9749680c6
347f4b04d1f48f747f1b,5010a22be0df2108e8b5b11e,neg_cities,744,Lviv,transfer,reversed,0,test,fab5db2af20557c312698be28dfcc1ee6d8998945ac480a87d3610cae278dbb0
4510675238013246543c,30d0d1478afd0174bd1b2719,neg_cities,745,Lviv,transfer,reversed,1,test,ed2796a6976f607fc9782126071f557a76a6dbb80de56806c5009a6d047090ce
5243d5abee67f73f4405,435c47a44952087c25ec62b8,neg_cities,746,Kyiv,transfer,standard,0,train,aadb495cf5a932e6850190f5780c3768d0eed947f65c884233dc309e0682eabd
a255a939be9e9f511ab8,33f4fadd9983944cdc12c083,neg_cities,747,Kyiv,transfer,standard,1,train,730bcd560e69ae5338b3096e56931ab13781dc91a819e97acac0bf2a712c9e07
ee3e9a4c2eac3ca371ea,8379f5661296f98456139c59,neg_cities,748,Kitakyushu,transfer,reversed,0,train,8516674a44afb497dd84b7597d53a08c10817815ecd35ffab9daf3ea9241c460
697615ee0c2da97cc210,f86d62e3244be30974506ff5,neg_cities,749,Kitakyushu,transfer,reversed,1,train,00836f132b0dd019c0fe29c764fa339e1f98f7245c628f0ef32a53e7106aa084
270430f4650c49c1df63,50ed35c4eca8c2ae2b4b0639,neg_cities,750,Onitsha,transfer,reversed,0,train,b8fd0f66894ee85f280938a535ce95122f9c2174f800710bd840819efcca02dc
8688921c3f680293b87a,9404452647f59581af35db4c,neg_cities,751,Onitsha,transfer,reversed,1,train,02245e3d05f5f8f75149bf5f2d2c09bcd224bca9d1166afa2695f3607d220a5a
6c809f7103646107c866,9fb6afe08940341b5ab1d6f7,neg_cities,752,Anyang-si,transfer,reversed,0,test,2b7b0428c4f234cbe15c6237aaef46d39291e317cddf6a7ca3539716f78d89ba
465f2cde0336d32c5f03,54a45185143456a230e7d37a,neg_cities,753,Anyang-si,transfer,reversed,1,test,adbbfc35adf938607077914ae16b322d2adf5461c177f36977c15b64493b7b58
37b7dbd5d9fd048f4e95,154b131d5105e3378ebd2c1e,neg_cities,754,Kobe,transfer,standard,0,test,912605313f6f6f0e6f9b8bb936aec1d4dede015bc61b07c6f8001055c1fe5565
4285124d80a65c3008ef,da626e40fb06cc32c84617a9,neg_cities,755,Kobe,transfer,reversed,1,test,8c03c8726ebff9e0a91bc3b496f8af1e72e251da011cc30205a4d8f4514d8ef3
09550ae75a57d06c37c7,bd129df11864035e28d509cc,neg_cities,756,Chiclayo,transfer,standard,0,train,543b35d84b59db8334734ab6ceccd84141c425f620669ea14896450ea8d2fcf1
eeffc0e8e0f71b55b4eb,abe9c826b14a8b6995e68da9,neg_cities,757,Chiclayo,transfer,reversed,1,train,a16c60bc2b77d08fe75015db22ac0ba6da78a8c68a169b8dd7e680cbb6041e0b
5b0f8e7a34940ccfd55e,3298776edf3a764c8077259c,neg_cities,758,Phnom Penh,transfer,reversed,0,test,93f9d81ed515dcf52de4c800184a937468f14a404050cec820726ade8eae41d3
17b1859bf8755208f939,e1c4abaeca02a73f3a03bda5,neg_cities,759,Phnom Penh,transfer,reversed,1,test,95c75fb031ea851358275de5d210c8dcb67a27bb35fb81e9c4bb94c86c6dd881
d1703fa787df905b91eb,70292b4a7e7ba6800dedcc33,neg_cities,760,Nouakchott,transfer,standard,0,train,ebe06f5a7917c46ca40acdce2e0d986ae218c50bded0ca3102260bca5564c2aa
7529a35951d021d323cd,bc61f4901e269ce850471404,neg_cities,761,Nouakchott,transfer,standard,1,train,474d3a2f15db2f374b27d84f858d115f0e8861e98a6a702d21d6650c347bc823
1c6b2962e6601c545916,17c0ffa9ff08923cdaacaef1,neg_cities,762,Vijayawada,transfer,standard,0,train,d588b9194e31d39122631156c29ae32a18ab8b06ce825c046c64ea57f9c772d6
66fed37f7e91466fa378,321f6f9df34451dde2243eba,neg_cities,763,Vijayawada,transfer,reversed,1,train,cb0678b4f2f0b12f17ce423482437d4c9877baa1371438c5a4dcd13c8498d2b7
f92b9c8b28f3cd3618b0,41391c3ff7e748faf9b9ac99,neg_cities,764,Theni,transfer,reversed,0,train,deb93c165fc4e78f460f331ba82c368f2cf2f952f2e2953c371a50db48a07c36
c64043a9bd678e54e53f,cb01cb6217f40f740026ce35,neg_cities,765,Theni,transfer,standard,1,train,2b4e8b9355cf094bc9158e0c7504687fa803fb03488d7cfe6f5231ab149b42b4
d63411135d7a16c626e8,cad2c4b9b17f75388c3ff811,neg_cities,766,Narela,transfer,standard,0,test,eb97b635acc26e3431864185e24c995c4801d322fc761970b1598f25ac3256e3
f1cfdff19ea7551e3145,722742258f30f13894ccea71,neg_cities,767,Narela,transfer,standard,1,test,fa58830fb7822b27c4ada4766578524da31d73664579d0947acb7d3b5e9a2ed4
6edcd985a0602aa95f62,a47471acbb24372eee2f6fb4,neg_cities,768,Quetta,transfer,standard,0,dev,9a41f085f3c2eb04c2f60ff70f9432fc967e2a8d95a642e9439565fe21d124a6
bae93b0170eb596772d3,abe34443a8d773fa6cea7925,neg_cities,769,Quetta,transfer,reversed,1,dev,da55e0a7b979663d64fd271eceaaed89f3c4578d22a28756d7ad38d8d6dbf405
88a32dbb5465d29b41fa,f292ff94c5bfaf32dd2c1ca4,neg_cities,770,Chennai,transfer,standard,0,train,1ae8f8fed0754958389cbead624ea20f679923600ab52d0051008e7b02d3c88b
c3d673db24321d6af027,6eb39f31e068caaa9b6502dd,neg_cities,771,Chennai,transfer,standard,1,train,e25c308722352dade869757f881e84bab77670c3783d30d4950984c7b1a077f2
54f101f301310d932336,bc2c3fe5cf567f502eca0ecb,neg_cities,772,Changshu,transfer,reversed,0,train,e197e6433986853641b8ea8534fee9f697dcb6448cc69b81e55600daeb1310be
b2002b78612778ce6263,62d013bddcbd42ce49f94099,neg_cities,773,Changshu,transfer,reversed,1,train,0fa9c09d92d45dfafe787878238ec551ed3f4608683993db07b8ee3bd895cd87
30bb3dc09ac7413830ae,916f901c598999b463fd8c35,neg_cities,774,Tehran,transfer,reversed,0,test,e104f307aba4bd7de1e3d4f58d64119027207e26f331e91ec4f51cc1df028cfd
d11e653bb9a7c7d6fe9e,9a01f81f06df07741a050823,neg_cities,775,Tehran,transfer,standard,1,test,c0656f74b4f352e058ccc2a8e484171b087fc9e088201b5d8c54465361cb73eb
3717e7fd574c86fad591,ab687598aa522fc6c76e86e4,neg_cities,776,Bayannur,transfer,reversed,0,train,be7865fc0e3fad1bd455959f81627a4b3e0fb0e0addff313d546e7dd27aafadf
1229a427348d9fb4eeea,22f73e0a1ef0646e52fb4546,neg_cities,777,Bayannur,transfer,reversed,1,train,37802cbad4f0787e9024d4225687b7d7d5e4e55c9556979867b6f80dc0a3346e
432cbf8f57e3cd4821ec,cf4310d32708b4ee9aae01bc,neg_cities,778,Barranquilla,transfer,reversed,0,dev,1d5ee9f072b83aa0c0fe8f23ecafdcb2ed5fbc21e1a1b37598ae606cea0f31d9
fd149ecef85b0dc4a57a,46d9d5ae3bcbd79954a846ac,neg_cities,779,Barranquilla,transfer,standard,1,dev,772f5de95c46e93706d67ac9abd2f5105de461fd480135152cf7c761a0700621
a0310089b92c638b90ca,935c9c5f8da32c70340a9c12,neg_cities,780,Budapest,transfer,standard,0,dev,74750fe2be815c5b1f4a9db65fea7769f0ec0ce395a9e81ef3607de0673284d9
2affaaa88da2f2f3b9ae,eb30a4bc495ae822a7b435fc,neg_cities,781,Budapest,transfer,reversed,1,dev,b480730ba0e0474cca5101d9855d24bc419c502399c746d8993894b6005dc39b
1e4e90fdc0a89403a68a,52e31932f706142f07969b43,neg_cities,782,Pontianak,transfer,standard,0,dev,4b79ad60d283b33340ff5a998d46deccb5241af4b90d4ed48df67e4fff620330
49afa54ef333e1f5aa6f,2d5641296c06498f195df950,neg_cities,783,Pontianak,transfer,standard,1,dev,361e637fded748acd2b82f695433986896cb8c04df6142f11f2be3658b0db49a
613056619613dbf9d882,c270d91b86f9958cc1ad1a20,neg_cities,784,Recife,transfer,standard,0,train,43bd096a66ed47b83d02d15a9de9a476d5d4be778368b92801bfd41613386e5c
443b31d30d077a8069ac,608023f3931c73365ca43ae5,neg_cities,785,Recife,transfer,reversed,1,train,caf19102c5b98f17b88e06a9d72555d67fc9e748ae36e5be0587f15e123d6461
4b02b14cf2f424c59fe9,eda9dc7e93bc5ab2638e2deb,neg_cities,786,Contagem,transfer,reversed,0,train,f35b70e22716b3dfa170cc483ead51961ae4f9e8c5a47b217f8dc44d61bca505
eef6f8c30acce78b87f4,e439960ee07905e5a5c806b8,neg_cities,787,Contagem,transfer,standard,1,train,8d156a34b589af2cdef266b1c0ecf3b59afea163c1d900f79e9280a430400c96
a3780cf6172ef7b76d82,f8f3718f95662c65a76c1cf4,neg_cities,788,Port Said,transfer,standard,0,test,024243e10888d55271d3201aee969d647f798f6c47422101a5589d678dc5fedd
00f795dcab51c7835f98,ba544a3b90f37cb0e9b2930f,neg_cities,789,Port Said,transfer,standard,1,test,a2702db97ab09125d1890e19d8792b3fac7d6eda6c247b90070ad14d0e3fb212
e07bad6d35c9d9acb815,3ceaa91d1b64e48b080393f1,neg_cities,790,Asyut,transfer,reversed,0,train,4b064512a7896e203161f4b0b73a69322c469edc59c422668381eb7f21ee9f85
82c4b6575f3f8a8c989f,35daff6a8a6826973d230abf,neg_cities,791,Asyut,transfer,standard,1,train,0e4e04f165f7a35896da0d1c0cde8f649f3aedee7188a37ee862c883b88f3170
6653766428ef1f7b1d83,a3fa1f2e95ad362e0593010c,neg_cities,792,Ziyang,transfer,reversed,0,train,791e89c5134a404942d0a93e1e81b543ba1c3c48927cfc150a23ea1ed2bd1411
5d01cd5321f381a8c156,52db41567d6fed1b4268a1d2,neg_cities,793,Ziyang,transfer,standard,1,train,d4696357e279e51aba7fbe9c197b9832dfe99a8e5cacb76cd15abae5a59fdccd
042945765953e7555c25,2e65e7ef19c0aebc3104d1e3,neg_cities,794,Yinchuan,transfer,standard,0,train,405a01c867d6a490735efdfd0e95e2bf2b5c9d9add151caf50e35d5f53048343
fb039143d75fcf9da249,7b740bf5f91e79ce653763ea,neg_cities,795,Yinchuan,transfer,standard,1,train,072f1d121f3010fea64a2cfbce43f76a9f36e1ebe72ce1ab8a65f111370157fa
06cb8d720aa9bec6929f,6e1e53398236e886f633f4de,neg_cities,796,Zhangjiagang,transfer,reversed,0,test,81b0b2341862c6a10e0e01fa50b8d8f188949990508580f9493ef9722f0d1cb6
1a786b3550d9f538bcc9,300a36b5f2919f1d458eccb4,neg_cities,797,Zhangjiagang,transfer,reversed,1,test,a8b7aee1345f787858e056c3ee895f21af2ccbc80fb15c91758e6d3d61e65b46
5a124899c0b00c2e7dab,e6dda1d00e522541c7d3b29e,neg_cities,798,Shanghai,transfer,reversed,0,dev,8e8d0e021eb6e3e471c69a306cd134408091301536a5014ccc6946bc41cfbcab
5e53ab1456de1b3317a6,7627bf1a4bb281c355a5c534,neg_cities,799,Shanghai,transfer,reversed,1,dev,fd9ef793a7aa2011d02e741f7b8fb089a81c4453d38062cd0de44d2eda1dc293
b0ae1bead5e58ce74c94,606e55d7a8ca881c48402d4d,neg_cities,800,Jieyang,transfer,reversed,0,train,e984791b458f29bc2f8be972e671c6e4364a87d4ebafc98e4d8d719927b360f9
077436e2834325ea5cc3,b6aeadb283659038783bcda7,neg_cities,801,Jieyang,transfer,reversed,1,train,c48ede2e7f5e601d09e79f20c9ea0cf37f63491a9b354cd7e73a5f0a65cb20eb
f6edd9d2953c51bf41e3,a68be988024dd5d2f04e7ec4,neg_cities,802,Longyan,transfer,reversed,0,dev,da2440ad1b4377540ad6338e6bcf20e35bf50a7d75cdf078a2c183f043b32c64
1f590241b39836875d2e,b684c95fdd71bb0622526c68,neg_cities,803,Longyan,transfer,reversed,1,dev,a82f2ce20a150a2db98c6495a8a73c33de36a3a0854983f61a3a1fb3f827f918
15f5815407541e7d5164,b2e06b65e654af0ab756ee0e,neg_cities,804,Dandong,transfer,standard,0,test,179c4397bc0d53ca908014620d301cd96f21c38dd12c64351159acee06a80636
d74ff36451e558733268,d0d7f5d05739c32bbe9745a4,neg_cities,805,Dandong,transfer,reversed,1,test,a9f0aeb26dd2555927343e4ac8926a74452eeb10fd54c91faef5502130ebcfeb
ad5d6f3595be20f75df8,1c80f71e852d9aa390098d1b,neg_cities,806,Frankfurt am Main,transfer,standard,0,test,9fac0d095120376ee39c11f055a703f7e41c5299278d279a9f3b16b988e10172
c7193e2a24fe09ba0a05,935937415d999a82af7fab8d,neg_cities,807,Frankfurt am Main,transfer,standard,1,test,7a2419a38866d4999a43eda2b8632785a087eeddf942317eb9a141c4d023c633
e60fb6fe8b03bb6fc66f,56650e8d1b84cc3b893784db,neg_cities,808,Lusaka,transfer,standard,0,train,dba73380e41651c73a05eb7e0aeb1a7ed5041f82182e6157b3246bc2f267b8f7
7333450cd09596378c6e,d578c235d75cef219e2cda34,neg_cities,809,Lusaka,transfer,standard,1,train,a6f622c0cf5f74d8e2beb9b351f28edff662172403c004fe860fc66d1ff7edc4
e57535cf738713c92e7a,8a7c4d3ce7f2bd37415df3e9,neg_cities,810,Aden,transfer,reversed,0,train,349a51cf2318d4414485d8286b2a42bf09546ae1fee8475e9c6b9916dab5daf5
160b47d53d5f6e2c1869,62907e30d29ed5a7aeb92cf6,neg_cities,811,Aden,transfer,standard,1,train,ee716bbdf69e370fbccf6b8a238d0b7e807002307d227ca6d5c6c207ba4455a2
fcffc9fa7de51332e015,501f580d3b8bd1e85d00983e,neg_cities,812,Jaboatao,transfer,reversed,0,train,ac015b7ea37fccd86a8b6263c31d45226bec0806177a8826d1856b1188ef7f7f
a3accc0311112314a8f2,93d7af2314cb3fd4686234ab,neg_cities,813,Jaboatao,transfer,reversed,1,train,1495266f3e70bddeeecb5ddb21469e95973242ffd96edaee38ecf1e36999b2a7
abb3c5ac05d0f9680d36,a9a5904cc63896af2b405871,neg_cities,814,Aracaju,transfer,reversed,0,train,53068a5a8accd59285cdb07294655a7a0820cf0fd2a75f62f2693e5983964036
d5dc2505ac60f072b1c0,bb97b1f92f357e71c23534a9,neg_cities,815,Aracaju,transfer,reversed,1,train,f1ae7c469453e277d07c2b019cc8ad2b5ea4cb7abb265d2316928d6de00bde11
0c94d69d89873aa61bad,8fc117eaf5ca40bfa6c69132,neg_cities,816,Londrina,transfer,standard,0,train,ae376a099183495565b50af0937d010fbe15e57532d7b7be63618e402bdee349
a1fb368505f97d4bda12,2e0c996af0056c1cf293c8fd,neg_cities,817,Londrina,transfer,standard,1,train,a755d3e1cc462d834d8d32555499912d4173693a5580f2b0643ceb5aace794ca
db7f7bb9c59868efc4b7,73f0fac1cda76dbf71831590,neg_cities,818,Zigong,transfer,reversed,0,test,eda23bb0286169592511f79a584916cc0673d53acaaf0f026f3bba19429870c7
2735e63ef6c78e10d36c,4c94e58d20064dc3f33bc267,neg_cities,819,Zigong,transfer,standard,1,test,82a5b91af18e35c74cd24b1a8c41904eb94d43b4e7754a688463957a601fae0d
eca8269ab03243fec087,6d978f724d0e484c2a162de8,neg_cities,820,Kunshan,transfer,reversed,0,dev,d6315385c14f564b990ec76941f57bfb3899b0f6db39f3d4a1ffe3db9e401bcf
9e2734184dcd90e536ea,08ebc32af2938ee7dd8099ca,neg_cities,821,Kunshan,transfer,reversed,1,dev,50be334da414427259d401cf8aaa557e000d6103eb836fa6ba7b8146209f8b61
b148a83ac9824633687a,6055c8560574de1f44b40d6d,neg_cities,822,Yichang,transfer,reversed,0,train,3ec0cc86d7d9b76ebb4391c9be45f20a491ed031d5648167fc9aa3eb7f658b51
9a53de5694a07708eeba,027ce6c288172352ec6b0b76,neg_cities,823,Yichang,transfer,reversed,1,train,9d11489a2844fe03f2abc985f3c649ed63b72ee31f77be136c9322b0d79a6a3c
1fdaa6a67b29210d9640,d1eaad0fca7644cd0959e9f9,neg_cities,824,Sanming,transfer,standard,0,test,1603ac27ebb288eeff671818abd785ff8fb5bd878044992d540a57205a50610b
81a3f5fad82444de9674,0950ebcf748e67838ad6f578,neg_cities,825,Sanming,transfer,reversed,1,test,2c41f78871bd059a6bebd190e41c1270800595e22c46089f6254e7cf088d7ec6
68cbdc5999cae669567d,9a815d18ae5739993db7077b,neg_cities,826,Guang'an,transfer,reversed,0,dev,c0726915e58c47d1c5c59e71ac7ca09c733ff9181602352d95d743eaf5299de5
9999ab6678aff2fcc937,c64748bc3c388180fc96aa27,neg_cities,827,Guang'an,transfer,reversed,1,dev,530cae800370657716be599ccdba486a36a9588071d6bb68b3970e39c57f44ed
50f15049f0203e4450ba,7dfcc7b4758eb5239b21434b,neg_cities,828,Ma'anshan,transfer,reversed,0,test,1aa2026ae4deaa3eddc0254f2ecdc7920e72c91dd8fed84bf7136fd471c6d7f1
4a0d83fd1cfec43820d9,15207206a0072029cfa87738,neg_cities,829,Ma'anshan,transfer,reversed,1,test,8c99083faf3da3ef4140560b0e290d054dc4edd287095c57af2d43a1bfce63a8
2b8fdc16710099ac2f89,fc7066481ec7728572e6c463,neg_cities,830,Dongying,transfer,reversed,0,test,079d442e593a08c837c59766bd488cf38e4f55a56f0d3b73bb6db52b5823f6b6
a557b5b76b41d63a5574,d6dd585daefe86168e5c9ed3,neg_cities,831,Dongying,transfer,standard,1,test,0458c30254225bb405bee7227afae8b01d9828f984d3cd303b7e33520c190093
7bdae20a97e693fbfae5,de1af7150e432a65e5251340,neg_cities,832,Fushun,transfer,standard,0,train,09643e283e8440bb5e44684900b7de6d5538c493b7ecc89bf38b295921987fd3
e342a3328d965b1df372,92a81936316df3eec99adc97,neg_cities,833,Fushun,transfer,standard,1,train,3fb3a6305054f3d3e8f041875e8672142ed2a51feb8de08fc1676e8168f10d4f
9d0b1d1adf555b20fa3b,f1d3e8f3171476048f60d39a,neg_cities,834,Rajshahi,transfer,reversed,0,dev,5f305b32febadec2ce3d63957e18672d5e9f0ea86a5f1ff37b7a2d334ddb07d5
af3efd76e5ce0cd1a904,dab650e6dc1619a5d267700b,neg_cities,835,Rajshahi,transfer,reversed,1,dev,675055cef809c750d8895b2f2b69ea84954fec993b501e6165382eca3c6c6ac0
893f8d5860502c097f4a,afcfc19c7cae364ea911e78f,neg_cities,836,Rangpur,transfer,standard,0,train,68d0b713058634e966d5d458e1126e082c2937c764ed77f3a9af9063829373da
8624ea88bdd41715f0f0,93643f2194c877ce14056064,neg_cities,837,Rangpur,transfer,reversed,1,train,73b0b82e344b8d3904eccf3259b0d50951592127c10b973919365c2e63dbc65a
4296b186faa39966a59e,b7a9be9263b2384020eef4f9,neg_cities,838,Dortmund,transfer,standard,0,dev,a72a182b20513b8d372a103c47d180241d5abade0d2e186afbee16a257637d75
3e837f85747b3b14751c,acb8ca5e20abdacd3a646bde,neg_cities,839,Dortmund,transfer,standard,1,dev,34fbb5465697a9523a709a6b716b6f0699db41ded52613fabfc1b14e83bad101
2ede35bd57d677e622f3,67d85255dab602f3eb030c53,neg_cities,840,Detroit,transfer,standard,0,dev,3cfe5221bd8c2b1a30320c0ae193e139e15285a52b9dffb447d4d380f1f5a592
684c36b22f80b6ff4699,480461935a49214749994c1f,neg_cities,841,Detroit,transfer,reversed,1,dev,34a2bf216df26ea0bfb1fea6bc6895d7bc559763f3a684598d60ad00e82cb855
6cfe6740f50e675fca8a,92814d7e2572bbd91a491703,neg_cities,842,Latakia,transfer,standard,0,dev,6b475f2b9e7a01b209690f7e3a7f31256336b741f0795b4fac3efd93b04dcba5
3d7a832ad3be66ed7eed,bce40bf1c032fe3807938f3a,neg_cities,843,Latakia,transfer,standard,1,dev,fc40ead9f8c5be67cbeea920ed2c471aa0796cbce6ceff49e92763d382df4245
ade9cb0c59e50e615515,f5c772f6cb5f69db9460ebfd,neg_cities,844,Ashgabat,transfer,reversed,0,test,5988809942c3b39e9622aa737c56fd9648bb24874fbe1163cb9b5ad84f7aaec2
21d7770c1e9db573e316,539da4b1790e24eae647c28b,neg_cities,845,Ashgabat,transfer,standard,1,test,1473d43b80fc66ba38677c6db935183c9a7fff0e9ebf6a330d5a1b575699cd7a
f48c680a65c58b782c29,bff18b60b921abbaa4da2e04,neg_cities,846,Maracaibo,transfer,reversed,0,test,6e7e7d6882710ba66c436831d5d7d503a0bf9c09ca31af79aaa3e65e0b397a0c
69f93265f6404e796533,7ee3c973ddf7da9bb93e9a90,neg_cities,847,Maracaibo,transfer,standard,1,test,fa2a8a357d84156db03a4f06d81d672cf58b2bac83ec3093475a74a98b639307
040130b0e2612bf210a9,b0ac158ecb6d29ea4a7f98e3,neg_cities,848,Erode,transfer,standard,0,test,a52701c5aa95cf331a1c022891f8a06e1479623bc4af3c2e9d5fda1af7ae2b7a
369d839c21e3daae843a,28d1b7beb1f3b35cc3ea7e22,neg_cities,849,Erode,transfer,standard,1,test,85762ff659fe45e0688325b0234653f53f5f9986ffeeebeb828bbc5893adf933
dd9b3ad85b469860fde2,75c7ee416236202121568958,neg_cities,850,Mumbai,transfer,reversed,0,train,b1a0e0dbf36dd66fbd3f227ac0526d4bb29b8312f56f3f01fccf64d45017cd18
645f8b47aa7d78d3d4ab,ee2aa81d677f7815c49c70bb,neg_cities,851,Mumbai,transfer,reversed,1,train,59576e1555f27d39c5035a6613eca1e0be1fc51d725658d3de47905a5e1d3b67
1f04523eeddf3b50b9c8,db0d150c011645345a00c4ff,neg_cities,852,Nasiriyah,transfer,reversed,0,train,2b11e5d1d4a129327bde65c3e201910f036292dd760de0a1c7f9b9e44a67a5fa
bc4a5306079bfebad49d,16c4a6795a521d7656b14b8f,neg_cities,853,Nasiriyah,transfer,reversed,1,train,471f97a1d25fa5a26e795a99715206a8aa11ee5eea6c8dbd79992981713b6377
03036c2ccc1d3cfd46ec,1a2845b56bf23950a7a8d12b,neg_cities,854,Kahriz,transfer,standard,0,train,c197441192648e3293e1aadfbfcd99568c41e0e03457e4b2517cb8bacd4833e2
aab6013533b24b5356f8,95a03e26ea28a64972af0481,neg_cities,855,Kahriz,transfer,standard,1,train,f4789e2acf77da68551cd1977c16a63fc08649d851abbf295cc30b3757863cb5
cd4c498daf7b75cfb4cd,76eaf76da81e85db7cfced1c,neg_cities,856,Surakarta,transfer,reversed,0,train,8b1e9951e5ea97994373ca142e09ab17a26b1093ddc511ad160b89c5f74daf95
af34e5e1d3860498c1c2,0c93375f648d4b7d8f065487,neg_cities,857,Surakarta,transfer,reversed,1,train,359c983fcd78c06deb5dec834aaf54dfb0c1e9c8c238580dcb635e13bab54907
7e765f0dbf0fe4eaeefb,a2cbd97a78538ba32d698c8f,neg_cities,858,Banjarmasin,transfer,standard,0,train,046a2b0b7822213778addc13b56fe8973d492211d7cd11790e487db37bef28e4
95510ec228bdcf0245fd,330d4dc99bba40d573c9a00e,neg_cities,859,Banjarmasin,transfer,reversed,1,train,dc93dda237927e9ffdf9c44ef28e68f5985cb6a1dadfb58146cb11aa499b0b1c
cf989e97f6f991e13e2b,f7e2bced61fa5492e874252f,neg_cities,860,Vladivostok,transfer,standard,0,train,89d7f5cd7d83570fe95a1ca4bc0387a6edbdf08ca13dac22b6be747b5d82320f
986c829019b893b4994b,107bb3c29feb160be53dc33a,neg_cities,861,Vladivostok,transfer,standard,1,train,5c764ccda5a5c7887a482b4040aabe9d6f2e0d18de8268c5d264946e527988fc
787caccacbaae5540bea,0c3bd41db388549246f8f38a,neg_cities,862,Adana,transfer,reversed,0,test,3baeb1713daa203a486666454dd15969d17e0a67e3d8977a7f8f2bf56b6a39d1
f04b8a4653e454eb8806,12673c957cba1bc592eb298a,neg_cities,863,Adana,transfer,standard,1,test,f3c4a5371bac1700c54bce9d3ad3cd38927a9376a9f10b052768f9979fd383c6
30c973731a17ccf8f06f,9f6b438ae13a1ad74a7c1dee,neg_cities,864,Voronezh,transfer,reversed,0,dev,5f509f4c73860ca6dfab7c1bbe84700fb4c701e75896c0dd346476085058ed56
eca06baf6e154f066b0b,04f6a2ae40960626de682f9b,neg_cities,865,Voronezh,transfer,reversed,1,dev,b581cc3446b8ef6eea9bc7d74552c7ef0b0e58c70105288695ac0a7769a51735
a229860a44cab9e5fa44,1e8dda953b73b484e49e8402,neg_cities,866,Namangan,transfer,reversed,0,train,aae2d7442d6dbd31443d4ecfaa97ec593821a703a8d108e31497e233e71835a9
d0cee7f0503cd465a544,efa0ff675caf6775eabafba4,neg_cities,867,Namangan,transfer,reversed,1,train,91cd389c7c1f41b3468b6aa2dad8b3a52f3d64f7f63931d949c17a7323249a95
6f11aa98122f95647393,abfc48865e404bd1fd9ee9a1,neg_cities,868,Ordos,transfer,standard,0,dev,82154a9b32ab4738c51f72562b0a4c2481849df3b27c4c87a4249b964755c6b3
2126b7e02fb5679654a3,4bb9aa08d2a88032e05df764,neg_cities,869,Ordos,transfer,standard,1,dev,9ee5b322319e4593c143cc3306070290d3ec12154318e25e291ef9cbca41d12f
702d0bd98b7e65ea0757,f73befe3921fcc69db6ce890,neg_cities,870,Moradabad,transfer,standard,0,train,5d76ea94502634e511c73b8f757050114ff50e87d196e1aebdc9bc86bbdfb212
4c382fa531bf2f10b4a0,221914c322060c3c26e20b97,neg_cities,871,Moradabad,transfer,reversed,1,train,1cd6db98cc80fcca6981a5935dfded104e371d2596c60ac11793daed84aaee00
159d4c5f82bbc82f7167,7aa4de8f906bbd26cfe7a292,neg_cities,872,Bengaluru,transfer,reversed,0,test,ac42bcc51a0900ea7e89469c1128a38da82c67df7f85e8f471de192f14ada481
d52d56241f551e971aa3,26baf19f873af15f32b06d54,neg_cities,873,Bengaluru,transfer,reversed,1,test,023b90883916d235c348607215757e85e82e6fbb51f19237d410af1ac5f29bef
b49206aff8380e557eab,fe257f567fe368fb74955998,neg_cities,874,Shivaji Nagar,transfer,reversed,0,train,fe80a7e760f01006d5521ebe2597c9a04b03ca8549fb61eaa62a7c4191662e6f
b7459d8c679b9664ae19,77c6a2c9a50053ee040123a6,neg_cities,875,Shivaji Nagar,transfer,standard,1,train,dfdb0a555e9f1544db3e1d8dcbdcb6a11ebd5f129d814dcdcfb6609e5887d731
3a30697ebcb1d66bbdbd,d7db99e98ef77e525f1d0581,neg_cities,876,Turin,transfer,reversed,0,test,6ce362869df343db0c183eb2ed6f9cdf6699836465434807852b6e93642e6f1c
af87d1ac71a306514fea,11d7dd9da970e0de07380914,neg_cities,877,Turin,transfer,reversed,1,test,ef3414ae2db366592de61bc44d246d431e6372c91202f35c2c1157c78b74802c
b64b3ad917c3bc73c519,7ba5140836acb405757aeffd,neg_cities,878,Okayama,transfer,standard,0,train,7a8e93e6a3f64ab68494e5ccca80113c8a52321c0488c3f0e89066eacd3b9c4e
fb77df4c520ef0387135,f2ea3687b072dfa7f34cb243,neg_cities,879,Okayama,transfer,reversed,1,train,baf0b02d839ff80fe336c226dad6e2965a69542ce3189dc6a4ff227812c7686d
a32e628a729540bc707f,e4229b7a3da0cc5d0475c0c2,neg_cities,880,Daejeon,transfer,reversed,0,train,241b63996a8bec793100aa121bd678c75b62e0247828fdce49aa257bda7417a6
a1181eb609830ab8958b,ee2a38f790519197b3d92bf7,neg_cities,881,Daejeon,transfer,reversed,1,train,30f68a330e5cf0232d6b2ff35be0fcd91ecb036ecb674772260c15d5eec48d6c
8b0f271cfe14543b78dd,02bcf047a82e91c91b0edd2a,neg_cities,882,Battagram,transfer,standard,0,test,7b198edd9a06354d4a370e0a99e0f54265fc882ff50824a427e6f2eb68bc3c16
4df99fd34f540623aa3d,74989d4303aecf3ccc7f64c3,neg_cities,883,Battagram,transfer,reversed,1,test,a281b539ae30b579e00a0f050c1bde6ece1508e85024bb9f78ba7450fa504380
5d97b9ddcd92cb65a35b,5419c97b5a19a218c5a83b01,neg_cities,884,Yaounde,transfer,standard,0,test,f3585b74b62e1bb4005f503b308c172c893211ed6d58d622cd7ca4c273e36223
5d7de39fb58b27e67fb5,f15b9d8ec3ada2d94ea3f796,neg_cities,885,Yaounde,transfer,reversed,1,test,0f02c800a49a916a002f994a18a9350f421a9585c2e9546f0d0383e9e353888a
b685b38acce97447a8be,c547a6c77fa5022a44061826,neg_cities,886,Zhangzhou,transfer,standard,0,train,22b4abcb549ce89b2bfce3e446a46a5c2350ef123fdd1de18c03862fa86acafe
8d9dc1e2d9af9da0b613,03da112cf9604679008f80fc,neg_cities,887,Zhangzhou,transfer,standard,1,train,feeef4595ca9adadee45e9f673773c9f3386dd35a211fac4486510f0533067e3
7485ca28d8d39cb0085f,09c579dca911189c6333f9be,neg_cities,888,Yangquan,transfer,reversed,0,train,14ae411f9032420310f3605f77b87bc4055dfe941e04589d48efb9bc4c55fe70
4caf37340c24c20808c9,524a4f6897b6f0e24b6853e6,neg_cities,889,Yangquan,transfer,reversed,1,train,1e5f6f363390304b8cf14b0d208ac1e58b15be88537ade3035835db06a6208d3
afc4c2a096170daabe82,a7efde839c1f8eb86d3a7fa2,neg_cities,890,Sanya,transfer,standard,0,train,27bdea8db9c2ada21b3b81c4e264b359b15a389aeca2cfc68885e57d04a43953
2c3ca4de59e0511d5936,977f6463cef581619e730285,neg_cities,891,Sanya,transfer,reversed,1,train,4ce46f8134ce7cc3f01959c726ca81898f23394a9611c352818ef9e8b19b98a7
e5ad1505680ad5d44ce4,58deeb4a2b88b22263094fb6,neg_cities,892,Foshan,transfer,standard,0,dev,b2c80c8e6a5c42e959fe9cf329f3eb87417a7d46bc6e49082ba57085e902a6b8
c2810e19aedc3b1cb51a,412e209c4504098a16e41935,neg_cities,893,Foshan,transfer,reversed,1,dev,7fa8fc32d3467dc7219d8335351ded1a46a7ff0a65906b9b1aa4cb2f9b25976b
402b05ec82e39559f1cc,00b624959b3a46addd709bfa,neg_cities,894,Sharjah,transfer,standard,0,train,59c1723a096e36a19f7b302e924cf99c443b0b067dfc5eccafa79a3679008cff
96f07cec315d7ec4d851,b7fb6046d96cf3916ba6c3cf,neg_cities,895,Sharjah,transfer,standard,1,train,58d16b042157462e17539793471855bd5aa584b0d72cd545eca5b6efd2b2f166
0940ab035ad0f341bfb7,ec25fc7c3db801b4d5f7f5cf,neg_cities,896,Al Ain City,transfer,reversed,0,dev,d79d6b85ca6b734c029811c3da400ed5d5e86cd44b09daf3f967745034f0248e
ecc0a18ee761dbd48d0b,8d68ff014fddad16a1df70c7,neg_cities,897,Al Ain City,transfer,standard,1,dev,9914da52d45de636d35a8e9ff0ab9124c2c3b8f263a1a16f181fd529e6220342
53962d324f37aa60e07c,4161f0ff1432afda1e164a4b,neg_cities,898,Kalininskiy,transfer,standard,0,train,e30859384ac4e7a30fcbde6c114ff88879b35c2bdc90466fd9f37f56b2d72e6d
2709ea791f4204608686,90f848f5e4398664ae3c9d09,neg_cities,899,Kalininskiy,transfer,reversed,1,train,721b7a286042b5f3e5378298432d0face8aa653e6dd2a5df1303fdca92ffb96d
3b8ced27a823056274bd,e41a28c6748e3e5b88581fc6,neg_cities,900,Mersin,transfer,standard,0,test,bc06a02ee6ba799b0a811a653b02c2f0f00489f058641e96d28c0eab0f49a1c0
a04b955ee41a9f9fac58,dab0806b24f4fdeb6e75aac5,neg_cities,901,Mersin,transfer,reversed,1,test,35143617db3e5cc4fd83667dca70e1b365b21b0977b9b6cb90b7dbea090d10f8
e66734d73d6497b6f233,859a0bfacfea3436cd53888f,neg_cities,902,Guayaquil,transfer,standard,0,train,aaad9a24df7017666674712445265fbf96d095261ee2d771736c51803d9211f6
846df56af2e58bad593b,cd138728370b2bce3331c796,neg_cities,903,Guayaquil,transfer,standard,1,train,c07c8a9901b1e621d562fdde4c8643fa883195264ed9b653f349c27def490c37
d83f502546f6e1fff1c3,5c2dc5b097b0bc19bfe15811,neg_cities,904,Tegucigalpa,transfer,reversed,0,dev,d5835b3dcdc2d8e58f5c4188af520ee3d471f40425ca02d7163811c8f3b7623b
d3c46dc82bce10489942,9b4911d2764526a35863c6ff,neg_cities,905,Tegucigalpa,transfer,reversed,1,dev,bfc359ab7e50b1ebd73032ac0c5473bf07dc25f08b352ff62dc0269141955df9
88a59dc609cb02273a80,f984862b63fcdbdd17cd2715,neg_cities,906,Koeln,transfer,standard,0,dev,7016665a330289d02cf984ec492c4259b117bec31d1a8994d66666f989c13a46
658ff56eab318c710080,c3bcfb817b0d218da6c638f8,neg_cities,907,Koeln,transfer,standard,1,dev,3ae855a1c5e91af951ec6a6da8fddbf3edbae758c3650a768153b9033466cb5b
c74661f4125bc48edf63,86cd43f38c48daa11576a95b,neg_cities,908,Nuernberg,transfer,standard,0,train,57c2f0386b36403793598661e7b6c378fc71a58eb1ee366b620cb99bf40dd4b2
2ef812c091c505fc78c4,effce2165fd0118ffea7878a,neg_cities,909,Nuernberg,transfer,standard,1,train,e6b32684fe667d745cab92f088414fcfe1bf1a5d27ffab5b9941c22db5dafefc
a5ed90dd1268f7d87929,5ab9ccdcd2416cd14cfe062a,neg_cities,910,Zarqa,transfer,standard,0,train,c3acb8acc1530b1ad10a0ff31e6d7786284030385c56a4d4724527468ab265d5
fb7cafcb9ea6afa6f79d,a51d12fa571f9593dd6189e0,neg_cities,911,Zarqa,transfer,reversed,1,train,f428e2ea5e3ba12b0b14ddafabd08ca944d9af7b9ff034e8d2810f1056a68fec
bf6b1a1740b75affc795,d4acfe615f889b4e7d8abc1b,neg_cities,912,Riga,transfer,standard,0,train,e34c3399aa357bc8f0c642ad2b1ea07a5dae4cb10e7e7882a7d6a19404d9746c
b28d976b6b391e8f3056,29cc318fb9b96e3527929823,neg_cities,913,Riga,transfer,reversed,1,train,e7c1d0f672455b1619172a5189cc553192f2c56481958b2dac3063943b166a2d
5e3014ecbdbc9cffc7da,23a5be15dfbd211bc82347fe,neg_cities,914,Nanded,transfer,standard,0,train,502d5bbd3169d81881c596342d11dfd931b0bd09a508dbcf9d2ad08eeb7128a7
d460db6628fbb75d2785,bc67c1e89baf23d8f602af29,neg_cities,915,Nanded,transfer,reversed,1,train,2b899786659b798db95ff69e913302037cd23b3e750032f5da7bda19d11a277c
16d3485e32a6b66abdd6,8612e7bd7f7fd5e46af16866,neg_cities,916,Gwalior,transfer,standard,0,dev,9f258c7567583f047cad50e8b6e6cbb123ca2adb3047e0d020df8c8c85694180
5e6bb8550b4c5adfcabe,19e515824e19f5114ba95cae,neg_cities,917,Gwalior,transfer,standard,1,dev,8df7ad9e0957cf783c3112aee48971e80abcbc9833f783dfba4220097e44191c
58d9d70138c3696bf8bf,9caa236eccec3d0248b54654,neg_cities,918,Dombivli,transfer,standard,0,train,6e941e955089fa1a4f515f639b271fcae7834de904acdedd8bbdf6462f7f5548
5f91762076112700d3ab,b4d36e14172d0aa8b2004b80,neg_cities,919,Dombivli,transfer,standard,1,train,12e2a8ea7505355abec696c4ee7c9d6a04ba63b458651a29f8bf3bf73c55a65e
10e6bc792d2b27310b43,b7c42a60b8c730f8a67d1f50,neg_cities,920,Kallakurichi,transfer,standard,0,dev,bae36644b86900f7b86c12868b6307450cb6c4aef73f15a2f30651782ce0322d
0fc392051740981f4289,b113e045e8fa2e5c30d3a010,neg_cities,921,Kallakurichi,transfer,standard,1,dev,0ce8f7e783a40d267efaad5e5be1bdc7eb6e3cf92915080fd303f831adc8540d
d26ceed0691b77db8247,ba8069fd23c93a7861f30dc1,neg_cities,922,Bekasi,transfer,reversed,0,train,2556e5437e4531b1cf42aaf137f2eff1692a7865299fa8a7f07ef3e630527f4a
bbe4448b4048aa7007f1,3a5c8c33c283ac2c345c877a,neg_cities,923,Bekasi,transfer,reversed,1,train,5a705fc48b3fa2c2a389212c361f95fec3f163a35eb454cb47f4c881dcfb055e
7c14055e6aea6f987050,9f5a8878f4a628a1c1b23e83,neg_cities,924,Johor Bahru,transfer,reversed,0,train,ebaee8b5d2d78b513aaa8fd7f135ad949e8c89397e4a09f3fdb60786c3d18dd0
585977bee0f09fb5c87e,d9833aff48509e6699570496,neg_cities,925,Johor Bahru,transfer,reversed,1,train,e4baaa48b29d2fd869364eb18df44d2566c94effc2da5df5310b7be6c46c421d
40b9371fc5807dc72419,9a68c2881b74c0e1e4bb69b8,neg_cities,926,Santa Maria Chimalhuacan,transfer,standard,0,test,a7b12badf9e462d66dc0a4d132fe6813fe75544f4f1f7298fbee717ec1d8fc44
8903421404645e0d1435,3ee4b744c8958f808a342bdd,neg_cities,927,Santa Maria Chimalhuacan,transfer,reversed,1,test,fd1d4ee9724090f45ad96133db26e78857f57f6c571b04a410fb75005b806eee
37c7b2096c87ae42c20d,6fa9bd0d7352942ab7fa6761,neg_cities,928,Urumqi,transfer,standard,0,test,04b9ccfdb6a0c8218ef8ae6fe2c4271e1f840b227b7386d68d28b358e787e65e
733649d86cefaecc73f2,c695f2d9cbd95b9f0ded1711,neg_cities,929,Urumqi,transfer,reversed,1,test,925ec5ecb88ec377412038235b14c77c90b9e347aad32b5e88f2fae3c83f7f79
4a20a2aba8e1b4185677,2951db0b78a8903184a2e503,neg_cities,930,Qingdao,transfer,standard,0,train,988ac480357dc82460c004535bff045bc5fff50e7fb6b621f1fef883a8a40326
ede7d314c46e35c98405,d89ea453c04f49f85fef8cfb,neg_cities,931,Qingdao,transfer,standard,1,train,7ebf85dd9d1c6251226c995ef687a262c094be9fab5ffd83aa8b0314076a18bb
32aef46ac66bcf1cad90,4cbd668dc51dc3f29fb6e949,neg_cities,932,Sofia,transfer,standard,0,test,37233ca152e5516c4e0e938d888de196dda533dbf00804b88b225452bce2d2be
c129800c60c5f27a2972,38f9848aa95b8123fc79b573,neg_cities,933,Sofia,transfer,reversed,1,test,d5559fdbcd3a28251105884ba37f39334263239bb7427415d6074b99b81febbb
bac74f90e17308302af9,bf508443201b65b025be9dcd,neg_cities,934,Nova Iguacu,transfer,reversed,0,train,eacd3d21bc2273fa5604429462c72e4f2b6e78466193cfa22cdd435032423a0d
9c34352c579b0026aa9f,6a1ce452bec4afe268f96ce8,neg_cities,935,Nova Iguacu,transfer,standard,1,train,9df405d33c754b96b4c9f979836b48b1a0e62631580389ca11030d0a546a33e9
531e92410457b0f9e48b,8b358b2559b70592063ae021,neg_cities,936,Abeokuta,transfer,standard,0,train,77b7b63a574f7d0a4b4f2fda4e0b45c4dbbb1b9575ad0c9dc08098b137eaa740
1838481a2462f8049bba,666edc501bc26d6dcb10ae1e,neg_cities,937,Abeokuta,transfer,standard,1,train,18149e9a8886e2a7977cdeeaf8280c21dd03e997ba55a716ddb2238e36e02be1
2dc553bf24fcad6ebb31,2c6148e6bc41648d9488f3e8,neg_cities,938,Amman,transfer,standard,0,dev,fd5bfe9c70444f923e89e1ea22c78d6e73ea805f94d6d819a7192a5ebbb8d2a1
e3247504a3680425bb74,c10f63c6b5e0ed9aa81eaa7e,neg_cities,939,Amman,transfer,reversed,1,dev,9cf05dd418aa4928858ec3ba12db07d93d11d6d11bb6d40d4fa5baee682a204f
fcf6e496e19e0697fbaa,cba682c2d32d78ad7143c36a,neg_cities,940,Hachioji,transfer,standard,0,test,3c9558dcf1cc57821a0f23c2a4f89bdd914ecbc6db4673d75b631103ec6631fc
3e73c1dc39a6d57f7e8f,02b8cc1bc62bf19db7250f49,neg_cities,941,Hachioji,transfer,reversed,1,test,163566091fee3324aa206a7870a7a516be94ef7421d06ddf0fe14f1afbb650eb
ce2b1826b7addfa43cd0,08b0350fd7e71d6df081b14f,neg_cities,942,Fukuoka,transfer,standard,0,train,2a8783629f29280f717ac92c62c439f08a85e6a789060998ccaf93cd2eaff734
4693e10eabfb2ef9135e,d853b3640b8b6b63c7265bdc,neg_cities,943,Fukuoka,transfer,reversed,1,train,5df3393ed52c3e7efaa9b4dedbd6fcf2394b2a735a7183403f5ca98a1d2a1128
8462bef95f1def4836da,4993368aa4218e4721187433,neg_cities,944,Goyang-si,transfer,reversed,0,dev,107f2f0383eb79eca0120ec472dcad17f62b220cd4b6f757579fcf4f3bb62af5
2f1545cbb4989db8958a,16440c3be2cef704631237b5,neg_cities,945,Goyang-si,transfer,standard,1,dev,c288fe3e2077cec4bcf14b34821dde170ab14c5683272cf391525fb143d43119
9131832ed2b7671ae4ee,de620a063832dba37cd4cb16,neg_cities,946,Meknes,transfer,standard,0,train,0951142181e1c61119eed031aa604c9275fb48adabeadc2650a8e84bd2f29afd
fcf6ea9d51cccd1a35b8,c213b5049f6a1efd4ac3c1cf,neg_cities,947,Meknes,transfer,standard,1,train,5bd7f7586d05c63db28653107e0438420747023861358fc2fca8cf33661d05e3
7957b2ecb0518a14a4f5,a03711faa4f95186f95e215d,neg_cities,948,Antananarivo,transfer,reversed,0,train,7e5c7f9a99ff502a3300754d8aec26b21c9a001695cf4fbf7c034c7ab65b9570
5555acae66b3bbe61a0b,558fdf0a4ff5a7823d293e33,neg_cities,949,Antananarivo,transfer,standard,1,train,7ed95a5bf207b4140a551ba3333c2eef9f3da932dab140b376595db5ca36c684
3db3e5340cc69ab78bc0,1adf20bff1a2e3ebf4e870e7,neg_cities,950,Kalyan,transfer,standard,0,test,ca345745c9914f0247919c35e7291cf5a8b73118c359633472619e5fd47b5625
8b4d7386c26f84d561b4,3973f70fa780ab9d295dbfe1,neg_cities,951,Kalyan,transfer,standard,1,test,9b1d7dd1b079eef66a0fe0d14e906ed272e77f65ead9764bbbb8970f8d5998f8
75da15e60e60024f8d12,67de6e97b04037e9d411eee1,neg_cities,952,Jaipur,transfer,standard,0,dev,8074ba676b183a350ef24d8c665932fa3c0a6f495562bd7068589b451f0ffd17
4188b16fbfea9d4b7604,596eda1184c839f303982d65,neg_cities,953,Jaipur,transfer,reversed,1,dev,d98e4f41536a61a373abd1bf78b274ce4c2690763d4a1a96e64b674908336145
8d521453a6b081e1f45e,6f1615565ea09da2d3fc9045,neg_cities,954,Guntur,transfer,standard,0,train,49a02f42a316196d50b314c6a7230a657313bc073afcf0e63f49d4eaa7a24558
1d52a60fbce480566bfb,cdc4694282bb8e40f18c4ac1,neg_cities,955,Guntur,transfer,reversed,1,train,66f860542ecbf6c5b6ca91b820dad1eefc67062547faa5b98c9ff37ae048e5ef
189fb2f290d0238ffff8,f5d595a83eeb5025e62fd45f,neg_cities,956,Bhilai,transfer,reversed,0,train,2e2e937011f01f4c6da5fba082f6795f48f95c1896aa3317b40f23d128be170e
5e19381539fe6a1e1075,79b968c2032a6c645806fee0,neg_cities,957,Bhilai,transfer,reversed,1,train,95df2dbfa1ff90a9a87279416598d58ffa7cd577a7c7acfb3e7ccf1fc406ca1b
b455d35cb4c91028a5e6,f6282c27c6706974f3cb5e8b,neg_cities,958,Bhavnagar,transfer,standard,0,train,12b405b0e85af29bf9de07beb3c98a2e0a2fbd087437c93a7087860602c40bff
0378df7bb79c98368687,c3ec10e32e9a1b26441d2cc5,neg_cities,959,Bhavnagar,transfer,standard,1,train,1b9df294da5f692e5338f4f9650f2d1a36221de112fff60d7da1789c8fe4e56b
7020ddebc6940850d4c7,295f75a907102ff9cc1cccf9,neg_cities,960,Amravati,transfer,reversed,0,test,e91e424e74c9b1bad56885e9979175b5c04416d7036d418632de36caf740a70a
e64779253fb33fed0263,651649a333e82bdb711df99a,neg_cities,961,Amravati,transfer,standard,1,test,d7dcc72fe5c6f78f527f6e0579135e621f9d299c70d2c840280c64cc792f0d35
471bb4bd4422bfdf25ad,1331700cdd78df8f329bc4ed,neg_cities,962,Shiraz,transfer,reversed,0,dev,69edfa4328bce28e35776f460a7452819cd7547d1f9a659940348dabc78b9e8a
218bec0366a97445afde,44db7f21e9d29d1d9d40d91d,neg_cities,963,Shiraz,transfer,standard,1,dev,2dde1a5266191d0bc58aac7d5d6d1a85707e31bd3313299a3a55f1e5d29646d3
7e3ddd8c48d192e7f062,0c45112fb93e27ec2190b87d,neg_cities,964,Lome,transfer,standard,0,test,97c123a5116af48879acb3e5fe75efa82e315277d64a7d51958be38aff052d97
11f3bb8500b71407431e,9afe32d7a278fca77cb51577,neg_cities,965,Lome,transfer,reversed,1,test,8ba6bbd723ca5d0db40133ecbe67c75996db4dd121929d91d003590a87494350
09f7f78778d9a5eab721,4f568761f0c3266a5459a51c,neg_cities,966,Erzurum,transfer,standard,0,dev,de1abc4503d6c944d32d9ea923bc0c76da1fdf2b35d8274c4e51a6646f30725b
d67468f1d19a9781a895,384694e3542b9cf8d99e908f,neg_cities,967,Erzurum,transfer,standard,1,dev,656db67671b080f2a33c3f1de5579849de6c8707c8e5860a610770a5c30616d4
8a662b8fc90196df2a16,ada71256c9025c7946205740,neg_cities,968,Seattle,transfer,standard,0,train,f68d9ac1d275f0c2f8dc34b9a932c0176474bb995717ca90b8f28d85ab0520e8
24ccc8114e12a45598af,aaac75318fd170a0448f9363,neg_cities,969,Seattle,transfer,standard,1,train,f9b130fbeb000b029006a278c3b6e37aad69d9175a05cfd777cbadcf810802e7
f386ded8d0b1028a8205,12621d5b9200a446b87e7031,neg_cities,970,Barquisimeto,transfer,standard,0,train,dfc24ed12ea8af0e60a83c346c81903dba40d5ac8f4bf8bc09ec124e9bda14c9
72cb85210bdf503a9bb6,c8521f4fbe7c7861e7fc4f1e,neg_cities,971,Barquisimeto,transfer,reversed,1,train,e7b83c7731ad243abe94c719dc84c23d0544d5d3948136b3ebe4c0a5cb875d02
f094dca0660284eadf63,a05864d1751b9cdc69b8feff,neg_cities,972,Kryvyy Rih,transfer,standard,0,train,0bb295be36b019a2ffba7a80ba549adf5a4f23e2d8a2b8853cafa6947f43ee32
5ea15d105ef3b82271b6,be87a530c450c60709ae40b1,neg_cities,973,Kryvyy Rih,transfer,standard,1,train,6fe60dc2a69889099647a2f6e5e8fcdfdd660de44fe4bcea05aae270c228ad30
1da5d269f4b47cee649c,b559e46c2ec7cfc2a713de0a,neg_cities,974,Krasnoyarsk,transfer,standard,0,train,4ba332c42494110437dc207ed31146ed4469fd6b27dff82ce4afa3fd1afa43b7
b83e07f43b6437a7e33d,6abb69249083cdee2289c023,neg_cities,975,Krasnoyarsk,transfer,standard,1,train,eb159f585ef6fd4b3e79f28302b7a439a076d0ba3aa66d6956d7fad18e9bad3a
7604034cc35476a1ae42,cdafbc597f5b4a7d294922ab,neg_cities,976,Quzhou,transfer,reversed,0,train,b9779c97640520713cb5597c89ef3b151dfb024c9b103965290f84b7f3c59a3a
2229c88a31f842621265,2cf31d66ba817be781e359e3,neg_cities,977,Quzhou,transfer,standard,1,train,5738dc1fddaab0aae6c88f020d4c61e47dd336fe1edae907303845a953d9c2c2
2ce7a6657277a802d15f,80bc122d7c422b3f000a2285,neg_cities,978,Pingliang,transfer,standard,0,train,d19eea92e58829ecf26652b1456343f522060b8082a27b8734619d0891406c96
f522355096685f30bfc0,213bd6b9d7329fde4d3d656d,neg_cities,979,Pingliang,transfer,reversed,1,train,0fe5a372182c63de1511038b8bc83c48a3bde08e853a03518224334566076216
4b2a3ab100474dce062f,f94d4ca74a487910957835a7,neg_cities,980,Puning,transfer,standard,0,train,8d386d19ea043943216bb533fd358f1cb3348fcac0631797dad5e26916be22ed
91f3ca1b3942e5742198,c6a225604df7433654c3b950,neg_cities,981,Puning,transfer,reversed,1,train,2681f1305216a52fcd0f07b59e5f01f806b633183eea04bbbfda3ce225cde8b7
9c257a2f6ec1bc3338b5,d901489c39f787f75ce00737,neg_cities,982,Huzhou,transfer,reversed,0,train,3580b8a597e636a2171a94f3c5fbf88cec3dad74a467669400b7e0229c881a39
552b327bbcb55a486f46,00bb57211c5b7b88c7f2bedf,neg_cities,983,Huzhou,transfer,reversed,1,train,6d73b3f0f1c68e0b14800d794035c3493f696c83c0376506af874e0ccc4700d9
3525df9f7df602159735,c9eb5524600d763961c352b7,neg_cities,984,Chizhou,transfer,standard,0,test,d7b55830a2b6e130e13f49a2f5c436a165587f981ff3f7acc19daeb1be4c29d5
92b33dc4a19800cfa6d0,0a5f8514effe212a1f679683,neg_cities,985,Chizhou,transfer,reversed,1,test,b71cfa1d426a66b175179780cfd1192f72e333e77a9812f92051e4f6944379d3
e00cf30c855280457ecf,288ff9bc801a7ef57f47613f,neg_cities,986,Chengdu,transfer,reversed,0,train,4c85f2cf92ac7dbe73f82e38bcd32741ab7dadaf157649dab237a4d0b63e7629
c18b13971e0d1f442dfd,3f3e4e0546a19082206ead0c,neg_cities,987,Chengdu,transfer,standard,1,train,fabd5dae3b59c4350170854c105a7c60784eaaf0fc0e4f79b80f85c6b7a6f5bd
e9c3097105a82f0be6f5,c45f42d18174ed151d2a552f,neg_cities,988,Cangzhou,transfer,reversed,0,dev,b95c9d987dc0f8b36f7cbcf1e91af6f76874ad5492bd89065d69bcc9bc5ed46f
9ad962cf4b32ccd3aa83,499397413ee2c6c3ac0567d3,neg_cities,989,Cangzhou,transfer,reversed,1,dev,3ebb756ceefbebace7d55667e1488a78b84e94718f849a877d2c5a595d020c58
85f10a38956d0af93850,79f6ed58726c81b44a9080a9,neg_cities,990,Samarinda,transfer,standard,0,train,5a96ce4c818fe398ca016e305f31b83a36564dd0ae392bc20485ae32af69ba77
443720472f71299af10c,53462fb83b4044e96e7edc0e,neg_cities,991,Samarinda,transfer,standard,1,train,96752275a290caa02899842732453e806790198ecb279509234cfd00838f84d6
16330b0017470bc399db,68a0a5e42c11e579abb9b3ee,neg_cities,992,Helsinki,transfer,reversed,0,test,5a1be1699cd9576f6286187beff56db1ec5cdeb28e7d06999113816cc1fc4793
fbec39c2d429b96ec96e,468352146c0368a72db17540,neg_cities,993,Helsinki,transfer,reversed,1,test,828c247594a613d5bc1b59e429b0dec413ae69451b8b59fc1ba0e27c58ec9ee0
937d7b5e3cde01dea2a6,325bb596aa0f79a8aa68dba8,neg_cities,994,Khabarovsk Vtoroy,transfer,standard,0,test,8b426c4b5ba268d92916fc1b0f6367f47c0b64cdfb9a4c793c15ae12b8359e54
096a8e8317c53e549529,ae95f4112d5591dd895b61ad,neg_cities,995,Khabarovsk Vtoroy,transfer,reversed,1,test,e02febcfbd16fefdad445cb931df690575375ca8edcf3fa7adc55433518c3370
4f9697b72c92cd8fe4d4,223a71feb532c2b85c9ae236,neg_cities,996,Wroclaw,transfer,reversed,0,train,33d12a694593a476c35d74171c3cc0176800f262193dc82e8556b9dfd7ff7eca
d2e2eb8dc8be137d4c82,64c7d4e7eb7e3c9a01065977,neg_cities,997,Wroclaw,transfer,reversed,1,train,04726a43e3810c47fcff72bc4e6b23c1d37dc9806d969d5ad8409794b75acae7
90c38162418165834aca,b37ab075dcd0f230f0b48017,neg_cities,998,Oslo,transfer,reversed,0,test,0fee2ed24c4838b963c707d1d480d23008ead734554183e334da5dfdb99465c9
daa15e56162dad885f75,7f2b9e822684d754999299b5,neg_cities,999,Oslo,transfer,standard,1,test,c533a6b1590c019069c7de7e3e7393c608788d54acc16844f4f36274b855be0f
1777f94c66eb5cbc81cf,b403f527ec771a6fa1b6a171,neg_cities,1000,Caloocan City,transfer,reversed,0,train,87707d4d9e946563d0d6409fbe00f267401e7bfcf0c8792f3f96f4e6babcd422
5a7f2bc9e212d17d7569,bd1383d2ec6ff4361a9e399c,neg_cities,1001,Caloocan City,transfer,standard,1,train,1dab45c6cdad9024ae7e23f24b931bcfcb7fce3bb2dfc157ac48adbc859eb7dc
8ac662cfe790ce7f55cb,e02bbe66dce46b2af2f05b7f,neg_cities,1002,Ryazan',transfer,reversed,0,train,f309c89587295ac820df5c8ca5e498f8cc4c3793eefbe8a07124706b3b34d6e5
d946b4d6263e92adbd66,6937a287e1c6e52b3c9252d8,neg_cities,1003,Ryazan',transfer,reversed,1,train,abc2079bee24c736099e77e78a8a8d829ad0231187d9f3e2152ae7590ed3e9df
dd8cb7cff261bae5892a,b9e378a1d8e95eff8e985763,neg_cities,1004,Ciudad Guayana,transfer,standard,0,test,c05e0cb1c1eba47bf9eeaf8760f84f156a464189aad3d5072f1d8e1fcfb3b608
df473c1ff4de12e69c85,9469f6422d6f878cfe90cc38,neg_cities,1005,Ciudad Guayana,transfer,reversed,1,test,54f4eb661fe983e629676780c439b87e0d215d9203bbee8c9723f884accaacca
00aeec8d14b22f067e03,1b44ef7e72b2f0c6e25be2c3,neg_cities,1006,Ho Chi Minh City,transfer,standard,0,train,2e358a02db8ed095a30dd651e582566717d3d0b2f7863804153f86236a481f99
438c23aaab21f98f1f8b,fb438ea80bef4fbca22e53db,neg_cities,1007,Ho Chi Minh City,transfer,standard,1,train,bf4a2dbaa9d2513ffb4ccb2f7f3d063184fdd9f71efe539c3ec2831b54b80a45
10139087e52a0a7f0bb3,5341cf4a62d0a476e5cf8816,neg_cities,1008,Al Hudaydah,transfer,reversed,0,test,5945ea524abfdde15e9080ce418249f552061fbc97788246463e0dd99d934f61
dc81aad230571704195a,0a714c38b04370cf1c850817,neg_cities,1009,Al Hudaydah,transfer,reversed,1,test,3fa1ca90dbe7ededf27cf4ef39f8d2b1f3da73b2901910cc89385393071fb83b
591e7e718b083bb15235,7dead3fffdd5d98cf4ea5040,neg_cities,1010,Soweto,transfer,reversed,0,train,432211bef08449167d3f207252c00c92fa3f400dfd9514c34b4a6652db741593
1698d613752f2b402387,f87119f611cb024fa45f810d,neg_cities,1011,Soweto,transfer,standard,1,train,ce039e0edd09e19f93ade0b07355175f132b99aaad6f3d0992aa6ebe570dc376
1c383441a2f2df0c1209,3ec7626e309fca6a707cae8d,neg_cities,1012,Benoni,transfer,standard,0,train,be2e8d95a448412796f74e69e22cc5dd71fbb2d02984c471e472717f352d5696
e1de8c72ed19634077a4,592f89ff4b05bf1bb3b3d713,neg_cities,1013,Benoni,transfer,reversed,1,train,a5550c0c50f4fa2d0a0e6baca044eb6bb5e06bfeadc35608a867a0c731d09394
1fcdbe97e880598ca357,07755c6e4885331737330f83,neg_cities,1014,Wuzhou,transfer,standard,0,test,c287fd445ddf9a5f414bec2f43b9bc03b480ed9c10c093fbc8132007c9baf797
c4f0f0f1c602af543ff4,869e17596305b4b59e209dfd,neg_cities,1015,Wuzhou,transfer,standard,1,test,10730c4f611ddfa426aae861a2e7b0c6a8362306da0205b9999baad94bd3287f
b42636118c92f903d8a2,3f60b3fd549060e3fe579bb9,neg_cities,1016,Wanxian,transfer,reversed,0,dev,155cc1e465814daf2e1cee039cc4d960c0345e6608936a6fd46bfd24544c5dbc
d0efaa87ebf6195f79bc,96b1f95f3903f34acf9064fa,neg_cities,1017,Wanxian,transfer,standard,1,dev,aaa53f5da77063f83b5af89efc8dc4890041a40c0ca2cb0b2605d6acf1678cab
24454bf4ac4b10931d63,c6eb861bdf2fd5e458ca57fc,neg_cities,1018,Qinzhou,transfer,reversed,0,train,f2a0ae0d429d29c4c26b2ac4adaedec4a42202a2d7d48d0b4b9077149e681ff4
0eea0bd3d15e5a96731d,a56edbe089bb32b690ed00e4,neg_cities,1019,Qinzhou,transfer,standard,1,train,31e7eb90b3fb5e0ed80b330a77cf2ff39eff0ae5fc811a3b73f739982223a7eb
1d0c22a3a99a6d41eea7,63c092265bf535795618755b,neg_cities,1020,Wuwei,transfer,reversed,0,train,767f11204378d9ff3dd37e212ce4980694a557fdc2bcc0fd91c4b3aadab4914c
bcb1366348cebf8608e7,8b7fb3a8d4f04583e3899627,neg_cities,1021,Wuwei,transfer,standard,1,train,0e345179ce7881378d84c71048e3d02727d224667ec88b3f3c4ba0ad9c34cfea
7f83ec3d25a760104633,8437d52713e65f7479d4a9b2,neg_cities,1022,Hefei,transfer,reversed,0,train,6a555a2371feceedc1a7beef3611b49886ab4ff7b70437ef9838f1a4debe9981
81bc70a3b83b60fbf099,8885d526fadd2eb48c8864e1,neg_cities,1023,Hefei,transfer,reversed,1,train,9171e29c4c91f7b8712044f605ff09ec874e7d6012dce51ddba678ac63f27ee1
a09af552148b422e3ab4,18e36080491217f34477545e,neg_cities,1024,Handan,transfer,standard,0,train,9a88738d05e0d0b7f21749c09be76f69808016660c659408be1ecfff8b5eb4c8
baa9d182f08abc3fc03f,3480b631a2c7d0cf8fa1bc89,neg_cities,1025,Handan,transfer,reversed,1,train,f586f7586f0b65c74712029b62a129e90aa174b6cf72625aab058754f65ba8c8
1211fd67890ad4f1fe32,f02027583da84c56ce5d71ad,neg_cities,1026,Jiangyin,transfer,reversed,0,train,d239319084b83caef252a50bea028be65915beccd50de526eb01e4dd34ba4754
85efcddf8ca73545bed8,2b323511ab3b1f1f9bfbc36d,neg_cities,1027,Jiangyin,transfer,reversed,1,train,61397225fe4836c2d72c02badf2ca7c7d72d44d4de7c3383e490d94ba0c86115
f739ece50a8eb03d7a3f,8c39bc256e3f31702fb0dbc4,neg_cities,1028,Brazzaville,transfer,standard,0,train,40fb68bb3d14f63b9c6892d21e05dac2b83fcb640ac87228fdd7f9ddb198fdeb
3183bb04ca73cf96307d,bb3aaa63fbd92a8e03cd0ea8,neg_cities,1029,Brazzaville,transfer,reversed,1,train,9b1a72b68237e2b0414dad25a99bb6523ef63ad1413f7f4bbab1d17ce1d0341f
3bb0cfecf8843d093965,85de22ad305ea44ab0fe6368,neg_cities,1030,Sorocaba,transfer,standard,0,train,a57a99d4c88718265d65a4e2d010754e49b6551378de2c7fb745565901cc79b2
4c51f598a2c87593cfd0,bff19073971cfe1ac1c6dee8,neg_cities,1031,Sorocaba,transfer,standard,1,train,d16a12069a29c8909e7fcd316ede848083216f1e9c2a9e8cbb4076f72e3349f7
3056bf76ce0247a0659a,269c7baa5765af3976cebef0,neg_cities,1032,Aktobe,transfer,reversed,0,test,5d0c80d117a1b66318f9c7f5c2e84f6de1593b9d733baa1342b336b677f1eb0a
fe9d568e3f387182d2ce,fb0c8a42ed4406d53355adb3,neg_cities,1033,Aktobe,transfer,reversed,1,test,b495bc6c26066c0dea8770aabd8e9f957268e12c710812f4161d4533c31c65d5
33db061b537a80bdce17,dd3ea3a0a6521fbb5a9add45,neg_cities,1034,Chisinau,transfer,standard,0,train,bb7a224dc3a90f1dcaad697f79c0a2a37960028f69930b0094113d6d7dcdd9f7
a9d935628cdc7ecde5fc,8f75fd5b93e2c5b1537fe443,neg_cities,1035,Chisinau,transfer,standard,1,train,15d452bfd4f0e0a50d6b98e2de7cc11868d669455b26fc6b016f64efe9ce9348
514ece100ac86be0b100,3af4c1a02403f1442652dbaa,neg_cities,1036,Tiruppur,transfer,standard,0,train,2d08f0819fb7c0eb3fd4101b6e05c35e0289f3e3f7f48fe36847af88fd481ef0
e81a925b0c8102284f3f,0a0d716f959ce36d478eb677,neg_cities,1037,Tiruppur,transfer,reversed,1,train,fd84a544770de89fe462ced0d325d874848d4429d2170b248463ed54502f63b6
db775fc24e981318ec9e,a864165f24168b8ca8ad28c9,neg_cities,1038,Kozhikode,transfer,reversed,0,dev,9021e37e12f8652185535652195e16895ea051e1940c438fac57df2b9d0bfc8e
f83a4e0ee5d9f8fbce92,08199c1acb3a9384c9ac17e0,neg_cities,1039,Kozhikode,transfer,standard,1,dev,d8a1fd9fe76d60b59a877d56f913f9b1ff53931a5fcd73e683b243c29fcded9e
113450cd7dd094edbfd9,a0ead5d2936a3624934a11e6,neg_cities,1040,Asansol,transfer,reversed,0,train,9b8d38b667bc5fb20ee8bce303a462543c3edf6d6b11ae79c00c76d71f25588e
68fbf176780c50ae4dd4,cb289aa4235fadfe21ff2716,neg_cities,1041,Asansol,transfer,standard,1,train,28dcd3bc3c77e25f7a6a73cc58204e14b82e0e455fdc307c9963e398d35531ee
2b7a41a1c6a2af98e1ec,be3568a0a88afcc84ae9d285,neg_cities,1042,Suizhou,transfer,reversed,0,test,a4eeb41a2195a9e4bb019185907f8ce944fa0d93badd9be716ce6ef767d3dd13
10b4b58d4d8065a91bfc,6f28541e79909cf96425d41a,neg_cities,1043,Suizhou,transfer,standard,1,test,5d1a0686f31959576bda8979f9b9d511791eb128a401db35390da6b39ee63cf4
8f0cc61576af6313d91f,fb32f50702b19f8fff5580f1,neg_cities,1044,Jingmen,transfer,standard,0,train,389e583896de0f70e1d9187fda43fec7c422f7bb0251c33c4234db10e9f8da2f
d126982b79a6c939c7a9,5c070640e4cbe5c7fcb2d5b1,neg_cities,1045,Jingmen,transfer,standard,1,train,7a7b59fa29877f261f050d60c5b56becad7d879fdfcfedf38016f0e3a7951c75
90d9bef8c1ee21382e91,1ee7128dd6150a074e3291cf,neg_cities,1046,Huangshi,transfer,reversed,0,train,713f90d4d8e41073b582a6109faf2e1b0d627a2c5936bae9c0f791e8bd4fd12d
83e0309c79c681980827,fb39dd2eb870a60b83344979,neg_cities,1047,Huangshi,transfer,standard,1,train,0be8b49dbba0961448ac3ac7ae29bb2716ecbc546aaba8f48753f29239530b38
4fc40a186598685f558e,d22ac09ef3f2c56e3020d60e,neg_cities,1048,Huaibei,transfer,reversed,0,test,c8cecb9bb436508aca8ab2b03107bf1875f2e0741a35bc7a3e512918c0c42746
abcbc57880110e0b8c5b,62e2bfb900c9cdc31106d137,neg_cities,1049,Huaibei,transfer,standard,1,test,7675b112f723fa0ce8b34147943c30133efdf70ac538a424e0bcc11bb62b5521
93109d3352ee98465ce3,50996e007dacd01b2936d3df,neg_cities,1050,Hebi,transfer,standard,0,train,8f33b6c108feda0594585519245bc0b919558421ed48e36bf45b3e3dac7c0a47
c1999c45dd00c6d11c64,5bfc23631ef973fe03a154bf,neg_cities,1051,Hebi,transfer,reversed,1,train,e134ffc9e3eb8f73ab8df3089fac750cfff78be803080afec8cfa4e3846d304a
5c8fdd0c07f18fc855e2,0d918d9e5d899b8a3c5c5954,neg_cities,1052,Benxi,transfer,standard,0,train,ea4cd3a88d421e89146b412f6ec334aff70ac676dded53c9f7cd3ffb6906dccd
0985587736737e112b09,b5e75c525f8640370d5a9abc,neg_cities,1053,Benxi,transfer,reversed,1,train,6df9aeeb6708a49ab035d31f9ae212a1434cf67fe8cb671ee310f5bd22f26633
469c38fa176e38c2b954,e09ac054cbf33802caf4c53d,neg_cities,1054,Fortaleza,transfer,standard,0,train,c59009d0b5a3ec7f4561aea0636a10778055dc6f8ad3f64b9a32d076342d5fd4
7ff925869c9243a67a3a,fe6f51ad0783de6e4bb05c7a,neg_cities,1055,Fortaleza,transfer,standard,1,train,fba641fc5f622a7d0d71a1c8fae086a610d6cf33ed2b5dd6403d24af2ec74b6b
9e2d6cbf432a7fa79c75,aecf8adf0fdae6c758625034,neg_cities,1056,Antwerpen,transfer,standard,0,train,c1b4d9527d694eff139601821a175d6463612676081d467f3fc9c1513a157a3f
a0595ac220a97d175925,28b4c9e4759ed0a37c1203f9,neg_cities,1057,Antwerpen,transfer,reversed,1,train,37b95e076631b6f072d0748dc0ae22527182226c23565db40efb0eb367fcb22b
20cd4adb81af13d041d1,ee344c4dbf20f075d02bf21a,neg_cities,1058,Pikine,transfer,reversed,0,train,15bb101a9447c3c30e168d80932a6b6840d9165b13477c6b74de65337c12ea3f
09ef417e2d1fb0fce8ee,b35122fe01f463f5736059f8,neg_cities,1059,Pikine,transfer,reversed,1,train,739a9e81e4ff758716b8d4b6d6eb7a1250fb91f29f889ae6ee86dff8f79ca2bd
b2b46fafba3ffd38e552,f65a6ed1fb51e0102209d338,neg_cities,1060,Dakar,transfer,reversed,0,train,cb5446bf6a159013dc1319d41c5b209a83e6b987f9fe272aa3e696428fd236a7
a67c1b06d3436945fced,a02c166568421194a55b4d93,neg_cities,1061,Dakar,transfer,reversed,1,train,59d18f6dbbd2e1414428c752d60b0139fb96cab95869181a4a72c2dcfe2267b3
5080f1a817ecbe76dd35,91db08881d3d721212392347,neg_cities,1062,Faisalabad,transfer,standard,0,train,3b4abc6557cf72c82c5a04cbf0e7239d1affa79776c2e2750b780561a0b91aba
3306d64c840c6dc00c86,1cbbf9a3ee2f3081ef0c47cd,neg_cities,1063,Faisalabad,transfer,standard,1,train,7e551737405ee416b4c6b9bfaa3f98fe065f354d29b404705cc91c310af302d1
0f257f5187a7ae9ce9df,8921012d9262bc5eb8ae6105,neg_cities,1064,Kyoto,transfer,standard,0,train,f58e7bfce6838de688586de4485fc63521e046de5c8a431d9b53ec357bce05c4
7a7d0d2e7cbe677a81e5,b922561ad3acab9b529ff578,neg_cities,1065,Kyoto,transfer,standard,1,train,56ec59c4be45e771f7bc83efe96e286080c84524fe6fa799a1e07f7a968cf5ae
940a3d353b259556186a,203bcbb4892c594dcfe15fd3,neg_cities,1066,Port Harcourt,transfer,reversed,0,test,58e4af619f7ed2480720033698af7dfe9451be665a7795733a73f7c37b351a7f
760eb17d9a5c3de564c9,4bb7dc4ad60332915a9acf7f,neg_cities,1067,Port Harcourt,transfer,standard,1,test,5f9a812a94da9b34563e5140a0e80400fd326292693611e65d32e29ffefc0a68
dcfb29cd29116499d813,820e8e601a6b69b6592860d8,neg_cities,1068,Makhachkala,transfer,standard,0,train,05ad84e87257d9968e277ec9680bca591ca7cf1ae0f81883366e3c29ca7c9110
e18a566da9d796240c81,df63b67c7a71d476eeb0b133,neg_cities,1069,Makhachkala,transfer,standard,1,train,9f7d3ea9f1da1d72bea3c328092a942b6cf7f00d1edb6e4dc17e676912f07ee0
11518ff66fdc16d27088,6ff20c16aadd17752b57ed2e,neg_cities,1070,Thiruvananthapuram,transfer,reversed,0,test,842d08cbedbb442554ece2071cebbcc2ad4b1e0ec838290ba83759866cd6cb43
b946c0b0e909cc89719c,9a3c9d5a8da86ca78ed7077a,neg_cities,1071,Thiruvananthapuram,transfer,standard,1,test,219687c972686298f594ba3435d3127f065d589501a6b1b953accdeae91753ec
8b21a1d56aebd7786ac8,ba5837159e0855684fd0c5a2,neg_cities,1072,Madurai,transfer,reversed,0,test,f5c4bb061be69b2c7d7b82cd5d8264e5cfb1173a92c950ff01c7635854e877e6
01bd725b8b01392fdbee,dacf755665bace31da6a39dd,neg_cities,1073,Madurai,transfer,standard,1,test,0a102fb6a004c6fd37f5048421e29e5f67a3e8e7fa6d098ccc9ddcd11e69e48a
26933a71a256a5ec63a1,78ffe1e91df40a9d8276ff81,neg_cities,1074,Abu Ghurayb,transfer,reversed,0,train,089937bd28d7e30a5460319e4f06c7647b90a0e9cc95b9cb5f04eb1d32d094db
891a2685ada2efb47ecc,1b6fbe744f87ed490845e550,neg_cities,1075,Abu Ghurayb,transfer,standard,1,train,22cb37d26a3dcd8f9ef4630cdafc318a3b5ac48dca3c008348a1e3dce723cd50
d3d302cdf8016f3ed2f7,c710a1fbedc4370e69f9cdfa,neg_cities,1076,Karaj,transfer,standard,0,dev,d4ef77218c4813221d4beeb7f849ca89a58c2987b570e76ff67edf8526b56cdc
726fe032acb103baa52a,7fd89ca9e12b9c82f1fa8a2f,neg_cities,1077,Karaj,transfer,reversed,1,dev,3bfdc01cfad1971f0fb6fa204b40da271f84805fef08da0a540c4a1c1f9a2c74
f2abd0dcdb303c4d7ecc,f91eeff916bfd8c35862b785,neg_cities,1078,Kampala,transfer,standard,0,train,9909800b3d7c0a2730e4f25f65a2ed5e1126c53b5aad52f510788d3748e1d4e9
d1b5710ef309a09b04ed,169b65e397f7986dd6f42fab,neg_cities,1079,Kampala,transfer,standard,1,train,8d28aac517a7f44a8a11946c6b26a8b2f1c6699db26ed1921f0cb2ca8981d607
cc9551362eaecda3b5c2,ff9b5dd7f0acb14c00335270,neg_cities,1080,Chicago,transfer,reversed,0,test,4ecfa1c6788af9a57ab497bdcb757ac9f3cdfe76a2d7ae62f7c7894bca06b251
e9d2a51c3345693d883f,20c31c9958ba7e05f89a5fc7,neg_cities,1081,Chicago,transfer,reversed,1,test,55a1843df5e5aa774d2d517c971cefa3b6a4af999f5e520d97e8e34cb25cc165
9492541be775b2f196c9,db2ffaf1db406bc249ae5a13,neg_cities,1082,Milwaukee,transfer,standard,0,train,3fedf249a979745186bf1a84b123732828b85a9255a12ee337cd11bf9e38881d
d7a4e4b766e4359b8c39,6c31eae6cba4273e1c501d5e,neg_cities,1083,Milwaukee,transfer,standard,1,train,6e707cdc66599714d538a0b988e52cae0d1bf765a48bb7e1a8976ec13a7006f2
670bc7b3cdc997a9df65,6ad7bf7c46efb445b61512cd,neg_cities,1084,Bloemfontein,transfer,standard,0,train,b819d5568d21b2d77272cc0e7c82054b758e2f3795a423785f0009de6bcdcf22
1989733b6ca203da1ebe,d0002f00a7ea4eaaea66790f,neg_cities,1085,Bloemfontein,transfer,reversed,1,train,7efc80e901d7ac08b7d25afa43920583d90758301e9c9f162f5821ca6d28be75
3756a0fdd523a50e96a9,6f67a52a2b545eb75b741d03,neg_cities,1086,Uberlandia,transfer,standard,0,train,6ae554e60e89dfd64033ea01b0718f4ba37a08ad7a25def1772674e75b59ac53
c769fea50df5f7278c7c,4c2263b2f89ed3922fcdb387,neg_cities,1087,Uberlandia,transfer,reversed,1,train,bd783635af0770c3f5b9cf1a77401bd2eba5a911e4673519d7a60ac31e53eb05
e7286bcc58a369895593,fba7f941da5dff35988b5969,neg_cities,1088,Curitiba,transfer,reversed,0,train,81fa1ec0ca91bf5ab6f2a7de2352167658e784ec2664af5a17aec278d2b876db
2e608ed03a4bd07eb8fd,955193cf81e8a691fd82d8fe,neg_cities,1089,Curitiba,transfer,reversed,1,train,7e099723012e90c8e287c5ab09ed057d14efe6afe374a365ac05037b7a8b2a0b
53e45c563f7e7ff26cd4,700eb407bc64d064f7dcd9cf,neg_cities,1090,Rio de Janeiro,transfer,standard,0,train,36019556c9bce5fefaa862cd568990b6221c0f5a641406af4f39d9468012936e
2f957f7479ec475d7454,041de6f04adb135205dbfee4,neg_cities,1091,Rio de Janeiro,transfer,standard,1,train,f3938815bc66a4e9841726b254b6d1b5a3ccbd59ff34be25a293b8c5a5776849
a2d14bfc5e087bf1ff70,f190ee3ed534b869991697b0,neg_cities,1092,Ribeirao Preto,transfer,reversed,0,test,fe4fd7ed5b3b4bf5f20cfb88ae65b75f07ffbbf0b913a6e1aa625d0509550ec2
d1f673236762cdc5df5f,4252400914b80113251bf324,neg_cities,1093,Ribeirao Preto,transfer,reversed,1,test,488d1802a7a4ace460d092253dfb041d6c2ba560348d9f2660a82cfe10596692
f125a34b11cffbda0441,867f6e6aff8517015b602359,neg_cities,1094,The Bronx,transfer,reversed,0,test,d5d7c2ed50f8a2a100837fd87d4c626c8d8a3c7b16fe3ecbe1163e8f196714e9
eb9997ba5e3db50c9638,ccda66215b539a49d26b3d6f,neg_cities,1095,The Bronx,transfer,reversed,1,test,c3a02086a2157f6c15a4dc106b0ae5ff878fdbd2fb7a32a7ee706e160c645bf8
d141de0a89070e7f738b,3bc73857b134728049304fca,neg_cities,1096,Samarkand,transfer,standard,0,dev,7fad9223a849bd7a8f9c6132eb7f952c69abae0341e955f1ace96260831dfa81
d7bf3ced5bb7c28ceb41,f45185cf7377782304fdc933,neg_cities,1097,Samarkand,transfer,reversed,1,dev,442328b6736f318d14da95c04a6917428e322f0a923bed9dfacd2d506ab9747a
8703c2b04af1f9988b16,0eb87d998c877eaa5ccc84a1,neg_cities,1098,Da Nang,transfer,reversed,0,train,a2c4e29bf30e93800eb88cec512a54e59474ece3e90ad656fdf520c39d7f235f
671a3decfad832a35f15,857038c41323a93cbec9620c,neg_cities,1099,Da Nang,transfer,standard,1,train,0c7e0317ba62d42c5de90a195cc2ce71f63651906021e1562df88f2f38664d34
4f617ffecf7439edf5ad,3adc05884c253a6b6701e5ea,neg_cities,1100,Tomsk,transfer,standard,0,dev,a2d2a8e3f939719e4f865a966d9a0aa1f62d7c3d5fd4856754db4f10feb61183
da02e0365c934cf4f3fb,411d9034913f79ddf2b57391,neg_cities,1101,Tomsk,transfer,standard,1,dev,8a565139103015f2d01e81d2f65d53cfa9689359a61788248f977505ce3bbdc8
0ba494650fb671d476f4,56b1e5aaff49d58ce6e9d2d2,neg_cities,1102,Najran,transfer,standard,0,train,25024ec3f4214e6ac239280b59b8f04fe6c7bda9ea32b5b75ff473fc1134bbc9
8595872ff7506af9cd4f,efa8c0d1fb22fe94ed1c1c5a,neg_cities,1103,Najran,transfer,reversed,1,train,f1c51a33bf7de4f88c19cac0744d91e8f278a4ebf7c0625c77adacbf379847bd
df7464c6724dd84a323a,3f65f828eb24338b57da7107,neg_cities,1104,Bangkok,transfer,reversed,0,train,06d8545d8e7c7b5d539fc686a4998fdf7bb80f9e2bb872887f8b0795cf5d08aa
14d80a14a57f3a547df8,56bdb8051775431adb087332,neg_cities,1105,Bangkok,transfer,reversed,1,train,4091b0a39224bacba40e099efd17ef002a3d9e6e42e0090c713561d2fe513c52
6a6e5f4a3ebd6c818875,2934177411b9e09b323c782b,neg_cities,1106,Oklahoma City,transfer,standard,0,test,f2c805f9ecff95509de946e1e60b2be27ffffda5125d7ac7e32a0f35a03d1172
33d79b13518bdc1ac1e0,7d3a0076241ac3c738e366bd,neg_cities,1107,Oklahoma City,transfer,reversed,1,test,061fa850576bc20037e288b4e3a68e43bc9ca6b8b689ca3a21e77f4a83be1d91
4ac7eae944c1015c91cf,4da04231728bf217e06f69a4,neg_cities,1108,Izhevsk,transfer,standard,0,train,0fc7c1fe8747a3ddf6617bc68f4b6bea9788de9ca0cc97ec98346cd8c4192212
5f960c4cd893af418bbe,462cb6b35bcd954656dac04a,neg_cities,1109,Izhevsk,transfer,standard,1,train,dd4678efa518098c38557679a61dab5a3eb45a63920e4f6702cbbad863d3e01f
39bd598c49a40a562b53,89ec47b21d08f198e6def315,neg_cities,1110,Madinat an Nasr,transfer,reversed,0,dev,279796c2e196def0b2836be9c099c7bbb8185b3957dd466df8f839948fd3f8df
af181ce8533f9db7fcc9,eb6c37f77d2cee6c518e5b0d,neg_cities,1111,Madinat an Nasr,transfer,reversed,1,dev,0a127bd9b8b39fe5e57f180484b6034e8089faea3a73fc7e32153136d8ca8357
d5bf0d5c40907a9ceb16,f986b4a9b069d6c275a4ad99,neg_cities,1112,Yibin,transfer,standard,0,train,58495c271906aa9414b2651a1e364e6856741f04444ea6a50ec86956717d2865
a4d49a9178098855a690,432f2c538b846c174b6fd182,neg_cities,1113,Yibin,transfer,reversed,1,train,84b07d759c4eb028b2e924c8b40cf2ec81119aa1f2674f290dfd4b689c62f243
f877452b35e51f616aa7,df9d3ae33b701ffb943dcbec,neg_cities,1114,Sanmenxia,transfer,reversed,0,train,cd1b056fa072374ab0d9737e2b6bd39ec65f390d0b21d4a7cb13f25d8c0342f8
1e1aefbee414fda051e4,6ba05ed21d2c67c41fd4f3bc,neg_cities,1115,Sanmenxia,transfer,standard,1,train,c9a2ea4e85a2ea1b8e0bcda7fe4d4f22e9facbe0ac31efb74052e35f3cdd4ab1
db3f43a9e2ba3066d6cb,0c3353a029b7c42b0242ad9a,neg_cities,1116,Rui'an,transfer,reversed,0,dev,522c4bfde09837954277758c6a840c0c8867e8a0077846c4e967a30d3f8f3ff4
8854c09edab958584799,bb375215e3c17053b310a16f,neg_cities,1117,Rui'an,transfer,standard,1,dev,7058cd173ccdba80846e965ebc35da39f09f6f0d8916334768ffe93800bac44e
253a4674ff31b6780f49,3eee4eef0b96d5a2b70226ac,neg_cities,1118,Ningbo,transfer,standard,0,train,e122851cb16340380a9c7203ae3b31b52045d2cf7c4a19c5b992684fb3680461
ede9f4b3ce2d871f43a7,962152c846f6b7e85c37d019,neg_cities,1119,Ningbo,transfer,reversed,1,train,d88901f2a45bdb3b8248812605e2afe609b7b4c618e08594a1c81b92badfcdf6
8562c041f5e1481a7ea6,d2067ee8aa77adc3a75395c1,neg_cities,1120,Jiujiang,transfer,reversed,0,dev,ba2fc9008638b9e5f7f6892527ac8f85c0bc2565fa29202b2058875b77941355
36abb953b145a0c023d9,c1ccdb4c226e4868ea821f7b,neg_cities,1121,Jiujiang,transfer,reversed,1,dev,70b4108d7dd7c505888f0a2da930c767ead6d633b00df2b701c7efbf3355e2b7
bab95ab0cf4af72da764,826ca6cd1ff542c3baa277cd,neg_cities,1122,Jiaozuo,transfer,standard,0,dev,1bfd329eb8d062e023bd2daba6101775d2bd8c46c0e3632f57c48f0d4d48333f
2cafb1247d0a3c91613b,9e3571988c4b5c7d04002aab,neg_cities,1123,Jiaozuo,transfer,standard,1,dev,6730a21f176701c02d9486ee37b6ece60a269422b8048c9bf269cfed48635594
17332b02130382f6a17d,ce1f66c147a327b14737e085,neg_cities,1124,Jiangmen,transfer,standard,0,train,b2ce0fb4e69bf04ad4c6bfd65cb620f5d8c55a0e7d3aea4366ab9ee9aef9025a
eff2cd874722eba409d7,be90385ceb023726dd3c68f9,neg_cities,1125,Jiangmen,transfer,standard,1,train,0f2d12a9e07e9b9488ab0294449cbc0bcc32f0de70fa29695d741337984a9ceb
506491ef39801b24a8b9,6f899ac37b8bb82a071822d2,neg_cities,1126,Huizhou,transfer,reversed,0,train,569db2b041af3374650ab183d2e05b0a4959742100d7bc1014ac96ac9ab254e9
9f284766028b75f17bc9,8e40c04cd2a999d4ba01c3f0,neg_cities,1127,Huizhou,transfer,standard,1,train,88caa19cad027420a3f0c8f4daeb32303e4c5dc53112029c1190136c7281e50b
24436e3ef456da49ae9f,0eb399e98b6d45513b33d636,neg_cities,1128,Harbin,transfer,reversed,0,dev,ced4ec225e8000741e8b9351062e568a5b0bbad34e8efc545832b97d4880f38d
e308e26dde4d22900185,3f37820ffccd4e7ba71922ed,neg_cities,1129,Harbin,transfer,reversed,1,dev,904741db36d9ef7e40ebe1d4a0ed64747f3bcc54f948f0bee16d868e8a0c910b
5cb018bc9cdae9890294,3e79e5d45d1fdcec15a6a40b,neg_cities,1130,Herat,transfer,standard,0,train,7a8f748208ec43d6b64bfa2bb027573e204fb4e571dd2e31c52e9e87ec6ce383
fb8054088bc46b77a65e,80981ef66247ecea0fc2f45e,neg_cities,1131,Herat,transfer,standard,1,train,b7fbec7f4dce69f965b312bc12f0a96f47b1a53e103caa08adea3e4a34c3e8d1
88c2d7b10c0246f0e0b9,519bd2c4cef90c084a86fe99,neg_cities,1132,Kleinzschocher,transfer,standard,0,train,60d912aca180df5b8418519613c5d4ac5b86fda0ef81acb5cf5a6249007870fd
d0cb43a35d0c84ee0f6c,dced65beb1b00ac80cd33b4f,neg_cities,1133,Kleinzschocher,transfer,standard,1,train,c9fc742b56b8de82077acdac81271a6ef6da139e90d51fcb1b8b2e9c87016bc2
2f0c41bfdc9be17d2ce4,229dee90159bbe0eb43c2e9e,neg_cities,1134,Davao,transfer,reversed,0,dev,9caa413f489e47f54653185c51aeb05647ea39361cbfd73aca25aaef4cd0c173
20a73c55a2c4f7babd67,c0954a6158ef8f7ad582694d,neg_cities,1135,Davao,transfer,standard,1,dev,d80fb7f1fa9a3e9522fbab68bb727457521d6dcdc3a6a604abf85d534508fca7
80c755e38bdcc3c2b4d5,ca9af0105e86dec5ee2cca00,neg_cities,1136,Sargodha,transfer,standard,0,dev,30fe840a663cb13dade45cfe5fba1fef1dbae80fb9b6ec651282f420f7e51be2
5fabdbb60cfc3e5c62eb,a53b08fe8f4541b6de50c452,neg_cities,1137,Sargodha,transfer,standard,1,dev,5089c5f833de99e8243d18f14a1baf7fc1c315085e1879cfaeda2c0eb96fc438
80d748a4d9c3e866b1fd,8c020ad7712d2bf5706c5978,neg_cities,1138,Islamabad,transfer,standard,0,train,b6cba78b62e230a47c5bc3203576c10c7aef049331fd40ca0a0b82c4ef9358cd
89509c7b10e3ff68cfac,34d2be1b0ed8eb97593efa96,neg_cities,1139,Islamabad,transfer,standard,1,train,187e70ba350aaf8da7969fec732f0a70de7294ecf0da01b82b4117fafa08afba
7e594b222e40ae1c5df9,fce836144afa670647d3ac77,neg_cities,1140,Zapopan,transfer,reversed,0,dev,27e144dbc572398d9f8b5980bedbfe0ba764e88da0e8a334d15d3978f149dd1e
5a31b83b13d594037d5f,f6b8a4056dd078257052928a,neg_cities,1141,Zapopan,transfer,standard,1,dev,cddd6cc7f183824ff0cfa7ee3b3514f85647fd51365114b8f56e0b61b1521ee2
6fa44c7c6226d6e81fab,ab497e16d51927370f2bea1c,neg_cities,1142,Visakhapatnam,transfer,reversed,0,train,04a132e6115f9635bb233de7397a6fc3f93446e12482fc6c7a43fe189d75b1a7
803a70751f8d2b508baa,b1bdd7444bc7306801f9272a,neg_cities,1143,Visakhapatnam,transfer,standard,1,train,a2ec68c58fb72439311f6fbf40192ac585c2d4adc2a1c711b5b14d01dd9a3adf
ad8eaa2505a9f0bb64a9,9545f0dade807341a0450aad,neg_cities,1144,Rourkela,transfer,reversed,0,train,9d73d4066b4771bc750826ad673837d1e2a5e1702972219a9c8b04174835aba6
03df4eaeeca7aad6274e,711228a29bb7d7da132cb6e3,neg_cities,1145,Rourkela,transfer,reversed,1,train,0f79e9f20229e4157712343254820bf6724fb47e6b375b24c9fd9bdc16f1b722
a5307fde515fe47a9d69,0b4c2c0653597a6d9aaac8ae,neg_cities,1146,Dhanbad,transfer,reversed,0,train,2c7acd173f85608d53d5ee593cd5c15ffd56a33d7b696e75505637b79468d55f
85140034d00c6017ae86,37b26a7967b7b5be662984b2,neg_cities,1147,Dhanbad,transfer,standard,1,train,6fba79aabf7ae09a48f078fae8505750ddcc88a84c6c4e3369349ac6e16b9e8a
6db027d7444770f95db7,113aa65bf74bc5b4058f36de,neg_cities,1148,Bokaro,transfer,reversed,0,train,866cc2cd96d7b5260099c680e39ebb60991aad840d7743a9459529bfdc0964c3
6b7ac64dc8a16b6049ab,a7a90bcdcc53f8804d2cc3bc,neg_cities,1149,Bokaro,transfer,standard,1,train,1be758b91cc0b1cace5193ea83ae69caeed643981bfa433b9e61dd40c3583249
f95ce05d73309f2294b1,e4e16e12a9e53b3a12dd85f8,neg_cities,1150,Tabriz,transfer,standard,0,train,8a19783badda8448e825b65d9b5cf794a91a149981e68db55dd445bac6f10d85
972a89cd2fecda0de6c7,4a0d12fb9c16c1a4f201ada9,neg_cities,1151,Tabriz,transfer,reversed,1,train,22e48b43e71c601ba1ed6f496d5e6635f13840f40cea906c1b90e6e1e3fd437f
bfc30edd2b4d8034cb73,cd0ccbd6c7ef89ce3bf9d9e2,neg_cities,1152,Tlaquepaque,transfer,standard,0,test,be4b1141c561c33c1146bbbab7ab05258cc3373f88baa6bf6f7cdbc2422eb780
f4a96ffbd8b7ae809b9f,8ec788421571d1fecef64e89,neg_cities,1153,Tlaquepaque,transfer,reversed,1,test,e3a13925dc2eeb19d4a3b5026d6478bd88a855a3688a5b29a7bb35a06ac4ca21
9f95a6831d0b399a8bf0,6d2966363a008eb0f7a38089,neg_cities,1154,Victoria de Durango,transfer,reversed,0,train,a160ac5a63eb2f9f83ea85adb5163211e5bb6374b22c9625f43677de11965179
82a6317220426c11f279,f17686cd42e58d671f2404ea,neg_cities,1155,Victoria de Durango,transfer,standard,1,train,feeee13f705a9e74c8adc39c433e4c94126e5172e86a6da3cb8f771561670622
dc99a482029a95c2a9a9,b4d6e631bfedf4c8304f07d3,neg_cities,1156,Kota Kinabalu,transfer,reversed,0,train,abcc282adbbf1845fc9d682c009bfc81d92fb8f93855116226c36a8806ad63bd
c4efd20dd209389da187,112c0f6366b631370d6df777,neg_cities,1157,Kota Kinabalu,transfer,standard,1,train,39f7bcd75a989af28f95eb906a5417a256fc56bccc8f94090a43446733bb0bb7
697db508e6e019b5c489,f9f997f525e061da968b35aa,neg_cities,1158,Nairobi,transfer,reversed,0,train,414a7252615cf7bd718b64bd3ee18b1ff6e03f723917836047ea3b7a99784950
adae270b47a8e24c50a8,0fb734d9d05fe0ca1457f00e,neg_cities,1159,Nairobi,transfer,reversed,1,train,4aa24da3e1220f42692e9cca3ee1366079eb18ca0388cf5a3cf30559d5debc42
a6904bd0334a48f0cec4,232cb7ae341d29c5caed9eef,neg_cities,1160,Taguig,transfer,reversed,0,test,a7630d30327770c2b1a0b8bd056f8d303fcb845d5194c8388430dbfcd13ce8de
937e052246df9f91d033,29671efeeb05d09c837fc3ce,neg_cities,1161,Taguig,transfer,standard,1,test,921c14d16f75668017b5ea82d974eab05f3c0303916d24bc597d49e8d09f96fe
dff0cae3232753259409,3cdfb0c3167a4fafb27ff4ec,neg_cities,1162,Rajkot,transfer,standard,0,test,6103a8c98f32466674b8e3f0e396c0d5a622fb25b8810cd1470cc8cda98cc655
297a5564b255ae298c18,5ee39087252cfa9deb309b23,neg_cities,1163,Rajkot,transfer,standard,1,test,a20f55839b15bffd47669f291fba34b154afcf4ac524fe2f7e88d673689d6d0a
632b326395134ad2df7a,e0762f36eefbb2e0d1594c04,neg_cities,1164,Pune,transfer,standard,0,dev,7de54275ee4cb96f49ab21f081cfc9ba1100a54c2799c128ce0eb3c028e0a235
ca2e586e6a09f903bbb6,bcea766bb3738bafd7319ae8,neg_cities,1165,Pune,transfer,reversed,1,dev,1410b294aabb26e7f255531449b10304190b72e97d0c787a9fb4732ca3f0fda0
e8faf774e967dd12f06e,7acd51fde269dc108d5f10cc,neg_cities,1166,Ludhiana,transfer,reversed,0,train,7c3700a0c3a7aafecec07b9e7babd0ce00d7c5a849a0433c4254b5c525d04715
3cc51d4e6819b91292cb,f4e656fc7dc82ed984642ddd,neg_cities,1167,Ludhiana,transfer,standard,1,train,d6f4b95e5bf4d292624ea1c5f91ec138e21dff991f84d26d64f6b0c638ea9d1f
9c8f7da94f21f2a6a36b,253174856a21644fa2c97913,neg_cities,1168,Jamshedpur,transfer,standard,0,test,b7b5c166d424755bf0add7ef4bb89a29df91f304dd9864c88ab4adb69ce9d41c
4894b4c2886cc02b9f26,3d7c88844b95f8b0e8289862,neg_cities,1169,Jamshedpur,transfer,standard,1,test,1ec9d33f35206d47338bfc0a5562545873d0745a49fdc0632e86e61d41c74fb7
2f12d6942a4a321adfd6,11e74deced166861f6285fa6,neg_cities,1170,Bhiwandi,transfer,reversed,0,train,3ac2383c61433a9bbfbdeb6864ff175237cdb3ee09bbfe77cb718f802fa779d4
9b4df0ac0c7263195c32,9821fc6d8cad0f9e878011bd,neg_cities,1171,Bhiwandi,transfer,standard,1,train,a15ea28a864baa6f5ad8079d643e74845ec75c4fac88092da646c7c0e7a08b7d
1b0cfe9576a0f42ade19,5a4bcb0879665a5129ca6391,neg_cities,1172,Erbil,transfer,standard,0,train,5e59865a43f46deff10b4b25490da0c04a3a8851b7f6ba67a97ed8c5a31c1975
3c658e0b5af576cd64b7,6e7354fd522c0ac9b104aecc,neg_cities,1173,Erbil,transfer,reversed,1,train,3d8470ac2706b25b1a6b052c341b11e4636c63a258ff05ef3ac8de4b6ad4c89d
520fed2ee532c20a2b84,938cd8a600085221efd28083,neg_cities,1174,Chelyabinsk,transfer,standard,0,train,9482619a05c6b19dd4a00e0da6bc3dafce63179d68b3645c375047837f7a1694
a479433acb3c8e19d180,348e9175f319bbb56a06253e,neg_cities,1175,Chelyabinsk,transfer,standard,1,train,25199bbf1f4de3e6f6c8703140df3dcd1051563c9ceb2c24d185815abd85c33c
008c46a691c3450dfe48,23c1390accc3b1340f525b7b,neg_cities,1176,Uskudar,transfer,reversed,0,train,ffb5a09a68916a0e6042bbc140126ab8b7469340ea30b8432054ce25ea484e15
2fe6cbdbc55f7f65a388,de63552908ac82e281ab7fc8,neg_cities,1177,Uskudar,transfer,standard,1,train,d5577407c28452fffca9063a89aa1470089fef98d00c09386f21368b5fdb36d9
9808380cd17f92de9220,c2e672001c6ab73077eb445e,neg_cities,1178,Bagcilar,transfer,reversed,0,dev,619583cb5750e3c5b6c938e3bb06a53ac85eb02baa9fbafee0a3c4bf1c5c0699
dd32fad4db9a193d42ed,151bed95b6d93dbc7b6e47fa,neg_cities,1179,Bagcilar,transfer,standard,1,dev,2bbab13af6508a540b73eaa1eb235888d7953f64ca3fcf49c84171905dd2d416
d3d05c6821fd473a8f38,4e58e4bccdcac3859e769d43,neg_cities,1180,Quezon City,transfer,reversed,0,test,292e0584206b98a3bc0bf65afbfcf52b57db2abf4f1be962e64aba809dcbd22f
e11560df6f082d4c3162,365fb5e84a4aaf8e79ed6f04,neg_cities,1181,Quezon City,transfer,standard,1,test,a1a4a23e4daed8a6403bf2791d67124fc5495604b8ae96b4903c13afa1e2d5b4
5d9ebd17f690bafbecde,ceb0161a982905f0c34f53e3,neg_cities,1182,Mexico City,transfer,reversed,0,dev,3a5979181e6f3531d447301ce6d3f5252094db8c6b3ed377c27f1775fbe56daf
a4440b0873670476d6e4,d4ffbab388e53f878d227b88,neg_cities,1183,Mexico City,transfer,reversed,1,dev,21f94d1895a5cee6de22111c664b9780e83ed4b98b51b59b075ba3968b694089
7173d8493799feffba43,b9f8fd472bf74f4fb1d637f1,neg_cities,1184,Leon de los Aldama,transfer,standard,0,test,41a6650e6234c3f9732b5f8184800e3d2ef54e34addfe6deb021556820259077
a222df5e6a0796ffd5e2,d290b2c4ace9a0477cb23492,neg_cities,1185,Leon de los Aldama,transfer,standard,1,test,e4361da1028a259e0123aa224aeab4ed26834dec84a5d8ea843ff67ff47c225f
0e2fc5f96fa11c6c075d,d472f801bbcc437756df2f1c,neg_cities,1186,Fes,transfer,reversed,0,test,0dc943c4ec5b7a427cf9ef14e8b57b939961f998dfc600fe18759b9b1a54e1f6
5c0a0d23a6d29f245910,3c0efddbbe6846a028325a72,neg_cities,1187,Fes,transfer,reversed,1,test,91d00c3723030e78b80d17971b4adc394f783dd294ac7693ca9a6530b001ab16
6eb6f6f73c349fb12b99,d64ef829f627ebfe5f9bd450,neg_cities,1188,Surat,transfer,reversed,0,train,4bb9d34c0df40637e8d87f89d9fa5f498fda40004917597f6bc16c71f72f9725
6bff785d661c410c9bc1,78ab2f71d4a7625a8d49b6cd,neg_cities,1189,Surat,transfer,standard,1,train,6e52ce4853f54a365133bbb250de845c49c896e333eec0af88279d3859c94074
835c02f136d0d9b0851f,2cf4b34f7122564e8b687322,neg_cities,1190,Barnaul,transfer,standard,0,dev,74ce56fa09ae13926da8f7ef85afb69c6cf9fd95007a68bbdfdf54f85d0b5c19
33b2650fb577497c21ee,15ddbc4c7cc231f6c845bbff,neg_cities,1191,Barnaul,transfer,reversed,1,dev,93102edece2f1b3185ee8105526d7a165706ad9ee362b6f50f500733d770c26b
7819c9d5cca5e2b0b00c,ea5b8b4097c4978d3b4f940e,neg_cities,1192,Buraydah,transfer,standard,0,train,4ef830a8d93ca7c06123eb85c1bad991278a580704621ed21f24ad1bf0b8dad2
cfc2a7cf3a4159fbe9d2,63bbaf6eef67a61de75f7c52,neg_cities,1193,Buraydah,transfer,reversed,1,train,f96f0bc836965a81d4e8d238972e0901393e09bb012039ac95059f5d5892f7b3
b8c60ff2bede4e266562,7c8a13a54456a84df7718a25,neg_cities,1194,Bikaner,transfer,standard,0,train,6bdc747bb1ae613de369d4547df7256fe82b082dde59ffafb5b40c8e30df763e
24d562add903b8a61352,9eb7f5d819d6d8394f30af9f,neg_cities,1195,Bikaner,transfer,standard,1,train,2da39d38c5e829b03df5bd8d99e80ad70d16fd3e54ce2dc5da20aa7b503d52ab
944d712c5e4f6afd0ddf,523f98abb94c20dea97ed0ad,neg_cities,1196,Mogadishu,transfer,reversed,0,train,3e46b9c730d343a223381cf42a4a38e569bc4a341cc3db188326fd693d101616
f7e80fa08cbd6883a1bc,bfc3613c93d1b0b605b617cd,neg_cities,1197,Mogadishu,transfer,standard,1,train,cacfd5e92301d493a97bd306a01e50b1ef02d60563426fdef309ee11e4206896
01e45bc5e42b1a8f4bd8,abb80cf7a021f56493f62188,neg_cities,1198,Homs,transfer,reversed,0,train,3847866c07a02325b634961db509fc9489508b2df4682d8b1a9fe22aeec51799
d77781397a79f66b7abc,7e5aa4947f424bf8ceb2cd84,neg_cities,1199,Homs,transfer,standard,1,train,752e12d121c47b64dc6a2a3a19e07e7d824f902d337cab76c0b46725d4bea8f1
02735898b25d023ef9a8,8c81e06d659e70c9d5131dd8,neg_cities,1200,Port-au-Prince,transfer,reversed,0,train,f096958ef2e2d0fc27e43b24798e239610782079983bd4a7e5f7c01029162dfb
dd638d808eef1515c10f,b285f84234f65192c5f55da1,neg_cities,1201,Port-au-Prince,transfer,reversed,1,train,dde513efd965607b059735dbaaa975035a2b6592d2deefc1230f7d7a642ba378
fdfc370bc4b27e897e74,8551bd4b729cd8e15a03d4cd,neg_cities,1202,Thuan An,transfer,reversed,0,test,3a7e35a03cc0dab49dde2368e1fd4b98800cb537803b37df1a11d3476aaff206
68c98d419c1b70d9dd2c,b40169df08fac9342270b1fa,neg_cities,1203,Thuan An,transfer,standard,1,test,d1437e3fbe797dc0226ad727b6acc66be9b26d4192f1ddf80c761f07eec7fe52
65a047fc11b5cb2b1ceb,f79d03ea2ca002430cf15e0b,neg_cities,1204,Sanaa,transfer,reversed,0,train,ca6329e06bc60bc514773d250c91f9c183d6360639916506217832904beccad3
b3d2adb27840dbd9bdd1,da154940aa52bec6495e1705,neg_cities,1205,Sanaa,transfer,reversed,1,train,e79ea02dc15e8fa10fc0ed0cba3c5e948e2ff3c640fed0265e2f0a30d29cde15
01bd07a529b97808a178,8428cba2521e209767f39145,neg_cities,1206,Pretoria,transfer,reversed,0,train,a1dbda1c77f719623c536187ff50c8410de8bc1ac349e9d5fa33dc8682e8cbc6
4c350eb73b1f157aee1c,7cd5d4144aaf64cb1b40b341,neg_cities,1207,Pretoria,transfer,standard,1,train,15c4fd16cb63e7f24394faf5cf993c27f40ece7178e5adab194e2d940803f622
54c7c7a5c23de8a4ce44,2177f50c84d3878da556040e,neg_cities,1208,Pietermaritzburg,transfer,reversed,0,train,c274937e32141eb80591c6aa3df136f8dcdeafb87484ca5dc2b4cc01d150f625
cae01a06e9b73a457485,8467e2acb883c7a2fea59c1f,neg_cities,1209,Pietermaritzburg,transfer,standard,1,train,7b1c2d1e378006914968f283134b237ca553bb08b2477b86c34f551ce430c715
40ae11d803f6e62f2341,a8a9a20d79443c67173f8c3e,neg_cities,1210,Abu Dhabi,transfer,reversed,0,dev,aa86388c8be959b2dead193024c426fa99081aafa0d3ea9b663fcd939e356ae9
1b5a90d6eee0999c74be,e4f7db5f8a8c2e5729b50521,neg_cities,1211,Abu Dhabi,transfer,standard,1,dev,30f987d00401d5b76e8e2d54078195ae0a57cd60727980ba2f069e007d7576b9
36f48dbfa72601a2d9e5,727bbf5ef2f6c91c70f1e55c,neg_cities,1212,Sao Paulo,transfer,standard,0,dev,fb72b77e0a858b4dc4508e2ed8d9704474aeb9872cbb524b59ce49f0912012c7
af89d154a2dc5a9489b0,7b7f4249d21010f14eb243bf,neg_cities,1213,Sao Paulo,transfer,standard,1,dev,38580401a6b4388678a69e03065a339fe836259909eeb6114972c56c3f1b2e63
56bddc305ea3bf2417be,0c1c44ba7c2fd7bbee68689d,neg_cities,1214,Lianyungang,transfer,standard,0,dev,59996ea553b71f293b81d74a125c6a1b2874612b19cb35b8f9c1fcc833e4e187
f9acb7eee72a2900f7da,fd6bf4642bd4b34e171646c1,neg_cities,1215,Lianyungang,transfer,standard,1,dev,313a0ef1f719d1d0f661698740ff9cd06e3e376d8d30e0a3f2ddafc59b9b2332
9309fcce03316f4e0ade,4cf17643f470ae31b81be16d,neg_cities,1216,Xiaogan,transfer,reversed,0,test,8181e640daa0c64fb41cda252797a1315023298c7f945de1637a53466d67a04f
f3c0e803f87ee9bb77d1,bc7f91e5b54217c206e11e57,neg_cities,1217,Xiaogan,transfer,reversed,1,test,fa801bbfb09c84008056f59f93c084c0820550c719f20c7bd1d06082dcd125f5
db44c23d098a5b0892c5,8e4a1076051c0df5555dbc35,neg_cities,1218,Taicang,transfer,reversed,0,dev,defc74a41290622e99b8d73db241a6b44a2a1742a39b6bee2821de3417f555c7
fbe2be45c1b43e313867,7742833604f4542697d97bbb,neg_cities,1219,Taicang,transfer,reversed,1,dev,3088bcb1fde179b837bcec6ff1499695ffadee5b2232814fb50a6bc53f11217f
1968260d68f3458a0335,aa870585de5274775cda5fa9,neg_cities,1220,Guiyang,transfer,reversed,0,dev,61909a36b9963ef5904d9102d59b5b077da3b69fc62ab697e5e4e38c8c2f1325
43d4a1c2a537524807df,97d21336d303aed075a52ec0,neg_cities,1221,Guiyang,transfer,standard,1,dev,e82bb572fe5008359f0fb21b0128192d1f2e98a64f94275d3d7f5c9ad6609e5d
911fac20b85c582262a7,6d6402a1d8af06e7cbd89a18,neg_cities,1222,Ganzhou,transfer,standard,0,train,4c7c4203ae83a12835d54b53068cd372bc184879e1a8c1b088a5748acde406ef
da451a81b4794fb99070,60ed1854545e773ab9e9dab6,neg_cities,1223,Ganzhou,transfer,reversed,1,train,c1a75a0404f371e3e34b0dc05ac5a188e447a0720188fb1792f98760e7887b4f
09778c0b02a0072dcba7,5476669adc325904cdc00731,neg_cities,1224,Shangyu,transfer,reversed,0,dev,5e2d1cd6b30e0e4078642e8588c0913f5216721877921e43e84961a2383f0936
2b0c852b0bf39fe7ea7d,534c6cd51c422bb030ef3db1,neg_cities,1225,Shangyu,transfer,standard,1,dev,01b875ef66545e809d2d620d93c7a84002b49869684379438434bfe5c115f692
098b987621bff1e329b2,d32ce42761a81fb1f814f03f,neg_cities,1226,Jambi City,transfer,standard,0,train,793077c16151d392c1f17b80b265e25a231695e4dd29c161ddeabdf0fe5403a0
7bc4b6f5bf9ded3a9c13,c145c1157f6bf7b0317f4cb7,neg_cities,1227,Jambi City,transfer,reversed,1,train,e80da25ab23b070e5d08a68f129984d95c2ec7eeb7e8536ce8a43349f90beb07
524802bd15defd879054,391e61b0bdd9da6bf27ccac6,neg_cities,1228,Indianapolis,transfer,reversed,0,train,b9042c8c8ca688d79be188d6ebe7387bdfdfa940a178c9847f56f3e4d8afc826
b7ea7123ac01de96db21,9357637eec26031c73486c5e,neg_cities,1229,Indianapolis,transfer,standard,1,train,79f4180e667ec6701ff520019822427677fd0f3a7ea617baf4c7da419435f4ee
93edff9fae7ee5f640ac,e7a561bb806e5d787abac68e,neg_cities,1230,New York City,transfer,reversed,0,dev,a55df5e185998d56d293acf10c6cecc1a461d7ceff90a7e14d93a72e5d21ef12
cd557bc08992bc1ac329,e979376aeaff50d866372b06,neg_cities,1231,New York City,transfer,reversed,1,dev,ff60d58c8995aa0e03c3ee14b9b79f0bb6f3006642e784e4259961f82992b437
274f902921171d086377,f92b7ee03eeb0986a0c66d9b,neg_cities,1232,Bulawayo,transfer,reversed,0,train,a1d4b414ae4a9ffe5e895c14e267496812411dc71f56646443a4d66de56dd773
7884dc3365d9b5308495,41da45e7612c3f04f0610635,neg_cities,1233,Bulawayo,transfer,standard,1,train,2b9fee54e4e9580efbfc4371b0a3e8607c02a74adcc9dcd6d56ca4b5fa0549ff
0471fd2531a659fa5b7d,a423b4b850b8c01ace0431e5,neg_cities,1234,Santiago de Cuba,transfer,reversed,0,train,83f937b1bdea8be3491a4276f0de4044d559bde3b9e07df612a0a31a27897aff
0917ce155e4eca27f1ab,7726ce255fd99a463a46908e,neg_cities,1235,Santiago de Cuba,transfer,reversed,1,train,878401201612ad9c4d4f78c611a789545bc763bfbd5482edd1eb41edcca4e3f3
4d6386238ccf5baf4f77,49346c07078545d2916728fe,neg_cities,1236,Quito,transfer,standard,0,dev,d5886d0159d482f09a470105b978a3607b6d478a002ff48083499ec8f48f2107
e256e56983f1e9f2fdbb,2287f180861441ce90ae8f33,neg_cities,1237,Quito,transfer,standard,1,dev,b1c8aa5cf8b83c30c07d965b4ab76191aa52b925f78fafda8eddb2672f0b314c
e4901f2c8ab95d260817,d4bd871ddde5baad21e5d3b0,neg_cities,1238,Shubra al Khaymah,transfer,reversed,0,dev,3a576eba1c99e10e9863b483dbf5da938ac8379431fc67dd825e89d273bfb297
115bed8903ebfb24293e,a4ca7aa241847497e20b0dfe,neg_cities,1239,Shubra al Khaymah,transfer,standard,1,dev,4c2a6490734b9d272514db562998a2503129984936e5b499bc2f0acbba18f6a4
0b2fbad9ee19e3b892ff,4bd48675413f9033881a0938,neg_cities,1240,Al Mahallah al Kubra,transfer,standard,0,test,7ca5bd3754f0bc9e03d4ffa506b31c16d35fbfd7228db4e37b11ddae01fdbbd1
fd6b88448d2c7a6f5ae0,25e6dddb6765a50638f3782e,neg_cities,1241,Al Mahallah al Kubra,transfer,reversed,1,test,6ee6f03b28745d7a32962f4a68f79777204afcc33142d4d8494d1569060270df
dd94a7863c5a972a5d8c,782374ee5de1c28bcf08c6bd,neg_cities,1242,Suining,transfer,standard,0,test,3ef773b670e2095556b8aa55da3e7bc369b72e9719d4b47bd30c97e9fed22eb1
e845a7c2ba837c4ce6f1,348b10645d1c60b54342051e,neg_cities,1243,Suining,transfer,standard,1,test,216c9b68c515e006d5aa755c0c33be73e475ada553e38102346df24ee908551e
11b5758a2effe54cfdf4,71307d443d8cdcb42bad6dd3,neg_cities,1244,Guankou,transfer,reversed,0,dev,304dbc74dd44483a9afec17801832717e66b211e383807b6bde19225478aabbf
ee50e18bd14d289df77d,c3f58c1294ed63cf82d62601,neg_cities,1245,Guankou,transfer,reversed,1,dev,dc6e4144b0016f8da589763dcb3da1fd1ee0201cbcc3778ad30ba3c0c8eb1799
24c520afee2e4411256d,7442c3ef523e1af94b64e897,neg_cities,1246,Langfang,transfer,reversed,0,train,3c15fe444dbb74a39fdb2ef0f4da348a8c6bff28eb903dfe8c562d3401351cd5
3ddb2e9470004fa89594,67175937d5955ad70ef67e2f,neg_cities,1247,Langfang,transfer,reversed,1,train,b9c7c552dc76b4bb56d4dc6763051e10cb4ceb1d82552ba215c29a4397669e2e
67904845059ea1f68aad,5f01b61e75b7cbf257bddb39,neg_cities,1248,Jinan,transfer,standard,0,train,feab26a34ef312923222a8c527cf332c13a163e3d3e3014d5d1d4233c3106ba8
e5baa6d86b6f92a9624a,365a1e2a0b1920200788095c,neg_cities,1249,Jinan,transfer,reversed,1,train,3c5aec12196eda99f796232027df5366c619f63b6698df350a15d62e5e0bc074
e47d8160d5f83eb913fe,74fd26cfe524b7094b023c8a,neg_cities,1250,Guigang,transfer,standard,0,train,9ae35a068b75ac3aaef146f41c98374a72cf7b63c691d7548d8c74aa86c88200
253cf8b42d57f8a22413,e65bc2a9984794454f550446,neg_cities,1251,Guigang,transfer,reversed,1,train,df64acac594b6ffa6a54a079e5f481b30ebc4a6e8735dd518a47fd7a79aae182
8bf1e8da6327ef940d45,1513234be9b6401d13bff8df,neg_cities,1252,Dalian,transfer,standard,0,train,c11c17e9ceeb04c4903dbe2975cf16716f84ccf9d3757a1cf9254762c86e68a4
7048ec9223e0f75dc6b3,3778ec0354e3c3279dd00c78,neg_cities,1253,Dalian,transfer,reversed,1,train,6003c2aabf342a390eae0932818593aa48b02b702de70d646ba721bb94ed5b85
1597637af3f1424e78b4,3f6ff21c9ef0980a1f19ce58,neg_cities,1254,Chongqing,transfer,reversed,0,test,ede3245e7cd498f4ad04fe5b49c9833cbecb83b77cf5e3117aa572f09c299b6c
849e0dc518aa4fc1f3ff,fc630abea94884313b9cc649,neg_cities,1255,Chongqing,transfer,standard,1,test,d16e659db39518e94e6a84e1f324def2f0f933dc2de66c153b829b97a59d2ec3
0d1f178f5ae9a6c081e8,e53c0a79b6c77d387a196190,neg_cities,1256,Homyel',transfer,reversed,0,train,f2eeb16f7560233689c6744d51344e187992c60741db4706f243d531510077c4
638de841f24f981d2e26,0dbb2e9a22407040788a9df2,neg_cities,1257,Homyel',transfer,standard,1,train,19641eea5f6f58296b503f09f92a015385833e4ffc949ebe1972b496498bbf6e
0bdf4648281961320c34,8fb3aeea35c722a1d7487ed6,neg_cities,1258,Winnipeg,transfer,reversed,0,train,fcc6e3571b4a90c811b2ee8f4eb5b07540a12ba14c96417dea5cede488077477
f5d8ffad7b352e65eb10,5638d132482973a03b7cf042,neg_cities,1259,Winnipeg,transfer,reversed,1,train,1cbee69c5c36d66065f480ab41001f0e9b238916771c1d7e4605ade08137f1ac
d1b85b1fa15aa1c1a6a5,cb7617fd18d0715a370a1c32,neg_cities,1260,Klang,transfer,reversed,0,test,2265b9df39acb1d5f6881a7ff8c242e8c916315ca6594fd82e93a5104092c102
e22d2c004788561b1f59,e69d0e9a8832f1582832a99f,neg_cities,1261,Klang,transfer,reversed,1,test,419054ace4363d80649ebb9320ec29ea7a0c181da5000c16b8c9ecb5f267465f
1e5b56e68103871cc6f2,ff76a56a62dd373e4a072350,neg_cities,1262,Irbid,transfer,reversed,0,test,8272c585fbacbd927ccf8263ef0c9a6ad6e3102bdbd6e45ab1c14c74071dd0c2
754cfda174b7fd5f12e9,40dc60274c811049f7326965,neg_cities,1263,Irbid,transfer,reversed,1,test,921cca8c32e72cbbb33555ecf651051022f163384958969a648980b4a00cc2e1
15673cabdc6fc88e17e2,6ee931dc05cb6382b42beba9,neg_cities,1264,Bishkek,transfer,standard,0,train,9c52add02f07d9794d13f13fb87de278cdb728e6f3691c9ed87791e2452154c3
629bbc81260d2e30eb5d,a0ae130a1d5d132fe3487b0e,neg_cities,1265,Bishkek,transfer,reversed,1,train,f0548e1d26c9541197c04e27252731438f333227227d955b2f899dcb2ead54c3
9a5e8cbf56bb40558e7f,ffe313e19ce87e304327b46f,neg_cities,1266,Muzaffarabad,transfer,reversed,0,test,a8404c2df8478294ae1d6d95508d5f87ed72148e35d19f6f1cac8b7007598971
609cf4ed769e14b6ed27,612bfae841f7fbb609ef0983,neg_cities,1267,Muzaffarabad,transfer,reversed,1,test,e3bd2ee2e7b151b2277d3e72c0f9b65063a0af34c67e362139bc9b414541c0a6
38401a41d69abe3fc900,ea69c5a3ce5c855c6f2a5944,neg_cities,1268,Kotli,transfer,standard,0,train,d6902c72106a662aceaf5877a46709952cf5168ebbc6c21f14ebe1007efccd13
c4037879fa350f193efe,0a65195e7541be60a059a66d,neg_cities,1269,Kotli,transfer,reversed,1,train,e6ccb67a2c146028e6e57f5ba930c299f8aab7ed6bcbf007fbdff26b080811f0
95ec42ab08de5786c891,65d1085d139ea77accad5e49,neg_cities,1270,Nagpur,transfer,reversed,0,train,9735172a5087f05e979898967cd76697ae283ad7f79d7006874a496d4cbec670
46c19cd6179eee152b39,068b48f4d723f6461e597a8a,neg_cities,1271,Nagpur,transfer,standard,1,train,ec36655657feeb38491143be5ba8ffddca9785a3be16b36421f9cacfb1d86fe9
82042c9e563a769d24a2,24a3d878f101ded5adaaaced,neg_cities,1272,Kolhapur,transfer,reversed,0,dev,a70c7e2ca511c7a1e04bd58020737e006fbd5c7ae8eabe2d3fcede3434e0a219
e0dbbe7f41bfea3ecf48,cc7ba1f1392ade1377c8f593,neg_cities,1273,Kolhapur,transfer,reversed,1,dev,3d37271e13f7f2abf4d63a6c31c14d8918d0001ffe1ced2ca4db833f7e3cdb59
30d6327591acedc2cb47,4c8ad8c5ef2d6e54bdf1f64d,neg_cities,1274,Cuttack,transfer,reversed,0,train,d30a37e9e71df729d7fef545f832003d01ea14f6b544a87c22d541ad03922639
66694b11a8dfedfcace7,1d46354700b1b247ed2eff3a,neg_cities,1275,Cuttack,transfer,standard,1,train,d55cd280936ead51a01d00ce4625a1985bf5ad3536367170ff60a6c2aad80579
49f01a4172282529a610,fd3e289aa545bf2f84676891,neg_cities,1276,Makassar,transfer,reversed,0,train,a90101ef77f429efe6227556b0f1e11caad80c0c8d7f487de87e9da094e75c80
ae545d09c7bf2dc5fb62,f8c7344eb150c0c624dcbf5f,neg_cities,1277,Makassar,transfer,reversed,1,train,e11bdefc37822576b71b2e71e7d3775712c654bd74d655820a1315547e8a9a01
758e3e21e7c0dda3c0f5,e61118fb1bcb305d6344ea0b,neg_cities,1278,Yekaterinburg,transfer,reversed,0,dev,b859280cd116a913099ad7da001e43fd713a096bfca43b42eda6e3785194a210
e387e300e5fdc4014248,f2d3324fdf81058cd645c5b5,neg_cities,1279,Yekaterinburg,transfer,standard,1,dev,f84e472681640800c72203e3f3182ee3be947a4316e393f60e11a7ad780dad8c
193781b6e72196e6992d,71a441d917159b9c1c8be8dc,neg_cities,1280,Dammam,transfer,reversed,0,train,d7bd4efc07b17c59294e9a4e74adf93f30ce4bd868d3ccb25b86e50d9f0653e0
7241c8565a1023800290,8110118b96be92a0c63d3a96,neg_cities,1281,Dammam,transfer,reversed,1,train,293292425303307c3698150f37ec25a0f67a22b2c1d212cf99cbd7060d623fd3
3eb7cfe109083218e499,1b1251416add959028ebc807,neg_cities,1282,Dushanbe,transfer,standard,0,train,425da623b0e3decdcb41c820f8c7e8c15bd3e68c71b1d1e96eab58bf04004154
9321d5cda7265ad0300d,5f41db2cad5d3e56afb70011,neg_cities,1283,Dushanbe,transfer,standard,1,train,55704164ed7fd90366c96d44861efb9e8392539fc2244d813263aee13d03521b
77f31af59395ef0d6f15,9f52a5bfdc77bdfffca47b13,neg_cities,1284,Gaziantep,transfer,standard,0,train,18d6a34d79142449684d47152a5f4b6b07486782272d6e5e614213bcfbcf5222
6ca589a739f4d7ae4bea,367caf079da11efa9f1b7cfe,neg_cities,1285,Gaziantep,transfer,reversed,1,train,1df10ce53706381fb96cc54e1151d351cd4be0145884a69c54adaa8b7867638d
b97d4130ef059e9bfbfd,c1cb39ad3d6ee5043be40a34,neg_cities,1286,Asuncion,transfer,standard,0,train,7a62617b37b634a2eeba6c816668bf3ed8b29d52e6f1dbfa80325162ac072196
639b7a4ccc039262ccba,8f6c3f2df5427760330bf4d9,neg_cities,1287,Asuncion,transfer,standard,1,train,3f785b403bd9bfc3a7420e9007aeea17608ffa0a7bd7968758974506ff2b750d
a16e56c9993d8edaa84d,54e6d981cd901495be295b68,neg_cities,1288,Tebessa,transfer,standard,0,test,331b19e6869f5efff8f40df5440f4ec1d25df5df955e9a07ef79f5fe70e4b7bc
65b9a6bf251068bb4e24,1813067dae1d55b46a2ee746,neg_cities,1289,Tebessa,transfer,standard,1,test,a0c84cf93b94b81f4840bd6cc4fe1ba8c18b51cf9277fed4f6a2f4e78a60702c
848e8d3233a053dea210,6546421073cf7fcd9e8914e1,neg_cities,1290,Zhuzhou,transfer,reversed,0,dev,49aab5e769b27864e41010d68fc89e1bf571e4242ba0bc4c732ca2bfb62569a0
f814e7944435b999c9d1,85cdc22993b732300702d0d3,neg_cities,1291,Zhuzhou,transfer,standard,1,dev,d529908508498ffec560a8750a31876aff212acc7078c1a4a28fd0e8bc687506
c7cef3785dcd57fc24e5,4866b76a15fb133d5d9c3b49,neg_cities,1292,Xining,transfer,reversed,0,train,94a3537a6a8b49e6e186782c4243c9bd92c1a4e000faa39bdb4dabcfe5d76633
c883f2e36f58a50dbdef,4b9a022f6e2d2c4dc03b626c,neg_cities,1293,Xining,transfer,reversed,1,train,95610aa63bfc58d0e583e7f276823569123345fccaf79f6800c12acc1db0cc8a
9129537a6de3b87e954d,5515fb9f2e982b5a5127e577,neg_cities,1294,Tanggu,transfer,standard,0,test,8ffbc75d9d56180785a06eb55621f8c14ba21307d9798f545dfd68cdd34621ba
f9d4e315347b65a79332,d1df11401f491edfdad25bed,neg_cities,1295,Tanggu,transfer,reversed,1,test,84b7195c500933f513e0a412598622ac3f153c7af2258d782001561ec2429da9
1c8495f7d5ba2ff67c6a,88ded084f0bc8a76682dba64,neg_cities,1296,Shantou,transfer,standard,0,train,6251a3e70f5ba0371a1e4d0a80f7147dd54d2503962230eddc79146d78357243
24d170cbb1cfd4f22b25,1df3c7f1e79a2d25cffedff6,neg_cities,1297,Shantou,transfer,standard,1,train,aa0c168c07e6f3abf28c143e53ba16d7a2bda947bb0250dadf7a1c03c67ea805
b7e3acd197be6caf55ae,19859492cf849030397edb80,neg_cities,1298,Shangluo,transfer,standard,0,dev,adb78d97616d8865af13edd65075e20de3672abae7e62be0715376dc36262cde
8b57f21f8e21ed7e5c3e,86380c20a7769acea1d5257c,neg_cities,1299,Shangluo,transfer,standard,1,dev,4b39e5c67b04838c6b83a10bd86dbca8a181df5078ffee81022d83317ef7d8a7
42f50c339a1ad97ddd91,2b57f19b02b6d2a8b8f5490e,neg_cities,1300,Putian,transfer,standard,0,train,d5519ebb53cec0928429a8a7ceb83c7fffe02a986147f2c789f25071d7bae200
0a91c8a3c6b7c3c27082,3f4078279473fc4608e414e8,neg_cities,1301,Putian,transfer,standard,1,train,fadc3b8c97f2bc3f08e0c95268176eecdf868f6e4aa491e771edd5559242336a
1f644d7a4aa097e39887,650f2d5b58949784807a91ab,neg_cities,1302,Luzhou,transfer,reversed,0,test,51050e087edf0b3b72dda2694668768f8931db00439f2e34f52794adb7a81945
23bb65d00ecacee3e129,5041275d8d742f6e0a86a758,neg_cities,1303,Luzhou,transfer,standard,1,test,b6bfa56fa1b26ee787f7c007986988064733b9f7f3fc6ac0b3e30ea40e557f89
ad86655659074a4b3670,13f8df7db16960140b36792b,neg_cities,1304,Lanzhou,transfer,reversed,0,train,91f573fcc6ae0b4c81e58af6f7d9cdec84be163ebceea7c33b2822a60ee0489a
06616794eff30ad5a475,11a35d86033cc8a5db9e427a,neg_cities,1305,Lanzhou,transfer,reversed,1,train,f838274b10139508f73f3f9b27c93f6d0cc81ee5a3c7e7cbe4b0473fb6a43654
d581d2366e3a28fbe695,9a1f4502496088374e1f6e1b,neg_cities,1306,Chenzhou,transfer,standard,0,train,79837b9ba135d2fc5f8f05e8a4370d614c667faa4e58630992957d02eb21d459
5c3887fe993d4acdc77b,f01009952701aa594fcef2b9,neg_cities,1307,Chenzhou,transfer,standard,1,train,01366d90eb633d26b4c6031bdc7fe021100fcf9a66e509250d2eaa9486ce464b
0eb57f5e78dc83f07468,98612d13bec01584c8897b2e,neg_cities,1308,Baise,transfer,standard,0,train,350d9a799faca57d63d2993e8c07d4fdb6850a5cc7b7ec0098454cb85f9e8e59
b71c8b7412e50143a124,9f409f32b4c4f947fec5340a,neg_cities,1309,Baise,transfer,standard,1,train,faa96999c4e44d9339bdd4c4307b7d5138773232c7d68b56e6cbb49b09f5d0d1
d238bb963e25f5e6922c,cf695c645d8d746590014a2d,neg_cities,1310,Shenyang,transfer,reversed,0,train,977f3ca51b20e8cb6be6caa7a85c469a914b66a6be77abbe38b79e345af9a69b
04218549a84a6c5e9834,eabc63335a3d28c4a7685ef2,neg_cities,1311,Shenyang,transfer,standard,1,train,2372ef042cffee3fd5e9b4550df8c0e0e6f79e2c937be77a58dfca77aa98c4f9
b198d25e499c0f542071,f81dbda0d70fbe4728ebef10,neg_cities,1312,Daqing,transfer,standard,0,test,7a70907c297c85ee195680461234b1e866d4e2aca7d25af679e64dd0eeb61698
5c32079dc19e7301fab4,a96ea819f8c53c80b67d1028,neg_cities,1313,Daqing,transfer,reversed,1,test,4a99e7d642c2608417b01340197e4546222b1f6e14d2b9b09dc8dd1e8e0428fa
3ffd9eb800ccc7adeffe,f4a4fc743e4be9f739775c4f,neg_cities,1314,Brasilia,transfer,standard,0,train,4c081049c0d5504e408fe376e97ad1653121143ffffe77ee15f3c4a94b8de99d
fcb7e1374167a9b62eec,972acbda2f5ec56b0d8c9749,neg_cities,1315,Brasilia,transfer,reversed,1,train,3879efe2bdb7328890e0ca6c64fdfa0775230cc6af197d2af784e1d9f20539d2
5bb7bd8110ad2a02f5d1,d1650218e100428fde4838fa,neg_cities,1316,Kandahar,transfer,standard,0,train,682e000b75d206eedca604f2a3f7e59744e7325e551210f08d5f8dbb1ce6d801
5f1b3c50c3edc4ec727a,57180eac112e8aa2a1d52111,neg_cities,1317,Kandahar,transfer,reversed,1,train,4a4fa4830ee7f092d94b0a352a3aa2700ef5faa24e7b631accffa9ea3d2d80e2
d3e674949f128ab7abca,32ec8c611bf6524db7633b52,neg_cities,1318,Gold Coast,transfer,standard,0,train,a014169c1a4b248cd2045202fe1d6e785bde4604460b501532499a5406083126
5fcad3d26879f7ef5570,024b65ac5ae947f1ecd3c1da,neg_cities,1319,Gold Coast,transfer,standard,1,train,2f14dbb07de68478e603bf751e8344bfbfd94446a2d81452ff1d5b1ff428188a
48723b85f826382620d0,f4e9f6f3ad13c23d22620fab,neg_cities,1320,Ouagadougou,transfer,standard,0,train,c06f7d81e89b6c1c32d8c0347c045abb704e46386e2d812566828b7a4d85371d
5ac651ec346491844a72,5729217610f558cea60be15b,neg_cities,1321,Ouagadougou,transfer,reversed,1,train,c2ec129a60e169cc960fe972188ecc88b3b95a362b3b4518c7e31188ec692c3c
ab44354e99d0090b1e9c,83661177bc0baa90b2802e7c,neg_cities,1322,Duque de Caxias,transfer,standard,0,dev,bf6465a5c56a23aa621ac5b3ca0f1b7a56b001c9702728cc0e4d9b4d40afc82d
2270f8ae6e61dcac7674,2d1fa535b67dd12817c17e5f,neg_cities,1323,Duque de Caxias,transfer,reversed,1,dev,b37fc29ad7204d7b5a901e37cb0ac27eb011c6c618a0d7c4369db4f11564b334
0fca04189e28763c6e65,d3ec5e4e5e69fb5aa740dd5d,neg_cities,1324,Hiroshima,transfer,standard,0,train,8521180b9fc47b70bd5a2883fa2b82bb884f4911e1a3ebc8561c0fe05a50aafb
8f8b40e5d3c4c41f8ba0,e3dd70757fc99d78d53b8971,neg_cities,1325,Hiroshima,transfer,standard,1,train,9e2cd2e766cab164651c6a5bf7fe12045c507a179aeded4ca81f183973bc8762
d5b0d5ca1cee99b7c822,6804565d7e14b0695bf975e3,neg_cities,1326,Saitama,transfer,standard,0,train,58d06e8e9b4f0cc0138d43273d5a8d0111c504ada45349006343f0b0d274a6b7
06bc3600f38fc674f3d2,bf978b0d7958cbd1960583d5,neg_cities,1327,Saitama,transfer,reversed,1,train,ec0800d9f102095bc81651bd3efd0e14cfbad80029928e722f30eb7569279193
ff609d2c49ca736d44c6,217fb75d95acf930518b5c72,neg_cities,1328,Mandalay,transfer,reversed,0,dev,8e3cb52e950d56436560d848b277629aa60083873a81867a79f14b37d0bf02eb
841ee30a3da084c185a2,6a02994f7f6007b5facfe975,neg_cities,1329,Mandalay,transfer,standard,1,dev,1f54f0400569c464a8ad7aa3699cf1c4835e03b45cd41297972dcf3091b9ba3b
28f525340290311361b7,e43de59ea88b2f3236582f67,neg_cities,1330,Nampula,transfer,reversed,0,test,d2c468f913b37619f4fdad95991aef1608129d1cb3efee1efe088d58520b594d
b5e5b2512ff8fa7455ed,7f100fbbeb6a38d0f7bd48a9,neg_cities,1331,Nampula,transfer,standard,1,test,16d5834ebcff0612a4741d0cb75f43a51f5105125d20a8b7e4014956c1c9b785
eb6aed15575f373b63b0,76a23685fe7394bd97e7f36f,neg_cities,1332,Mysore,transfer,reversed,0,test,0668ef77bbebb9fe6f74723de4eef35ea62f992b174a314d54d84b0dc73df768
aa6d53756f435b2b33b7,709449adf64dca6d4dbad82a,neg_cities,1333,Mysore,transfer,reversed,1,test,3d4a94de60252c16dde04c03722d0bb9473a6784c727f067c7e93611f05316c4
a4511e2620cc0213ae9e,8d00dd1aaa919b3b286f1afa,neg_cities,1334,Coimbatore,transfer,standard,0,train,d10ccfa995a937dce8e9026ce9c666ffeba556ab2252a99036d14f50acee272c
a2ee2263e8058332822c,9b89c5652138c78de75ed53f,neg_cities,1335,Coimbatore,transfer,standard,1,train,0407429e506790b4bec5acab3aa25089576ebb08fed97419ad222c04769a858e
3c9c0264660835771db5,353573698073ec422e18c5a3,neg_cities,1336,Chandigarh,transfer,standard,0,train,fc2b6259aa634eef47f0ca8c18523b7acc6d7c79679624e9e78ae27a2fe1bd5a
4084c6234ac1991f3773,285fa7d0914dcec9e1e3081a,neg_cities,1337,Chandigarh,transfer,standard,1,train,f1f2e2d68b8c7ae5952713ecad756206d429dfbf5165186e27f791e04edb01fe
10c69a2df738b8ad4469,aee43117c742a13e1a6b50e9,neg_cities,1338,Amritsar,transfer,standard,0,train,e9c8b703b5d3c9a42cf34815088ee511cfd8c9fb1050c7eac5b126d3a0545c20
2fe6ed94ae4fe21d3288,e64d6ee1185dfd2dd2bdd9de,neg_cities,1339,Amritsar,transfer,reversed,1,train,c1873ab6bb4aeb10375ff6546e2bd818eb450e6631ce36d4abefcc7f3e079685
6b4fe12703466394d7b9,e91463b02cb02bb740af0ac7,neg_cities,1340,Arak,transfer,standard,0,dev,68a7eb24901978220b5c559bdf815291a07574ff2f9995cbf5b70f1a1b028607
7efaa559a88e758d3712,336864a6ffc66f98160bb740,neg_cities,1341,Arak,transfer,reversed,1,dev,8ef736684e52a93fcde98eace41f44d124274cd8957a4383dd784b01e5f4f8e7
18b008efff10c5948717,a9e4d284b9bc497d517addc5,neg_cities,1342,Ilorin,transfer,reversed,0,train,f7939cdf656fbe67a2e88c694d23ad63ebf472c87e0d484db2241aad72b788e4
a751c7640b121c222834,625bbd5d87c93ec516b6ff6a,neg_cities,1343,Ilorin,transfer,standard,1,train,b87cb8dc79ff7254812dcd16d95b0ed5edc63f3b32ec62933eabeeaf27ececb0
078e82aed2efc9e52f8c,61b8a6125a1b15d76c268d3f,neg_cities,1344,Omdurman,transfer,reversed,0,train,bbd021ce2a29f9b953b0d96f573cc45f51dad622bdd6f9d70309e204ca01b378
d0c6dbbf091b6b86afec,0d2f81c157ccd66a72c2f086,neg_cities,1345,Omdurman,transfer,reversed,1,train,ede2ea008b9166f11dd7e907598597f4ff77bc411ee5b33597fc4c3e7a03f3ef
949b85657ce764549a58,b564fd711f3c1f6472f187ec,neg_cities,1346,Khartoum,transfer,reversed,0,train,e153388f91fd77c4145ea7f33750fb38bcb6f22400534a11ec816c03fd822184
0dcac375fc0ce7824c89,747f458036417315dcff4f92,neg_cities,1347,Khartoum,transfer,standard,1,train,5bda8f20b52708096e71e8d93544a11e569a078fe4c0242f1b3bac4cab7287ec
f4b87bf96ab5bfe95016,9ac6ceb3d75b496f60d041cd,neg_cities,1348,Gujranwala,transfer,reversed,0,train,71d19158378463e8f0c2cb8a78b26a0e7739ed1774f82f3fc6161b1bbe7c2032
db590cf80bb68fb4afdf,22000dc4d75b476b0e259b4f,neg_cities,1349,Gujranwala,transfer,reversed,1,train,fd6664c4b92e0556e8ddb20e8b9b93777779a3a315f81ff06fdf009df40408e2
eb634ab8a0f98ce3189e,ad4415ffb77a98d81c26939a,neg_cities,1350,Nizhniy Novgorod,transfer,standard,0,train,265d1a502b823d439d0607dbe5c7bf9af62df9f08d29ac02b92dd9c219965779
efa87b0a584e5659c0de,e503d21ea8011e572e47e3a3,neg_cities,1351,Nizhniy Novgorod,transfer,reversed,1,train,8dc8934c8097d9b6eb05e47a5a8cc32662ecf3d7c4de085ca65e45e5b66503d4
939ab20849d94ff7bb97,dee777b71afa6a17f25817a2,neg_cities,1352,Zhaoqing,transfer,reversed,0,train,3c3e67b454f9b02f643922bf2ab66fa5cd025e307b3c0e55fb91bdd2298090ca
d09648487c3d7c81e116,edcfd8be98054b9d7e1f645b,neg_cities,1353,Zhaoqing,transfer,reversed,1,train,e46f28dec236d120c90e13f0aa80675cbdd90cac9defd6462c6b79a94958b375
cfc4354af3e204b27704,275cee4e5cd9029273a189b0,neg_cities,1354,Xianning,transfer,standard,0,train,2f917befd264c59f687aeaded6379b107cf5078a85c44b1899253bb165ddc82d
433b5e0657a1daceb7e6,59d31265fa01d5a348beed49,neg_cities,1355,Xianning,transfer,reversed,1,train,3269e31e8c48bcadc8cd3b5963fece2164b8a3efa1b1dac3104c929a9b2087f8
77b39ffb77785f3364bc,5769001f2964eb22e699bba9,neg_cities,1356,Suqian,transfer,standard,0,dev,f495f8445cdff7dc0a0dc67fbc7aaa9d62d65b5021910861035f3b45663de24b
0b6d6ddae3c7809d3765,4d89406ca8fe27677c1472cb,neg_cities,1357,Suqian,transfer,standard,1,dev,db5ca317e4ffd103fbe65c3c0a76b4434ae2d19cf0b7eede4a9ae64c4a3ef890
5bfe9568556c70899519,15b80035bcc0a2d1003bab89,neg_cities,1358,Tonghua,transfer,standard,0,train,20fa6e512905a9461ab15beb0699417489e92cc94fa45157d8946cc024592bb2
6c4314652ba20992bdb5,0423eee02622a32f60a359fa,neg_cities,1359,Tonghua,transfer,standard,1,train,b687ad58b60aa87b4da24179fca19d8aebbf702d9161d0471a09bd03d789bb7d
66eebee1a644f4cc2779,940efd64e79a56b3767e65d9,neg_cities,1360,Hezhou,transfer,reversed,0,train,4e7a18c355013d62b299ad5b8131791cdd3cd732eaef1d9a13973dd50b366a52
fb703927389a3aa13d6d,7fceb9fc73e7f9cd1c11a089,neg_cities,1361,Hezhou,transfer,standard,1,train,e3262d22c3aeeb30a07252e80f07b60ac85feca6dc0e845ed90eaf1a06a5e5e8
f8a764c3af7cc960ea9e,ca17b5a7552017d59ab21c71,neg_cities,1362,Grosszschocher,transfer,standard,0,train,c31568b9b22d30cc48f1480eec25a537b76913673af2a5140ab8e62892306b3c
e4ca0923c47015284ac1,9de3561b1135668624a6846a,neg_cities,1363,Grosszschocher,transfer,standard,1,train,3c45e29c2795a151b146403b435b6c641da8b105cc7910ea0017f9636ab6cdcd
53e0d3e34f809f055735,7211dcb164482c0defff58aa,neg_cities,1364,San Pedro Sula,transfer,reversed,0,dev,82d475aa9014eed15da6c253c2604ed1005860d480ea58af69e7df3a12c4cd72
73cfb60d5ef2ae9337b5,7b75604f286be3802b354efa,neg_cities,1365,San Pedro Sula,transfer,standard,1,dev,a5237572e34d9868648eed95bc88be14265d93fd3e4ee0cf43e1156a49bc4710
ef096ace0d7abb377949,1a5611634670f0dc76223da0,neg_cities,1366,Queens,transfer,reversed,0,train,9ac2618d1a62a9ef3cc9f805437d1d73468f95c2ed3a6616041e57462f1e9571
a5ce61602beb7529a0fc,0f66d9158b022b65523545ef,neg_cities,1367,Queens,transfer,standard,1,train,501382ca8e52ebe3d36c068641767a1ef6cc0487bb6710fa29adf82d1a195aa2
17a869bde1480bf9fd02,c376cff6c6bd24de77a80dfa,neg_cities,1368,Caracas,transfer,reversed,0,test,18e15926633287b1eab9aeb5c35c030ebba931bb7dbacacc7097b7a4787d507d
766f6536dc855b5e3c58,010df44b030708631029bea3,neg_cities,1369,Caracas,transfer,standard,1,test,938a7d2f4ed31d924bdd652950e4fad0b6224f4873904c07343e5322cb3682d8
8bcaa42db87695f3df7a,2e42b9927fc76b04279d807d,neg_cities,1370,Bien Hoa,transfer,standard,0,dev,726cefd9388165e4b2b3891596bd9867f9574d4763153fef45362ad11e4e4719
0c644b8f9d9d32b0f39a,a51ee0cad68aabb844427328,neg_cities,1371,Bien Hoa,transfer,standard,1,dev,93c6e3c5a8bd38362bab7fa4b18450f0104aab1923b87b9a055dbbe66d9d58ad
0ff4b1b794d86c3e6e3e,34a294269faf95bbfdb1f7ec,neg_cities,1372,Durban,transfer,reversed,0,train,3afde2d14277b678c9abfecdabdffd6295dfb8de259f26c2ef913f85b1d54732
57a239cfee9b14dc98fd,5aab29903cdec9195baebcbb,neg_cities,1373,Durban,transfer,standard,1,train,3322573772aee9891717c015d352efb33b00ef41c9ea560132195689725695b4
1ee7dd1b1e72b0baff60,260593a1663d9607c266e306,neg_cities,1374,Kawaguchi,transfer,standard,0,train,66cc7a68f5649ff823b9ec18d5c6b7180e88a4f9efc1395c7898ac8ca2914a20
1c19720d7c8b69fb0a93,313d87faba35764f0a49ddcf,neg_cities,1375,Kawaguchi,transfer,reversed,1,train,e8ad707c3f11b124b834cc70e071d8a97024171ff3c10121513973ebb4134860
8908823d82cfb172f661,c3e94d6f3f122fa179832c3f,neg_cities,1376,Bucheon-si,transfer,reversed,0,dev,7be46cdaa630a95ca3cf7d433ae955da49f618e45e7fa83791f567dbd864fd67
abe241472c721b35b907,16f719cbac0f7355d4af3649,neg_cities,1377,Bucheon-si,transfer,standard,1,dev,b8147d79eb27ac3d90ecd0764e2ce5a42bbc6b8e065167ca09daa24c53347409
5000d78e47471af47c69,8dc5db34ba03f5e28ab9185a,neg_cities,1378,Tangier,transfer,reversed,0,train,ed121ecfd2f755d6a4e395ceeb52abb6e2012aee2b34d9d4879567083b7074f4
ec9c36f0aecab57b86cb,4328e4bd11d176ef37ff3277,neg_cities,1379,Tangier,transfer,standard,1,train,f0ea255e51a0f17d135cfcbfd97cdda9bf7b4e852e8352f162b742206b010dca
f415edc2d6116f288983,96e462d6f8ae604ff2869081,neg_cities,1380,Nay Pyi Taw,transfer,reversed,0,train,1aed635bfc0ec69c6aaae3991af3ca603e935ec3371139461d49a3295fb32f9d
9247ae402268902cebaa,97f08db267c6b484aac47927,neg_cities,1381,Nay Pyi Taw,transfer,standard,1,train,42a9b3380afeb04049e2756d8b6df7cf662baf175bed878dc19be7d4b06078ea
8f965ace9beb810740f7,5d33835f5ae5222740ec2195,neg_cities,1382,Ulhasnagar,transfer,reversed,0,train,543702382c82b231e9aac88e4decbdc9a5cffeb470c9f8807238c940d6049d67
fad9ec7b10443707ef55,3f74d691787f90b10ac4d4b7,neg_cities,1383,Ulhasnagar,transfer,standard,1,train,c92dfb2078f13aad1a606853af5ed5b7435c445eb2b3643650f4b5fcd3e66dff
4bf422c3acf0d1350306,d571c7a5c16975289f1fb81e,neg_cities,1384,Faridabad,transfer,reversed,0,train,25eb9441a8efc2e697e273f46eb1169b9129dcba4ff6f555964685ff4028324f
65e20c872532e0deb61e,52d4f07af965d56d4c355182,neg_cities,1385,Faridabad,transfer,reversed,1,train,a61af03be259fcefbb0c4e52242447ad84bc616749a293fc162f4783c108be30
bde803fd8772bf424284,a7b71b31936365e5cbe524f1,neg_cities,1386,Kolkata,transfer,standard,0,test,d5d3738ffeb926f402692b643f1f37adfb7a2297d72874d4265ba2ef3ee15372
160239ebb6e09ec645f4,91d29a729c984f2cd8ca30a7,neg_cities,1387,Kolkata,transfer,reversed,1,test,48de398f443db512c726b849a527fb8fd5c306da3bcc694cbba74ecbf675f77d
03fb9de032c247b348c3,f23f5fb5b93cc9912419dece,neg_cities,1388,Karbala,transfer,standard,0,train,c65cd32dddc2c6c23d4e66ca07f82e8645d5df979a74ffeba021087899e324aa
eab61cd3945cabf5a7ce,be06de8a115aaba08ec2d13c,neg_cities,1389,Karbala,transfer,standard,1,train,02b7e70c54bdae253cfb29d726c7f76947ee36a9c929cf7d599c264df5702fe2
02350bb251424c21ffad,9e7d1f3e6867f3e8ad588040,neg_cities,1390,Jakarta,transfer,reversed,0,train,f9926be6d60ccbb5c5efff41db0d295c0406022c3b37c24c9f27cd8adf2a17ac
0c1f6232488cf4cd5fd1,b8f785f38bce35b04ef6e292,neg_cities,1391,Jakarta,transfer,reversed,1,train,ce06a90f9881ad0fe2584f0c1096686b6ffc190275d1d69b1406fd20f7205997
26a22fd31ceb4ad3d412,3de31f4c52ae19d023d098d1,neg_cities,1392,Denpasar,transfer,reversed,0,train,e59532b5c64d38f3a5869351bf79fd9a48db77caca4f3a2772f8cd8233492db3
e71fac8307ea624bff17,643ff4716ad4b4ca3fd2983e,neg_cities,1393,Denpasar,transfer,standard,1,train,a58fdb34132d26797f3b43b3b69c5dfbb983e83a187166facb7ae654d282b275
4c7d127a6cb99ab19a6b,f16db961d5db4fea951fbfe0,neg_cities,1394,Batam,transfer,reversed,0,train,5f70ec6744162cd607192bed33c6171d3891faa0f71621840c9ea07e93b1d33d
1acf76cf3b1d3386e939,2948c2d877629f0e122fb110,neg_cities,1395,Batam,transfer,standard,1,train,4852bd80ccf041383e019497469bbcc488ab40ba99944c17fb27b516e2d0352c
84bff9fa4041ec78eaba,a34371aaa76d71d5b29fb9fe,neg_cities,1396,Liupanshui,transfer,reversed,0,train,7e9727aa43aaada332e8249c0d0d6db96f7b7b50889abd71654d0a73b2ff8ee7
1098d4b1ffb91df2853b,a46d5039f7da222678c5c18c,neg_cities,1397,Liupanshui,transfer,standard,1,train,4c979f4d21557213a075bb4cdbfe54ff77de5e352dc42dafea0168f8b1707f89
6d6b7cf26a005ba7bd0b,edb0e5db6f0ff823bf125779,neg_cities,1398,Shangrao,transfer,standard,0,train,e7c4a4f1ca13789b8521e34234da2d1eda2a60a03ac72b76a40d99809b9bac1f
232c1f3d4121b43140a2,be8d1e794d91951cfe2e7fc6,neg_cities,1399,Shangrao,transfer,reversed,1,train,0ed87cb9052b0a5430889a4099024cd1c83b79402a9f14b1120284d1e22a325b
d7202a55ec329dea1fd1,97603feeddeafe6d87fad5f1,neg_cities,1400,Xingtai,transfer,reversed,0,train,62eab5f8fb548369eb97716abb2c6a1995263ad7677bcf5f86617eb10164cb28
4c27ba8005e1f77be098,71de23b2d79375ae60afeed5,neg_cities,1401,Xingtai,transfer,standard,1,train,89cb2b1bc7e17412526e9d30d85fae1f670bcd66a673ec2622cc14ac61874aef
cca70809e3735bfc28be,5feca7eeb517ee85a5c10268,neg_cities,1402,Qujing,transfer,reversed,0,test,dc5d019801569f340fd0737833a500817229bc5138af40963302754a15e8b748
ca0a1a729ec43614a975,cac0addf8e62ea2038f34226,neg_cities,1403,Qujing,transfer,reversed,1,test,d88ad5c6f20c046fc586390ba510d52d83acd0c0ee031f31c30fe486fad932b4
5e992c34465760378127,c6f29ae0d6b6687740ad2795,neg_cities,1404,Nanning,transfer,reversed,0,dev,b35fe60fc549ac262def690dfcdaf56a9226f226e102a7a8e68c7b73361c2c08
532ab6e2eb26032e8367,96787cfc61d206a83030dde8,neg_cities,1405,Nanning,transfer,reversed,1,dev,370f595769c1ff43241895da1cfff798a448ad231eda9b652dedb7c03651c9d0
b43017d1c49a44f19b44,c4d03b889fabb580735fe2e3,neg_cities,1406,Huainan,transfer,standard,0,train,02fa2291199fc3f5293011a620b7c8595b32c39a817fdcbc2dcba42ec9361a12
8000399a888569e947c7,303b8d844d33e2aa2d26a4be,neg_cities,1407,Huainan,transfer,reversed,1,train,73c25513c3ce9c186530f02aef35ce5c04ecce0f72ebead5b041707f87ef235e
6dd97ae421ef38f3d23d,4a7edaaf987340daf42909f4,neg_cities,1408,Binzhou,transfer,reversed,0,dev,241973064e4d555c30c51331d1b722b8c0f281b93c3e58384bffe0ce4ca7d9c4
37a39baf84e280c71e30,0b345eaa55dd72640caa5d84,neg_cities,1409,Binzhou,transfer,standard,1,dev,e2380f8961156189072edb4d9929d60e312028e3b5fbd97118088b4a2b2048d4
4db5b218cfbff840075b,581f03a258f078edabc7e59c,neg_cities,1410,Fuxin,transfer,reversed,0,train,3c1e200e860cbeafbe326da13b9a4b96d5d509760274531d21ff06a27a69cc2b
60b0d3f543c866a317e2,a6dd1c06aed07d9848003419,neg_cities,1411,Fuxin,transfer,standard,1,train,11e9f0532ac9c979cb40085aa46045f26a979817d58a17d0551f907758413171
572458bb470a68beb598,3fc909fcca86345fb4086254,neg_cities,1412,Quebec,transfer,standard,0,train,fa263d59c1264cb0b675ddd8d303d23069b30a2f56daaffa4afbe54d5fe3c076
3c918ef857e607b9098a,c17577f2d78f57811bf8e09b,neg_cities,1413,Quebec,transfer,reversed,1,train,1a8bc2c526e661be42fade04c0d5cc2821388c622f8be484b0e12136be4ca7de
b988c6b7aa731b931289,70a4a162d92f24f14d4e97c5,neg_cities,1414,Mazar-e Sharif,transfer,standard,0,train,d1fc4c03d3d3244012049b076dc32cc2980d2b5dbf77f377f3c253f5fd42e539
15a3d831c3412cf41657,b29539b58a49b0dfc49185ba,neg_cities,1415,Mazar-e Sharif,transfer,standard,1,train,b926afbb23b30ec0f3cbbaba5ebb1c305e031a6e5b0c5c276cc66aff43f8de4f
ba9a782bec2779d291f3,6978adf0b47471f86963ecd4,neg_cities,1416,Mar del Plata,transfer,standard,0,dev,2727d3dd8a4618049d5609883b57b42ea81e6b38403bf3b042d70be8a53da513
3aab80b0c59a4540f2a4,50dd91bfb144e65844447718,neg_cities,1417,Mar del Plata,transfer,standard,1,dev,2b2a8c24932067118f1b02654700c26f9df464d81ed8b61d611281d6e81a0e1f
46d8aab490ed76099b5a,1dd73ac487a0b15ff36be2b4,neg_cities,1418,Salta,transfer,standard,0,train,71c93a8078b4b2397cc20567cac8bf3dae17315efcea80c024527a2fc5cf63d2
5428393e4e1c591a32ca,01d126e317b27a553563fb84,neg_cities,1419,Salta,transfer,standard,1,train,290d6112bed443db563552ddabb56dce5998330a4957e64b42293c8140a41f76
5c475b1aba44a4ee3512,af272ea0d246d33e3398cae8,neg_cities,1420,Bujumbura,transfer,standard,0,dev,bee0d34182f6c6742f61e803996b0bb1861834b884355250009c99f1354f9f7c
2058dafac58694a9a8c7,c557b79afce38ef1860f2342,neg_cities,1421,Bujumbura,transfer,standard,1,dev,4f678e0894558f3b46dc92fca93a1045594ef5216a8abf62e105c61034924355
72a33f80f747615d6dc0,33cc274954dbce29867d9acf,neg_cities,1422,Ankara,transfer,reversed,0,test,c7de0cb95fd70e02441a264626fff8e4b53e95f8f4f7c3a1c10537c630876e20
aaf6485a79592feac9ba,8916e799f009e5698860e0c2,neg_cities,1423,Ankara,transfer,reversed,1,test,8c3792c400cf57839267ee8020867abcf6a4d75b64b1e8d53659c0e4d57670d4
1660e44269bdcaee6867,8a2c6896a160c34469a3f591,neg_cities,1424,Esenler,transfer,standard,0,train,93a4f382a71617497d221c4429ef75a5b83077d8067f0be5a47d242b36009d32
542d1a6e77e054c415ae,5d571b3de064cf8129e17ed9,neg_cities,1425,Esenler,transfer,standard,1,train,485cc16355715bf3092ba5308f04a8891befc0b4547bd5a84074cce5d33073cb
beb81545355e28e3abae,dabde2c13f87ce7c547112e6,neg_cities,1426,Cankaya,transfer,standard,0,train,90f0f484de03edf1ac90585c63e2e061ed8504c153f192bf3d7198b3585e2195
042cf0957fe003b7e2d7,b907670f6020f76ba59aa7aa,neg_cities,1427,Cankaya,transfer,reversed,1,train,a9c4c893848a10d7ca3c6cf3cce8a900dc6cce18d31c1d2e749b721a68f7eff8
6b01483d7882f6bffab4,2ba206f710b33a0a35bc396c,neg_cities,1428,Ufa,transfer,standard,0,train,2ba457de188cf5167e7a8f5d4760f2368cc59f2478f852a3ecfa459f36216187
ee8be1e9bdd6d297acdf,5c0a91ebf75f679c96b00086,neg_cities,1429,Ufa,transfer,standard,1,train,bb6ed94ece0b78ea07459bec240f816d45ac1b8b65f1b25cf25229fa54892042
1934d57a95037c20ace9,93577615939cb66d324ece8c,neg_cities,1430,Rawalpindi,transfer,standard,0,train,b6ba44f9d7c025b293c69dfe0b9ffd8861fa37883a7a6f2ec5e182687210ce2d
3ab0fa63d47c649a673a,1cf0c1abe31c8c159ce307a8,neg_cities,1431,Rawalpindi,transfer,standard,1,train,5eecbc5a547bcfc5df7cf8f6d987d3f6120ddfd21b7cb5a57d6996e94bcee809
1cacdc9dd4b264c5b328,274ffa82543b36b4f8a2284d,neg_cities,1432,Karachi,transfer,reversed,0,test,3f7bd9017a2be81bbfc57fa80b0afd3dd2ee2bbcb9a3f87eb2c5234aecea4026
91649e088d65ed6839ea,38f91fec20b1de9128d368eb,neg_cities,1433,Karachi,transfer,reversed,1,test,12c2343b0b7cbf7ad075bd392527416fbadab9d8d6288faf62f74297a076e032
b31fe611db4db016ca08,6872b2fcd3e626bc55530b53,neg_cities,1434,Tijuana,transfer,standard,0,dev,02fe5685de64938a0a3b1ed0deff362797b731b46008371010633f8af42c8854
782bd08661652712eaae,822d46c358701fd517957565,neg_cities,1435,Tijuana,transfer,reversed,1,dev,efffaa51358f819bd7e432ef5bdb4a195b61ab719b5f3b156c347698ec8fb091
38893807ee1f576003ba,ec8387497700b42aff7d8b3d,neg_cities,1436,Jos,transfer,standard,0,train,52b51c70d116b4dd7511986bc321cb0078db9388d681b8d80aecd59d03f3d346
3781c8f94ffc62e9619e,03350dfaad28fb64c682b752,neg_cities,1437,Jos,transfer,standard,1,train,25ab63468ca455aed183c3878ed7279dc8afa736d2da3ab8a5eaaab1c3b704a3
4928a32904649da023ca,ba9f14f65c83d212f08bc7b5,neg_cities,1438,Ibadan,transfer,standard,0,train,2f929f101eeb27ef168b61a9ace0de29d5cc2a60beb36683b5f8b230ac9f157e
73b7dbb3398130f3a136,ff931610db720eb2324eb85f,neg_cities,1439,Ibadan,transfer,reversed,1,train,a8faf363b9039ce3de5003cb9fa7ea1b7951c80cc3b68573893eb70edca6edaa
f1bf06c72ee72b3ca72e,f7cee91b34ed4b0d44e03dd9,neg_cities,1440,Managua,transfer,reversed,0,train,90b848d46e9f3246bbe3ad5e34ce05beadcff0d05a48e6a71989c1a0b749bfe0
734e91e0af3b191ba5f1,92600de3ca02769475514d4a,neg_cities,1441,Managua,transfer,standard,1,train,f84236653b24dcd2553cd9a4fa091667d406339a75c50245e3a1200a8654515e
49fe8e7e6c06734a23dd,35aa4812d3270591b3c27078,neg_cities,1442,Ha'il,transfer,reversed,0,train,b273e5109b6c487704f807e99471b595d37856322d4e584f9605d4628be4ca85
e455dd92e67ad0a5829b,a00bfe3da1665ccb68caf600,neg_cities,1443,Ha'il,transfer,standard,1,train,429ffe41112120b9d73224fa155f390e0b8ce24ff1ca9ea3f484c8eb5ee38c06
1bc07b0e9ea505213f9f,357fd2ed727c497132a9c484,neg_cities,1444,Haiphong,transfer,reversed,0,dev,bac8cef39e85b5eb71ba7dbb0e92f63bce3f9dc2c1c66729b2d5e84e84d1684f
9a7d69d63600c78eb46a,39fe1274e5783df64700b9bd,neg_cities,1445,Haiphong,transfer,standard,1,dev,591358ea38181d64011387a6fe7b4f885ec4b0ee009ff3a526e58e0b129590fe
0f29336d52ebaa075100,e0d95935d69f40e1406f2916,neg_cities,1446,Cape Town,transfer,reversed,0,train,6a6ad8fae3432a040cba8564e4a440eae937a5eca4971f6ab70f774ee0720a22
1c1bebb503e2dd4168f6,e068715a14a31b4e1a308ab7,neg_cities,1447,Cape Town,transfer,reversed,1,train,90fe8e269eb233dfdd9a242972ebd99df064c01bba67d950d450d06ccc063794
628f35592215773e8e88,241eeaee005a9f30dbe4ed9d,neg_cities,1448,Ipoh,transfer,reversed,0,test,72b8c069cf5861e236d93a2c5f6c784ff7ed8266393996c377663a2baf7846e6
8a103f30fd18afa773ee,39cceef8f278dc79a565cff0,neg_cities,1449,Ipoh,transfer,reversed,1,test,c772631c9a64278b584c014db1ed34cea3e79f4f15f16d90ed78bd3a9588fa35
c5da96258d112ccaaf27,beda723bbb75392faa15a8e7,neg_cities,1450,Kuantan,transfer,standard,0,dev,cbc94ca79a0a1c4b1427439669e478c2b06ce63c06949902d2f71b1969ac0f08
87e56029197575d3fc35,6799abb3d723882288bd6092,neg_cities,1451,Kuantan,transfer,reversed,1,dev,e41949fba97812516d171694682a1a23714530e179ddc4fa0dcff7f52ddf7267
2a7b85e24055c90a576e,e1a816abc80e63ca7efb43e6,neg_cities,1452,Maiduguri,transfer,standard,0,train,d7066d54fc133f880be44ace1eaf8f6951524729453e5318df4d9b7132d134bb
e4c0e0fb0a15d54f3e93,03e17091dfd139cfedb89d63,neg_cities,1453,Maiduguri,transfer,reversed,1,train,c4575f9afbca3a428264b8d2837120c3036c6e231266d3d067f86e5def0aa3ac
85f6c34f1f5754d9c946,b1da6d2e4df55277afb923fa,neg_cities,1454,Yangon,transfer,reversed,0,train,54006b56f9afe6149c51e7bbed9299e13ad06a688abb3f1c723a4258f11a5fa0
cc0f372bb31163611dce,1cafcb253facfe9f68b8841e,neg_cities,1455,Yangon,transfer,standard,1,train,3f9a62c9e3b5e15373f282cc595545d6e5ae971c9f6b9e4ecf1211dff5772069
2590f18cf0b6a0ad00ac,f6239d3fa2f57d9601ea3684,neg_cities,1456,Kathmandu,transfer,reversed,0,test,ef3683b568175cf818ca1ec0d70c1d4fcb6097763998c13d9f3b8861a63d0ef2
d9034e0fceb9808035f4,20dc23176c0a478e647c1ffb,neg_cities,1457,Kathmandu,transfer,reversed,1,test,d51895bbb0bab9f903c5699f3806438aab115813e07d914957da1dca6c7d573e
8e00346c0c257d699151,616b0b04960936f68d80f61d,neg_cities,1458,Las Pinas,transfer,reversed,0,train,82a63fb39ab1ff245395bac8396c8cc0225db602adac381a62b9fd65868d247d
319f625dcd38fcbebe2a,fc70e5b7d55e6d104b731497,neg_cities,1459,Las Pinas,transfer,standard,1,train,8a19aa3e92bbe94daa8a4ee97c4f25c4167b4f013b16fc7b60ce09810491bc69
561faa502867b1a8f281,9244eed5ac368e25aba02d16,neg_cities,1460,Reynosa,transfer,reversed,0,train,27e86711efe0d77453aa2b52802c67b49de5e0944c5f0b03e651bc8a4a86c03d
19f7055c557044c65e8b,d27ae392fcb9210f75002018,neg_cities,1461,Reynosa,transfer,reversed,1,train,5be09ad954e3c20829e3b722623e73b5708f58451fe7fe0ed7afc54464b4dacc
39bb55d339e1cb1199e7,8b1e1a6b8144f5d9f6929fe2,neg_cities,1462,Rostov-na-Donu,transfer,standard,0,test,7015594fc85f852c3525abc9522e0bc0cf8cda0930824981b0406b67f97c4c4e
4a0e57cf6996e6a16be1,e8b1c6b494befd9e65f69590,neg_cities,1463,Rostov-na-Donu,transfer,reversed,1,test,c5028994abca7e758624d18c87f9e1e08282bf5c679cae4a1414e5603353b2b0
71e0fd04d608db5dab23,ae97509ff02f6f221cead2ce,neg_cities,1464,Ibague,transfer,standard,0,train,7595a3efda6e0ab67c25b7cabe5a5bb8944c2dbef294b68c26ff3babd0986f2a
0756657d12eaedeff8fc,5e9f6868d1cc04226461ad7a,neg_cities,1465,Ibague,transfer,standard,1,train,862c87f9338c49569dd36ed1a6e7a2357663c4b823870e7fd67cdebd17d75192
8eb05e29f490101736fb,3c086cbac7c9b2d93bea9423,neg_cities,1466,Copenhagen,transfer,reversed,0,train,b0734c4931a9e1e37f90577aa37292faadd54c7275ea5aafcfbc80ad56d5e7cf
fc62753b2bcd4dc5275a,d5ea5bd9ae957ca391d0c432,neg_cities,1467,Copenhagen,transfer,standard,1,train,1210429c7f5bc97a6b6961b7e2785bc655ec38439f9b0393f16f9af7f50b2056
88285b021344cc9bbba7,639071580c216cee85b5ff91,neg_cities,1468,Xinyang,transfer,reversed,0,train,abaf71b8f70f965a44af757bf0664cd168bcff0442f9b4197dad34af86b73c01
f07c52c94490e6714985,500682287ac6d2b63967700a,neg_cities,1469,Xinyang,transfer,standard,1,train,9de7cd864ee92397a8e47dcf0623f3ebc9092dcdf8f6234c53bc42ff741e5605
a46cafd2a2fb22443106,a3a18b7e8be14e6fa90e87d3,neg_cities,1470,Weinan,transfer,reversed,0,dev,e70a8e88f3eafef965d865f7f17cfd73f1727ba65269ba7d2af1e050ee3c56df
0eabe483bc4527b3f7a5,a28f6b68c3bd8919998c72c2,neg_cities,1471,Weinan,transfer,reversed,1,dev,b59ff22f88331877c1c662f0df25f33752d74e69f3c29c07c04a812507ac137d
a1bded0891853cf19bc4,dc32836c8125dd0ec53a4246,neg_cities,1472,Wanning,transfer,standard,0,test,ed69cbffb1b422a17b333cfd71511d9620c29f5e0b2bd7693d5a82a68b74e6da
52adf5a6e4196265ce5e,b9293d73de2e5a53344c10b8,neg_cities,1473,Wanning,transfer,standard,1,test,6377eeccc2c688f4c520d2cebe2bb10becf9cf084f1ebd28192053a0e1225c91
de1c538fad869408cfef,41f72462ff20fac2528e509c,neg_cities,1474,Shijiazhuang,transfer,reversed,0,train,6a256646b558f685c45f9b2ba0df4638ef0f8b397c738986d8cf9d2d79a4402d
6a75661f3e5842cbc85e,6e11261b56e26da0a5acae94,neg_cities,1475,Shijiazhuang,transfer,standard,1,train,d79cfb48972f4440484889b828cbb045ceb0550b7378f0f6445d4e73a44a3f06
0766f627c81c7a86c252,4a63ad8874f71f2706a48233,neg_cities,1476,Laiwu,transfer,reversed,0,test,9fa9e4f9ca3ec86ff4e3540878c8df3caa66c1bb1e0930f91d8d266c651592cd
28048823949dd944efca,0c0453d44cb6fd881f69a6ec,neg_cities,1477,Laiwu,transfer,standard,1,test,d6113900ad1e5319220de3984b680cfe8bb8370f5ae79683125fceb9271813ec
101a7575e990ec26fd20,f3c22036d2143d2de982f98c,neg_cities,1478,Hengyang,transfer,reversed,0,test,70f44cdc64809383d6fe1500bed3ab1f2dc63116792cd3a406a34d33461fc6f8
5025afe2950dfb4ad167,cf7dc23a35ea94bdcc82fb92,neg_cities,1479,Hengyang,transfer,reversed,1,test,ee8ea12a7fdf558a90b1dc258dfb21ec29c697b0f5d74fabd5ce0a7fe461e42f
e988202abea92fe69f08,be982d0c8c324fbd41c6c4e0,neg_cities,1480,Changchun,transfer,standard,0,dev,ea967b851839e41dd721524effe0087b27e8496a469f1a481224d66fd4a6f373
6ffcdb5cd45052695e63,6d0ee1a4f6d54ca70c6f174a,neg_cities,1481,Changchun,transfer,standard,1,dev,fe029f8ebe2d4cb7a2d0efec58287d88cf38c7a91346d58cf42f8cf0d7b434c8
6fa9c8e2fd599364c5e7,6a442ee5ad068258d99a5257,neg_cities,1482,Varanasi,transfer,standard,0,dev,388852bcd5f56090dced4920fad9d7f36a8fd166e77748870160888f1212d155
71c44e70a49b93dabf25,0f9d927f0c72ea58af42d544,neg_cities,1483,Varanasi,transfer,standard,1,dev,f1955c57a56b03241113eabc3358fc6b7620c12a5aa9eac7a97df3dea675612f
c215a2c253b16dad63e2,84a3e4138a330c8d2438ad8b,neg_cities,1484,Puducherry,transfer,reversed,0,train,e832e77d4545ae8021919987ac6a73c57a7e5b6d6d10a06539bc9966624c0b95
ad1e8b05a4dc9bb1c992,7e69519cbf01891b798747d3,neg_cities,1485,Puducherry,transfer,standard,1,train,50541d8133738b7836b5ec2d35bab24413e1a138eaa15d18150c98cf2899bf3f
408c5f28a333792511b4,e94f17536102a0d7825d8d3d,neg_cities,1486,Bhopal,transfer,standard,0,dev,a75e2bf82e64bdd9a79db2bb2a5d96834b5fc70d6aea672b88f173032456aaa8
1a75e054318833553436,2083da7682c21235d20bb013,neg_cities,1487,Bhopal,transfer,reversed,1,dev,ae3b588e21aca7ffa4631375fa7e75e2ca5147d8edcb095be14b0ca150f9aa21
f2e4263dee01c05ce75e,64e141c2d72c6bef1841fd83,neg_cities,1488,Kanayannur,transfer,reversed,0,train,3777dd613647d3f23cceca7b64f07094174303dedb7baefe7062bfd8c4a19cd7
e8acaf9819af616d7fcf,4be304b73042a7028340bccd,neg_cities,1489,Kanayannur,transfer,standard,1,train,64be62c620f365c1bb8e13acd852bd87daff8aaf5b7aadd3cb35cfcd6e78568e
8bfbc919d9391fbd80ce,ab63e0a03e0291df5fa22a67,neg_cities,1490,Kirkuk,transfer,reversed,0,test,76c3695d282294d1a01d7d17d7664dc19693179224d957396c4e98d185e02627
6254e03627cffbe26087,fe5ed08ce2e0ca1eeb65245f,neg_cities,1491,Kirkuk,transfer,standard,1,test,310acb30722c1e05169929a658d6cadccf6622d08e2b890de77cd2a156bea60a
c7c6fcf24f773300cb42,8ecd1c29b2a30b603f6184aa,neg_cities,1492,Al Mawsil al Jadidah,transfer,standard,0,dev,039cdd9369a92b709aeb38cb915ad84f3c56e53b047043d8f663a5445aabf4f3
0b3b3692a1421da4cbc6,79ae6bc0464c354472c4fed3,neg_cities,1493,Al Mawsil al Jadidah,transfer,reversed,1,dev,93399cdc894d212b79f9607f2f59af814880bc4a64ac341fe76db4f6d35f6069
60a62a7dc1387330edb1,7e9f7cbca8aee7b943bb40a8,neg_cities,1494,Tangerang,transfer,standard,0,train,280bdc10fac24ee4da8bb667634c9f65a8301e6664dc050525d47f613fbfdeb6
e54a4904860a0defc43a,0e9e00553dbfb7b6ca630241,neg_cities,1495,Tangerang,transfer,reversed,1,train,21f799407fde8e2589350eef19fd11c55fb62eea31dadb7b0456f022d9d1824a
