actor,condition,scene_id,panel,questions,valid,correct,accuracy,all_correct,disagreement
gemma,CANONICAL_REPLAY_s0,UPDATE_COMPARISON-ORIGIN-0000-origin0,ORIGIN,34,34,34,1.0,1,3
gemma,CANONICAL_REPLAY_s0,UPDATE_COMPARISON-ORIGIN-0000-origin1,ORIGIN,34,34,34,1.0,1,13
gemma,CANONICAL_REPLAY_s0,UPDATE_COMPARISON-ORIGIN-0000-origin2,ORIGIN,34,34,34,1.0,1,18
gemma,CANONICAL_REPLAY_s0,UPDATE_COMPARISON-ORIGIN-0000-origin3,ORIGIN,34,34,32,0.9411764705882353,0,20
gemma,CANONICAL_REPLAY_s0,UPDATE_COMPARISON-ORIGIN-0001-origin0,ORIGIN,34,34,34,1.0,1,4
gemma,CANONICAL_REPLAY_s0,UPDATE_COMPARISON-ORIGIN-0001-origin1,ORIGIN,34,34,34,1.0,1,12
gemma,CANONICAL_REPLAY_s0,UPDATE_COMPARISON-ORIGIN-0001-origin2,ORIGIN,34,34,34,1.0,1,20
gemma,CANONICAL_REPLAY_s0,UPDATE_COMPARISON-ORIGIN-0001-origin3,ORIGIN,34,34,34,1.0,1,22
gemma,CANONICAL_REPLAY_s0,UPDATE_COMPARISON-ORIGIN-0002-origin0,ORIGIN,34,34,34,1.0,1,0
gemma,CANONICAL_REPLAY_s0,UPDATE_COMPARISON-ORIGIN-0002-origin1,ORIGIN,34,34,34,1.0,1,11
gemma,CANONICAL_REPLAY_s0,UPDATE_COMPARISON-ORIGIN-0002-origin2,ORIGIN,34,34,34,1.0,1,18
gemma,CANONICAL_REPLAY_s0,UPDATE_COMPARISON-ORIGIN-0002-origin3,ORIGIN,34,34,34,1.0,1,18
gemma,CANONICAL_REPLAY_s0,UPDATE_COMPARISON-ORIGIN-0003-origin0,ORIGIN,34,34,34,1.0,1,6
gemma,CANONICAL_REPLAY_s0,UPDATE_COMPARISON-ORIGIN-0003-origin1,ORIGIN,34,34,34,1.0,1,7
gemma,CANONICAL_REPLAY_s0,UPDATE_COMPARISON-ORIGIN-0003-origin2,ORIGIN,34,34,34,1.0,1,15
gemma,CANONICAL_REPLAY_s0,UPDATE_COMPARISON-ORIGIN-0003-origin3,ORIGIN,34,34,34,1.0,1,15
gemma,CANONICAL_REPLAY_s0,UPDATE_COMPARISON-ORIGIN-0004-origin0,ORIGIN,34,34,34,1.0,1,3
gemma,CANONICAL_REPLAY_s0,UPDATE_COMPARISON-ORIGIN-0004-origin1,ORIGIN,34,34,32,0.9411764705882353,0,9
gemma,CANONICAL_REPLAY_s0,UPDATE_COMPARISON-ORIGIN-0004-origin2,ORIGIN,34,34,32,0.9411764705882353,0,14
gemma,CANONICAL_REPLAY_s0,UPDATE_COMPARISON-ORIGIN-0004-origin3,ORIGIN,34,34,34,1.0,1,16
gemma,CANONICAL_REPLAY_s0,UPDATE_COMPARISON-ORIGIN-0005-origin0,ORIGIN,34,34,32,0.9411764705882353,0,9
gemma,CANONICAL_REPLAY_s0,UPDATE_COMPARISON-ORIGIN-0005-origin1,ORIGIN,34,34,32,0.9411764705882353,0,9
gemma,CANONICAL_REPLAY_s0,UPDATE_COMPARISON-ORIGIN-0005-origin2,ORIGIN,34,34,34,1.0,1,14
gemma,CANONICAL_REPLAY_s0,UPDATE_COMPARISON-ORIGIN-0005-origin3,ORIGIN,34,34,34,1.0,1,12
gemma,CANONICAL_REPLAY_s0,UPDATE_COMPARISON-ORIGIN-0006-origin0,ORIGIN,34,34,34,1.0,1,0
gemma,CANONICAL_REPLAY_s0,UPDATE_COMPARISON-ORIGIN-0006-origin1,ORIGIN,34,34,34,1.0,1,7
gemma,CANONICAL_REPLAY_s0,UPDATE_COMPARISON-ORIGIN-0006-origin2,ORIGIN,34,34,34,1.0,1,18
gemma,CANONICAL_REPLAY_s0,UPDATE_COMPARISON-ORIGIN-0006-origin3,ORIGIN,34,34,34,1.0,1,11
gemma,CANONICAL_REPLAY_s0,UPDATE_COMPARISON-ORIGIN-0007-origin0,ORIGIN,34,34,33,0.9705882352941176,0,8
gemma,CANONICAL_REPLAY_s0,UPDATE_COMPARISON-ORIGIN-0007-origin1,ORIGIN,34,34,33,0.9705882352941176,0,9
gemma,CANONICAL_REPLAY_s0,UPDATE_COMPARISON-ORIGIN-0007-origin2,ORIGIN,34,34,34,1.0,1,15
gemma,CANONICAL_REPLAY_s0,UPDATE_COMPARISON-ORIGIN-0007-origin3,ORIGIN,34,34,34,1.0,1,12
gemma,CANONICAL_REPLAY_s0,UPDATE_COMPARISON-ORIGIN-0008-origin0,ORIGIN,34,34,33,0.9705882352941176,0,6
gemma,CANONICAL_REPLAY_s0,UPDATE_COMPARISON-ORIGIN-0008-origin1,ORIGIN,34,34,32,0.9411764705882353,0,14
gemma,CANONICAL_REPLAY_s0,UPDATE_COMPARISON-ORIGIN-0008-origin2,ORIGIN,34,34,33,0.9705882352941176,0,12
gemma,CANONICAL_REPLAY_s0,UPDATE_COMPARISON-ORIGIN-0008-origin3,ORIGIN,34,34,33,0.9705882352941176,0,14
gemma,CANONICAL_REPLAY_s0,UPDATE_COMPARISON-ORIGIN-0009-origin0,ORIGIN,34,34,32,0.9411764705882353,0,9
gemma,CANONICAL_REPLAY_s0,UPDATE_COMPARISON-ORIGIN-0009-origin1,ORIGIN,34,34,31,0.9117647058823529,0,8
gemma,CANONICAL_REPLAY_s0,UPDATE_COMPARISON-ORIGIN-0009-origin2,ORIGIN,34,34,32,0.9411764705882353,0,14
gemma,CANONICAL_REPLAY_s0,UPDATE_COMPARISON-ORIGIN-0009-origin3,ORIGIN,34,34,31,0.9117647058823529,0,17
gemma,CANONICAL_REPLAY_s0,UPDATE_COMPARISON-ORIGIN-0010-origin0,ORIGIN,34,34,33,0.9705882352941176,0,5
gemma,CANONICAL_REPLAY_s0,UPDATE_COMPARISON-ORIGIN-0010-origin1,ORIGIN,34,34,33,0.9705882352941176,0,10
gemma,CANONICAL_REPLAY_s0,UPDATE_COMPARISON-ORIGIN-0010-origin2,ORIGIN,34,34,31,0.9117647058823529,0,7
gemma,CANONICAL_REPLAY_s0,UPDATE_COMPARISON-ORIGIN-0010-origin3,ORIGIN,34,34,30,0.8823529411764706,0,12
gemma,CANONICAL_REPLAY_s0,UPDATE_COMPARISON-ORIGIN-0011-origin0,ORIGIN,34,34,34,1.0,1,8
gemma,CANONICAL_REPLAY_s0,UPDATE_COMPARISON-ORIGIN-0011-origin1,ORIGIN,34,34,34,1.0,1,12
gemma,CANONICAL_REPLAY_s0,UPDATE_COMPARISON-ORIGIN-0011-origin2,ORIGIN,34,34,34,1.0,1,12
gemma,CANONICAL_REPLAY_s0,UPDATE_COMPARISON-ORIGIN-0011-origin3,ORIGIN,34,34,34,1.0,1,14
gemma,CANONICAL_REPLAY_s0,UPDATE_COMPARISON-ORIGIN-0012-origin0,ORIGIN,34,34,34,1.0,1,0
gemma,CANONICAL_REPLAY_s0,UPDATE_COMPARISON-ORIGIN-0012-origin1,ORIGIN,34,34,34,1.0,1,8
gemma,CANONICAL_REPLAY_s0,UPDATE_COMPARISON-ORIGIN-0012-origin2,ORIGIN,34,34,34,1.0,1,14
gemma,CANONICAL_REPLAY_s0,UPDATE_COMPARISON-ORIGIN-0012-origin3,ORIGIN,34,34,34,1.0,1,14
gemma,CANONICAL_REPLAY_s0,UPDATE_COMPARISON-ORIGIN-0013-origin0,ORIGIN,34,34,32,0.9411764705882353,0,2
gemma,CANONICAL_REPLAY_s0,UPDATE_COMPARISON-ORIGIN-0013-origin1,ORIGIN,34,34,32,0.9411764705882353,0,6
gemma,CANONICAL_REPLAY_s0,UPDATE_COMPARISON-ORIGIN-0013-origin2,ORIGIN,34,34,33,0.9705882352941176,0,13
gemma,CANONICAL_REPLAY_s0,UPDATE_COMPARISON-ORIGIN-0013-origin3,ORIGIN,34,34,34,1.0,1,17
gemma,CANONICAL_REPLAY_s0,UPDATE_COMPARISON-ORIGIN-0014-origin0,ORIGIN,34,34,33,0.9705882352941176,0,6
gemma,CANONICAL_REPLAY_s0,UPDATE_COMPARISON-ORIGIN-0014-origin1,ORIGIN,34,34,33,0.9705882352941176,0,13
gemma,CANONICAL_REPLAY_s0,UPDATE_COMPARISON-ORIGIN-0014-origin2,ORIGIN,34,34,34,1.0,1,12
gemma,CANONICAL_REPLAY_s0,UPDATE_COMPARISON-ORIGIN-0014-origin3,ORIGIN,34,34,34,1.0,1,18
gemma,CANONICAL_REPLAY_s0,UPDATE_COMPARISON-ORIGIN-0015-origin0,ORIGIN,34,34,34,1.0,1,11
gemma,CANONICAL_REPLAY_s0,UPDATE_COMPARISON-ORIGIN-0015-origin1,ORIGIN,34,34,34,1.0,1,11
gemma,CANONICAL_REPLAY_s0,UPDATE_COMPARISON-ORIGIN-0015-origin2,ORIGIN,34,34,34,1.0,1,18
gemma,CANONICAL_REPLAY_s0,UPDATE_COMPARISON-ORIGIN-0015-origin3,ORIGIN,34,34,33,0.9705882352941176,0,19
gemma,CANONICAL_REPLAY_s0,UPDATE_COMPARISON-ORIGIN-0016-origin0,ORIGIN,34,34,34,1.0,1,3
gemma,CANONICAL_REPLAY_s0,UPDATE_COMPARISON-ORIGIN-0016-origin1,ORIGIN,34,34,34,1.0,1,8
gemma,CANONICAL_REPLAY_s0,UPDATE_COMPARISON-ORIGIN-0016-origin2,ORIGIN,34,34,33,0.9705882352941176,0,13
gemma,CANONICAL_REPLAY_s0,UPDATE_COMPARISON-ORIGIN-0016-origin3,ORIGIN,34,34,32,0.9411764705882353,0,12
gemma,CANONICAL_REPLAY_s0,UPDATE_COMPARISON-ORIGIN-0017-origin0,ORIGIN,34,34,34,1.0,1,2
gemma,CANONICAL_REPLAY_s0,UPDATE_COMPARISON-ORIGIN-0017-origin1,ORIGIN,34,34,34,1.0,1,3
gemma,CANONICAL_REPLAY_s0,UPDATE_COMPARISON-ORIGIN-0017-origin2,ORIGIN,34,34,34,1.0,1,11
gemma,CANONICAL_REPLAY_s0,UPDATE_COMPARISON-ORIGIN-0017-origin3,ORIGIN,34,34,34,1.0,1,14
gemma,CANONICAL_REPLAY_s0,UPDATE_COMPARISON-ORIGIN-0018-origin0,ORIGIN,34,34,34,1.0,1,6
gemma,CANONICAL_REPLAY_s0,UPDATE_COMPARISON-ORIGIN-0018-origin1,ORIGIN,34,34,34,1.0,1,12
gemma,CANONICAL_REPLAY_s0,UPDATE_COMPARISON-ORIGIN-0018-origin2,ORIGIN,34,34,33,0.9705882352941176,0,13
gemma,CANONICAL_REPLAY_s0,UPDATE_COMPARISON-ORIGIN-0018-origin3,ORIGIN,34,34,32,0.9411764705882353,0,16
gemma,CANONICAL_REPLAY_s0,UPDATE_COMPARISON-ORIGIN-0019-origin0,ORIGIN,34,34,34,1.0,1,1
gemma,CANONICAL_REPLAY_s0,UPDATE_COMPARISON-ORIGIN-0019-origin1,ORIGIN,34,34,34,1.0,1,6
gemma,CANONICAL_REPLAY_s0,UPDATE_COMPARISON-ORIGIN-0019-origin2,ORIGIN,34,34,34,1.0,1,11
gemma,CANONICAL_REPLAY_s0,UPDATE_COMPARISON-ORIGIN-0019-origin3,ORIGIN,34,34,34,1.0,1,13
gemma,CANONICAL_REPLAY_s0,UPDATE_COMPARISON-ORIGIN-0020-origin0,ORIGIN,34,34,34,1.0,1,0
gemma,CANONICAL_REPLAY_s0,UPDATE_COMPARISON-ORIGIN-0020-origin1,ORIGIN,34,34,34,1.0,1,12
gemma,CANONICAL_REPLAY_s0,UPDATE_COMPARISON-ORIGIN-0020-origin2,ORIGIN,34,34,34,1.0,1,14
gemma,CANONICAL_REPLAY_s0,UPDATE_COMPARISON-ORIGIN-0020-origin3,ORIGIN,34,34,34,1.0,1,12
gemma,CANONICAL_REPLAY_s0,UPDATE_COMPARISON-ORIGIN-0021-origin0,ORIGIN,34,34,34,1.0,1,7
gemma,CANONICAL_REPLAY_s0,UPDATE_COMPARISON-ORIGIN-0021-origin1,ORIGIN,34,34,34,1.0,1,15
gemma,CANONICAL_REPLAY_s0,UPDATE_COMPARISON-ORIGIN-0021-origin2,ORIGIN,34,34,34,1.0,1,14
gemma,CANONICAL_REPLAY_s0,UPDATE_COMPARISON-ORIGIN-0021-origin3,ORIGIN,34,34,34,1.0,1,16
gemma,CANONICAL_REPLAY_s0,UPDATE_COMPARISON-ORIGIN-0022-origin0,ORIGIN,34,34,34,1.0,1,2
gemma,CANONICAL_REPLAY_s0,UPDATE_COMPARISON-ORIGIN-0022-origin1,ORIGIN,34,34,34,1.0,1,10
gemma,CANONICAL_REPLAY_s0,UPDATE_COMPARISON-ORIGIN-0022-origin2,ORIGIN,34,34,34,1.0,1,14
gemma,CANONICAL_REPLAY_s0,UPDATE_COMPARISON-ORIGIN-0022-origin3,ORIGIN,34,34,34,1.0,1,14
gemma,CANONICAL_REPLAY_s0,UPDATE_COMPARISON-ORIGIN-0023-origin0,ORIGIN,34,34,34,1.0,1,0
gemma,CANONICAL_REPLAY_s0,UPDATE_COMPARISON-ORIGIN-0023-origin1,ORIGIN,34,34,34,1.0,1,12
gemma,CANONICAL_REPLAY_s0,UPDATE_COMPARISON-ORIGIN-0023-origin2,ORIGIN,34,34,34,1.0,1,13
gemma,CANONICAL_REPLAY_s0,UPDATE_COMPARISON-ORIGIN-0023-origin3,ORIGIN,34,34,33,0.9705882352941176,0,13
gemma,CANONICAL_REPLAY_s0,UPDATE_COMPARISON-ORIGIN-0024-origin0,ORIGIN,34,34,34,1.0,1,2
gemma,CANONICAL_REPLAY_s0,UPDATE_COMPARISON-ORIGIN-0024-origin1,ORIGIN,34,34,34,1.0,1,12
gemma,CANONICAL_REPLAY_s0,UPDATE_COMPARISON-ORIGIN-0024-origin2,ORIGIN,34,34,33,0.9705882352941176,0,17
gemma,CANONICAL_REPLAY_s0,UPDATE_COMPARISON-ORIGIN-0024-origin3,ORIGIN,34,34,34,1.0,1,17
gemma,CANONICAL_REPLAY_s0,UPDATE_COMPARISON-ORIGIN-0025-origin0,ORIGIN,34,34,34,1.0,1,1
gemma,CANONICAL_REPLAY_s0,UPDATE_COMPARISON-ORIGIN-0025-origin1,ORIGIN,34,34,34,1.0,1,12
gemma,CANONICAL_REPLAY_s0,UPDATE_COMPARISON-ORIGIN-0025-origin2,ORIGIN,34,34,31,0.9117647058823529,0,14
gemma,CANONICAL_REPLAY_s0,UPDATE_COMPARISON-ORIGIN-0025-origin3,ORIGIN,34,34,32,0.9411764705882353,0,15
gemma,CANONICAL_REPLAY_s0,UPDATE_COMPARISON-ORIGIN-0026-origin0,ORIGIN,34,34,34,1.0,1,2
gemma,CANONICAL_REPLAY_s0,UPDATE_COMPARISON-ORIGIN-0026-origin1,ORIGIN,34,34,34,1.0,1,11
gemma,CANONICAL_REPLAY_s0,UPDATE_COMPARISON-ORIGIN-0026-origin2,ORIGIN,34,34,34,1.0,1,19
gemma,CANONICAL_REPLAY_s0,UPDATE_COMPARISON-ORIGIN-0026-origin3,ORIGIN,34,34,34,1.0,1,17
gemma,CANONICAL_REPLAY_s0,UPDATE_COMPARISON-ORIGIN-0027-origin0,ORIGIN,34,34,34,1.0,1,11
gemma,CANONICAL_REPLAY_s0,UPDATE_COMPARISON-ORIGIN-0027-origin1,ORIGIN,34,34,34,1.0,1,12
gemma,CANONICAL_REPLAY_s0,UPDATE_COMPARISON-ORIGIN-0027-origin2,ORIGIN,34,34,32,0.9411764705882353,0,14
gemma,CANONICAL_REPLAY_s0,UPDATE_COMPARISON-ORIGIN-0027-origin3,ORIGIN,34,34,32,0.9411764705882353,0,16
gemma,CANONICAL_REPLAY_s0,UPDATE_COMPARISON-ORIGIN-0028-origin0,ORIGIN,34,34,34,1.0,1,0
gemma,CANONICAL_REPLAY_s0,UPDATE_COMPARISON-ORIGIN-0028-origin1,ORIGIN,34,34,34,1.0,1,10
gemma,CANONICAL_REPLAY_s0,UPDATE_COMPARISON-ORIGIN-0028-origin2,ORIGIN,34,34,34,1.0,1,20
gemma,CANONICAL_REPLAY_s0,UPDATE_COMPARISON-ORIGIN-0028-origin3,ORIGIN,34,34,34,1.0,1,22
gemma,CANONICAL_REPLAY_s0,UPDATE_COMPARISON-ORIGIN-0029-origin0,ORIGIN,34,34,32,0.9411764705882353,0,2
gemma,CANONICAL_REPLAY_s0,UPDATE_COMPARISON-ORIGIN-0029-origin1,ORIGIN,34,34,32,0.9411764705882353,0,2
gemma,CANONICAL_REPLAY_s0,UPDATE_COMPARISON-ORIGIN-0029-origin2,ORIGIN,34,34,33,0.9705882352941176,0,28
gemma,CANONICAL_REPLAY_s0,UPDATE_COMPARISON-ORIGIN-0029-origin3,ORIGIN,34,34,34,1.0,1,26
gemma,CANONICAL_REPLAY_s0,UPDATE_COMPARISON-ORIGIN-0030-origin0,ORIGIN,34,34,34,1.0,1,0
gemma,CANONICAL_REPLAY_s0,UPDATE_COMPARISON-ORIGIN-0030-origin1,ORIGIN,34,34,34,1.0,1,12
gemma,CANONICAL_REPLAY_s0,UPDATE_COMPARISON-ORIGIN-0030-origin2,ORIGIN,34,34,34,1.0,1,19
gemma,CANONICAL_REPLAY_s0,UPDATE_COMPARISON-ORIGIN-0030-origin3,ORIGIN,34,34,34,1.0,1,25
gemma,CANONICAL_REPLAY_s0,UPDATE_COMPARISON-ORIGIN-0031-origin0,ORIGIN,34,34,34,1.0,1,0
gemma,CANONICAL_REPLAY_s0,UPDATE_COMPARISON-ORIGIN-0031-origin1,ORIGIN,34,34,34,1.0,1,10
gemma,CANONICAL_REPLAY_s0,UPDATE_COMPARISON-ORIGIN-0031-origin2,ORIGIN,34,34,34,1.0,1,23
gemma,CANONICAL_REPLAY_s0,UPDATE_COMPARISON-ORIGIN-0031-origin3,ORIGIN,34,34,34,1.0,1,22
gemma,CANONICAL_REPLAY_s0,UPDATE_COMPARISON-ORIGIN-0032-origin0,ORIGIN,34,34,34,1.0,1,1
gemma,CANONICAL_REPLAY_s0,UPDATE_COMPARISON-ORIGIN-0032-origin1,ORIGIN,34,34,34,1.0,1,13
gemma,CANONICAL_REPLAY_s0,UPDATE_COMPARISON-ORIGIN-0032-origin2,ORIGIN,34,34,34,1.0,1,16
gemma,CANONICAL_REPLAY_s0,UPDATE_COMPARISON-ORIGIN-0032-origin3,ORIGIN,34,34,34,1.0,1,22
gemma,CANONICAL_REPLAY_s0,UPDATE_COMPARISON-ORIGIN-0033-origin0,ORIGIN,34,34,34,1.0,1,2
gemma,CANONICAL_REPLAY_s0,UPDATE_COMPARISON-ORIGIN-0033-origin1,ORIGIN,34,34,34,1.0,1,12
gemma,CANONICAL_REPLAY_s0,UPDATE_COMPARISON-ORIGIN-0033-origin2,ORIGIN,34,34,34,1.0,1,16
gemma,CANONICAL_REPLAY_s0,UPDATE_COMPARISON-ORIGIN-0033-origin3,ORIGIN,34,34,34,1.0,1,22
gemma,CANONICAL_REPLAY_s0,UPDATE_COMPARISON-ORIGIN-0034-origin0,ORIGIN,34,34,34,1.0,1,0
gemma,CANONICAL_REPLAY_s0,UPDATE_COMPARISON-ORIGIN-0034-origin1,ORIGIN,34,34,34,1.0,1,5
gemma,CANONICAL_REPLAY_s0,UPDATE_COMPARISON-ORIGIN-0034-origin2,ORIGIN,34,34,34,1.0,1,16
gemma,CANONICAL_REPLAY_s0,UPDATE_COMPARISON-ORIGIN-0034-origin3,ORIGIN,34,34,34,1.0,1,19
gemma,CANONICAL_REPLAY_s0,UPDATE_COMPARISON-ORIGIN-0035-origin0,ORIGIN,34,34,32,0.9411764705882353,0,7
gemma,CANONICAL_REPLAY_s0,UPDATE_COMPARISON-ORIGIN-0035-origin1,ORIGIN,34,34,30,0.8823529411764706,0,10
gemma,CANONICAL_REPLAY_s0,UPDATE_COMPARISON-ORIGIN-0035-origin2,ORIGIN,34,34,32,0.9411764705882353,0,13
gemma,CANONICAL_REPLAY_s0,UPDATE_COMPARISON-ORIGIN-0035-origin3,ORIGIN,34,34,30,0.8823529411764706,0,22
gemma,CANONICAL_REPLAY_s0,UPDATE_COMPARISON-ORIGIN-0036-origin0,ORIGIN,34,34,33,0.9705882352941176,0,4
gemma,CANONICAL_REPLAY_s0,UPDATE_COMPARISON-ORIGIN-0036-origin1,ORIGIN,34,34,33,0.9705882352941176,0,11
gemma,CANONICAL_REPLAY_s0,UPDATE_COMPARISON-ORIGIN-0036-origin2,ORIGIN,34,34,33,0.9705882352941176,0,17
gemma,CANONICAL_REPLAY_s0,UPDATE_COMPARISON-ORIGIN-0036-origin3,ORIGIN,34,34,33,0.9705882352941176,0,16
gemma,CANONICAL_REPLAY_s0,UPDATE_COMPARISON-ORIGIN-0037-origin0,ORIGIN,34,34,34,1.0,1,3
gemma,CANONICAL_REPLAY_s0,UPDATE_COMPARISON-ORIGIN-0037-origin1,ORIGIN,34,34,34,1.0,1,11
gemma,CANONICAL_REPLAY_s0,UPDATE_COMPARISON-ORIGIN-0037-origin2,ORIGIN,34,34,34,1.0,1,15
gemma,CANONICAL_REPLAY_s0,UPDATE_COMPARISON-ORIGIN-0037-origin3,ORIGIN,34,34,33,0.9705882352941176,0,17
gemma,CANONICAL_REPLAY_s0,UPDATE_COMPARISON-ORIGIN-0038-origin0,ORIGIN,34,34,34,1.0,1,4
gemma,CANONICAL_REPLAY_s0,UPDATE_COMPARISON-ORIGIN-0038-origin1,ORIGIN,34,34,34,1.0,1,11
gemma,CANONICAL_REPLAY_s0,UPDATE_COMPARISON-ORIGIN-0038-origin2,ORIGIN,34,34,34,1.0,1,15
gemma,CANONICAL_REPLAY_s0,UPDATE_COMPARISON-ORIGIN-0038-origin3,ORIGIN,34,34,34,1.0,1,16
gemma,CANONICAL_REPLAY_s0,UPDATE_COMPARISON-ORIGIN-0039-origin0,ORIGIN,34,34,34,1.0,1,2
gemma,CANONICAL_REPLAY_s0,UPDATE_COMPARISON-ORIGIN-0039-origin1,ORIGIN,34,34,34,1.0,1,9
gemma,CANONICAL_REPLAY_s0,UPDATE_COMPARISON-ORIGIN-0039-origin2,ORIGIN,34,34,34,1.0,1,14
gemma,CANONICAL_REPLAY_s0,UPDATE_COMPARISON-ORIGIN-0039-origin3,ORIGIN,34,34,34,1.0,1,14
gemma,CANONICAL_REPLAY_s0,UPDATE_COMPARISON-ORIGIN-0040-origin0,ORIGIN,34,34,34,1.0,1,2
gemma,CANONICAL_REPLAY_s0,UPDATE_COMPARISON-ORIGIN-0040-origin1,ORIGIN,34,34,34,1.0,1,8
gemma,CANONICAL_REPLAY_s0,UPDATE_COMPARISON-ORIGIN-0040-origin2,ORIGIN,34,34,33,0.9705882352941176,0,17
gemma,CANONICAL_REPLAY_s0,UPDATE_COMPARISON-ORIGIN-0040-origin3,ORIGIN,34,34,33,0.9705882352941176,0,13
gemma,CANONICAL_REPLAY_s0,UPDATE_COMPARISON-ORIGIN-0041-origin0,ORIGIN,34,34,34,1.0,1,4
gemma,CANONICAL_REPLAY_s0,UPDATE_COMPARISON-ORIGIN-0041-origin1,ORIGIN,34,34,34,1.0,1,12
gemma,CANONICAL_REPLAY_s0,UPDATE_COMPARISON-ORIGIN-0041-origin2,ORIGIN,34,34,34,1.0,1,13
gemma,CANONICAL_REPLAY_s0,UPDATE_COMPARISON-ORIGIN-0041-origin3,ORIGIN,34,34,32,0.9411764705882353,0,12
gemma,CANONICAL_REPLAY_s0,UPDATE_COMPARISON-ORIGIN-0042-origin0,ORIGIN,34,34,34,1.0,1,2
gemma,CANONICAL_REPLAY_s0,UPDATE_COMPARISON-ORIGIN-0042-origin1,ORIGIN,34,34,34,1.0,1,12
gemma,CANONICAL_REPLAY_s0,UPDATE_COMPARISON-ORIGIN-0042-origin2,ORIGIN,34,34,34,1.0,1,12
gemma,CANONICAL_REPLAY_s0,UPDATE_COMPARISON-ORIGIN-0042-origin3,ORIGIN,34,34,33,0.9705882352941176,0,15
gemma,CANONICAL_REPLAY_s0,UPDATE_COMPARISON-ORIGIN-0043-origin0,ORIGIN,34,34,34,1.0,1,0
gemma,CANONICAL_REPLAY_s0,UPDATE_COMPARISON-ORIGIN-0043-origin1,ORIGIN,34,34,34,1.0,1,6
gemma,CANONICAL_REPLAY_s0,UPDATE_COMPARISON-ORIGIN-0043-origin2,ORIGIN,34,34,34,1.0,1,13
gemma,CANONICAL_REPLAY_s0,UPDATE_COMPARISON-ORIGIN-0043-origin3,ORIGIN,34,34,34,1.0,1,15
gemma,CANONICAL_REPLAY_s0,UPDATE_COMPARISON-ORIGIN-0044-origin0,ORIGIN,34,34,32,0.9411764705882353,0,6
gemma,CANONICAL_REPLAY_s0,UPDATE_COMPARISON-ORIGIN-0044-origin1,ORIGIN,34,34,33,0.9705882352941176,0,9
gemma,CANONICAL_REPLAY_s0,UPDATE_COMPARISON-ORIGIN-0044-origin2,ORIGIN,34,34,34,1.0,1,14
gemma,CANONICAL_REPLAY_s0,UPDATE_COMPARISON-ORIGIN-0044-origin3,ORIGIN,34,34,34,1.0,1,18
gemma,CANONICAL_REPLAY_s0,UPDATE_COMPARISON-ORIGIN-0045-origin0,ORIGIN,34,34,34,1.0,1,0
gemma,CANONICAL_REPLAY_s0,UPDATE_COMPARISON-ORIGIN-0045-origin1,ORIGIN,34,34,34,1.0,1,7
gemma,CANONICAL_REPLAY_s0,UPDATE_COMPARISON-ORIGIN-0045-origin2,ORIGIN,34,34,34,1.0,1,11
gemma,CANONICAL_REPLAY_s0,UPDATE_COMPARISON-ORIGIN-0045-origin3,ORIGIN,34,34,34,1.0,1,18
gemma,CANONICAL_REPLAY_s0,UPDATE_COMPARISON-ORIGIN-0046-origin0,ORIGIN,34,34,34,1.0,1,2
gemma,CANONICAL_REPLAY_s0,UPDATE_COMPARISON-ORIGIN-0046-origin1,ORIGIN,34,34,33,0.9705882352941176,0,9
gemma,CANONICAL_REPLAY_s0,UPDATE_COMPARISON-ORIGIN-0046-origin2,ORIGIN,34,34,34,1.0,1,14
gemma,CANONICAL_REPLAY_s0,UPDATE_COMPARISON-ORIGIN-0046-origin3,ORIGIN,34,34,34,1.0,1,20
gemma,CANONICAL_REPLAY_s0,UPDATE_COMPARISON-ORIGIN-0047-origin0,ORIGIN,34,34,34,1.0,1,1
gemma,CANONICAL_REPLAY_s0,UPDATE_COMPARISON-ORIGIN-0047-origin1,ORIGIN,34,34,34,1.0,1,7
gemma,CANONICAL_REPLAY_s0,UPDATE_COMPARISON-ORIGIN-0047-origin2,ORIGIN,34,34,34,1.0,1,16
gemma,CANONICAL_REPLAY_s0,UPDATE_COMPARISON-ORIGIN-0047-origin3,ORIGIN,34,34,34,1.0,1,18
gemma,CANONICAL_REPLAY_s0,UPDATE_COMPARISON-ORIGIN-0048-origin0,ORIGIN,34,34,30,0.8823529411764706,0,3
gemma,CANONICAL_REPLAY_s0,UPDATE_COMPARISON-ORIGIN-0048-origin1,ORIGIN,34,34,33,0.9705882352941176,0,13
gemma,CANONICAL_REPLAY_s0,UPDATE_COMPARISON-ORIGIN-0048-origin2,ORIGIN,34,34,30,0.8823529411764706,0,14
gemma,CANONICAL_REPLAY_s0,UPDATE_COMPARISON-ORIGIN-0048-origin3,ORIGIN,34,34,33,0.9705882352941176,0,16
gemma,CANONICAL_REPLAY_s0,UPDATE_COMPARISON-ORIGIN-0049-origin0,ORIGIN,34,34,33,0.9705882352941176,0,2
gemma,CANONICAL_REPLAY_s0,UPDATE_COMPARISON-ORIGIN-0049-origin1,ORIGIN,34,34,34,1.0,1,4
gemma,CANONICAL_REPLAY_s0,UPDATE_COMPARISON-ORIGIN-0049-origin2,ORIGIN,34,34,33,0.9705882352941176,0,12
gemma,CANONICAL_REPLAY_s0,UPDATE_COMPARISON-ORIGIN-0049-origin3,ORIGIN,34,34,34,1.0,1,14
gemma,CANONICAL_REPLAY_s0,UPDATE_COMPARISON-ORIGIN-0050-origin0,ORIGIN,34,34,32,0.9411764705882353,0,5
gemma,CANONICAL_REPLAY_s0,UPDATE_COMPARISON-ORIGIN-0050-origin1,ORIGIN,34,34,34,1.0,1,11
gemma,CANONICAL_REPLAY_s0,UPDATE_COMPARISON-ORIGIN-0050-origin2,ORIGIN,34,34,32,0.9411764705882353,0,14
gemma,CANONICAL_REPLAY_s0,UPDATE_COMPARISON-ORIGIN-0050-origin3,ORIGIN,34,34,33,0.9705882352941176,0,17
gemma,CANONICAL_REPLAY_s0,UPDATE_COMPARISON-ORIGIN-0051-origin0,ORIGIN,34,34,32,0.9411764705882353,0,2
gemma,CANONICAL_REPLAY_s0,UPDATE_COMPARISON-ORIGIN-0051-origin1,ORIGIN,34,34,32,0.9411764705882353,0,9
gemma,CANONICAL_REPLAY_s0,UPDATE_COMPARISON-ORIGIN-0051-origin2,ORIGIN,34,34,32,0.9411764705882353,0,11
gemma,CANONICAL_REPLAY_s0,UPDATE_COMPARISON-ORIGIN-0051-origin3,ORIGIN,34,34,31,0.9117647058823529,0,15
gemma,CANONICAL_REPLAY_s0,UPDATE_COMPARISON-ORIGIN-0052-origin0,ORIGIN,34,34,34,1.0,1,4
gemma,CANONICAL_REPLAY_s0,UPDATE_COMPARISON-ORIGIN-0052-origin1,ORIGIN,34,34,34,1.0,1,6
gemma,CANONICAL_REPLAY_s0,UPDATE_COMPARISON-ORIGIN-0052-origin2,ORIGIN,34,34,34,1.0,1,14
gemma,CANONICAL_REPLAY_s0,UPDATE_COMPARISON-ORIGIN-0052-origin3,ORIGIN,34,34,34,1.0,1,17
gemma,CANONICAL_REPLAY_s0,UPDATE_COMPARISON-ORIGIN-0053-origin0,ORIGIN,34,34,33,0.9705882352941176,0,3
gemma,CANONICAL_REPLAY_s0,UPDATE_COMPARISON-ORIGIN-0053-origin1,ORIGIN,34,34,34,1.0,1,10
gemma,CANONICAL_REPLAY_s0,UPDATE_COMPARISON-ORIGIN-0053-origin2,ORIGIN,34,34,30,0.8823529411764706,0,9
gemma,CANONICAL_REPLAY_s0,UPDATE_COMPARISON-ORIGIN-0053-origin3,ORIGIN,34,34,30,0.8823529411764706,0,13
gemma,CANONICAL_REPLAY_s0,UPDATE_COMPARISON-ORIGIN-0054-origin0,ORIGIN,34,34,34,1.0,1,4
gemma,CANONICAL_REPLAY_s0,UPDATE_COMPARISON-ORIGIN-0054-origin1,ORIGIN,34,34,34,1.0,1,11
gemma,CANONICAL_REPLAY_s0,UPDATE_COMPARISON-ORIGIN-0054-origin2,ORIGIN,34,34,34,1.0,1,18
gemma,CANONICAL_REPLAY_s0,UPDATE_COMPARISON-ORIGIN-0054-origin3,ORIGIN,34,34,34,1.0,1,16
gemma,CANONICAL_REPLAY_s0,UPDATE_COMPARISON-ORIGIN-0055-origin0,ORIGIN,34,34,34,1.0,1,3
gemma,CANONICAL_REPLAY_s0,UPDATE_COMPARISON-ORIGIN-0055-origin1,ORIGIN,34,34,34,1.0,1,8
gemma,CANONICAL_REPLAY_s0,UPDATE_COMPARISON-ORIGIN-0055-origin2,ORIGIN,34,34,34,1.0,1,13
gemma,CANONICAL_REPLAY_s0,UPDATE_COMPARISON-ORIGIN-0055-origin3,ORIGIN,34,34,34,1.0,1,14
gemma,CANONICAL_REPLAY_s0,UPDATE_COMPARISON-ORIGIN-0056-origin0,ORIGIN,34,34,34,1.0,1,0
gemma,CANONICAL_REPLAY_s0,UPDATE_COMPARISON-ORIGIN-0056-origin1,ORIGIN,34,34,34,1.0,1,11
gemma,CANONICAL_REPLAY_s0,UPDATE_COMPARISON-ORIGIN-0056-origin2,ORIGIN,34,34,31,0.9117647058823529,0,15
gemma,CANONICAL_REPLAY_s0,UPDATE_COMPARISON-ORIGIN-0056-origin3,ORIGIN,34,34,34,1.0,1,16
gemma,CANONICAL_REPLAY_s0,UPDATE_COMPARISON-ORIGIN-0057-origin0,ORIGIN,34,34,33,0.9705882352941176,0,3
gemma,CANONICAL_REPLAY_s0,UPDATE_COMPARISON-ORIGIN-0057-origin1,ORIGIN,34,34,34,1.0,1,12
gemma,CANONICAL_REPLAY_s0,UPDATE_COMPARISON-ORIGIN-0057-origin2,ORIGIN,34,34,31,0.9117647058823529,0,19
gemma,CANONICAL_REPLAY_s0,UPDATE_COMPARISON-ORIGIN-0057-origin3,ORIGIN,34,34,31,0.9117647058823529,0,21
gemma,CANONICAL_REPLAY_s0,UPDATE_COMPARISON-ORIGIN-0058-origin0,ORIGIN,34,34,34,1.0,1,1
gemma,CANONICAL_REPLAY_s0,UPDATE_COMPARISON-ORIGIN-0058-origin1,ORIGIN,34,34,34,1.0,1,10
gemma,CANONICAL_REPLAY_s0,UPDATE_COMPARISON-ORIGIN-0058-origin2,ORIGIN,34,34,34,1.0,1,16
gemma,CANONICAL_REPLAY_s0,UPDATE_COMPARISON-ORIGIN-0058-origin3,ORIGIN,34,34,34,1.0,1,18
gemma,CANONICAL_REPLAY_s0,UPDATE_COMPARISON-ORIGIN-0059-origin0,ORIGIN,34,34,34,1.0,1,0
gemma,CANONICAL_REPLAY_s0,UPDATE_COMPARISON-ORIGIN-0059-origin1,ORIGIN,34,34,33,0.9705882352941176,0,4
gemma,CANONICAL_REPLAY_s0,UPDATE_COMPARISON-ORIGIN-0059-origin2,ORIGIN,34,34,34,1.0,1,14
gemma,CANONICAL_REPLAY_s0,UPDATE_COMPARISON-ORIGIN-0059-origin3,ORIGIN,34,34,34,1.0,1,12
gemma,CANONICAL_REPLAY_s0,UPDATE_COMPARISON-ORIGIN-0060-origin0,ORIGIN,34,34,34,1.0,1,4
gemma,CANONICAL_REPLAY_s0,UPDATE_COMPARISON-ORIGIN-0060-origin1,ORIGIN,34,34,34,1.0,1,10
gemma,CANONICAL_REPLAY_s0,UPDATE_COMPARISON-ORIGIN-0060-origin2,ORIGIN,34,34,34,1.0,1,18
gemma,CANONICAL_REPLAY_s0,UPDATE_COMPARISON-ORIGIN-0060-origin3,ORIGIN,34,34,34,1.0,1,23
gemma,CANONICAL_REPLAY_s0,UPDATE_COMPARISON-ORIGIN-0061-origin0,ORIGIN,34,34,34,1.0,1,0
gemma,CANONICAL_REPLAY_s0,UPDATE_COMPARISON-ORIGIN-0061-origin1,ORIGIN,34,34,34,1.0,1,11
gemma,CANONICAL_REPLAY_s0,UPDATE_COMPARISON-ORIGIN-0061-origin2,ORIGIN,34,34,34,1.0,1,26
gemma,CANONICAL_REPLAY_s0,UPDATE_COMPARISON-ORIGIN-0061-origin3,ORIGIN,34,34,34,1.0,1,20
gemma,CANONICAL_REPLAY_s0,UPDATE_COMPARISON-ORIGIN-0062-origin0,ORIGIN,34,34,34,1.0,1,0
gemma,CANONICAL_REPLAY_s0,UPDATE_COMPARISON-ORIGIN-0062-origin1,ORIGIN,34,34,34,1.0,1,12
gemma,CANONICAL_REPLAY_s0,UPDATE_COMPARISON-ORIGIN-0062-origin2,ORIGIN,34,34,34,1.0,1,24
gemma,CANONICAL_REPLAY_s0,UPDATE_COMPARISON-ORIGIN-0062-origin3,ORIGIN,34,34,34,1.0,1,22
gemma,CANONICAL_REPLAY_s0,UPDATE_COMPARISON-ORIGIN-0063-origin0,ORIGIN,34,34,34,1.0,1,1
gemma,CANONICAL_REPLAY_s0,UPDATE_COMPARISON-ORIGIN-0063-origin1,ORIGIN,34,34,32,0.9411764705882353,0,2
gemma,CANONICAL_REPLAY_s0,UPDATE_COMPARISON-ORIGIN-0063-origin2,ORIGIN,34,34,34,1.0,1,20
gemma,CANONICAL_REPLAY_s0,UPDATE_COMPARISON-ORIGIN-0063-origin3,ORIGIN,34,34,32,0.9411764705882353,0,20
gemma,CANONICAL_REPLAY_s1,UPDATE_COMPARISON-ORIGIN-0000-origin0,ORIGIN,34,34,34,1.0,1,3
gemma,CANONICAL_REPLAY_s1,UPDATE_COMPARISON-ORIGIN-0000-origin1,ORIGIN,34,34,32,0.9411764705882353,0,11
gemma,CANONICAL_REPLAY_s1,UPDATE_COMPARISON-ORIGIN-0000-origin2,ORIGIN,34,34,32,0.9411764705882353,0,16
gemma,CANONICAL_REPLAY_s1,UPDATE_COMPARISON-ORIGIN-0000-origin3,ORIGIN,34,34,31,0.9117647058823529,0,19
gemma,CANONICAL_REPLAY_s1,UPDATE_COMPARISON-ORIGIN-0001-origin0,ORIGIN,34,34,34,1.0,1,4
gemma,CANONICAL_REPLAY_s1,UPDATE_COMPARISON-ORIGIN-0001-origin1,ORIGIN,34,34,34,1.0,1,12
gemma,CANONICAL_REPLAY_s1,UPDATE_COMPARISON-ORIGIN-0001-origin2,ORIGIN,34,34,34,1.0,1,20
gemma,CANONICAL_REPLAY_s1,UPDATE_COMPARISON-ORIGIN-0001-origin3,ORIGIN,34,34,32,0.9411764705882353,0,20
gemma,CANONICAL_REPLAY_s1,UPDATE_COMPARISON-ORIGIN-0002-origin0,ORIGIN,34,34,34,1.0,1,0
gemma,CANONICAL_REPLAY_s1,UPDATE_COMPARISON-ORIGIN-0002-origin1,ORIGIN,34,34,34,1.0,1,11
gemma,CANONICAL_REPLAY_s1,UPDATE_COMPARISON-ORIGIN-0002-origin2,ORIGIN,34,34,34,1.0,1,18
gemma,CANONICAL_REPLAY_s1,UPDATE_COMPARISON-ORIGIN-0002-origin3,ORIGIN,34,34,34,1.0,1,18
gemma,CANONICAL_REPLAY_s1,UPDATE_COMPARISON-ORIGIN-0003-origin0,ORIGIN,34,34,34,1.0,1,6
gemma,CANONICAL_REPLAY_s1,UPDATE_COMPARISON-ORIGIN-0003-origin1,ORIGIN,34,34,34,1.0,1,7
gemma,CANONICAL_REPLAY_s1,UPDATE_COMPARISON-ORIGIN-0003-origin2,ORIGIN,34,34,34,1.0,1,15
gemma,CANONICAL_REPLAY_s1,UPDATE_COMPARISON-ORIGIN-0003-origin3,ORIGIN,34,34,33,0.9705882352941176,0,14
gemma,CANONICAL_REPLAY_s1,UPDATE_COMPARISON-ORIGIN-0004-origin0,ORIGIN,34,34,33,0.9705882352941176,0,4
gemma,CANONICAL_REPLAY_s1,UPDATE_COMPARISON-ORIGIN-0004-origin1,ORIGIN,34,34,33,0.9705882352941176,0,10
gemma,CANONICAL_REPLAY_s1,UPDATE_COMPARISON-ORIGIN-0004-origin2,ORIGIN,34,34,28,0.8235294117647058,0,10
gemma,CANONICAL_REPLAY_s1,UPDATE_COMPARISON-ORIGIN-0004-origin3,ORIGIN,34,34,30,0.8823529411764706,0,16
gemma,CANONICAL_REPLAY_s1,UPDATE_COMPARISON-ORIGIN-0005-origin0,ORIGIN,34,34,34,1.0,1,7
gemma,CANONICAL_REPLAY_s1,UPDATE_COMPARISON-ORIGIN-0005-origin1,ORIGIN,34,34,34,1.0,1,11
gemma,CANONICAL_REPLAY_s1,UPDATE_COMPARISON-ORIGIN-0005-origin2,ORIGIN,34,34,33,0.9705882352941176,0,13
gemma,CANONICAL_REPLAY_s1,UPDATE_COMPARISON-ORIGIN-0005-origin3,ORIGIN,34,34,34,1.0,1,12
gemma,CANONICAL_REPLAY_s1,UPDATE_COMPARISON-ORIGIN-0006-origin0,ORIGIN,34,34,34,1.0,1,0
gemma,CANONICAL_REPLAY_s1,UPDATE_COMPARISON-ORIGIN-0006-origin1,ORIGIN,34,34,34,1.0,1,7
gemma,CANONICAL_REPLAY_s1,UPDATE_COMPARISON-ORIGIN-0006-origin2,ORIGIN,34,34,34,1.0,1,18
gemma,CANONICAL_REPLAY_s1,UPDATE_COMPARISON-ORIGIN-0006-origin3,ORIGIN,34,34,34,1.0,1,11
gemma,CANONICAL_REPLAY_s1,UPDATE_COMPARISON-ORIGIN-0007-origin0,ORIGIN,34,34,33,0.9705882352941176,0,8
gemma,CANONICAL_REPLAY_s1,UPDATE_COMPARISON-ORIGIN-0007-origin1,ORIGIN,34,34,34,1.0,1,10
gemma,CANONICAL_REPLAY_s1,UPDATE_COMPARISON-ORIGIN-0007-origin2,ORIGIN,34,34,34,1.0,1,15
gemma,CANONICAL_REPLAY_s1,UPDATE_COMPARISON-ORIGIN-0007-origin3,ORIGIN,34,34,34,1.0,1,12
gemma,CANONICAL_REPLAY_s1,UPDATE_COMPARISON-ORIGIN-0008-origin0,ORIGIN,34,34,31,0.9117647058823529,0,6
gemma,CANONICAL_REPLAY_s1,UPDATE_COMPARISON-ORIGIN-0008-origin1,ORIGIN,34,34,32,0.9411764705882353,0,14
gemma,CANONICAL_REPLAY_s1,UPDATE_COMPARISON-ORIGIN-0008-origin2,ORIGIN,34,34,30,0.8823529411764706,0,11
gemma,CANONICAL_REPLAY_s1,UPDATE_COMPARISON-ORIGIN-0008-origin3,ORIGIN,34,34,31,0.9117647058823529,0,12
gemma,CANONICAL_REPLAY_s1,UPDATE_COMPARISON-ORIGIN-0009-origin0,ORIGIN,34,34,31,0.9117647058823529,0,10
gemma,CANONICAL_REPLAY_s1,UPDATE_COMPARISON-ORIGIN-0009-origin1,ORIGIN,34,34,29,0.8529411764705882,0,8
gemma,CANONICAL_REPLAY_s1,UPDATE_COMPARISON-ORIGIN-0009-origin2,ORIGIN,34,34,31,0.9117647058823529,0,13
gemma,CANONICAL_REPLAY_s1,UPDATE_COMPARISON-ORIGIN-0009-origin3,ORIGIN,34,34,30,0.8823529411764706,0,16
gemma,CANONICAL_REPLAY_s1,UPDATE_COMPARISON-ORIGIN-0010-origin0,ORIGIN,34,34,31,0.9117647058823529,0,3
gemma,CANONICAL_REPLAY_s1,UPDATE_COMPARISON-ORIGIN-0010-origin1,ORIGIN,34,34,30,0.8823529411764706,0,7
gemma,CANONICAL_REPLAY_s1,UPDATE_COMPARISON-ORIGIN-0010-origin2,ORIGIN,34,34,29,0.8529411764705882,0,9
gemma,CANONICAL_REPLAY_s1,UPDATE_COMPARISON-ORIGIN-0010-origin3,ORIGIN,34,34,28,0.8235294117647058,0,14
gemma,CANONICAL_REPLAY_s1,UPDATE_COMPARISON-ORIGIN-0011-origin0,ORIGIN,34,34,34,1.0,1,8
gemma,CANONICAL_REPLAY_s1,UPDATE_COMPARISON-ORIGIN-0011-origin1,ORIGIN,34,34,34,1.0,1,12
gemma,CANONICAL_REPLAY_s1,UPDATE_COMPARISON-ORIGIN-0011-origin2,ORIGIN,34,34,34,1.0,1,12
gemma,CANONICAL_REPLAY_s1,UPDATE_COMPARISON-ORIGIN-0011-origin3,ORIGIN,34,34,32,0.9411764705882353,0,14
gemma,CANONICAL_REPLAY_s1,UPDATE_COMPARISON-ORIGIN-0012-origin0,ORIGIN,34,34,34,1.0,1,0
gemma,CANONICAL_REPLAY_s1,UPDATE_COMPARISON-ORIGIN-0012-origin1,ORIGIN,34,34,34,1.0,1,8
gemma,CANONICAL_REPLAY_s1,UPDATE_COMPARISON-ORIGIN-0012-origin2,ORIGIN,34,34,34,1.0,1,14
gemma,CANONICAL_REPLAY_s1,UPDATE_COMPARISON-ORIGIN-0012-origin3,ORIGIN,34,34,34,1.0,1,14
gemma,CANONICAL_REPLAY_s1,UPDATE_COMPARISON-ORIGIN-0013-origin0,ORIGIN,34,34,34,1.0,1,0
gemma,CANONICAL_REPLAY_s1,UPDATE_COMPARISON-ORIGIN-0013-origin1,ORIGIN,34,34,32,0.9411764705882353,0,6
gemma,CANONICAL_REPLAY_s1,UPDATE_COMPARISON-ORIGIN-0013-origin2,ORIGIN,34,34,32,0.9411764705882353,0,12
gemma,CANONICAL_REPLAY_s1,UPDATE_COMPARISON-ORIGIN-0013-origin3,ORIGIN,34,34,30,0.8823529411764706,0,13
gemma,CANONICAL_REPLAY_s1,UPDATE_COMPARISON-ORIGIN-0014-origin0,ORIGIN,34,34,34,1.0,1,5
gemma,CANONICAL_REPLAY_s1,UPDATE_COMPARISON-ORIGIN-0014-origin1,ORIGIN,34,34,34,1.0,1,12
gemma,CANONICAL_REPLAY_s1,UPDATE_COMPARISON-ORIGIN-0014-origin2,ORIGIN,34,34,34,1.0,1,12
gemma,CANONICAL_REPLAY_s1,UPDATE_COMPARISON-ORIGIN-0014-origin3,ORIGIN,34,34,34,1.0,1,18
gemma,CANONICAL_REPLAY_s1,UPDATE_COMPARISON-ORIGIN-0015-origin0,ORIGIN,34,34,34,1.0,1,11
gemma,CANONICAL_REPLAY_s1,UPDATE_COMPARISON-ORIGIN-0015-origin1,ORIGIN,34,34,32,0.9411764705882353,0,11
gemma,CANONICAL_REPLAY_s1,UPDATE_COMPARISON-ORIGIN-0015-origin2,ORIGIN,34,34,32,0.9411764705882353,0,18
gemma,CANONICAL_REPLAY_s1,UPDATE_COMPARISON-ORIGIN-0015-origin3,ORIGIN,34,34,32,0.9411764705882353,0,18
gemma,CANONICAL_REPLAY_s1,UPDATE_COMPARISON-ORIGIN-0016-origin0,ORIGIN,34,34,32,0.9411764705882353,0,3
gemma,CANONICAL_REPLAY_s1,UPDATE_COMPARISON-ORIGIN-0016-origin1,ORIGIN,34,34,31,0.9117647058823529,0,7
gemma,CANONICAL_REPLAY_s1,UPDATE_COMPARISON-ORIGIN-0016-origin2,ORIGIN,34,34,33,0.9705882352941176,0,15
gemma,CANONICAL_REPLAY_s1,UPDATE_COMPARISON-ORIGIN-0016-origin3,ORIGIN,34,34,31,0.9117647058823529,0,13
gemma,CANONICAL_REPLAY_s1,UPDATE_COMPARISON-ORIGIN-0017-origin0,ORIGIN,34,34,31,0.9117647058823529,0,3
gemma,CANONICAL_REPLAY_s1,UPDATE_COMPARISON-ORIGIN-0017-origin1,ORIGIN,34,34,31,0.9117647058823529,0,4
gemma,CANONICAL_REPLAY_s1,UPDATE_COMPARISON-ORIGIN-0017-origin2,ORIGIN,34,34,32,0.9411764705882353,0,11
gemma,CANONICAL_REPLAY_s1,UPDATE_COMPARISON-ORIGIN-0017-origin3,ORIGIN,34,34,34,1.0,1,14
gemma,CANONICAL_REPLAY_s1,UPDATE_COMPARISON-ORIGIN-0018-origin0,ORIGIN,34,34,34,1.0,1,6
gemma,CANONICAL_REPLAY_s1,UPDATE_COMPARISON-ORIGIN-0018-origin1,ORIGIN,34,34,34,1.0,1,12
gemma,CANONICAL_REPLAY_s1,UPDATE_COMPARISON-ORIGIN-0018-origin2,ORIGIN,34,34,32,0.9411764705882353,0,16
gemma,CANONICAL_REPLAY_s1,UPDATE_COMPARISON-ORIGIN-0018-origin3,ORIGIN,34,34,31,0.9117647058823529,0,15
gemma,CANONICAL_REPLAY_s1,UPDATE_COMPARISON-ORIGIN-0019-origin0,ORIGIN,34,34,32,0.9411764705882353,0,3
gemma,CANONICAL_REPLAY_s1,UPDATE_COMPARISON-ORIGIN-0019-origin1,ORIGIN,34,34,28,0.8235294117647058,0,6
gemma,CANONICAL_REPLAY_s1,UPDATE_COMPARISON-ORIGIN-0019-origin2,ORIGIN,34,34,30,0.8823529411764706,0,11
gemma,CANONICAL_REPLAY_s1,UPDATE_COMPARISON-ORIGIN-0019-origin3,ORIGIN,34,34,27,0.7941176470588235,0,12
gemma,CANONICAL_REPLAY_s1,UPDATE_COMPARISON-ORIGIN-0020-origin0,ORIGIN,34,34,34,1.0,1,0
gemma,CANONICAL_REPLAY_s1,UPDATE_COMPARISON-ORIGIN-0020-origin1,ORIGIN,34,34,34,1.0,1,12
gemma,CANONICAL_REPLAY_s1,UPDATE_COMPARISON-ORIGIN-0020-origin2,ORIGIN,34,34,34,1.0,1,14
gemma,CANONICAL_REPLAY_s1,UPDATE_COMPARISON-ORIGIN-0020-origin3,ORIGIN,34,34,34,1.0,1,12
gemma,CANONICAL_REPLAY_s1,UPDATE_COMPARISON-ORIGIN-0021-origin0,ORIGIN,34,34,34,1.0,1,7
gemma,CANONICAL_REPLAY_s1,UPDATE_COMPARISON-ORIGIN-0021-origin1,ORIGIN,34,34,30,0.8823529411764706,0,11
gemma,CANONICAL_REPLAY_s1,UPDATE_COMPARISON-ORIGIN-0021-origin2,ORIGIN,34,34,34,1.0,1,14
gemma,CANONICAL_REPLAY_s1,UPDATE_COMPARISON-ORIGIN-0021-origin3,ORIGIN,34,34,30,0.8823529411764706,0,12
gemma,CANONICAL_REPLAY_s1,UPDATE_COMPARISON-ORIGIN-0022-origin0,ORIGIN,34,34,34,1.0,1,2
gemma,CANONICAL_REPLAY_s1,UPDATE_COMPARISON-ORIGIN-0022-origin1,ORIGIN,34,34,34,1.0,1,10
gemma,CANONICAL_REPLAY_s1,UPDATE_COMPARISON-ORIGIN-0022-origin2,ORIGIN,34,34,34,1.0,1,14
gemma,CANONICAL_REPLAY_s1,UPDATE_COMPARISON-ORIGIN-0022-origin3,ORIGIN,34,34,34,1.0,1,14
gemma,CANONICAL_REPLAY_s1,UPDATE_COMPARISON-ORIGIN-0023-origin0,ORIGIN,34,34,34,1.0,1,0
gemma,CANONICAL_REPLAY_s1,UPDATE_COMPARISON-ORIGIN-0023-origin1,ORIGIN,34,34,32,0.9411764705882353,0,10
gemma,CANONICAL_REPLAY_s1,UPDATE_COMPARISON-ORIGIN-0023-origin2,ORIGIN,34,34,34,1.0,1,13
gemma,CANONICAL_REPLAY_s1,UPDATE_COMPARISON-ORIGIN-0023-origin3,ORIGIN,34,34,32,0.9411764705882353,0,12
gemma,CANONICAL_REPLAY_s1,UPDATE_COMPARISON-ORIGIN-0024-origin0,ORIGIN,34,34,33,0.9705882352941176,0,3
gemma,CANONICAL_REPLAY_s1,UPDATE_COMPARISON-ORIGIN-0024-origin1,ORIGIN,34,34,34,1.0,1,12
gemma,CANONICAL_REPLAY_s1,UPDATE_COMPARISON-ORIGIN-0024-origin2,ORIGIN,34,34,32,0.9411764705882353,0,18
gemma,CANONICAL_REPLAY_s1,UPDATE_COMPARISON-ORIGIN-0024-origin3,ORIGIN,34,34,34,1.0,1,17
gemma,CANONICAL_REPLAY_s1,UPDATE_COMPARISON-ORIGIN-0025-origin0,ORIGIN,34,34,34,1.0,1,1
gemma,CANONICAL_REPLAY_s1,UPDATE_COMPARISON-ORIGIN-0025-origin1,ORIGIN,34,34,33,0.9705882352941176,0,11
gemma,CANONICAL_REPLAY_s1,UPDATE_COMPARISON-ORIGIN-0025-origin2,ORIGIN,34,34,32,0.9411764705882353,0,15
gemma,CANONICAL_REPLAY_s1,UPDATE_COMPARISON-ORIGIN-0025-origin3,ORIGIN,34,34,32,0.9411764705882353,0,15
gemma,CANONICAL_REPLAY_s1,UPDATE_COMPARISON-ORIGIN-0026-origin0,ORIGIN,34,34,33,0.9705882352941176,0,3
gemma,CANONICAL_REPLAY_s1,UPDATE_COMPARISON-ORIGIN-0026-origin1,ORIGIN,34,34,31,0.9117647058823529,0,8
gemma,CANONICAL_REPLAY_s1,UPDATE_COMPARISON-ORIGIN-0026-origin2,ORIGIN,34,34,32,0.9411764705882353,0,21
gemma,CANONICAL_REPLAY_s1,UPDATE_COMPARISON-ORIGIN-0026-origin3,ORIGIN,34,34,31,0.9117647058823529,0,20
gemma,CANONICAL_REPLAY_s1,UPDATE_COMPARISON-ORIGIN-0027-origin0,ORIGIN,34,34,28,0.8235294117647058,0,5
gemma,CANONICAL_REPLAY_s1,UPDATE_COMPARISON-ORIGIN-0027-origin1,ORIGIN,34,34,32,0.9411764705882353,0,10
gemma,CANONICAL_REPLAY_s1,UPDATE_COMPARISON-ORIGIN-0027-origin2,ORIGIN,34,34,33,0.9705882352941176,0,15
gemma,CANONICAL_REPLAY_s1,UPDATE_COMPARISON-ORIGIN-0027-origin3,ORIGIN,34,34,33,0.9705882352941176,0,17
gemma,CANONICAL_REPLAY_s1,UPDATE_COMPARISON-ORIGIN-0028-origin0,ORIGIN,34,34,34,1.0,1,0
gemma,CANONICAL_REPLAY_s1,UPDATE_COMPARISON-ORIGIN-0028-origin1,ORIGIN,34,34,34,1.0,1,10
gemma,CANONICAL_REPLAY_s1,UPDATE_COMPARISON-ORIGIN-0028-origin2,ORIGIN,34,34,32,0.9411764705882353,0,18
gemma,CANONICAL_REPLAY_s1,UPDATE_COMPARISON-ORIGIN-0028-origin3,ORIGIN,34,34,22,0.6470588235294118,0,18
gemma,CANONICAL_REPLAY_s1,UPDATE_COMPARISON-ORIGIN-0029-origin0,ORIGIN,34,34,34,1.0,1,0
gemma,CANONICAL_REPLAY_s1,UPDATE_COMPARISON-ORIGIN-0029-origin1,ORIGIN,34,34,34,1.0,1,0
gemma,CANONICAL_REPLAY_s1,UPDATE_COMPARISON-ORIGIN-0029-origin2,ORIGIN,34,34,34,1.0,1,27
gemma,CANONICAL_REPLAY_s1,UPDATE_COMPARISON-ORIGIN-0029-origin3,ORIGIN,34,34,34,1.0,1,26
gemma,CANONICAL_REPLAY_s1,UPDATE_COMPARISON-ORIGIN-0030-origin0,ORIGIN,34,34,34,1.0,1,0
gemma,CANONICAL_REPLAY_s1,UPDATE_COMPARISON-ORIGIN-0030-origin1,ORIGIN,34,34,34,1.0,1,12
gemma,CANONICAL_REPLAY_s1,UPDATE_COMPARISON-ORIGIN-0030-origin2,ORIGIN,34,34,34,1.0,1,19
gemma,CANONICAL_REPLAY_s1,UPDATE_COMPARISON-ORIGIN-0030-origin3,ORIGIN,34,34,34,1.0,1,25
gemma,CANONICAL_REPLAY_s1,UPDATE_COMPARISON-ORIGIN-0031-origin0,ORIGIN,34,34,34,1.0,1,0
gemma,CANONICAL_REPLAY_s1,UPDATE_COMPARISON-ORIGIN-0031-origin1,ORIGIN,34,34,34,1.0,1,10
gemma,CANONICAL_REPLAY_s1,UPDATE_COMPARISON-ORIGIN-0031-origin2,ORIGIN,34,34,34,1.0,1,23
gemma,CANONICAL_REPLAY_s1,UPDATE_COMPARISON-ORIGIN-0031-origin3,ORIGIN,34,34,34,1.0,1,22
gemma,CANONICAL_REPLAY_s1,UPDATE_COMPARISON-ORIGIN-0032-origin0,ORIGIN,34,34,34,1.0,1,1
gemma,CANONICAL_REPLAY_s1,UPDATE_COMPARISON-ORIGIN-0032-origin1,ORIGIN,34,34,33,0.9705882352941176,0,12
gemma,CANONICAL_REPLAY_s1,UPDATE_COMPARISON-ORIGIN-0032-origin2,ORIGIN,34,34,32,0.9411764705882353,0,14
gemma,CANONICAL_REPLAY_s1,UPDATE_COMPARISON-ORIGIN-0032-origin3,ORIGIN,34,34,32,0.9411764705882353,0,20
gemma,CANONICAL_REPLAY_s1,UPDATE_COMPARISON-ORIGIN-0033-origin0,ORIGIN,34,34,34,1.0,1,2
gemma,CANONICAL_REPLAY_s1,UPDATE_COMPARISON-ORIGIN-0033-origin1,ORIGIN,34,34,34,1.0,1,12
gemma,CANONICAL_REPLAY_s1,UPDATE_COMPARISON-ORIGIN-0033-origin2,ORIGIN,34,34,34,1.0,1,16
gemma,CANONICAL_REPLAY_s1,UPDATE_COMPARISON-ORIGIN-0033-origin3,ORIGIN,34,34,34,1.0,1,22
gemma,CANONICAL_REPLAY_s1,UPDATE_COMPARISON-ORIGIN-0034-origin0,ORIGIN,34,34,34,1.0,1,0
gemma,CANONICAL_REPLAY_s1,UPDATE_COMPARISON-ORIGIN-0034-origin1,ORIGIN,34,34,34,1.0,1,5
gemma,CANONICAL_REPLAY_s1,UPDATE_COMPARISON-ORIGIN-0034-origin2,ORIGIN,34,34,34,1.0,1,16
gemma,CANONICAL_REPLAY_s1,UPDATE_COMPARISON-ORIGIN-0034-origin3,ORIGIN,34,34,34,1.0,1,19
gemma,CANONICAL_REPLAY_s1,UPDATE_COMPARISON-ORIGIN-0035-origin0,ORIGIN,34,34,30,0.8823529411764706,0,5
gemma,CANONICAL_REPLAY_s1,UPDATE_COMPARISON-ORIGIN-0035-origin1,ORIGIN,34,34,32,0.9411764705882353,0,12
gemma,CANONICAL_REPLAY_s1,UPDATE_COMPARISON-ORIGIN-0035-origin2,ORIGIN,34,34,32,0.9411764705882353,0,13
gemma,CANONICAL_REPLAY_s1,UPDATE_COMPARISON-ORIGIN-0035-origin3,ORIGIN,34,34,31,0.9117647058823529,0,21
gemma,CANONICAL_REPLAY_s1,UPDATE_COMPARISON-ORIGIN-0036-origin0,ORIGIN,34,34,32,0.9411764705882353,0,5
gemma,CANONICAL_REPLAY_s1,UPDATE_COMPARISON-ORIGIN-0036-origin1,ORIGIN,34,34,32,0.9411764705882353,0,10
gemma,CANONICAL_REPLAY_s1,UPDATE_COMPARISON-ORIGIN-0036-origin2,ORIGIN,34,34,32,0.9411764705882353,0,16
gemma,CANONICAL_REPLAY_s1,UPDATE_COMPARISON-ORIGIN-0036-origin3,ORIGIN,34,34,31,0.9117647058823529,0,16
gemma,CANONICAL_REPLAY_s1,UPDATE_COMPARISON-ORIGIN-0037-origin0,ORIGIN,34,34,33,0.9705882352941176,0,2
gemma,CANONICAL_REPLAY_s1,UPDATE_COMPARISON-ORIGIN-0037-origin1,ORIGIN,34,34,32,0.9411764705882353,0,9
gemma,CANONICAL_REPLAY_s1,UPDATE_COMPARISON-ORIGIN-0037-origin2,ORIGIN,34,34,33,0.9705882352941176,0,14
gemma,CANONICAL_REPLAY_s1,UPDATE_COMPARISON-ORIGIN-0037-origin3,ORIGIN,34,34,31,0.9117647058823529,0,17
gemma,CANONICAL_REPLAY_s1,UPDATE_COMPARISON-ORIGIN-0038-origin0,ORIGIN,34,34,34,1.0,1,4
gemma,CANONICAL_REPLAY_s1,UPDATE_COMPARISON-ORIGIN-0038-origin1,ORIGIN,34,34,34,1.0,1,11
gemma,CANONICAL_REPLAY_s1,UPDATE_COMPARISON-ORIGIN-0038-origin2,ORIGIN,34,34,32,0.9411764705882353,0,17
gemma,CANONICAL_REPLAY_s1,UPDATE_COMPARISON-ORIGIN-0038-origin3,ORIGIN,34,34,32,0.9411764705882353,0,18
gemma,CANONICAL_REPLAY_s1,UPDATE_COMPARISON-ORIGIN-0039-origin0,ORIGIN,34,34,34,1.0,1,2
gemma,CANONICAL_REPLAY_s1,UPDATE_COMPARISON-ORIGIN-0039-origin1,ORIGIN,34,34,33,0.9705882352941176,0,8
gemma,CANONICAL_REPLAY_s1,UPDATE_COMPARISON-ORIGIN-0039-origin2,ORIGIN,34,34,34,1.0,1,14
gemma,CANONICAL_REPLAY_s1,UPDATE_COMPARISON-ORIGIN-0039-origin3,ORIGIN,34,34,33,0.9705882352941176,0,15
gemma,CANONICAL_REPLAY_s1,UPDATE_COMPARISON-ORIGIN-0040-origin0,ORIGIN,34,34,34,1.0,1,2
gemma,CANONICAL_REPLAY_s1,UPDATE_COMPARISON-ORIGIN-0040-origin1,ORIGIN,34,34,34,1.0,1,8
gemma,CANONICAL_REPLAY_s1,UPDATE_COMPARISON-ORIGIN-0040-origin2,ORIGIN,34,34,34,1.0,1,16
gemma,CANONICAL_REPLAY_s1,UPDATE_COMPARISON-ORIGIN-0040-origin3,ORIGIN,34,34,33,0.9705882352941176,0,13
gemma,CANONICAL_REPLAY_s1,UPDATE_COMPARISON-ORIGIN-0041-origin0,ORIGIN,34,34,32,0.9411764705882353,0,4
gemma,CANONICAL_REPLAY_s1,UPDATE_COMPARISON-ORIGIN-0041-origin1,ORIGIN,34,34,31,0.9117647058823529,0,9
gemma,CANONICAL_REPLAY_s1,UPDATE_COMPARISON-ORIGIN-0041-origin2,ORIGIN,34,34,32,0.9411764705882353,0,13
gemma,CANONICAL_REPLAY_s1,UPDATE_COMPARISON-ORIGIN-0041-origin3,ORIGIN,34,34,31,0.9117647058823529,0,11
gemma,CANONICAL_REPLAY_s1,UPDATE_COMPARISON-ORIGIN-0042-origin0,ORIGIN,34,34,34,1.0,1,2
gemma,CANONICAL_REPLAY_s1,UPDATE_COMPARISON-ORIGIN-0042-origin1,ORIGIN,34,34,34,1.0,1,12
gemma,CANONICAL_REPLAY_s1,UPDATE_COMPARISON-ORIGIN-0042-origin2,ORIGIN,34,34,34,1.0,1,12
gemma,CANONICAL_REPLAY_s1,UPDATE_COMPARISON-ORIGIN-0042-origin3,ORIGIN,34,34,32,0.9411764705882353,0,12
gemma,CANONICAL_REPLAY_s1,UPDATE_COMPARISON-ORIGIN-0043-origin0,ORIGIN,34,34,34,1.0,1,0
gemma,CANONICAL_REPLAY_s1,UPDATE_COMPARISON-ORIGIN-0043-origin1,ORIGIN,34,34,34,1.0,1,6
gemma,CANONICAL_REPLAY_s1,UPDATE_COMPARISON-ORIGIN-0043-origin2,ORIGIN,34,34,33,0.9705882352941176,0,12
gemma,CANONICAL_REPLAY_s1,UPDATE_COMPARISON-ORIGIN-0043-origin3,ORIGIN,34,34,33,0.9705882352941176,0,14
gemma,CANONICAL_REPLAY_s1,UPDATE_COMPARISON-ORIGIN-0044-origin0,ORIGIN,34,34,34,1.0,1,4
gemma,CANONICAL_REPLAY_s1,UPDATE_COMPARISON-ORIGIN-0044-origin1,ORIGIN,34,34,34,1.0,1,8
gemma,CANONICAL_REPLAY_s1,UPDATE_COMPARISON-ORIGIN-0044-origin2,ORIGIN,34,34,34,1.0,1,14
gemma,CANONICAL_REPLAY_s1,UPDATE_COMPARISON-ORIGIN-0044-origin3,ORIGIN,34,34,34,1.0,1,18
gemma,CANONICAL_REPLAY_s1,UPDATE_COMPARISON-ORIGIN-0045-origin0,ORIGIN,34,34,34,1.0,1,0
gemma,CANONICAL_REPLAY_s1,UPDATE_COMPARISON-ORIGIN-0045-origin1,ORIGIN,34,34,34,1.0,1,7
gemma,CANONICAL_REPLAY_s1,UPDATE_COMPARISON-ORIGIN-0045-origin2,ORIGIN,34,34,32,0.9411764705882353,0,9
gemma,CANONICAL_REPLAY_s1,UPDATE_COMPARISON-ORIGIN-0045-origin3,ORIGIN,34,34,34,1.0,1,18
gemma,CANONICAL_REPLAY_s1,UPDATE_COMPARISON-ORIGIN-0046-origin0,ORIGIN,34,34,34,1.0,1,2
gemma,CANONICAL_REPLAY_s1,UPDATE_COMPARISON-ORIGIN-0046-origin1,ORIGIN,34,34,34,1.0,1,10
gemma,CANONICAL_REPLAY_s1,UPDATE_COMPARISON-ORIGIN-0046-origin2,ORIGIN,34,34,32,0.9411764705882353,0,16
gemma,CANONICAL_REPLAY_s1,UPDATE_COMPARISON-ORIGIN-0046-origin3,ORIGIN,34,34,34,1.0,1,20
gemma,CANONICAL_REPLAY_s1,UPDATE_COMPARISON-ORIGIN-0047-origin0,ORIGIN,34,34,33,0.9705882352941176,0,0
gemma,CANONICAL_REPLAY_s1,UPDATE_COMPARISON-ORIGIN-0047-origin1,ORIGIN,34,34,33,0.9705882352941176,0,8
gemma,CANONICAL_REPLAY_s1,UPDATE_COMPARISON-ORIGIN-0047-origin2,ORIGIN,34,34,32,0.9411764705882353,0,14
gemma,CANONICAL_REPLAY_s1,UPDATE_COMPARISON-ORIGIN-0047-origin3,ORIGIN,34,34,33,0.9705882352941176,0,17
gemma,CANONICAL_REPLAY_s1,UPDATE_COMPARISON-ORIGIN-0048-origin0,ORIGIN,34,34,23,0.6764705882352942,0,10
gemma,CANONICAL_REPLAY_s1,UPDATE_COMPARISON-ORIGIN-0048-origin1,ORIGIN,34,34,27,0.7941176470588235,0,11
gemma,CANONICAL_REPLAY_s1,UPDATE_COMPARISON-ORIGIN-0048-origin2,ORIGIN,34,34,30,0.8823529411764706,0,12
gemma,CANONICAL_REPLAY_s1,UPDATE_COMPARISON-ORIGIN-0048-origin3,ORIGIN,34,34,29,0.8529411764705882,0,16
gemma,CANONICAL_REPLAY_s1,UPDATE_COMPARISON-ORIGIN-0049-origin0,ORIGIN,34,34,33,0.9705882352941176,0,0
gemma,CANONICAL_REPLAY_s1,UPDATE_COMPARISON-ORIGIN-0049-origin1,ORIGIN,34,34,33,0.9705882352941176,0,5
gemma,CANONICAL_REPLAY_s1,UPDATE_COMPARISON-ORIGIN-0049-origin2,ORIGIN,34,34,32,0.9411764705882353,0,13
gemma,CANONICAL_REPLAY_s1,UPDATE_COMPARISON-ORIGIN-0049-origin3,ORIGIN,34,34,32,0.9411764705882353,0,16
gemma,CANONICAL_REPLAY_s1,UPDATE_COMPARISON-ORIGIN-0050-origin0,ORIGIN,34,34,34,1.0,1,5
gemma,CANONICAL_REPLAY_s1,UPDATE_COMPARISON-ORIGIN-0050-origin1,ORIGIN,34,34,33,0.9705882352941176,0,12
gemma,CANONICAL_REPLAY_s1,UPDATE_COMPARISON-ORIGIN-0050-origin2,ORIGIN,34,34,34,1.0,1,12
gemma,CANONICAL_REPLAY_s1,UPDATE_COMPARISON-ORIGIN-0050-origin3,ORIGIN,34,34,32,0.9411764705882353,0,14
gemma,CANONICAL_REPLAY_s1,UPDATE_COMPARISON-ORIGIN-0051-origin0,ORIGIN,34,34,30,0.8823529411764706,0,0
gemma,CANONICAL_REPLAY_s1,UPDATE_COMPARISON-ORIGIN-0051-origin1,ORIGIN,34,34,29,0.8529411764705882,0,6
gemma,CANONICAL_REPLAY_s1,UPDATE_COMPARISON-ORIGIN-0051-origin2,ORIGIN,34,34,30,0.8823529411764706,0,9
gemma,CANONICAL_REPLAY_s1,UPDATE_COMPARISON-ORIGIN-0051-origin3,ORIGIN,34,34,31,0.9117647058823529,0,15
gemma,CANONICAL_REPLAY_s1,UPDATE_COMPARISON-ORIGIN-0052-origin0,ORIGIN,34,34,34,1.0,1,4
gemma,CANONICAL_REPLAY_s1,UPDATE_COMPARISON-ORIGIN-0052-origin1,ORIGIN,34,34,34,1.0,1,6
gemma,CANONICAL_REPLAY_s1,UPDATE_COMPARISON-ORIGIN-0052-origin2,ORIGIN,34,34,34,1.0,1,14
gemma,CANONICAL_REPLAY_s1,UPDATE_COMPARISON-ORIGIN-0052-origin3,ORIGIN,34,34,34,1.0,1,17
gemma,CANONICAL_REPLAY_s1,UPDATE_COMPARISON-ORIGIN-0053-origin0,ORIGIN,34,34,34,1.0,1,4
gemma,CANONICAL_REPLAY_s1,UPDATE_COMPARISON-ORIGIN-0053-origin1,ORIGIN,34,34,32,0.9411764705882353,0,12
gemma,CANONICAL_REPLAY_s1,UPDATE_COMPARISON-ORIGIN-0053-origin2,ORIGIN,34,34,32,0.9411764705882353,0,15
gemma,CANONICAL_REPLAY_s1,UPDATE_COMPARISON-ORIGIN-0053-origin3,ORIGIN,34,34,31,0.9117647058823529,0,16
gemma,CANONICAL_REPLAY_s1,UPDATE_COMPARISON-ORIGIN-0054-origin0,ORIGIN,34,34,33,0.9705882352941176,0,5
gemma,CANONICAL_REPLAY_s1,UPDATE_COMPARISON-ORIGIN-0054-origin1,ORIGIN,34,34,32,0.9411764705882353,0,11
gemma,CANONICAL_REPLAY_s1,UPDATE_COMPARISON-ORIGIN-0054-origin2,ORIGIN,34,34,34,1.0,1,18
gemma,CANONICAL_REPLAY_s1,UPDATE_COMPARISON-ORIGIN-0054-origin3,ORIGIN,34,34,34,1.0,1,16
gemma,CANONICAL_REPLAY_s1,UPDATE_COMPARISON-ORIGIN-0055-origin0,ORIGIN,34,34,32,0.9411764705882353,0,1
gemma,CANONICAL_REPLAY_s1,UPDATE_COMPARISON-ORIGIN-0055-origin1,ORIGIN,34,34,32,0.9411764705882353,0,6
gemma,CANONICAL_REPLAY_s1,UPDATE_COMPARISON-ORIGIN-0055-origin2,ORIGIN,34,34,34,1.0,1,13
gemma,CANONICAL_REPLAY_s1,UPDATE_COMPARISON-ORIGIN-0055-origin3,ORIGIN,34,34,34,1.0,1,14
gemma,CANONICAL_REPLAY_s1,UPDATE_COMPARISON-ORIGIN-0056-origin0,ORIGIN,34,34,34,1.0,1,0
gemma,CANONICAL_REPLAY_s1,UPDATE_COMPARISON-ORIGIN-0056-origin1,ORIGIN,34,34,34,1.0,1,11
gemma,CANONICAL_REPLAY_s1,UPDATE_COMPARISON-ORIGIN-0056-origin2,ORIGIN,34,34,33,0.9705882352941176,0,15
gemma,CANONICAL_REPLAY_s1,UPDATE_COMPARISON-ORIGIN-0056-origin3,ORIGIN,34,34,31,0.9117647058823529,0,15
gemma,CANONICAL_REPLAY_s1,UPDATE_COMPARISON-ORIGIN-0057-origin0,ORIGIN,34,34,34,1.0,1,2
gemma,CANONICAL_REPLAY_s1,UPDATE_COMPARISON-ORIGIN-0057-origin1,ORIGIN,34,34,34,1.0,1,12
gemma,CANONICAL_REPLAY_s1,UPDATE_COMPARISON-ORIGIN-0057-origin2,ORIGIN,34,34,34,1.0,1,18
gemma,CANONICAL_REPLAY_s1,UPDATE_COMPARISON-ORIGIN-0057-origin3,ORIGIN,34,34,34,1.0,1,20
gemma,CANONICAL_REPLAY_s1,UPDATE_COMPARISON-ORIGIN-0058-origin0,ORIGIN,34,34,34,1.0,1,1
gemma,CANONICAL_REPLAY_s1,UPDATE_COMPARISON-ORIGIN-0058-origin1,ORIGIN,34,34,34,1.0,1,10
gemma,CANONICAL_REPLAY_s1,UPDATE_COMPARISON-ORIGIN-0058-origin2,ORIGIN,34,34,34,1.0,1,16
gemma,CANONICAL_REPLAY_s1,UPDATE_COMPARISON-ORIGIN-0058-origin3,ORIGIN,34,34,34,1.0,1,18
gemma,CANONICAL_REPLAY_s1,UPDATE_COMPARISON-ORIGIN-0059-origin0,ORIGIN,34,34,34,1.0,1,0
gemma,CANONICAL_REPLAY_s1,UPDATE_COMPARISON-ORIGIN-0059-origin1,ORIGIN,34,34,32,0.9411764705882353,0,1
gemma,CANONICAL_REPLAY_s1,UPDATE_COMPARISON-ORIGIN-0059-origin2,ORIGIN,34,34,33,0.9705882352941176,0,13
gemma,CANONICAL_REPLAY_s1,UPDATE_COMPARISON-ORIGIN-0059-origin3,ORIGIN,34,34,34,1.0,1,12
gemma,CANONICAL_REPLAY_s1,UPDATE_COMPARISON-ORIGIN-0060-origin0,ORIGIN,34,34,34,1.0,1,4
gemma,CANONICAL_REPLAY_s1,UPDATE_COMPARISON-ORIGIN-0060-origin1,ORIGIN,34,34,34,1.0,1,10
gemma,CANONICAL_REPLAY_s1,UPDATE_COMPARISON-ORIGIN-0060-origin2,ORIGIN,34,34,34,1.0,1,18
gemma,CANONICAL_REPLAY_s1,UPDATE_COMPARISON-ORIGIN-0060-origin3,ORIGIN,34,34,34,1.0,1,23
gemma,CANONICAL_REPLAY_s1,UPDATE_COMPARISON-ORIGIN-0061-origin0,ORIGIN,34,34,34,1.0,1,0
gemma,CANONICAL_REPLAY_s1,UPDATE_COMPARISON-ORIGIN-0061-origin1,ORIGIN,34,34,34,1.0,1,11
gemma,CANONICAL_REPLAY_s1,UPDATE_COMPARISON-ORIGIN-0061-origin2,ORIGIN,34,34,34,1.0,1,26
gemma,CANONICAL_REPLAY_s1,UPDATE_COMPARISON-ORIGIN-0061-origin3,ORIGIN,34,34,34,1.0,1,20
gemma,CANONICAL_REPLAY_s1,UPDATE_COMPARISON-ORIGIN-0062-origin0,ORIGIN,34,34,34,1.0,1,0
gemma,CANONICAL_REPLAY_s1,UPDATE_COMPARISON-ORIGIN-0062-origin1,ORIGIN,34,34,34,1.0,1,12
gemma,CANONICAL_REPLAY_s1,UPDATE_COMPARISON-ORIGIN-0062-origin2,ORIGIN,34,34,34,1.0,1,24
gemma,CANONICAL_REPLAY_s1,UPDATE_COMPARISON-ORIGIN-0062-origin3,ORIGIN,34,34,34,1.0,1,22
gemma,CANONICAL_REPLAY_s1,UPDATE_COMPARISON-ORIGIN-0063-origin0,ORIGIN,34,34,34,1.0,1,1
gemma,CANONICAL_REPLAY_s1,UPDATE_COMPARISON-ORIGIN-0063-origin1,ORIGIN,34,34,34,1.0,1,4
gemma,CANONICAL_REPLAY_s1,UPDATE_COMPARISON-ORIGIN-0063-origin2,ORIGIN,34,34,34,1.0,1,20
gemma,CANONICAL_REPLAY_s1,UPDATE_COMPARISON-ORIGIN-0063-origin3,ORIGIN,34,34,32,0.9411764705882353,0,20
gemma,EXISTING_CORRECTION,UPDATE_COMPARISON-ORIGIN-0000-origin0,ORIGIN,34,34,34,1.0,1,3
gemma,EXISTING_CORRECTION,UPDATE_COMPARISON-ORIGIN-0000-origin1,ORIGIN,34,34,34,1.0,1,13
gemma,EXISTING_CORRECTION,UPDATE_COMPARISON-ORIGIN-0000-origin2,ORIGIN,34,34,31,0.9117647058823529,0,19
gemma,EXISTING_CORRECTION,UPDATE_COMPARISON-ORIGIN-0000-origin3,ORIGIN,34,34,29,0.8529411764705882,0,27
gemma,EXISTING_CORRECTION,UPDATE_COMPARISON-ORIGIN-0001-origin0,ORIGIN,34,34,32,0.9411764705882353,0,6
gemma,EXISTING_CORRECTION,UPDATE_COMPARISON-ORIGIN-0001-origin1,ORIGIN,34,34,32,0.9411764705882353,0,14
gemma,EXISTING_CORRECTION,UPDATE_COMPARISON-ORIGIN-0001-origin2,ORIGIN,34,34,31,0.9117647058823529,0,23
gemma,EXISTING_CORRECTION,UPDATE_COMPARISON-ORIGIN-0001-origin3,ORIGIN,34,34,28,0.8235294117647058,0,28
gemma,EXISTING_CORRECTION,UPDATE_COMPARISON-ORIGIN-0002-origin0,ORIGIN,34,34,34,1.0,1,0
gemma,EXISTING_CORRECTION,UPDATE_COMPARISON-ORIGIN-0002-origin1,ORIGIN,34,34,34,1.0,1,11
gemma,EXISTING_CORRECTION,UPDATE_COMPARISON-ORIGIN-0002-origin2,ORIGIN,34,34,32,0.9411764705882353,0,18
gemma,EXISTING_CORRECTION,UPDATE_COMPARISON-ORIGIN-0002-origin3,ORIGIN,34,34,31,0.9117647058823529,0,21
gemma,EXISTING_CORRECTION,UPDATE_COMPARISON-ORIGIN-0003-origin0,ORIGIN,34,34,34,1.0,1,6
gemma,EXISTING_CORRECTION,UPDATE_COMPARISON-ORIGIN-0003-origin1,ORIGIN,34,34,32,0.9411764705882353,0,5
gemma,EXISTING_CORRECTION,UPDATE_COMPARISON-ORIGIN-0003-origin2,ORIGIN,34,34,30,0.8823529411764706,0,17
gemma,EXISTING_CORRECTION,UPDATE_COMPARISON-ORIGIN-0003-origin3,ORIGIN,34,34,29,0.8529411764705882,0,20
gemma,EXISTING_CORRECTION,UPDATE_COMPARISON-ORIGIN-0004-origin0,ORIGIN,34,34,32,0.9411764705882353,0,3
gemma,EXISTING_CORRECTION,UPDATE_COMPARISON-ORIGIN-0004-origin1,ORIGIN,34,34,32,0.9411764705882353,0,11
gemma,EXISTING_CORRECTION,UPDATE_COMPARISON-ORIGIN-0004-origin2,ORIGIN,34,34,32,0.9411764705882353,0,18
gemma,EXISTING_CORRECTION,UPDATE_COMPARISON-ORIGIN-0004-origin3,ORIGIN,34,34,32,0.9411764705882353,0,18
gemma,EXISTING_CORRECTION,UPDATE_COMPARISON-ORIGIN-0005-origin0,ORIGIN,34,34,34,1.0,1,7
gemma,EXISTING_CORRECTION,UPDATE_COMPARISON-ORIGIN-0005-origin1,ORIGIN,34,34,32,0.9411764705882353,0,9
gemma,EXISTING_CORRECTION,UPDATE_COMPARISON-ORIGIN-0005-origin2,ORIGIN,34,34,32,0.9411764705882353,0,16
gemma,EXISTING_CORRECTION,UPDATE_COMPARISON-ORIGIN-0005-origin3,ORIGIN,34,34,30,0.8823529411764706,0,12
gemma,EXISTING_CORRECTION,UPDATE_COMPARISON-ORIGIN-0006-origin0,ORIGIN,34,34,30,0.8823529411764706,0,4
gemma,EXISTING_CORRECTION,UPDATE_COMPARISON-ORIGIN-0006-origin1,ORIGIN,34,34,32,0.9411764705882353,0,9
gemma,EXISTING_CORRECTION,UPDATE_COMPARISON-ORIGIN-0006-origin2,ORIGIN,34,34,30,0.8823529411764706,0,18
gemma,EXISTING_CORRECTION,UPDATE_COMPARISON-ORIGIN-0006-origin3,ORIGIN,34,34,30,0.8823529411764706,0,13
gemma,EXISTING_CORRECTION,UPDATE_COMPARISON-ORIGIN-0007-origin0,ORIGIN,34,34,33,0.9705882352941176,0,10
gemma,EXISTING_CORRECTION,UPDATE_COMPARISON-ORIGIN-0007-origin1,ORIGIN,34,34,32,0.9411764705882353,0,10
gemma,EXISTING_CORRECTION,UPDATE_COMPARISON-ORIGIN-0007-origin2,ORIGIN,34,34,33,0.9705882352941176,0,16
gemma,EXISTING_CORRECTION,UPDATE_COMPARISON-ORIGIN-0007-origin3,ORIGIN,34,34,33,0.9705882352941176,0,13
gemma,EXISTING_CORRECTION,UPDATE_COMPARISON-ORIGIN-0008-origin0,ORIGIN,34,34,30,0.8823529411764706,0,5
gemma,EXISTING_CORRECTION,UPDATE_COMPARISON-ORIGIN-0008-origin1,ORIGIN,34,34,27,0.7941176470588235,0,9
gemma,EXISTING_CORRECTION,UPDATE_COMPARISON-ORIGIN-0008-origin2,ORIGIN,34,34,31,0.9117647058823529,0,12
gemma,EXISTING_CORRECTION,UPDATE_COMPARISON-ORIGIN-0008-origin3,ORIGIN,34,34,29,0.8529411764705882,0,20
gemma,EXISTING_CORRECTION,UPDATE_COMPARISON-ORIGIN-0009-origin0,ORIGIN,34,34,28,0.8235294117647058,0,9
gemma,EXISTING_CORRECTION,UPDATE_COMPARISON-ORIGIN-0009-origin1,ORIGIN,34,34,28,0.8235294117647058,0,11
gemma,EXISTING_CORRECTION,UPDATE_COMPARISON-ORIGIN-0009-origin2,ORIGIN,34,34,29,0.8529411764705882,0,13
gemma,EXISTING_CORRECTION,UPDATE_COMPARISON-ORIGIN-0009-origin3,ORIGIN,34,34,28,0.8235294117647058,0,18
gemma,EXISTING_CORRECTION,UPDATE_COMPARISON-ORIGIN-0010-origin0,ORIGIN,34,34,29,0.8529411764705882,0,5
gemma,EXISTING_CORRECTION,UPDATE_COMPARISON-ORIGIN-0010-origin1,ORIGIN,34,34,29,0.8529411764705882,0,6
gemma,EXISTING_CORRECTION,UPDATE_COMPARISON-ORIGIN-0010-origin2,ORIGIN,34,34,28,0.8235294117647058,0,10
gemma,EXISTING_CORRECTION,UPDATE_COMPARISON-ORIGIN-0010-origin3,ORIGIN,34,34,28,0.8235294117647058,0,18
gemma,EXISTING_CORRECTION,UPDATE_COMPARISON-ORIGIN-0011-origin0,ORIGIN,34,34,34,1.0,1,8
gemma,EXISTING_CORRECTION,UPDATE_COMPARISON-ORIGIN-0011-origin1,ORIGIN,34,34,31,0.9117647058823529,0,9
gemma,EXISTING_CORRECTION,UPDATE_COMPARISON-ORIGIN-0011-origin2,ORIGIN,34,34,32,0.9411764705882353,0,14
gemma,EXISTING_CORRECTION,UPDATE_COMPARISON-ORIGIN-0011-origin3,ORIGIN,34,34,30,0.8823529411764706,0,18
gemma,EXISTING_CORRECTION,UPDATE_COMPARISON-ORIGIN-0012-origin0,ORIGIN,34,34,34,1.0,1,0
gemma,EXISTING_CORRECTION,UPDATE_COMPARISON-ORIGIN-0012-origin1,ORIGIN,34,34,34,1.0,1,8
gemma,EXISTING_CORRECTION,UPDATE_COMPARISON-ORIGIN-0012-origin2,ORIGIN,34,34,34,1.0,1,14
gemma,EXISTING_CORRECTION,UPDATE_COMPARISON-ORIGIN-0012-origin3,ORIGIN,34,34,34,1.0,1,14
gemma,EXISTING_CORRECTION,UPDATE_COMPARISON-ORIGIN-0013-origin0,ORIGIN,34,34,32,0.9411764705882353,0,2
gemma,EXISTING_CORRECTION,UPDATE_COMPARISON-ORIGIN-0013-origin1,ORIGIN,34,34,32,0.9411764705882353,0,10
gemma,EXISTING_CORRECTION,UPDATE_COMPARISON-ORIGIN-0013-origin2,ORIGIN,34,34,32,0.9411764705882353,0,12
gemma,EXISTING_CORRECTION,UPDATE_COMPARISON-ORIGIN-0013-origin3,ORIGIN,34,34,32,0.9411764705882353,0,19
gemma,EXISTING_CORRECTION,UPDATE_COMPARISON-ORIGIN-0014-origin0,ORIGIN,34,34,32,0.9411764705882353,0,5
gemma,EXISTING_CORRECTION,UPDATE_COMPARISON-ORIGIN-0014-origin1,ORIGIN,34,34,33,0.9705882352941176,0,11
gemma,EXISTING_CORRECTION,UPDATE_COMPARISON-ORIGIN-0014-origin2,ORIGIN,34,34,32,0.9411764705882353,0,10
gemma,EXISTING_CORRECTION,UPDATE_COMPARISON-ORIGIN-0014-origin3,ORIGIN,34,34,32,0.9411764705882353,0,16
gemma,EXISTING_CORRECTION,UPDATE_COMPARISON-ORIGIN-0015-origin0,ORIGIN,34,34,34,1.0,1,11
gemma,EXISTING_CORRECTION,UPDATE_COMPARISON-ORIGIN-0015-origin1,ORIGIN,34,34,34,1.0,1,11
gemma,EXISTING_CORRECTION,UPDATE_COMPARISON-ORIGIN-0015-origin2,ORIGIN,34,34,34,1.0,1,18
gemma,EXISTING_CORRECTION,UPDATE_COMPARISON-ORIGIN-0015-origin3,ORIGIN,34,34,34,1.0,1,20
gemma,EXISTING_CORRECTION,UPDATE_COMPARISON-ORIGIN-0016-origin0,ORIGIN,34,34,30,0.8823529411764706,0,7
gemma,EXISTING_CORRECTION,UPDATE_COMPARISON-ORIGIN-0016-origin1,ORIGIN,34,34,28,0.8235294117647058,0,6
gemma,EXISTING_CORRECTION,UPDATE_COMPARISON-ORIGIN-0016-origin2,ORIGIN,34,34,29,0.8529411764705882,0,13
gemma,EXISTING_CORRECTION,UPDATE_COMPARISON-ORIGIN-0016-origin3,ORIGIN,34,34,29,0.8529411764705882,0,17
gemma,EXISTING_CORRECTION,UPDATE_COMPARISON-ORIGIN-0017-origin0,ORIGIN,34,34,26,0.7647058823529411,0,6
gemma,EXISTING_CORRECTION,UPDATE_COMPARISON-ORIGIN-0017-origin1,ORIGIN,34,34,26,0.7647058823529411,0,7
gemma,EXISTING_CORRECTION,UPDATE_COMPARISON-ORIGIN-0017-origin2,ORIGIN,34,34,30,0.8823529411764706,0,11
gemma,EXISTING_CORRECTION,UPDATE_COMPARISON-ORIGIN-0017-origin3,ORIGIN,34,34,28,0.8235294117647058,0,16
gemma,EXISTING_CORRECTION,UPDATE_COMPARISON-ORIGIN-0018-origin0,ORIGIN,34,34,27,0.7941176470588235,0,9
gemma,EXISTING_CORRECTION,UPDATE_COMPARISON-ORIGIN-0018-origin1,ORIGIN,34,34,26,0.7647058823529411,0,8
gemma,EXISTING_CORRECTION,UPDATE_COMPARISON-ORIGIN-0018-origin2,ORIGIN,34,34,28,0.8235294117647058,0,16
gemma,EXISTING_CORRECTION,UPDATE_COMPARISON-ORIGIN-0018-origin3,ORIGIN,34,34,27,0.7941176470588235,0,21
gemma,EXISTING_CORRECTION,UPDATE_COMPARISON-ORIGIN-0019-origin0,ORIGIN,34,34,28,0.8235294117647058,0,7
gemma,EXISTING_CORRECTION,UPDATE_COMPARISON-ORIGIN-0019-origin1,ORIGIN,34,34,27,0.7941176470588235,0,11
gemma,EXISTING_CORRECTION,UPDATE_COMPARISON-ORIGIN-0019-origin2,ORIGIN,34,34,26,0.7647058823529411,0,13
gemma,EXISTING_CORRECTION,UPDATE_COMPARISON-ORIGIN-0019-origin3,ORIGIN,34,34,25,0.7352941176470589,0,14
gemma,EXISTING_CORRECTION,UPDATE_COMPARISON-ORIGIN-0020-origin0,ORIGIN,34,34,32,0.9411764705882353,0,2
gemma,EXISTING_CORRECTION,UPDATE_COMPARISON-ORIGIN-0020-origin1,ORIGIN,34,34,32,0.9411764705882353,0,14
gemma,EXISTING_CORRECTION,UPDATE_COMPARISON-ORIGIN-0020-origin2,ORIGIN,34,34,32,0.9411764705882353,0,14
gemma,EXISTING_CORRECTION,UPDATE_COMPARISON-ORIGIN-0020-origin3,ORIGIN,34,34,32,0.9411764705882353,0,14
gemma,EXISTING_CORRECTION,UPDATE_COMPARISON-ORIGIN-0021-origin0,ORIGIN,34,34,32,0.9411764705882353,0,9
gemma,EXISTING_CORRECTION,UPDATE_COMPARISON-ORIGIN-0021-origin1,ORIGIN,34,34,32,0.9411764705882353,0,17
gemma,EXISTING_CORRECTION,UPDATE_COMPARISON-ORIGIN-0021-origin2,ORIGIN,34,34,32,0.9411764705882353,0,16
gemma,EXISTING_CORRECTION,UPDATE_COMPARISON-ORIGIN-0021-origin3,ORIGIN,34,34,34,1.0,1,16
gemma,EXISTING_CORRECTION,UPDATE_COMPARISON-ORIGIN-0022-origin0,ORIGIN,34,34,32,0.9411764705882353,0,0
gemma,EXISTING_CORRECTION,UPDATE_COMPARISON-ORIGIN-0022-origin1,ORIGIN,34,34,32,0.9411764705882353,0,12
gemma,EXISTING_CORRECTION,UPDATE_COMPARISON-ORIGIN-0022-origin2,ORIGIN,34,34,32,0.9411764705882353,0,16
gemma,EXISTING_CORRECTION,UPDATE_COMPARISON-ORIGIN-0022-origin3,ORIGIN,34,34,32,0.9411764705882353,0,14
gemma,EXISTING_CORRECTION,UPDATE_COMPARISON-ORIGIN-0023-origin0,ORIGIN,34,34,32,0.9411764705882353,0,2
gemma,EXISTING_CORRECTION,UPDATE_COMPARISON-ORIGIN-0023-origin1,ORIGIN,34,34,32,0.9411764705882353,0,14
gemma,EXISTING_CORRECTION,UPDATE_COMPARISON-ORIGIN-0023-origin2,ORIGIN,34,34,32,0.9411764705882353,0,15
gemma,EXISTING_CORRECTION,UPDATE_COMPARISON-ORIGIN-0023-origin3,ORIGIN,34,34,32,0.9411764705882353,0,16
gemma,EXISTING_CORRECTION,UPDATE_COMPARISON-ORIGIN-0024-origin0,ORIGIN,34,34,34,1.0,1,2
gemma,EXISTING_CORRECTION,UPDATE_COMPARISON-ORIGIN-0024-origin1,ORIGIN,34,34,32,0.9411764705882353,0,10
gemma,EXISTING_CORRECTION,UPDATE_COMPARISON-ORIGIN-0024-origin2,ORIGIN,34,34,34,1.0,1,18
gemma,EXISTING_CORRECTION,UPDATE_COMPARISON-ORIGIN-0024-origin3,ORIGIN,34,34,32,0.9411764705882353,0,19
gemma,EXISTING_CORRECTION,UPDATE_COMPARISON-ORIGIN-0025-origin0,ORIGIN,34,34,33,0.9705882352941176,0,2
gemma,EXISTING_CORRECTION,UPDATE_COMPARISON-ORIGIN-0025-origin1,ORIGIN,34,34,34,1.0,1,12
gemma,EXISTING_CORRECTION,UPDATE_COMPARISON-ORIGIN-0025-origin2,ORIGIN,34,34,34,1.0,1,17
gemma,EXISTING_CORRECTION,UPDATE_COMPARISON-ORIGIN-0025-origin3,ORIGIN,34,34,34,1.0,1,17
gemma,EXISTING_CORRECTION,UPDATE_COMPARISON-ORIGIN-0026-origin0,ORIGIN,34,34,32,0.9411764705882353,0,4
gemma,EXISTING_CORRECTION,UPDATE_COMPARISON-ORIGIN-0026-origin1,ORIGIN,34,34,32,0.9411764705882353,0,9
gemma,EXISTING_CORRECTION,UPDATE_COMPARISON-ORIGIN-0026-origin2,ORIGIN,34,34,32,0.9411764705882353,0,17
gemma,EXISTING_CORRECTION,UPDATE_COMPARISON-ORIGIN-0026-origin3,ORIGIN,34,34,32,0.9411764705882353,0,19
gemma,EXISTING_CORRECTION,UPDATE_COMPARISON-ORIGIN-0027-origin0,ORIGIN,34,34,34,1.0,1,11
gemma,EXISTING_CORRECTION,UPDATE_COMPARISON-ORIGIN-0027-origin1,ORIGIN,34,34,32,0.9411764705882353,0,10
gemma,EXISTING_CORRECTION,UPDATE_COMPARISON-ORIGIN-0027-origin2,ORIGIN,34,34,34,1.0,1,16
gemma,EXISTING_CORRECTION,UPDATE_COMPARISON-ORIGIN-0027-origin3,ORIGIN,34,34,30,0.8823529411764706,0,22
gemma,EXISTING_CORRECTION,UPDATE_COMPARISON-ORIGIN-0028-origin0,ORIGIN,34,34,34,1.0,1,0
gemma,EXISTING_CORRECTION,UPDATE_COMPARISON-ORIGIN-0028-origin1,ORIGIN,34,34,34,1.0,1,10
gemma,EXISTING_CORRECTION,UPDATE_COMPARISON-ORIGIN-0028-origin2,ORIGIN,34,34,34,1.0,1,20
gemma,EXISTING_CORRECTION,UPDATE_COMPARISON-ORIGIN-0028-origin3,ORIGIN,34,34,34,1.0,1,22
gemma,EXISTING_CORRECTION,UPDATE_COMPARISON-ORIGIN-0029-origin0,ORIGIN,34,34,34,1.0,1,0
gemma,EXISTING_CORRECTION,UPDATE_COMPARISON-ORIGIN-0029-origin1,ORIGIN,34,34,34,1.0,1,0
gemma,EXISTING_CORRECTION,UPDATE_COMPARISON-ORIGIN-0029-origin2,ORIGIN,34,34,34,1.0,1,27
gemma,EXISTING_CORRECTION,UPDATE_COMPARISON-ORIGIN-0029-origin3,ORIGIN,34,34,34,1.0,1,26
gemma,EXISTING_CORRECTION,UPDATE_COMPARISON-ORIGIN-0030-origin0,ORIGIN,34,34,34,1.0,1,0
gemma,EXISTING_CORRECTION,UPDATE_COMPARISON-ORIGIN-0030-origin1,ORIGIN,34,34,34,1.0,1,12
gemma,EXISTING_CORRECTION,UPDATE_COMPARISON-ORIGIN-0030-origin2,ORIGIN,34,34,34,1.0,1,19
gemma,EXISTING_CORRECTION,UPDATE_COMPARISON-ORIGIN-0030-origin3,ORIGIN,34,34,34,1.0,1,25
gemma,EXISTING_CORRECTION,UPDATE_COMPARISON-ORIGIN-0031-origin0,ORIGIN,34,34,34,1.0,1,0
gemma,EXISTING_CORRECTION,UPDATE_COMPARISON-ORIGIN-0031-origin1,ORIGIN,34,34,34,1.0,1,10
gemma,EXISTING_CORRECTION,UPDATE_COMPARISON-ORIGIN-0031-origin2,ORIGIN,34,34,34,1.0,1,23
gemma,EXISTING_CORRECTION,UPDATE_COMPARISON-ORIGIN-0031-origin3,ORIGIN,34,34,34,1.0,1,22
gemma,EXISTING_CORRECTION,UPDATE_COMPARISON-ORIGIN-0032-origin0,ORIGIN,34,34,34,1.0,1,1
gemma,EXISTING_CORRECTION,UPDATE_COMPARISON-ORIGIN-0032-origin1,ORIGIN,34,34,33,0.9705882352941176,0,12
gemma,EXISTING_CORRECTION,UPDATE_COMPARISON-ORIGIN-0032-origin2,ORIGIN,34,34,31,0.9117647058823529,0,19
gemma,EXISTING_CORRECTION,UPDATE_COMPARISON-ORIGIN-0032-origin3,ORIGIN,34,34,29,0.8529411764705882,0,27
gemma,EXISTING_CORRECTION,UPDATE_COMPARISON-ORIGIN-0033-origin0,ORIGIN,34,34,34,1.0,1,2
gemma,EXISTING_CORRECTION,UPDATE_COMPARISON-ORIGIN-0033-origin1,ORIGIN,34,34,33,0.9705882352941176,0,11
gemma,EXISTING_CORRECTION,UPDATE_COMPARISON-ORIGIN-0033-origin2,ORIGIN,34,34,34,1.0,1,16
gemma,EXISTING_CORRECTION,UPDATE_COMPARISON-ORIGIN-0033-origin3,ORIGIN,34,34,30,0.8823529411764706,0,26
gemma,EXISTING_CORRECTION,UPDATE_COMPARISON-ORIGIN-0034-origin0,ORIGIN,34,34,34,1.0,1,0
gemma,EXISTING_CORRECTION,UPDATE_COMPARISON-ORIGIN-0034-origin1,ORIGIN,34,34,34,1.0,1,5
gemma,EXISTING_CORRECTION,UPDATE_COMPARISON-ORIGIN-0034-origin2,ORIGIN,34,34,32,0.9411764705882353,0,18
gemma,EXISTING_CORRECTION,UPDATE_COMPARISON-ORIGIN-0034-origin3,ORIGIN,34,34,30,0.8823529411764706,0,23
gemma,EXISTING_CORRECTION,UPDATE_COMPARISON-ORIGIN-0035-origin0,ORIGIN,34,34,32,0.9411764705882353,0,7
gemma,EXISTING_CORRECTION,UPDATE_COMPARISON-ORIGIN-0035-origin1,ORIGIN,34,34,31,0.9117647058823529,0,11
gemma,EXISTING_CORRECTION,UPDATE_COMPARISON-ORIGIN-0035-origin2,ORIGIN,34,34,28,0.8235294117647058,0,19
gemma,EXISTING_CORRECTION,UPDATE_COMPARISON-ORIGIN-0035-origin3,ORIGIN,34,34,28,0.8235294117647058,0,28
gemma,EXISTING_CORRECTION,UPDATE_COMPARISON-ORIGIN-0036-origin0,ORIGIN,34,34,33,0.9705882352941176,0,4
gemma,EXISTING_CORRECTION,UPDATE_COMPARISON-ORIGIN-0036-origin1,ORIGIN,34,34,32,0.9411764705882353,0,14
gemma,EXISTING_CORRECTION,UPDATE_COMPARISON-ORIGIN-0036-origin2,ORIGIN,34,34,32,0.9411764705882353,0,20
gemma,EXISTING_CORRECTION,UPDATE_COMPARISON-ORIGIN-0036-origin3,ORIGIN,34,34,32,0.9411764705882353,0,17
gemma,EXISTING_CORRECTION,UPDATE_COMPARISON-ORIGIN-0037-origin0,ORIGIN,34,34,32,0.9411764705882353,0,5
gemma,EXISTING_CORRECTION,UPDATE_COMPARISON-ORIGIN-0037-origin1,ORIGIN,34,34,30,0.8823529411764706,0,11
gemma,EXISTING_CORRECTION,UPDATE_COMPARISON-ORIGIN-0037-origin2,ORIGIN,34,34,30,0.8823529411764706,0,17
gemma,EXISTING_CORRECTION,UPDATE_COMPARISON-ORIGIN-0037-origin3,ORIGIN,34,34,30,0.8823529411764706,0,16
gemma,EXISTING_CORRECTION,UPDATE_COMPARISON-ORIGIN-0038-origin0,ORIGIN,34,34,31,0.9117647058823529,0,5
gemma,EXISTING_CORRECTION,UPDATE_COMPARISON-ORIGIN-0038-origin1,ORIGIN,34,34,28,0.8235294117647058,0,11
gemma,EXISTING_CORRECTION,UPDATE_COMPARISON-ORIGIN-0038-origin2,ORIGIN,34,34,30,0.8823529411764706,0,19
gemma,EXISTING_CORRECTION,UPDATE_COMPARISON-ORIGIN-0038-origin3,ORIGIN,34,34,29,0.8529411764705882,0,19
gemma,EXISTING_CORRECTION,UPDATE_COMPARISON-ORIGIN-0039-origin0,ORIGIN,34,34,32,0.9411764705882353,0,4
gemma,EXISTING_CORRECTION,UPDATE_COMPARISON-ORIGIN-0039-origin1,ORIGIN,34,34,32,0.9411764705882353,0,9
gemma,EXISTING_CORRECTION,UPDATE_COMPARISON-ORIGIN-0039-origin2,ORIGIN,34,34,32,0.9411764705882353,0,12
gemma,EXISTING_CORRECTION,UPDATE_COMPARISON-ORIGIN-0039-origin3,ORIGIN,34,34,32,0.9411764705882353,0,12
gemma,EXISTING_CORRECTION,UPDATE_COMPARISON-ORIGIN-0040-origin0,ORIGIN,34,34,31,0.9117647058823529,0,3
gemma,EXISTING_CORRECTION,UPDATE_COMPARISON-ORIGIN-0040-origin1,ORIGIN,34,34,30,0.8823529411764706,0,4
gemma,EXISTING_CORRECTION,UPDATE_COMPARISON-ORIGIN-0040-origin2,ORIGIN,34,34,30,0.8823529411764706,0,12
gemma,EXISTING_CORRECTION,UPDATE_COMPARISON-ORIGIN-0040-origin3,ORIGIN,34,34,30,0.8823529411764706,0,12
gemma,EXISTING_CORRECTION,UPDATE_COMPARISON-ORIGIN-0041-origin0,ORIGIN,34,34,31,0.9117647058823529,0,3
gemma,EXISTING_CORRECTION,UPDATE_COMPARISON-ORIGIN-0041-origin1,ORIGIN,34,34,31,0.9117647058823529,0,9
gemma,EXISTING_CORRECTION,UPDATE_COMPARISON-ORIGIN-0041-origin2,ORIGIN,34,34,30,0.8823529411764706,0,11
gemma,EXISTING_CORRECTION,UPDATE_COMPARISON-ORIGIN-0041-origin3,ORIGIN,34,34,32,0.9411764705882353,0,16
gemma,EXISTING_CORRECTION,UPDATE_COMPARISON-ORIGIN-0042-origin0,ORIGIN,34,34,30,0.8823529411764706,0,2
gemma,EXISTING_CORRECTION,UPDATE_COMPARISON-ORIGIN-0042-origin1,ORIGIN,34,34,29,0.8529411764705882,0,11
gemma,EXISTING_CORRECTION,UPDATE_COMPARISON-ORIGIN-0042-origin2,ORIGIN,34,34,30,0.8823529411764706,0,14
gemma,EXISTING_CORRECTION,UPDATE_COMPARISON-ORIGIN-0042-origin3,ORIGIN,34,34,28,0.8235294117647058,0,20
gemma,EXISTING_CORRECTION,UPDATE_COMPARISON-ORIGIN-0043-origin0,ORIGIN,34,34,32,0.9411764705882353,0,2
gemma,EXISTING_CORRECTION,UPDATE_COMPARISON-ORIGIN-0043-origin1,ORIGIN,34,34,31,0.9117647058823529,0,3
gemma,EXISTING_CORRECTION,UPDATE_COMPARISON-ORIGIN-0043-origin2,ORIGIN,34,34,31,0.9117647058823529,0,12
gemma,EXISTING_CORRECTION,UPDATE_COMPARISON-ORIGIN-0043-origin3,ORIGIN,34,34,29,0.8529411764705882,0,14
gemma,EXISTING_CORRECTION,UPDATE_COMPARISON-ORIGIN-0044-origin0,ORIGIN,34,34,30,0.8823529411764706,0,8
gemma,EXISTING_CORRECTION,UPDATE_COMPARISON-ORIGIN-0044-origin1,ORIGIN,34,34,32,0.9411764705882353,0,10
gemma,EXISTING_CORRECTION,UPDATE_COMPARISON-ORIGIN-0044-origin2,ORIGIN,34,34,31,0.9117647058823529,0,13
gemma,EXISTING_CORRECTION,UPDATE_COMPARISON-ORIGIN-0044-origin3,ORIGIN,34,34,32,0.9411764705882353,0,16
gemma,EXISTING_CORRECTION,UPDATE_COMPARISON-ORIGIN-0045-origin0,ORIGIN,34,34,32,0.9411764705882353,0,2
gemma,EXISTING_CORRECTION,UPDATE_COMPARISON-ORIGIN-0045-origin1,ORIGIN,34,34,32,0.9411764705882353,0,7
gemma,EXISTING_CORRECTION,UPDATE_COMPARISON-ORIGIN-0045-origin2,ORIGIN,34,34,32,0.9411764705882353,0,9
gemma,EXISTING_CORRECTION,UPDATE_COMPARISON-ORIGIN-0045-origin3,ORIGIN,34,34,32,0.9411764705882353,0,16
gemma,EXISTING_CORRECTION,UPDATE_COMPARISON-ORIGIN-0046-origin0,ORIGIN,34,34,32,0.9411764705882353,0,4
gemma,EXISTING_CORRECTION,UPDATE_COMPARISON-ORIGIN-0046-origin1,ORIGIN,34,34,33,0.9705882352941176,0,11
gemma,EXISTING_CORRECTION,UPDATE_COMPARISON-ORIGIN-0046-origin2,ORIGIN,34,34,33,0.9705882352941176,0,13
gemma,EXISTING_CORRECTION,UPDATE_COMPARISON-ORIGIN-0046-origin3,ORIGIN,34,34,34,1.0,1,20
gemma,EXISTING_CORRECTION,UPDATE_COMPARISON-ORIGIN-0047-origin0,ORIGIN,34,34,33,0.9705882352941176,0,2
gemma,EXISTING_CORRECTION,UPDATE_COMPARISON-ORIGIN-0047-origin1,ORIGIN,34,34,33,0.9705882352941176,0,8
gemma,EXISTING_CORRECTION,UPDATE_COMPARISON-ORIGIN-0047-origin2,ORIGIN,34,34,34,1.0,1,16
gemma,EXISTING_CORRECTION,UPDATE_COMPARISON-ORIGIN-0047-origin3,ORIGIN,34,34,34,1.0,1,18
gemma,EXISTING_CORRECTION,UPDATE_COMPARISON-ORIGIN-0048-origin0,ORIGIN,34,34,28,0.8235294117647058,0,5
gemma,EXISTING_CORRECTION,UPDATE_COMPARISON-ORIGIN-0048-origin1,ORIGIN,34,34,28,0.8235294117647058,0,8
gemma,EXISTING_CORRECTION,UPDATE_COMPARISON-ORIGIN-0048-origin2,ORIGIN,34,34,26,0.7647058823529411,0,10
gemma,EXISTING_CORRECTION,UPDATE_COMPARISON-ORIGIN-0048-origin3,ORIGIN,34,34,26,0.7647058823529411,0,17
gemma,EXISTING_CORRECTION,UPDATE_COMPARISON-ORIGIN-0049-origin0,ORIGIN,34,34,32,0.9411764705882353,0,3
gemma,EXISTING_CORRECTION,UPDATE_COMPARISON-ORIGIN-0049-origin1,ORIGIN,34,34,30,0.8823529411764706,0,4
gemma,EXISTING_CORRECTION,UPDATE_COMPARISON-ORIGIN-0049-origin2,ORIGIN,34,34,31,0.9117647058823529,0,14
gemma,EXISTING_CORRECTION,UPDATE_COMPARISON-ORIGIN-0049-origin3,ORIGIN,34,34,30,0.8823529411764706,0,18
gemma,EXISTING_CORRECTION,UPDATE_COMPARISON-ORIGIN-0050-origin0,ORIGIN,34,34,29,0.8529411764705882,0,2
gemma,EXISTING_CORRECTION,UPDATE_COMPARISON-ORIGIN-0050-origin1,ORIGIN,34,34,31,0.9117647058823529,0,12
gemma,EXISTING_CORRECTION,UPDATE_COMPARISON-ORIGIN-0050-origin2,ORIGIN,34,34,30,0.8823529411764706,0,12
gemma,EXISTING_CORRECTION,UPDATE_COMPARISON-ORIGIN-0050-origin3,ORIGIN,34,34,29,0.8529411764705882,0,21
gemma,EXISTING_CORRECTION,UPDATE_COMPARISON-ORIGIN-0051-origin0,ORIGIN,34,34,30,0.8823529411764706,0,2
gemma,EXISTING_CORRECTION,UPDATE_COMPARISON-ORIGIN-0051-origin1,ORIGIN,34,34,30,0.8823529411764706,0,7
gemma,EXISTING_CORRECTION,UPDATE_COMPARISON-ORIGIN-0051-origin2,ORIGIN,34,34,32,0.9411764705882353,0,11
gemma,EXISTING_CORRECTION,UPDATE_COMPARISON-ORIGIN-0051-origin3,ORIGIN,34,34,28,0.8235294117647058,0,14
gemma,EXISTING_CORRECTION,UPDATE_COMPARISON-ORIGIN-0052-origin0,ORIGIN,34,34,32,0.9411764705882353,0,2
gemma,EXISTING_CORRECTION,UPDATE_COMPARISON-ORIGIN-0052-origin1,ORIGIN,34,34,32,0.9411764705882353,0,4
gemma,EXISTING_CORRECTION,UPDATE_COMPARISON-ORIGIN-0052-origin2,ORIGIN,34,34,32,0.9411764705882353,0,16
gemma,EXISTING_CORRECTION,UPDATE_COMPARISON-ORIGIN-0052-origin3,ORIGIN,34,34,32,0.9411764705882353,0,19
gemma,EXISTING_CORRECTION,UPDATE_COMPARISON-ORIGIN-0053-origin0,ORIGIN,34,34,32,0.9411764705882353,0,6
gemma,EXISTING_CORRECTION,UPDATE_COMPARISON-ORIGIN-0053-origin1,ORIGIN,34,34,32,0.9411764705882353,0,12
gemma,EXISTING_CORRECTION,UPDATE_COMPARISON-ORIGIN-0053-origin2,ORIGIN,34,34,32,0.9411764705882353,0,15
gemma,EXISTING_CORRECTION,UPDATE_COMPARISON-ORIGIN-0053-origin3,ORIGIN,34,34,32,0.9411764705882353,0,17
gemma,EXISTING_CORRECTION,UPDATE_COMPARISON-ORIGIN-0054-origin0,ORIGIN,34,34,32,0.9411764705882353,0,2
gemma,EXISTING_CORRECTION,UPDATE_COMPARISON-ORIGIN-0054-origin1,ORIGIN,34,34,32,0.9411764705882353,0,9
gemma,EXISTING_CORRECTION,UPDATE_COMPARISON-ORIGIN-0054-origin2,ORIGIN,34,34,32,0.9411764705882353,0,16
gemma,EXISTING_CORRECTION,UPDATE_COMPARISON-ORIGIN-0054-origin3,ORIGIN,34,34,32,0.9411764705882353,0,14
gemma,EXISTING_CORRECTION,UPDATE_COMPARISON-ORIGIN-0055-origin0,ORIGIN,34,34,32,0.9411764705882353,0,1
gemma,EXISTING_CORRECTION,UPDATE_COMPARISON-ORIGIN-0055-origin1,ORIGIN,34,34,32,0.9411764705882353,0,6
gemma,EXISTING_CORRECTION,UPDATE_COMPARISON-ORIGIN-0055-origin2,ORIGIN,34,34,32,0.9411764705882353,0,15
gemma,EXISTING_CORRECTION,UPDATE_COMPARISON-ORIGIN-0055-origin3,ORIGIN,34,34,32,0.9411764705882353,0,16
gemma,EXISTING_CORRECTION,UPDATE_COMPARISON-ORIGIN-0056-origin0,ORIGIN,34,34,27,0.7941176470588235,0,7
gemma,EXISTING_CORRECTION,UPDATE_COMPARISON-ORIGIN-0056-origin1,ORIGIN,34,34,27,0.7941176470588235,0,4
gemma,EXISTING_CORRECTION,UPDATE_COMPARISON-ORIGIN-0056-origin2,ORIGIN,34,34,28,0.8235294117647058,0,22
gemma,EXISTING_CORRECTION,UPDATE_COMPARISON-ORIGIN-0056-origin3,ORIGIN,34,34,26,0.7647058823529411,0,24
gemma,EXISTING_CORRECTION,UPDATE_COMPARISON-ORIGIN-0057-origin0,ORIGIN,34,34,34,1.0,1,2
gemma,EXISTING_CORRECTION,UPDATE_COMPARISON-ORIGIN-0057-origin1,ORIGIN,34,34,32,0.9411764705882353,0,10
gemma,EXISTING_CORRECTION,UPDATE_COMPARISON-ORIGIN-0057-origin2,ORIGIN,34,34,34,1.0,1,18
gemma,EXISTING_CORRECTION,UPDATE_COMPARISON-ORIGIN-0057-origin3,ORIGIN,34,34,32,0.9411764705882353,0,20
gemma,EXISTING_CORRECTION,UPDATE_COMPARISON-ORIGIN-0058-origin0,ORIGIN,34,34,31,0.9117647058823529,0,4
gemma,EXISTING_CORRECTION,UPDATE_COMPARISON-ORIGIN-0058-origin1,ORIGIN,34,34,29,0.8529411764705882,0,5
gemma,EXISTING_CORRECTION,UPDATE_COMPARISON-ORIGIN-0058-origin2,ORIGIN,34,34,31,0.9117647058823529,0,19
gemma,EXISTING_CORRECTION,UPDATE_COMPARISON-ORIGIN-0058-origin3,ORIGIN,34,34,30,0.8823529411764706,0,22
gemma,EXISTING_CORRECTION,UPDATE_COMPARISON-ORIGIN-0059-origin0,ORIGIN,34,34,27,0.7941176470588235,0,7
gemma,EXISTING_CORRECTION,UPDATE_COMPARISON-ORIGIN-0059-origin1,ORIGIN,34,34,27,0.7941176470588235,0,4
gemma,EXISTING_CORRECTION,UPDATE_COMPARISON-ORIGIN-0059-origin2,ORIGIN,34,34,26,0.7647058823529411,0,18
gemma,EXISTING_CORRECTION,UPDATE_COMPARISON-ORIGIN-0059-origin3,ORIGIN,34,34,26,0.7647058823529411,0,20
gemma,EXISTING_CORRECTION,UPDATE_COMPARISON-ORIGIN-0060-origin0,ORIGIN,34,34,34,1.0,1,4
gemma,EXISTING_CORRECTION,UPDATE_COMPARISON-ORIGIN-0060-origin1,ORIGIN,34,34,32,0.9411764705882353,0,12
gemma,EXISTING_CORRECTION,UPDATE_COMPARISON-ORIGIN-0060-origin2,ORIGIN,34,34,32,0.9411764705882353,0,16
gemma,EXISTING_CORRECTION,UPDATE_COMPARISON-ORIGIN-0060-origin3,ORIGIN,34,34,32,0.9411764705882353,0,21
gemma,EXISTING_CORRECTION,UPDATE_COMPARISON-ORIGIN-0061-origin0,ORIGIN,34,34,34,1.0,1,0
gemma,EXISTING_CORRECTION,UPDATE_COMPARISON-ORIGIN-0061-origin1,ORIGIN,34,34,34,1.0,1,11
gemma,EXISTING_CORRECTION,UPDATE_COMPARISON-ORIGIN-0061-origin2,ORIGIN,34,34,34,1.0,1,26
gemma,EXISTING_CORRECTION,UPDATE_COMPARISON-ORIGIN-0061-origin3,ORIGIN,34,34,34,1.0,1,20
gemma,EXISTING_CORRECTION,UPDATE_COMPARISON-ORIGIN-0062-origin0,ORIGIN,34,34,34,1.0,1,0
gemma,EXISTING_CORRECTION,UPDATE_COMPARISON-ORIGIN-0062-origin1,ORIGIN,34,34,34,1.0,1,12
gemma,EXISTING_CORRECTION,UPDATE_COMPARISON-ORIGIN-0062-origin2,ORIGIN,34,34,34,1.0,1,24
gemma,EXISTING_CORRECTION,UPDATE_COMPARISON-ORIGIN-0062-origin3,ORIGIN,34,34,34,1.0,1,22
gemma,EXISTING_CORRECTION,UPDATE_COMPARISON-ORIGIN-0063-origin0,ORIGIN,34,34,34,1.0,1,1
gemma,EXISTING_CORRECTION,UPDATE_COMPARISON-ORIGIN-0063-origin1,ORIGIN,34,34,34,1.0,1,4
gemma,EXISTING_CORRECTION,UPDATE_COMPARISON-ORIGIN-0063-origin2,ORIGIN,34,34,34,1.0,1,20
gemma,EXISTING_CORRECTION,UPDATE_COMPARISON-ORIGIN-0063-origin3,ORIGIN,34,34,34,1.0,1,22
gemma,FIELD_PLUS_LATEST_ERRATUM,UPDATE_COMPARISON-ORIGIN-0000-origin0,ORIGIN,34,34,34,1.0,1,3
gemma,FIELD_PLUS_LATEST_ERRATUM,UPDATE_COMPARISON-ORIGIN-0000-origin1,ORIGIN,34,34,32,0.9411764705882353,0,11
gemma,FIELD_PLUS_LATEST_ERRATUM,UPDATE_COMPARISON-ORIGIN-0000-origin2,ORIGIN,34,34,30,0.8823529411764706,0,18
gemma,FIELD_PLUS_LATEST_ERRATUM,UPDATE_COMPARISON-ORIGIN-0000-origin3,ORIGIN,34,34,29,0.8529411764705882,0,27
gemma,FIELD_PLUS_LATEST_ERRATUM,UPDATE_COMPARISON-ORIGIN-0001-origin0,ORIGIN,34,34,29,0.8529411764705882,0,7
gemma,FIELD_PLUS_LATEST_ERRATUM,UPDATE_COMPARISON-ORIGIN-0001-origin1,ORIGIN,34,34,30,0.8823529411764706,0,12
gemma,FIELD_PLUS_LATEST_ERRATUM,UPDATE_COMPARISON-ORIGIN-0001-origin2,ORIGIN,34,34,28,0.8235294117647058,0,26
gemma,FIELD_PLUS_LATEST_ERRATUM,UPDATE_COMPARISON-ORIGIN-0001-origin3,ORIGIN,34,34,28,0.8235294117647058,0,28
gemma,FIELD_PLUS_LATEST_ERRATUM,UPDATE_COMPARISON-ORIGIN-0002-origin0,ORIGIN,34,34,34,1.0,1,0
gemma,FIELD_PLUS_LATEST_ERRATUM,UPDATE_COMPARISON-ORIGIN-0002-origin1,ORIGIN,34,34,33,0.9705882352941176,0,10
gemma,FIELD_PLUS_LATEST_ERRATUM,UPDATE_COMPARISON-ORIGIN-0002-origin2,ORIGIN,34,34,33,0.9705882352941176,0,19
gemma,FIELD_PLUS_LATEST_ERRATUM,UPDATE_COMPARISON-ORIGIN-0002-origin3,ORIGIN,34,34,32,0.9411764705882353,0,20
gemma,FIELD_PLUS_LATEST_ERRATUM,UPDATE_COMPARISON-ORIGIN-0003-origin0,ORIGIN,34,34,34,1.0,1,6
gemma,FIELD_PLUS_LATEST_ERRATUM,UPDATE_COMPARISON-ORIGIN-0003-origin1,ORIGIN,34,34,33,0.9705882352941176,0,6
gemma,FIELD_PLUS_LATEST_ERRATUM,UPDATE_COMPARISON-ORIGIN-0003-origin2,ORIGIN,34,34,33,0.9705882352941176,0,14
gemma,FIELD_PLUS_LATEST_ERRATUM,UPDATE_COMPARISON-ORIGIN-0003-origin3,ORIGIN,34,34,32,0.9411764705882353,0,17
gemma,FIELD_PLUS_LATEST_ERRATUM,UPDATE_COMPARISON-ORIGIN-0004-origin0,ORIGIN,34,34,32,0.9411764705882353,0,5
gemma,FIELD_PLUS_LATEST_ERRATUM,UPDATE_COMPARISON-ORIGIN-0004-origin1,ORIGIN,34,34,31,0.9117647058823529,0,12
gemma,FIELD_PLUS_LATEST_ERRATUM,UPDATE_COMPARISON-ORIGIN-0004-origin2,ORIGIN,34,34,32,0.9411764705882353,0,18
gemma,FIELD_PLUS_LATEST_ERRATUM,UPDATE_COMPARISON-ORIGIN-0004-origin3,ORIGIN,34,34,31,0.9117647058823529,0,19
gemma,FIELD_PLUS_LATEST_ERRATUM,UPDATE_COMPARISON-ORIGIN-0005-origin0,ORIGIN,34,34,32,0.9411764705882353,0,9
gemma,FIELD_PLUS_LATEST_ERRATUM,UPDATE_COMPARISON-ORIGIN-0005-origin1,ORIGIN,34,34,32,0.9411764705882353,0,9
gemma,FIELD_PLUS_LATEST_ERRATUM,UPDATE_COMPARISON-ORIGIN-0005-origin2,ORIGIN,34,34,33,0.9705882352941176,0,15
gemma,FIELD_PLUS_LATEST_ERRATUM,UPDATE_COMPARISON-ORIGIN-0005-origin3,ORIGIN,34,34,33,0.9705882352941176,0,11
gemma,FIELD_PLUS_LATEST_ERRATUM,UPDATE_COMPARISON-ORIGIN-0006-origin0,ORIGIN,34,34,30,0.8823529411764706,0,4
gemma,FIELD_PLUS_LATEST_ERRATUM,UPDATE_COMPARISON-ORIGIN-0006-origin1,ORIGIN,34,34,30,0.8823529411764706,0,11
gemma,FIELD_PLUS_LATEST_ERRATUM,UPDATE_COMPARISON-ORIGIN-0006-origin2,ORIGIN,34,34,33,0.9705882352941176,0,19
gemma,FIELD_PLUS_LATEST_ERRATUM,UPDATE_COMPARISON-ORIGIN-0006-origin3,ORIGIN,34,34,32,0.9411764705882353,0,11
gemma,FIELD_PLUS_LATEST_ERRATUM,UPDATE_COMPARISON-ORIGIN-0007-origin0,ORIGIN,34,34,31,0.9117647058823529,0,12
gemma,FIELD_PLUS_LATEST_ERRATUM,UPDATE_COMPARISON-ORIGIN-0007-origin1,ORIGIN,34,34,30,0.8823529411764706,0,12
gemma,FIELD_PLUS_LATEST_ERRATUM,UPDATE_COMPARISON-ORIGIN-0007-origin2,ORIGIN,34,34,32,0.9411764705882353,0,17
gemma,FIELD_PLUS_LATEST_ERRATUM,UPDATE_COMPARISON-ORIGIN-0007-origin3,ORIGIN,34,34,34,1.0,1,12
gemma,FIELD_PLUS_LATEST_ERRATUM,UPDATE_COMPARISON-ORIGIN-0008-origin0,ORIGIN,34,34,29,0.8529411764705882,0,2
gemma,FIELD_PLUS_LATEST_ERRATUM,UPDATE_COMPARISON-ORIGIN-0008-origin1,ORIGIN,34,34,27,0.7941176470588235,0,9
gemma,FIELD_PLUS_LATEST_ERRATUM,UPDATE_COMPARISON-ORIGIN-0008-origin2,ORIGIN,34,34,28,0.8235294117647058,0,15
gemma,FIELD_PLUS_LATEST_ERRATUM,UPDATE_COMPARISON-ORIGIN-0008-origin3,ORIGIN,34,34,28,0.8235294117647058,0,21
gemma,FIELD_PLUS_LATEST_ERRATUM,UPDATE_COMPARISON-ORIGIN-0009-origin0,ORIGIN,34,34,33,0.9705882352941176,0,6
gemma,FIELD_PLUS_LATEST_ERRATUM,UPDATE_COMPARISON-ORIGIN-0009-origin1,ORIGIN,34,34,29,0.8529411764705882,0,10
gemma,FIELD_PLUS_LATEST_ERRATUM,UPDATE_COMPARISON-ORIGIN-0009-origin2,ORIGIN,34,34,32,0.9411764705882353,0,14
gemma,FIELD_PLUS_LATEST_ERRATUM,UPDATE_COMPARISON-ORIGIN-0009-origin3,ORIGIN,34,34,31,0.9117647058823529,0,19
gemma,FIELD_PLUS_LATEST_ERRATUM,UPDATE_COMPARISON-ORIGIN-0010-origin0,ORIGIN,34,34,29,0.8529411764705882,0,5
gemma,FIELD_PLUS_LATEST_ERRATUM,UPDATE_COMPARISON-ORIGIN-0010-origin1,ORIGIN,34,34,29,0.8529411764705882,0,8
gemma,FIELD_PLUS_LATEST_ERRATUM,UPDATE_COMPARISON-ORIGIN-0010-origin2,ORIGIN,34,34,30,0.8823529411764706,0,12
gemma,FIELD_PLUS_LATEST_ERRATUM,UPDATE_COMPARISON-ORIGIN-0010-origin3,ORIGIN,34,34,29,0.8529411764705882,0,21
gemma,FIELD_PLUS_LATEST_ERRATUM,UPDATE_COMPARISON-ORIGIN-0011-origin0,ORIGIN,34,34,31,0.9117647058823529,0,5
gemma,FIELD_PLUS_LATEST_ERRATUM,UPDATE_COMPARISON-ORIGIN-0011-origin1,ORIGIN,34,34,28,0.8235294117647058,0,10
gemma,FIELD_PLUS_LATEST_ERRATUM,UPDATE_COMPARISON-ORIGIN-0011-origin2,ORIGIN,34,34,28,0.8235294117647058,0,18
gemma,FIELD_PLUS_LATEST_ERRATUM,UPDATE_COMPARISON-ORIGIN-0011-origin3,ORIGIN,34,34,27,0.7941176470588235,0,21
gemma,FIELD_PLUS_LATEST_ERRATUM,UPDATE_COMPARISON-ORIGIN-0012-origin0,ORIGIN,34,34,32,0.9411764705882353,0,2
gemma,FIELD_PLUS_LATEST_ERRATUM,UPDATE_COMPARISON-ORIGIN-0012-origin1,ORIGIN,34,34,33,0.9705882352941176,0,9
gemma,FIELD_PLUS_LATEST_ERRATUM,UPDATE_COMPARISON-ORIGIN-0012-origin2,ORIGIN,34,34,34,1.0,1,14
gemma,FIELD_PLUS_LATEST_ERRATUM,UPDATE_COMPARISON-ORIGIN-0012-origin3,ORIGIN,34,34,34,1.0,1,14
gemma,FIELD_PLUS_LATEST_ERRATUM,UPDATE_COMPARISON-ORIGIN-0013-origin0,ORIGIN,34,34,32,0.9411764705882353,0,2
gemma,FIELD_PLUS_LATEST_ERRATUM,UPDATE_COMPARISON-ORIGIN-0013-origin1,ORIGIN,34,34,34,1.0,1,8
gemma,FIELD_PLUS_LATEST_ERRATUM,UPDATE_COMPARISON-ORIGIN-0013-origin2,ORIGIN,34,34,33,0.9705882352941176,0,13
gemma,FIELD_PLUS_LATEST_ERRATUM,UPDATE_COMPARISON-ORIGIN-0013-origin3,ORIGIN,34,34,34,1.0,1,17
gemma,FIELD_PLUS_LATEST_ERRATUM,UPDATE_COMPARISON-ORIGIN-0014-origin0,ORIGIN,34,34,34,1.0,1,5
gemma,FIELD_PLUS_LATEST_ERRATUM,UPDATE_COMPARISON-ORIGIN-0014-origin1,ORIGIN,34,34,34,1.0,1,12
gemma,FIELD_PLUS_LATEST_ERRATUM,UPDATE_COMPARISON-ORIGIN-0014-origin2,ORIGIN,34,34,34,1.0,1,12
gemma,FIELD_PLUS_LATEST_ERRATUM,UPDATE_COMPARISON-ORIGIN-0014-origin3,ORIGIN,34,34,34,1.0,1,18
gemma,FIELD_PLUS_LATEST_ERRATUM,UPDATE_COMPARISON-ORIGIN-0015-origin0,ORIGIN,34,34,34,1.0,1,11
gemma,FIELD_PLUS_LATEST_ERRATUM,UPDATE_COMPARISON-ORIGIN-0015-origin1,ORIGIN,34,34,34,1.0,1,11
gemma,FIELD_PLUS_LATEST_ERRATUM,UPDATE_COMPARISON-ORIGIN-0015-origin2,ORIGIN,34,34,34,1.0,1,18
gemma,FIELD_PLUS_LATEST_ERRATUM,UPDATE_COMPARISON-ORIGIN-0015-origin3,ORIGIN,34,34,34,1.0,1,20
gemma,FIELD_PLUS_LATEST_ERRATUM,UPDATE_COMPARISON-ORIGIN-0016-origin0,ORIGIN,34,34,34,1.0,1,3
gemma,FIELD_PLUS_LATEST_ERRATUM,UPDATE_COMPARISON-ORIGIN-0016-origin1,ORIGIN,34,34,32,0.9411764705882353,0,10
gemma,FIELD_PLUS_LATEST_ERRATUM,UPDATE_COMPARISON-ORIGIN-0016-origin2,ORIGIN,34,34,33,0.9705882352941176,0,13
gemma,FIELD_PLUS_LATEST_ERRATUM,UPDATE_COMPARISON-ORIGIN-0016-origin3,ORIGIN,34,34,31,0.9117647058823529,0,15
gemma,FIELD_PLUS_LATEST_ERRATUM,UPDATE_COMPARISON-ORIGIN-0017-origin0,ORIGIN,34,34,33,0.9705882352941176,0,1
gemma,FIELD_PLUS_LATEST_ERRATUM,UPDATE_COMPARISON-ORIGIN-0017-origin1,ORIGIN,34,34,32,0.9411764705882353,0,1
gemma,FIELD_PLUS_LATEST_ERRATUM,UPDATE_COMPARISON-ORIGIN-0017-origin2,ORIGIN,34,34,31,0.9117647058823529,0,10
gemma,FIELD_PLUS_LATEST_ERRATUM,UPDATE_COMPARISON-ORIGIN-0017-origin3,ORIGIN,34,34,32,0.9411764705882353,0,12
gemma,FIELD_PLUS_LATEST_ERRATUM,UPDATE_COMPARISON-ORIGIN-0018-origin0,ORIGIN,34,34,25,0.7352941176470589,0,9
gemma,FIELD_PLUS_LATEST_ERRATUM,UPDATE_COMPARISON-ORIGIN-0018-origin1,ORIGIN,34,34,25,0.7352941176470589,0,11
gemma,FIELD_PLUS_LATEST_ERRATUM,UPDATE_COMPARISON-ORIGIN-0018-origin2,ORIGIN,34,34,26,0.7647058823529411,0,18
gemma,FIELD_PLUS_LATEST_ERRATUM,UPDATE_COMPARISON-ORIGIN-0018-origin3,ORIGIN,34,34,27,0.7941176470588235,0,21
gemma,FIELD_PLUS_LATEST_ERRATUM,UPDATE_COMPARISON-ORIGIN-0019-origin0,ORIGIN,34,34,30,0.8823529411764706,0,3
gemma,FIELD_PLUS_LATEST_ERRATUM,UPDATE_COMPARISON-ORIGIN-0019-origin1,ORIGIN,34,34,30,0.8823529411764706,0,8
gemma,FIELD_PLUS_LATEST_ERRATUM,UPDATE_COMPARISON-ORIGIN-0019-origin2,ORIGIN,34,34,31,0.9117647058823529,0,12
gemma,FIELD_PLUS_LATEST_ERRATUM,UPDATE_COMPARISON-ORIGIN-0019-origin3,ORIGIN,34,34,30,0.8823529411764706,0,13
gemma,FIELD_PLUS_LATEST_ERRATUM,UPDATE_COMPARISON-ORIGIN-0020-origin0,ORIGIN,34,34,32,0.9411764705882353,0,2
gemma,FIELD_PLUS_LATEST_ERRATUM,UPDATE_COMPARISON-ORIGIN-0020-origin1,ORIGIN,34,34,30,0.8823529411764706,0,12
gemma,FIELD_PLUS_LATEST_ERRATUM,UPDATE_COMPARISON-ORIGIN-0020-origin2,ORIGIN,34,34,32,0.9411764705882353,0,14
gemma,FIELD_PLUS_LATEST_ERRATUM,UPDATE_COMPARISON-ORIGIN-0020-origin3,ORIGIN,34,34,30,0.8823529411764706,0,16
gemma,FIELD_PLUS_LATEST_ERRATUM,UPDATE_COMPARISON-ORIGIN-0021-origin0,ORIGIN,34,34,32,0.9411764705882353,0,9
gemma,FIELD_PLUS_LATEST_ERRATUM,UPDATE_COMPARISON-ORIGIN-0021-origin1,ORIGIN,34,34,32,0.9411764705882353,0,17
gemma,FIELD_PLUS_LATEST_ERRATUM,UPDATE_COMPARISON-ORIGIN-0021-origin2,ORIGIN,34,34,32,0.9411764705882353,0,16
gemma,FIELD_PLUS_LATEST_ERRATUM,UPDATE_COMPARISON-ORIGIN-0021-origin3,ORIGIN,34,34,33,0.9705882352941176,0,17
gemma,FIELD_PLUS_LATEST_ERRATUM,UPDATE_COMPARISON-ORIGIN-0022-origin0,ORIGIN,34,34,29,0.8529411764705882,0,3
gemma,FIELD_PLUS_LATEST_ERRATUM,UPDATE_COMPARISON-ORIGIN-0022-origin1,ORIGIN,34,34,32,0.9411764705882353,0,12
gemma,FIELD_PLUS_LATEST_ERRATUM,UPDATE_COMPARISON-ORIGIN-0022-origin2,ORIGIN,34,34,32,0.9411764705882353,0,16
gemma,FIELD_PLUS_LATEST_ERRATUM,UPDATE_COMPARISON-ORIGIN-0022-origin3,ORIGIN,34,34,32,0.9411764705882353,0,14
gemma,FIELD_PLUS_LATEST_ERRATUM,UPDATE_COMPARISON-ORIGIN-0023-origin0,ORIGIN,34,34,32,0.9411764705882353,0,2
gemma,FIELD_PLUS_LATEST_ERRATUM,UPDATE_COMPARISON-ORIGIN-0023-origin1,ORIGIN,34,34,33,0.9705882352941176,0,13
gemma,FIELD_PLUS_LATEST_ERRATUM,UPDATE_COMPARISON-ORIGIN-0023-origin2,ORIGIN,34,34,33,0.9705882352941176,0,14
gemma,FIELD_PLUS_LATEST_ERRATUM,UPDATE_COMPARISON-ORIGIN-0023-origin3,ORIGIN,34,34,34,1.0,1,14
gemma,FIELD_PLUS_LATEST_ERRATUM,UPDATE_COMPARISON-ORIGIN-0024-origin0,ORIGIN,34,34,32,0.9411764705882353,0,0
gemma,FIELD_PLUS_LATEST_ERRATUM,UPDATE_COMPARISON-ORIGIN-0024-origin1,ORIGIN,34,34,32,0.9411764705882353,0,10
gemma,FIELD_PLUS_LATEST_ERRATUM,UPDATE_COMPARISON-ORIGIN-0024-origin2,ORIGIN,34,34,33,0.9705882352941176,0,17
gemma,FIELD_PLUS_LATEST_ERRATUM,UPDATE_COMPARISON-ORIGIN-0024-origin3,ORIGIN,34,34,32,0.9411764705882353,0,19
gemma,FIELD_PLUS_LATEST_ERRATUM,UPDATE_COMPARISON-ORIGIN-0025-origin0,ORIGIN,34,34,34,1.0,1,1
gemma,FIELD_PLUS_LATEST_ERRATUM,UPDATE_COMPARISON-ORIGIN-0025-origin1,ORIGIN,34,34,32,0.9411764705882353,0,10
gemma,FIELD_PLUS_LATEST_ERRATUM,UPDATE_COMPARISON-ORIGIN-0025-origin2,ORIGIN,34,34,33,0.9705882352941176,0,16
gemma,FIELD_PLUS_LATEST_ERRATUM,UPDATE_COMPARISON-ORIGIN-0025-origin3,ORIGIN,34,34,34,1.0,1,17
gemma,FIELD_PLUS_LATEST_ERRATUM,UPDATE_COMPARISON-ORIGIN-0026-origin0,ORIGIN,34,34,32,0.9411764705882353,0,4
gemma,FIELD_PLUS_LATEST_ERRATUM,UPDATE_COMPARISON-ORIGIN-0026-origin1,ORIGIN,34,34,32,0.9411764705882353,0,9
gemma,FIELD_PLUS_LATEST_ERRATUM,UPDATE_COMPARISON-ORIGIN-0026-origin2,ORIGIN,34,34,32,0.9411764705882353,0,17
gemma,FIELD_PLUS_LATEST_ERRATUM,UPDATE_COMPARISON-ORIGIN-0026-origin3,ORIGIN,34,34,32,0.9411764705882353,0,19
gemma,FIELD_PLUS_LATEST_ERRATUM,UPDATE_COMPARISON-ORIGIN-0027-origin0,ORIGIN,34,34,33,0.9705882352941176,0,10
gemma,FIELD_PLUS_LATEST_ERRATUM,UPDATE_COMPARISON-ORIGIN-0027-origin1,ORIGIN,34,34,32,0.9411764705882353,0,10
gemma,FIELD_PLUS_LATEST_ERRATUM,UPDATE_COMPARISON-ORIGIN-0027-origin2,ORIGIN,34,34,33,0.9705882352941176,0,17
gemma,FIELD_PLUS_LATEST_ERRATUM,UPDATE_COMPARISON-ORIGIN-0027-origin3,ORIGIN,34,34,32,0.9411764705882353,0,20
gemma,FIELD_PLUS_LATEST_ERRATUM,UPDATE_COMPARISON-ORIGIN-0028-origin0,ORIGIN,34,34,34,1.0,1,0
gemma,FIELD_PLUS_LATEST_ERRATUM,UPDATE_COMPARISON-ORIGIN-0028-origin1,ORIGIN,34,34,34,1.0,1,10
gemma,FIELD_PLUS_LATEST_ERRATUM,UPDATE_COMPARISON-ORIGIN-0028-origin2,ORIGIN,34,34,34,1.0,1,20
gemma,FIELD_PLUS_LATEST_ERRATUM,UPDATE_COMPARISON-ORIGIN-0028-origin3,ORIGIN,34,34,34,1.0,1,22
gemma,FIELD_PLUS_LATEST_ERRATUM,UPDATE_COMPARISON-ORIGIN-0029-origin0,ORIGIN,34,34,34,1.0,1,0
gemma,FIELD_PLUS_LATEST_ERRATUM,UPDATE_COMPARISON-ORIGIN-0029-origin1,ORIGIN,34,34,34,1.0,1,0
gemma,FIELD_PLUS_LATEST_ERRATUM,UPDATE_COMPARISON-ORIGIN-0029-origin2,ORIGIN,34,34,34,1.0,1,27
gemma,FIELD_PLUS_LATEST_ERRATUM,UPDATE_COMPARISON-ORIGIN-0029-origin3,ORIGIN,34,34,34,1.0,1,26
gemma,FIELD_PLUS_LATEST_ERRATUM,UPDATE_COMPARISON-ORIGIN-0030-origin0,ORIGIN,34,34,34,1.0,1,0
gemma,FIELD_PLUS_LATEST_ERRATUM,UPDATE_COMPARISON-ORIGIN-0030-origin1,ORIGIN,34,34,34,1.0,1,12
gemma,FIELD_PLUS_LATEST_ERRATUM,UPDATE_COMPARISON-ORIGIN-0030-origin2,ORIGIN,34,34,34,1.0,1,19
gemma,FIELD_PLUS_LATEST_ERRATUM,UPDATE_COMPARISON-ORIGIN-0030-origin3,ORIGIN,34,34,34,1.0,1,25
gemma,FIELD_PLUS_LATEST_ERRATUM,UPDATE_COMPARISON-ORIGIN-0031-origin0,ORIGIN,34,34,34,1.0,1,0
gemma,FIELD_PLUS_LATEST_ERRATUM,UPDATE_COMPARISON-ORIGIN-0031-origin1,ORIGIN,34,34,34,1.0,1,10
gemma,FIELD_PLUS_LATEST_ERRATUM,UPDATE_COMPARISON-ORIGIN-0031-origin2,ORIGIN,34,34,34,1.0,1,23
gemma,FIELD_PLUS_LATEST_ERRATUM,UPDATE_COMPARISON-ORIGIN-0031-origin3,ORIGIN,34,34,34,1.0,1,22
gemma,FIELD_PLUS_LATEST_ERRATUM,UPDATE_COMPARISON-ORIGIN-0032-origin0,ORIGIN,34,34,34,1.0,1,1
gemma,FIELD_PLUS_LATEST_ERRATUM,UPDATE_COMPARISON-ORIGIN-0032-origin1,ORIGIN,34,34,34,1.0,1,13
gemma,FIELD_PLUS_LATEST_ERRATUM,UPDATE_COMPARISON-ORIGIN-0032-origin2,ORIGIN,34,34,33,0.9705882352941176,0,17
gemma,FIELD_PLUS_LATEST_ERRATUM,UPDATE_COMPARISON-ORIGIN-0032-origin3,ORIGIN,34,34,30,0.8823529411764706,0,26
gemma,FIELD_PLUS_LATEST_ERRATUM,UPDATE_COMPARISON-ORIGIN-0033-origin0,ORIGIN,34,34,34,1.0,1,2
gemma,FIELD_PLUS_LATEST_ERRATUM,UPDATE_COMPARISON-ORIGIN-0033-origin1,ORIGIN,34,34,33,0.9705882352941176,0,11
gemma,FIELD_PLUS_LATEST_ERRATUM,UPDATE_COMPARISON-ORIGIN-0033-origin2,ORIGIN,34,34,32,0.9411764705882353,0,16
gemma,FIELD_PLUS_LATEST_ERRATUM,UPDATE_COMPARISON-ORIGIN-0033-origin3,ORIGIN,34,34,30,0.8823529411764706,0,26
gemma,FIELD_PLUS_LATEST_ERRATUM,UPDATE_COMPARISON-ORIGIN-0034-origin0,ORIGIN,34,34,33,0.9705882352941176,0,1
gemma,FIELD_PLUS_LATEST_ERRATUM,UPDATE_COMPARISON-ORIGIN-0034-origin1,ORIGIN,34,34,33,0.9705882352941176,0,6
gemma,FIELD_PLUS_LATEST_ERRATUM,UPDATE_COMPARISON-ORIGIN-0034-origin2,ORIGIN,34,34,31,0.9117647058823529,0,17
gemma,FIELD_PLUS_LATEST_ERRATUM,UPDATE_COMPARISON-ORIGIN-0034-origin3,ORIGIN,34,34,28,0.8235294117647058,0,25
gemma,FIELD_PLUS_LATEST_ERRATUM,UPDATE_COMPARISON-ORIGIN-0035-origin0,ORIGIN,34,34,32,0.9411764705882353,0,7
gemma,FIELD_PLUS_LATEST_ERRATUM,UPDATE_COMPARISON-ORIGIN-0035-origin1,ORIGIN,34,34,31,0.9117647058823529,0,11
gemma,FIELD_PLUS_LATEST_ERRATUM,UPDATE_COMPARISON-ORIGIN-0035-origin2,ORIGIN,34,34,29,0.8529411764705882,0,18
gemma,FIELD_PLUS_LATEST_ERRATUM,UPDATE_COMPARISON-ORIGIN-0035-origin3,ORIGIN,34,34,29,0.8529411764705882,0,27
gemma,FIELD_PLUS_LATEST_ERRATUM,UPDATE_COMPARISON-ORIGIN-0036-origin0,ORIGIN,34,34,34,1.0,1,5
gemma,FIELD_PLUS_LATEST_ERRATUM,UPDATE_COMPARISON-ORIGIN-0036-origin1,ORIGIN,34,34,31,0.9117647058823529,0,9
gemma,FIELD_PLUS_LATEST_ERRATUM,UPDATE_COMPARISON-ORIGIN-0036-origin2,ORIGIN,34,34,31,0.9117647058823529,0,21
gemma,FIELD_PLUS_LATEST_ERRATUM,UPDATE_COMPARISON-ORIGIN-0036-origin3,ORIGIN,34,34,30,0.8823529411764706,0,19
gemma,FIELD_PLUS_LATEST_ERRATUM,UPDATE_COMPARISON-ORIGIN-0037-origin0,ORIGIN,34,34,33,0.9705882352941176,0,2
gemma,FIELD_PLUS_LATEST_ERRATUM,UPDATE_COMPARISON-ORIGIN-0037-origin1,ORIGIN,34,34,32,0.9411764705882353,0,9
gemma,FIELD_PLUS_LATEST_ERRATUM,UPDATE_COMPARISON-ORIGIN-0037-origin2,ORIGIN,34,34,33,0.9705882352941176,0,14
gemma,FIELD_PLUS_LATEST_ERRATUM,UPDATE_COMPARISON-ORIGIN-0037-origin3,ORIGIN,34,34,31,0.9117647058823529,0,17
gemma,FIELD_PLUS_LATEST_ERRATUM,UPDATE_COMPARISON-ORIGIN-0038-origin0,ORIGIN,34,34,32,0.9411764705882353,0,6
gemma,FIELD_PLUS_LATEST_ERRATUM,UPDATE_COMPARISON-ORIGIN-0038-origin1,ORIGIN,34,34,30,0.8823529411764706,0,9
gemma,FIELD_PLUS_LATEST_ERRATUM,UPDATE_COMPARISON-ORIGIN-0038-origin2,ORIGIN,34,34,30,0.8823529411764706,0,19
gemma,FIELD_PLUS_LATEST_ERRATUM,UPDATE_COMPARISON-ORIGIN-0038-origin3,ORIGIN,34,34,30,0.8823529411764706,0,20
gemma,FIELD_PLUS_LATEST_ERRATUM,UPDATE_COMPARISON-ORIGIN-0039-origin0,ORIGIN,34,34,32,0.9411764705882353,0,4
gemma,FIELD_PLUS_LATEST_ERRATUM,UPDATE_COMPARISON-ORIGIN-0039-origin1,ORIGIN,34,34,34,1.0,1,9
gemma,FIELD_PLUS_LATEST_ERRATUM,UPDATE_COMPARISON-ORIGIN-0039-origin2,ORIGIN,34,34,33,0.9705882352941176,0,13
gemma,FIELD_PLUS_LATEST_ERRATUM,UPDATE_COMPARISON-ORIGIN-0039-origin3,ORIGIN,34,34,32,0.9411764705882353,0,12
gemma,FIELD_PLUS_LATEST_ERRATUM,UPDATE_COMPARISON-ORIGIN-0040-origin0,ORIGIN,34,34,32,0.9411764705882353,0,0
gemma,FIELD_PLUS_LATEST_ERRATUM,UPDATE_COMPARISON-ORIGIN-0040-origin1,ORIGIN,34,34,30,0.8823529411764706,0,4
gemma,FIELD_PLUS_LATEST_ERRATUM,UPDATE_COMPARISON-ORIGIN-0040-origin2,ORIGIN,34,34,31,0.9117647058823529,0,13
gemma,FIELD_PLUS_LATEST_ERRATUM,UPDATE_COMPARISON-ORIGIN-0040-origin3,ORIGIN,34,34,30,0.8823529411764706,0,12
gemma,FIELD_PLUS_LATEST_ERRATUM,UPDATE_COMPARISON-ORIGIN-0041-origin0,ORIGIN,34,34,30,0.8823529411764706,0,2
gemma,FIELD_PLUS_LATEST_ERRATUM,UPDATE_COMPARISON-ORIGIN-0041-origin1,ORIGIN,34,34,30,0.8823529411764706,0,8
gemma,FIELD_PLUS_LATEST_ERRATUM,UPDATE_COMPARISON-ORIGIN-0041-origin2,ORIGIN,34,34,32,0.9411764705882353,0,11
gemma,FIELD_PLUS_LATEST_ERRATUM,UPDATE_COMPARISON-ORIGIN-0041-origin3,ORIGIN,34,34,31,0.9117647058823529,0,17
gemma,FIELD_PLUS_LATEST_ERRATUM,UPDATE_COMPARISON-ORIGIN-0042-origin0,ORIGIN,34,34,31,0.9117647058823529,0,1
gemma,FIELD_PLUS_LATEST_ERRATUM,UPDATE_COMPARISON-ORIGIN-0042-origin1,ORIGIN,34,34,31,0.9117647058823529,0,9
gemma,FIELD_PLUS_LATEST_ERRATUM,UPDATE_COMPARISON-ORIGIN-0042-origin2,ORIGIN,34,34,30,0.8823529411764706,0,12
gemma,FIELD_PLUS_LATEST_ERRATUM,UPDATE_COMPARISON-ORIGIN-0042-origin3,ORIGIN,34,34,29,0.8529411764705882,0,19
gemma,FIELD_PLUS_LATEST_ERRATUM,UPDATE_COMPARISON-ORIGIN-0043-origin0,ORIGIN,34,34,33,0.9705882352941176,0,1
gemma,FIELD_PLUS_LATEST_ERRATUM,UPDATE_COMPARISON-ORIGIN-0043-origin1,ORIGIN,34,34,30,0.8823529411764706,0,2
gemma,FIELD_PLUS_LATEST_ERRATUM,UPDATE_COMPARISON-ORIGIN-0043-origin2,ORIGIN,34,34,31,0.9117647058823529,0,12
gemma,FIELD_PLUS_LATEST_ERRATUM,UPDATE_COMPARISON-ORIGIN-0043-origin3,ORIGIN,34,34,30,0.8823529411764706,0,15
gemma,FIELD_PLUS_LATEST_ERRATUM,UPDATE_COMPARISON-ORIGIN-0044-origin0,ORIGIN,34,34,32,0.9411764705882353,0,6
gemma,FIELD_PLUS_LATEST_ERRATUM,UPDATE_COMPARISON-ORIGIN-0044-origin1,ORIGIN,34,34,33,0.9705882352941176,0,9
gemma,FIELD_PLUS_LATEST_ERRATUM,UPDATE_COMPARISON-ORIGIN-0044-origin2,ORIGIN,34,34,33,0.9705882352941176,0,15
gemma,FIELD_PLUS_LATEST_ERRATUM,UPDATE_COMPARISON-ORIGIN-0044-origin3,ORIGIN,34,34,34,1.0,1,18
gemma,FIELD_PLUS_LATEST_ERRATUM,UPDATE_COMPARISON-ORIGIN-0045-origin0,ORIGIN,34,34,34,1.0,1,0
gemma,FIELD_PLUS_LATEST_ERRATUM,UPDATE_COMPARISON-ORIGIN-0045-origin1,ORIGIN,34,34,33,0.9705882352941176,0,6
gemma,FIELD_PLUS_LATEST_ERRATUM,UPDATE_COMPARISON-ORIGIN-0045-origin2,ORIGIN,34,34,32,0.9411764705882353,0,9
gemma,FIELD_PLUS_LATEST_ERRATUM,UPDATE_COMPARISON-ORIGIN-0045-origin3,ORIGIN,34,34,34,1.0,1,18
gemma,FIELD_PLUS_LATEST_ERRATUM,UPDATE_COMPARISON-ORIGIN-0046-origin0,ORIGIN,34,34,30,0.8823529411764706,0,6
gemma,FIELD_PLUS_LATEST_ERRATUM,UPDATE_COMPARISON-ORIGIN-0046-origin1,ORIGIN,34,34,30,0.8823529411764706,0,14
gemma,FIELD_PLUS_LATEST_ERRATUM,UPDATE_COMPARISON-ORIGIN-0046-origin2,ORIGIN,34,34,32,0.9411764705882353,0,12
gemma,FIELD_PLUS_LATEST_ERRATUM,UPDATE_COMPARISON-ORIGIN-0046-origin3,ORIGIN,34,34,33,0.9705882352941176,0,19
gemma,FIELD_PLUS_LATEST_ERRATUM,UPDATE_COMPARISON-ORIGIN-0047-origin0,ORIGIN,34,34,34,1.0,1,1
gemma,FIELD_PLUS_LATEST_ERRATUM,UPDATE_COMPARISON-ORIGIN-0047-origin1,ORIGIN,34,34,34,1.0,1,7
gemma,FIELD_PLUS_LATEST_ERRATUM,UPDATE_COMPARISON-ORIGIN-0047-origin2,ORIGIN,34,34,34,1.0,1,16
gemma,FIELD_PLUS_LATEST_ERRATUM,UPDATE_COMPARISON-ORIGIN-0047-origin3,ORIGIN,34,34,34,1.0,1,18
gemma,FIELD_PLUS_LATEST_ERRATUM,UPDATE_COMPARISON-ORIGIN-0048-origin0,ORIGIN,34,34,32,0.9411764705882353,0,1
gemma,FIELD_PLUS_LATEST_ERRATUM,UPDATE_COMPARISON-ORIGIN-0048-origin1,ORIGIN,34,34,31,0.9117647058823529,0,11
gemma,FIELD_PLUS_LATEST_ERRATUM,UPDATE_COMPARISON-ORIGIN-0048-origin2,ORIGIN,34,34,33,0.9705882352941176,0,9
gemma,FIELD_PLUS_LATEST_ERRATUM,UPDATE_COMPARISON-ORIGIN-0048-origin3,ORIGIN,34,34,32,0.9411764705882353,0,17
gemma,FIELD_PLUS_LATEST_ERRATUM,UPDATE_COMPARISON-ORIGIN-0049-origin0,ORIGIN,34,34,32,0.9411764705882353,0,1
gemma,FIELD_PLUS_LATEST_ERRATUM,UPDATE_COMPARISON-ORIGIN-0049-origin1,ORIGIN,34,34,30,0.8823529411764706,0,4
gemma,FIELD_PLUS_LATEST_ERRATUM,UPDATE_COMPARISON-ORIGIN-0049-origin2,ORIGIN,34,34,31,0.9117647058823529,0,12
gemma,FIELD_PLUS_LATEST_ERRATUM,UPDATE_COMPARISON-ORIGIN-0049-origin3,ORIGIN,34,34,30,0.8823529411764706,0,18
gemma,FIELD_PLUS_LATEST_ERRATUM,UPDATE_COMPARISON-ORIGIN-0050-origin0,ORIGIN,34,34,33,0.9705882352941176,0,4
gemma,FIELD_PLUS_LATEST_ERRATUM,UPDATE_COMPARISON-ORIGIN-0050-origin1,ORIGIN,34,34,33,0.9705882352941176,0,10
gemma,FIELD_PLUS_LATEST_ERRATUM,UPDATE_COMPARISON-ORIGIN-0050-origin2,ORIGIN,34,34,32,0.9411764705882353,0,10
gemma,FIELD_PLUS_LATEST_ERRATUM,UPDATE_COMPARISON-ORIGIN-0050-origin3,ORIGIN,34,34,29,0.8529411764705882,0,21
gemma,FIELD_PLUS_LATEST_ERRATUM,UPDATE_COMPARISON-ORIGIN-0051-origin0,ORIGIN,34,34,33,0.9705882352941176,0,3
gemma,FIELD_PLUS_LATEST_ERRATUM,UPDATE_COMPARISON-ORIGIN-0051-origin1,ORIGIN,34,34,33,0.9705882352941176,0,10
gemma,FIELD_PLUS_LATEST_ERRATUM,UPDATE_COMPARISON-ORIGIN-0051-origin2,ORIGIN,34,34,33,0.9705882352941176,0,12
gemma,FIELD_PLUS_LATEST_ERRATUM,UPDATE_COMPARISON-ORIGIN-0051-origin3,ORIGIN,34,34,32,0.9411764705882353,0,18
gemma,FIELD_PLUS_LATEST_ERRATUM,UPDATE_COMPARISON-ORIGIN-0052-origin0,ORIGIN,34,34,32,0.9411764705882353,0,2
gemma,FIELD_PLUS_LATEST_ERRATUM,UPDATE_COMPARISON-ORIGIN-0052-origin1,ORIGIN,34,34,32,0.9411764705882353,0,4
gemma,FIELD_PLUS_LATEST_ERRATUM,UPDATE_COMPARISON-ORIGIN-0052-origin2,ORIGIN,34,34,31,0.9117647058823529,0,17
gemma,FIELD_PLUS_LATEST_ERRATUM,UPDATE_COMPARISON-ORIGIN-0052-origin3,ORIGIN,34,34,32,0.9411764705882353,0,19
gemma,FIELD_PLUS_LATEST_ERRATUM,UPDATE_COMPARISON-ORIGIN-0053-origin0,ORIGIN,34,34,34,1.0,1,4
gemma,FIELD_PLUS_LATEST_ERRATUM,UPDATE_COMPARISON-ORIGIN-0053-origin1,ORIGIN,34,34,34,1.0,1,10
gemma,FIELD_PLUS_LATEST_ERRATUM,UPDATE_COMPARISON-ORIGIN-0053-origin2,ORIGIN,34,34,34,1.0,1,13
gemma,FIELD_PLUS_LATEST_ERRATUM,UPDATE_COMPARISON-ORIGIN-0053-origin3,ORIGIN,34,34,34,1.0,1,15
gemma,FIELD_PLUS_LATEST_ERRATUM,UPDATE_COMPARISON-ORIGIN-0054-origin0,ORIGIN,34,34,32,0.9411764705882353,0,2
gemma,FIELD_PLUS_LATEST_ERRATUM,UPDATE_COMPARISON-ORIGIN-0054-origin1,ORIGIN,34,34,32,0.9411764705882353,0,9
gemma,FIELD_PLUS_LATEST_ERRATUM,UPDATE_COMPARISON-ORIGIN-0054-origin2,ORIGIN,34,34,34,1.0,1,18
gemma,FIELD_PLUS_LATEST_ERRATUM,UPDATE_COMPARISON-ORIGIN-0054-origin3,ORIGIN,34,34,32,0.9411764705882353,0,14
gemma,FIELD_PLUS_LATEST_ERRATUM,UPDATE_COMPARISON-ORIGIN-0055-origin0,ORIGIN,34,34,32,0.9411764705882353,0,1
gemma,FIELD_PLUS_LATEST_ERRATUM,UPDATE_COMPARISON-ORIGIN-0055-origin1,ORIGIN,34,34,32,0.9411764705882353,0,6
gemma,FIELD_PLUS_LATEST_ERRATUM,UPDATE_COMPARISON-ORIGIN-0055-origin2,ORIGIN,34,34,32,0.9411764705882353,0,15
gemma,FIELD_PLUS_LATEST_ERRATUM,UPDATE_COMPARISON-ORIGIN-0055-origin3,ORIGIN,34,34,32,0.9411764705882353,0,16
gemma,FIELD_PLUS_LATEST_ERRATUM,UPDATE_COMPARISON-ORIGIN-0056-origin0,ORIGIN,34,34,26,0.7647058823529411,0,8
gemma,FIELD_PLUS_LATEST_ERRATUM,UPDATE_COMPARISON-ORIGIN-0056-origin1,ORIGIN,34,34,26,0.7647058823529411,0,5
gemma,FIELD_PLUS_LATEST_ERRATUM,UPDATE_COMPARISON-ORIGIN-0056-origin2,ORIGIN,34,34,26,0.7647058823529411,0,24
gemma,FIELD_PLUS_LATEST_ERRATUM,UPDATE_COMPARISON-ORIGIN-0056-origin3,ORIGIN,34,34,26,0.7647058823529411,0,24
gemma,FIELD_PLUS_LATEST_ERRATUM,UPDATE_COMPARISON-ORIGIN-0057-origin0,ORIGIN,34,34,32,0.9411764705882353,0,0
gemma,FIELD_PLUS_LATEST_ERRATUM,UPDATE_COMPARISON-ORIGIN-0057-origin1,ORIGIN,34,34,32,0.9411764705882353,0,10
gemma,FIELD_PLUS_LATEST_ERRATUM,UPDATE_COMPARISON-ORIGIN-0057-origin2,ORIGIN,34,34,33,0.9705882352941176,0,17
gemma,FIELD_PLUS_LATEST_ERRATUM,UPDATE_COMPARISON-ORIGIN-0057-origin3,ORIGIN,34,34,32,0.9411764705882353,0,20
gemma,FIELD_PLUS_LATEST_ERRATUM,UPDATE_COMPARISON-ORIGIN-0058-origin0,ORIGIN,34,34,32,0.9411764705882353,0,3
gemma,FIELD_PLUS_LATEST_ERRATUM,UPDATE_COMPARISON-ORIGIN-0058-origin1,ORIGIN,34,34,29,0.8529411764705882,0,5
gemma,FIELD_PLUS_LATEST_ERRATUM,UPDATE_COMPARISON-ORIGIN-0058-origin2,ORIGIN,34,34,32,0.9411764705882353,0,18
gemma,FIELD_PLUS_LATEST_ERRATUM,UPDATE_COMPARISON-ORIGIN-0058-origin3,ORIGIN,34,34,28,0.8235294117647058,0,24
gemma,FIELD_PLUS_LATEST_ERRATUM,UPDATE_COMPARISON-ORIGIN-0059-origin0,ORIGIN,34,34,28,0.8235294117647058,0,6
gemma,FIELD_PLUS_LATEST_ERRATUM,UPDATE_COMPARISON-ORIGIN-0059-origin1,ORIGIN,34,34,26,0.7647058823529411,0,5
gemma,FIELD_PLUS_LATEST_ERRATUM,UPDATE_COMPARISON-ORIGIN-0059-origin2,ORIGIN,34,34,27,0.7941176470588235,0,17
gemma,FIELD_PLUS_LATEST_ERRATUM,UPDATE_COMPARISON-ORIGIN-0059-origin3,ORIGIN,34,34,26,0.7647058823529411,0,20
gemma,FIELD_PLUS_LATEST_ERRATUM,UPDATE_COMPARISON-ORIGIN-0060-origin0,ORIGIN,34,34,34,1.0,1,4
gemma,FIELD_PLUS_LATEST_ERRATUM,UPDATE_COMPARISON-ORIGIN-0060-origin1,ORIGIN,34,34,34,1.0,1,10
gemma,FIELD_PLUS_LATEST_ERRATUM,UPDATE_COMPARISON-ORIGIN-0060-origin2,ORIGIN,34,34,32,0.9411764705882353,0,16
gemma,FIELD_PLUS_LATEST_ERRATUM,UPDATE_COMPARISON-ORIGIN-0060-origin3,ORIGIN,34,34,34,1.0,1,23
gemma,FIELD_PLUS_LATEST_ERRATUM,UPDATE_COMPARISON-ORIGIN-0061-origin0,ORIGIN,34,34,34,1.0,1,0
gemma,FIELD_PLUS_LATEST_ERRATUM,UPDATE_COMPARISON-ORIGIN-0061-origin1,ORIGIN,34,34,34,1.0,1,11
gemma,FIELD_PLUS_LATEST_ERRATUM,UPDATE_COMPARISON-ORIGIN-0061-origin2,ORIGIN,34,34,34,1.0,1,26
gemma,FIELD_PLUS_LATEST_ERRATUM,UPDATE_COMPARISON-ORIGIN-0061-origin3,ORIGIN,34,34,34,1.0,1,20
gemma,FIELD_PLUS_LATEST_ERRATUM,UPDATE_COMPARISON-ORIGIN-0062-origin0,ORIGIN,34,34,34,1.0,1,0
gemma,FIELD_PLUS_LATEST_ERRATUM,UPDATE_COMPARISON-ORIGIN-0062-origin1,ORIGIN,34,34,34,1.0,1,12
gemma,FIELD_PLUS_LATEST_ERRATUM,UPDATE_COMPARISON-ORIGIN-0062-origin2,ORIGIN,34,34,34,1.0,1,24
gemma,FIELD_PLUS_LATEST_ERRATUM,UPDATE_COMPARISON-ORIGIN-0062-origin3,ORIGIN,34,34,34,1.0,1,22
gemma,FIELD_PLUS_LATEST_ERRATUM,UPDATE_COMPARISON-ORIGIN-0063-origin0,ORIGIN,34,34,34,1.0,1,1
gemma,FIELD_PLUS_LATEST_ERRATUM,UPDATE_COMPARISON-ORIGIN-0063-origin1,ORIGIN,34,34,34,1.0,1,4
gemma,FIELD_PLUS_LATEST_ERRATUM,UPDATE_COMPARISON-ORIGIN-0063-origin2,ORIGIN,34,34,34,1.0,1,20
gemma,FIELD_PLUS_LATEST_ERRATUM,UPDATE_COMPARISON-ORIGIN-0063-origin3,ORIGIN,34,34,34,1.0,1,22
gemma,FREE_PAIR_CONSISTENCY_s0,UPDATE_COMPARISON-ORIGIN-0000-origin0,ORIGIN,34,34,34,1.0,1,3
gemma,FREE_PAIR_CONSISTENCY_s0,UPDATE_COMPARISON-ORIGIN-0000-origin1,ORIGIN,34,34,32,0.9411764705882353,0,11
gemma,FREE_PAIR_CONSISTENCY_s0,UPDATE_COMPARISON-ORIGIN-0000-origin2,ORIGIN,34,34,32,0.9411764705882353,0,16
gemma,FREE_PAIR_CONSISTENCY_s0,UPDATE_COMPARISON-ORIGIN-0000-origin3,ORIGIN,34,34,27,0.7941176470588235,0,21
gemma,FREE_PAIR_CONSISTENCY_s0,UPDATE_COMPARISON-ORIGIN-0001-origin0,ORIGIN,34,34,34,1.0,1,4
gemma,FREE_PAIR_CONSISTENCY_s0,UPDATE_COMPARISON-ORIGIN-0001-origin1,ORIGIN,34,34,34,1.0,1,12
gemma,FREE_PAIR_CONSISTENCY_s0,UPDATE_COMPARISON-ORIGIN-0001-origin2,ORIGIN,34,34,34,1.0,1,20
gemma,FREE_PAIR_CONSISTENCY_s0,UPDATE_COMPARISON-ORIGIN-0001-origin3,ORIGIN,34,34,29,0.8529411764705882,0,23
gemma,FREE_PAIR_CONSISTENCY_s0,UPDATE_COMPARISON-ORIGIN-0002-origin0,ORIGIN,34,34,34,1.0,1,0
gemma,FREE_PAIR_CONSISTENCY_s0,UPDATE_COMPARISON-ORIGIN-0002-origin1,ORIGIN,34,34,34,1.0,1,11
gemma,FREE_PAIR_CONSISTENCY_s0,UPDATE_COMPARISON-ORIGIN-0002-origin2,ORIGIN,34,34,34,1.0,1,18
gemma,FREE_PAIR_CONSISTENCY_s0,UPDATE_COMPARISON-ORIGIN-0002-origin3,ORIGIN,34,34,34,1.0,1,18
gemma,FREE_PAIR_CONSISTENCY_s0,UPDATE_COMPARISON-ORIGIN-0003-origin0,ORIGIN,34,34,34,1.0,1,6
gemma,FREE_PAIR_CONSISTENCY_s0,UPDATE_COMPARISON-ORIGIN-0003-origin1,ORIGIN,34,34,33,0.9705882352941176,0,6
gemma,FREE_PAIR_CONSISTENCY_s0,UPDATE_COMPARISON-ORIGIN-0003-origin2,ORIGIN,34,34,34,1.0,1,15
gemma,FREE_PAIR_CONSISTENCY_s0,UPDATE_COMPARISON-ORIGIN-0003-origin3,ORIGIN,34,34,30,0.8823529411764706,0,17
gemma,FREE_PAIR_CONSISTENCY_s0,UPDATE_COMPARISON-ORIGIN-0004-origin0,ORIGIN,34,34,31,0.9117647058823529,0,6
gemma,FREE_PAIR_CONSISTENCY_s0,UPDATE_COMPARISON-ORIGIN-0004-origin1,ORIGIN,34,34,30,0.8823529411764706,0,11
gemma,FREE_PAIR_CONSISTENCY_s0,UPDATE_COMPARISON-ORIGIN-0004-origin2,ORIGIN,34,34,34,1.0,1,16
gemma,FREE_PAIR_CONSISTENCY_s0,UPDATE_COMPARISON-ORIGIN-0004-origin3,ORIGIN,34,34,32,0.9411764705882353,0,14
gemma,FREE_PAIR_CONSISTENCY_s0,UPDATE_COMPARISON-ORIGIN-0005-origin0,ORIGIN,34,34,30,0.8823529411764706,0,7
gemma,FREE_PAIR_CONSISTENCY_s0,UPDATE_COMPARISON-ORIGIN-0005-origin1,ORIGIN,34,34,28,0.8235294117647058,0,9
gemma,FREE_PAIR_CONSISTENCY_s0,UPDATE_COMPARISON-ORIGIN-0005-origin2,ORIGIN,34,34,33,0.9705882352941176,0,15
gemma,FREE_PAIR_CONSISTENCY_s0,UPDATE_COMPARISON-ORIGIN-0005-origin3,ORIGIN,34,34,28,0.8235294117647058,0,16
gemma,FREE_PAIR_CONSISTENCY_s0,UPDATE_COMPARISON-ORIGIN-0006-origin0,ORIGIN,34,34,34,1.0,1,0
gemma,FREE_PAIR_CONSISTENCY_s0,UPDATE_COMPARISON-ORIGIN-0006-origin1,ORIGIN,34,34,34,1.0,1,7
gemma,FREE_PAIR_CONSISTENCY_s0,UPDATE_COMPARISON-ORIGIN-0006-origin2,ORIGIN,34,34,34,1.0,1,18
gemma,FREE_PAIR_CONSISTENCY_s0,UPDATE_COMPARISON-ORIGIN-0006-origin3,ORIGIN,34,34,34,1.0,1,11
gemma,FREE_PAIR_CONSISTENCY_s0,UPDATE_COMPARISON-ORIGIN-0007-origin0,ORIGIN,34,34,34,1.0,1,9
gemma,FREE_PAIR_CONSISTENCY_s0,UPDATE_COMPARISON-ORIGIN-0007-origin1,ORIGIN,34,34,34,1.0,1,10
gemma,FREE_PAIR_CONSISTENCY_s0,UPDATE_COMPARISON-ORIGIN-0007-origin2,ORIGIN,34,34,34,1.0,1,15
gemma,FREE_PAIR_CONSISTENCY_s0,UPDATE_COMPARISON-ORIGIN-0007-origin3,ORIGIN,34,34,34,1.0,1,12
gemma,FREE_PAIR_CONSISTENCY_s0,UPDATE_COMPARISON-ORIGIN-0008-origin0,ORIGIN,34,34,29,0.8529411764705882,0,4
gemma,FREE_PAIR_CONSISTENCY_s0,UPDATE_COMPARISON-ORIGIN-0008-origin1,ORIGIN,34,34,31,0.9117647058823529,0,11
gemma,FREE_PAIR_CONSISTENCY_s0,UPDATE_COMPARISON-ORIGIN-0008-origin2,ORIGIN,34,34,28,0.8235294117647058,0,13
gemma,FREE_PAIR_CONSISTENCY_s0,UPDATE_COMPARISON-ORIGIN-0008-origin3,ORIGIN,34,34,30,0.8823529411764706,0,15
gemma,FREE_PAIR_CONSISTENCY_s0,UPDATE_COMPARISON-ORIGIN-0009-origin0,ORIGIN,34,34,32,0.9411764705882353,0,9
gemma,FREE_PAIR_CONSISTENCY_s0,UPDATE_COMPARISON-ORIGIN-0009-origin1,ORIGIN,34,34,32,0.9411764705882353,0,9
gemma,FREE_PAIR_CONSISTENCY_s0,UPDATE_COMPARISON-ORIGIN-0009-origin2,ORIGIN,34,34,32,0.9411764705882353,0,14
gemma,FREE_PAIR_CONSISTENCY_s0,UPDATE_COMPARISON-ORIGIN-0009-origin3,ORIGIN,34,34,32,0.9411764705882353,0,18
gemma,FREE_PAIR_CONSISTENCY_s0,UPDATE_COMPARISON-ORIGIN-0010-origin0,ORIGIN,34,34,31,0.9117647058823529,0,3
gemma,FREE_PAIR_CONSISTENCY_s0,UPDATE_COMPARISON-ORIGIN-0010-origin1,ORIGIN,34,34,30,0.8823529411764706,0,5
gemma,FREE_PAIR_CONSISTENCY_s0,UPDATE_COMPARISON-ORIGIN-0010-origin2,ORIGIN,34,34,25,0.7352941176470589,0,13
gemma,FREE_PAIR_CONSISTENCY_s0,UPDATE_COMPARISON-ORIGIN-0010-origin3,ORIGIN,34,34,30,0.8823529411764706,0,16
gemma,FREE_PAIR_CONSISTENCY_s0,UPDATE_COMPARISON-ORIGIN-0011-origin0,ORIGIN,34,34,33,0.9705882352941176,0,7
gemma,FREE_PAIR_CONSISTENCY_s0,UPDATE_COMPARISON-ORIGIN-0011-origin1,ORIGIN,34,34,34,1.0,1,12
gemma,FREE_PAIR_CONSISTENCY_s0,UPDATE_COMPARISON-ORIGIN-0011-origin2,ORIGIN,34,34,34,1.0,1,12
gemma,FREE_PAIR_CONSISTENCY_s0,UPDATE_COMPARISON-ORIGIN-0011-origin3,ORIGIN,34,34,33,0.9705882352941176,0,15
gemma,FREE_PAIR_CONSISTENCY_s0,UPDATE_COMPARISON-ORIGIN-0012-origin0,ORIGIN,34,34,34,1.0,1,0
gemma,FREE_PAIR_CONSISTENCY_s0,UPDATE_COMPARISON-ORIGIN-0012-origin1,ORIGIN,34,34,34,1.0,1,8
gemma,FREE_PAIR_CONSISTENCY_s0,UPDATE_COMPARISON-ORIGIN-0012-origin2,ORIGIN,34,34,34,1.0,1,14
gemma,FREE_PAIR_CONSISTENCY_s0,UPDATE_COMPARISON-ORIGIN-0012-origin3,ORIGIN,34,34,34,1.0,1,14
gemma,FREE_PAIR_CONSISTENCY_s0,UPDATE_COMPARISON-ORIGIN-0013-origin0,ORIGIN,34,34,32,0.9411764705882353,0,2
gemma,FREE_PAIR_CONSISTENCY_s0,UPDATE_COMPARISON-ORIGIN-0013-origin1,ORIGIN,34,34,32,0.9411764705882353,0,6
gemma,FREE_PAIR_CONSISTENCY_s0,UPDATE_COMPARISON-ORIGIN-0013-origin2,ORIGIN,34,34,30,0.8823529411764706,0,10
gemma,FREE_PAIR_CONSISTENCY_s0,UPDATE_COMPARISON-ORIGIN-0013-origin3,ORIGIN,34,34,31,0.9117647058823529,0,14
gemma,FREE_PAIR_CONSISTENCY_s0,UPDATE_COMPARISON-ORIGIN-0014-origin0,ORIGIN,34,34,30,0.8823529411764706,0,5
gemma,FREE_PAIR_CONSISTENCY_s0,UPDATE_COMPARISON-ORIGIN-0014-origin1,ORIGIN,34,34,30,0.8823529411764706,0,12
gemma,FREE_PAIR_CONSISTENCY_s0,UPDATE_COMPARISON-ORIGIN-0014-origin2,ORIGIN,34,34,33,0.9705882352941176,0,13
gemma,FREE_PAIR_CONSISTENCY_s0,UPDATE_COMPARISON-ORIGIN-0014-origin3,ORIGIN,34,34,32,0.9411764705882353,0,20
gemma,FREE_PAIR_CONSISTENCY_s0,UPDATE_COMPARISON-ORIGIN-0015-origin0,ORIGIN,34,34,33,0.9705882352941176,0,12
gemma,FREE_PAIR_CONSISTENCY_s0,UPDATE_COMPARISON-ORIGIN-0015-origin1,ORIGIN,34,34,33,0.9705882352941176,0,12
gemma,FREE_PAIR_CONSISTENCY_s0,UPDATE_COMPARISON-ORIGIN-0015-origin2,ORIGIN,34,34,30,0.8823529411764706,0,18
gemma,FREE_PAIR_CONSISTENCY_s0,UPDATE_COMPARISON-ORIGIN-0015-origin3,ORIGIN,34,34,30,0.8823529411764706,0,20
gemma,FREE_PAIR_CONSISTENCY_s0,UPDATE_COMPARISON-ORIGIN-0016-origin0,ORIGIN,34,34,32,0.9411764705882353,0,1
gemma,FREE_PAIR_CONSISTENCY_s0,UPDATE_COMPARISON-ORIGIN-0016-origin1,ORIGIN,34,34,31,0.9117647058823529,0,5
gemma,FREE_PAIR_CONSISTENCY_s0,UPDATE_COMPARISON-ORIGIN-0016-origin2,ORIGIN,34,34,31,0.9117647058823529,0,11
gemma,FREE_PAIR_CONSISTENCY_s0,UPDATE_COMPARISON-ORIGIN-0016-origin3,ORIGIN,34,34,30,0.8823529411764706,0,12
gemma,FREE_PAIR_CONSISTENCY_s0,UPDATE_COMPARISON-ORIGIN-0017-origin0,ORIGIN,34,34,33,0.9705882352941176,0,3
gemma,FREE_PAIR_CONSISTENCY_s0,UPDATE_COMPARISON-ORIGIN-0017-origin1,ORIGIN,34,34,34,1.0,1,3
gemma,FREE_PAIR_CONSISTENCY_s0,UPDATE_COMPARISON-ORIGIN-0017-origin2,ORIGIN,34,34,34,1.0,1,11
gemma,FREE_PAIR_CONSISTENCY_s0,UPDATE_COMPARISON-ORIGIN-0017-origin3,ORIGIN,34,34,33,0.9705882352941176,0,13
gemma,FREE_PAIR_CONSISTENCY_s0,UPDATE_COMPARISON-ORIGIN-0018-origin0,ORIGIN,34,34,32,0.9411764705882353,0,4
gemma,FREE_PAIR_CONSISTENCY_s0,UPDATE_COMPARISON-ORIGIN-0018-origin1,ORIGIN,34,34,33,0.9705882352941176,0,11
gemma,FREE_PAIR_CONSISTENCY_s0,UPDATE_COMPARISON-ORIGIN-0018-origin2,ORIGIN,34,34,34,1.0,1,14
gemma,FREE_PAIR_CONSISTENCY_s0,UPDATE_COMPARISON-ORIGIN-0018-origin3,ORIGIN,34,34,31,0.9117647058823529,0,13
gemma,FREE_PAIR_CONSISTENCY_s0,UPDATE_COMPARISON-ORIGIN-0019-origin0,ORIGIN,34,34,26,0.7647058823529411,0,9
gemma,FREE_PAIR_CONSISTENCY_s0,UPDATE_COMPARISON-ORIGIN-0019-origin1,ORIGIN,34,34,27,0.7941176470588235,0,5
gemma,FREE_PAIR_CONSISTENCY_s0,UPDATE_COMPARISON-ORIGIN-0019-origin2,ORIGIN,34,34,26,0.7647058823529411,0,9
gemma,FREE_PAIR_CONSISTENCY_s0,UPDATE_COMPARISON-ORIGIN-0019-origin3,ORIGIN,34,34,27,0.7941176470588235,0,8
gemma,FREE_PAIR_CONSISTENCY_s0,UPDATE_COMPARISON-ORIGIN-0020-origin0,ORIGIN,34,34,34,1.0,1,0
gemma,FREE_PAIR_CONSISTENCY_s0,UPDATE_COMPARISON-ORIGIN-0020-origin1,ORIGIN,34,34,34,1.0,1,12
gemma,FREE_PAIR_CONSISTENCY_s0,UPDATE_COMPARISON-ORIGIN-0020-origin2,ORIGIN,34,34,34,1.0,1,14
gemma,FREE_PAIR_CONSISTENCY_s0,UPDATE_COMPARISON-ORIGIN-0020-origin3,ORIGIN,34,34,34,1.0,1,12
gemma,FREE_PAIR_CONSISTENCY_s0,UPDATE_COMPARISON-ORIGIN-0021-origin0,ORIGIN,34,34,34,1.0,1,7
gemma,FREE_PAIR_CONSISTENCY_s0,UPDATE_COMPARISON-ORIGIN-0021-origin1,ORIGIN,34,34,34,1.0,1,15
gemma,FREE_PAIR_CONSISTENCY_s0,UPDATE_COMPARISON-ORIGIN-0021-origin2,ORIGIN,34,34,34,1.0,1,14
gemma,FREE_PAIR_CONSISTENCY_s0,UPDATE_COMPARISON-ORIGIN-0021-origin3,ORIGIN,34,34,32,0.9411764705882353,0,14
gemma,FREE_PAIR_CONSISTENCY_s0,UPDATE_COMPARISON-ORIGIN-0022-origin0,ORIGIN,34,34,34,1.0,1,2
gemma,FREE_PAIR_CONSISTENCY_s0,UPDATE_COMPARISON-ORIGIN-0022-origin1,ORIGIN,34,34,33,0.9705882352941176,0,11
gemma,FREE_PAIR_CONSISTENCY_s0,UPDATE_COMPARISON-ORIGIN-0022-origin2,ORIGIN,34,34,34,1.0,1,14
gemma,FREE_PAIR_CONSISTENCY_s0,UPDATE_COMPARISON-ORIGIN-0022-origin3,ORIGIN,34,34,32,0.9411764705882353,0,16
gemma,FREE_PAIR_CONSISTENCY_s0,UPDATE_COMPARISON-ORIGIN-0023-origin0,ORIGIN,34,34,34,1.0,1,0
gemma,FREE_PAIR_CONSISTENCY_s0,UPDATE_COMPARISON-ORIGIN-0023-origin1,ORIGIN,34,34,34,1.0,1,12
gemma,FREE_PAIR_CONSISTENCY_s0,UPDATE_COMPARISON-ORIGIN-0023-origin2,ORIGIN,34,34,34,1.0,1,13
gemma,FREE_PAIR_CONSISTENCY_s0,UPDATE_COMPARISON-ORIGIN-0023-origin3,ORIGIN,34,34,31,0.9117647058823529,0,11
gemma,FREE_PAIR_CONSISTENCY_s0,UPDATE_COMPARISON-ORIGIN-0024-origin0,ORIGIN,34,34,34,1.0,1,2
gemma,FREE_PAIR_CONSISTENCY_s0,UPDATE_COMPARISON-ORIGIN-0024-origin1,ORIGIN,34,34,34,1.0,1,12
gemma,FREE_PAIR_CONSISTENCY_s0,UPDATE_COMPARISON-ORIGIN-0024-origin2,ORIGIN,34,34,34,1.0,1,18
gemma,FREE_PAIR_CONSISTENCY_s0,UPDATE_COMPARISON-ORIGIN-0024-origin3,ORIGIN,34,34,34,1.0,1,17
gemma,FREE_PAIR_CONSISTENCY_s0,UPDATE_COMPARISON-ORIGIN-0025-origin0,ORIGIN,34,34,34,1.0,1,1
gemma,FREE_PAIR_CONSISTENCY_s0,UPDATE_COMPARISON-ORIGIN-0025-origin1,ORIGIN,34,34,34,1.0,1,12
gemma,FREE_PAIR_CONSISTENCY_s0,UPDATE_COMPARISON-ORIGIN-0025-origin2,ORIGIN,34,34,33,0.9705882352941176,0,16
gemma,FREE_PAIR_CONSISTENCY_s0,UPDATE_COMPARISON-ORIGIN-0025-origin3,ORIGIN,34,34,33,0.9705882352941176,0,16
gemma,FREE_PAIR_CONSISTENCY_s0,UPDATE_COMPARISON-ORIGIN-0026-origin0,ORIGIN,34,34,34,1.0,1,2
gemma,FREE_PAIR_CONSISTENCY_s0,UPDATE_COMPARISON-ORIGIN-0026-origin1,ORIGIN,34,34,34,1.0,1,11
gemma,FREE_PAIR_CONSISTENCY_s0,UPDATE_COMPARISON-ORIGIN-0026-origin2,ORIGIN,34,34,30,0.8823529411764706,0,15
gemma,FREE_PAIR_CONSISTENCY_s0,UPDATE_COMPARISON-ORIGIN-0026-origin3,ORIGIN,34,34,32,0.9411764705882353,0,15
gemma,FREE_PAIR_CONSISTENCY_s0,UPDATE_COMPARISON-ORIGIN-0027-origin0,ORIGIN,34,34,26,0.7647058823529411,0,3
gemma,FREE_PAIR_CONSISTENCY_s0,UPDATE_COMPARISON-ORIGIN-0027-origin1,ORIGIN,34,34,30,0.8823529411764706,0,8
gemma,FREE_PAIR_CONSISTENCY_s0,UPDATE_COMPARISON-ORIGIN-0027-origin2,ORIGIN,34,34,26,0.7647058823529411,0,24
gemma,FREE_PAIR_CONSISTENCY_s0,UPDATE_COMPARISON-ORIGIN-0027-origin3,ORIGIN,34,34,29,0.8529411764705882,0,21
gemma,FREE_PAIR_CONSISTENCY_s0,UPDATE_COMPARISON-ORIGIN-0028-origin0,ORIGIN,34,34,34,1.0,1,0
gemma,FREE_PAIR_CONSISTENCY_s0,UPDATE_COMPARISON-ORIGIN-0028-origin1,ORIGIN,34,34,34,1.0,1,10
gemma,FREE_PAIR_CONSISTENCY_s0,UPDATE_COMPARISON-ORIGIN-0028-origin2,ORIGIN,34,34,34,1.0,1,20
gemma,FREE_PAIR_CONSISTENCY_s0,UPDATE_COMPARISON-ORIGIN-0028-origin3,ORIGIN,34,34,34,1.0,1,22
gemma,FREE_PAIR_CONSISTENCY_s0,UPDATE_COMPARISON-ORIGIN-0029-origin0,ORIGIN,34,34,33,0.9705882352941176,0,1
gemma,FREE_PAIR_CONSISTENCY_s0,UPDATE_COMPARISON-ORIGIN-0029-origin1,ORIGIN,34,34,34,1.0,1,0
gemma,FREE_PAIR_CONSISTENCY_s0,UPDATE_COMPARISON-ORIGIN-0029-origin2,ORIGIN,34,34,34,1.0,1,27
gemma,FREE_PAIR_CONSISTENCY_s0,UPDATE_COMPARISON-ORIGIN-0029-origin3,ORIGIN,34,34,34,1.0,1,26
gemma,FREE_PAIR_CONSISTENCY_s0,UPDATE_COMPARISON-ORIGIN-0030-origin0,ORIGIN,34,34,34,1.0,1,0
gemma,FREE_PAIR_CONSISTENCY_s0,UPDATE_COMPARISON-ORIGIN-0030-origin1,ORIGIN,34,34,34,1.0,1,12
gemma,FREE_PAIR_CONSISTENCY_s0,UPDATE_COMPARISON-ORIGIN-0030-origin2,ORIGIN,34,34,34,1.0,1,19
gemma,FREE_PAIR_CONSISTENCY_s0,UPDATE_COMPARISON-ORIGIN-0030-origin3,ORIGIN,34,34,34,1.0,1,25
gemma,FREE_PAIR_CONSISTENCY_s0,UPDATE_COMPARISON-ORIGIN-0031-origin0,ORIGIN,34,34,34,1.0,1,0
gemma,FREE_PAIR_CONSISTENCY_s0,UPDATE_COMPARISON-ORIGIN-0031-origin1,ORIGIN,34,34,34,1.0,1,10
gemma,FREE_PAIR_CONSISTENCY_s0,UPDATE_COMPARISON-ORIGIN-0031-origin2,ORIGIN,34,34,34,1.0,1,23
gemma,FREE_PAIR_CONSISTENCY_s0,UPDATE_COMPARISON-ORIGIN-0031-origin3,ORIGIN,34,34,34,1.0,1,22
gemma,FREE_PAIR_CONSISTENCY_s0,UPDATE_COMPARISON-ORIGIN-0032-origin0,ORIGIN,34,34,34,1.0,1,1
gemma,FREE_PAIR_CONSISTENCY_s0,UPDATE_COMPARISON-ORIGIN-0032-origin1,ORIGIN,34,34,34,1.0,1,13
gemma,FREE_PAIR_CONSISTENCY_s0,UPDATE_COMPARISON-ORIGIN-0032-origin2,ORIGIN,34,34,34,1.0,1,16
gemma,FREE_PAIR_CONSISTENCY_s0,UPDATE_COMPARISON-ORIGIN-0032-origin3,ORIGIN,34,34,34,1.0,1,22
gemma,FREE_PAIR_CONSISTENCY_s0,UPDATE_COMPARISON-ORIGIN-0033-origin0,ORIGIN,34,34,34,1.0,1,2
gemma,FREE_PAIR_CONSISTENCY_s0,UPDATE_COMPARISON-ORIGIN-0033-origin1,ORIGIN,34,34,34,1.0,1,12
gemma,FREE_PAIR_CONSISTENCY_s0,UPDATE_COMPARISON-ORIGIN-0033-origin2,ORIGIN,34,34,34,1.0,1,16
gemma,FREE_PAIR_CONSISTENCY_s0,UPDATE_COMPARISON-ORIGIN-0033-origin3,ORIGIN,34,34,34,1.0,1,22
gemma,FREE_PAIR_CONSISTENCY_s0,UPDATE_COMPARISON-ORIGIN-0034-origin0,ORIGIN,34,34,34,1.0,1,0
gemma,FREE_PAIR_CONSISTENCY_s0,UPDATE_COMPARISON-ORIGIN-0034-origin1,ORIGIN,34,34,33,0.9705882352941176,0,6
gemma,FREE_PAIR_CONSISTENCY_s0,UPDATE_COMPARISON-ORIGIN-0034-origin2,ORIGIN,34,34,34,1.0,1,16
gemma,FREE_PAIR_CONSISTENCY_s0,UPDATE_COMPARISON-ORIGIN-0034-origin3,ORIGIN,34,34,34,1.0,1,19
gemma,FREE_PAIR_CONSISTENCY_s0,UPDATE_COMPARISON-ORIGIN-0035-origin0,ORIGIN,34,34,27,0.7941176470588235,0,4
gemma,FREE_PAIR_CONSISTENCY_s0,UPDATE_COMPARISON-ORIGIN-0035-origin1,ORIGIN,34,34,32,0.9411764705882353,0,12
gemma,FREE_PAIR_CONSISTENCY_s0,UPDATE_COMPARISON-ORIGIN-0035-origin2,ORIGIN,34,34,27,0.7941176470588235,0,12
gemma,FREE_PAIR_CONSISTENCY_s0,UPDATE_COMPARISON-ORIGIN-0035-origin3,ORIGIN,34,34,28,0.8235294117647058,0,20
gemma,FREE_PAIR_CONSISTENCY_s0,UPDATE_COMPARISON-ORIGIN-0036-origin0,ORIGIN,34,34,32,0.9411764705882353,0,5
gemma,FREE_PAIR_CONSISTENCY_s0,UPDATE_COMPARISON-ORIGIN-0036-origin1,ORIGIN,34,34,30,0.8823529411764706,0,8
gemma,FREE_PAIR_CONSISTENCY_s0,UPDATE_COMPARISON-ORIGIN-0036-origin2,ORIGIN,34,34,34,1.0,1,18
gemma,FREE_PAIR_CONSISTENCY_s0,UPDATE_COMPARISON-ORIGIN-0036-origin3,ORIGIN,34,34,32,0.9411764705882353,0,15
gemma,FREE_PAIR_CONSISTENCY_s0,UPDATE_COMPARISON-ORIGIN-0037-origin0,ORIGIN,34,34,29,0.8529411764705882,0,4
gemma,FREE_PAIR_CONSISTENCY_s0,UPDATE_COMPARISON-ORIGIN-0037-origin1,ORIGIN,34,34,30,0.8823529411764706,0,7
gemma,FREE_PAIR_CONSISTENCY_s0,UPDATE_COMPARISON-ORIGIN-0037-origin2,ORIGIN,34,34,32,0.9411764705882353,0,17
gemma,FREE_PAIR_CONSISTENCY_s0,UPDATE_COMPARISON-ORIGIN-0037-origin3,ORIGIN,34,34,30,0.8823529411764706,0,20
gemma,FREE_PAIR_CONSISTENCY_s0,UPDATE_COMPARISON-ORIGIN-0038-origin0,ORIGIN,34,34,34,1.0,1,4
gemma,FREE_PAIR_CONSISTENCY_s0,UPDATE_COMPARISON-ORIGIN-0038-origin1,ORIGIN,34,34,34,1.0,1,11
gemma,FREE_PAIR_CONSISTENCY_s0,UPDATE_COMPARISON-ORIGIN-0038-origin2,ORIGIN,34,34,34,1.0,1,15
gemma,FREE_PAIR_CONSISTENCY_s0,UPDATE_COMPARISON-ORIGIN-0038-origin3,ORIGIN,34,34,33,0.9705882352941176,0,15
gemma,FREE_PAIR_CONSISTENCY_s0,UPDATE_COMPARISON-ORIGIN-0039-origin0,ORIGIN,34,34,30,0.8823529411764706,0,2
gemma,FREE_PAIR_CONSISTENCY_s0,UPDATE_COMPARISON-ORIGIN-0039-origin1,ORIGIN,34,34,28,0.8235294117647058,0,7
gemma,FREE_PAIR_CONSISTENCY_s0,UPDATE_COMPARISON-ORIGIN-0039-origin2,ORIGIN,34,34,32,0.9411764705882353,0,16
gemma,FREE_PAIR_CONSISTENCY_s0,UPDATE_COMPARISON-ORIGIN-0039-origin3,ORIGIN,34,34,30,0.8823529411764706,0,16
gemma,FREE_PAIR_CONSISTENCY_s0,UPDATE_COMPARISON-ORIGIN-0040-origin0,ORIGIN,34,34,33,0.9705882352941176,0,3
gemma,FREE_PAIR_CONSISTENCY_s0,UPDATE_COMPARISON-ORIGIN-0040-origin1,ORIGIN,34,34,34,1.0,1,8
gemma,FREE_PAIR_CONSISTENCY_s0,UPDATE_COMPARISON-ORIGIN-0040-origin2,ORIGIN,34,34,33,0.9705882352941176,0,17
gemma,FREE_PAIR_CONSISTENCY_s0,UPDATE_COMPARISON-ORIGIN-0040-origin3,ORIGIN,34,34,34,1.0,1,12
gemma,FREE_PAIR_CONSISTENCY_s0,UPDATE_COMPARISON-ORIGIN-0041-origin0,ORIGIN,34,34,34,1.0,1,4
gemma,FREE_PAIR_CONSISTENCY_s0,UPDATE_COMPARISON-ORIGIN-0041-origin1,ORIGIN,34,34,33,0.9705882352941176,0,11
gemma,FREE_PAIR_CONSISTENCY_s0,UPDATE_COMPARISON-ORIGIN-0041-origin2,ORIGIN,34,34,34,1.0,1,13
gemma,FREE_PAIR_CONSISTENCY_s0,UPDATE_COMPARISON-ORIGIN-0041-origin3,ORIGIN,34,34,30,0.8823529411764706,0,14
gemma,FREE_PAIR_CONSISTENCY_s0,UPDATE_COMPARISON-ORIGIN-0042-origin0,ORIGIN,34,34,34,1.0,1,2
gemma,FREE_PAIR_CONSISTENCY_s0,UPDATE_COMPARISON-ORIGIN-0042-origin1,ORIGIN,34,34,34,1.0,1,12
gemma,FREE_PAIR_CONSISTENCY_s0,UPDATE_COMPARISON-ORIGIN-0042-origin2,ORIGIN,34,34,34,1.0,1,12
gemma,FREE_PAIR_CONSISTENCY_s0,UPDATE_COMPARISON-ORIGIN-0042-origin3,ORIGIN,34,34,33,0.9705882352941176,0,15
gemma,FREE_PAIR_CONSISTENCY_s0,UPDATE_COMPARISON-ORIGIN-0043-origin0,ORIGIN,34,34,34,1.0,1,0
gemma,FREE_PAIR_CONSISTENCY_s0,UPDATE_COMPARISON-ORIGIN-0043-origin1,ORIGIN,34,34,34,1.0,1,6
gemma,FREE_PAIR_CONSISTENCY_s0,UPDATE_COMPARISON-ORIGIN-0043-origin2,ORIGIN,34,34,34,1.0,1,13
gemma,FREE_PAIR_CONSISTENCY_s0,UPDATE_COMPARISON-ORIGIN-0043-origin3,ORIGIN,34,34,34,1.0,1,15
gemma,FREE_PAIR_CONSISTENCY_s0,UPDATE_COMPARISON-ORIGIN-0044-origin0,ORIGIN,34,34,34,1.0,1,4
gemma,FREE_PAIR_CONSISTENCY_s0,UPDATE_COMPARISON-ORIGIN-0044-origin1,ORIGIN,34,34,32,0.9411764705882353,0,8
gemma,FREE_PAIR_CONSISTENCY_s0,UPDATE_COMPARISON-ORIGIN-0044-origin2,ORIGIN,34,34,34,1.0,1,14
gemma,FREE_PAIR_CONSISTENCY_s0,UPDATE_COMPARISON-ORIGIN-0044-origin3,ORIGIN,34,34,34,1.0,1,18
gemma,FREE_PAIR_CONSISTENCY_s0,UPDATE_COMPARISON-ORIGIN-0045-origin0,ORIGIN,34,34,32,0.9411764705882353,0,2
gemma,FREE_PAIR_CONSISTENCY_s0,UPDATE_COMPARISON-ORIGIN-0045-origin1,ORIGIN,34,34,28,0.8235294117647058,0,1
gemma,FREE_PAIR_CONSISTENCY_s0,UPDATE_COMPARISON-ORIGIN-0045-origin2,ORIGIN,34,34,34,1.0,1,11
gemma,FREE_PAIR_CONSISTENCY_s0,UPDATE_COMPARISON-ORIGIN-0045-origin3,ORIGIN,34,34,32,0.9411764705882353,0,16
gemma,FREE_PAIR_CONSISTENCY_s0,UPDATE_COMPARISON-ORIGIN-0046-origin0,ORIGIN,34,34,32,0.9411764705882353,0,0
gemma,FREE_PAIR_CONSISTENCY_s0,UPDATE_COMPARISON-ORIGIN-0046-origin1,ORIGIN,34,34,32,0.9411764705882353,0,8
gemma,FREE_PAIR_CONSISTENCY_s0,UPDATE_COMPARISON-ORIGIN-0046-origin2,ORIGIN,34,34,32,0.9411764705882353,0,16
gemma,FREE_PAIR_CONSISTENCY_s0,UPDATE_COMPARISON-ORIGIN-0046-origin3,ORIGIN,34,34,31,0.9117647058823529,0,23
gemma,FREE_PAIR_CONSISTENCY_s0,UPDATE_COMPARISON-ORIGIN-0047-origin0,ORIGIN,34,34,34,1.0,1,1
gemma,FREE_PAIR_CONSISTENCY_s0,UPDATE_COMPARISON-ORIGIN-0047-origin1,ORIGIN,34,34,34,1.0,1,7
gemma,FREE_PAIR_CONSISTENCY_s0,UPDATE_COMPARISON-ORIGIN-0047-origin2,ORIGIN,34,34,34,1.0,1,16
gemma,FREE_PAIR_CONSISTENCY_s0,UPDATE_COMPARISON-ORIGIN-0047-origin3,ORIGIN,34,34,34,1.0,1,18
gemma,FREE_PAIR_CONSISTENCY_s0,UPDATE_COMPARISON-ORIGIN-0048-origin0,ORIGIN,34,34,30,0.8823529411764706,0,5
gemma,FREE_PAIR_CONSISTENCY_s0,UPDATE_COMPARISON-ORIGIN-0048-origin1,ORIGIN,34,34,32,0.9411764705882353,0,12
gemma,FREE_PAIR_CONSISTENCY_s0,UPDATE_COMPARISON-ORIGIN-0048-origin2,ORIGIN,34,34,32,0.9411764705882353,0,12
gemma,FREE_PAIR_CONSISTENCY_s0,UPDATE_COMPARISON-ORIGIN-0048-origin3,ORIGIN,34,34,32,0.9411764705882353,0,17
gemma,FREE_PAIR_CONSISTENCY_s0,UPDATE_COMPARISON-ORIGIN-0049-origin0,ORIGIN,34,34,33,0.9705882352941176,0,2
gemma,FREE_PAIR_CONSISTENCY_s0,UPDATE_COMPARISON-ORIGIN-0049-origin1,ORIGIN,34,34,34,1.0,1,4
gemma,FREE_PAIR_CONSISTENCY_s0,UPDATE_COMPARISON-ORIGIN-0049-origin2,ORIGIN,34,34,31,0.9117647058823529,0,10
gemma,FREE_PAIR_CONSISTENCY_s0,UPDATE_COMPARISON-ORIGIN-0049-origin3,ORIGIN,34,34,32,0.9411764705882353,0,12
gemma,FREE_PAIR_CONSISTENCY_s0,UPDATE_COMPARISON-ORIGIN-0050-origin0,ORIGIN,34,34,32,0.9411764705882353,0,5
gemma,FREE_PAIR_CONSISTENCY_s0,UPDATE_COMPARISON-ORIGIN-0050-origin1,ORIGIN,34,34,34,1.0,1,11
gemma,FREE_PAIR_CONSISTENCY_s0,UPDATE_COMPARISON-ORIGIN-0050-origin2,ORIGIN,34,34,32,0.9411764705882353,0,10
gemma,FREE_PAIR_CONSISTENCY_s0,UPDATE_COMPARISON-ORIGIN-0050-origin3,ORIGIN,34,34,30,0.8823529411764706,0,16
gemma,FREE_PAIR_CONSISTENCY_s0,UPDATE_COMPARISON-ORIGIN-0051-origin0,ORIGIN,34,34,30,0.8823529411764706,0,0
gemma,FREE_PAIR_CONSISTENCY_s0,UPDATE_COMPARISON-ORIGIN-0051-origin1,ORIGIN,34,34,28,0.8235294117647058,0,5
gemma,FREE_PAIR_CONSISTENCY_s0,UPDATE_COMPARISON-ORIGIN-0051-origin2,ORIGIN,34,34,30,0.8823529411764706,0,9
gemma,FREE_PAIR_CONSISTENCY_s0,UPDATE_COMPARISON-ORIGIN-0051-origin3,ORIGIN,34,34,30,0.8823529411764706,0,16
gemma,FREE_PAIR_CONSISTENCY_s0,UPDATE_COMPARISON-ORIGIN-0052-origin0,ORIGIN,34,34,34,1.0,1,4
gemma,FREE_PAIR_CONSISTENCY_s0,UPDATE_COMPARISON-ORIGIN-0052-origin1,ORIGIN,34,34,34,1.0,1,6
gemma,FREE_PAIR_CONSISTENCY_s0,UPDATE_COMPARISON-ORIGIN-0052-origin2,ORIGIN,34,34,34,1.0,1,14
gemma,FREE_PAIR_CONSISTENCY_s0,UPDATE_COMPARISON-ORIGIN-0052-origin3,ORIGIN,34,34,34,1.0,1,17
gemma,FREE_PAIR_CONSISTENCY_s0,UPDATE_COMPARISON-ORIGIN-0053-origin0,ORIGIN,34,34,34,1.0,1,4
gemma,FREE_PAIR_CONSISTENCY_s0,UPDATE_COMPARISON-ORIGIN-0053-origin1,ORIGIN,34,34,34,1.0,1,10
gemma,FREE_PAIR_CONSISTENCY_s0,UPDATE_COMPARISON-ORIGIN-0053-origin2,ORIGIN,34,34,31,0.9117647058823529,0,10
gemma,FREE_PAIR_CONSISTENCY_s0,UPDATE_COMPARISON-ORIGIN-0053-origin3,ORIGIN,34,34,31,0.9117647058823529,0,14
gemma,FREE_PAIR_CONSISTENCY_s0,UPDATE_COMPARISON-ORIGIN-0054-origin0,ORIGIN,34,34,32,0.9411764705882353,0,6
gemma,FREE_PAIR_CONSISTENCY_s0,UPDATE_COMPARISON-ORIGIN-0054-origin1,ORIGIN,34,34,32,0.9411764705882353,0,13
gemma,FREE_PAIR_CONSISTENCY_s0,UPDATE_COMPARISON-ORIGIN-0054-origin2,ORIGIN,34,34,34,1.0,1,18
gemma,FREE_PAIR_CONSISTENCY_s0,UPDATE_COMPARISON-ORIGIN-0054-origin3,ORIGIN,34,34,34,1.0,1,16
gemma,FREE_PAIR_CONSISTENCY_s0,UPDATE_COMPARISON-ORIGIN-0055-origin0,ORIGIN,34,34,34,1.0,1,3
gemma,FREE_PAIR_CONSISTENCY_s0,UPDATE_COMPARISON-ORIGIN-0055-origin1,ORIGIN,34,34,34,1.0,1,8
gemma,FREE_PAIR_CONSISTENCY_s0,UPDATE_COMPARISON-ORIGIN-0055-origin2,ORIGIN,34,34,34,1.0,1,13
gemma,FREE_PAIR_CONSISTENCY_s0,UPDATE_COMPARISON-ORIGIN-0055-origin3,ORIGIN,34,34,33,0.9705882352941176,0,13
gemma,FREE_PAIR_CONSISTENCY_s0,UPDATE_COMPARISON-ORIGIN-0056-origin0,ORIGIN,34,34,28,0.8235294117647058,0,6
gemma,FREE_PAIR_CONSISTENCY_s0,UPDATE_COMPARISON-ORIGIN-0056-origin1,ORIGIN,34,34,33,0.9705882352941176,0,10
gemma,FREE_PAIR_CONSISTENCY_s0,UPDATE_COMPARISON-ORIGIN-0056-origin2,ORIGIN,34,34,32,0.9411764705882353,0,18
gemma,FREE_PAIR_CONSISTENCY_s0,UPDATE_COMPARISON-ORIGIN-0056-origin3,ORIGIN,34,34,34,1.0,1,16
gemma,FREE_PAIR_CONSISTENCY_s0,UPDATE_COMPARISON-ORIGIN-0057-origin0,ORIGIN,34,34,34,1.0,1,2
gemma,FREE_PAIR_CONSISTENCY_s0,UPDATE_COMPARISON-ORIGIN-0057-origin1,ORIGIN,34,34,33,0.9705882352941176,0,13
gemma,FREE_PAIR_CONSISTENCY_s0,UPDATE_COMPARISON-ORIGIN-0057-origin2,ORIGIN,34,34,34,1.0,1,18
gemma,FREE_PAIR_CONSISTENCY_s0,UPDATE_COMPARISON-ORIGIN-0057-origin3,ORIGIN,34,34,32,0.9411764705882353,0,22
gemma,FREE_PAIR_CONSISTENCY_s0,UPDATE_COMPARISON-ORIGIN-0058-origin0,ORIGIN,34,34,34,1.0,1,1
gemma,FREE_PAIR_CONSISTENCY_s0,UPDATE_COMPARISON-ORIGIN-0058-origin1,ORIGIN,34,34,34,1.0,1,10
gemma,FREE_PAIR_CONSISTENCY_s0,UPDATE_COMPARISON-ORIGIN-0058-origin2,ORIGIN,34,34,30,0.8823529411764706,0,12
gemma,FREE_PAIR_CONSISTENCY_s0,UPDATE_COMPARISON-ORIGIN-0058-origin3,ORIGIN,34,34,33,0.9705882352941176,0,17
gemma,FREE_PAIR_CONSISTENCY_s0,UPDATE_COMPARISON-ORIGIN-0059-origin0,ORIGIN,34,34,34,1.0,1,0
gemma,FREE_PAIR_CONSISTENCY_s0,UPDATE_COMPARISON-ORIGIN-0059-origin1,ORIGIN,34,34,34,1.0,1,3
gemma,FREE_PAIR_CONSISTENCY_s0,UPDATE_COMPARISON-ORIGIN-0059-origin2,ORIGIN,34,34,32,0.9411764705882353,0,16
gemma,FREE_PAIR_CONSISTENCY_s0,UPDATE_COMPARISON-ORIGIN-0059-origin3,ORIGIN,34,34,30,0.8823529411764706,0,16
gemma,FREE_PAIR_CONSISTENCY_s0,UPDATE_COMPARISON-ORIGIN-0060-origin0,ORIGIN,34,34,34,1.0,1,4
gemma,FREE_PAIR_CONSISTENCY_s0,UPDATE_COMPARISON-ORIGIN-0060-origin1,ORIGIN,34,34,34,1.0,1,10
gemma,FREE_PAIR_CONSISTENCY_s0,UPDATE_COMPARISON-ORIGIN-0060-origin2,ORIGIN,34,34,33,0.9705882352941176,0,17
gemma,FREE_PAIR_CONSISTENCY_s0,UPDATE_COMPARISON-ORIGIN-0060-origin3,ORIGIN,34,34,34,1.0,1,23
gemma,FREE_PAIR_CONSISTENCY_s0,UPDATE_COMPARISON-ORIGIN-0061-origin0,ORIGIN,34,34,34,1.0,1,0
gemma,FREE_PAIR_CONSISTENCY_s0,UPDATE_COMPARISON-ORIGIN-0061-origin1,ORIGIN,34,34,34,1.0,1,11
gemma,FREE_PAIR_CONSISTENCY_s0,UPDATE_COMPARISON-ORIGIN-0061-origin2,ORIGIN,34,34,34,1.0,1,26
gemma,FREE_PAIR_CONSISTENCY_s0,UPDATE_COMPARISON-ORIGIN-0061-origin3,ORIGIN,34,34,34,1.0,1,20
gemma,FREE_PAIR_CONSISTENCY_s0,UPDATE_COMPARISON-ORIGIN-0062-origin0,ORIGIN,34,34,34,1.0,1,0
gemma,FREE_PAIR_CONSISTENCY_s0,UPDATE_COMPARISON-ORIGIN-0062-origin1,ORIGIN,34,34,34,1.0,1,12
gemma,FREE_PAIR_CONSISTENCY_s0,UPDATE_COMPARISON-ORIGIN-0062-origin2,ORIGIN,34,34,34,1.0,1,24
gemma,FREE_PAIR_CONSISTENCY_s0,UPDATE_COMPARISON-ORIGIN-0062-origin3,ORIGIN,34,34,34,1.0,1,22
gemma,FREE_PAIR_CONSISTENCY_s0,UPDATE_COMPARISON-ORIGIN-0063-origin0,ORIGIN,34,34,34,1.0,1,1
gemma,FREE_PAIR_CONSISTENCY_s0,UPDATE_COMPARISON-ORIGIN-0063-origin1,ORIGIN,34,34,33,0.9705882352941176,0,3
gemma,FREE_PAIR_CONSISTENCY_s0,UPDATE_COMPARISON-ORIGIN-0063-origin2,ORIGIN,34,34,34,1.0,1,20
gemma,FREE_PAIR_CONSISTENCY_s0,UPDATE_COMPARISON-ORIGIN-0063-origin3,ORIGIN,34,34,32,0.9411764705882353,0,20
gemma,FREE_PAIR_CONSISTENCY_s1,UPDATE_COMPARISON-ORIGIN-0000-origin0,ORIGIN,34,34,32,0.9411764705882353,0,5
gemma,FREE_PAIR_CONSISTENCY_s1,UPDATE_COMPARISON-ORIGIN-0000-origin1,ORIGIN,34,34,32,0.9411764705882353,0,11
gemma,FREE_PAIR_CONSISTENCY_s1,UPDATE_COMPARISON-ORIGIN-0000-origin2,ORIGIN,34,34,32,0.9411764705882353,0,16
gemma,FREE_PAIR_CONSISTENCY_s1,UPDATE_COMPARISON-ORIGIN-0000-origin3,ORIGIN,34,34,31,0.9117647058823529,0,21
gemma,FREE_PAIR_CONSISTENCY_s1,UPDATE_COMPARISON-ORIGIN-0001-origin0,ORIGIN,34,34,34,1.0,1,4
gemma,FREE_PAIR_CONSISTENCY_s1,UPDATE_COMPARISON-ORIGIN-0001-origin1,ORIGIN,34,34,34,1.0,1,12
gemma,FREE_PAIR_CONSISTENCY_s1,UPDATE_COMPARISON-ORIGIN-0001-origin2,ORIGIN,34,34,34,1.0,1,20
gemma,FREE_PAIR_CONSISTENCY_s1,UPDATE_COMPARISON-ORIGIN-0001-origin3,ORIGIN,34,34,34,1.0,1,22
gemma,FREE_PAIR_CONSISTENCY_s1,UPDATE_COMPARISON-ORIGIN-0002-origin0,ORIGIN,34,34,34,1.0,1,0
gemma,FREE_PAIR_CONSISTENCY_s1,UPDATE_COMPARISON-ORIGIN-0002-origin1,ORIGIN,34,34,34,1.0,1,11
gemma,FREE_PAIR_CONSISTENCY_s1,UPDATE_COMPARISON-ORIGIN-0002-origin2,ORIGIN,34,34,34,1.0,1,18
gemma,FREE_PAIR_CONSISTENCY_s1,UPDATE_COMPARISON-ORIGIN-0002-origin3,ORIGIN,34,34,34,1.0,1,18
gemma,FREE_PAIR_CONSISTENCY_s1,UPDATE_COMPARISON-ORIGIN-0003-origin0,ORIGIN,34,34,34,1.0,1,6
gemma,FREE_PAIR_CONSISTENCY_s1,UPDATE_COMPARISON-ORIGIN-0003-origin1,ORIGIN,34,34,34,1.0,1,7
gemma,FREE_PAIR_CONSISTENCY_s1,UPDATE_COMPARISON-ORIGIN-0003-origin2,ORIGIN,34,34,34,1.0,1,15
gemma,FREE_PAIR_CONSISTENCY_s1,UPDATE_COMPARISON-ORIGIN-0003-origin3,ORIGIN,34,34,34,1.0,1,15
gemma,FREE_PAIR_CONSISTENCY_s1,UPDATE_COMPARISON-ORIGIN-0004-origin0,ORIGIN,34,34,30,0.8823529411764706,0,7
gemma,FREE_PAIR_CONSISTENCY_s1,UPDATE_COMPARISON-ORIGIN-0004-origin1,ORIGIN,34,34,30,0.8823529411764706,0,11
gemma,FREE_PAIR_CONSISTENCY_s1,UPDATE_COMPARISON-ORIGIN-0004-origin2,ORIGIN,34,34,32,0.9411764705882353,0,14
gemma,FREE_PAIR_CONSISTENCY_s1,UPDATE_COMPARISON-ORIGIN-0004-origin3,ORIGIN,34,34,32,0.9411764705882353,0,18
gemma,FREE_PAIR_CONSISTENCY_s1,UPDATE_COMPARISON-ORIGIN-0005-origin0,ORIGIN,34,34,32,0.9411764705882353,0,9
gemma,FREE_PAIR_CONSISTENCY_s1,UPDATE_COMPARISON-ORIGIN-0005-origin1,ORIGIN,34,34,32,0.9411764705882353,0,9
gemma,FREE_PAIR_CONSISTENCY_s1,UPDATE_COMPARISON-ORIGIN-0005-origin2,ORIGIN,34,34,32,0.9411764705882353,0,12
gemma,FREE_PAIR_CONSISTENCY_s1,UPDATE_COMPARISON-ORIGIN-0005-origin3,ORIGIN,34,34,29,0.8529411764705882,0,17
gemma,FREE_PAIR_CONSISTENCY_s1,UPDATE_COMPARISON-ORIGIN-0006-origin0,ORIGIN,34,34,32,0.9411764705882353,0,2
gemma,FREE_PAIR_CONSISTENCY_s1,UPDATE_COMPARISON-ORIGIN-0006-origin1,ORIGIN,34,34,32,0.9411764705882353,0,9
gemma,FREE_PAIR_CONSISTENCY_s1,UPDATE_COMPARISON-ORIGIN-0006-origin2,ORIGIN,34,34,33,0.9705882352941176,0,17
gemma,FREE_PAIR_CONSISTENCY_s1,UPDATE_COMPARISON-ORIGIN-0006-origin3,ORIGIN,34,34,32,0.9411764705882353,0,11
gemma,FREE_PAIR_CONSISTENCY_s1,UPDATE_COMPARISON-ORIGIN-0007-origin0,ORIGIN,34,34,34,1.0,1,9
gemma,FREE_PAIR_CONSISTENCY_s1,UPDATE_COMPARISON-ORIGIN-0007-origin1,ORIGIN,34,34,34,1.0,1,10
gemma,FREE_PAIR_CONSISTENCY_s1,UPDATE_COMPARISON-ORIGIN-0007-origin2,ORIGIN,34,34,34,1.0,1,15
gemma,FREE_PAIR_CONSISTENCY_s1,UPDATE_COMPARISON-ORIGIN-0007-origin3,ORIGIN,34,34,34,1.0,1,12
gemma,FREE_PAIR_CONSISTENCY_s1,UPDATE_COMPARISON-ORIGIN-0008-origin0,ORIGIN,34,34,29,0.8529411764705882,0,8
gemma,FREE_PAIR_CONSISTENCY_s1,UPDATE_COMPARISON-ORIGIN-0008-origin1,ORIGIN,34,34,25,0.7352941176470589,0,17
gemma,FREE_PAIR_CONSISTENCY_s1,UPDATE_COMPARISON-ORIGIN-0008-origin2,ORIGIN,34,34,33,0.9705882352941176,0,12
gemma,FREE_PAIR_CONSISTENCY_s1,UPDATE_COMPARISON-ORIGIN-0008-origin3,ORIGIN,34,34,33,0.9705882352941176,0,14
gemma,FREE_PAIR_CONSISTENCY_s1,UPDATE_COMPARISON-ORIGIN-0009-origin0,ORIGIN,34,34,27,0.7941176470588235,0,8
gemma,FREE_PAIR_CONSISTENCY_s1,UPDATE_COMPARISON-ORIGIN-0009-origin1,ORIGIN,34,34,28,0.8235294117647058,0,9
gemma,FREE_PAIR_CONSISTENCY_s1,UPDATE_COMPARISON-ORIGIN-0009-origin2,ORIGIN,34,34,31,0.9117647058823529,0,15
gemma,FREE_PAIR_CONSISTENCY_s1,UPDATE_COMPARISON-ORIGIN-0009-origin3,ORIGIN,34,34,29,0.8529411764705882,0,17
gemma,FREE_PAIR_CONSISTENCY_s1,UPDATE_COMPARISON-ORIGIN-0010-origin0,ORIGIN,34,34,32,0.9411764705882353,0,4
gemma,FREE_PAIR_CONSISTENCY_s1,UPDATE_COMPARISON-ORIGIN-0010-origin1,ORIGIN,34,34,31,0.9117647058823529,0,10
gemma,FREE_PAIR_CONSISTENCY_s1,UPDATE_COMPARISON-ORIGIN-0010-origin2,ORIGIN,34,34,30,0.8823529411764706,0,8
gemma,FREE_PAIR_CONSISTENCY_s1,UPDATE_COMPARISON-ORIGIN-0010-origin3,ORIGIN,34,34,31,0.9117647058823529,0,13
gemma,FREE_PAIR_CONSISTENCY_s1,UPDATE_COMPARISON-ORIGIN-0011-origin0,ORIGIN,34,34,34,1.0,1,8
gemma,FREE_PAIR_CONSISTENCY_s1,UPDATE_COMPARISON-ORIGIN-0011-origin1,ORIGIN,34,34,33,0.9705882352941176,0,13
gemma,FREE_PAIR_CONSISTENCY_s1,UPDATE_COMPARISON-ORIGIN-0011-origin2,ORIGIN,34,34,34,1.0,1,12
gemma,FREE_PAIR_CONSISTENCY_s1,UPDATE_COMPARISON-ORIGIN-0011-origin3,ORIGIN,34,34,33,0.9705882352941176,0,15
gemma,FREE_PAIR_CONSISTENCY_s1,UPDATE_COMPARISON-ORIGIN-0012-origin0,ORIGIN,34,34,34,1.0,1,0
gemma,FREE_PAIR_CONSISTENCY_s1,UPDATE_COMPARISON-ORIGIN-0012-origin1,ORIGIN,34,34,34,1.0,1,8
gemma,FREE_PAIR_CONSISTENCY_s1,UPDATE_COMPARISON-ORIGIN-0012-origin2,ORIGIN,34,34,34,1.0,1,14
gemma,FREE_PAIR_CONSISTENCY_s1,UPDATE_COMPARISON-ORIGIN-0012-origin3,ORIGIN,34,34,34,1.0,1,14
gemma,FREE_PAIR_CONSISTENCY_s1,UPDATE_COMPARISON-ORIGIN-0013-origin0,ORIGIN,34,34,28,0.8235294117647058,0,6
gemma,FREE_PAIR_CONSISTENCY_s1,UPDATE_COMPARISON-ORIGIN-0013-origin1,ORIGIN,34,34,27,0.7941176470588235,0,7
gemma,FREE_PAIR_CONSISTENCY_s1,UPDATE_COMPARISON-ORIGIN-0013-origin2,ORIGIN,34,34,31,0.9117647058823529,0,11
gemma,FREE_PAIR_CONSISTENCY_s1,UPDATE_COMPARISON-ORIGIN-0013-origin3,ORIGIN,34,34,30,0.8823529411764706,0,13
gemma,FREE_PAIR_CONSISTENCY_s1,UPDATE_COMPARISON-ORIGIN-0014-origin0,ORIGIN,34,34,30,0.8823529411764706,0,7
gemma,FREE_PAIR_CONSISTENCY_s1,UPDATE_COMPARISON-ORIGIN-0014-origin1,ORIGIN,34,34,30,0.8823529411764706,0,12
gemma,FREE_PAIR_CONSISTENCY_s1,UPDATE_COMPARISON-ORIGIN-0014-origin2,ORIGIN,34,34,28,0.8235294117647058,0,10
gemma,FREE_PAIR_CONSISTENCY_s1,UPDATE_COMPARISON-ORIGIN-0014-origin3,ORIGIN,34,34,28,0.8235294117647058,0,16
gemma,FREE_PAIR_CONSISTENCY_s1,UPDATE_COMPARISON-ORIGIN-0015-origin0,ORIGIN,34,34,29,0.8529411764705882,0,10
gemma,FREE_PAIR_CONSISTENCY_s1,UPDATE_COMPARISON-ORIGIN-0015-origin1,ORIGIN,34,34,27,0.7941176470588235,0,12
gemma,FREE_PAIR_CONSISTENCY_s1,UPDATE_COMPARISON-ORIGIN-0015-origin2,ORIGIN,34,34,31,0.9117647058823529,0,19
gemma,FREE_PAIR_CONSISTENCY_s1,UPDATE_COMPARISON-ORIGIN-0015-origin3,ORIGIN,34,34,29,0.8529411764705882,0,19
gemma,FREE_PAIR_CONSISTENCY_s1,UPDATE_COMPARISON-ORIGIN-0016-origin0,ORIGIN,34,34,34,1.0,1,3
gemma,FREE_PAIR_CONSISTENCY_s1,UPDATE_COMPARISON-ORIGIN-0016-origin1,ORIGIN,34,34,34,1.0,1,8
gemma,FREE_PAIR_CONSISTENCY_s1,UPDATE_COMPARISON-ORIGIN-0016-origin2,ORIGIN,34,34,34,1.0,1,14
gemma,FREE_PAIR_CONSISTENCY_s1,UPDATE_COMPARISON-ORIGIN-0016-origin3,ORIGIN,34,34,34,1.0,1,12
gemma,FREE_PAIR_CONSISTENCY_s1,UPDATE_COMPARISON-ORIGIN-0017-origin0,ORIGIN,34,34,34,1.0,1,2
gemma,FREE_PAIR_CONSISTENCY_s1,UPDATE_COMPARISON-ORIGIN-0017-origin1,ORIGIN,34,34,33,0.9705882352941176,0,4
gemma,FREE_PAIR_CONSISTENCY_s1,UPDATE_COMPARISON-ORIGIN-0017-origin2,ORIGIN,34,34,33,0.9705882352941176,0,12
gemma,FREE_PAIR_CONSISTENCY_s1,UPDATE_COMPARISON-ORIGIN-0017-origin3,ORIGIN,34,34,32,0.9411764705882353,0,16
gemma,FREE_PAIR_CONSISTENCY_s1,UPDATE_COMPARISON-ORIGIN-0018-origin0,ORIGIN,34,34,33,0.9705882352941176,0,5
gemma,FREE_PAIR_CONSISTENCY_s1,UPDATE_COMPARISON-ORIGIN-0018-origin1,ORIGIN,34,34,32,0.9411764705882353,0,12
gemma,FREE_PAIR_CONSISTENCY_s1,UPDATE_COMPARISON-ORIGIN-0018-origin2,ORIGIN,34,34,31,0.9117647058823529,0,17
gemma,FREE_PAIR_CONSISTENCY_s1,UPDATE_COMPARISON-ORIGIN-0018-origin3,ORIGIN,34,34,33,0.9705882352941176,0,15
gemma,FREE_PAIR_CONSISTENCY_s1,UPDATE_COMPARISON-ORIGIN-0019-origin0,ORIGIN,34,34,33,0.9705882352941176,0,2
gemma,FREE_PAIR_CONSISTENCY_s1,UPDATE_COMPARISON-ORIGIN-0019-origin1,ORIGIN,34,34,28,0.8235294117647058,0,12
gemma,FREE_PAIR_CONSISTENCY_s1,UPDATE_COMPARISON-ORIGIN-0019-origin2,ORIGIN,34,34,34,1.0,1,11
gemma,FREE_PAIR_CONSISTENCY_s1,UPDATE_COMPARISON-ORIGIN-0019-origin3,ORIGIN,34,34,32,0.9411764705882353,0,15
gemma,FREE_PAIR_CONSISTENCY_s1,UPDATE_COMPARISON-ORIGIN-0020-origin0,ORIGIN,34,34,34,1.0,1,0
gemma,FREE_PAIR_CONSISTENCY_s1,UPDATE_COMPARISON-ORIGIN-0020-origin1,ORIGIN,34,34,34,1.0,1,12
gemma,FREE_PAIR_CONSISTENCY_s1,UPDATE_COMPARISON-ORIGIN-0020-origin2,ORIGIN,34,34,34,1.0,1,14
gemma,FREE_PAIR_CONSISTENCY_s1,UPDATE_COMPARISON-ORIGIN-0020-origin3,ORIGIN,34,34,34,1.0,1,12
gemma,FREE_PAIR_CONSISTENCY_s1,UPDATE_COMPARISON-ORIGIN-0021-origin0,ORIGIN,34,34,34,1.0,1,7
gemma,FREE_PAIR_CONSISTENCY_s1,UPDATE_COMPARISON-ORIGIN-0021-origin1,ORIGIN,34,34,32,0.9411764705882353,0,13
gemma,FREE_PAIR_CONSISTENCY_s1,UPDATE_COMPARISON-ORIGIN-0021-origin2,ORIGIN,34,34,32,0.9411764705882353,0,12
gemma,FREE_PAIR_CONSISTENCY_s1,UPDATE_COMPARISON-ORIGIN-0021-origin3,ORIGIN,34,34,30,0.8823529411764706,0,16
gemma,FREE_PAIR_CONSISTENCY_s1,UPDATE_COMPARISON-ORIGIN-0022-origin0,ORIGIN,34,34,34,1.0,1,2
gemma,FREE_PAIR_CONSISTENCY_s1,UPDATE_COMPARISON-ORIGIN-0022-origin1,ORIGIN,34,34,34,1.0,1,10
gemma,FREE_PAIR_CONSISTENCY_s1,UPDATE_COMPARISON-ORIGIN-0022-origin2,ORIGIN,34,34,34,1.0,1,14
gemma,FREE_PAIR_CONSISTENCY_s1,UPDATE_COMPARISON-ORIGIN-0022-origin3,ORIGIN,34,34,34,1.0,1,14
gemma,FREE_PAIR_CONSISTENCY_s1,UPDATE_COMPARISON-ORIGIN-0023-origin0,ORIGIN,34,34,32,0.9411764705882353,0,2
gemma,FREE_PAIR_CONSISTENCY_s1,UPDATE_COMPARISON-ORIGIN-0023-origin1,ORIGIN,34,34,30,0.8823529411764706,0,8
gemma,FREE_PAIR_CONSISTENCY_s1,UPDATE_COMPARISON-ORIGIN-0023-origin2,ORIGIN,34,34,34,1.0,1,13
gemma,FREE_PAIR_CONSISTENCY_s1,UPDATE_COMPARISON-ORIGIN-0023-origin3,ORIGIN,34,34,32,0.9411764705882353,0,14
gemma,FREE_PAIR_CONSISTENCY_s1,UPDATE_COMPARISON-ORIGIN-0024-origin0,ORIGIN,34,34,33,0.9705882352941176,0,3
gemma,FREE_PAIR_CONSISTENCY_s1,UPDATE_COMPARISON-ORIGIN-0024-origin1,ORIGIN,34,34,33,0.9705882352941176,0,13
gemma,FREE_PAIR_CONSISTENCY_s1,UPDATE_COMPARISON-ORIGIN-0024-origin2,ORIGIN,34,34,34,1.0,1,18
gemma,FREE_PAIR_CONSISTENCY_s1,UPDATE_COMPARISON-ORIGIN-0024-origin3,ORIGIN,34,34,34,1.0,1,17
gemma,FREE_PAIR_CONSISTENCY_s1,UPDATE_COMPARISON-ORIGIN-0025-origin0,ORIGIN,34,34,30,0.8823529411764706,0,5
gemma,FREE_PAIR_CONSISTENCY_s1,UPDATE_COMPARISON-ORIGIN-0025-origin1,ORIGIN,34,34,30,0.8823529411764706,0,14
gemma,FREE_PAIR_CONSISTENCY_s1,UPDATE_COMPARISON-ORIGIN-0025-origin2,ORIGIN,34,34,33,0.9705882352941176,0,16
gemma,FREE_PAIR_CONSISTENCY_s1,UPDATE_COMPARISON-ORIGIN-0025-origin3,ORIGIN,34,34,30,0.8823529411764706,0,13
gemma,FREE_PAIR_CONSISTENCY_s1,UPDATE_COMPARISON-ORIGIN-0026-origin0,ORIGIN,34,34,31,0.9117647058823529,0,5
gemma,FREE_PAIR_CONSISTENCY_s1,UPDATE_COMPARISON-ORIGIN-0026-origin1,ORIGIN,34,34,32,0.9411764705882353,0,13
gemma,FREE_PAIR_CONSISTENCY_s1,UPDATE_COMPARISON-ORIGIN-0026-origin2,ORIGIN,34,34,34,1.0,1,19
gemma,FREE_PAIR_CONSISTENCY_s1,UPDATE_COMPARISON-ORIGIN-0026-origin3,ORIGIN,34,34,34,1.0,1,17
gemma,FREE_PAIR_CONSISTENCY_s1,UPDATE_COMPARISON-ORIGIN-0027-origin0,ORIGIN,34,34,28,0.8235294117647058,0,5
gemma,FREE_PAIR_CONSISTENCY_s1,UPDATE_COMPARISON-ORIGIN-0027-origin1,ORIGIN,34,34,34,1.0,1,12
gemma,FREE_PAIR_CONSISTENCY_s1,UPDATE_COMPARISON-ORIGIN-0027-origin2,ORIGIN,34,34,29,0.8529411764705882,0,19
gemma,FREE_PAIR_CONSISTENCY_s1,UPDATE_COMPARISON-ORIGIN-0027-origin3,ORIGIN,34,34,33,0.9705882352941176,0,17
gemma,FREE_PAIR_CONSISTENCY_s1,UPDATE_COMPARISON-ORIGIN-0028-origin0,ORIGIN,34,34,34,1.0,1,0
gemma,FREE_PAIR_CONSISTENCY_s1,UPDATE_COMPARISON-ORIGIN-0028-origin1,ORIGIN,34,34,34,1.0,1,10
gemma,FREE_PAIR_CONSISTENCY_s1,UPDATE_COMPARISON-ORIGIN-0028-origin2,ORIGIN,34,34,34,1.0,1,20
gemma,FREE_PAIR_CONSISTENCY_s1,UPDATE_COMPARISON-ORIGIN-0028-origin3,ORIGIN,34,34,34,1.0,1,22
gemma,FREE_PAIR_CONSISTENCY_s1,UPDATE_COMPARISON-ORIGIN-0029-origin0,ORIGIN,34,34,34,1.0,1,0
gemma,FREE_PAIR_CONSISTENCY_s1,UPDATE_COMPARISON-ORIGIN-0029-origin1,ORIGIN,34,34,32,0.9411764705882353,0,2
gemma,FREE_PAIR_CONSISTENCY_s1,UPDATE_COMPARISON-ORIGIN-0029-origin2,ORIGIN,34,34,34,1.0,1,27
gemma,FREE_PAIR_CONSISTENCY_s1,UPDATE_COMPARISON-ORIGIN-0029-origin3,ORIGIN,34,34,33,0.9705882352941176,0,25
gemma,FREE_PAIR_CONSISTENCY_s1,UPDATE_COMPARISON-ORIGIN-0030-origin0,ORIGIN,34,34,34,1.0,1,0
gemma,FREE_PAIR_CONSISTENCY_s1,UPDATE_COMPARISON-ORIGIN-0030-origin1,ORIGIN,34,34,34,1.0,1,12
gemma,FREE_PAIR_CONSISTENCY_s1,UPDATE_COMPARISON-ORIGIN-0030-origin2,ORIGIN,34,34,34,1.0,1,19
gemma,FREE_PAIR_CONSISTENCY_s1,UPDATE_COMPARISON-ORIGIN-0030-origin3,ORIGIN,34,34,34,1.0,1,25
gemma,FREE_PAIR_CONSISTENCY_s1,UPDATE_COMPARISON-ORIGIN-0031-origin0,ORIGIN,34,34,34,1.0,1,0
gemma,FREE_PAIR_CONSISTENCY_s1,UPDATE_COMPARISON-ORIGIN-0031-origin1,ORIGIN,34,34,34,1.0,1,10
gemma,FREE_PAIR_CONSISTENCY_s1,UPDATE_COMPARISON-ORIGIN-0031-origin2,ORIGIN,34,34,34,1.0,1,23
gemma,FREE_PAIR_CONSISTENCY_s1,UPDATE_COMPARISON-ORIGIN-0031-origin3,ORIGIN,34,34,34,1.0,1,22
gemma,FREE_PAIR_CONSISTENCY_s1,UPDATE_COMPARISON-ORIGIN-0032-origin0,ORIGIN,34,34,34,1.0,1,1
gemma,FREE_PAIR_CONSISTENCY_s1,UPDATE_COMPARISON-ORIGIN-0032-origin1,ORIGIN,34,34,34,1.0,1,13
gemma,FREE_PAIR_CONSISTENCY_s1,UPDATE_COMPARISON-ORIGIN-0032-origin2,ORIGIN,34,34,34,1.0,1,16
gemma,FREE_PAIR_CONSISTENCY_s1,UPDATE_COMPARISON-ORIGIN-0032-origin3,ORIGIN,34,34,34,1.0,1,22
gemma,FREE_PAIR_CONSISTENCY_s1,UPDATE_COMPARISON-ORIGIN-0033-origin0,ORIGIN,34,34,34,1.0,1,2
gemma,FREE_PAIR_CONSISTENCY_s1,UPDATE_COMPARISON-ORIGIN-0033-origin1,ORIGIN,34,34,34,1.0,1,12
gemma,FREE_PAIR_CONSISTENCY_s1,UPDATE_COMPARISON-ORIGIN-0033-origin2,ORIGIN,34,34,34,1.0,1,16
gemma,FREE_PAIR_CONSISTENCY_s1,UPDATE_COMPARISON-ORIGIN-0033-origin3,ORIGIN,34,34,34,1.0,1,22
gemma,FREE_PAIR_CONSISTENCY_s1,UPDATE_COMPARISON-ORIGIN-0034-origin0,ORIGIN,34,34,34,1.0,1,0
gemma,FREE_PAIR_CONSISTENCY_s1,UPDATE_COMPARISON-ORIGIN-0034-origin1,ORIGIN,34,34,34,1.0,1,5
gemma,FREE_PAIR_CONSISTENCY_s1,UPDATE_COMPARISON-ORIGIN-0034-origin2,ORIGIN,34,34,34,1.0,1,16
gemma,FREE_PAIR_CONSISTENCY_s1,UPDATE_COMPARISON-ORIGIN-0034-origin3,ORIGIN,34,34,34,1.0,1,19
gemma,FREE_PAIR_CONSISTENCY_s1,UPDATE_COMPARISON-ORIGIN-0035-origin0,ORIGIN,34,34,31,0.9117647058823529,0,6
gemma,FREE_PAIR_CONSISTENCY_s1,UPDATE_COMPARISON-ORIGIN-0035-origin1,ORIGIN,34,34,31,0.9117647058823529,0,11
gemma,FREE_PAIR_CONSISTENCY_s1,UPDATE_COMPARISON-ORIGIN-0035-origin2,ORIGIN,34,34,32,0.9411764705882353,0,13
gemma,FREE_PAIR_CONSISTENCY_s1,UPDATE_COMPARISON-ORIGIN-0035-origin3,ORIGIN,34,34,32,0.9411764705882353,0,20
gemma,FREE_PAIR_CONSISTENCY_s1,UPDATE_COMPARISON-ORIGIN-0036-origin0,ORIGIN,34,34,30,0.8823529411764706,0,7
gemma,FREE_PAIR_CONSISTENCY_s1,UPDATE_COMPARISON-ORIGIN-0036-origin1,ORIGIN,34,34,31,0.9117647058823529,0,9
gemma,FREE_PAIR_CONSISTENCY_s1,UPDATE_COMPARISON-ORIGIN-0036-origin2,ORIGIN,34,34,30,0.8823529411764706,0,14
gemma,FREE_PAIR_CONSISTENCY_s1,UPDATE_COMPARISON-ORIGIN-0036-origin3,ORIGIN,34,34,30,0.8823529411764706,0,17
gemma,FREE_PAIR_CONSISTENCY_s1,UPDATE_COMPARISON-ORIGIN-0037-origin0,ORIGIN,34,34,31,0.9117647058823529,0,6
gemma,FREE_PAIR_CONSISTENCY_s1,UPDATE_COMPARISON-ORIGIN-0037-origin1,ORIGIN,34,34,34,1.0,1,11
gemma,FREE_PAIR_CONSISTENCY_s1,UPDATE_COMPARISON-ORIGIN-0037-origin2,ORIGIN,34,34,30,0.8823529411764706,0,15
gemma,FREE_PAIR_CONSISTENCY_s1,UPDATE_COMPARISON-ORIGIN-0037-origin3,ORIGIN,34,34,31,0.9117647058823529,0,19
gemma,FREE_PAIR_CONSISTENCY_s1,UPDATE_COMPARISON-ORIGIN-0038-origin0,ORIGIN,34,34,34,1.0,1,4
gemma,FREE_PAIR_CONSISTENCY_s1,UPDATE_COMPARISON-ORIGIN-0038-origin1,ORIGIN,34,34,30,0.8823529411764706,0,9
gemma,FREE_PAIR_CONSISTENCY_s1,UPDATE_COMPARISON-ORIGIN-0038-origin2,ORIGIN,34,34,32,0.9411764705882353,0,17
gemma,FREE_PAIR_CONSISTENCY_s1,UPDATE_COMPARISON-ORIGIN-0038-origin3,ORIGIN,34,34,32,0.9411764705882353,0,18
gemma,FREE_PAIR_CONSISTENCY_s1,UPDATE_COMPARISON-ORIGIN-0039-origin0,ORIGIN,34,34,32,0.9411764705882353,0,4
gemma,FREE_PAIR_CONSISTENCY_s1,UPDATE_COMPARISON-ORIGIN-0039-origin1,ORIGIN,34,34,32,0.9411764705882353,0,9
gemma,FREE_PAIR_CONSISTENCY_s1,UPDATE_COMPARISON-ORIGIN-0039-origin2,ORIGIN,34,34,32,0.9411764705882353,0,16
gemma,FREE_PAIR_CONSISTENCY_s1,UPDATE_COMPARISON-ORIGIN-0039-origin3,ORIGIN,34,34,32,0.9411764705882353,0,16
gemma,FREE_PAIR_CONSISTENCY_s1,UPDATE_COMPARISON-ORIGIN-0040-origin0,ORIGIN,34,34,34,1.0,1,2
gemma,FREE_PAIR_CONSISTENCY_s1,UPDATE_COMPARISON-ORIGIN-0040-origin1,ORIGIN,34,34,34,1.0,1,8
gemma,FREE_PAIR_CONSISTENCY_s1,UPDATE_COMPARISON-ORIGIN-0040-origin2,ORIGIN,34,34,33,0.9705882352941176,0,17
gemma,FREE_PAIR_CONSISTENCY_s1,UPDATE_COMPARISON-ORIGIN-0040-origin3,ORIGIN,34,34,34,1.0,1,12
gemma,FREE_PAIR_CONSISTENCY_s1,UPDATE_COMPARISON-ORIGIN-0041-origin0,ORIGIN,34,34,34,1.0,1,4
gemma,FREE_PAIR_CONSISTENCY_s1,UPDATE_COMPARISON-ORIGIN-0041-origin1,ORIGIN,34,34,34,1.0,1,12
gemma,FREE_PAIR_CONSISTENCY_s1,UPDATE_COMPARISON-ORIGIN-0041-origin2,ORIGIN,34,34,34,1.0,1,13
gemma,FREE_PAIR_CONSISTENCY_s1,UPDATE_COMPARISON-ORIGIN-0041-origin3,ORIGIN,34,34,33,0.9705882352941176,0,15
gemma,FREE_PAIR_CONSISTENCY_s1,UPDATE_COMPARISON-ORIGIN-0042-origin0,ORIGIN,34,34,34,1.0,1,2
gemma,FREE_PAIR_CONSISTENCY_s1,UPDATE_COMPARISON-ORIGIN-0042-origin1,ORIGIN,34,34,34,1.0,1,12
gemma,FREE_PAIR_CONSISTENCY_s1,UPDATE_COMPARISON-ORIGIN-0042-origin2,ORIGIN,34,34,32,0.9411764705882353,0,10
gemma,FREE_PAIR_CONSISTENCY_s1,UPDATE_COMPARISON-ORIGIN-0042-origin3,ORIGIN,34,34,33,0.9705882352941176,0,15
gemma,FREE_PAIR_CONSISTENCY_s1,UPDATE_COMPARISON-ORIGIN-0043-origin0,ORIGIN,34,34,34,1.0,1,0
gemma,FREE_PAIR_CONSISTENCY_s1,UPDATE_COMPARISON-ORIGIN-0043-origin1,ORIGIN,34,34,34,1.0,1,6
gemma,FREE_PAIR_CONSISTENCY_s1,UPDATE_COMPARISON-ORIGIN-0043-origin2,ORIGIN,34,34,34,1.0,1,13
gemma,FREE_PAIR_CONSISTENCY_s1,UPDATE_COMPARISON-ORIGIN-0043-origin3,ORIGIN,34,34,34,1.0,1,15
gemma,FREE_PAIR_CONSISTENCY_s1,UPDATE_COMPARISON-ORIGIN-0044-origin0,ORIGIN,34,34,34,1.0,1,4
gemma,FREE_PAIR_CONSISTENCY_s1,UPDATE_COMPARISON-ORIGIN-0044-origin1,ORIGIN,34,34,32,0.9411764705882353,0,10
gemma,FREE_PAIR_CONSISTENCY_s1,UPDATE_COMPARISON-ORIGIN-0044-origin2,ORIGIN,34,34,34,1.0,1,14
gemma,FREE_PAIR_CONSISTENCY_s1,UPDATE_COMPARISON-ORIGIN-0044-origin3,ORIGIN,34,34,34,1.0,1,18
gemma,FREE_PAIR_CONSISTENCY_s1,UPDATE_COMPARISON-ORIGIN-0045-origin0,ORIGIN,34,34,34,1.0,1,0
gemma,FREE_PAIR_CONSISTENCY_s1,UPDATE_COMPARISON-ORIGIN-0045-origin1,ORIGIN,34,34,34,1.0,1,7
gemma,FREE_PAIR_CONSISTENCY_s1,UPDATE_COMPARISON-ORIGIN-0045-origin2,ORIGIN,34,34,34,1.0,1,11
gemma,FREE_PAIR_CONSISTENCY_s1,UPDATE_COMPARISON-ORIGIN-0045-origin3,ORIGIN,34,34,33,0.9705882352941176,0,17
gemma,FREE_PAIR_CONSISTENCY_s1,UPDATE_COMPARISON-ORIGIN-0046-origin0,ORIGIN,34,34,34,1.0,1,2
gemma,FREE_PAIR_CONSISTENCY_s1,UPDATE_COMPARISON-ORIGIN-0046-origin1,ORIGIN,34,34,34,1.0,1,10
gemma,FREE_PAIR_CONSISTENCY_s1,UPDATE_COMPARISON-ORIGIN-0046-origin2,ORIGIN,34,34,34,1.0,1,14
gemma,FREE_PAIR_CONSISTENCY_s1,UPDATE_COMPARISON-ORIGIN-0046-origin3,ORIGIN,34,34,34,1.0,1,20
gemma,FREE_PAIR_CONSISTENCY_s1,UPDATE_COMPARISON-ORIGIN-0047-origin0,ORIGIN,34,34,29,0.8529411764705882,0,4
gemma,FREE_PAIR_CONSISTENCY_s1,UPDATE_COMPARISON-ORIGIN-0047-origin1,ORIGIN,34,34,28,0.8235294117647058,0,11
gemma,FREE_PAIR_CONSISTENCY_s1,UPDATE_COMPARISON-ORIGIN-0047-origin2,ORIGIN,34,34,32,0.9411764705882353,0,14
gemma,FREE_PAIR_CONSISTENCY_s1,UPDATE_COMPARISON-ORIGIN-0047-origin3,ORIGIN,34,34,31,0.9117647058823529,0,15
gemma,FREE_PAIR_CONSISTENCY_s1,UPDATE_COMPARISON-ORIGIN-0048-origin0,ORIGIN,34,34,29,0.8529411764705882,0,4
gemma,FREE_PAIR_CONSISTENCY_s1,UPDATE_COMPARISON-ORIGIN-0048-origin1,ORIGIN,34,34,32,0.9411764705882353,0,12
gemma,FREE_PAIR_CONSISTENCY_s1,UPDATE_COMPARISON-ORIGIN-0048-origin2,ORIGIN,34,34,32,0.9411764705882353,0,12
gemma,FREE_PAIR_CONSISTENCY_s1,UPDATE_COMPARISON-ORIGIN-0048-origin3,ORIGIN,34,34,32,0.9411764705882353,0,17
gemma,FREE_PAIR_CONSISTENCY_s1,UPDATE_COMPARISON-ORIGIN-0049-origin0,ORIGIN,34,34,33,0.9705882352941176,0,2
gemma,FREE_PAIR_CONSISTENCY_s1,UPDATE_COMPARISON-ORIGIN-0049-origin1,ORIGIN,34,34,32,0.9411764705882353,0,6
gemma,FREE_PAIR_CONSISTENCY_s1,UPDATE_COMPARISON-ORIGIN-0049-origin2,ORIGIN,34,34,31,0.9117647058823529,0,14
gemma,FREE_PAIR_CONSISTENCY_s1,UPDATE_COMPARISON-ORIGIN-0049-origin3,ORIGIN,34,34,31,0.9117647058823529,0,17
gemma,FREE_PAIR_CONSISTENCY_s1,UPDATE_COMPARISON-ORIGIN-0050-origin0,ORIGIN,34,34,34,1.0,1,5
gemma,FREE_PAIR_CONSISTENCY_s1,UPDATE_COMPARISON-ORIGIN-0050-origin1,ORIGIN,34,34,34,1.0,1,11
gemma,FREE_PAIR_CONSISTENCY_s1,UPDATE_COMPARISON-ORIGIN-0050-origin2,ORIGIN,34,34,34,1.0,1,12
gemma,FREE_PAIR_CONSISTENCY_s1,UPDATE_COMPARISON-ORIGIN-0050-origin3,ORIGIN,34,34,34,1.0,1,16
gemma,FREE_PAIR_CONSISTENCY_s1,UPDATE_COMPARISON-ORIGIN-0051-origin0,ORIGIN,34,34,32,0.9411764705882353,0,2
gemma,FREE_PAIR_CONSISTENCY_s1,UPDATE_COMPARISON-ORIGIN-0051-origin1,ORIGIN,34,34,31,0.9117647058823529,0,10
gemma,FREE_PAIR_CONSISTENCY_s1,UPDATE_COMPARISON-ORIGIN-0051-origin2,ORIGIN,34,34,31,0.9117647058823529,0,10
gemma,FREE_PAIR_CONSISTENCY_s1,UPDATE_COMPARISON-ORIGIN-0051-origin3,ORIGIN,34,34,30,0.8823529411764706,0,14
gemma,FREE_PAIR_CONSISTENCY_s1,UPDATE_COMPARISON-ORIGIN-0052-origin0,ORIGIN,34,34,28,0.8235294117647058,0,2
gemma,FREE_PAIR_CONSISTENCY_s1,UPDATE_COMPARISON-ORIGIN-0052-origin1,ORIGIN,34,34,27,0.7941176470588235,0,9
gemma,FREE_PAIR_CONSISTENCY_s1,UPDATE_COMPARISON-ORIGIN-0052-origin2,ORIGIN,34,34,34,1.0,1,14
gemma,FREE_PAIR_CONSISTENCY_s1,UPDATE_COMPARISON-ORIGIN-0052-origin3,ORIGIN,34,34,34,1.0,1,17
gemma,FREE_PAIR_CONSISTENCY_s1,UPDATE_COMPARISON-ORIGIN-0053-origin0,ORIGIN,34,34,34,1.0,1,4
gemma,FREE_PAIR_CONSISTENCY_s1,UPDATE_COMPARISON-ORIGIN-0053-origin1,ORIGIN,34,34,32,0.9411764705882353,0,12
gemma,FREE_PAIR_CONSISTENCY_s1,UPDATE_COMPARISON-ORIGIN-0053-origin2,ORIGIN,34,34,33,0.9705882352941176,0,12
gemma,FREE_PAIR_CONSISTENCY_s1,UPDATE_COMPARISON-ORIGIN-0053-origin3,ORIGIN,34,34,32,0.9411764705882353,0,15
gemma,FREE_PAIR_CONSISTENCY_s1,UPDATE_COMPARISON-ORIGIN-0054-origin0,ORIGIN,34,34,33,0.9705882352941176,0,3
gemma,FREE_PAIR_CONSISTENCY_s1,UPDATE_COMPARISON-ORIGIN-0054-origin1,ORIGIN,34,34,33,0.9705882352941176,0,10
gemma,FREE_PAIR_CONSISTENCY_s1,UPDATE_COMPARISON-ORIGIN-0054-origin2,ORIGIN,34,34,32,0.9411764705882353,0,16
gemma,FREE_PAIR_CONSISTENCY_s1,UPDATE_COMPARISON-ORIGIN-0054-origin3,ORIGIN,34,34,32,0.9411764705882353,0,14
gemma,FREE_PAIR_CONSISTENCY_s1,UPDATE_COMPARISON-ORIGIN-0055-origin0,ORIGIN,34,34,34,1.0,1,3
gemma,FREE_PAIR_CONSISTENCY_s1,UPDATE_COMPARISON-ORIGIN-0055-origin1,ORIGIN,34,34,34,1.0,1,8
gemma,FREE_PAIR_CONSISTENCY_s1,UPDATE_COMPARISON-ORIGIN-0055-origin2,ORIGIN,34,34,34,1.0,1,13
gemma,FREE_PAIR_CONSISTENCY_s1,UPDATE_COMPARISON-ORIGIN-0055-origin3,ORIGIN,34,34,34,1.0,1,14
gemma,FREE_PAIR_CONSISTENCY_s1,UPDATE_COMPARISON-ORIGIN-0056-origin0,ORIGIN,34,34,34,1.0,1,0
gemma,FREE_PAIR_CONSISTENCY_s1,UPDATE_COMPARISON-ORIGIN-0056-origin1,ORIGIN,34,34,34,1.0,1,11
gemma,FREE_PAIR_CONSISTENCY_s1,UPDATE_COMPARISON-ORIGIN-0056-origin2,ORIGIN,34,34,34,1.0,1,16
gemma,FREE_PAIR_CONSISTENCY_s1,UPDATE_COMPARISON-ORIGIN-0056-origin3,ORIGIN,34,34,34,1.0,1,16
gemma,FREE_PAIR_CONSISTENCY_s1,UPDATE_COMPARISON-ORIGIN-0057-origin0,ORIGIN,34,34,27,0.7941176470588235,0,9
gemma,FREE_PAIR_CONSISTENCY_s1,UPDATE_COMPARISON-ORIGIN-0057-origin1,ORIGIN,34,34,26,0.7647058823529411,0,16
gemma,FREE_PAIR_CONSISTENCY_s1,UPDATE_COMPARISON-ORIGIN-0057-origin2,ORIGIN,34,34,34,1.0,1,18
gemma,FREE_PAIR_CONSISTENCY_s1,UPDATE_COMPARISON-ORIGIN-0057-origin3,ORIGIN,34,34,33,0.9705882352941176,0,21
gemma,FREE_PAIR_CONSISTENCY_s1,UPDATE_COMPARISON-ORIGIN-0058-origin0,ORIGIN,34,34,34,1.0,1,1
gemma,FREE_PAIR_CONSISTENCY_s1,UPDATE_COMPARISON-ORIGIN-0058-origin1,ORIGIN,34,34,34,1.0,1,10
gemma,FREE_PAIR_CONSISTENCY_s1,UPDATE_COMPARISON-ORIGIN-0058-origin2,ORIGIN,34,34,34,1.0,1,16
gemma,FREE_PAIR_CONSISTENCY_s1,UPDATE_COMPARISON-ORIGIN-0058-origin3,ORIGIN,34,34,34,1.0,1,18
gemma,FREE_PAIR_CONSISTENCY_s1,UPDATE_COMPARISON-ORIGIN-0059-origin0,ORIGIN,34,34,34,1.0,1,0
gemma,FREE_PAIR_CONSISTENCY_s1,UPDATE_COMPARISON-ORIGIN-0059-origin1,ORIGIN,34,34,34,1.0,1,3
gemma,FREE_PAIR_CONSISTENCY_s1,UPDATE_COMPARISON-ORIGIN-0059-origin2,ORIGIN,34,34,33,0.9705882352941176,0,15
gemma,FREE_PAIR_CONSISTENCY_s1,UPDATE_COMPARISON-ORIGIN-0059-origin3,ORIGIN,34,34,32,0.9411764705882353,0,10
gemma,FREE_PAIR_CONSISTENCY_s1,UPDATE_COMPARISON-ORIGIN-0060-origin0,ORIGIN,34,34,30,0.8823529411764706,0,4
gemma,FREE_PAIR_CONSISTENCY_s1,UPDATE_COMPARISON-ORIGIN-0060-origin1,ORIGIN,34,34,30,0.8823529411764706,0,10
gemma,FREE_PAIR_CONSISTENCY_s1,UPDATE_COMPARISON-ORIGIN-0060-origin2,ORIGIN,34,34,34,1.0,1,18
gemma,FREE_PAIR_CONSISTENCY_s1,UPDATE_COMPARISON-ORIGIN-0060-origin3,ORIGIN,34,34,34,1.0,1,23
gemma,FREE_PAIR_CONSISTENCY_s1,UPDATE_COMPARISON-ORIGIN-0061-origin0,ORIGIN,34,34,34,1.0,1,0
gemma,FREE_PAIR_CONSISTENCY_s1,UPDATE_COMPARISON-ORIGIN-0061-origin1,ORIGIN,34,34,34,1.0,1,11
gemma,FREE_PAIR_CONSISTENCY_s1,UPDATE_COMPARISON-ORIGIN-0061-origin2,ORIGIN,34,34,34,1.0,1,26
gemma,FREE_PAIR_CONSISTENCY_s1,UPDATE_COMPARISON-ORIGIN-0061-origin3,ORIGIN,34,34,34,1.0,1,20
gemma,FREE_PAIR_CONSISTENCY_s1,UPDATE_COMPARISON-ORIGIN-0062-origin0,ORIGIN,34,34,34,1.0,1,0
gemma,FREE_PAIR_CONSISTENCY_s1,UPDATE_COMPARISON-ORIGIN-0062-origin1,ORIGIN,34,34,34,1.0,1,12
gemma,FREE_PAIR_CONSISTENCY_s1,UPDATE_COMPARISON-ORIGIN-0062-origin2,ORIGIN,34,34,34,1.0,1,24
gemma,FREE_PAIR_CONSISTENCY_s1,UPDATE_COMPARISON-ORIGIN-0062-origin3,ORIGIN,34,34,34,1.0,1,22
gemma,FREE_PAIR_CONSISTENCY_s1,UPDATE_COMPARISON-ORIGIN-0063-origin0,ORIGIN,34,34,34,1.0,1,1
gemma,FREE_PAIR_CONSISTENCY_s1,UPDATE_COMPARISON-ORIGIN-0063-origin1,ORIGIN,34,34,34,1.0,1,4
gemma,FREE_PAIR_CONSISTENCY_s1,UPDATE_COMPARISON-ORIGIN-0063-origin2,ORIGIN,34,34,34,1.0,1,20
gemma,FREE_PAIR_CONSISTENCY_s1,UPDATE_COMPARISON-ORIGIN-0063-origin3,ORIGIN,34,34,34,1.0,1,22
gemma,INV_PAIR_NLL_s0,UPDATE_COMPARISON-ORIGIN-0000-origin0,ORIGIN,34,34,34,1.0,1,3
gemma,INV_PAIR_NLL_s0,UPDATE_COMPARISON-ORIGIN-0000-origin1,ORIGIN,34,34,34,1.0,1,13
gemma,INV_PAIR_NLL_s0,UPDATE_COMPARISON-ORIGIN-0000-origin2,ORIGIN,34,34,34,1.0,1,18
gemma,INV_PAIR_NLL_s0,UPDATE_COMPARISON-ORIGIN-0000-origin3,ORIGIN,34,34,32,0.9411764705882353,0,20
gemma,INV_PAIR_NLL_s0,UPDATE_COMPARISON-ORIGIN-0001-origin0,ORIGIN,34,34,34,1.0,1,4
gemma,INV_PAIR_NLL_s0,UPDATE_COMPARISON-ORIGIN-0001-origin1,ORIGIN,34,34,34,1.0,1,12
gemma,INV_PAIR_NLL_s0,UPDATE_COMPARISON-ORIGIN-0001-origin2,ORIGIN,34,34,34,1.0,1,20
gemma,INV_PAIR_NLL_s0,UPDATE_COMPARISON-ORIGIN-0001-origin3,ORIGIN,34,34,34,1.0,1,22
gemma,INV_PAIR_NLL_s0,UPDATE_COMPARISON-ORIGIN-0002-origin0,ORIGIN,34,34,34,1.0,1,0
gemma,INV_PAIR_NLL_s0,UPDATE_COMPARISON-ORIGIN-0002-origin1,ORIGIN,34,34,34,1.0,1,11
gemma,INV_PAIR_NLL_s0,UPDATE_COMPARISON-ORIGIN-0002-origin2,ORIGIN,34,34,34,1.0,1,18
gemma,INV_PAIR_NLL_s0,UPDATE_COMPARISON-ORIGIN-0002-origin3,ORIGIN,34,34,34,1.0,1,18
gemma,INV_PAIR_NLL_s0,UPDATE_COMPARISON-ORIGIN-0003-origin0,ORIGIN,34,34,34,1.0,1,6
gemma,INV_PAIR_NLL_s0,UPDATE_COMPARISON-ORIGIN-0003-origin1,ORIGIN,34,34,34,1.0,1,7
gemma,INV_PAIR_NLL_s0,UPDATE_COMPARISON-ORIGIN-0003-origin2,ORIGIN,34,34,34,1.0,1,15
gemma,INV_PAIR_NLL_s0,UPDATE_COMPARISON-ORIGIN-0003-origin3,ORIGIN,34,34,34,1.0,1,15
gemma,INV_PAIR_NLL_s0,UPDATE_COMPARISON-ORIGIN-0004-origin0,ORIGIN,34,34,34,1.0,1,3
gemma,INV_PAIR_NLL_s0,UPDATE_COMPARISON-ORIGIN-0004-origin1,ORIGIN,34,34,32,0.9411764705882353,0,9
gemma,INV_PAIR_NLL_s0,UPDATE_COMPARISON-ORIGIN-0004-origin2,ORIGIN,34,34,32,0.9411764705882353,0,14
gemma,INV_PAIR_NLL_s0,UPDATE_COMPARISON-ORIGIN-0004-origin3,ORIGIN,34,34,34,1.0,1,16
gemma,INV_PAIR_NLL_s0,UPDATE_COMPARISON-ORIGIN-0005-origin0,ORIGIN,34,34,32,0.9411764705882353,0,9
gemma,INV_PAIR_NLL_s0,UPDATE_COMPARISON-ORIGIN-0005-origin1,ORIGIN,34,34,32,0.9411764705882353,0,9
gemma,INV_PAIR_NLL_s0,UPDATE_COMPARISON-ORIGIN-0005-origin2,ORIGIN,34,34,34,1.0,1,14
gemma,INV_PAIR_NLL_s0,UPDATE_COMPARISON-ORIGIN-0005-origin3,ORIGIN,34,34,34,1.0,1,12
gemma,INV_PAIR_NLL_s0,UPDATE_COMPARISON-ORIGIN-0006-origin0,ORIGIN,34,34,34,1.0,1,0
gemma,INV_PAIR_NLL_s0,UPDATE_COMPARISON-ORIGIN-0006-origin1,ORIGIN,34,34,34,1.0,1,7
gemma,INV_PAIR_NLL_s0,UPDATE_COMPARISON-ORIGIN-0006-origin2,ORIGIN,34,34,34,1.0,1,18
gemma,INV_PAIR_NLL_s0,UPDATE_COMPARISON-ORIGIN-0006-origin3,ORIGIN,34,34,34,1.0,1,11
gemma,INV_PAIR_NLL_s0,UPDATE_COMPARISON-ORIGIN-0007-origin0,ORIGIN,34,34,33,0.9705882352941176,0,8
gemma,INV_PAIR_NLL_s0,UPDATE_COMPARISON-ORIGIN-0007-origin1,ORIGIN,34,34,33,0.9705882352941176,0,9
gemma,INV_PAIR_NLL_s0,UPDATE_COMPARISON-ORIGIN-0007-origin2,ORIGIN,34,34,34,1.0,1,15
gemma,INV_PAIR_NLL_s0,UPDATE_COMPARISON-ORIGIN-0007-origin3,ORIGIN,34,34,34,1.0,1,12
gemma,INV_PAIR_NLL_s0,UPDATE_COMPARISON-ORIGIN-0008-origin0,ORIGIN,34,34,33,0.9705882352941176,0,6
gemma,INV_PAIR_NLL_s0,UPDATE_COMPARISON-ORIGIN-0008-origin1,ORIGIN,34,34,32,0.9411764705882353,0,14
gemma,INV_PAIR_NLL_s0,UPDATE_COMPARISON-ORIGIN-0008-origin2,ORIGIN,34,34,33,0.9705882352941176,0,12
gemma,INV_PAIR_NLL_s0,UPDATE_COMPARISON-ORIGIN-0008-origin3,ORIGIN,34,34,33,0.9705882352941176,0,14
gemma,INV_PAIR_NLL_s0,UPDATE_COMPARISON-ORIGIN-0009-origin0,ORIGIN,34,34,32,0.9411764705882353,0,9
gemma,INV_PAIR_NLL_s0,UPDATE_COMPARISON-ORIGIN-0009-origin1,ORIGIN,34,34,31,0.9117647058823529,0,8
gemma,INV_PAIR_NLL_s0,UPDATE_COMPARISON-ORIGIN-0009-origin2,ORIGIN,34,34,32,0.9411764705882353,0,14
gemma,INV_PAIR_NLL_s0,UPDATE_COMPARISON-ORIGIN-0009-origin3,ORIGIN,34,34,31,0.9117647058823529,0,17
gemma,INV_PAIR_NLL_s0,UPDATE_COMPARISON-ORIGIN-0010-origin0,ORIGIN,34,34,33,0.9705882352941176,0,5
gemma,INV_PAIR_NLL_s0,UPDATE_COMPARISON-ORIGIN-0010-origin1,ORIGIN,34,34,33,0.9705882352941176,0,10
gemma,INV_PAIR_NLL_s0,UPDATE_COMPARISON-ORIGIN-0010-origin2,ORIGIN,34,34,31,0.9117647058823529,0,7
gemma,INV_PAIR_NLL_s0,UPDATE_COMPARISON-ORIGIN-0010-origin3,ORIGIN,34,34,30,0.8823529411764706,0,12
gemma,INV_PAIR_NLL_s0,UPDATE_COMPARISON-ORIGIN-0011-origin0,ORIGIN,34,34,34,1.0,1,8
gemma,INV_PAIR_NLL_s0,UPDATE_COMPARISON-ORIGIN-0011-origin1,ORIGIN,34,34,34,1.0,1,12
gemma,INV_PAIR_NLL_s0,UPDATE_COMPARISON-ORIGIN-0011-origin2,ORIGIN,34,34,34,1.0,1,12
gemma,INV_PAIR_NLL_s0,UPDATE_COMPARISON-ORIGIN-0011-origin3,ORIGIN,34,34,34,1.0,1,14
gemma,INV_PAIR_NLL_s0,UPDATE_COMPARISON-ORIGIN-0012-origin0,ORIGIN,34,34,34,1.0,1,0
gemma,INV_PAIR_NLL_s0,UPDATE_COMPARISON-ORIGIN-0012-origin1,ORIGIN,34,34,34,1.0,1,8
gemma,INV_PAIR_NLL_s0,UPDATE_COMPARISON-ORIGIN-0012-origin2,ORIGIN,34,34,34,1.0,1,14
gemma,INV_PAIR_NLL_s0,UPDATE_COMPARISON-ORIGIN-0012-origin3,ORIGIN,34,34,34,1.0,1,14
gemma,INV_PAIR_NLL_s0,UPDATE_COMPARISON-ORIGIN-0013-origin0,ORIGIN,34,34,32,0.9411764705882353,0,2
gemma,INV_PAIR_NLL_s0,UPDATE_COMPARISON-ORIGIN-0013-origin1,ORIGIN,34,34,32,0.9411764705882353,0,6
gemma,INV_PAIR_NLL_s0,UPDATE_COMPARISON-ORIGIN-0013-origin2,ORIGIN,34,34,33,0.9705882352941176,0,13
gemma,INV_PAIR_NLL_s0,UPDATE_COMPARISON-ORIGIN-0013-origin3,ORIGIN,34,34,34,1.0,1,17
gemma,INV_PAIR_NLL_s0,UPDATE_COMPARISON-ORIGIN-0014-origin0,ORIGIN,34,34,33,0.9705882352941176,0,6
gemma,INV_PAIR_NLL_s0,UPDATE_COMPARISON-ORIGIN-0014-origin1,ORIGIN,34,34,33,0.9705882352941176,0,13
gemma,INV_PAIR_NLL_s0,UPDATE_COMPARISON-ORIGIN-0014-origin2,ORIGIN,34,34,34,1.0,1,12
gemma,INV_PAIR_NLL_s0,UPDATE_COMPARISON-ORIGIN-0014-origin3,ORIGIN,34,34,34,1.0,1,18
gemma,INV_PAIR_NLL_s0,UPDATE_COMPARISON-ORIGIN-0015-origin0,ORIGIN,34,34,34,1.0,1,11
gemma,INV_PAIR_NLL_s0,UPDATE_COMPARISON-ORIGIN-0015-origin1,ORIGIN,34,34,34,1.0,1,11
gemma,INV_PAIR_NLL_s0,UPDATE_COMPARISON-ORIGIN-0015-origin2,ORIGIN,34,34,34,1.0,1,18
gemma,INV_PAIR_NLL_s0,UPDATE_COMPARISON-ORIGIN-0015-origin3,ORIGIN,34,34,33,0.9705882352941176,0,19
gemma,INV_PAIR_NLL_s0,UPDATE_COMPARISON-ORIGIN-0016-origin0,ORIGIN,34,34,34,1.0,1,3
gemma,INV_PAIR_NLL_s0,UPDATE_COMPARISON-ORIGIN-0016-origin1,ORIGIN,34,34,34,1.0,1,8
gemma,INV_PAIR_NLL_s0,UPDATE_COMPARISON-ORIGIN-0016-origin2,ORIGIN,34,34,33,0.9705882352941176,0,13
gemma,INV_PAIR_NLL_s0,UPDATE_COMPARISON-ORIGIN-0016-origin3,ORIGIN,34,34,32,0.9411764705882353,0,12
gemma,INV_PAIR_NLL_s0,UPDATE_COMPARISON-ORIGIN-0017-origin0,ORIGIN,34,34,34,1.0,1,2
gemma,INV_PAIR_NLL_s0,UPDATE_COMPARISON-ORIGIN-0017-origin1,ORIGIN,34,34,34,1.0,1,3
gemma,INV_PAIR_NLL_s0,UPDATE_COMPARISON-ORIGIN-0017-origin2,ORIGIN,34,34,34,1.0,1,11
gemma,INV_PAIR_NLL_s0,UPDATE_COMPARISON-ORIGIN-0017-origin3,ORIGIN,34,34,34,1.0,1,14
gemma,INV_PAIR_NLL_s0,UPDATE_COMPARISON-ORIGIN-0018-origin0,ORIGIN,34,34,34,1.0,1,6
gemma,INV_PAIR_NLL_s0,UPDATE_COMPARISON-ORIGIN-0018-origin1,ORIGIN,34,34,34,1.0,1,12
gemma,INV_PAIR_NLL_s0,UPDATE_COMPARISON-ORIGIN-0018-origin2,ORIGIN,34,34,33,0.9705882352941176,0,13
gemma,INV_PAIR_NLL_s0,UPDATE_COMPARISON-ORIGIN-0018-origin3,ORIGIN,34,34,32,0.9411764705882353,0,16
gemma,INV_PAIR_NLL_s0,UPDATE_COMPARISON-ORIGIN-0019-origin0,ORIGIN,34,34,34,1.0,1,1
gemma,INV_PAIR_NLL_s0,UPDATE_COMPARISON-ORIGIN-0019-origin1,ORIGIN,34,34,34,1.0,1,6
gemma,INV_PAIR_NLL_s0,UPDATE_COMPARISON-ORIGIN-0019-origin2,ORIGIN,34,34,34,1.0,1,11
gemma,INV_PAIR_NLL_s0,UPDATE_COMPARISON-ORIGIN-0019-origin3,ORIGIN,34,34,34,1.0,1,13
gemma,INV_PAIR_NLL_s0,UPDATE_COMPARISON-ORIGIN-0020-origin0,ORIGIN,34,34,34,1.0,1,0
gemma,INV_PAIR_NLL_s0,UPDATE_COMPARISON-ORIGIN-0020-origin1,ORIGIN,34,34,34,1.0,1,12
gemma,INV_PAIR_NLL_s0,UPDATE_COMPARISON-ORIGIN-0020-origin2,ORIGIN,34,34,34,1.0,1,14
gemma,INV_PAIR_NLL_s0,UPDATE_COMPARISON-ORIGIN-0020-origin3,ORIGIN,34,34,34,1.0,1,12
gemma,INV_PAIR_NLL_s0,UPDATE_COMPARISON-ORIGIN-0021-origin0,ORIGIN,34,34,34,1.0,1,7
gemma,INV_PAIR_NLL_s0,UPDATE_COMPARISON-ORIGIN-0021-origin1,ORIGIN,34,34,34,1.0,1,15
gemma,INV_PAIR_NLL_s0,UPDATE_COMPARISON-ORIGIN-0021-origin2,ORIGIN,34,34,34,1.0,1,14
gemma,INV_PAIR_NLL_s0,UPDATE_COMPARISON-ORIGIN-0021-origin3,ORIGIN,34,34,34,1.0,1,16
gemma,INV_PAIR_NLL_s0,UPDATE_COMPARISON-ORIGIN-0022-origin0,ORIGIN,34,34,34,1.0,1,2
gemma,INV_PAIR_NLL_s0,UPDATE_COMPARISON-ORIGIN-0022-origin1,ORIGIN,34,34,34,1.0,1,10
gemma,INV_PAIR_NLL_s0,UPDATE_COMPARISON-ORIGIN-0022-origin2,ORIGIN,34,34,34,1.0,1,14
gemma,INV_PAIR_NLL_s0,UPDATE_COMPARISON-ORIGIN-0022-origin3,ORIGIN,34,34,34,1.0,1,14
gemma,INV_PAIR_NLL_s0,UPDATE_COMPARISON-ORIGIN-0023-origin0,ORIGIN,34,34,34,1.0,1,0
gemma,INV_PAIR_NLL_s0,UPDATE_COMPARISON-ORIGIN-0023-origin1,ORIGIN,34,34,34,1.0,1,12
gemma,INV_PAIR_NLL_s0,UPDATE_COMPARISON-ORIGIN-0023-origin2,ORIGIN,34,34,34,1.0,1,13
gemma,INV_PAIR_NLL_s0,UPDATE_COMPARISON-ORIGIN-0023-origin3,ORIGIN,34,34,33,0.9705882352941176,0,13
gemma,INV_PAIR_NLL_s0,UPDATE_COMPARISON-ORIGIN-0024-origin0,ORIGIN,34,34,34,1.0,1,2
gemma,INV_PAIR_NLL_s0,UPDATE_COMPARISON-ORIGIN-0024-origin1,ORIGIN,34,34,34,1.0,1,12
gemma,INV_PAIR_NLL_s0,UPDATE_COMPARISON-ORIGIN-0024-origin2,ORIGIN,34,34,33,0.9705882352941176,0,17
gemma,INV_PAIR_NLL_s0,UPDATE_COMPARISON-ORIGIN-0024-origin3,ORIGIN,34,34,34,1.0,1,17
gemma,INV_PAIR_NLL_s0,UPDATE_COMPARISON-ORIGIN-0025-origin0,ORIGIN,34,34,34,1.0,1,1
gemma,INV_PAIR_NLL_s0,UPDATE_COMPARISON-ORIGIN-0025-origin1,ORIGIN,34,34,34,1.0,1,12
gemma,INV_PAIR_NLL_s0,UPDATE_COMPARISON-ORIGIN-0025-origin2,ORIGIN,34,34,31,0.9117647058823529,0,14
gemma,INV_PAIR_NLL_s0,UPDATE_COMPARISON-ORIGIN-0025-origin3,ORIGIN,34,34,32,0.9411764705882353,0,15
gemma,INV_PAIR_NLL_s0,UPDATE_COMPARISON-ORIGIN-0026-origin0,ORIGIN,34,34,34,1.0,1,2
gemma,INV_PAIR_NLL_s0,UPDATE_COMPARISON-ORIGIN-0026-origin1,ORIGIN,34,34,34,1.0,1,11
gemma,INV_PAIR_NLL_s0,UPDATE_COMPARISON-ORIGIN-0026-origin2,ORIGIN,34,34,34,1.0,1,19
gemma,INV_PAIR_NLL_s0,UPDATE_COMPARISON-ORIGIN-0026-origin3,ORIGIN,34,34,34,1.0,1,17
gemma,INV_PAIR_NLL_s0,UPDATE_COMPARISON-ORIGIN-0027-origin0,ORIGIN,34,34,34,1.0,1,11
gemma,INV_PAIR_NLL_s0,UPDATE_COMPARISON-ORIGIN-0027-origin1,ORIGIN,34,34,34,1.0,1,12
gemma,INV_PAIR_NLL_s0,UPDATE_COMPARISON-ORIGIN-0027-origin2,ORIGIN,34,34,32,0.9411764705882353,0,14
gemma,INV_PAIR_NLL_s0,UPDATE_COMPARISON-ORIGIN-0027-origin3,ORIGIN,34,34,32,0.9411764705882353,0,16
gemma,INV_PAIR_NLL_s0,UPDATE_COMPARISON-ORIGIN-0028-origin0,ORIGIN,34,34,34,1.0,1,0
gemma,INV_PAIR_NLL_s0,UPDATE_COMPARISON-ORIGIN-0028-origin1,ORIGIN,34,34,34,1.0,1,10
gemma,INV_PAIR_NLL_s0,UPDATE_COMPARISON-ORIGIN-0028-origin2,ORIGIN,34,34,34,1.0,1,20
gemma,INV_PAIR_NLL_s0,UPDATE_COMPARISON-ORIGIN-0028-origin3,ORIGIN,34,34,34,1.0,1,22
gemma,INV_PAIR_NLL_s0,UPDATE_COMPARISON-ORIGIN-0029-origin0,ORIGIN,34,34,32,0.9411764705882353,0,2
gemma,INV_PAIR_NLL_s0,UPDATE_COMPARISON-ORIGIN-0029-origin1,ORIGIN,34,34,32,0.9411764705882353,0,2
gemma,INV_PAIR_NLL_s0,UPDATE_COMPARISON-ORIGIN-0029-origin2,ORIGIN,34,34,33,0.9705882352941176,0,28
gemma,INV_PAIR_NLL_s0,UPDATE_COMPARISON-ORIGIN-0029-origin3,ORIGIN,34,34,34,1.0,1,26
gemma,INV_PAIR_NLL_s0,UPDATE_COMPARISON-ORIGIN-0030-origin0,ORIGIN,34,34,34,1.0,1,0
gemma,INV_PAIR_NLL_s0,UPDATE_COMPARISON-ORIGIN-0030-origin1,ORIGIN,34,34,34,1.0,1,12
gemma,INV_PAIR_NLL_s0,UPDATE_COMPARISON-ORIGIN-0030-origin2,ORIGIN,34,34,34,1.0,1,19
gemma,INV_PAIR_NLL_s0,UPDATE_COMPARISON-ORIGIN-0030-origin3,ORIGIN,34,34,34,1.0,1,25
gemma,INV_PAIR_NLL_s0,UPDATE_COMPARISON-ORIGIN-0031-origin0,ORIGIN,34,34,34,1.0,1,0
gemma,INV_PAIR_NLL_s0,UPDATE_COMPARISON-ORIGIN-0031-origin1,ORIGIN,34,34,34,1.0,1,10
gemma,INV_PAIR_NLL_s0,UPDATE_COMPARISON-ORIGIN-0031-origin2,ORIGIN,34,34,34,1.0,1,23
gemma,INV_PAIR_NLL_s0,UPDATE_COMPARISON-ORIGIN-0031-origin3,ORIGIN,34,34,34,1.0,1,22
gemma,INV_PAIR_NLL_s0,UPDATE_COMPARISON-ORIGIN-0032-origin0,ORIGIN,34,34,34,1.0,1,1
gemma,INV_PAIR_NLL_s0,UPDATE_COMPARISON-ORIGIN-0032-origin1,ORIGIN,34,34,34,1.0,1,13
gemma,INV_PAIR_NLL_s0,UPDATE_COMPARISON-ORIGIN-0032-origin2,ORIGIN,34,34,34,1.0,1,16
gemma,INV_PAIR_NLL_s0,UPDATE_COMPARISON-ORIGIN-0032-origin3,ORIGIN,34,34,34,1.0,1,22
gemma,INV_PAIR_NLL_s0,UPDATE_COMPARISON-ORIGIN-0033-origin0,ORIGIN,34,34,34,1.0,1,2
gemma,INV_PAIR_NLL_s0,UPDATE_COMPARISON-ORIGIN-0033-origin1,ORIGIN,34,34,34,1.0,1,12
gemma,INV_PAIR_NLL_s0,UPDATE_COMPARISON-ORIGIN-0033-origin2,ORIGIN,34,34,34,1.0,1,16
gemma,INV_PAIR_NLL_s0,UPDATE_COMPARISON-ORIGIN-0033-origin3,ORIGIN,34,34,34,1.0,1,22
gemma,INV_PAIR_NLL_s0,UPDATE_COMPARISON-ORIGIN-0034-origin0,ORIGIN,34,34,34,1.0,1,0
gemma,INV_PAIR_NLL_s0,UPDATE_COMPARISON-ORIGIN-0034-origin1,ORIGIN,34,34,34,1.0,1,5
gemma,INV_PAIR_NLL_s0,UPDATE_COMPARISON-ORIGIN-0034-origin2,ORIGIN,34,34,34,1.0,1,16
gemma,INV_PAIR_NLL_s0,UPDATE_COMPARISON-ORIGIN-0034-origin3,ORIGIN,34,34,34,1.0,1,19
gemma,INV_PAIR_NLL_s0,UPDATE_COMPARISON-ORIGIN-0035-origin0,ORIGIN,34,34,32,0.9411764705882353,0,7
gemma,INV_PAIR_NLL_s0,UPDATE_COMPARISON-ORIGIN-0035-origin1,ORIGIN,34,34,30,0.8823529411764706,0,10
gemma,INV_PAIR_NLL_s0,UPDATE_COMPARISON-ORIGIN-0035-origin2,ORIGIN,34,34,32,0.9411764705882353,0,13
gemma,INV_PAIR_NLL_s0,UPDATE_COMPARISON-ORIGIN-0035-origin3,ORIGIN,34,34,30,0.8823529411764706,0,22
gemma,INV_PAIR_NLL_s0,UPDATE_COMPARISON-ORIGIN-0036-origin0,ORIGIN,34,34,33,0.9705882352941176,0,4
gemma,INV_PAIR_NLL_s0,UPDATE_COMPARISON-ORIGIN-0036-origin1,ORIGIN,34,34,33,0.9705882352941176,0,11
gemma,INV_PAIR_NLL_s0,UPDATE_COMPARISON-ORIGIN-0036-origin2,ORIGIN,34,34,33,0.9705882352941176,0,17
gemma,INV_PAIR_NLL_s0,UPDATE_COMPARISON-ORIGIN-0036-origin3,ORIGIN,34,34,33,0.9705882352941176,0,16
gemma,INV_PAIR_NLL_s0,UPDATE_COMPARISON-ORIGIN-0037-origin0,ORIGIN,34,34,34,1.0,1,3
gemma,INV_PAIR_NLL_s0,UPDATE_COMPARISON-ORIGIN-0037-origin1,ORIGIN,34,34,34,1.0,1,11
gemma,INV_PAIR_NLL_s0,UPDATE_COMPARISON-ORIGIN-0037-origin2,ORIGIN,34,34,34,1.0,1,15
gemma,INV_PAIR_NLL_s0,UPDATE_COMPARISON-ORIGIN-0037-origin3,ORIGIN,34,34,33,0.9705882352941176,0,17
gemma,INV_PAIR_NLL_s0,UPDATE_COMPARISON-ORIGIN-0038-origin0,ORIGIN,34,34,34,1.0,1,4
gemma,INV_PAIR_NLL_s0,UPDATE_COMPARISON-ORIGIN-0038-origin1,ORIGIN,34,34,34,1.0,1,11
gemma,INV_PAIR_NLL_s0,UPDATE_COMPARISON-ORIGIN-0038-origin2,ORIGIN,34,34,34,1.0,1,15
gemma,INV_PAIR_NLL_s0,UPDATE_COMPARISON-ORIGIN-0038-origin3,ORIGIN,34,34,34,1.0,1,16
gemma,INV_PAIR_NLL_s0,UPDATE_COMPARISON-ORIGIN-0039-origin0,ORIGIN,34,34,34,1.0,1,2
gemma,INV_PAIR_NLL_s0,UPDATE_COMPARISON-ORIGIN-0039-origin1,ORIGIN,34,34,34,1.0,1,9
gemma,INV_PAIR_NLL_s0,UPDATE_COMPARISON-ORIGIN-0039-origin2,ORIGIN,34,34,34,1.0,1,14
gemma,INV_PAIR_NLL_s0,UPDATE_COMPARISON-ORIGIN-0039-origin3,ORIGIN,34,34,34,1.0,1,14
gemma,INV_PAIR_NLL_s0,UPDATE_COMPARISON-ORIGIN-0040-origin0,ORIGIN,34,34,34,1.0,1,2
gemma,INV_PAIR_NLL_s0,UPDATE_COMPARISON-ORIGIN-0040-origin1,ORIGIN,34,34,34,1.0,1,8
gemma,INV_PAIR_NLL_s0,UPDATE_COMPARISON-ORIGIN-0040-origin2,ORIGIN,34,34,33,0.9705882352941176,0,17
gemma,INV_PAIR_NLL_s0,UPDATE_COMPARISON-ORIGIN-0040-origin3,ORIGIN,34,34,33,0.9705882352941176,0,13
gemma,INV_PAIR_NLL_s0,UPDATE_COMPARISON-ORIGIN-0041-origin0,ORIGIN,34,34,34,1.0,1,4
gemma,INV_PAIR_NLL_s0,UPDATE_COMPARISON-ORIGIN-0041-origin1,ORIGIN,34,34,34,1.0,1,12
gemma,INV_PAIR_NLL_s0,UPDATE_COMPARISON-ORIGIN-0041-origin2,ORIGIN,34,34,34,1.0,1,13
gemma,INV_PAIR_NLL_s0,UPDATE_COMPARISON-ORIGIN-0041-origin3,ORIGIN,34,34,32,0.9411764705882353,0,12
gemma,INV_PAIR_NLL_s0,UPDATE_COMPARISON-ORIGIN-0042-origin0,ORIGIN,34,34,34,1.0,1,2
gemma,INV_PAIR_NLL_s0,UPDATE_COMPARISON-ORIGIN-0042-origin1,ORIGIN,34,34,34,1.0,1,12
gemma,INV_PAIR_NLL_s0,UPDATE_COMPARISON-ORIGIN-0042-origin2,ORIGIN,34,34,34,1.0,1,12
gemma,INV_PAIR_NLL_s0,UPDATE_COMPARISON-ORIGIN-0042-origin3,ORIGIN,34,34,33,0.9705882352941176,0,15
gemma,INV_PAIR_NLL_s0,UPDATE_COMPARISON-ORIGIN-0043-origin0,ORIGIN,34,34,34,1.0,1,0
gemma,INV_PAIR_NLL_s0,UPDATE_COMPARISON-ORIGIN-0043-origin1,ORIGIN,34,34,34,1.0,1,6
gemma,INV_PAIR_NLL_s0,UPDATE_COMPARISON-ORIGIN-0043-origin2,ORIGIN,34,34,34,1.0,1,13
gemma,INV_PAIR_NLL_s0,UPDATE_COMPARISON-ORIGIN-0043-origin3,ORIGIN,34,34,34,1.0,1,15
gemma,INV_PAIR_NLL_s0,UPDATE_COMPARISON-ORIGIN-0044-origin0,ORIGIN,34,34,32,0.9411764705882353,0,6
gemma,INV_PAIR_NLL_s0,UPDATE_COMPARISON-ORIGIN-0044-origin1,ORIGIN,34,34,33,0.9705882352941176,0,9
gemma,INV_PAIR_NLL_s0,UPDATE_COMPARISON-ORIGIN-0044-origin2,ORIGIN,34,34,34,1.0,1,14
gemma,INV_PAIR_NLL_s0,UPDATE_COMPARISON-ORIGIN-0044-origin3,ORIGIN,34,34,34,1.0,1,18
gemma,INV_PAIR_NLL_s0,UPDATE_COMPARISON-ORIGIN-0045-origin0,ORIGIN,34,34,34,1.0,1,0
gemma,INV_PAIR_NLL_s0,UPDATE_COMPARISON-ORIGIN-0045-origin1,ORIGIN,34,34,34,1.0,1,7
gemma,INV_PAIR_NLL_s0,UPDATE_COMPARISON-ORIGIN-0045-origin2,ORIGIN,34,34,34,1.0,1,11
gemma,INV_PAIR_NLL_s0,UPDATE_COMPARISON-ORIGIN-0045-origin3,ORIGIN,34,34,34,1.0,1,18
gemma,INV_PAIR_NLL_s0,UPDATE_COMPARISON-ORIGIN-0046-origin0,ORIGIN,34,34,34,1.0,1,2
gemma,INV_PAIR_NLL_s0,UPDATE_COMPARISON-ORIGIN-0046-origin1,ORIGIN,34,34,33,0.9705882352941176,0,9
gemma,INV_PAIR_NLL_s0,UPDATE_COMPARISON-ORIGIN-0046-origin2,ORIGIN,34,34,34,1.0,1,14
gemma,INV_PAIR_NLL_s0,UPDATE_COMPARISON-ORIGIN-0046-origin3,ORIGIN,34,34,34,1.0,1,20
gemma,INV_PAIR_NLL_s0,UPDATE_COMPARISON-ORIGIN-0047-origin0,ORIGIN,34,34,34,1.0,1,1
gemma,INV_PAIR_NLL_s0,UPDATE_COMPARISON-ORIGIN-0047-origin1,ORIGIN,34,34,34,1.0,1,7
gemma,INV_PAIR_NLL_s0,UPDATE_COMPARISON-ORIGIN-0047-origin2,ORIGIN,34,34,34,1.0,1,16
gemma,INV_PAIR_NLL_s0,UPDATE_COMPARISON-ORIGIN-0047-origin3,ORIGIN,34,34,34,1.0,1,18
gemma,INV_PAIR_NLL_s0,UPDATE_COMPARISON-ORIGIN-0048-origin0,ORIGIN,34,34,30,0.8823529411764706,0,3
gemma,INV_PAIR_NLL_s0,UPDATE_COMPARISON-ORIGIN-0048-origin1,ORIGIN,34,34,33,0.9705882352941176,0,13
gemma,INV_PAIR_NLL_s0,UPDATE_COMPARISON-ORIGIN-0048-origin2,ORIGIN,34,34,30,0.8823529411764706,0,14
gemma,INV_PAIR_NLL_s0,UPDATE_COMPARISON-ORIGIN-0048-origin3,ORIGIN,34,34,33,0.9705882352941176,0,16
gemma,INV_PAIR_NLL_s0,UPDATE_COMPARISON-ORIGIN-0049-origin0,ORIGIN,34,34,33,0.9705882352941176,0,2
gemma,INV_PAIR_NLL_s0,UPDATE_COMPARISON-ORIGIN-0049-origin1,ORIGIN,34,34,34,1.0,1,4
gemma,INV_PAIR_NLL_s0,UPDATE_COMPARISON-ORIGIN-0049-origin2,ORIGIN,34,34,33,0.9705882352941176,0,12
gemma,INV_PAIR_NLL_s0,UPDATE_COMPARISON-ORIGIN-0049-origin3,ORIGIN,34,34,34,1.0,1,14
gemma,INV_PAIR_NLL_s0,UPDATE_COMPARISON-ORIGIN-0050-origin0,ORIGIN,34,34,32,0.9411764705882353,0,5
gemma,INV_PAIR_NLL_s0,UPDATE_COMPARISON-ORIGIN-0050-origin1,ORIGIN,34,34,34,1.0,1,11
gemma,INV_PAIR_NLL_s0,UPDATE_COMPARISON-ORIGIN-0050-origin2,ORIGIN,34,34,32,0.9411764705882353,0,14
gemma,INV_PAIR_NLL_s0,UPDATE_COMPARISON-ORIGIN-0050-origin3,ORIGIN,34,34,33,0.9705882352941176,0,17
gemma,INV_PAIR_NLL_s0,UPDATE_COMPARISON-ORIGIN-0051-origin0,ORIGIN,34,34,32,0.9411764705882353,0,2
gemma,INV_PAIR_NLL_s0,UPDATE_COMPARISON-ORIGIN-0051-origin1,ORIGIN,34,34,32,0.9411764705882353,0,9
gemma,INV_PAIR_NLL_s0,UPDATE_COMPARISON-ORIGIN-0051-origin2,ORIGIN,34,34,32,0.9411764705882353,0,11
gemma,INV_PAIR_NLL_s0,UPDATE_COMPARISON-ORIGIN-0051-origin3,ORIGIN,34,34,31,0.9117647058823529,0,15
gemma,INV_PAIR_NLL_s0,UPDATE_COMPARISON-ORIGIN-0052-origin0,ORIGIN,34,34,34,1.0,1,4
gemma,INV_PAIR_NLL_s0,UPDATE_COMPARISON-ORIGIN-0052-origin1,ORIGIN,34,34,34,1.0,1,6
gemma,INV_PAIR_NLL_s0,UPDATE_COMPARISON-ORIGIN-0052-origin2,ORIGIN,34,34,34,1.0,1,14
gemma,INV_PAIR_NLL_s0,UPDATE_COMPARISON-ORIGIN-0052-origin3,ORIGIN,34,34,34,1.0,1,17
gemma,INV_PAIR_NLL_s0,UPDATE_COMPARISON-ORIGIN-0053-origin0,ORIGIN,34,34,33,0.9705882352941176,0,3
gemma,INV_PAIR_NLL_s0,UPDATE_COMPARISON-ORIGIN-0053-origin1,ORIGIN,34,34,34,1.0,1,10
gemma,INV_PAIR_NLL_s0,UPDATE_COMPARISON-ORIGIN-0053-origin2,ORIGIN,34,34,30,0.8823529411764706,0,9
gemma,INV_PAIR_NLL_s0,UPDATE_COMPARISON-ORIGIN-0053-origin3,ORIGIN,34,34,30,0.8823529411764706,0,13
gemma,INV_PAIR_NLL_s0,UPDATE_COMPARISON-ORIGIN-0054-origin0,ORIGIN,34,34,34,1.0,1,4
gemma,INV_PAIR_NLL_s0,UPDATE_COMPARISON-ORIGIN-0054-origin1,ORIGIN,34,34,34,1.0,1,11
gemma,INV_PAIR_NLL_s0,UPDATE_COMPARISON-ORIGIN-0054-origin2,ORIGIN,34,34,34,1.0,1,18
gemma,INV_PAIR_NLL_s0,UPDATE_COMPARISON-ORIGIN-0054-origin3,ORIGIN,34,34,34,1.0,1,16
gemma,INV_PAIR_NLL_s0,UPDATE_COMPARISON-ORIGIN-0055-origin0,ORIGIN,34,34,34,1.0,1,3
gemma,INV_PAIR_NLL_s0,UPDATE_COMPARISON-ORIGIN-0055-origin1,ORIGIN,34,34,34,1.0,1,8
gemma,INV_PAIR_NLL_s0,UPDATE_COMPARISON-ORIGIN-0055-origin2,ORIGIN,34,34,34,1.0,1,13
gemma,INV_PAIR_NLL_s0,UPDATE_COMPARISON-ORIGIN-0055-origin3,ORIGIN,34,34,34,1.0,1,14
gemma,INV_PAIR_NLL_s0,UPDATE_COMPARISON-ORIGIN-0056-origin0,ORIGIN,34,34,34,1.0,1,0
gemma,INV_PAIR_NLL_s0,UPDATE_COMPARISON-ORIGIN-0056-origin1,ORIGIN,34,34,34,1.0,1,11
gemma,INV_PAIR_NLL_s0,UPDATE_COMPARISON-ORIGIN-0056-origin2,ORIGIN,34,34,31,0.9117647058823529,0,15
gemma,INV_PAIR_NLL_s0,UPDATE_COMPARISON-ORIGIN-0056-origin3,ORIGIN,34,34,34,1.0,1,16
gemma,INV_PAIR_NLL_s0,UPDATE_COMPARISON-ORIGIN-0057-origin0,ORIGIN,34,34,33,0.9705882352941176,0,3
gemma,INV_PAIR_NLL_s0,UPDATE_COMPARISON-ORIGIN-0057-origin1,ORIGIN,34,34,34,1.0,1,12
gemma,INV_PAIR_NLL_s0,UPDATE_COMPARISON-ORIGIN-0057-origin2,ORIGIN,34,34,31,0.9117647058823529,0,19
gemma,INV_PAIR_NLL_s0,UPDATE_COMPARISON-ORIGIN-0057-origin3,ORIGIN,34,34,31,0.9117647058823529,0,21
gemma,INV_PAIR_NLL_s0,UPDATE_COMPARISON-ORIGIN-0058-origin0,ORIGIN,34,34,34,1.0,1,1
gemma,INV_PAIR_NLL_s0,UPDATE_COMPARISON-ORIGIN-0058-origin1,ORIGIN,34,34,34,1.0,1,10
gemma,INV_PAIR_NLL_s0,UPDATE_COMPARISON-ORIGIN-0058-origin2,ORIGIN,34,34,34,1.0,1,16
gemma,INV_PAIR_NLL_s0,UPDATE_COMPARISON-ORIGIN-0058-origin3,ORIGIN,34,34,34,1.0,1,18
gemma,INV_PAIR_NLL_s0,UPDATE_COMPARISON-ORIGIN-0059-origin0,ORIGIN,34,34,34,1.0,1,0
gemma,INV_PAIR_NLL_s0,UPDATE_COMPARISON-ORIGIN-0059-origin1,ORIGIN,34,34,33,0.9705882352941176,0,4
gemma,INV_PAIR_NLL_s0,UPDATE_COMPARISON-ORIGIN-0059-origin2,ORIGIN,34,34,34,1.0,1,14
gemma,INV_PAIR_NLL_s0,UPDATE_COMPARISON-ORIGIN-0059-origin3,ORIGIN,34,34,34,1.0,1,12
gemma,INV_PAIR_NLL_s0,UPDATE_COMPARISON-ORIGIN-0060-origin0,ORIGIN,34,34,34,1.0,1,4
gemma,INV_PAIR_NLL_s0,UPDATE_COMPARISON-ORIGIN-0060-origin1,ORIGIN,34,34,34,1.0,1,10
gemma,INV_PAIR_NLL_s0,UPDATE_COMPARISON-ORIGIN-0060-origin2,ORIGIN,34,34,34,1.0,1,18
gemma,INV_PAIR_NLL_s0,UPDATE_COMPARISON-ORIGIN-0060-origin3,ORIGIN,34,34,34,1.0,1,23
gemma,INV_PAIR_NLL_s0,UPDATE_COMPARISON-ORIGIN-0061-origin0,ORIGIN,34,34,34,1.0,1,0
gemma,INV_PAIR_NLL_s0,UPDATE_COMPARISON-ORIGIN-0061-origin1,ORIGIN,34,34,34,1.0,1,11
gemma,INV_PAIR_NLL_s0,UPDATE_COMPARISON-ORIGIN-0061-origin2,ORIGIN,34,34,34,1.0,1,26
gemma,INV_PAIR_NLL_s0,UPDATE_COMPARISON-ORIGIN-0061-origin3,ORIGIN,34,34,34,1.0,1,20
gemma,INV_PAIR_NLL_s0,UPDATE_COMPARISON-ORIGIN-0062-origin0,ORIGIN,34,34,34,1.0,1,0
gemma,INV_PAIR_NLL_s0,UPDATE_COMPARISON-ORIGIN-0062-origin1,ORIGIN,34,34,34,1.0,1,12
gemma,INV_PAIR_NLL_s0,UPDATE_COMPARISON-ORIGIN-0062-origin2,ORIGIN,34,34,34,1.0,1,24
gemma,INV_PAIR_NLL_s0,UPDATE_COMPARISON-ORIGIN-0062-origin3,ORIGIN,34,34,34,1.0,1,22
gemma,INV_PAIR_NLL_s0,UPDATE_COMPARISON-ORIGIN-0063-origin0,ORIGIN,34,34,34,1.0,1,1
gemma,INV_PAIR_NLL_s0,UPDATE_COMPARISON-ORIGIN-0063-origin1,ORIGIN,34,34,32,0.9411764705882353,0,2
gemma,INV_PAIR_NLL_s0,UPDATE_COMPARISON-ORIGIN-0063-origin2,ORIGIN,34,34,34,1.0,1,20
gemma,INV_PAIR_NLL_s0,UPDATE_COMPARISON-ORIGIN-0063-origin3,ORIGIN,34,34,32,0.9411764705882353,0,20
gemma,INV_PAIR_NLL_s1,UPDATE_COMPARISON-ORIGIN-0000-origin0,ORIGIN,34,34,33,0.9705882352941176,0,4
gemma,INV_PAIR_NLL_s1,UPDATE_COMPARISON-ORIGIN-0000-origin1,ORIGIN,34,34,31,0.9117647058823529,0,10
gemma,INV_PAIR_NLL_s1,UPDATE_COMPARISON-ORIGIN-0000-origin2,ORIGIN,34,34,29,0.8529411764705882,0,13
gemma,INV_PAIR_NLL_s1,UPDATE_COMPARISON-ORIGIN-0000-origin3,ORIGIN,34,34,26,0.7647058823529411,0,16
gemma,INV_PAIR_NLL_s1,UPDATE_COMPARISON-ORIGIN-0001-origin0,ORIGIN,34,34,34,1.0,1,4
gemma,INV_PAIR_NLL_s1,UPDATE_COMPARISON-ORIGIN-0001-origin1,ORIGIN,34,34,34,1.0,1,12
gemma,INV_PAIR_NLL_s1,UPDATE_COMPARISON-ORIGIN-0001-origin2,ORIGIN,34,34,34,1.0,1,20
gemma,INV_PAIR_NLL_s1,UPDATE_COMPARISON-ORIGIN-0001-origin3,ORIGIN,34,34,30,0.8823529411764706,0,18
gemma,INV_PAIR_NLL_s1,UPDATE_COMPARISON-ORIGIN-0002-origin0,ORIGIN,34,34,34,1.0,1,0
gemma,INV_PAIR_NLL_s1,UPDATE_COMPARISON-ORIGIN-0002-origin1,ORIGIN,34,34,33,0.9705882352941176,0,10
gemma,INV_PAIR_NLL_s1,UPDATE_COMPARISON-ORIGIN-0002-origin2,ORIGIN,34,34,34,1.0,1,18
gemma,INV_PAIR_NLL_s1,UPDATE_COMPARISON-ORIGIN-0002-origin3,ORIGIN,34,34,34,1.0,1,18
gemma,INV_PAIR_NLL_s1,UPDATE_COMPARISON-ORIGIN-0003-origin0,ORIGIN,34,34,34,1.0,1,6
gemma,INV_PAIR_NLL_s1,UPDATE_COMPARISON-ORIGIN-0003-origin1,ORIGIN,34,34,34,1.0,1,7
gemma,INV_PAIR_NLL_s1,UPDATE_COMPARISON-ORIGIN-0003-origin2,ORIGIN,34,34,34,1.0,1,15
gemma,INV_PAIR_NLL_s1,UPDATE_COMPARISON-ORIGIN-0003-origin3,ORIGIN,34,34,33,0.9705882352941176,0,14
gemma,INV_PAIR_NLL_s1,UPDATE_COMPARISON-ORIGIN-0004-origin0,ORIGIN,34,34,33,0.9705882352941176,0,4
gemma,INV_PAIR_NLL_s1,UPDATE_COMPARISON-ORIGIN-0004-origin1,ORIGIN,34,34,30,0.8823529411764706,0,11
gemma,INV_PAIR_NLL_s1,UPDATE_COMPARISON-ORIGIN-0004-origin2,ORIGIN,34,34,32,0.9411764705882353,0,14
gemma,INV_PAIR_NLL_s1,UPDATE_COMPARISON-ORIGIN-0004-origin3,ORIGIN,34,34,31,0.9117647058823529,0,15
gemma,INV_PAIR_NLL_s1,UPDATE_COMPARISON-ORIGIN-0005-origin0,ORIGIN,34,34,32,0.9411764705882353,0,9
gemma,INV_PAIR_NLL_s1,UPDATE_COMPARISON-ORIGIN-0005-origin1,ORIGIN,34,34,28,0.8235294117647058,0,5
gemma,INV_PAIR_NLL_s1,UPDATE_COMPARISON-ORIGIN-0005-origin2,ORIGIN,34,34,32,0.9411764705882353,0,12
gemma,INV_PAIR_NLL_s1,UPDATE_COMPARISON-ORIGIN-0005-origin3,ORIGIN,34,34,32,0.9411764705882353,0,14
gemma,INV_PAIR_NLL_s1,UPDATE_COMPARISON-ORIGIN-0006-origin0,ORIGIN,34,34,34,1.0,1,0
gemma,INV_PAIR_NLL_s1,UPDATE_COMPARISON-ORIGIN-0006-origin1,ORIGIN,34,34,34,1.0,1,7
gemma,INV_PAIR_NLL_s1,UPDATE_COMPARISON-ORIGIN-0006-origin2,ORIGIN,34,34,34,1.0,1,18
gemma,INV_PAIR_NLL_s1,UPDATE_COMPARISON-ORIGIN-0006-origin3,ORIGIN,34,34,34,1.0,1,11
gemma,INV_PAIR_NLL_s1,UPDATE_COMPARISON-ORIGIN-0007-origin0,ORIGIN,34,34,33,0.9705882352941176,0,8
gemma,INV_PAIR_NLL_s1,UPDATE_COMPARISON-ORIGIN-0007-origin1,ORIGIN,34,34,34,1.0,1,10
gemma,INV_PAIR_NLL_s1,UPDATE_COMPARISON-ORIGIN-0007-origin2,ORIGIN,34,34,32,0.9411764705882353,0,17
gemma,INV_PAIR_NLL_s1,UPDATE_COMPARISON-ORIGIN-0007-origin3,ORIGIN,34,34,32,0.9411764705882353,0,14
gemma,INV_PAIR_NLL_s1,UPDATE_COMPARISON-ORIGIN-0008-origin0,ORIGIN,34,34,31,0.9117647058823529,0,6
gemma,INV_PAIR_NLL_s1,UPDATE_COMPARISON-ORIGIN-0008-origin1,ORIGIN,34,34,30,0.8823529411764706,0,12
gemma,INV_PAIR_NLL_s1,UPDATE_COMPARISON-ORIGIN-0008-origin2,ORIGIN,34,34,31,0.9117647058823529,0,10
gemma,INV_PAIR_NLL_s1,UPDATE_COMPARISON-ORIGIN-0008-origin3,ORIGIN,34,34,28,0.8235294117647058,0,11
gemma,INV_PAIR_NLL_s1,UPDATE_COMPARISON-ORIGIN-0009-origin0,ORIGIN,34,34,32,0.9411764705882353,0,9
gemma,INV_PAIR_NLL_s1,UPDATE_COMPARISON-ORIGIN-0009-origin1,ORIGIN,34,34,30,0.8823529411764706,0,7
gemma,INV_PAIR_NLL_s1,UPDATE_COMPARISON-ORIGIN-0009-origin2,ORIGIN,34,34,31,0.9117647058823529,0,13
gemma,INV_PAIR_NLL_s1,UPDATE_COMPARISON-ORIGIN-0009-origin3,ORIGIN,34,34,29,0.8529411764705882,0,15
gemma,INV_PAIR_NLL_s1,UPDATE_COMPARISON-ORIGIN-0010-origin0,ORIGIN,34,34,30,0.8823529411764706,0,4
gemma,INV_PAIR_NLL_s1,UPDATE_COMPARISON-ORIGIN-0010-origin1,ORIGIN,34,34,30,0.8823529411764706,0,7
gemma,INV_PAIR_NLL_s1,UPDATE_COMPARISON-ORIGIN-0010-origin2,ORIGIN,34,34,25,0.7352941176470589,0,13
gemma,INV_PAIR_NLL_s1,UPDATE_COMPARISON-ORIGIN-0010-origin3,ORIGIN,34,34,28,0.8235294117647058,0,12
gemma,INV_PAIR_NLL_s1,UPDATE_COMPARISON-ORIGIN-0011-origin0,ORIGIN,34,34,34,1.0,1,8
gemma,INV_PAIR_NLL_s1,UPDATE_COMPARISON-ORIGIN-0011-origin1,ORIGIN,34,34,34,1.0,1,12
gemma,INV_PAIR_NLL_s1,UPDATE_COMPARISON-ORIGIN-0011-origin2,ORIGIN,34,34,33,0.9705882352941176,0,13
gemma,INV_PAIR_NLL_s1,UPDATE_COMPARISON-ORIGIN-0011-origin3,ORIGIN,34,34,31,0.9117647058823529,0,11
gemma,INV_PAIR_NLL_s1,UPDATE_COMPARISON-ORIGIN-0012-origin0,ORIGIN,34,34,34,1.0,1,0
gemma,INV_PAIR_NLL_s1,UPDATE_COMPARISON-ORIGIN-0012-origin1,ORIGIN,34,34,34,1.0,1,8
gemma,INV_PAIR_NLL_s1,UPDATE_COMPARISON-ORIGIN-0012-origin2,ORIGIN,34,34,34,1.0,1,14
gemma,INV_PAIR_NLL_s1,UPDATE_COMPARISON-ORIGIN-0012-origin3,ORIGIN,34,34,34,1.0,1,14
gemma,INV_PAIR_NLL_s1,UPDATE_COMPARISON-ORIGIN-0013-origin0,ORIGIN,34,34,34,1.0,1,0
gemma,INV_PAIR_NLL_s1,UPDATE_COMPARISON-ORIGIN-0013-origin1,ORIGIN,34,34,33,0.9705882352941176,0,7
gemma,INV_PAIR_NLL_s1,UPDATE_COMPARISON-ORIGIN-0013-origin2,ORIGIN,34,34,32,0.9411764705882353,0,12
gemma,INV_PAIR_NLL_s1,UPDATE_COMPARISON-ORIGIN-0013-origin3,ORIGIN,34,34,30,0.8823529411764706,0,13
gemma,INV_PAIR_NLL_s1,UPDATE_COMPARISON-ORIGIN-0014-origin0,ORIGIN,34,34,34,1.0,1,5
gemma,INV_PAIR_NLL_s1,UPDATE_COMPARISON-ORIGIN-0014-origin1,ORIGIN,34,34,34,1.0,1,12
gemma,INV_PAIR_NLL_s1,UPDATE_COMPARISON-ORIGIN-0014-origin2,ORIGIN,34,34,34,1.0,1,12
gemma,INV_PAIR_NLL_s1,UPDATE_COMPARISON-ORIGIN-0014-origin3,ORIGIN,34,34,34,1.0,1,18
gemma,INV_PAIR_NLL_s1,UPDATE_COMPARISON-ORIGIN-0015-origin0,ORIGIN,34,34,34,1.0,1,11
gemma,INV_PAIR_NLL_s1,UPDATE_COMPARISON-ORIGIN-0015-origin1,ORIGIN,34,34,34,1.0,1,11
gemma,INV_PAIR_NLL_s1,UPDATE_COMPARISON-ORIGIN-0015-origin2,ORIGIN,34,34,31,0.9117647058823529,0,17
gemma,INV_PAIR_NLL_s1,UPDATE_COMPARISON-ORIGIN-0015-origin3,ORIGIN,34,34,31,0.9117647058823529,0,19
gemma,INV_PAIR_NLL_s1,UPDATE_COMPARISON-ORIGIN-0016-origin0,ORIGIN,34,34,31,0.9117647058823529,0,2
gemma,INV_PAIR_NLL_s1,UPDATE_COMPARISON-ORIGIN-0016-origin1,ORIGIN,34,34,31,0.9117647058823529,0,7
gemma,INV_PAIR_NLL_s1,UPDATE_COMPARISON-ORIGIN-0016-origin2,ORIGIN,34,34,31,0.9117647058823529,0,13
gemma,INV_PAIR_NLL_s1,UPDATE_COMPARISON-ORIGIN-0016-origin3,ORIGIN,34,34,30,0.8823529411764706,0,12
gemma,INV_PAIR_NLL_s1,UPDATE_COMPARISON-ORIGIN-0017-origin0,ORIGIN,34,34,32,0.9411764705882353,0,2
gemma,INV_PAIR_NLL_s1,UPDATE_COMPARISON-ORIGIN-0017-origin1,ORIGIN,34,34,32,0.9411764705882353,0,1
gemma,INV_PAIR_NLL_s1,UPDATE_COMPARISON-ORIGIN-0017-origin2,ORIGIN,34,34,32,0.9411764705882353,0,13
gemma,INV_PAIR_NLL_s1,UPDATE_COMPARISON-ORIGIN-0017-origin3,ORIGIN,34,34,33,0.9705882352941176,0,13
gemma,INV_PAIR_NLL_s1,UPDATE_COMPARISON-ORIGIN-0018-origin0,ORIGIN,34,34,34,1.0,1,6
gemma,INV_PAIR_NLL_s1,UPDATE_COMPARISON-ORIGIN-0018-origin1,ORIGIN,34,34,33,0.9705882352941176,0,13
gemma,INV_PAIR_NLL_s1,UPDATE_COMPARISON-ORIGIN-0018-origin2,ORIGIN,34,34,31,0.9117647058823529,0,17
gemma,INV_PAIR_NLL_s1,UPDATE_COMPARISON-ORIGIN-0018-origin3,ORIGIN,34,34,30,0.8823529411764706,0,16
gemma,INV_PAIR_NLL_s1,UPDATE_COMPARISON-ORIGIN-0019-origin0,ORIGIN,34,34,29,0.8529411764705882,0,6
gemma,INV_PAIR_NLL_s1,UPDATE_COMPARISON-ORIGIN-0019-origin1,ORIGIN,34,34,30,0.8823529411764706,0,4
gemma,INV_PAIR_NLL_s1,UPDATE_COMPARISON-ORIGIN-0019-origin2,ORIGIN,34,34,30,0.8823529411764706,0,11
gemma,INV_PAIR_NLL_s1,UPDATE_COMPARISON-ORIGIN-0019-origin3,ORIGIN,34,34,26,0.7647058823529411,0,13
gemma,INV_PAIR_NLL_s1,UPDATE_COMPARISON-ORIGIN-0020-origin0,ORIGIN,34,34,33,0.9705882352941176,0,1
gemma,INV_PAIR_NLL_s1,UPDATE_COMPARISON-ORIGIN-0020-origin1,ORIGIN,34,34,34,1.0,1,12
gemma,INV_PAIR_NLL_s1,UPDATE_COMPARISON-ORIGIN-0020-origin2,ORIGIN,34,34,34,1.0,1,14
gemma,INV_PAIR_NLL_s1,UPDATE_COMPARISON-ORIGIN-0020-origin3,ORIGIN,34,34,34,1.0,1,12
gemma,INV_PAIR_NLL_s1,UPDATE_COMPARISON-ORIGIN-0021-origin0,ORIGIN,34,34,34,1.0,1,7
gemma,INV_PAIR_NLL_s1,UPDATE_COMPARISON-ORIGIN-0021-origin1,ORIGIN,34,34,31,0.9117647058823529,0,12
gemma,INV_PAIR_NLL_s1,UPDATE_COMPARISON-ORIGIN-0021-origin2,ORIGIN,34,34,34,1.0,1,14
gemma,INV_PAIR_NLL_s1,UPDATE_COMPARISON-ORIGIN-0021-origin3,ORIGIN,34,34,28,0.8235294117647058,0,10
gemma,INV_PAIR_NLL_s1,UPDATE_COMPARISON-ORIGIN-0022-origin0,ORIGIN,34,34,34,1.0,1,2
gemma,INV_PAIR_NLL_s1,UPDATE_COMPARISON-ORIGIN-0022-origin1,ORIGIN,34,34,32,0.9411764705882353,0,12
gemma,INV_PAIR_NLL_s1,UPDATE_COMPARISON-ORIGIN-0022-origin2,ORIGIN,34,34,34,1.0,1,14
gemma,INV_PAIR_NLL_s1,UPDATE_COMPARISON-ORIGIN-0022-origin3,ORIGIN,34,34,33,0.9705882352941176,0,15
gemma,INV_PAIR_NLL_s1,UPDATE_COMPARISON-ORIGIN-0023-origin0,ORIGIN,34,34,34,1.0,1,0
gemma,INV_PAIR_NLL_s1,UPDATE_COMPARISON-ORIGIN-0023-origin1,ORIGIN,34,34,32,0.9411764705882353,0,10
gemma,INV_PAIR_NLL_s1,UPDATE_COMPARISON-ORIGIN-0023-origin2,ORIGIN,34,34,34,1.0,1,13
gemma,INV_PAIR_NLL_s1,UPDATE_COMPARISON-ORIGIN-0023-origin3,ORIGIN,34,34,32,0.9411764705882353,0,12
gemma,INV_PAIR_NLL_s1,UPDATE_COMPARISON-ORIGIN-0024-origin0,ORIGIN,34,34,34,1.0,1,2
gemma,INV_PAIR_NLL_s1,UPDATE_COMPARISON-ORIGIN-0024-origin1,ORIGIN,34,34,34,1.0,1,12
gemma,INV_PAIR_NLL_s1,UPDATE_COMPARISON-ORIGIN-0024-origin2,ORIGIN,34,34,34,1.0,1,18
gemma,INV_PAIR_NLL_s1,UPDATE_COMPARISON-ORIGIN-0024-origin3,ORIGIN,34,34,34,1.0,1,17
gemma,INV_PAIR_NLL_s1,UPDATE_COMPARISON-ORIGIN-0025-origin0,ORIGIN,34,34,34,1.0,1,1
gemma,INV_PAIR_NLL_s1,UPDATE_COMPARISON-ORIGIN-0025-origin1,ORIGIN,34,34,34,1.0,1,12
gemma,INV_PAIR_NLL_s1,UPDATE_COMPARISON-ORIGIN-0025-origin2,ORIGIN,34,34,34,1.0,1,17
gemma,INV_PAIR_NLL_s1,UPDATE_COMPARISON-ORIGIN-0025-origin3,ORIGIN,34,34,34,1.0,1,17
gemma,INV_PAIR_NLL_s1,UPDATE_COMPARISON-ORIGIN-0026-origin0,ORIGIN,34,34,31,0.9117647058823529,0,5
gemma,INV_PAIR_NLL_s1,UPDATE_COMPARISON-ORIGIN-0026-origin1,ORIGIN,34,34,29,0.8529411764705882,0,10
gemma,INV_PAIR_NLL_s1,UPDATE_COMPARISON-ORIGIN-0026-origin2,ORIGIN,34,34,31,0.9117647058823529,0,20
gemma,INV_PAIR_NLL_s1,UPDATE_COMPARISON-ORIGIN-0026-origin3,ORIGIN,34,34,29,0.8529411764705882,0,22
gemma,INV_PAIR_NLL_s1,UPDATE_COMPARISON-ORIGIN-0027-origin0,ORIGIN,34,34,22,0.6470588235294118,0,1
gemma,INV_PAIR_NLL_s1,UPDATE_COMPARISON-ORIGIN-0027-origin1,ORIGIN,34,34,31,0.9117647058823529,0,9
gemma,INV_PAIR_NLL_s1,UPDATE_COMPARISON-ORIGIN-0027-origin2,ORIGIN,34,34,27,0.7941176470588235,0,23
gemma,INV_PAIR_NLL_s1,UPDATE_COMPARISON-ORIGIN-0027-origin3,ORIGIN,34,34,33,0.9705882352941176,0,17
gemma,INV_PAIR_NLL_s1,UPDATE_COMPARISON-ORIGIN-0028-origin0,ORIGIN,34,34,34,1.0,1,0
gemma,INV_PAIR_NLL_s1,UPDATE_COMPARISON-ORIGIN-0028-origin1,ORIGIN,34,34,34,1.0,1,10
gemma,INV_PAIR_NLL_s1,UPDATE_COMPARISON-ORIGIN-0028-origin2,ORIGIN,34,34,28,0.8235294117647058,0,14
gemma,INV_PAIR_NLL_s1,UPDATE_COMPARISON-ORIGIN-0028-origin3,ORIGIN,34,34,22,0.6470588235294118,0,20
gemma,INV_PAIR_NLL_s1,UPDATE_COMPARISON-ORIGIN-0029-origin0,ORIGIN,34,34,34,1.0,1,0
gemma,INV_PAIR_NLL_s1,UPDATE_COMPARISON-ORIGIN-0029-origin1,ORIGIN,34,34,34,1.0,1,0
gemma,INV_PAIR_NLL_s1,UPDATE_COMPARISON-ORIGIN-0029-origin2,ORIGIN,34,34,34,1.0,1,27
gemma,INV_PAIR_NLL_s1,UPDATE_COMPARISON-ORIGIN-0029-origin3,ORIGIN,34,34,34,1.0,1,26
gemma,INV_PAIR_NLL_s1,UPDATE_COMPARISON-ORIGIN-0030-origin0,ORIGIN,34,34,34,1.0,1,0
gemma,INV_PAIR_NLL_s1,UPDATE_COMPARISON-ORIGIN-0030-origin1,ORIGIN,34,34,34,1.0,1,12
gemma,INV_PAIR_NLL_s1,UPDATE_COMPARISON-ORIGIN-0030-origin2,ORIGIN,34,34,34,1.0,1,19
gemma,INV_PAIR_NLL_s1,UPDATE_COMPARISON-ORIGIN-0030-origin3,ORIGIN,34,34,33,0.9705882352941176,0,26
gemma,INV_PAIR_NLL_s1,UPDATE_COMPARISON-ORIGIN-0031-origin0,ORIGIN,34,34,34,1.0,1,0
gemma,INV_PAIR_NLL_s1,UPDATE_COMPARISON-ORIGIN-0031-origin1,ORIGIN,34,34,34,1.0,1,10
gemma,INV_PAIR_NLL_s1,UPDATE_COMPARISON-ORIGIN-0031-origin2,ORIGIN,34,34,32,0.9411764705882353,0,25
gemma,INV_PAIR_NLL_s1,UPDATE_COMPARISON-ORIGIN-0031-origin3,ORIGIN,34,34,32,0.9411764705882353,0,24
gemma,INV_PAIR_NLL_s1,UPDATE_COMPARISON-ORIGIN-0032-origin0,ORIGIN,34,34,34,1.0,1,1
gemma,INV_PAIR_NLL_s1,UPDATE_COMPARISON-ORIGIN-0032-origin1,ORIGIN,34,34,32,0.9411764705882353,0,11
gemma,INV_PAIR_NLL_s1,UPDATE_COMPARISON-ORIGIN-0032-origin2,ORIGIN,34,34,30,0.8823529411764706,0,12
gemma,INV_PAIR_NLL_s1,UPDATE_COMPARISON-ORIGIN-0032-origin3,ORIGIN,34,34,29,0.8529411764705882,0,17
gemma,INV_PAIR_NLL_s1,UPDATE_COMPARISON-ORIGIN-0033-origin0,ORIGIN,34,34,34,1.0,1,2
gemma,INV_PAIR_NLL_s1,UPDATE_COMPARISON-ORIGIN-0033-origin1,ORIGIN,34,34,34,1.0,1,12
gemma,INV_PAIR_NLL_s1,UPDATE_COMPARISON-ORIGIN-0033-origin2,ORIGIN,34,34,34,1.0,1,16
gemma,INV_PAIR_NLL_s1,UPDATE_COMPARISON-ORIGIN-0033-origin3,ORIGIN,34,34,34,1.0,1,22
gemma,INV_PAIR_NLL_s1,UPDATE_COMPARISON-ORIGIN-0034-origin0,ORIGIN,34,34,34,1.0,1,0
gemma,INV_PAIR_NLL_s1,UPDATE_COMPARISON-ORIGIN-0034-origin1,ORIGIN,34,34,34,1.0,1,5
gemma,INV_PAIR_NLL_s1,UPDATE_COMPARISON-ORIGIN-0034-origin2,ORIGIN,34,34,34,1.0,1,16
gemma,INV_PAIR_NLL_s1,UPDATE_COMPARISON-ORIGIN-0034-origin3,ORIGIN,34,34,34,1.0,1,19
gemma,INV_PAIR_NLL_s1,UPDATE_COMPARISON-ORIGIN-0035-origin0,ORIGIN,34,34,30,0.8823529411764706,0,5
gemma,INV_PAIR_NLL_s1,UPDATE_COMPARISON-ORIGIN-0035-origin1,ORIGIN,34,34,30,0.8823529411764706,0,10
gemma,INV_PAIR_NLL_s1,UPDATE_COMPARISON-ORIGIN-0035-origin2,ORIGIN,34,34,29,0.8529411764705882,0,10
gemma,INV_PAIR_NLL_s1,UPDATE_COMPARISON-ORIGIN-0035-origin3,ORIGIN,34,34,29,0.8529411764705882,0,19
gemma,INV_PAIR_NLL_s1,UPDATE_COMPARISON-ORIGIN-0036-origin0,ORIGIN,34,34,31,0.9117647058823529,0,6
gemma,INV_PAIR_NLL_s1,UPDATE_COMPARISON-ORIGIN-0036-origin1,ORIGIN,34,34,25,0.7352941176470589,0,3
gemma,INV_PAIR_NLL_s1,UPDATE_COMPARISON-ORIGIN-0036-origin2,ORIGIN,34,34,31,0.9117647058823529,0,15
gemma,INV_PAIR_NLL_s1,UPDATE_COMPARISON-ORIGIN-0036-origin3,ORIGIN,34,34,30,0.8823529411764706,0,15
gemma,INV_PAIR_NLL_s1,UPDATE_COMPARISON-ORIGIN-0037-origin0,ORIGIN,34,34,34,1.0,1,3
gemma,INV_PAIR_NLL_s1,UPDATE_COMPARISON-ORIGIN-0037-origin1,ORIGIN,34,34,25,0.7352941176470589,0,2
gemma,INV_PAIR_NLL_s1,UPDATE_COMPARISON-ORIGIN-0037-origin2,ORIGIN,34,34,31,0.9117647058823529,0,16
gemma,INV_PAIR_NLL_s1,UPDATE_COMPARISON-ORIGIN-0037-origin3,ORIGIN,34,34,28,0.8235294117647058,0,18
gemma,INV_PAIR_NLL_s1,UPDATE_COMPARISON-ORIGIN-0038-origin0,ORIGIN,34,34,34,1.0,1,4
gemma,INV_PAIR_NLL_s1,UPDATE_COMPARISON-ORIGIN-0038-origin1,ORIGIN,34,34,33,0.9705882352941176,0,10
gemma,INV_PAIR_NLL_s1,UPDATE_COMPARISON-ORIGIN-0038-origin2,ORIGIN,34,34,33,0.9705882352941176,0,16
gemma,INV_PAIR_NLL_s1,UPDATE_COMPARISON-ORIGIN-0038-origin3,ORIGIN,34,34,32,0.9411764705882353,0,18
gemma,INV_PAIR_NLL_s1,UPDATE_COMPARISON-ORIGIN-0039-origin0,ORIGIN,34,34,33,0.9705882352941176,0,3
gemma,INV_PAIR_NLL_s1,UPDATE_COMPARISON-ORIGIN-0039-origin1,ORIGIN,34,34,33,0.9705882352941176,0,8
gemma,INV_PAIR_NLL_s1,UPDATE_COMPARISON-ORIGIN-0039-origin2,ORIGIN,34,34,32,0.9411764705882353,0,14
gemma,INV_PAIR_NLL_s1,UPDATE_COMPARISON-ORIGIN-0039-origin3,ORIGIN,34,34,32,0.9411764705882353,0,16
gemma,INV_PAIR_NLL_s1,UPDATE_COMPARISON-ORIGIN-0040-origin0,ORIGIN,34,34,34,1.0,1,2
gemma,INV_PAIR_NLL_s1,UPDATE_COMPARISON-ORIGIN-0040-origin1,ORIGIN,34,34,34,1.0,1,8
gemma,INV_PAIR_NLL_s1,UPDATE_COMPARISON-ORIGIN-0040-origin2,ORIGIN,34,34,34,1.0,1,16
gemma,INV_PAIR_NLL_s1,UPDATE_COMPARISON-ORIGIN-0040-origin3,ORIGIN,34,34,34,1.0,1,12
gemma,INV_PAIR_NLL_s1,UPDATE_COMPARISON-ORIGIN-0041-origin0,ORIGIN,34,34,33,0.9705882352941176,0,3
gemma,INV_PAIR_NLL_s1,UPDATE_COMPARISON-ORIGIN-0041-origin1,ORIGIN,34,34,32,0.9411764705882353,0,10
gemma,INV_PAIR_NLL_s1,UPDATE_COMPARISON-ORIGIN-0041-origin2,ORIGIN,34,34,33,0.9705882352941176,0,14
gemma,INV_PAIR_NLL_s1,UPDATE_COMPARISON-ORIGIN-0041-origin3,ORIGIN,34,34,30,0.8823529411764706,0,12
gemma,INV_PAIR_NLL_s1,UPDATE_COMPARISON-ORIGIN-0042-origin0,ORIGIN,34,34,34,1.0,1,2
gemma,INV_PAIR_NLL_s1,UPDATE_COMPARISON-ORIGIN-0042-origin1,ORIGIN,34,34,34,1.0,1,12
gemma,INV_PAIR_NLL_s1,UPDATE_COMPARISON-ORIGIN-0042-origin2,ORIGIN,34,34,34,1.0,1,12
gemma,INV_PAIR_NLL_s1,UPDATE_COMPARISON-ORIGIN-0042-origin3,ORIGIN,34,34,32,0.9411764705882353,0,12
gemma,INV_PAIR_NLL_s1,UPDATE_COMPARISON-ORIGIN-0043-origin0,ORIGIN,34,34,34,1.0,1,0
gemma,INV_PAIR_NLL_s1,UPDATE_COMPARISON-ORIGIN-0043-origin1,ORIGIN,34,34,34,1.0,1,6
gemma,INV_PAIR_NLL_s1,UPDATE_COMPARISON-ORIGIN-0043-origin2,ORIGIN,34,34,34,1.0,1,13
gemma,INV_PAIR_NLL_s1,UPDATE_COMPARISON-ORIGIN-0043-origin3,ORIGIN,34,34,33,0.9705882352941176,0,16
gemma,INV_PAIR_NLL_s1,UPDATE_COMPARISON-ORIGIN-0044-origin0,ORIGIN,34,34,33,0.9705882352941176,0,5
gemma,INV_PAIR_NLL_s1,UPDATE_COMPARISON-ORIGIN-0044-origin1,ORIGIN,34,34,33,0.9705882352941176,0,9
gemma,INV_PAIR_NLL_s1,UPDATE_COMPARISON-ORIGIN-0044-origin2,ORIGIN,34,34,34,1.0,1,14
gemma,INV_PAIR_NLL_s1,UPDATE_COMPARISON-ORIGIN-0044-origin3,ORIGIN,34,34,34,1.0,1,18
gemma,INV_PAIR_NLL_s1,UPDATE_COMPARISON-ORIGIN-0045-origin0,ORIGIN,34,34,34,1.0,1,0
gemma,INV_PAIR_NLL_s1,UPDATE_COMPARISON-ORIGIN-0045-origin1,ORIGIN,34,34,32,0.9411764705882353,0,5
gemma,INV_PAIR_NLL_s1,UPDATE_COMPARISON-ORIGIN-0045-origin2,ORIGIN,34,34,32,0.9411764705882353,0,9
gemma,INV_PAIR_NLL_s1,UPDATE_COMPARISON-ORIGIN-0045-origin3,ORIGIN,34,34,33,0.9705882352941176,0,17
gemma,INV_PAIR_NLL_s1,UPDATE_COMPARISON-ORIGIN-0046-origin0,ORIGIN,34,34,34,1.0,1,2
gemma,INV_PAIR_NLL_s1,UPDATE_COMPARISON-ORIGIN-0046-origin1,ORIGIN,34,34,34,1.0,1,10
gemma,INV_PAIR_NLL_s1,UPDATE_COMPARISON-ORIGIN-0046-origin2,ORIGIN,34,34,33,0.9705882352941176,0,15
gemma,INV_PAIR_NLL_s1,UPDATE_COMPARISON-ORIGIN-0046-origin3,ORIGIN,34,34,34,1.0,1,20
gemma,INV_PAIR_NLL_s1,UPDATE_COMPARISON-ORIGIN-0047-origin0,ORIGIN,34,34,33,0.9705882352941176,0,0
gemma,INV_PAIR_NLL_s1,UPDATE_COMPARISON-ORIGIN-0047-origin1,ORIGIN,34,34,34,1.0,1,7
gemma,INV_PAIR_NLL_s1,UPDATE_COMPARISON-ORIGIN-0047-origin2,ORIGIN,34,34,33,0.9705882352941176,0,15
gemma,INV_PAIR_NLL_s1,UPDATE_COMPARISON-ORIGIN-0047-origin3,ORIGIN,34,34,33,0.9705882352941176,0,17
gemma,INV_PAIR_NLL_s1,UPDATE_COMPARISON-ORIGIN-0048-origin0,ORIGIN,34,34,24,0.7058823529411765,0,9
gemma,INV_PAIR_NLL_s1,UPDATE_COMPARISON-ORIGIN-0048-origin1,ORIGIN,34,34,30,0.8823529411764706,0,10
gemma,INV_PAIR_NLL_s1,UPDATE_COMPARISON-ORIGIN-0048-origin2,ORIGIN,34,34,30,0.8823529411764706,0,14
gemma,INV_PAIR_NLL_s1,UPDATE_COMPARISON-ORIGIN-0048-origin3,ORIGIN,34,34,28,0.8235294117647058,0,13
gemma,INV_PAIR_NLL_s1,UPDATE_COMPARISON-ORIGIN-0049-origin0,ORIGIN,34,34,34,1.0,1,1
gemma,INV_PAIR_NLL_s1,UPDATE_COMPARISON-ORIGIN-0049-origin1,ORIGIN,34,34,32,0.9411764705882353,0,6
gemma,INV_PAIR_NLL_s1,UPDATE_COMPARISON-ORIGIN-0049-origin2,ORIGIN,34,34,32,0.9411764705882353,0,13
gemma,INV_PAIR_NLL_s1,UPDATE_COMPARISON-ORIGIN-0049-origin3,ORIGIN,34,34,32,0.9411764705882353,0,16
gemma,INV_PAIR_NLL_s1,UPDATE_COMPARISON-ORIGIN-0050-origin0,ORIGIN,34,34,34,1.0,1,5
gemma,INV_PAIR_NLL_s1,UPDATE_COMPARISON-ORIGIN-0050-origin1,ORIGIN,34,34,34,1.0,1,11
gemma,INV_PAIR_NLL_s1,UPDATE_COMPARISON-ORIGIN-0050-origin2,ORIGIN,34,34,32,0.9411764705882353,0,12
gemma,INV_PAIR_NLL_s1,UPDATE_COMPARISON-ORIGIN-0050-origin3,ORIGIN,34,34,31,0.9117647058823529,0,15
gemma,INV_PAIR_NLL_s1,UPDATE_COMPARISON-ORIGIN-0051-origin0,ORIGIN,34,34,29,0.8529411764705882,0,1
gemma,INV_PAIR_NLL_s1,UPDATE_COMPARISON-ORIGIN-0051-origin1,ORIGIN,34,34,28,0.8235294117647058,0,5
gemma,INV_PAIR_NLL_s1,UPDATE_COMPARISON-ORIGIN-0051-origin2,ORIGIN,34,34,29,0.8529411764705882,0,10
gemma,INV_PAIR_NLL_s1,UPDATE_COMPARISON-ORIGIN-0051-origin3,ORIGIN,34,34,30,0.8823529411764706,0,14
gemma,INV_PAIR_NLL_s1,UPDATE_COMPARISON-ORIGIN-0052-origin0,ORIGIN,34,34,34,1.0,1,4
gemma,INV_PAIR_NLL_s1,UPDATE_COMPARISON-ORIGIN-0052-origin1,ORIGIN,34,34,34,1.0,1,6
gemma,INV_PAIR_NLL_s1,UPDATE_COMPARISON-ORIGIN-0052-origin2,ORIGIN,34,34,34,1.0,1,14
gemma,INV_PAIR_NLL_s1,UPDATE_COMPARISON-ORIGIN-0052-origin3,ORIGIN,34,34,34,1.0,1,17
gemma,INV_PAIR_NLL_s1,UPDATE_COMPARISON-ORIGIN-0053-origin0,ORIGIN,34,34,34,1.0,1,4
gemma,INV_PAIR_NLL_s1,UPDATE_COMPARISON-ORIGIN-0053-origin1,ORIGIN,34,34,32,0.9411764705882353,0,12
gemma,INV_PAIR_NLL_s1,UPDATE_COMPARISON-ORIGIN-0053-origin2,ORIGIN,34,34,31,0.9117647058823529,0,10
gemma,INV_PAIR_NLL_s1,UPDATE_COMPARISON-ORIGIN-0053-origin3,ORIGIN,34,34,28,0.8235294117647058,0,15
gemma,INV_PAIR_NLL_s1,UPDATE_COMPARISON-ORIGIN-0054-origin0,ORIGIN,34,34,34,1.0,1,4
gemma,INV_PAIR_NLL_s1,UPDATE_COMPARISON-ORIGIN-0054-origin1,ORIGIN,34,34,33,0.9705882352941176,0,10
gemma,INV_PAIR_NLL_s1,UPDATE_COMPARISON-ORIGIN-0054-origin2,ORIGIN,34,34,34,1.0,1,18
gemma,INV_PAIR_NLL_s1,UPDATE_COMPARISON-ORIGIN-0054-origin3,ORIGIN,34,34,34,1.0,1,16
gemma,INV_PAIR_NLL_s1,UPDATE_COMPARISON-ORIGIN-0055-origin0,ORIGIN,34,34,32,0.9411764705882353,0,1
gemma,INV_PAIR_NLL_s1,UPDATE_COMPARISON-ORIGIN-0055-origin1,ORIGIN,34,34,32,0.9411764705882353,0,6
gemma,INV_PAIR_NLL_s1,UPDATE_COMPARISON-ORIGIN-0055-origin2,ORIGIN,34,34,33,0.9705882352941176,0,14
gemma,INV_PAIR_NLL_s1,UPDATE_COMPARISON-ORIGIN-0055-origin3,ORIGIN,34,34,34,1.0,1,14
gemma,INV_PAIR_NLL_s1,UPDATE_COMPARISON-ORIGIN-0056-origin0,ORIGIN,34,34,34,1.0,1,0
gemma,INV_PAIR_NLL_s1,UPDATE_COMPARISON-ORIGIN-0056-origin1,ORIGIN,34,34,34,1.0,1,11
gemma,INV_PAIR_NLL_s1,UPDATE_COMPARISON-ORIGIN-0056-origin2,ORIGIN,34,34,33,0.9705882352941176,0,17
gemma,INV_PAIR_NLL_s1,UPDATE_COMPARISON-ORIGIN-0056-origin3,ORIGIN,34,34,31,0.9117647058823529,0,15
gemma,INV_PAIR_NLL_s1,UPDATE_COMPARISON-ORIGIN-0057-origin0,ORIGIN,34,34,33,0.9705882352941176,0,3
gemma,INV_PAIR_NLL_s1,UPDATE_COMPARISON-ORIGIN-0057-origin1,ORIGIN,34,34,34,1.0,1,12
gemma,INV_PAIR_NLL_s1,UPDATE_COMPARISON-ORIGIN-0057-origin2,ORIGIN,34,34,34,1.0,1,18
gemma,INV_PAIR_NLL_s1,UPDATE_COMPARISON-ORIGIN-0057-origin3,ORIGIN,34,34,34,1.0,1,20
gemma,INV_PAIR_NLL_s1,UPDATE_COMPARISON-ORIGIN-0058-origin0,ORIGIN,34,34,34,1.0,1,1
gemma,INV_PAIR_NLL_s1,UPDATE_COMPARISON-ORIGIN-0058-origin1,ORIGIN,34,34,34,1.0,1,10
gemma,INV_PAIR_NLL_s1,UPDATE_COMPARISON-ORIGIN-0058-origin2,ORIGIN,34,34,34,1.0,1,16
gemma,INV_PAIR_NLL_s1,UPDATE_COMPARISON-ORIGIN-0058-origin3,ORIGIN,34,34,34,1.0,1,18
gemma,INV_PAIR_NLL_s1,UPDATE_COMPARISON-ORIGIN-0059-origin0,ORIGIN,34,34,33,0.9705882352941176,0,1
gemma,INV_PAIR_NLL_s1,UPDATE_COMPARISON-ORIGIN-0059-origin1,ORIGIN,34,34,32,0.9411764705882353,0,1
gemma,INV_PAIR_NLL_s1,UPDATE_COMPARISON-ORIGIN-0059-origin2,ORIGIN,34,34,30,0.8823529411764706,0,14
gemma,INV_PAIR_NLL_s1,UPDATE_COMPARISON-ORIGIN-0059-origin3,ORIGIN,34,34,30,0.8823529411764706,0,12
gemma,INV_PAIR_NLL_s1,UPDATE_COMPARISON-ORIGIN-0060-origin0,ORIGIN,34,34,34,1.0,1,4
gemma,INV_PAIR_NLL_s1,UPDATE_COMPARISON-ORIGIN-0060-origin1,ORIGIN,34,34,34,1.0,1,10
gemma,INV_PAIR_NLL_s1,UPDATE_COMPARISON-ORIGIN-0060-origin2,ORIGIN,34,34,34,1.0,1,18
gemma,INV_PAIR_NLL_s1,UPDATE_COMPARISON-ORIGIN-0060-origin3,ORIGIN,34,34,34,1.0,1,23
gemma,INV_PAIR_NLL_s1,UPDATE_COMPARISON-ORIGIN-0061-origin0,ORIGIN,34,34,34,1.0,1,0
gemma,INV_PAIR_NLL_s1,UPDATE_COMPARISON-ORIGIN-0061-origin1,ORIGIN,34,34,34,1.0,1,11
gemma,INV_PAIR_NLL_s1,UPDATE_COMPARISON-ORIGIN-0061-origin2,ORIGIN,34,34,32,0.9411764705882353,0,24
gemma,INV_PAIR_NLL_s1,UPDATE_COMPARISON-ORIGIN-0061-origin3,ORIGIN,34,34,33,0.9705882352941176,0,19
gemma,INV_PAIR_NLL_s1,UPDATE_COMPARISON-ORIGIN-0062-origin0,ORIGIN,34,34,34,1.0,1,0
gemma,INV_PAIR_NLL_s1,UPDATE_COMPARISON-ORIGIN-0062-origin1,ORIGIN,34,34,34,1.0,1,12
gemma,INV_PAIR_NLL_s1,UPDATE_COMPARISON-ORIGIN-0062-origin2,ORIGIN,34,34,28,0.8235294117647058,0,18
gemma,INV_PAIR_NLL_s1,UPDATE_COMPARISON-ORIGIN-0062-origin3,ORIGIN,34,34,33,0.9705882352941176,0,21
gemma,INV_PAIR_NLL_s1,UPDATE_COMPARISON-ORIGIN-0063-origin0,ORIGIN,34,34,34,1.0,1,1
gemma,INV_PAIR_NLL_s1,UPDATE_COMPARISON-ORIGIN-0063-origin1,ORIGIN,34,34,34,1.0,1,4
gemma,INV_PAIR_NLL_s1,UPDATE_COMPARISON-ORIGIN-0063-origin2,ORIGIN,34,34,34,1.0,1,20
gemma,INV_PAIR_NLL_s1,UPDATE_COMPARISON-ORIGIN-0063-origin3,ORIGIN,34,34,32,0.9411764705882353,0,20
gemma,LATEST_ERRATUM,UPDATE_COMPARISON-ORIGIN-0000-origin0,ORIGIN,34,34,34,1.0,1,3
gemma,LATEST_ERRATUM,UPDATE_COMPARISON-ORIGIN-0000-origin1,ORIGIN,34,34,32,0.9411764705882353,0,11
gemma,LATEST_ERRATUM,UPDATE_COMPARISON-ORIGIN-0000-origin2,ORIGIN,34,34,30,0.8823529411764706,0,18
gemma,LATEST_ERRATUM,UPDATE_COMPARISON-ORIGIN-0000-origin3,ORIGIN,34,34,29,0.8529411764705882,0,27
gemma,LATEST_ERRATUM,UPDATE_COMPARISON-ORIGIN-0001-origin0,ORIGIN,34,34,29,0.8529411764705882,0,7
gemma,LATEST_ERRATUM,UPDATE_COMPARISON-ORIGIN-0001-origin1,ORIGIN,34,34,30,0.8823529411764706,0,12
gemma,LATEST_ERRATUM,UPDATE_COMPARISON-ORIGIN-0001-origin2,ORIGIN,34,34,28,0.8235294117647058,0,26
gemma,LATEST_ERRATUM,UPDATE_COMPARISON-ORIGIN-0001-origin3,ORIGIN,34,34,28,0.8235294117647058,0,28
gemma,LATEST_ERRATUM,UPDATE_COMPARISON-ORIGIN-0002-origin0,ORIGIN,34,34,34,1.0,1,0
gemma,LATEST_ERRATUM,UPDATE_COMPARISON-ORIGIN-0002-origin1,ORIGIN,34,34,33,0.9705882352941176,0,10
gemma,LATEST_ERRATUM,UPDATE_COMPARISON-ORIGIN-0002-origin2,ORIGIN,34,34,33,0.9705882352941176,0,19
gemma,LATEST_ERRATUM,UPDATE_COMPARISON-ORIGIN-0002-origin3,ORIGIN,34,34,32,0.9411764705882353,0,20
gemma,LATEST_ERRATUM,UPDATE_COMPARISON-ORIGIN-0003-origin0,ORIGIN,34,34,34,1.0,1,6
gemma,LATEST_ERRATUM,UPDATE_COMPARISON-ORIGIN-0003-origin1,ORIGIN,34,34,33,0.9705882352941176,0,6
gemma,LATEST_ERRATUM,UPDATE_COMPARISON-ORIGIN-0003-origin2,ORIGIN,34,34,33,0.9705882352941176,0,14
gemma,LATEST_ERRATUM,UPDATE_COMPARISON-ORIGIN-0003-origin3,ORIGIN,34,34,32,0.9411764705882353,0,17
gemma,LATEST_ERRATUM,UPDATE_COMPARISON-ORIGIN-0004-origin0,ORIGIN,34,34,33,0.9705882352941176,0,4
gemma,LATEST_ERRATUM,UPDATE_COMPARISON-ORIGIN-0004-origin1,ORIGIN,34,34,31,0.9117647058823529,0,12
gemma,LATEST_ERRATUM,UPDATE_COMPARISON-ORIGIN-0004-origin2,ORIGIN,34,34,32,0.9411764705882353,0,18
gemma,LATEST_ERRATUM,UPDATE_COMPARISON-ORIGIN-0004-origin3,ORIGIN,34,34,31,0.9117647058823529,0,19
gemma,LATEST_ERRATUM,UPDATE_COMPARISON-ORIGIN-0005-origin0,ORIGIN,34,34,32,0.9411764705882353,0,9
gemma,LATEST_ERRATUM,UPDATE_COMPARISON-ORIGIN-0005-origin1,ORIGIN,34,34,32,0.9411764705882353,0,9
gemma,LATEST_ERRATUM,UPDATE_COMPARISON-ORIGIN-0005-origin2,ORIGIN,34,34,33,0.9705882352941176,0,15
gemma,LATEST_ERRATUM,UPDATE_COMPARISON-ORIGIN-0005-origin3,ORIGIN,34,34,33,0.9705882352941176,0,11
gemma,LATEST_ERRATUM,UPDATE_COMPARISON-ORIGIN-0006-origin0,ORIGIN,34,34,30,0.8823529411764706,0,4
gemma,LATEST_ERRATUM,UPDATE_COMPARISON-ORIGIN-0006-origin1,ORIGIN,34,34,30,0.8823529411764706,0,11
gemma,LATEST_ERRATUM,UPDATE_COMPARISON-ORIGIN-0006-origin2,ORIGIN,34,34,33,0.9705882352941176,0,19
gemma,LATEST_ERRATUM,UPDATE_COMPARISON-ORIGIN-0006-origin3,ORIGIN,34,34,32,0.9411764705882353,0,11
gemma,LATEST_ERRATUM,UPDATE_COMPARISON-ORIGIN-0007-origin0,ORIGIN,34,34,31,0.9117647058823529,0,12
gemma,LATEST_ERRATUM,UPDATE_COMPARISON-ORIGIN-0007-origin1,ORIGIN,34,34,30,0.8823529411764706,0,12
gemma,LATEST_ERRATUM,UPDATE_COMPARISON-ORIGIN-0007-origin2,ORIGIN,34,34,32,0.9411764705882353,0,17
gemma,LATEST_ERRATUM,UPDATE_COMPARISON-ORIGIN-0007-origin3,ORIGIN,34,34,34,1.0,1,12
gemma,LATEST_ERRATUM,UPDATE_COMPARISON-ORIGIN-0008-origin0,ORIGIN,34,34,29,0.8529411764705882,0,2
gemma,LATEST_ERRATUM,UPDATE_COMPARISON-ORIGIN-0008-origin1,ORIGIN,34,34,27,0.7941176470588235,0,9
gemma,LATEST_ERRATUM,UPDATE_COMPARISON-ORIGIN-0008-origin2,ORIGIN,34,34,28,0.8235294117647058,0,15
gemma,LATEST_ERRATUM,UPDATE_COMPARISON-ORIGIN-0008-origin3,ORIGIN,34,34,28,0.8235294117647058,0,21
gemma,LATEST_ERRATUM,UPDATE_COMPARISON-ORIGIN-0009-origin0,ORIGIN,34,34,33,0.9705882352941176,0,6
gemma,LATEST_ERRATUM,UPDATE_COMPARISON-ORIGIN-0009-origin1,ORIGIN,34,34,29,0.8529411764705882,0,10
gemma,LATEST_ERRATUM,UPDATE_COMPARISON-ORIGIN-0009-origin2,ORIGIN,34,34,32,0.9411764705882353,0,14
gemma,LATEST_ERRATUM,UPDATE_COMPARISON-ORIGIN-0009-origin3,ORIGIN,34,34,31,0.9117647058823529,0,19
gemma,LATEST_ERRATUM,UPDATE_COMPARISON-ORIGIN-0010-origin0,ORIGIN,34,34,30,0.8823529411764706,0,6
gemma,LATEST_ERRATUM,UPDATE_COMPARISON-ORIGIN-0010-origin1,ORIGIN,34,34,29,0.8529411764705882,0,8
gemma,LATEST_ERRATUM,UPDATE_COMPARISON-ORIGIN-0010-origin2,ORIGIN,34,34,30,0.8823529411764706,0,12
gemma,LATEST_ERRATUM,UPDATE_COMPARISON-ORIGIN-0010-origin3,ORIGIN,34,34,29,0.8529411764705882,0,21
gemma,LATEST_ERRATUM,UPDATE_COMPARISON-ORIGIN-0011-origin0,ORIGIN,34,34,31,0.9117647058823529,0,5
gemma,LATEST_ERRATUM,UPDATE_COMPARISON-ORIGIN-0011-origin1,ORIGIN,34,34,28,0.8235294117647058,0,10
gemma,LATEST_ERRATUM,UPDATE_COMPARISON-ORIGIN-0011-origin2,ORIGIN,34,34,28,0.8235294117647058,0,18
gemma,LATEST_ERRATUM,UPDATE_COMPARISON-ORIGIN-0011-origin3,ORIGIN,34,34,27,0.7941176470588235,0,21
gemma,LATEST_ERRATUM,UPDATE_COMPARISON-ORIGIN-0012-origin0,ORIGIN,34,34,33,0.9705882352941176,0,1
gemma,LATEST_ERRATUM,UPDATE_COMPARISON-ORIGIN-0012-origin1,ORIGIN,34,34,33,0.9705882352941176,0,9
gemma,LATEST_ERRATUM,UPDATE_COMPARISON-ORIGIN-0012-origin2,ORIGIN,34,34,34,1.0,1,14
gemma,LATEST_ERRATUM,UPDATE_COMPARISON-ORIGIN-0012-origin3,ORIGIN,34,34,34,1.0,1,14
gemma,LATEST_ERRATUM,UPDATE_COMPARISON-ORIGIN-0013-origin0,ORIGIN,34,34,32,0.9411764705882353,0,2
gemma,LATEST_ERRATUM,UPDATE_COMPARISON-ORIGIN-0013-origin1,ORIGIN,34,34,34,1.0,1,8
gemma,LATEST_ERRATUM,UPDATE_COMPARISON-ORIGIN-0013-origin2,ORIGIN,34,34,33,0.9705882352941176,0,13
gemma,LATEST_ERRATUM,UPDATE_COMPARISON-ORIGIN-0013-origin3,ORIGIN,34,34,34,1.0,1,17
gemma,LATEST_ERRATUM,UPDATE_COMPARISON-ORIGIN-0014-origin0,ORIGIN,34,34,34,1.0,1,5
gemma,LATEST_ERRATUM,UPDATE_COMPARISON-ORIGIN-0014-origin1,ORIGIN,34,34,34,1.0,1,12
gemma,LATEST_ERRATUM,UPDATE_COMPARISON-ORIGIN-0014-origin2,ORIGIN,34,34,34,1.0,1,12
gemma,LATEST_ERRATUM,UPDATE_COMPARISON-ORIGIN-0014-origin3,ORIGIN,34,34,34,1.0,1,18
gemma,LATEST_ERRATUM,UPDATE_COMPARISON-ORIGIN-0015-origin0,ORIGIN,34,34,34,1.0,1,11
gemma,LATEST_ERRATUM,UPDATE_COMPARISON-ORIGIN-0015-origin1,ORIGIN,34,34,34,1.0,1,11
gemma,LATEST_ERRATUM,UPDATE_COMPARISON-ORIGIN-0015-origin2,ORIGIN,34,34,34,1.0,1,18
gemma,LATEST_ERRATUM,UPDATE_COMPARISON-ORIGIN-0015-origin3,ORIGIN,34,34,34,1.0,1,20
gemma,LATEST_ERRATUM,UPDATE_COMPARISON-ORIGIN-0016-origin0,ORIGIN,34,34,33,0.9705882352941176,0,4
gemma,LATEST_ERRATUM,UPDATE_COMPARISON-ORIGIN-0016-origin1,ORIGIN,34,34,32,0.9411764705882353,0,10
gemma,LATEST_ERRATUM,UPDATE_COMPARISON-ORIGIN-0016-origin2,ORIGIN,34,34,33,0.9705882352941176,0,13
gemma,LATEST_ERRATUM,UPDATE_COMPARISON-ORIGIN-0016-origin3,ORIGIN,34,34,31,0.9117647058823529,0,15
gemma,LATEST_ERRATUM,UPDATE_COMPARISON-ORIGIN-0017-origin0,ORIGIN,34,34,33,0.9705882352941176,0,1
gemma,LATEST_ERRATUM,UPDATE_COMPARISON-ORIGIN-0017-origin1,ORIGIN,34,34,32,0.9411764705882353,0,1
gemma,LATEST_ERRATUM,UPDATE_COMPARISON-ORIGIN-0017-origin2,ORIGIN,34,34,31,0.9117647058823529,0,10
gemma,LATEST_ERRATUM,UPDATE_COMPARISON-ORIGIN-0017-origin3,ORIGIN,34,34,32,0.9411764705882353,0,12
gemma,LATEST_ERRATUM,UPDATE_COMPARISON-ORIGIN-0018-origin0,ORIGIN,34,34,25,0.7352941176470589,0,9
gemma,LATEST_ERRATUM,UPDATE_COMPARISON-ORIGIN-0018-origin1,ORIGIN,34,34,25,0.7352941176470589,0,11
gemma,LATEST_ERRATUM,UPDATE_COMPARISON-ORIGIN-0018-origin2,ORIGIN,34,34,26,0.7647058823529411,0,18
gemma,LATEST_ERRATUM,UPDATE_COMPARISON-ORIGIN-0018-origin3,ORIGIN,34,34,27,0.7941176470588235,0,21
gemma,LATEST_ERRATUM,UPDATE_COMPARISON-ORIGIN-0019-origin0,ORIGIN,34,34,30,0.8823529411764706,0,3
gemma,LATEST_ERRATUM,UPDATE_COMPARISON-ORIGIN-0019-origin1,ORIGIN,34,34,30,0.8823529411764706,0,8
gemma,LATEST_ERRATUM,UPDATE_COMPARISON-ORIGIN-0019-origin2,ORIGIN,34,34,31,0.9117647058823529,0,12
gemma,LATEST_ERRATUM,UPDATE_COMPARISON-ORIGIN-0019-origin3,ORIGIN,34,34,30,0.8823529411764706,0,13
gemma,LATEST_ERRATUM,UPDATE_COMPARISON-ORIGIN-0020-origin0,ORIGIN,34,34,32,0.9411764705882353,0,2
gemma,LATEST_ERRATUM,UPDATE_COMPARISON-ORIGIN-0020-origin1,ORIGIN,34,34,30,0.8823529411764706,0,12
gemma,LATEST_ERRATUM,UPDATE_COMPARISON-ORIGIN-0020-origin2,ORIGIN,34,34,32,0.9411764705882353,0,14
gemma,LATEST_ERRATUM,UPDATE_COMPARISON-ORIGIN-0020-origin3,ORIGIN,34,34,30,0.8823529411764706,0,16
gemma,LATEST_ERRATUM,UPDATE_COMPARISON-ORIGIN-0021-origin0,ORIGIN,34,34,32,0.9411764705882353,0,9
gemma,LATEST_ERRATUM,UPDATE_COMPARISON-ORIGIN-0021-origin1,ORIGIN,34,34,32,0.9411764705882353,0,17
gemma,LATEST_ERRATUM,UPDATE_COMPARISON-ORIGIN-0021-origin2,ORIGIN,34,34,32,0.9411764705882353,0,16
gemma,LATEST_ERRATUM,UPDATE_COMPARISON-ORIGIN-0021-origin3,ORIGIN,34,34,33,0.9705882352941176,0,17
gemma,LATEST_ERRATUM,UPDATE_COMPARISON-ORIGIN-0022-origin0,ORIGIN,34,34,29,0.8529411764705882,0,3
gemma,LATEST_ERRATUM,UPDATE_COMPARISON-ORIGIN-0022-origin1,ORIGIN,34,34,32,0.9411764705882353,0,12
gemma,LATEST_ERRATUM,UPDATE_COMPARISON-ORIGIN-0022-origin2,ORIGIN,34,34,32,0.9411764705882353,0,16
gemma,LATEST_ERRATUM,UPDATE_COMPARISON-ORIGIN-0022-origin3,ORIGIN,34,34,32,0.9411764705882353,0,14
gemma,LATEST_ERRATUM,UPDATE_COMPARISON-ORIGIN-0023-origin0,ORIGIN,34,34,32,0.9411764705882353,0,2
gemma,LATEST_ERRATUM,UPDATE_COMPARISON-ORIGIN-0023-origin1,ORIGIN,34,34,33,0.9705882352941176,0,13
gemma,LATEST_ERRATUM,UPDATE_COMPARISON-ORIGIN-0023-origin2,ORIGIN,34,34,33,0.9705882352941176,0,14
gemma,LATEST_ERRATUM,UPDATE_COMPARISON-ORIGIN-0023-origin3,ORIGIN,34,34,34,1.0,1,14
gemma,LATEST_ERRATUM,UPDATE_COMPARISON-ORIGIN-0024-origin0,ORIGIN,34,34,32,0.9411764705882353,0,0
gemma,LATEST_ERRATUM,UPDATE_COMPARISON-ORIGIN-0024-origin1,ORIGIN,34,34,32,0.9411764705882353,0,10
gemma,LATEST_ERRATUM,UPDATE_COMPARISON-ORIGIN-0024-origin2,ORIGIN,34,34,33,0.9705882352941176,0,17
gemma,LATEST_ERRATUM,UPDATE_COMPARISON-ORIGIN-0024-origin3,ORIGIN,34,34,32,0.9411764705882353,0,19
gemma,LATEST_ERRATUM,UPDATE_COMPARISON-ORIGIN-0025-origin0,ORIGIN,34,34,34,1.0,1,1
gemma,LATEST_ERRATUM,UPDATE_COMPARISON-ORIGIN-0025-origin1,ORIGIN,34,34,32,0.9411764705882353,0,10
gemma,LATEST_ERRATUM,UPDATE_COMPARISON-ORIGIN-0025-origin2,ORIGIN,34,34,33,0.9705882352941176,0,16
gemma,LATEST_ERRATUM,UPDATE_COMPARISON-ORIGIN-0025-origin3,ORIGIN,34,34,34,1.0,1,17
gemma,LATEST_ERRATUM,UPDATE_COMPARISON-ORIGIN-0026-origin0,ORIGIN,34,34,32,0.9411764705882353,0,4
gemma,LATEST_ERRATUM,UPDATE_COMPARISON-ORIGIN-0026-origin1,ORIGIN,34,34,32,0.9411764705882353,0,9
gemma,LATEST_ERRATUM,UPDATE_COMPARISON-ORIGIN-0026-origin2,ORIGIN,34,34,32,0.9411764705882353,0,17
gemma,LATEST_ERRATUM,UPDATE_COMPARISON-ORIGIN-0026-origin3,ORIGIN,34,34,32,0.9411764705882353,0,19
gemma,LATEST_ERRATUM,UPDATE_COMPARISON-ORIGIN-0027-origin0,ORIGIN,34,34,33,0.9705882352941176,0,10
gemma,LATEST_ERRATUM,UPDATE_COMPARISON-ORIGIN-0027-origin1,ORIGIN,34,34,32,0.9411764705882353,0,10
gemma,LATEST_ERRATUM,UPDATE_COMPARISON-ORIGIN-0027-origin2,ORIGIN,34,34,33,0.9705882352941176,0,17
gemma,LATEST_ERRATUM,UPDATE_COMPARISON-ORIGIN-0027-origin3,ORIGIN,34,34,32,0.9411764705882353,0,20
gemma,LATEST_ERRATUM,UPDATE_COMPARISON-ORIGIN-0028-origin0,ORIGIN,34,34,34,1.0,1,0
gemma,LATEST_ERRATUM,UPDATE_COMPARISON-ORIGIN-0028-origin1,ORIGIN,34,34,34,1.0,1,10
gemma,LATEST_ERRATUM,UPDATE_COMPARISON-ORIGIN-0028-origin2,ORIGIN,34,34,34,1.0,1,20
gemma,LATEST_ERRATUM,UPDATE_COMPARISON-ORIGIN-0028-origin3,ORIGIN,34,34,34,1.0,1,22
gemma,LATEST_ERRATUM,UPDATE_COMPARISON-ORIGIN-0029-origin0,ORIGIN,34,34,34,1.0,1,0
gemma,LATEST_ERRATUM,UPDATE_COMPARISON-ORIGIN-0029-origin1,ORIGIN,34,34,34,1.0,1,0
gemma,LATEST_ERRATUM,UPDATE_COMPARISON-ORIGIN-0029-origin2,ORIGIN,34,34,34,1.0,1,27
gemma,LATEST_ERRATUM,UPDATE_COMPARISON-ORIGIN-0029-origin3,ORIGIN,34,34,34,1.0,1,26
gemma,LATEST_ERRATUM,UPDATE_COMPARISON-ORIGIN-0030-origin0,ORIGIN,34,34,34,1.0,1,0
gemma,LATEST_ERRATUM,UPDATE_COMPARISON-ORIGIN-0030-origin1,ORIGIN,34,34,34,1.0,1,12
gemma,LATEST_ERRATUM,UPDATE_COMPARISON-ORIGIN-0030-origin2,ORIGIN,34,34,34,1.0,1,19
gemma,LATEST_ERRATUM,UPDATE_COMPARISON-ORIGIN-0030-origin3,ORIGIN,34,34,34,1.0,1,25
gemma,LATEST_ERRATUM,UPDATE_COMPARISON-ORIGIN-0031-origin0,ORIGIN,34,34,34,1.0,1,0
gemma,LATEST_ERRATUM,UPDATE_COMPARISON-ORIGIN-0031-origin1,ORIGIN,34,34,34,1.0,1,10
gemma,LATEST_ERRATUM,UPDATE_COMPARISON-ORIGIN-0031-origin2,ORIGIN,34,34,34,1.0,1,23
gemma,LATEST_ERRATUM,UPDATE_COMPARISON-ORIGIN-0031-origin3,ORIGIN,34,34,34,1.0,1,22
gemma,LATEST_ERRATUM,UPDATE_COMPARISON-ORIGIN-0032-origin0,ORIGIN,34,34,34,1.0,1,1
gemma,LATEST_ERRATUM,UPDATE_COMPARISON-ORIGIN-0032-origin1,ORIGIN,34,34,34,1.0,1,13
gemma,LATEST_ERRATUM,UPDATE_COMPARISON-ORIGIN-0032-origin2,ORIGIN,34,34,33,0.9705882352941176,0,17
gemma,LATEST_ERRATUM,UPDATE_COMPARISON-ORIGIN-0032-origin3,ORIGIN,34,34,30,0.8823529411764706,0,26
gemma,LATEST_ERRATUM,UPDATE_COMPARISON-ORIGIN-0033-origin0,ORIGIN,34,34,34,1.0,1,2
gemma,LATEST_ERRATUM,UPDATE_COMPARISON-ORIGIN-0033-origin1,ORIGIN,34,34,33,0.9705882352941176,0,11
gemma,LATEST_ERRATUM,UPDATE_COMPARISON-ORIGIN-0033-origin2,ORIGIN,34,34,32,0.9411764705882353,0,16
gemma,LATEST_ERRATUM,UPDATE_COMPARISON-ORIGIN-0033-origin3,ORIGIN,34,34,30,0.8823529411764706,0,26
gemma,LATEST_ERRATUM,UPDATE_COMPARISON-ORIGIN-0034-origin0,ORIGIN,34,34,33,0.9705882352941176,0,1
gemma,LATEST_ERRATUM,UPDATE_COMPARISON-ORIGIN-0034-origin1,ORIGIN,34,34,33,0.9705882352941176,0,6
gemma,LATEST_ERRATUM,UPDATE_COMPARISON-ORIGIN-0034-origin2,ORIGIN,34,34,31,0.9117647058823529,0,17
gemma,LATEST_ERRATUM,UPDATE_COMPARISON-ORIGIN-0034-origin3,ORIGIN,34,34,28,0.8235294117647058,0,25
gemma,LATEST_ERRATUM,UPDATE_COMPARISON-ORIGIN-0035-origin0,ORIGIN,34,34,32,0.9411764705882353,0,7
gemma,LATEST_ERRATUM,UPDATE_COMPARISON-ORIGIN-0035-origin1,ORIGIN,34,34,31,0.9117647058823529,0,11
gemma,LATEST_ERRATUM,UPDATE_COMPARISON-ORIGIN-0035-origin2,ORIGIN,34,34,29,0.8529411764705882,0,18
gemma,LATEST_ERRATUM,UPDATE_COMPARISON-ORIGIN-0035-origin3,ORIGIN,34,34,29,0.8529411764705882,0,27
gemma,LATEST_ERRATUM,UPDATE_COMPARISON-ORIGIN-0036-origin0,ORIGIN,34,34,34,1.0,1,5
gemma,LATEST_ERRATUM,UPDATE_COMPARISON-ORIGIN-0036-origin1,ORIGIN,34,34,31,0.9117647058823529,0,9
gemma,LATEST_ERRATUM,UPDATE_COMPARISON-ORIGIN-0036-origin2,ORIGIN,34,34,31,0.9117647058823529,0,21
gemma,LATEST_ERRATUM,UPDATE_COMPARISON-ORIGIN-0036-origin3,ORIGIN,34,34,30,0.8823529411764706,0,19
gemma,LATEST_ERRATUM,UPDATE_COMPARISON-ORIGIN-0037-origin0,ORIGIN,34,34,33,0.9705882352941176,0,2
gemma,LATEST_ERRATUM,UPDATE_COMPARISON-ORIGIN-0037-origin1,ORIGIN,34,34,32,0.9411764705882353,0,9
gemma,LATEST_ERRATUM,UPDATE_COMPARISON-ORIGIN-0037-origin2,ORIGIN,34,34,33,0.9705882352941176,0,14
gemma,LATEST_ERRATUM,UPDATE_COMPARISON-ORIGIN-0037-origin3,ORIGIN,34,34,31,0.9117647058823529,0,17
gemma,LATEST_ERRATUM,UPDATE_COMPARISON-ORIGIN-0038-origin0,ORIGIN,34,34,32,0.9411764705882353,0,6
gemma,LATEST_ERRATUM,UPDATE_COMPARISON-ORIGIN-0038-origin1,ORIGIN,34,34,30,0.8823529411764706,0,9
gemma,LATEST_ERRATUM,UPDATE_COMPARISON-ORIGIN-0038-origin2,ORIGIN,34,34,30,0.8823529411764706,0,19
gemma,LATEST_ERRATUM,UPDATE_COMPARISON-ORIGIN-0038-origin3,ORIGIN,34,34,30,0.8823529411764706,0,20
gemma,LATEST_ERRATUM,UPDATE_COMPARISON-ORIGIN-0039-origin0,ORIGIN,34,34,32,0.9411764705882353,0,4
gemma,LATEST_ERRATUM,UPDATE_COMPARISON-ORIGIN-0039-origin1,ORIGIN,34,34,34,1.0,1,9
gemma,LATEST_ERRATUM,UPDATE_COMPARISON-ORIGIN-0039-origin2,ORIGIN,34,34,33,0.9705882352941176,0,13
gemma,LATEST_ERRATUM,UPDATE_COMPARISON-ORIGIN-0039-origin3,ORIGIN,34,34,32,0.9411764705882353,0,12
gemma,LATEST_ERRATUM,UPDATE_COMPARISON-ORIGIN-0040-origin0,ORIGIN,34,34,32,0.9411764705882353,0,0
gemma,LATEST_ERRATUM,UPDATE_COMPARISON-ORIGIN-0040-origin1,ORIGIN,34,34,30,0.8823529411764706,0,4
gemma,LATEST_ERRATUM,UPDATE_COMPARISON-ORIGIN-0040-origin2,ORIGIN,34,34,31,0.9117647058823529,0,13
gemma,LATEST_ERRATUM,UPDATE_COMPARISON-ORIGIN-0040-origin3,ORIGIN,34,34,30,0.8823529411764706,0,12
gemma,LATEST_ERRATUM,UPDATE_COMPARISON-ORIGIN-0041-origin0,ORIGIN,34,34,31,0.9117647058823529,0,3
gemma,LATEST_ERRATUM,UPDATE_COMPARISON-ORIGIN-0041-origin1,ORIGIN,34,34,30,0.8823529411764706,0,8
gemma,LATEST_ERRATUM,UPDATE_COMPARISON-ORIGIN-0041-origin2,ORIGIN,34,34,32,0.9411764705882353,0,11
gemma,LATEST_ERRATUM,UPDATE_COMPARISON-ORIGIN-0041-origin3,ORIGIN,34,34,31,0.9117647058823529,0,17
gemma,LATEST_ERRATUM,UPDATE_COMPARISON-ORIGIN-0042-origin0,ORIGIN,34,34,31,0.9117647058823529,0,1
gemma,LATEST_ERRATUM,UPDATE_COMPARISON-ORIGIN-0042-origin1,ORIGIN,34,34,31,0.9117647058823529,0,9
gemma,LATEST_ERRATUM,UPDATE_COMPARISON-ORIGIN-0042-origin2,ORIGIN,34,34,30,0.8823529411764706,0,12
gemma,LATEST_ERRATUM,UPDATE_COMPARISON-ORIGIN-0042-origin3,ORIGIN,34,34,29,0.8529411764705882,0,19
gemma,LATEST_ERRATUM,UPDATE_COMPARISON-ORIGIN-0043-origin0,ORIGIN,34,34,33,0.9705882352941176,0,1
gemma,LATEST_ERRATUM,UPDATE_COMPARISON-ORIGIN-0043-origin1,ORIGIN,34,34,30,0.8823529411764706,0,2
gemma,LATEST_ERRATUM,UPDATE_COMPARISON-ORIGIN-0043-origin2,ORIGIN,34,34,31,0.9117647058823529,0,12
gemma,LATEST_ERRATUM,UPDATE_COMPARISON-ORIGIN-0043-origin3,ORIGIN,34,34,30,0.8823529411764706,0,15
gemma,LATEST_ERRATUM,UPDATE_COMPARISON-ORIGIN-0044-origin0,ORIGIN,34,34,32,0.9411764705882353,0,6
gemma,LATEST_ERRATUM,UPDATE_COMPARISON-ORIGIN-0044-origin1,ORIGIN,34,34,33,0.9705882352941176,0,9
gemma,LATEST_ERRATUM,UPDATE_COMPARISON-ORIGIN-0044-origin2,ORIGIN,34,34,33,0.9705882352941176,0,15
gemma,LATEST_ERRATUM,UPDATE_COMPARISON-ORIGIN-0044-origin3,ORIGIN,34,34,34,1.0,1,18
gemma,LATEST_ERRATUM,UPDATE_COMPARISON-ORIGIN-0045-origin0,ORIGIN,34,34,34,1.0,1,0
gemma,LATEST_ERRATUM,UPDATE_COMPARISON-ORIGIN-0045-origin1,ORIGIN,34,34,33,0.9705882352941176,0,6
gemma,LATEST_ERRATUM,UPDATE_COMPARISON-ORIGIN-0045-origin2,ORIGIN,34,34,32,0.9411764705882353,0,9
gemma,LATEST_ERRATUM,UPDATE_COMPARISON-ORIGIN-0045-origin3,ORIGIN,34,34,34,1.0,1,18
gemma,LATEST_ERRATUM,UPDATE_COMPARISON-ORIGIN-0046-origin0,ORIGIN,34,34,30,0.8823529411764706,0,6
gemma,LATEST_ERRATUM,UPDATE_COMPARISON-ORIGIN-0046-origin1,ORIGIN,34,34,30,0.8823529411764706,0,14
gemma,LATEST_ERRATUM,UPDATE_COMPARISON-ORIGIN-0046-origin2,ORIGIN,34,34,32,0.9411764705882353,0,12
gemma,LATEST_ERRATUM,UPDATE_COMPARISON-ORIGIN-0046-origin3,ORIGIN,34,34,33,0.9705882352941176,0,19
gemma,LATEST_ERRATUM,UPDATE_COMPARISON-ORIGIN-0047-origin0,ORIGIN,34,34,34,1.0,1,1
gemma,LATEST_ERRATUM,UPDATE_COMPARISON-ORIGIN-0047-origin1,ORIGIN,34,34,34,1.0,1,7
gemma,LATEST_ERRATUM,UPDATE_COMPARISON-ORIGIN-0047-origin2,ORIGIN,34,34,34,1.0,1,16
gemma,LATEST_ERRATUM,UPDATE_COMPARISON-ORIGIN-0047-origin3,ORIGIN,34,34,34,1.0,1,18
gemma,LATEST_ERRATUM,UPDATE_COMPARISON-ORIGIN-0048-origin0,ORIGIN,34,34,32,0.9411764705882353,0,1
gemma,LATEST_ERRATUM,UPDATE_COMPARISON-ORIGIN-0048-origin1,ORIGIN,34,34,31,0.9117647058823529,0,11
gemma,LATEST_ERRATUM,UPDATE_COMPARISON-ORIGIN-0048-origin2,ORIGIN,34,34,33,0.9705882352941176,0,9
gemma,LATEST_ERRATUM,UPDATE_COMPARISON-ORIGIN-0048-origin3,ORIGIN,34,34,32,0.9411764705882353,0,17
gemma,LATEST_ERRATUM,UPDATE_COMPARISON-ORIGIN-0049-origin0,ORIGIN,34,34,32,0.9411764705882353,0,1
gemma,LATEST_ERRATUM,UPDATE_COMPARISON-ORIGIN-0049-origin1,ORIGIN,34,34,30,0.8823529411764706,0,4
gemma,LATEST_ERRATUM,UPDATE_COMPARISON-ORIGIN-0049-origin2,ORIGIN,34,34,31,0.9117647058823529,0,12
gemma,LATEST_ERRATUM,UPDATE_COMPARISON-ORIGIN-0049-origin3,ORIGIN,34,34,30,0.8823529411764706,0,18
gemma,LATEST_ERRATUM,UPDATE_COMPARISON-ORIGIN-0050-origin0,ORIGIN,34,34,33,0.9705882352941176,0,4
gemma,LATEST_ERRATUM,UPDATE_COMPARISON-ORIGIN-0050-origin1,ORIGIN,34,34,33,0.9705882352941176,0,10
gemma,LATEST_ERRATUM,UPDATE_COMPARISON-ORIGIN-0050-origin2,ORIGIN,34,34,32,0.9411764705882353,0,10
gemma,LATEST_ERRATUM,UPDATE_COMPARISON-ORIGIN-0050-origin3,ORIGIN,34,34,29,0.8529411764705882,0,21
gemma,LATEST_ERRATUM,UPDATE_COMPARISON-ORIGIN-0051-origin0,ORIGIN,34,34,33,0.9705882352941176,0,3
gemma,LATEST_ERRATUM,UPDATE_COMPARISON-ORIGIN-0051-origin1,ORIGIN,34,34,33,0.9705882352941176,0,10
gemma,LATEST_ERRATUM,UPDATE_COMPARISON-ORIGIN-0051-origin2,ORIGIN,34,34,33,0.9705882352941176,0,12
gemma,LATEST_ERRATUM,UPDATE_COMPARISON-ORIGIN-0051-origin3,ORIGIN,34,34,32,0.9411764705882353,0,18
gemma,LATEST_ERRATUM,UPDATE_COMPARISON-ORIGIN-0052-origin0,ORIGIN,34,34,32,0.9411764705882353,0,2
gemma,LATEST_ERRATUM,UPDATE_COMPARISON-ORIGIN-0052-origin1,ORIGIN,34,34,32,0.9411764705882353,0,4
gemma,LATEST_ERRATUM,UPDATE_COMPARISON-ORIGIN-0052-origin2,ORIGIN,34,34,31,0.9117647058823529,0,17
gemma,LATEST_ERRATUM,UPDATE_COMPARISON-ORIGIN-0052-origin3,ORIGIN,34,34,32,0.9411764705882353,0,19
gemma,LATEST_ERRATUM,UPDATE_COMPARISON-ORIGIN-0053-origin0,ORIGIN,34,34,34,1.0,1,4
gemma,LATEST_ERRATUM,UPDATE_COMPARISON-ORIGIN-0053-origin1,ORIGIN,34,34,34,1.0,1,10
gemma,LATEST_ERRATUM,UPDATE_COMPARISON-ORIGIN-0053-origin2,ORIGIN,34,34,34,1.0,1,13
gemma,LATEST_ERRATUM,UPDATE_COMPARISON-ORIGIN-0053-origin3,ORIGIN,34,34,34,1.0,1,15
gemma,LATEST_ERRATUM,UPDATE_COMPARISON-ORIGIN-0054-origin0,ORIGIN,34,34,32,0.9411764705882353,0,2
gemma,LATEST_ERRATUM,UPDATE_COMPARISON-ORIGIN-0054-origin1,ORIGIN,34,34,32,0.9411764705882353,0,9
gemma,LATEST_ERRATUM,UPDATE_COMPARISON-ORIGIN-0054-origin2,ORIGIN,34,34,34,1.0,1,18
gemma,LATEST_ERRATUM,UPDATE_COMPARISON-ORIGIN-0054-origin3,ORIGIN,34,34,32,0.9411764705882353,0,14
gemma,LATEST_ERRATUM,UPDATE_COMPARISON-ORIGIN-0055-origin0,ORIGIN,34,34,32,0.9411764705882353,0,1
gemma,LATEST_ERRATUM,UPDATE_COMPARISON-ORIGIN-0055-origin1,ORIGIN,34,34,32,0.9411764705882353,0,6
gemma,LATEST_ERRATUM,UPDATE_COMPARISON-ORIGIN-0055-origin2,ORIGIN,34,34,32,0.9411764705882353,0,15
gemma,LATEST_ERRATUM,UPDATE_COMPARISON-ORIGIN-0055-origin3,ORIGIN,34,34,32,0.9411764705882353,0,16
gemma,LATEST_ERRATUM,UPDATE_COMPARISON-ORIGIN-0056-origin0,ORIGIN,34,34,26,0.7647058823529411,0,8
gemma,LATEST_ERRATUM,UPDATE_COMPARISON-ORIGIN-0056-origin1,ORIGIN,34,34,26,0.7647058823529411,0,5
gemma,LATEST_ERRATUM,UPDATE_COMPARISON-ORIGIN-0056-origin2,ORIGIN,34,34,26,0.7647058823529411,0,24
gemma,LATEST_ERRATUM,UPDATE_COMPARISON-ORIGIN-0056-origin3,ORIGIN,34,34,26,0.7647058823529411,0,24
gemma,LATEST_ERRATUM,UPDATE_COMPARISON-ORIGIN-0057-origin0,ORIGIN,34,34,32,0.9411764705882353,0,0
gemma,LATEST_ERRATUM,UPDATE_COMPARISON-ORIGIN-0057-origin1,ORIGIN,34,34,32,0.9411764705882353,0,10
gemma,LATEST_ERRATUM,UPDATE_COMPARISON-ORIGIN-0057-origin2,ORIGIN,34,34,33,0.9705882352941176,0,17
gemma,LATEST_ERRATUM,UPDATE_COMPARISON-ORIGIN-0057-origin3,ORIGIN,34,34,32,0.9411764705882353,0,20
gemma,LATEST_ERRATUM,UPDATE_COMPARISON-ORIGIN-0058-origin0,ORIGIN,34,34,32,0.9411764705882353,0,3
gemma,LATEST_ERRATUM,UPDATE_COMPARISON-ORIGIN-0058-origin1,ORIGIN,34,34,29,0.8529411764705882,0,5
gemma,LATEST_ERRATUM,UPDATE_COMPARISON-ORIGIN-0058-origin2,ORIGIN,34,34,32,0.9411764705882353,0,18
gemma,LATEST_ERRATUM,UPDATE_COMPARISON-ORIGIN-0058-origin3,ORIGIN,34,34,28,0.8235294117647058,0,24
gemma,LATEST_ERRATUM,UPDATE_COMPARISON-ORIGIN-0059-origin0,ORIGIN,34,34,28,0.8235294117647058,0,6
gemma,LATEST_ERRATUM,UPDATE_COMPARISON-ORIGIN-0059-origin1,ORIGIN,34,34,26,0.7647058823529411,0,5
gemma,LATEST_ERRATUM,UPDATE_COMPARISON-ORIGIN-0059-origin2,ORIGIN,34,34,27,0.7941176470588235,0,17
gemma,LATEST_ERRATUM,UPDATE_COMPARISON-ORIGIN-0059-origin3,ORIGIN,34,34,26,0.7647058823529411,0,20
gemma,LATEST_ERRATUM,UPDATE_COMPARISON-ORIGIN-0060-origin0,ORIGIN,34,34,34,1.0,1,4
gemma,LATEST_ERRATUM,UPDATE_COMPARISON-ORIGIN-0060-origin1,ORIGIN,34,34,34,1.0,1,10
gemma,LATEST_ERRATUM,UPDATE_COMPARISON-ORIGIN-0060-origin2,ORIGIN,34,34,32,0.9411764705882353,0,16
gemma,LATEST_ERRATUM,UPDATE_COMPARISON-ORIGIN-0060-origin3,ORIGIN,34,34,34,1.0,1,23
gemma,LATEST_ERRATUM,UPDATE_COMPARISON-ORIGIN-0061-origin0,ORIGIN,34,34,34,1.0,1,0
gemma,LATEST_ERRATUM,UPDATE_COMPARISON-ORIGIN-0061-origin1,ORIGIN,34,34,34,1.0,1,11
gemma,LATEST_ERRATUM,UPDATE_COMPARISON-ORIGIN-0061-origin2,ORIGIN,34,34,34,1.0,1,26
gemma,LATEST_ERRATUM,UPDATE_COMPARISON-ORIGIN-0061-origin3,ORIGIN,34,34,34,1.0,1,20
gemma,LATEST_ERRATUM,UPDATE_COMPARISON-ORIGIN-0062-origin0,ORIGIN,34,34,34,1.0,1,0
gemma,LATEST_ERRATUM,UPDATE_COMPARISON-ORIGIN-0062-origin1,ORIGIN,34,34,34,1.0,1,12
gemma,LATEST_ERRATUM,UPDATE_COMPARISON-ORIGIN-0062-origin2,ORIGIN,34,34,34,1.0,1,24
gemma,LATEST_ERRATUM,UPDATE_COMPARISON-ORIGIN-0062-origin3,ORIGIN,34,34,34,1.0,1,22
gemma,LATEST_ERRATUM,UPDATE_COMPARISON-ORIGIN-0063-origin0,ORIGIN,34,34,34,1.0,1,1
gemma,LATEST_ERRATUM,UPDATE_COMPARISON-ORIGIN-0063-origin1,ORIGIN,34,34,34,1.0,1,4
gemma,LATEST_ERRATUM,UPDATE_COMPARISON-ORIGIN-0063-origin2,ORIGIN,34,34,34,1.0,1,20
gemma,LATEST_ERRATUM,UPDATE_COMPARISON-ORIGIN-0063-origin3,ORIGIN,34,34,34,1.0,1,22
gemma,LATEST_SAME_WORDING,UPDATE_COMPARISON-ORIGIN-0000-origin0,ORIGIN,34,34,34,1.0,1,3
gemma,LATEST_SAME_WORDING,UPDATE_COMPARISON-ORIGIN-0000-origin1,ORIGIN,34,34,34,1.0,1,13
gemma,LATEST_SAME_WORDING,UPDATE_COMPARISON-ORIGIN-0000-origin2,ORIGIN,34,34,31,0.9117647058823529,0,19
gemma,LATEST_SAME_WORDING,UPDATE_COMPARISON-ORIGIN-0000-origin3,ORIGIN,34,34,29,0.8529411764705882,0,27
gemma,LATEST_SAME_WORDING,UPDATE_COMPARISON-ORIGIN-0001-origin0,ORIGIN,34,34,33,0.9705882352941176,0,5
gemma,LATEST_SAME_WORDING,UPDATE_COMPARISON-ORIGIN-0001-origin1,ORIGIN,34,34,33,0.9705882352941176,0,13
gemma,LATEST_SAME_WORDING,UPDATE_COMPARISON-ORIGIN-0001-origin2,ORIGIN,34,34,31,0.9117647058823529,0,23
gemma,LATEST_SAME_WORDING,UPDATE_COMPARISON-ORIGIN-0001-origin3,ORIGIN,34,34,30,0.8823529411764706,0,26
gemma,LATEST_SAME_WORDING,UPDATE_COMPARISON-ORIGIN-0002-origin0,ORIGIN,34,34,34,1.0,1,0
gemma,LATEST_SAME_WORDING,UPDATE_COMPARISON-ORIGIN-0002-origin1,ORIGIN,34,34,34,1.0,1,11
gemma,LATEST_SAME_WORDING,UPDATE_COMPARISON-ORIGIN-0002-origin2,ORIGIN,34,34,32,0.9411764705882353,0,18
gemma,LATEST_SAME_WORDING,UPDATE_COMPARISON-ORIGIN-0002-origin3,ORIGIN,34,34,31,0.9117647058823529,0,21
gemma,LATEST_SAME_WORDING,UPDATE_COMPARISON-ORIGIN-0003-origin0,ORIGIN,34,34,34,1.0,1,6
gemma,LATEST_SAME_WORDING,UPDATE_COMPARISON-ORIGIN-0003-origin1,ORIGIN,34,34,32,0.9411764705882353,0,5
gemma,LATEST_SAME_WORDING,UPDATE_COMPARISON-ORIGIN-0003-origin2,ORIGIN,34,34,30,0.8823529411764706,0,17
gemma,LATEST_SAME_WORDING,UPDATE_COMPARISON-ORIGIN-0003-origin3,ORIGIN,34,34,29,0.8529411764705882,0,20
gemma,LATEST_SAME_WORDING,UPDATE_COMPARISON-ORIGIN-0004-origin0,ORIGIN,34,34,32,0.9411764705882353,0,3
gemma,LATEST_SAME_WORDING,UPDATE_COMPARISON-ORIGIN-0004-origin1,ORIGIN,34,34,32,0.9411764705882353,0,11
gemma,LATEST_SAME_WORDING,UPDATE_COMPARISON-ORIGIN-0004-origin2,ORIGIN,34,34,32,0.9411764705882353,0,18
gemma,LATEST_SAME_WORDING,UPDATE_COMPARISON-ORIGIN-0004-origin3,ORIGIN,34,34,32,0.9411764705882353,0,18
gemma,LATEST_SAME_WORDING,UPDATE_COMPARISON-ORIGIN-0005-origin0,ORIGIN,34,34,30,0.8823529411764706,0,11
gemma,LATEST_SAME_WORDING,UPDATE_COMPARISON-ORIGIN-0005-origin1,ORIGIN,34,34,30,0.8823529411764706,0,11
gemma,LATEST_SAME_WORDING,UPDATE_COMPARISON-ORIGIN-0005-origin2,ORIGIN,34,34,32,0.9411764705882353,0,16
gemma,LATEST_SAME_WORDING,UPDATE_COMPARISON-ORIGIN-0005-origin3,ORIGIN,34,34,30,0.8823529411764706,0,12
gemma,LATEST_SAME_WORDING,UPDATE_COMPARISON-ORIGIN-0006-origin0,ORIGIN,34,34,30,0.8823529411764706,0,4
gemma,LATEST_SAME_WORDING,UPDATE_COMPARISON-ORIGIN-0006-origin1,ORIGIN,34,34,32,0.9411764705882353,0,9
gemma,LATEST_SAME_WORDING,UPDATE_COMPARISON-ORIGIN-0006-origin2,ORIGIN,34,34,30,0.8823529411764706,0,18
gemma,LATEST_SAME_WORDING,UPDATE_COMPARISON-ORIGIN-0006-origin3,ORIGIN,34,34,30,0.8823529411764706,0,13
gemma,LATEST_SAME_WORDING,UPDATE_COMPARISON-ORIGIN-0007-origin0,ORIGIN,34,34,31,0.9117647058823529,0,12
gemma,LATEST_SAME_WORDING,UPDATE_COMPARISON-ORIGIN-0007-origin1,ORIGIN,34,34,32,0.9411764705882353,0,10
gemma,LATEST_SAME_WORDING,UPDATE_COMPARISON-ORIGIN-0007-origin2,ORIGIN,34,34,31,0.9117647058823529,0,18
gemma,LATEST_SAME_WORDING,UPDATE_COMPARISON-ORIGIN-0007-origin3,ORIGIN,34,34,33,0.9705882352941176,0,13
gemma,LATEST_SAME_WORDING,UPDATE_COMPARISON-ORIGIN-0008-origin0,ORIGIN,34,34,26,0.7647058823529411,0,5
gemma,LATEST_SAME_WORDING,UPDATE_COMPARISON-ORIGIN-0008-origin1,ORIGIN,34,34,26,0.7647058823529411,0,8
gemma,LATEST_SAME_WORDING,UPDATE_COMPARISON-ORIGIN-0008-origin2,ORIGIN,34,34,29,0.8529411764705882,0,14
gemma,LATEST_SAME_WORDING,UPDATE_COMPARISON-ORIGIN-0008-origin3,ORIGIN,34,34,28,0.8235294117647058,0,21
gemma,LATEST_SAME_WORDING,UPDATE_COMPARISON-ORIGIN-0009-origin0,ORIGIN,34,34,28,0.8235294117647058,0,9
gemma,LATEST_SAME_WORDING,UPDATE_COMPARISON-ORIGIN-0009-origin1,ORIGIN,34,34,28,0.8235294117647058,0,11
gemma,LATEST_SAME_WORDING,UPDATE_COMPARISON-ORIGIN-0009-origin2,ORIGIN,34,34,29,0.8529411764705882,0,13
gemma,LATEST_SAME_WORDING,UPDATE_COMPARISON-ORIGIN-0009-origin3,ORIGIN,34,34,28,0.8235294117647058,0,18
gemma,LATEST_SAME_WORDING,UPDATE_COMPARISON-ORIGIN-0010-origin0,ORIGIN,34,34,28,0.8235294117647058,0,4
gemma,LATEST_SAME_WORDING,UPDATE_COMPARISON-ORIGIN-0010-origin1,ORIGIN,34,34,26,0.7647058823529411,0,7
gemma,LATEST_SAME_WORDING,UPDATE_COMPARISON-ORIGIN-0010-origin2,ORIGIN,34,34,28,0.8235294117647058,0,10
gemma,LATEST_SAME_WORDING,UPDATE_COMPARISON-ORIGIN-0010-origin3,ORIGIN,34,34,28,0.8235294117647058,0,18
gemma,LATEST_SAME_WORDING,UPDATE_COMPARISON-ORIGIN-0011-origin0,ORIGIN,34,34,30,0.8823529411764706,0,6
gemma,LATEST_SAME_WORDING,UPDATE_COMPARISON-ORIGIN-0011-origin1,ORIGIN,34,34,29,0.8529411764705882,0,11
gemma,LATEST_SAME_WORDING,UPDATE_COMPARISON-ORIGIN-0011-origin2,ORIGIN,34,34,28,0.8235294117647058,0,18
gemma,LATEST_SAME_WORDING,UPDATE_COMPARISON-ORIGIN-0011-origin3,ORIGIN,34,34,28,0.8235294117647058,0,20
gemma,LATEST_SAME_WORDING,UPDATE_COMPARISON-ORIGIN-0012-origin0,ORIGIN,34,34,34,1.0,1,0
gemma,LATEST_SAME_WORDING,UPDATE_COMPARISON-ORIGIN-0012-origin1,ORIGIN,34,34,34,1.0,1,8
gemma,LATEST_SAME_WORDING,UPDATE_COMPARISON-ORIGIN-0012-origin2,ORIGIN,34,34,34,1.0,1,14
gemma,LATEST_SAME_WORDING,UPDATE_COMPARISON-ORIGIN-0012-origin3,ORIGIN,34,34,34,1.0,1,14
gemma,LATEST_SAME_WORDING,UPDATE_COMPARISON-ORIGIN-0013-origin0,ORIGIN,34,34,32,0.9411764705882353,0,2
gemma,LATEST_SAME_WORDING,UPDATE_COMPARISON-ORIGIN-0013-origin1,ORIGIN,34,34,32,0.9411764705882353,0,10
gemma,LATEST_SAME_WORDING,UPDATE_COMPARISON-ORIGIN-0013-origin2,ORIGIN,34,34,32,0.9411764705882353,0,12
gemma,LATEST_SAME_WORDING,UPDATE_COMPARISON-ORIGIN-0013-origin3,ORIGIN,34,34,32,0.9411764705882353,0,19
gemma,LATEST_SAME_WORDING,UPDATE_COMPARISON-ORIGIN-0014-origin0,ORIGIN,34,34,32,0.9411764705882353,0,5
gemma,LATEST_SAME_WORDING,UPDATE_COMPARISON-ORIGIN-0014-origin1,ORIGIN,34,34,33,0.9705882352941176,0,11
gemma,LATEST_SAME_WORDING,UPDATE_COMPARISON-ORIGIN-0014-origin2,ORIGIN,34,34,32,0.9411764705882353,0,10
gemma,LATEST_SAME_WORDING,UPDATE_COMPARISON-ORIGIN-0014-origin3,ORIGIN,34,34,32,0.9411764705882353,0,16
gemma,LATEST_SAME_WORDING,UPDATE_COMPARISON-ORIGIN-0015-origin0,ORIGIN,34,34,34,1.0,1,11
gemma,LATEST_SAME_WORDING,UPDATE_COMPARISON-ORIGIN-0015-origin1,ORIGIN,34,34,34,1.0,1,11
gemma,LATEST_SAME_WORDING,UPDATE_COMPARISON-ORIGIN-0015-origin2,ORIGIN,34,34,34,1.0,1,18
gemma,LATEST_SAME_WORDING,UPDATE_COMPARISON-ORIGIN-0015-origin3,ORIGIN,34,34,34,1.0,1,20
gemma,LATEST_SAME_WORDING,UPDATE_COMPARISON-ORIGIN-0016-origin0,ORIGIN,34,34,30,0.8823529411764706,0,7
gemma,LATEST_SAME_WORDING,UPDATE_COMPARISON-ORIGIN-0016-origin1,ORIGIN,34,34,30,0.8823529411764706,0,8
gemma,LATEST_SAME_WORDING,UPDATE_COMPARISON-ORIGIN-0016-origin2,ORIGIN,34,34,29,0.8529411764705882,0,13
gemma,LATEST_SAME_WORDING,UPDATE_COMPARISON-ORIGIN-0016-origin3,ORIGIN,34,34,29,0.8529411764705882,0,17
gemma,LATEST_SAME_WORDING,UPDATE_COMPARISON-ORIGIN-0017-origin0,ORIGIN,34,34,32,0.9411764705882353,0,0
gemma,LATEST_SAME_WORDING,UPDATE_COMPARISON-ORIGIN-0017-origin1,ORIGIN,34,34,32,0.9411764705882353,0,1
gemma,LATEST_SAME_WORDING,UPDATE_COMPARISON-ORIGIN-0017-origin2,ORIGIN,34,34,32,0.9411764705882353,0,9
gemma,LATEST_SAME_WORDING,UPDATE_COMPARISON-ORIGIN-0017-origin3,ORIGIN,34,34,32,0.9411764705882353,0,12
gemma,LATEST_SAME_WORDING,UPDATE_COMPARISON-ORIGIN-0018-origin0,ORIGIN,34,34,27,0.7941176470588235,0,9
gemma,LATEST_SAME_WORDING,UPDATE_COMPARISON-ORIGIN-0018-origin1,ORIGIN,34,34,26,0.7647058823529411,0,8
gemma,LATEST_SAME_WORDING,UPDATE_COMPARISON-ORIGIN-0018-origin2,ORIGIN,34,34,28,0.8235294117647058,0,16
gemma,LATEST_SAME_WORDING,UPDATE_COMPARISON-ORIGIN-0018-origin3,ORIGIN,34,34,27,0.7941176470588235,0,21
gemma,LATEST_SAME_WORDING,UPDATE_COMPARISON-ORIGIN-0019-origin0,ORIGIN,34,34,30,0.8823529411764706,0,5
gemma,LATEST_SAME_WORDING,UPDATE_COMPARISON-ORIGIN-0019-origin1,ORIGIN,34,34,29,0.8529411764705882,0,7
gemma,LATEST_SAME_WORDING,UPDATE_COMPARISON-ORIGIN-0019-origin2,ORIGIN,34,34,29,0.8529411764705882,0,14
gemma,LATEST_SAME_WORDING,UPDATE_COMPARISON-ORIGIN-0019-origin3,ORIGIN,34,34,28,0.8235294117647058,0,15
gemma,LATEST_SAME_WORDING,UPDATE_COMPARISON-ORIGIN-0020-origin0,ORIGIN,34,34,32,0.9411764705882353,0,2
gemma,LATEST_SAME_WORDING,UPDATE_COMPARISON-ORIGIN-0020-origin1,ORIGIN,34,34,32,0.9411764705882353,0,14
gemma,LATEST_SAME_WORDING,UPDATE_COMPARISON-ORIGIN-0020-origin2,ORIGIN,34,34,33,0.9705882352941176,0,13
gemma,LATEST_SAME_WORDING,UPDATE_COMPARISON-ORIGIN-0020-origin3,ORIGIN,34,34,32,0.9411764705882353,0,14
gemma,LATEST_SAME_WORDING,UPDATE_COMPARISON-ORIGIN-0021-origin0,ORIGIN,34,34,32,0.9411764705882353,0,9
gemma,LATEST_SAME_WORDING,UPDATE_COMPARISON-ORIGIN-0021-origin1,ORIGIN,34,34,32,0.9411764705882353,0,17
gemma,LATEST_SAME_WORDING,UPDATE_COMPARISON-ORIGIN-0021-origin2,ORIGIN,34,34,32,0.9411764705882353,0,16
gemma,LATEST_SAME_WORDING,UPDATE_COMPARISON-ORIGIN-0021-origin3,ORIGIN,34,34,33,0.9705882352941176,0,17
gemma,LATEST_SAME_WORDING,UPDATE_COMPARISON-ORIGIN-0022-origin0,ORIGIN,34,34,32,0.9411764705882353,0,0
gemma,LATEST_SAME_WORDING,UPDATE_COMPARISON-ORIGIN-0022-origin1,ORIGIN,34,34,32,0.9411764705882353,0,12
gemma,LATEST_SAME_WORDING,UPDATE_COMPARISON-ORIGIN-0022-origin2,ORIGIN,34,34,32,0.9411764705882353,0,16
gemma,LATEST_SAME_WORDING,UPDATE_COMPARISON-ORIGIN-0022-origin3,ORIGIN,34,34,32,0.9411764705882353,0,14
gemma,LATEST_SAME_WORDING,UPDATE_COMPARISON-ORIGIN-0023-origin0,ORIGIN,34,34,32,0.9411764705882353,0,2
gemma,LATEST_SAME_WORDING,UPDATE_COMPARISON-ORIGIN-0023-origin1,ORIGIN,34,34,33,0.9705882352941176,0,13
gemma,LATEST_SAME_WORDING,UPDATE_COMPARISON-ORIGIN-0023-origin2,ORIGIN,34,34,34,1.0,1,13
gemma,LATEST_SAME_WORDING,UPDATE_COMPARISON-ORIGIN-0023-origin3,ORIGIN,34,34,34,1.0,1,14
gemma,LATEST_SAME_WORDING,UPDATE_COMPARISON-ORIGIN-0024-origin0,ORIGIN,34,34,32,0.9411764705882353,0,0
gemma,LATEST_SAME_WORDING,UPDATE_COMPARISON-ORIGIN-0024-origin1,ORIGIN,34,34,32,0.9411764705882353,0,10
gemma,LATEST_SAME_WORDING,UPDATE_COMPARISON-ORIGIN-0024-origin2,ORIGIN,34,34,32,0.9411764705882353,0,20
gemma,LATEST_SAME_WORDING,UPDATE_COMPARISON-ORIGIN-0024-origin3,ORIGIN,34,34,31,0.9117647058823529,0,20
gemma,LATEST_SAME_WORDING,UPDATE_COMPARISON-ORIGIN-0025-origin0,ORIGIN,34,34,34,1.0,1,1
gemma,LATEST_SAME_WORDING,UPDATE_COMPARISON-ORIGIN-0025-origin1,ORIGIN,34,34,32,0.9411764705882353,0,10
gemma,LATEST_SAME_WORDING,UPDATE_COMPARISON-ORIGIN-0025-origin2,ORIGIN,34,34,34,1.0,1,17
gemma,LATEST_SAME_WORDING,UPDATE_COMPARISON-ORIGIN-0025-origin3,ORIGIN,34,34,34,1.0,1,17
gemma,LATEST_SAME_WORDING,UPDATE_COMPARISON-ORIGIN-0026-origin0,ORIGIN,34,34,32,0.9411764705882353,0,4
gemma,LATEST_SAME_WORDING,UPDATE_COMPARISON-ORIGIN-0026-origin1,ORIGIN,34,34,32,0.9411764705882353,0,9
gemma,LATEST_SAME_WORDING,UPDATE_COMPARISON-ORIGIN-0026-origin2,ORIGIN,34,34,32,0.9411764705882353,0,17
gemma,LATEST_SAME_WORDING,UPDATE_COMPARISON-ORIGIN-0026-origin3,ORIGIN,34,34,32,0.9411764705882353,0,19
gemma,LATEST_SAME_WORDING,UPDATE_COMPARISON-ORIGIN-0027-origin0,ORIGIN,34,34,34,1.0,1,11
gemma,LATEST_SAME_WORDING,UPDATE_COMPARISON-ORIGIN-0027-origin1,ORIGIN,34,34,32,0.9411764705882353,0,10
gemma,LATEST_SAME_WORDING,UPDATE_COMPARISON-ORIGIN-0027-origin2,ORIGIN,34,34,34,1.0,1,16
gemma,LATEST_SAME_WORDING,UPDATE_COMPARISON-ORIGIN-0027-origin3,ORIGIN,34,34,30,0.8823529411764706,0,22
gemma,LATEST_SAME_WORDING,UPDATE_COMPARISON-ORIGIN-0028-origin0,ORIGIN,34,34,34,1.0,1,0
gemma,LATEST_SAME_WORDING,UPDATE_COMPARISON-ORIGIN-0028-origin1,ORIGIN,34,34,34,1.0,1,10
gemma,LATEST_SAME_WORDING,UPDATE_COMPARISON-ORIGIN-0028-origin2,ORIGIN,34,34,34,1.0,1,20
gemma,LATEST_SAME_WORDING,UPDATE_COMPARISON-ORIGIN-0028-origin3,ORIGIN,34,34,32,0.9411764705882353,0,20
gemma,LATEST_SAME_WORDING,UPDATE_COMPARISON-ORIGIN-0029-origin0,ORIGIN,34,34,34,1.0,1,0
gemma,LATEST_SAME_WORDING,UPDATE_COMPARISON-ORIGIN-0029-origin1,ORIGIN,34,34,34,1.0,1,0
gemma,LATEST_SAME_WORDING,UPDATE_COMPARISON-ORIGIN-0029-origin2,ORIGIN,34,34,34,1.0,1,27
gemma,LATEST_SAME_WORDING,UPDATE_COMPARISON-ORIGIN-0029-origin3,ORIGIN,34,34,34,1.0,1,26
gemma,LATEST_SAME_WORDING,UPDATE_COMPARISON-ORIGIN-0030-origin0,ORIGIN,34,34,34,1.0,1,0
gemma,LATEST_SAME_WORDING,UPDATE_COMPARISON-ORIGIN-0030-origin1,ORIGIN,34,34,34,1.0,1,12
gemma,LATEST_SAME_WORDING,UPDATE_COMPARISON-ORIGIN-0030-origin2,ORIGIN,34,34,34,1.0,1,19
gemma,LATEST_SAME_WORDING,UPDATE_COMPARISON-ORIGIN-0030-origin3,ORIGIN,34,34,34,1.0,1,25
gemma,LATEST_SAME_WORDING,UPDATE_COMPARISON-ORIGIN-0031-origin0,ORIGIN,34,34,34,1.0,1,0
gemma,LATEST_SAME_WORDING,UPDATE_COMPARISON-ORIGIN-0031-origin1,ORIGIN,34,34,34,1.0,1,10
gemma,LATEST_SAME_WORDING,UPDATE_COMPARISON-ORIGIN-0031-origin2,ORIGIN,34,34,34,1.0,1,23
gemma,LATEST_SAME_WORDING,UPDATE_COMPARISON-ORIGIN-0031-origin3,ORIGIN,34,34,34,1.0,1,22
gemma,LATEST_SAME_WORDING,UPDATE_COMPARISON-ORIGIN-0032-origin0,ORIGIN,34,34,34,1.0,1,1
gemma,LATEST_SAME_WORDING,UPDATE_COMPARISON-ORIGIN-0032-origin1,ORIGIN,34,34,34,1.0,1,13
gemma,LATEST_SAME_WORDING,UPDATE_COMPARISON-ORIGIN-0032-origin2,ORIGIN,34,34,32,0.9411764705882353,0,18
gemma,LATEST_SAME_WORDING,UPDATE_COMPARISON-ORIGIN-0032-origin3,ORIGIN,34,34,30,0.8823529411764706,0,26
gemma,LATEST_SAME_WORDING,UPDATE_COMPARISON-ORIGIN-0033-origin0,ORIGIN,34,34,34,1.0,1,2
gemma,LATEST_SAME_WORDING,UPDATE_COMPARISON-ORIGIN-0033-origin1,ORIGIN,34,34,33,0.9705882352941176,0,11
gemma,LATEST_SAME_WORDING,UPDATE_COMPARISON-ORIGIN-0033-origin2,ORIGIN,34,34,34,1.0,1,16
gemma,LATEST_SAME_WORDING,UPDATE_COMPARISON-ORIGIN-0033-origin3,ORIGIN,34,34,30,0.8823529411764706,0,26
gemma,LATEST_SAME_WORDING,UPDATE_COMPARISON-ORIGIN-0034-origin0,ORIGIN,34,34,34,1.0,1,0
gemma,LATEST_SAME_WORDING,UPDATE_COMPARISON-ORIGIN-0034-origin1,ORIGIN,34,34,34,1.0,1,5
gemma,LATEST_SAME_WORDING,UPDATE_COMPARISON-ORIGIN-0034-origin2,ORIGIN,34,34,31,0.9117647058823529,0,19
gemma,LATEST_SAME_WORDING,UPDATE_COMPARISON-ORIGIN-0034-origin3,ORIGIN,34,34,29,0.8529411764705882,0,24
gemma,LATEST_SAME_WORDING,UPDATE_COMPARISON-ORIGIN-0035-origin0,ORIGIN,34,34,32,0.9411764705882353,0,7
gemma,LATEST_SAME_WORDING,UPDATE_COMPARISON-ORIGIN-0035-origin1,ORIGIN,34,34,31,0.9117647058823529,0,11
gemma,LATEST_SAME_WORDING,UPDATE_COMPARISON-ORIGIN-0035-origin2,ORIGIN,34,34,29,0.8529411764705882,0,18
gemma,LATEST_SAME_WORDING,UPDATE_COMPARISON-ORIGIN-0035-origin3,ORIGIN,34,34,28,0.8235294117647058,0,28
gemma,LATEST_SAME_WORDING,UPDATE_COMPARISON-ORIGIN-0036-origin0,ORIGIN,34,34,33,0.9705882352941176,0,4
gemma,LATEST_SAME_WORDING,UPDATE_COMPARISON-ORIGIN-0036-origin1,ORIGIN,34,34,31,0.9117647058823529,0,11
gemma,LATEST_SAME_WORDING,UPDATE_COMPARISON-ORIGIN-0036-origin2,ORIGIN,34,34,32,0.9411764705882353,0,20
gemma,LATEST_SAME_WORDING,UPDATE_COMPARISON-ORIGIN-0036-origin3,ORIGIN,34,34,32,0.9411764705882353,0,17
gemma,LATEST_SAME_WORDING,UPDATE_COMPARISON-ORIGIN-0037-origin0,ORIGIN,34,34,32,0.9411764705882353,0,5
gemma,LATEST_SAME_WORDING,UPDATE_COMPARISON-ORIGIN-0037-origin1,ORIGIN,34,34,30,0.8823529411764706,0,11
gemma,LATEST_SAME_WORDING,UPDATE_COMPARISON-ORIGIN-0037-origin2,ORIGIN,34,34,30,0.8823529411764706,0,17
gemma,LATEST_SAME_WORDING,UPDATE_COMPARISON-ORIGIN-0037-origin3,ORIGIN,34,34,30,0.8823529411764706,0,16
gemma,LATEST_SAME_WORDING,UPDATE_COMPARISON-ORIGIN-0038-origin0,ORIGIN,34,34,31,0.9117647058823529,0,5
gemma,LATEST_SAME_WORDING,UPDATE_COMPARISON-ORIGIN-0038-origin1,ORIGIN,34,34,28,0.8235294117647058,0,11
gemma,LATEST_SAME_WORDING,UPDATE_COMPARISON-ORIGIN-0038-origin2,ORIGIN,34,34,30,0.8823529411764706,0,19
gemma,LATEST_SAME_WORDING,UPDATE_COMPARISON-ORIGIN-0038-origin3,ORIGIN,34,34,29,0.8529411764705882,0,19
gemma,LATEST_SAME_WORDING,UPDATE_COMPARISON-ORIGIN-0039-origin0,ORIGIN,34,34,32,0.9411764705882353,0,4
gemma,LATEST_SAME_WORDING,UPDATE_COMPARISON-ORIGIN-0039-origin1,ORIGIN,34,34,32,0.9411764705882353,0,9
gemma,LATEST_SAME_WORDING,UPDATE_COMPARISON-ORIGIN-0039-origin2,ORIGIN,34,34,32,0.9411764705882353,0,12
gemma,LATEST_SAME_WORDING,UPDATE_COMPARISON-ORIGIN-0039-origin3,ORIGIN,34,34,32,0.9411764705882353,0,12
gemma,LATEST_SAME_WORDING,UPDATE_COMPARISON-ORIGIN-0040-origin0,ORIGIN,34,34,30,0.8823529411764706,0,2
gemma,LATEST_SAME_WORDING,UPDATE_COMPARISON-ORIGIN-0040-origin1,ORIGIN,34,34,30,0.8823529411764706,0,4
gemma,LATEST_SAME_WORDING,UPDATE_COMPARISON-ORIGIN-0040-origin2,ORIGIN,34,34,30,0.8823529411764706,0,12
gemma,LATEST_SAME_WORDING,UPDATE_COMPARISON-ORIGIN-0040-origin3,ORIGIN,34,34,30,0.8823529411764706,0,12
gemma,LATEST_SAME_WORDING,UPDATE_COMPARISON-ORIGIN-0041-origin0,ORIGIN,34,34,31,0.9117647058823529,0,3
gemma,LATEST_SAME_WORDING,UPDATE_COMPARISON-ORIGIN-0041-origin1,ORIGIN,34,34,29,0.8529411764705882,0,7
gemma,LATEST_SAME_WORDING,UPDATE_COMPARISON-ORIGIN-0041-origin2,ORIGIN,34,34,28,0.8235294117647058,0,9
gemma,LATEST_SAME_WORDING,UPDATE_COMPARISON-ORIGIN-0041-origin3,ORIGIN,34,34,30,0.8823529411764706,0,18
gemma,LATEST_SAME_WORDING,UPDATE_COMPARISON-ORIGIN-0042-origin0,ORIGIN,34,34,31,0.9117647058823529,0,3
gemma,LATEST_SAME_WORDING,UPDATE_COMPARISON-ORIGIN-0042-origin1,ORIGIN,34,34,30,0.8823529411764706,0,10
gemma,LATEST_SAME_WORDING,UPDATE_COMPARISON-ORIGIN-0042-origin2,ORIGIN,34,34,29,0.8529411764705882,0,13
gemma,LATEST_SAME_WORDING,UPDATE_COMPARISON-ORIGIN-0042-origin3,ORIGIN,34,34,28,0.8235294117647058,0,20
gemma,LATEST_SAME_WORDING,UPDATE_COMPARISON-ORIGIN-0043-origin0,ORIGIN,34,34,28,0.8235294117647058,0,6
gemma,LATEST_SAME_WORDING,UPDATE_COMPARISON-ORIGIN-0043-origin1,ORIGIN,34,34,26,0.7647058823529411,0,4
gemma,LATEST_SAME_WORDING,UPDATE_COMPARISON-ORIGIN-0043-origin2,ORIGIN,34,34,26,0.7647058823529411,0,11
gemma,LATEST_SAME_WORDING,UPDATE_COMPARISON-ORIGIN-0043-origin3,ORIGIN,34,34,26,0.7647058823529411,0,15
gemma,LATEST_SAME_WORDING,UPDATE_COMPARISON-ORIGIN-0044-origin0,ORIGIN,34,34,30,0.8823529411764706,0,8
gemma,LATEST_SAME_WORDING,UPDATE_COMPARISON-ORIGIN-0044-origin1,ORIGIN,34,34,32,0.9411764705882353,0,10
gemma,LATEST_SAME_WORDING,UPDATE_COMPARISON-ORIGIN-0044-origin2,ORIGIN,34,34,31,0.9117647058823529,0,13
gemma,LATEST_SAME_WORDING,UPDATE_COMPARISON-ORIGIN-0044-origin3,ORIGIN,34,34,32,0.9411764705882353,0,16
gemma,LATEST_SAME_WORDING,UPDATE_COMPARISON-ORIGIN-0045-origin0,ORIGIN,34,34,32,0.9411764705882353,0,2
gemma,LATEST_SAME_WORDING,UPDATE_COMPARISON-ORIGIN-0045-origin1,ORIGIN,34,34,33,0.9705882352941176,0,8
gemma,LATEST_SAME_WORDING,UPDATE_COMPARISON-ORIGIN-0045-origin2,ORIGIN,34,34,32,0.9411764705882353,0,9
gemma,LATEST_SAME_WORDING,UPDATE_COMPARISON-ORIGIN-0045-origin3,ORIGIN,34,34,32,0.9411764705882353,0,16
gemma,LATEST_SAME_WORDING,UPDATE_COMPARISON-ORIGIN-0046-origin0,ORIGIN,34,34,32,0.9411764705882353,0,4
gemma,LATEST_SAME_WORDING,UPDATE_COMPARISON-ORIGIN-0046-origin1,ORIGIN,34,34,33,0.9705882352941176,0,11
gemma,LATEST_SAME_WORDING,UPDATE_COMPARISON-ORIGIN-0046-origin2,ORIGIN,34,34,33,0.9705882352941176,0,13
gemma,LATEST_SAME_WORDING,UPDATE_COMPARISON-ORIGIN-0046-origin3,ORIGIN,34,34,34,1.0,1,20
gemma,LATEST_SAME_WORDING,UPDATE_COMPARISON-ORIGIN-0047-origin0,ORIGIN,34,34,33,0.9705882352941176,0,2
gemma,LATEST_SAME_WORDING,UPDATE_COMPARISON-ORIGIN-0047-origin1,ORIGIN,34,34,33,0.9705882352941176,0,8
gemma,LATEST_SAME_WORDING,UPDATE_COMPARISON-ORIGIN-0047-origin2,ORIGIN,34,34,34,1.0,1,16
gemma,LATEST_SAME_WORDING,UPDATE_COMPARISON-ORIGIN-0047-origin3,ORIGIN,34,34,34,1.0,1,18
gemma,LATEST_SAME_WORDING,UPDATE_COMPARISON-ORIGIN-0048-origin0,ORIGIN,34,34,31,0.9117647058823529,0,0
gemma,LATEST_SAME_WORDING,UPDATE_COMPARISON-ORIGIN-0048-origin1,ORIGIN,34,34,30,0.8823529411764706,0,10
gemma,LATEST_SAME_WORDING,UPDATE_COMPARISON-ORIGIN-0048-origin2,ORIGIN,34,34,31,0.9117647058823529,0,9
gemma,LATEST_SAME_WORDING,UPDATE_COMPARISON-ORIGIN-0048-origin3,ORIGIN,34,34,29,0.8529411764705882,0,16
gemma,LATEST_SAME_WORDING,UPDATE_COMPARISON-ORIGIN-0049-origin0,ORIGIN,34,34,32,0.9411764705882353,0,3
gemma,LATEST_SAME_WORDING,UPDATE_COMPARISON-ORIGIN-0049-origin1,ORIGIN,34,34,30,0.8823529411764706,0,4
gemma,LATEST_SAME_WORDING,UPDATE_COMPARISON-ORIGIN-0049-origin2,ORIGIN,34,34,31,0.9117647058823529,0,14
gemma,LATEST_SAME_WORDING,UPDATE_COMPARISON-ORIGIN-0049-origin3,ORIGIN,34,34,30,0.8823529411764706,0,18
gemma,LATEST_SAME_WORDING,UPDATE_COMPARISON-ORIGIN-0050-origin0,ORIGIN,34,34,29,0.8529411764705882,0,2
gemma,LATEST_SAME_WORDING,UPDATE_COMPARISON-ORIGIN-0050-origin1,ORIGIN,34,34,31,0.9117647058823529,0,12
gemma,LATEST_SAME_WORDING,UPDATE_COMPARISON-ORIGIN-0050-origin2,ORIGIN,34,34,30,0.8823529411764706,0,12
gemma,LATEST_SAME_WORDING,UPDATE_COMPARISON-ORIGIN-0050-origin3,ORIGIN,34,34,29,0.8529411764705882,0,21
gemma,LATEST_SAME_WORDING,UPDATE_COMPARISON-ORIGIN-0051-origin0,ORIGIN,34,34,31,0.9117647058823529,0,1
gemma,LATEST_SAME_WORDING,UPDATE_COMPARISON-ORIGIN-0051-origin1,ORIGIN,34,34,30,0.8823529411764706,0,7
gemma,LATEST_SAME_WORDING,UPDATE_COMPARISON-ORIGIN-0051-origin2,ORIGIN,34,34,30,0.8823529411764706,0,9
gemma,LATEST_SAME_WORDING,UPDATE_COMPARISON-ORIGIN-0051-origin3,ORIGIN,34,34,28,0.8235294117647058,0,14
gemma,LATEST_SAME_WORDING,UPDATE_COMPARISON-ORIGIN-0052-origin0,ORIGIN,34,34,32,0.9411764705882353,0,2
gemma,LATEST_SAME_WORDING,UPDATE_COMPARISON-ORIGIN-0052-origin1,ORIGIN,34,34,31,0.9117647058823529,0,5
gemma,LATEST_SAME_WORDING,UPDATE_COMPARISON-ORIGIN-0052-origin2,ORIGIN,34,34,32,0.9411764705882353,0,16
gemma,LATEST_SAME_WORDING,UPDATE_COMPARISON-ORIGIN-0052-origin3,ORIGIN,34,34,32,0.9411764705882353,0,19
gemma,LATEST_SAME_WORDING,UPDATE_COMPARISON-ORIGIN-0053-origin0,ORIGIN,34,34,34,1.0,1,4
gemma,LATEST_SAME_WORDING,UPDATE_COMPARISON-ORIGIN-0053-origin1,ORIGIN,34,34,33,0.9705882352941176,0,9
gemma,LATEST_SAME_WORDING,UPDATE_COMPARISON-ORIGIN-0053-origin2,ORIGIN,34,34,34,1.0,1,13
gemma,LATEST_SAME_WORDING,UPDATE_COMPARISON-ORIGIN-0053-origin3,ORIGIN,34,34,33,0.9705882352941176,0,14
gemma,LATEST_SAME_WORDING,UPDATE_COMPARISON-ORIGIN-0054-origin0,ORIGIN,34,34,34,1.0,1,4
gemma,LATEST_SAME_WORDING,UPDATE_COMPARISON-ORIGIN-0054-origin1,ORIGIN,34,34,34,1.0,1,11
gemma,LATEST_SAME_WORDING,UPDATE_COMPARISON-ORIGIN-0054-origin2,ORIGIN,34,34,34,1.0,1,18
gemma,LATEST_SAME_WORDING,UPDATE_COMPARISON-ORIGIN-0054-origin3,ORIGIN,34,34,34,1.0,1,16
gemma,LATEST_SAME_WORDING,UPDATE_COMPARISON-ORIGIN-0055-origin0,ORIGIN,34,34,32,0.9411764705882353,0,1
gemma,LATEST_SAME_WORDING,UPDATE_COMPARISON-ORIGIN-0055-origin1,ORIGIN,34,34,32,0.9411764705882353,0,6
gemma,LATEST_SAME_WORDING,UPDATE_COMPARISON-ORIGIN-0055-origin2,ORIGIN,34,34,32,0.9411764705882353,0,15
gemma,LATEST_SAME_WORDING,UPDATE_COMPARISON-ORIGIN-0055-origin3,ORIGIN,34,34,32,0.9411764705882353,0,16
gemma,LATEST_SAME_WORDING,UPDATE_COMPARISON-ORIGIN-0056-origin0,ORIGIN,34,34,27,0.7941176470588235,0,7
gemma,LATEST_SAME_WORDING,UPDATE_COMPARISON-ORIGIN-0056-origin1,ORIGIN,34,34,27,0.7941176470588235,0,6
gemma,LATEST_SAME_WORDING,UPDATE_COMPARISON-ORIGIN-0056-origin2,ORIGIN,34,34,26,0.7647058823529411,0,24
gemma,LATEST_SAME_WORDING,UPDATE_COMPARISON-ORIGIN-0056-origin3,ORIGIN,34,34,26,0.7647058823529411,0,24
gemma,LATEST_SAME_WORDING,UPDATE_COMPARISON-ORIGIN-0057-origin0,ORIGIN,34,34,32,0.9411764705882353,0,0
gemma,LATEST_SAME_WORDING,UPDATE_COMPARISON-ORIGIN-0057-origin1,ORIGIN,34,34,32,0.9411764705882353,0,10
gemma,LATEST_SAME_WORDING,UPDATE_COMPARISON-ORIGIN-0057-origin2,ORIGIN,34,34,32,0.9411764705882353,0,16
gemma,LATEST_SAME_WORDING,UPDATE_COMPARISON-ORIGIN-0057-origin3,ORIGIN,34,34,32,0.9411764705882353,0,20
gemma,LATEST_SAME_WORDING,UPDATE_COMPARISON-ORIGIN-0058-origin0,ORIGIN,34,34,31,0.9117647058823529,0,4
gemma,LATEST_SAME_WORDING,UPDATE_COMPARISON-ORIGIN-0058-origin1,ORIGIN,34,34,29,0.8529411764705882,0,5
gemma,LATEST_SAME_WORDING,UPDATE_COMPARISON-ORIGIN-0058-origin2,ORIGIN,34,34,31,0.9117647058823529,0,19
gemma,LATEST_SAME_WORDING,UPDATE_COMPARISON-ORIGIN-0058-origin3,ORIGIN,34,34,30,0.8823529411764706,0,22
gemma,LATEST_SAME_WORDING,UPDATE_COMPARISON-ORIGIN-0059-origin0,ORIGIN,34,34,28,0.8235294117647058,0,6
gemma,LATEST_SAME_WORDING,UPDATE_COMPARISON-ORIGIN-0059-origin1,ORIGIN,34,34,28,0.8235294117647058,0,5
gemma,LATEST_SAME_WORDING,UPDATE_COMPARISON-ORIGIN-0059-origin2,ORIGIN,34,34,26,0.7647058823529411,0,18
gemma,LATEST_SAME_WORDING,UPDATE_COMPARISON-ORIGIN-0059-origin3,ORIGIN,34,34,26,0.7647058823529411,0,20
gemma,LATEST_SAME_WORDING,UPDATE_COMPARISON-ORIGIN-0060-origin0,ORIGIN,34,34,34,1.0,1,4
gemma,LATEST_SAME_WORDING,UPDATE_COMPARISON-ORIGIN-0060-origin1,ORIGIN,34,34,32,0.9411764705882353,0,12
gemma,LATEST_SAME_WORDING,UPDATE_COMPARISON-ORIGIN-0060-origin2,ORIGIN,34,34,32,0.9411764705882353,0,16
gemma,LATEST_SAME_WORDING,UPDATE_COMPARISON-ORIGIN-0060-origin3,ORIGIN,34,34,32,0.9411764705882353,0,21
gemma,LATEST_SAME_WORDING,UPDATE_COMPARISON-ORIGIN-0061-origin0,ORIGIN,34,34,34,1.0,1,0
gemma,LATEST_SAME_WORDING,UPDATE_COMPARISON-ORIGIN-0061-origin1,ORIGIN,34,34,34,1.0,1,11
gemma,LATEST_SAME_WORDING,UPDATE_COMPARISON-ORIGIN-0061-origin2,ORIGIN,34,34,34,1.0,1,26
gemma,LATEST_SAME_WORDING,UPDATE_COMPARISON-ORIGIN-0061-origin3,ORIGIN,34,34,34,1.0,1,20
gemma,LATEST_SAME_WORDING,UPDATE_COMPARISON-ORIGIN-0062-origin0,ORIGIN,34,34,34,1.0,1,0
gemma,LATEST_SAME_WORDING,UPDATE_COMPARISON-ORIGIN-0062-origin1,ORIGIN,34,34,34,1.0,1,12
gemma,LATEST_SAME_WORDING,UPDATE_COMPARISON-ORIGIN-0062-origin2,ORIGIN,34,34,34,1.0,1,24
gemma,LATEST_SAME_WORDING,UPDATE_COMPARISON-ORIGIN-0062-origin3,ORIGIN,34,34,34,1.0,1,22
gemma,LATEST_SAME_WORDING,UPDATE_COMPARISON-ORIGIN-0063-origin0,ORIGIN,34,34,34,1.0,1,1
gemma,LATEST_SAME_WORDING,UPDATE_COMPARISON-ORIGIN-0063-origin1,ORIGIN,34,34,34,1.0,1,4
gemma,LATEST_SAME_WORDING,UPDATE_COMPARISON-ORIGIN-0063-origin2,ORIGIN,34,34,34,1.0,1,20
gemma,LATEST_SAME_WORDING,UPDATE_COMPARISON-ORIGIN-0063-origin3,ORIGIN,34,34,34,1.0,1,22
gemma,REBUILD,UPDATE_COMPARISON-ORIGIN-0000-origin0,ORIGIN,34,34,31,0.9117647058823529,0,0
gemma,REBUILD,UPDATE_COMPARISON-ORIGIN-0000-origin1,ORIGIN,34,34,31,0.9117647058823529,0,10
gemma,REBUILD,UPDATE_COMPARISON-ORIGIN-0000-origin2,ORIGIN,34,34,31,0.9117647058823529,0,17
gemma,REBUILD,UPDATE_COMPARISON-ORIGIN-0000-origin3,ORIGIN,34,34,31,0.9117647058823529,0,25
gemma,REBUILD,UPDATE_COMPARISON-ORIGIN-0001-origin0,ORIGIN,34,34,30,0.8823529411764706,0,0
gemma,REBUILD,UPDATE_COMPARISON-ORIGIN-0001-origin1,ORIGIN,34,34,30,0.8823529411764706,0,8
gemma,REBUILD,UPDATE_COMPARISON-ORIGIN-0001-origin2,ORIGIN,34,34,30,0.8823529411764706,0,24
gemma,REBUILD,UPDATE_COMPARISON-ORIGIN-0001-origin3,ORIGIN,34,34,30,0.8823529411764706,0,26
gemma,REBUILD,UPDATE_COMPARISON-ORIGIN-0002-origin0,ORIGIN,34,34,34,1.0,1,0
gemma,REBUILD,UPDATE_COMPARISON-ORIGIN-0002-origin1,ORIGIN,34,34,34,1.0,1,11
gemma,REBUILD,UPDATE_COMPARISON-ORIGIN-0002-origin2,ORIGIN,34,34,34,1.0,1,18
gemma,REBUILD,UPDATE_COMPARISON-ORIGIN-0002-origin3,ORIGIN,34,34,34,1.0,1,18
gemma,REBUILD,UPDATE_COMPARISON-ORIGIN-0003-origin0,ORIGIN,34,34,28,0.8235294117647058,0,0
gemma,REBUILD,UPDATE_COMPARISON-ORIGIN-0003-origin1,ORIGIN,34,34,28,0.8235294117647058,0,1
gemma,REBUILD,UPDATE_COMPARISON-ORIGIN-0003-origin2,ORIGIN,34,34,28,0.8235294117647058,0,17
gemma,REBUILD,UPDATE_COMPARISON-ORIGIN-0003-origin3,ORIGIN,34,34,28,0.8235294117647058,0,21
gemma,REBUILD,UPDATE_COMPARISON-ORIGIN-0004-origin0,ORIGIN,34,34,31,0.9117647058823529,0,0
gemma,REBUILD,UPDATE_COMPARISON-ORIGIN-0004-origin1,ORIGIN,34,34,31,0.9117647058823529,0,8
gemma,REBUILD,UPDATE_COMPARISON-ORIGIN-0004-origin2,ORIGIN,34,34,31,0.9117647058823529,0,19
gemma,REBUILD,UPDATE_COMPARISON-ORIGIN-0004-origin3,ORIGIN,34,34,31,0.9117647058823529,0,15
gemma,REBUILD,UPDATE_COMPARISON-ORIGIN-0005-origin0,ORIGIN,34,34,27,0.7941176470588235,0,0
gemma,REBUILD,UPDATE_COMPARISON-ORIGIN-0005-origin1,ORIGIN,34,34,27,0.7941176470588235,0,6
gemma,REBUILD,UPDATE_COMPARISON-ORIGIN-0005-origin2,ORIGIN,34,34,27,0.7941176470588235,0,21
gemma,REBUILD,UPDATE_COMPARISON-ORIGIN-0005-origin3,ORIGIN,34,34,27,0.7941176470588235,0,9
gemma,REBUILD,UPDATE_COMPARISON-ORIGIN-0006-origin0,ORIGIN,34,34,34,1.0,1,0
gemma,REBUILD,UPDATE_COMPARISON-ORIGIN-0006-origin1,ORIGIN,34,34,34,1.0,1,7
gemma,REBUILD,UPDATE_COMPARISON-ORIGIN-0006-origin2,ORIGIN,34,34,34,1.0,1,18
gemma,REBUILD,UPDATE_COMPARISON-ORIGIN-0006-origin3,ORIGIN,34,34,34,1.0,1,11
gemma,REBUILD,UPDATE_COMPARISON-ORIGIN-0007-origin0,ORIGIN,34,34,25,0.7352941176470589,0,0
gemma,REBUILD,UPDATE_COMPARISON-ORIGIN-0007-origin1,ORIGIN,34,34,25,0.7352941176470589,0,1
gemma,REBUILD,UPDATE_COMPARISON-ORIGIN-0007-origin2,ORIGIN,34,34,25,0.7352941176470589,0,24
gemma,REBUILD,UPDATE_COMPARISON-ORIGIN-0007-origin3,ORIGIN,34,34,25,0.7352941176470589,0,13
gemma,REBUILD,UPDATE_COMPARISON-ORIGIN-0008-origin0,ORIGIN,34,34,29,0.8529411764705882,0,0
gemma,REBUILD,UPDATE_COMPARISON-ORIGIN-0008-origin1,ORIGIN,34,34,29,0.8529411764705882,0,7
gemma,REBUILD,UPDATE_COMPARISON-ORIGIN-0008-origin2,ORIGIN,34,34,29,0.8529411764705882,0,12
gemma,REBUILD,UPDATE_COMPARISON-ORIGIN-0008-origin3,ORIGIN,34,34,29,0.8529411764705882,0,18
gemma,REBUILD,UPDATE_COMPARISON-ORIGIN-0009-origin0,ORIGIN,34,34,27,0.7941176470588235,0,0
gemma,REBUILD,UPDATE_COMPARISON-ORIGIN-0009-origin1,ORIGIN,34,34,27,0.7941176470588235,0,2
gemma,REBUILD,UPDATE_COMPARISON-ORIGIN-0009-origin2,ORIGIN,34,34,27,0.7941176470588235,0,13
gemma,REBUILD,UPDATE_COMPARISON-ORIGIN-0009-origin3,ORIGIN,34,34,27,0.7941176470588235,0,17
gemma,REBUILD,UPDATE_COMPARISON-ORIGIN-0010-origin0,ORIGIN,34,34,28,0.8235294117647058,0,0
gemma,REBUILD,UPDATE_COMPARISON-ORIGIN-0010-origin1,ORIGIN,34,34,28,0.8235294117647058,0,7
gemma,REBUILD,UPDATE_COMPARISON-ORIGIN-0010-origin2,ORIGIN,34,34,28,0.8235294117647058,0,10
gemma,REBUILD,UPDATE_COMPARISON-ORIGIN-0010-origin3,ORIGIN,34,34,28,0.8235294117647058,0,14
gemma,REBUILD,UPDATE_COMPARISON-ORIGIN-0011-origin0,ORIGIN,34,34,26,0.7647058823529411,0,0
gemma,REBUILD,UPDATE_COMPARISON-ORIGIN-0011-origin1,ORIGIN,34,34,26,0.7647058823529411,0,4
gemma,REBUILD,UPDATE_COMPARISON-ORIGIN-0011-origin2,ORIGIN,34,34,26,0.7647058823529411,0,16
gemma,REBUILD,UPDATE_COMPARISON-ORIGIN-0011-origin3,ORIGIN,34,34,26,0.7647058823529411,0,18
gemma,REBUILD,UPDATE_COMPARISON-ORIGIN-0012-origin0,ORIGIN,34,34,34,1.0,1,0
gemma,REBUILD,UPDATE_COMPARISON-ORIGIN-0012-origin1,ORIGIN,34,34,34,1.0,1,8
gemma,REBUILD,UPDATE_COMPARISON-ORIGIN-0012-origin2,ORIGIN,34,34,34,1.0,1,14
gemma,REBUILD,UPDATE_COMPARISON-ORIGIN-0012-origin3,ORIGIN,34,34,34,1.0,1,14
gemma,REBUILD,UPDATE_COMPARISON-ORIGIN-0013-origin0,ORIGIN,34,34,34,1.0,1,0
gemma,REBUILD,UPDATE_COMPARISON-ORIGIN-0013-origin1,ORIGIN,34,34,34,1.0,1,8
gemma,REBUILD,UPDATE_COMPARISON-ORIGIN-0013-origin2,ORIGIN,34,34,34,1.0,1,14
gemma,REBUILD,UPDATE_COMPARISON-ORIGIN-0013-origin3,ORIGIN,34,34,34,1.0,1,17
gemma,REBUILD,UPDATE_COMPARISON-ORIGIN-0014-origin0,ORIGIN,34,34,29,0.8529411764705882,0,0
gemma,REBUILD,UPDATE_COMPARISON-ORIGIN-0014-origin1,ORIGIN,34,34,29,0.8529411764705882,0,7
gemma,REBUILD,UPDATE_COMPARISON-ORIGIN-0014-origin2,ORIGIN,34,34,29,0.8529411764705882,0,11
gemma,REBUILD,UPDATE_COMPARISON-ORIGIN-0014-origin3,ORIGIN,34,34,29,0.8529411764705882,0,17
gemma,REBUILD,UPDATE_COMPARISON-ORIGIN-0015-origin0,ORIGIN,34,34,23,0.6764705882352942,0,0
gemma,REBUILD,UPDATE_COMPARISON-ORIGIN-0015-origin1,ORIGIN,34,34,23,0.6764705882352942,0,0
gemma,REBUILD,UPDATE_COMPARISON-ORIGIN-0015-origin2,ORIGIN,34,34,23,0.6764705882352942,0,15
gemma,REBUILD,UPDATE_COMPARISON-ORIGIN-0015-origin3,ORIGIN,34,34,23,0.6764705882352942,0,13
gemma,REBUILD,UPDATE_COMPARISON-ORIGIN-0016-origin0,ORIGIN,34,34,31,0.9117647058823529,0,0
gemma,REBUILD,UPDATE_COMPARISON-ORIGIN-0016-origin1,ORIGIN,34,34,31,0.9117647058823529,0,5
gemma,REBUILD,UPDATE_COMPARISON-ORIGIN-0016-origin2,ORIGIN,34,34,31,0.9117647058823529,0,11
gemma,REBUILD,UPDATE_COMPARISON-ORIGIN-0016-origin3,ORIGIN,34,34,31,0.9117647058823529,0,11
gemma,REBUILD,UPDATE_COMPARISON-ORIGIN-0017-origin0,ORIGIN,34,34,32,0.9411764705882353,0,0
gemma,REBUILD,UPDATE_COMPARISON-ORIGIN-0017-origin1,ORIGIN,34,34,32,0.9411764705882353,0,1
gemma,REBUILD,UPDATE_COMPARISON-ORIGIN-0017-origin2,ORIGIN,34,34,32,0.9411764705882353,0,9
gemma,REBUILD,UPDATE_COMPARISON-ORIGIN-0017-origin3,ORIGIN,34,34,32,0.9411764705882353,0,12
gemma,REBUILD,UPDATE_COMPARISON-ORIGIN-0018-origin0,ORIGIN,34,34,28,0.8235294117647058,0,0
gemma,REBUILD,UPDATE_COMPARISON-ORIGIN-0018-origin1,ORIGIN,34,34,28,0.8235294117647058,0,8
gemma,REBUILD,UPDATE_COMPARISON-ORIGIN-0018-origin2,ORIGIN,34,34,28,0.8235294117647058,0,14
gemma,REBUILD,UPDATE_COMPARISON-ORIGIN-0018-origin3,ORIGIN,34,34,28,0.8235294117647058,0,18
gemma,REBUILD,UPDATE_COMPARISON-ORIGIN-0019-origin0,ORIGIN,34,34,33,0.9705882352941176,0,0
gemma,REBUILD,UPDATE_COMPARISON-ORIGIN-0019-origin1,ORIGIN,34,34,33,0.9705882352941176,0,5
gemma,REBUILD,UPDATE_COMPARISON-ORIGIN-0019-origin2,ORIGIN,34,34,33,0.9705882352941176,0,10
gemma,REBUILD,UPDATE_COMPARISON-ORIGIN-0019-origin3,ORIGIN,34,34,33,0.9705882352941176,0,12
gemma,REBUILD,UPDATE_COMPARISON-ORIGIN-0020-origin0,ORIGIN,34,34,34,1.0,1,0
gemma,REBUILD,UPDATE_COMPARISON-ORIGIN-0020-origin1,ORIGIN,34,34,34,1.0,1,12
gemma,REBUILD,UPDATE_COMPARISON-ORIGIN-0020-origin2,ORIGIN,34,34,34,1.0,1,14
gemma,REBUILD,UPDATE_COMPARISON-ORIGIN-0020-origin3,ORIGIN,34,34,34,1.0,1,12
gemma,REBUILD,UPDATE_COMPARISON-ORIGIN-0021-origin0,ORIGIN,34,34,27,0.7941176470588235,0,0
gemma,REBUILD,UPDATE_COMPARISON-ORIGIN-0021-origin1,ORIGIN,34,34,27,0.7941176470588235,0,8
gemma,REBUILD,UPDATE_COMPARISON-ORIGIN-0021-origin2,ORIGIN,34,34,27,0.7941176470588235,0,15
gemma,REBUILD,UPDATE_COMPARISON-ORIGIN-0021-origin3,ORIGIN,34,34,27,0.7941176470588235,0,13
gemma,REBUILD,UPDATE_COMPARISON-ORIGIN-0022-origin0,ORIGIN,34,34,32,0.9411764705882353,0,0
gemma,REBUILD,UPDATE_COMPARISON-ORIGIN-0022-origin1,ORIGIN,34,34,32,0.9411764705882353,0,12
gemma,REBUILD,UPDATE_COMPARISON-ORIGIN-0022-origin2,ORIGIN,34,34,32,0.9411764705882353,0,16
gemma,REBUILD,UPDATE_COMPARISON-ORIGIN-0022-origin3,ORIGIN,34,34,32,0.9411764705882353,0,14
gemma,REBUILD,UPDATE_COMPARISON-ORIGIN-0023-origin0,ORIGIN,34,34,34,1.0,1,0
gemma,REBUILD,UPDATE_COMPARISON-ORIGIN-0023-origin1,ORIGIN,34,34,34,1.0,1,12
gemma,REBUILD,UPDATE_COMPARISON-ORIGIN-0023-origin2,ORIGIN,34,34,34,1.0,1,13
gemma,REBUILD,UPDATE_COMPARISON-ORIGIN-0023-origin3,ORIGIN,34,34,34,1.0,1,14
gemma,REBUILD,UPDATE_COMPARISON-ORIGIN-0024-origin0,ORIGIN,34,34,32,0.9411764705882353,0,0
gemma,REBUILD,UPDATE_COMPARISON-ORIGIN-0024-origin1,ORIGIN,34,34,32,0.9411764705882353,0,10
gemma,REBUILD,UPDATE_COMPARISON-ORIGIN-0024-origin2,ORIGIN,34,34,32,0.9411764705882353,0,16
gemma,REBUILD,UPDATE_COMPARISON-ORIGIN-0024-origin3,ORIGIN,34,34,32,0.9411764705882353,0,19
gemma,REBUILD,UPDATE_COMPARISON-ORIGIN-0025-origin0,ORIGIN,34,34,33,0.9705882352941176,0,0
gemma,REBUILD,UPDATE_COMPARISON-ORIGIN-0025-origin1,ORIGIN,34,34,33,0.9705882352941176,0,13
gemma,REBUILD,UPDATE_COMPARISON-ORIGIN-0025-origin2,ORIGIN,34,34,33,0.9705882352941176,0,16
gemma,REBUILD,UPDATE_COMPARISON-ORIGIN-0025-origin3,ORIGIN,34,34,33,0.9705882352941176,0,16
gemma,REBUILD,UPDATE_COMPARISON-ORIGIN-0026-origin0,ORIGIN,34,34,32,0.9411764705882353,0,0
gemma,REBUILD,UPDATE_COMPARISON-ORIGIN-0026-origin1,ORIGIN,34,34,32,0.9411764705882353,0,9
gemma,REBUILD,UPDATE_COMPARISON-ORIGIN-0026-origin2,ORIGIN,34,34,32,0.9411764705882353,0,21
gemma,REBUILD,UPDATE_COMPARISON-ORIGIN-0026-origin3,ORIGIN,34,34,32,0.9411764705882353,0,19
gemma,REBUILD,UPDATE_COMPARISON-ORIGIN-0027-origin0,ORIGIN,34,34,23,0.6764705882352942,0,0
gemma,REBUILD,UPDATE_COMPARISON-ORIGIN-0027-origin1,ORIGIN,34,34,23,0.6764705882352942,0,1
gemma,REBUILD,UPDATE_COMPARISON-ORIGIN-0027-origin2,ORIGIN,34,34,23,0.6764705882352942,0,27
gemma,REBUILD,UPDATE_COMPARISON-ORIGIN-0027-origin3,ORIGIN,34,34,23,0.6764705882352942,0,23
gemma,REBUILD,UPDATE_COMPARISON-ORIGIN-0028-origin0,ORIGIN,34,34,34,1.0,1,0
gemma,REBUILD,UPDATE_COMPARISON-ORIGIN-0028-origin1,ORIGIN,34,34,34,1.0,1,10
gemma,REBUILD,UPDATE_COMPARISON-ORIGIN-0028-origin2,ORIGIN,34,34,34,1.0,1,20
gemma,REBUILD,UPDATE_COMPARISON-ORIGIN-0028-origin3,ORIGIN,34,34,34,1.0,1,22
gemma,REBUILD,UPDATE_COMPARISON-ORIGIN-0029-origin0,ORIGIN,34,34,34,1.0,1,0
gemma,REBUILD,UPDATE_COMPARISON-ORIGIN-0029-origin1,ORIGIN,34,34,34,1.0,1,0
gemma,REBUILD,UPDATE_COMPARISON-ORIGIN-0029-origin2,ORIGIN,34,34,34,1.0,1,27
gemma,REBUILD,UPDATE_COMPARISON-ORIGIN-0029-origin3,ORIGIN,34,34,34,1.0,1,26
gemma,REBUILD,UPDATE_COMPARISON-ORIGIN-0030-origin0,ORIGIN,34,34,34,1.0,1,0
gemma,REBUILD,UPDATE_COMPARISON-ORIGIN-0030-origin1,ORIGIN,34,34,34,1.0,1,12
gemma,REBUILD,UPDATE_COMPARISON-ORIGIN-0030-origin2,ORIGIN,34,34,34,1.0,1,19
gemma,REBUILD,UPDATE_COMPARISON-ORIGIN-0030-origin3,ORIGIN,34,34,34,1.0,1,25
gemma,REBUILD,UPDATE_COMPARISON-ORIGIN-0031-origin0,ORIGIN,34,34,34,1.0,1,0
gemma,REBUILD,UPDATE_COMPARISON-ORIGIN-0031-origin1,ORIGIN,34,34,34,1.0,1,10
gemma,REBUILD,UPDATE_COMPARISON-ORIGIN-0031-origin2,ORIGIN,34,34,34,1.0,1,23
gemma,REBUILD,UPDATE_COMPARISON-ORIGIN-0031-origin3,ORIGIN,34,34,34,1.0,1,22
gemma,REBUILD,UPDATE_COMPARISON-ORIGIN-0032-origin0,ORIGIN,34,34,33,0.9705882352941176,0,0
gemma,REBUILD,UPDATE_COMPARISON-ORIGIN-0032-origin1,ORIGIN,34,34,33,0.9705882352941176,0,12
gemma,REBUILD,UPDATE_COMPARISON-ORIGIN-0032-origin2,ORIGIN,34,34,33,0.9705882352941176,0,17
gemma,REBUILD,UPDATE_COMPARISON-ORIGIN-0032-origin3,ORIGIN,34,34,33,0.9705882352941176,0,23
gemma,REBUILD,UPDATE_COMPARISON-ORIGIN-0033-origin0,ORIGIN,34,34,32,0.9411764705882353,0,0
gemma,REBUILD,UPDATE_COMPARISON-ORIGIN-0033-origin1,ORIGIN,34,34,32,0.9411764705882353,0,10
gemma,REBUILD,UPDATE_COMPARISON-ORIGIN-0033-origin2,ORIGIN,34,34,32,0.9411764705882353,0,14
gemma,REBUILD,UPDATE_COMPARISON-ORIGIN-0033-origin3,ORIGIN,34,34,32,0.9411764705882353,0,24
gemma,REBUILD,UPDATE_COMPARISON-ORIGIN-0034-origin0,ORIGIN,34,34,34,1.0,1,0
gemma,REBUILD,UPDATE_COMPARISON-ORIGIN-0034-origin1,ORIGIN,34,34,34,1.0,1,5
gemma,REBUILD,UPDATE_COMPARISON-ORIGIN-0034-origin2,ORIGIN,34,34,34,1.0,1,16
gemma,REBUILD,UPDATE_COMPARISON-ORIGIN-0034-origin3,ORIGIN,34,34,34,1.0,1,19
gemma,REBUILD,UPDATE_COMPARISON-ORIGIN-0035-origin0,ORIGIN,34,34,25,0.7352941176470589,0,0
gemma,REBUILD,UPDATE_COMPARISON-ORIGIN-0035-origin1,ORIGIN,34,34,25,0.7352941176470589,0,5
gemma,REBUILD,UPDATE_COMPARISON-ORIGIN-0035-origin2,ORIGIN,34,34,25,0.7352941176470589,0,14
gemma,REBUILD,UPDATE_COMPARISON-ORIGIN-0035-origin3,ORIGIN,34,34,25,0.7352941176470589,0,23
gemma,REBUILD,UPDATE_COMPARISON-ORIGIN-0036-origin0,ORIGIN,34,34,29,0.8529411764705882,0,0
gemma,REBUILD,UPDATE_COMPARISON-ORIGIN-0036-origin1,ORIGIN,34,34,29,0.8529411764705882,0,9
gemma,REBUILD,UPDATE_COMPARISON-ORIGIN-0036-origin2,ORIGIN,34,34,29,0.8529411764705882,0,21
gemma,REBUILD,UPDATE_COMPARISON-ORIGIN-0036-origin3,ORIGIN,34,34,29,0.8529411764705882,0,18
gemma,REBUILD,UPDATE_COMPARISON-ORIGIN-0037-origin0,ORIGIN,34,34,31,0.9117647058823529,0,0
gemma,REBUILD,UPDATE_COMPARISON-ORIGIN-0037-origin1,ORIGIN,34,34,31,0.9117647058823529,0,8
gemma,REBUILD,UPDATE_COMPARISON-ORIGIN-0037-origin2,ORIGIN,34,34,31,0.9117647058823529,0,16
gemma,REBUILD,UPDATE_COMPARISON-ORIGIN-0037-origin3,ORIGIN,34,34,31,0.9117647058823529,0,17
gemma,REBUILD,UPDATE_COMPARISON-ORIGIN-0038-origin0,ORIGIN,34,34,30,0.8823529411764706,0,0
gemma,REBUILD,UPDATE_COMPARISON-ORIGIN-0038-origin1,ORIGIN,34,34,30,0.8823529411764706,0,9
gemma,REBUILD,UPDATE_COMPARISON-ORIGIN-0038-origin2,ORIGIN,34,34,30,0.8823529411764706,0,13
gemma,REBUILD,UPDATE_COMPARISON-ORIGIN-0038-origin3,ORIGIN,34,34,30,0.8823529411764706,0,14
gemma,REBUILD,UPDATE_COMPARISON-ORIGIN-0039-origin0,ORIGIN,34,34,32,0.9411764705882353,0,0
gemma,REBUILD,UPDATE_COMPARISON-ORIGIN-0039-origin1,ORIGIN,34,34,32,0.9411764705882353,0,7
gemma,REBUILD,UPDATE_COMPARISON-ORIGIN-0039-origin2,ORIGIN,34,34,32,0.9411764705882353,0,16
gemma,REBUILD,UPDATE_COMPARISON-ORIGIN-0039-origin3,ORIGIN,34,34,32,0.9411764705882353,0,16
gemma,REBUILD,UPDATE_COMPARISON-ORIGIN-0040-origin0,ORIGIN,34,34,32,0.9411764705882353,0,0
gemma,REBUILD,UPDATE_COMPARISON-ORIGIN-0040-origin1,ORIGIN,34,34,32,0.9411764705882353,0,6
gemma,REBUILD,UPDATE_COMPARISON-ORIGIN-0040-origin2,ORIGIN,34,34,32,0.9411764705882353,0,14
gemma,REBUILD,UPDATE_COMPARISON-ORIGIN-0040-origin3,ORIGIN,34,34,32,0.9411764705882353,0,10
gemma,REBUILD,UPDATE_COMPARISON-ORIGIN-0041-origin0,ORIGIN,34,34,30,0.8823529411764706,0,0
gemma,REBUILD,UPDATE_COMPARISON-ORIGIN-0041-origin1,ORIGIN,34,34,30,0.8823529411764706,0,8
gemma,REBUILD,UPDATE_COMPARISON-ORIGIN-0041-origin2,ORIGIN,34,34,30,0.8823529411764706,0,11
gemma,REBUILD,UPDATE_COMPARISON-ORIGIN-0041-origin3,ORIGIN,34,34,30,0.8823529411764706,0,16
gemma,REBUILD,UPDATE_COMPARISON-ORIGIN-0042-origin0,ORIGIN,34,34,32,0.9411764705882353,0,0
gemma,REBUILD,UPDATE_COMPARISON-ORIGIN-0042-origin1,ORIGIN,34,34,32,0.9411764705882353,0,10
gemma,REBUILD,UPDATE_COMPARISON-ORIGIN-0042-origin2,ORIGIN,34,34,32,0.9411764705882353,0,12
gemma,REBUILD,UPDATE_COMPARISON-ORIGIN-0042-origin3,ORIGIN,34,34,32,0.9411764705882353,0,16
gemma,REBUILD,UPDATE_COMPARISON-ORIGIN-0043-origin0,ORIGIN,34,34,34,1.0,1,0
gemma,REBUILD,UPDATE_COMPARISON-ORIGIN-0043-origin1,ORIGIN,34,34,34,1.0,1,6
gemma,REBUILD,UPDATE_COMPARISON-ORIGIN-0043-origin2,ORIGIN,34,34,34,1.0,1,13
gemma,REBUILD,UPDATE_COMPARISON-ORIGIN-0043-origin3,ORIGIN,34,34,34,1.0,1,15
gemma,REBUILD,UPDATE_COMPARISON-ORIGIN-0044-origin0,ORIGIN,34,34,30,0.8823529411764706,0,0
gemma,REBUILD,UPDATE_COMPARISON-ORIGIN-0044-origin1,ORIGIN,34,34,30,0.8823529411764706,0,4
gemma,REBUILD,UPDATE_COMPARISON-ORIGIN-0044-origin2,ORIGIN,34,34,30,0.8823529411764706,0,14
gemma,REBUILD,UPDATE_COMPARISON-ORIGIN-0044-origin3,ORIGIN,34,34,30,0.8823529411764706,0,18
gemma,REBUILD,UPDATE_COMPARISON-ORIGIN-0045-origin0,ORIGIN,34,34,34,1.0,1,0
gemma,REBUILD,UPDATE_COMPARISON-ORIGIN-0045-origin1,ORIGIN,34,34,34,1.0,1,7
gemma,REBUILD,UPDATE_COMPARISON-ORIGIN-0045-origin2,ORIGIN,34,34,34,1.0,1,11
gemma,REBUILD,UPDATE_COMPARISON-ORIGIN-0045-origin3,ORIGIN,34,34,34,1.0,1,18
gemma,REBUILD,UPDATE_COMPARISON-ORIGIN-0046-origin0,ORIGIN,34,34,32,0.9411764705882353,0,0
gemma,REBUILD,UPDATE_COMPARISON-ORIGIN-0046-origin1,ORIGIN,34,34,32,0.9411764705882353,0,8
gemma,REBUILD,UPDATE_COMPARISON-ORIGIN-0046-origin2,ORIGIN,34,34,32,0.9411764705882353,0,16
gemma,REBUILD,UPDATE_COMPARISON-ORIGIN-0046-origin3,ORIGIN,34,34,32,0.9411764705882353,0,22
gemma,REBUILD,UPDATE_COMPARISON-ORIGIN-0047-origin0,ORIGIN,34,34,33,0.9705882352941176,0,0
gemma,REBUILD,UPDATE_COMPARISON-ORIGIN-0047-origin1,ORIGIN,34,34,33,0.9705882352941176,0,8
gemma,REBUILD,UPDATE_COMPARISON-ORIGIN-0047-origin2,ORIGIN,34,34,33,0.9705882352941176,0,15
gemma,REBUILD,UPDATE_COMPARISON-ORIGIN-0047-origin3,ORIGIN,34,34,33,0.9705882352941176,0,17
gemma,REBUILD,UPDATE_COMPARISON-ORIGIN-0048-origin0,ORIGIN,34,34,31,0.9117647058823529,0,0
gemma,REBUILD,UPDATE_COMPARISON-ORIGIN-0048-origin1,ORIGIN,34,34,31,0.9117647058823529,0,11
gemma,REBUILD,UPDATE_COMPARISON-ORIGIN-0048-origin2,ORIGIN,34,34,31,0.9117647058823529,0,11
gemma,REBUILD,UPDATE_COMPARISON-ORIGIN-0048-origin3,ORIGIN,34,34,31,0.9117647058823529,0,18
gemma,REBUILD,UPDATE_COMPARISON-ORIGIN-0049-origin0,ORIGIN,34,34,33,0.9705882352941176,0,0
gemma,REBUILD,UPDATE_COMPARISON-ORIGIN-0049-origin1,ORIGIN,34,34,33,0.9705882352941176,0,3
gemma,REBUILD,UPDATE_COMPARISON-ORIGIN-0049-origin2,ORIGIN,34,34,33,0.9705882352941176,0,12
gemma,REBUILD,UPDATE_COMPARISON-ORIGIN-0049-origin3,ORIGIN,34,34,33,0.9705882352941176,0,15
gemma,REBUILD,UPDATE_COMPARISON-ORIGIN-0050-origin0,ORIGIN,34,34,29,0.8529411764705882,0,0
gemma,REBUILD,UPDATE_COMPARISON-ORIGIN-0050-origin1,ORIGIN,34,34,29,0.8529411764705882,0,12
gemma,REBUILD,UPDATE_COMPARISON-ORIGIN-0050-origin2,ORIGIN,34,34,29,0.8529411764705882,0,13
gemma,REBUILD,UPDATE_COMPARISON-ORIGIN-0050-origin3,ORIGIN,34,34,29,0.8529411764705882,0,21
gemma,REBUILD,UPDATE_COMPARISON-ORIGIN-0051-origin0,ORIGIN,34,34,30,0.8823529411764706,0,0
gemma,REBUILD,UPDATE_COMPARISON-ORIGIN-0051-origin1,ORIGIN,34,34,30,0.8823529411764706,0,7
gemma,REBUILD,UPDATE_COMPARISON-ORIGIN-0051-origin2,ORIGIN,34,34,30,0.8823529411764706,0,9
gemma,REBUILD,UPDATE_COMPARISON-ORIGIN-0051-origin3,ORIGIN,34,34,30,0.8823529411764706,0,16
gemma,REBUILD,UPDATE_COMPARISON-ORIGIN-0052-origin0,ORIGIN,34,34,30,0.8823529411764706,0,0
gemma,REBUILD,UPDATE_COMPARISON-ORIGIN-0052-origin1,ORIGIN,34,34,30,0.8823529411764706,0,6
gemma,REBUILD,UPDATE_COMPARISON-ORIGIN-0052-origin2,ORIGIN,34,34,30,0.8823529411764706,0,18
gemma,REBUILD,UPDATE_COMPARISON-ORIGIN-0052-origin3,ORIGIN,34,34,30,0.8823529411764706,0,21
gemma,REBUILD,UPDATE_COMPARISON-ORIGIN-0053-origin0,ORIGIN,34,34,30,0.8823529411764706,0,0
gemma,REBUILD,UPDATE_COMPARISON-ORIGIN-0053-origin1,ORIGIN,34,34,30,0.8823529411764706,0,6
gemma,REBUILD,UPDATE_COMPARISON-ORIGIN-0053-origin2,ORIGIN,34,34,30,0.8823529411764706,0,9
gemma,REBUILD,UPDATE_COMPARISON-ORIGIN-0053-origin3,ORIGIN,34,34,30,0.8823529411764706,0,13
gemma,REBUILD,UPDATE_COMPARISON-ORIGIN-0054-origin0,ORIGIN,34,34,30,0.8823529411764706,0,0
gemma,REBUILD,UPDATE_COMPARISON-ORIGIN-0054-origin1,ORIGIN,34,34,30,0.8823529411764706,0,7
gemma,REBUILD,UPDATE_COMPARISON-ORIGIN-0054-origin2,ORIGIN,34,34,30,0.8823529411764706,0,14
gemma,REBUILD,UPDATE_COMPARISON-ORIGIN-0054-origin3,ORIGIN,34,34,30,0.8823529411764706,0,12
gemma,REBUILD,UPDATE_COMPARISON-ORIGIN-0055-origin0,ORIGIN,34,34,31,0.9117647058823529,0,0
gemma,REBUILD,UPDATE_COMPARISON-ORIGIN-0055-origin1,ORIGIN,34,34,31,0.9117647058823529,0,5
gemma,REBUILD,UPDATE_COMPARISON-ORIGIN-0055-origin2,ORIGIN,34,34,31,0.9117647058823529,0,14
gemma,REBUILD,UPDATE_COMPARISON-ORIGIN-0055-origin3,ORIGIN,34,34,31,0.9117647058823529,0,15
gemma,REBUILD,UPDATE_COMPARISON-ORIGIN-0056-origin0,ORIGIN,34,34,34,1.0,1,0
gemma,REBUILD,UPDATE_COMPARISON-ORIGIN-0056-origin1,ORIGIN,34,34,34,1.0,1,11
gemma,REBUILD,UPDATE_COMPARISON-ORIGIN-0056-origin2,ORIGIN,34,34,34,1.0,1,16
gemma,REBUILD,UPDATE_COMPARISON-ORIGIN-0056-origin3,ORIGIN,34,34,34,1.0,1,16
gemma,REBUILD,UPDATE_COMPARISON-ORIGIN-0057-origin0,ORIGIN,34,34,32,0.9411764705882353,0,0
gemma,REBUILD,UPDATE_COMPARISON-ORIGIN-0057-origin1,ORIGIN,34,34,32,0.9411764705882353,0,10
gemma,REBUILD,UPDATE_COMPARISON-ORIGIN-0057-origin2,ORIGIN,34,34,32,0.9411764705882353,0,16
gemma,REBUILD,UPDATE_COMPARISON-ORIGIN-0057-origin3,ORIGIN,34,34,32,0.9411764705882353,0,20
gemma,REBUILD,UPDATE_COMPARISON-ORIGIN-0058-origin0,ORIGIN,34,34,33,0.9705882352941176,0,0
gemma,REBUILD,UPDATE_COMPARISON-ORIGIN-0058-origin1,ORIGIN,34,34,33,0.9705882352941176,0,11
gemma,REBUILD,UPDATE_COMPARISON-ORIGIN-0058-origin2,ORIGIN,34,34,33,0.9705882352941176,0,15
gemma,REBUILD,UPDATE_COMPARISON-ORIGIN-0058-origin3,ORIGIN,34,34,33,0.9705882352941176,0,17
gemma,REBUILD,UPDATE_COMPARISON-ORIGIN-0059-origin0,ORIGIN,34,34,34,1.0,1,0
gemma,REBUILD,UPDATE_COMPARISON-ORIGIN-0059-origin1,ORIGIN,34,34,34,1.0,1,3
gemma,REBUILD,UPDATE_COMPARISON-ORIGIN-0059-origin2,ORIGIN,34,34,34,1.0,1,14
gemma,REBUILD,UPDATE_COMPARISON-ORIGIN-0059-origin3,ORIGIN,34,34,34,1.0,1,12
gemma,REBUILD,UPDATE_COMPARISON-ORIGIN-0060-origin0,ORIGIN,34,34,30,0.8823529411764706,0,0
gemma,REBUILD,UPDATE_COMPARISON-ORIGIN-0060-origin1,ORIGIN,34,34,30,0.8823529411764706,0,6
gemma,REBUILD,UPDATE_COMPARISON-ORIGIN-0060-origin2,ORIGIN,34,34,30,0.8823529411764706,0,14
gemma,REBUILD,UPDATE_COMPARISON-ORIGIN-0060-origin3,ORIGIN,34,34,30,0.8823529411764706,0,19
gemma,REBUILD,UPDATE_COMPARISON-ORIGIN-0061-origin0,ORIGIN,34,34,34,1.0,1,0
gemma,REBUILD,UPDATE_COMPARISON-ORIGIN-0061-origin1,ORIGIN,34,34,34,1.0,1,11
gemma,REBUILD,UPDATE_COMPARISON-ORIGIN-0061-origin2,ORIGIN,34,34,34,1.0,1,26
gemma,REBUILD,UPDATE_COMPARISON-ORIGIN-0061-origin3,ORIGIN,34,34,34,1.0,1,20
gemma,REBUILD,UPDATE_COMPARISON-ORIGIN-0062-origin0,ORIGIN,34,34,34,1.0,1,0
gemma,REBUILD,UPDATE_COMPARISON-ORIGIN-0062-origin1,ORIGIN,34,34,34,1.0,1,12
gemma,REBUILD,UPDATE_COMPARISON-ORIGIN-0062-origin2,ORIGIN,34,34,34,1.0,1,24
gemma,REBUILD,UPDATE_COMPARISON-ORIGIN-0062-origin3,ORIGIN,34,34,34,1.0,1,22
gemma,REBUILD,UPDATE_COMPARISON-ORIGIN-0063-origin0,ORIGIN,34,34,33,0.9705882352941176,0,0
gemma,REBUILD,UPDATE_COMPARISON-ORIGIN-0063-origin1,ORIGIN,34,34,33,0.9705882352941176,0,5
gemma,REBUILD,UPDATE_COMPARISON-ORIGIN-0063-origin2,ORIGIN,34,34,33,0.9705882352941176,0,19
gemma,REBUILD,UPDATE_COMPARISON-ORIGIN-0063-origin3,ORIGIN,34,34,33,0.9705882352941176,0,21
gemma,SOURCE,UPDATE_COMPARISON-ORIGIN-0000-origin0,ORIGIN,34,34,31,0.9117647058823529,0,0
gemma,SOURCE,UPDATE_COMPARISON-ORIGIN-0000-origin1,ORIGIN,34,34,21,0.6176470588235294,0,0
gemma,SOURCE,UPDATE_COMPARISON-ORIGIN-0000-origin2,ORIGIN,34,34,16,0.47058823529411764,0,0
gemma,SOURCE,UPDATE_COMPARISON-ORIGIN-0000-origin3,ORIGIN,34,34,12,0.35294117647058826,0,0
gemma,SOURCE,UPDATE_COMPARISON-ORIGIN-0001-origin0,ORIGIN,34,34,30,0.8823529411764706,0,0
gemma,SOURCE,UPDATE_COMPARISON-ORIGIN-0001-origin1,ORIGIN,34,34,22,0.6470588235294118,0,0
gemma,SOURCE,UPDATE_COMPARISON-ORIGIN-0001-origin2,ORIGIN,34,34,14,0.4117647058823529,0,0
gemma,SOURCE,UPDATE_COMPARISON-ORIGIN-0001-origin3,ORIGIN,34,34,12,0.35294117647058826,0,0
gemma,SOURCE,UPDATE_COMPARISON-ORIGIN-0002-origin0,ORIGIN,34,34,34,1.0,1,0
gemma,SOURCE,UPDATE_COMPARISON-ORIGIN-0002-origin1,ORIGIN,34,34,23,0.6764705882352942,0,0
gemma,SOURCE,UPDATE_COMPARISON-ORIGIN-0002-origin2,ORIGIN,34,34,16,0.47058823529411764,0,0
gemma,SOURCE,UPDATE_COMPARISON-ORIGIN-0002-origin3,ORIGIN,34,34,16,0.47058823529411764,0,0
gemma,SOURCE,UPDATE_COMPARISON-ORIGIN-0003-origin0,ORIGIN,34,34,28,0.8235294117647058,0,0
gemma,SOURCE,UPDATE_COMPARISON-ORIGIN-0003-origin1,ORIGIN,34,34,27,0.7941176470588235,0,0
gemma,SOURCE,UPDATE_COMPARISON-ORIGIN-0003-origin2,ORIGIN,34,34,19,0.5588235294117647,0,0
gemma,SOURCE,UPDATE_COMPARISON-ORIGIN-0003-origin3,ORIGIN,34,34,19,0.5588235294117647,0,0
gemma,SOURCE,UPDATE_COMPARISON-ORIGIN-0004-origin0,ORIGIN,34,34,31,0.9117647058823529,0,0
gemma,SOURCE,UPDATE_COMPARISON-ORIGIN-0004-origin1,ORIGIN,34,34,25,0.7352941176470589,0,0
gemma,SOURCE,UPDATE_COMPARISON-ORIGIN-0004-origin2,ORIGIN,34,34,18,0.5294117647058824,0,0
gemma,SOURCE,UPDATE_COMPARISON-ORIGIN-0004-origin3,ORIGIN,34,34,18,0.5294117647058824,0,0
gemma,SOURCE,UPDATE_COMPARISON-ORIGIN-0005-origin0,ORIGIN,34,34,27,0.7941176470588235,0,0
gemma,SOURCE,UPDATE_COMPARISON-ORIGIN-0005-origin1,ORIGIN,34,34,23,0.6764705882352942,0,0
gemma,SOURCE,UPDATE_COMPARISON-ORIGIN-0005-origin2,ORIGIN,34,34,20,0.5882352941176471,0,0
gemma,SOURCE,UPDATE_COMPARISON-ORIGIN-0005-origin3,ORIGIN,34,34,22,0.6470588235294118,0,0
gemma,SOURCE,UPDATE_COMPARISON-ORIGIN-0006-origin0,ORIGIN,34,34,34,1.0,1,0
gemma,SOURCE,UPDATE_COMPARISON-ORIGIN-0006-origin1,ORIGIN,34,34,27,0.7941176470588235,0,0
gemma,SOURCE,UPDATE_COMPARISON-ORIGIN-0006-origin2,ORIGIN,34,34,16,0.47058823529411764,0,0
gemma,SOURCE,UPDATE_COMPARISON-ORIGIN-0006-origin3,ORIGIN,34,34,23,0.6764705882352942,0,0
gemma,SOURCE,UPDATE_COMPARISON-ORIGIN-0007-origin0,ORIGIN,34,34,25,0.7352941176470589,0,0
gemma,SOURCE,UPDATE_COMPARISON-ORIGIN-0007-origin1,ORIGIN,34,34,24,0.7058823529411765,0,0
gemma,SOURCE,UPDATE_COMPARISON-ORIGIN-0007-origin2,ORIGIN,34,34,19,0.5588235294117647,0,0
gemma,SOURCE,UPDATE_COMPARISON-ORIGIN-0007-origin3,ORIGIN,34,34,22,0.6470588235294118,0,0
gemma,SOURCE,UPDATE_COMPARISON-ORIGIN-0008-origin0,ORIGIN,34,34,29,0.8529411764705882,0,0
gemma,SOURCE,UPDATE_COMPARISON-ORIGIN-0008-origin1,ORIGIN,34,34,22,0.6470588235294118,0,0
gemma,SOURCE,UPDATE_COMPARISON-ORIGIN-0008-origin2,ORIGIN,34,34,23,0.6764705882352942,0,0
gemma,SOURCE,UPDATE_COMPARISON-ORIGIN-0008-origin3,ORIGIN,34,34,19,0.5588235294117647,0,0
gemma,SOURCE,UPDATE_COMPARISON-ORIGIN-0009-origin0,ORIGIN,34,34,27,0.7941176470588235,0,0
gemma,SOURCE,UPDATE_COMPARISON-ORIGIN-0009-origin1,ORIGIN,34,34,25,0.7352941176470589,0,0
gemma,SOURCE,UPDATE_COMPARISON-ORIGIN-0009-origin2,ORIGIN,34,34,22,0.6470588235294118,0,0
gemma,SOURCE,UPDATE_COMPARISON-ORIGIN-0009-origin3,ORIGIN,34,34,18,0.5294117647058824,0,0
gemma,SOURCE,UPDATE_COMPARISON-ORIGIN-0010-origin0,ORIGIN,34,34,28,0.8235294117647058,0,0
gemma,SOURCE,UPDATE_COMPARISON-ORIGIN-0010-origin1,ORIGIN,34,34,25,0.7352941176470589,0,0
gemma,SOURCE,UPDATE_COMPARISON-ORIGIN-0010-origin2,ORIGIN,34,34,26,0.7647058823529411,0,0
gemma,SOURCE,UPDATE_COMPARISON-ORIGIN-0010-origin3,ORIGIN,34,34,18,0.5294117647058824,0,0
gemma,SOURCE,UPDATE_COMPARISON-ORIGIN-0011-origin0,ORIGIN,34,34,26,0.7647058823529411,0,0
gemma,SOURCE,UPDATE_COMPARISON-ORIGIN-0011-origin1,ORIGIN,34,34,22,0.6470588235294118,0,0
gemma,SOURCE,UPDATE_COMPARISON-ORIGIN-0011-origin2,ORIGIN,34,34,22,0.6470588235294118,0,0
gemma,SOURCE,UPDATE_COMPARISON-ORIGIN-0011-origin3,ORIGIN,34,34,20,0.5882352941176471,0,0
gemma,SOURCE,UPDATE_COMPARISON-ORIGIN-0012-origin0,ORIGIN,34,34,34,1.0,1,0
gemma,SOURCE,UPDATE_COMPARISON-ORIGIN-0012-origin1,ORIGIN,34,34,26,0.7647058823529411,0,0
gemma,SOURCE,UPDATE_COMPARISON-ORIGIN-0012-origin2,ORIGIN,34,34,20,0.5882352941176471,0,0
gemma,SOURCE,UPDATE_COMPARISON-ORIGIN-0012-origin3,ORIGIN,34,34,20,0.5882352941176471,0,0
gemma,SOURCE,UPDATE_COMPARISON-ORIGIN-0013-origin0,ORIGIN,34,34,34,1.0,1,0
gemma,SOURCE,UPDATE_COMPARISON-ORIGIN-0013-origin1,ORIGIN,34,34,26,0.7647058823529411,0,0
gemma,SOURCE,UPDATE_COMPARISON-ORIGIN-0013-origin2,ORIGIN,34,34,20,0.5882352941176471,0,0
gemma,SOURCE,UPDATE_COMPARISON-ORIGIN-0013-origin3,ORIGIN,34,34,17,0.5,0,0
gemma,SOURCE,UPDATE_COMPARISON-ORIGIN-0014-origin0,ORIGIN,34,34,29,0.8529411764705882,0,0
gemma,SOURCE,UPDATE_COMPARISON-ORIGIN-0014-origin1,ORIGIN,34,34,22,0.6470588235294118,0,0
gemma,SOURCE,UPDATE_COMPARISON-ORIGIN-0014-origin2,ORIGIN,34,34,22,0.6470588235294118,0,0
gemma,SOURCE,UPDATE_COMPARISON-ORIGIN-0014-origin3,ORIGIN,34,34,16,0.47058823529411764,0,0
gemma,SOURCE,UPDATE_COMPARISON-ORIGIN-0015-origin0,ORIGIN,34,34,23,0.6764705882352942,0,0
gemma,SOURCE,UPDATE_COMPARISON-ORIGIN-0015-origin1,ORIGIN,34,34,23,0.6764705882352942,0,0
gemma,SOURCE,UPDATE_COMPARISON-ORIGIN-0015-origin2,ORIGIN,34,34,16,0.47058823529411764,0,0
gemma,SOURCE,UPDATE_COMPARISON-ORIGIN-0015-origin3,ORIGIN,34,34,14,0.4117647058823529,0,0
gemma,SOURCE,UPDATE_COMPARISON-ORIGIN-0016-origin0,ORIGIN,34,34,31,0.9117647058823529,0,0
gemma,SOURCE,UPDATE_COMPARISON-ORIGIN-0016-origin1,ORIGIN,34,34,26,0.7647058823529411,0,0
gemma,SOURCE,UPDATE_COMPARISON-ORIGIN-0016-origin2,ORIGIN,34,34,20,0.5882352941176471,0,0
gemma,SOURCE,UPDATE_COMPARISON-ORIGIN-0016-origin3,ORIGIN,34,34,22,0.6470588235294118,0,0
gemma,SOURCE,UPDATE_COMPARISON-ORIGIN-0017-origin0,ORIGIN,34,34,32,0.9411764705882353,0,0
gemma,SOURCE,UPDATE_COMPARISON-ORIGIN-0017-origin1,ORIGIN,34,34,31,0.9117647058823529,0,0
gemma,SOURCE,UPDATE_COMPARISON-ORIGIN-0017-origin2,ORIGIN,34,34,23,0.6764705882352942,0,0
gemma,SOURCE,UPDATE_COMPARISON-ORIGIN-0017-origin3,ORIGIN,34,34,20,0.5882352941176471,0,0
gemma,SOURCE,UPDATE_COMPARISON-ORIGIN-0018-origin0,ORIGIN,34,34,28,0.8235294117647058,0,0
gemma,SOURCE,UPDATE_COMPARISON-ORIGIN-0018-origin1,ORIGIN,34,34,22,0.6470588235294118,0,0
gemma,SOURCE,UPDATE_COMPARISON-ORIGIN-0018-origin2,ORIGIN,34,34,20,0.5882352941176471,0,0
gemma,SOURCE,UPDATE_COMPARISON-ORIGIN-0018-origin3,ORIGIN,34,34,20,0.5882352941176471,0,0
gemma,SOURCE,UPDATE_COMPARISON-ORIGIN-0019-origin0,ORIGIN,34,34,33,0.9705882352941176,0,0
gemma,SOURCE,UPDATE_COMPARISON-ORIGIN-0019-origin1,ORIGIN,34,34,28,0.8235294117647058,0,0
gemma,SOURCE,UPDATE_COMPARISON-ORIGIN-0019-origin2,ORIGIN,34,34,23,0.6764705882352942,0,0
gemma,SOURCE,UPDATE_COMPARISON-ORIGIN-0019-origin3,ORIGIN,34,34,21,0.6176470588235294,0,0
gemma,SOURCE,UPDATE_COMPARISON-ORIGIN-0020-origin0,ORIGIN,34,34,34,1.0,1,0
gemma,SOURCE,UPDATE_COMPARISON-ORIGIN-0020-origin1,ORIGIN,34,34,22,0.6470588235294118,0,0
gemma,SOURCE,UPDATE_COMPARISON-ORIGIN-0020-origin2,ORIGIN,34,34,20,0.5882352941176471,0,0
gemma,SOURCE,UPDATE_COMPARISON-ORIGIN-0020-origin3,ORIGIN,34,34,22,0.6470588235294118,0,0
gemma,SOURCE,UPDATE_COMPARISON-ORIGIN-0021-origin0,ORIGIN,34,34,27,0.7941176470588235,0,0
gemma,SOURCE,UPDATE_COMPARISON-ORIGIN-0021-origin1,ORIGIN,34,34,19,0.5588235294117647,0,0
gemma,SOURCE,UPDATE_COMPARISON-ORIGIN-0021-origin2,ORIGIN,34,34,20,0.5882352941176471,0,0
gemma,SOURCE,UPDATE_COMPARISON-ORIGIN-0021-origin3,ORIGIN,34,34,18,0.5294117647058824,0,0
gemma,SOURCE,UPDATE_COMPARISON-ORIGIN-0022-origin0,ORIGIN,34,34,32,0.9411764705882353,0,0
gemma,SOURCE,UPDATE_COMPARISON-ORIGIN-0022-origin1,ORIGIN,34,34,24,0.7058823529411765,0,0
gemma,SOURCE,UPDATE_COMPARISON-ORIGIN-0022-origin2,ORIGIN,34,34,20,0.5882352941176471,0,0
gemma,SOURCE,UPDATE_COMPARISON-ORIGIN-0022-origin3,ORIGIN,34,34,20,0.5882352941176471,0,0
gemma,SOURCE,UPDATE_COMPARISON-ORIGIN-0023-origin0,ORIGIN,34,34,34,1.0,1,0
gemma,SOURCE,UPDATE_COMPARISON-ORIGIN-0023-origin1,ORIGIN,34,34,22,0.6470588235294118,0,0
gemma,SOURCE,UPDATE_COMPARISON-ORIGIN-0023-origin2,ORIGIN,34,34,21,0.6176470588235294,0,0
gemma,SOURCE,UPDATE_COMPARISON-ORIGIN-0023-origin3,ORIGIN,34,34,20,0.5882352941176471,0,0
gemma,SOURCE,UPDATE_COMPARISON-ORIGIN-0024-origin0,ORIGIN,34,34,32,0.9411764705882353,0,0
gemma,SOURCE,UPDATE_COMPARISON-ORIGIN-0024-origin1,ORIGIN,34,34,22,0.6470588235294118,0,0
gemma,SOURCE,UPDATE_COMPARISON-ORIGIN-0024-origin2,ORIGIN,34,34,16,0.47058823529411764,0,0
gemma,SOURCE,UPDATE_COMPARISON-ORIGIN-0024-origin3,ORIGIN,34,34,17,0.5,0,0
gemma,SOURCE,UPDATE_COMPARISON-ORIGIN-0025-origin0,ORIGIN,34,34,33,0.9705882352941176,0,0
gemma,SOURCE,UPDATE_COMPARISON-ORIGIN-0025-origin1,ORIGIN,34,34,22,0.6470588235294118,0,0
gemma,SOURCE,UPDATE_COMPARISON-ORIGIN-0025-origin2,ORIGIN,34,34,17,0.5,0,0
gemma,SOURCE,UPDATE_COMPARISON-ORIGIN-0025-origin3,ORIGIN,34,34,17,0.5,0,0
gemma,SOURCE,UPDATE_COMPARISON-ORIGIN-0026-origin0,ORIGIN,34,34,32,0.9411764705882353,0,0
gemma,SOURCE,UPDATE_COMPARISON-ORIGIN-0026-origin1,ORIGIN,34,34,23,0.6764705882352942,0,0
gemma,SOURCE,UPDATE_COMPARISON-ORIGIN-0026-origin2,ORIGIN,34,34,15,0.4411764705882353,0,0
gemma,SOURCE,UPDATE_COMPARISON-ORIGIN-0026-origin3,ORIGIN,34,34,17,0.5,0,0
gemma,SOURCE,UPDATE_COMPARISON-ORIGIN-0027-origin0,ORIGIN,34,34,23,0.6764705882352942,0,0
gemma,SOURCE,UPDATE_COMPARISON-ORIGIN-0027-origin1,ORIGIN,34,34,22,0.6470588235294118,0,0
gemma,SOURCE,UPDATE_COMPARISON-ORIGIN-0027-origin2,ORIGIN,34,34,18,0.5294117647058824,0,0
gemma,SOURCE,UPDATE_COMPARISON-ORIGIN-0027-origin3,ORIGIN,34,34,16,0.47058823529411764,0,0
gemma,SOURCE,UPDATE_COMPARISON-ORIGIN-0028-origin0,ORIGIN,34,34,34,1.0,1,0
gemma,SOURCE,UPDATE_COMPARISON-ORIGIN-0028-origin1,ORIGIN,34,34,24,0.7058823529411765,0,0
gemma,SOURCE,UPDATE_COMPARISON-ORIGIN-0028-origin2,ORIGIN,34,34,14,0.4117647058823529,0,0
gemma,SOURCE,UPDATE_COMPARISON-ORIGIN-0028-origin3,ORIGIN,34,34,12,0.35294117647058826,0,0
gemma,SOURCE,UPDATE_COMPARISON-ORIGIN-0029-origin0,ORIGIN,34,34,34,1.0,1,0
gemma,SOURCE,UPDATE_COMPARISON-ORIGIN-0029-origin1,ORIGIN,34,34,34,1.0,1,0
gemma,SOURCE,UPDATE_COMPARISON-ORIGIN-0029-origin2,ORIGIN,34,34,7,0.20588235294117646,0,0
gemma,SOURCE,UPDATE_COMPARISON-ORIGIN-0029-origin3,ORIGIN,34,34,8,0.23529411764705882,0,0
gemma,SOURCE,UPDATE_COMPARISON-ORIGIN-0030-origin0,ORIGIN,34,34,34,1.0,1,0
gemma,SOURCE,UPDATE_COMPARISON-ORIGIN-0030-origin1,ORIGIN,34,34,22,0.6470588235294118,0,0
gemma,SOURCE,UPDATE_COMPARISON-ORIGIN-0030-origin2,ORIGIN,34,34,15,0.4411764705882353,0,0
gemma,SOURCE,UPDATE_COMPARISON-ORIGIN-0030-origin3,ORIGIN,34,34,9,0.2647058823529412,0,0
gemma,SOURCE,UPDATE_COMPARISON-ORIGIN-0031-origin0,ORIGIN,34,34,34,1.0,1,0
gemma,SOURCE,UPDATE_COMPARISON-ORIGIN-0031-origin1,ORIGIN,34,34,24,0.7058823529411765,0,0
gemma,SOURCE,UPDATE_COMPARISON-ORIGIN-0031-origin2,ORIGIN,34,34,11,0.3235294117647059,0,0
gemma,SOURCE,UPDATE_COMPARISON-ORIGIN-0031-origin3,ORIGIN,34,34,12,0.35294117647058826,0,0
gemma,SOURCE,UPDATE_COMPARISON-ORIGIN-0032-origin0,ORIGIN,34,34,33,0.9705882352941176,0,0
gemma,SOURCE,UPDATE_COMPARISON-ORIGIN-0032-origin1,ORIGIN,34,34,21,0.6176470588235294,0,0
gemma,SOURCE,UPDATE_COMPARISON-ORIGIN-0032-origin2,ORIGIN,34,34,18,0.5294117647058824,0,0
gemma,SOURCE,UPDATE_COMPARISON-ORIGIN-0032-origin3,ORIGIN,34,34,12,0.35294117647058826,0,0
gemma,SOURCE,UPDATE_COMPARISON-ORIGIN-0033-origin0,ORIGIN,34,34,32,0.9411764705882353,0,0
gemma,SOURCE,UPDATE_COMPARISON-ORIGIN-0033-origin1,ORIGIN,34,34,22,0.6470588235294118,0,0
gemma,SOURCE,UPDATE_COMPARISON-ORIGIN-0033-origin2,ORIGIN,34,34,18,0.5294117647058824,0,0
gemma,SOURCE,UPDATE_COMPARISON-ORIGIN-0033-origin3,ORIGIN,34,34,12,0.35294117647058826,0,0
gemma,SOURCE,UPDATE_COMPARISON-ORIGIN-0034-origin0,ORIGIN,34,34,34,1.0,1,0
gemma,SOURCE,UPDATE_COMPARISON-ORIGIN-0034-origin1,ORIGIN,34,34,29,0.8529411764705882,0,0
gemma,SOURCE,UPDATE_COMPARISON-ORIGIN-0034-origin2,ORIGIN,34,34,18,0.5294117647058824,0,0
gemma,SOURCE,UPDATE_COMPARISON-ORIGIN-0034-origin3,ORIGIN,34,34,15,0.4411764705882353,0,0
gemma,SOURCE,UPDATE_COMPARISON-ORIGIN-0035-origin0,ORIGIN,34,34,25,0.7352941176470589,0,0
gemma,SOURCE,UPDATE_COMPARISON-ORIGIN-0035-origin1,ORIGIN,34,34,20,0.5882352941176471,0,0
gemma,SOURCE,UPDATE_COMPARISON-ORIGIN-0035-origin2,ORIGIN,34,34,19,0.5588235294117647,0,0
gemma,SOURCE,UPDATE_COMPARISON-ORIGIN-0035-origin3,ORIGIN,34,34,12,0.35294117647058826,0,0
gemma,SOURCE,UPDATE_COMPARISON-ORIGIN-0036-origin0,ORIGIN,34,34,29,0.8529411764705882,0,0
gemma,SOURCE,UPDATE_COMPARISON-ORIGIN-0036-origin1,ORIGIN,34,34,22,0.6470588235294118,0,0
gemma,SOURCE,UPDATE_COMPARISON-ORIGIN-0036-origin2,ORIGIN,34,34,16,0.47058823529411764,0,0
gemma,SOURCE,UPDATE_COMPARISON-ORIGIN-0036-origin3,ORIGIN,34,34,19,0.5588235294117647,0,0
gemma,SOURCE,UPDATE_COMPARISON-ORIGIN-0037-origin0,ORIGIN,34,34,31,0.9117647058823529,0,0
gemma,SOURCE,UPDATE_COMPARISON-ORIGIN-0037-origin1,ORIGIN,34,34,23,0.6764705882352942,0,0
gemma,SOURCE,UPDATE_COMPARISON-ORIGIN-0037-origin2,ORIGIN,34,34,19,0.5588235294117647,0,0
gemma,SOURCE,UPDATE_COMPARISON-ORIGIN-0037-origin3,ORIGIN,34,34,18,0.5294117647058824,0,0
gemma,SOURCE,UPDATE_COMPARISON-ORIGIN-0038-origin0,ORIGIN,34,34,30,0.8823529411764706,0,0
gemma,SOURCE,UPDATE_COMPARISON-ORIGIN-0038-origin1,ORIGIN,34,34,23,0.6764705882352942,0,0
gemma,SOURCE,UPDATE_COMPARISON-ORIGIN-0038-origin2,ORIGIN,34,34,19,0.5588235294117647,0,0
gemma,SOURCE,UPDATE_COMPARISON-ORIGIN-0038-origin3,ORIGIN,34,34,18,0.5294117647058824,0,0
gemma,SOURCE,UPDATE_COMPARISON-ORIGIN-0039-origin0,ORIGIN,34,34,32,0.9411764705882353,0,0
gemma,SOURCE,UPDATE_COMPARISON-ORIGIN-0039-origin1,ORIGIN,34,34,25,0.7352941176470589,0,0
gemma,SOURCE,UPDATE_COMPARISON-ORIGIN-0039-origin2,ORIGIN,34,34,20,0.5882352941176471,0,0
gemma,SOURCE,UPDATE_COMPARISON-ORIGIN-0039-origin3,ORIGIN,34,34,20,0.5882352941176471,0,0
gemma,SOURCE,UPDATE_COMPARISON-ORIGIN-0040-origin0,ORIGIN,34,34,32,0.9411764705882353,0,0
gemma,SOURCE,UPDATE_COMPARISON-ORIGIN-0040-origin1,ORIGIN,34,34,26,0.7647058823529411,0,0
gemma,SOURCE,UPDATE_COMPARISON-ORIGIN-0040-origin2,ORIGIN,34,34,18,0.5294117647058824,0,0
gemma,SOURCE,UPDATE_COMPARISON-ORIGIN-0040-origin3,ORIGIN,34,34,22,0.6470588235294118,0,0
gemma,SOURCE,UPDATE_COMPARISON-ORIGIN-0041-origin0,ORIGIN,34,34,30,0.8823529411764706,0,0
gemma,SOURCE,UPDATE_COMPARISON-ORIGIN-0041-origin1,ORIGIN,34,34,22,0.6470588235294118,0,0
gemma,SOURCE,UPDATE_COMPARISON-ORIGIN-0041-origin2,ORIGIN,34,34,21,0.6176470588235294,0,0
gemma,SOURCE,UPDATE_COMPARISON-ORIGIN-0041-origin3,ORIGIN,34,34,20,0.5882352941176471,0,0
gemma,SOURCE,UPDATE_COMPARISON-ORIGIN-0042-origin0,ORIGIN,34,34,32,0.9411764705882353,0,0
gemma,SOURCE,UPDATE_COMPARISON-ORIGIN-0042-origin1,ORIGIN,34,34,22,0.6470588235294118,0,0
gemma,SOURCE,UPDATE_COMPARISON-ORIGIN-0042-origin2,ORIGIN,34,34,22,0.6470588235294118,0,0
gemma,SOURCE,UPDATE_COMPARISON-ORIGIN-0042-origin3,ORIGIN,34,34,20,0.5882352941176471,0,0
gemma,SOURCE,UPDATE_COMPARISON-ORIGIN-0043-origin0,ORIGIN,34,34,34,1.0,1,0
gemma,SOURCE,UPDATE_COMPARISON-ORIGIN-0043-origin1,ORIGIN,34,34,28,0.8235294117647058,0,0
gemma,SOURCE,UPDATE_COMPARISON-ORIGIN-0043-origin2,ORIGIN,34,34,21,0.6176470588235294,0,0
gemma,SOURCE,UPDATE_COMPARISON-ORIGIN-0043-origin3,ORIGIN,34,34,19,0.5588235294117647,0,0
gemma,SOURCE,UPDATE_COMPARISON-ORIGIN-0044-origin0,ORIGIN,34,34,30,0.8823529411764706,0,0
gemma,SOURCE,UPDATE_COMPARISON-ORIGIN-0044-origin1,ORIGIN,34,34,26,0.7647058823529411,0,0
gemma,SOURCE,UPDATE_COMPARISON-ORIGIN-0044-origin2,ORIGIN,34,34,20,0.5882352941176471,0,0
gemma,SOURCE,UPDATE_COMPARISON-ORIGIN-0044-origin3,ORIGIN,34,34,16,0.47058823529411764,0,0
gemma,SOURCE,UPDATE_COMPARISON-ORIGIN-0045-origin0,ORIGIN,34,34,34,1.0,1,0
gemma,SOURCE,UPDATE_COMPARISON-ORIGIN-0045-origin1,ORIGIN,34,34,27,0.7941176470588235,0,0
gemma,SOURCE,UPDATE_COMPARISON-ORIGIN-0045-origin2,ORIGIN,34,34,23,0.6764705882352942,0,0
gemma,SOURCE,UPDATE_COMPARISON-ORIGIN-0045-origin3,ORIGIN,34,34,16,0.47058823529411764,0,0
gemma,SOURCE,UPDATE_COMPARISON-ORIGIN-0046-origin0,ORIGIN,34,34,32,0.9411764705882353,0,0
gemma,SOURCE,UPDATE_COMPARISON-ORIGIN-0046-origin1,ORIGIN,34,34,24,0.7058823529411765,0,0
gemma,SOURCE,UPDATE_COMPARISON-ORIGIN-0046-origin2,ORIGIN,34,34,20,0.5882352941176471,0,0
gemma,SOURCE,UPDATE_COMPARISON-ORIGIN-0046-origin3,ORIGIN,34,34,14,0.4117647058823529,0,0
gemma,SOURCE,UPDATE_COMPARISON-ORIGIN-0047-origin0,ORIGIN,34,34,33,0.9705882352941176,0,0
gemma,SOURCE,UPDATE_COMPARISON-ORIGIN-0047-origin1,ORIGIN,34,34,27,0.7941176470588235,0,0
gemma,SOURCE,UPDATE_COMPARISON-ORIGIN-0047-origin2,ORIGIN,34,34,18,0.5294117647058824,0,0
gemma,SOURCE,UPDATE_COMPARISON-ORIGIN-0047-origin3,ORIGIN,34,34,16,0.47058823529411764,0,0
gemma,SOURCE,UPDATE_COMPARISON-ORIGIN-0048-origin0,ORIGIN,34,34,31,0.9117647058823529,0,0
gemma,SOURCE,UPDATE_COMPARISON-ORIGIN-0048-origin1,ORIGIN,34,34,20,0.5882352941176471,0,0
gemma,SOURCE,UPDATE_COMPARISON-ORIGIN-0048-origin2,ORIGIN,34,34,24,0.7058823529411765,0,0
gemma,SOURCE,UPDATE_COMPARISON-ORIGIN-0048-origin3,ORIGIN,34,34,19,0.5588235294117647,0,0
gemma,SOURCE,UPDATE_COMPARISON-ORIGIN-0049-origin0,ORIGIN,34,34,33,0.9705882352941176,0,0
gemma,SOURCE,UPDATE_COMPARISON-ORIGIN-0049-origin1,ORIGIN,34,34,30,0.8823529411764706,0,0
gemma,SOURCE,UPDATE_COMPARISON-ORIGIN-0049-origin2,ORIGIN,34,34,21,0.6176470588235294,0,0
gemma,SOURCE,UPDATE_COMPARISON-ORIGIN-0049-origin3,ORIGIN,34,34,20,0.5882352941176471,0,0
gemma,SOURCE,UPDATE_COMPARISON-ORIGIN-0050-origin0,ORIGIN,34,34,29,0.8529411764705882,0,0
gemma,SOURCE,UPDATE_COMPARISON-ORIGIN-0050-origin1,ORIGIN,34,34,23,0.6764705882352942,0,0
gemma,SOURCE,UPDATE_COMPARISON-ORIGIN-0050-origin2,ORIGIN,34,34,22,0.6470588235294118,0,0
gemma,SOURCE,UPDATE_COMPARISON-ORIGIN-0050-origin3,ORIGIN,34,34,18,0.5294117647058824,0,0
gemma,SOURCE,UPDATE_COMPARISON-ORIGIN-0051-origin0,ORIGIN,34,34,30,0.8823529411764706,0,0
gemma,SOURCE,UPDATE_COMPARISON-ORIGIN-0051-origin1,ORIGIN,34,34,23,0.6764705882352942,0,0
gemma,SOURCE,UPDATE_COMPARISON-ORIGIN-0051-origin2,ORIGIN,34,34,21,0.6176470588235294,0,0
gemma,SOURCE,UPDATE_COMPARISON-ORIGIN-0051-origin3,ORIGIN,34,34,18,0.5294117647058824,0,0
gemma,SOURCE,UPDATE_COMPARISON-ORIGIN-0052-origin0,ORIGIN,34,34,30,0.8823529411764706,0,0
gemma,SOURCE,UPDATE_COMPARISON-ORIGIN-0052-origin1,ORIGIN,34,34,28,0.8235294117647058,0,0
gemma,SOURCE,UPDATE_COMPARISON-ORIGIN-0052-origin2,ORIGIN,34,34,20,0.5882352941176471,0,0
gemma,SOURCE,UPDATE_COMPARISON-ORIGIN-0052-origin3,ORIGIN,34,34,17,0.5,0,0
gemma,SOURCE,UPDATE_COMPARISON-ORIGIN-0053-origin0,ORIGIN,34,34,30,0.8823529411764706,0,0
gemma,SOURCE,UPDATE_COMPARISON-ORIGIN-0053-origin1,ORIGIN,34,34,24,0.7058823529411765,0,0
gemma,SOURCE,UPDATE_COMPARISON-ORIGIN-0053-origin2,ORIGIN,34,34,21,0.6176470588235294,0,0
gemma,SOURCE,UPDATE_COMPARISON-ORIGIN-0053-origin3,ORIGIN,34,34,19,0.5588235294117647,0,0
gemma,SOURCE,UPDATE_COMPARISON-ORIGIN-0054-origin0,ORIGIN,34,34,30,0.8823529411764706,0,0
gemma,SOURCE,UPDATE_COMPARISON-ORIGIN-0054-origin1,ORIGIN,34,34,23,0.6764705882352942,0,0
gemma,SOURCE,UPDATE_COMPARISON-ORIGIN-0054-origin2,ORIGIN,34,34,16,0.47058823529411764,0,0
gemma,SOURCE,UPDATE_COMPARISON-ORIGIN-0054-origin3,ORIGIN,34,34,18,0.5294117647058824,0,0
gemma,SOURCE,UPDATE_COMPARISON-ORIGIN-0055-origin0,ORIGIN,34,34,31,0.9117647058823529,0,0
gemma,SOURCE,UPDATE_COMPARISON-ORIGIN-0055-origin1,ORIGIN,34,34,26,0.7647058823529411,0,0
gemma,SOURCE,UPDATE_COMPARISON-ORIGIN-0055-origin2,ORIGIN,34,34,21,0.6176470588235294,0,0
gemma,SOURCE,UPDATE_COMPARISON-ORIGIN-0055-origin3,ORIGIN,34,34,20,0.5882352941176471,0,0
gemma,SOURCE,UPDATE_COMPARISON-ORIGIN-0056-origin0,ORIGIN,34,34,34,1.0,1,0
gemma,SOURCE,UPDATE_COMPARISON-ORIGIN-0056-origin1,ORIGIN,34,34,23,0.6764705882352942,0,0
gemma,SOURCE,UPDATE_COMPARISON-ORIGIN-0056-origin2,ORIGIN,34,34,18,0.5294117647058824,0,0
gemma,SOURCE,UPDATE_COMPARISON-ORIGIN-0056-origin3,ORIGIN,34,34,18,0.5294117647058824,0,0
gemma,SOURCE,UPDATE_COMPARISON-ORIGIN-0057-origin0,ORIGIN,34,34,32,0.9411764705882353,0,0
gemma,SOURCE,UPDATE_COMPARISON-ORIGIN-0057-origin1,ORIGIN,34,34,22,0.6470588235294118,0,0
gemma,SOURCE,UPDATE_COMPARISON-ORIGIN-0057-origin2,ORIGIN,34,34,16,0.47058823529411764,0,0
gemma,SOURCE,UPDATE_COMPARISON-ORIGIN-0057-origin3,ORIGIN,34,34,14,0.4117647058823529,0,0
gemma,SOURCE,UPDATE_COMPARISON-ORIGIN-0058-origin0,ORIGIN,34,34,33,0.9705882352941176,0,0
gemma,SOURCE,UPDATE_COMPARISON-ORIGIN-0058-origin1,ORIGIN,34,34,24,0.7058823529411765,0,0
gemma,SOURCE,UPDATE_COMPARISON-ORIGIN-0058-origin2,ORIGIN,34,34,18,0.5294117647058824,0,0
gemma,SOURCE,UPDATE_COMPARISON-ORIGIN-0058-origin3,ORIGIN,34,34,16,0.47058823529411764,0,0
gemma,SOURCE,UPDATE_COMPARISON-ORIGIN-0059-origin0,ORIGIN,34,34,34,1.0,1,0
gemma,SOURCE,UPDATE_COMPARISON-ORIGIN-0059-origin1,ORIGIN,34,34,31,0.9117647058823529,0,0
gemma,SOURCE,UPDATE_COMPARISON-ORIGIN-0059-origin2,ORIGIN,34,34,20,0.5882352941176471,0,0
gemma,SOURCE,UPDATE_COMPARISON-ORIGIN-0059-origin3,ORIGIN,34,34,22,0.6470588235294118,0,0
gemma,SOURCE,UPDATE_COMPARISON-ORIGIN-0060-origin0,ORIGIN,34,34,30,0.8823529411764706,0,0
gemma,SOURCE,UPDATE_COMPARISON-ORIGIN-0060-origin1,ORIGIN,34,34,24,0.7058823529411765,0,0
gemma,SOURCE,UPDATE_COMPARISON-ORIGIN-0060-origin2,ORIGIN,34,34,16,0.47058823529411764,0,0
gemma,SOURCE,UPDATE_COMPARISON-ORIGIN-0060-origin3,ORIGIN,34,34,11,0.3235294117647059,0,0
gemma,SOURCE,UPDATE_COMPARISON-ORIGIN-0061-origin0,ORIGIN,34,34,34,1.0,1,0
gemma,SOURCE,UPDATE_COMPARISON-ORIGIN-0061-origin1,ORIGIN,34,34,23,0.6764705882352942,0,0
gemma,SOURCE,UPDATE_COMPARISON-ORIGIN-0061-origin2,ORIGIN,34,34,8,0.23529411764705882,0,0
gemma,SOURCE,UPDATE_COMPARISON-ORIGIN-0061-origin3,ORIGIN,34,34,14,0.4117647058823529,0,0
gemma,SOURCE,UPDATE_COMPARISON-ORIGIN-0062-origin0,ORIGIN,34,34,34,1.0,1,0
gemma,SOURCE,UPDATE_COMPARISON-ORIGIN-0062-origin1,ORIGIN,34,34,22,0.6470588235294118,0,0
gemma,SOURCE,UPDATE_COMPARISON-ORIGIN-0062-origin2,ORIGIN,34,34,10,0.29411764705882354,0,0
gemma,SOURCE,UPDATE_COMPARISON-ORIGIN-0062-origin3,ORIGIN,34,34,12,0.35294117647058826,0,0
gemma,SOURCE,UPDATE_COMPARISON-ORIGIN-0063-origin0,ORIGIN,34,34,33,0.9705882352941176,0,0
gemma,SOURCE,UPDATE_COMPARISON-ORIGIN-0063-origin1,ORIGIN,34,34,30,0.8823529411764706,0,0
gemma,SOURCE,UPDATE_COMPARISON-ORIGIN-0063-origin2,ORIGIN,34,34,14,0.4117647058823529,0,0
gemma,SOURCE,UPDATE_COMPARISON-ORIGIN-0063-origin3,ORIGIN,34,34,12,0.35294117647058826,0,0
qwen,CANONICAL_REPLAY_s0,UPDATE_COMPARISON-ORIGIN-0000-origin0,ORIGIN,34,34,34,1.0,1,8
qwen,CANONICAL_REPLAY_s0,UPDATE_COMPARISON-ORIGIN-0000-origin1,ORIGIN,34,34,34,1.0,1,15
qwen,CANONICAL_REPLAY_s0,UPDATE_COMPARISON-ORIGIN-0000-origin2,ORIGIN,34,34,30,0.8823529411764706,0,16
qwen,CANONICAL_REPLAY_s0,UPDATE_COMPARISON-ORIGIN-0000-origin3,ORIGIN,34,34,31,0.9117647058823529,0,19
qwen,CANONICAL_REPLAY_s0,UPDATE_COMPARISON-ORIGIN-0001-origin0,ORIGIN,34,34,34,1.0,1,14
qwen,CANONICAL_REPLAY_s0,UPDATE_COMPARISON-ORIGIN-0001-origin1,ORIGIN,34,34,34,1.0,1,16
qwen,CANONICAL_REPLAY_s0,UPDATE_COMPARISON-ORIGIN-0001-origin2,ORIGIN,34,34,34,1.0,1,21
qwen,CANONICAL_REPLAY_s0,UPDATE_COMPARISON-ORIGIN-0001-origin3,ORIGIN,34,34,34,1.0,1,25
qwen,CANONICAL_REPLAY_s0,UPDATE_COMPARISON-ORIGIN-0002-origin0,ORIGIN,34,34,34,1.0,1,9
qwen,CANONICAL_REPLAY_s0,UPDATE_COMPARISON-ORIGIN-0002-origin1,ORIGIN,34,34,32,0.9411764705882353,0,12
qwen,CANONICAL_REPLAY_s0,UPDATE_COMPARISON-ORIGIN-0002-origin2,ORIGIN,34,34,34,1.0,1,17
qwen,CANONICAL_REPLAY_s0,UPDATE_COMPARISON-ORIGIN-0002-origin3,ORIGIN,34,34,33,0.9705882352941176,0,23
qwen,CANONICAL_REPLAY_s0,UPDATE_COMPARISON-ORIGIN-0003-origin0,ORIGIN,34,34,30,0.8823529411764706,0,12
qwen,CANONICAL_REPLAY_s0,UPDATE_COMPARISON-ORIGIN-0003-origin1,ORIGIN,34,34,31,0.9117647058823529,0,15
qwen,CANONICAL_REPLAY_s0,UPDATE_COMPARISON-ORIGIN-0003-origin2,ORIGIN,34,34,31,0.9117647058823529,0,22
qwen,CANONICAL_REPLAY_s0,UPDATE_COMPARISON-ORIGIN-0003-origin3,ORIGIN,34,34,33,0.9705882352941176,0,26
qwen,CANONICAL_REPLAY_s0,UPDATE_COMPARISON-ORIGIN-0004-origin0,ORIGIN,34,34,32,0.9411764705882353,0,4
qwen,CANONICAL_REPLAY_s0,UPDATE_COMPARISON-ORIGIN-0004-origin1,ORIGIN,34,34,33,0.9705882352941176,0,8
qwen,CANONICAL_REPLAY_s0,UPDATE_COMPARISON-ORIGIN-0004-origin2,ORIGIN,34,34,34,1.0,1,12
qwen,CANONICAL_REPLAY_s0,UPDATE_COMPARISON-ORIGIN-0004-origin3,ORIGIN,34,34,34,1.0,1,14
qwen,CANONICAL_REPLAY_s0,UPDATE_COMPARISON-ORIGIN-0005-origin0,ORIGIN,34,34,26,0.7647058823529411,0,6
qwen,CANONICAL_REPLAY_s0,UPDATE_COMPARISON-ORIGIN-0005-origin1,ORIGIN,34,34,26,0.7647058823529411,0,6
qwen,CANONICAL_REPLAY_s0,UPDATE_COMPARISON-ORIGIN-0005-origin2,ORIGIN,34,34,31,0.9117647058823529,0,18
qwen,CANONICAL_REPLAY_s0,UPDATE_COMPARISON-ORIGIN-0005-origin3,ORIGIN,34,34,28,0.8235294117647058,0,20
qwen,CANONICAL_REPLAY_s0,UPDATE_COMPARISON-ORIGIN-0006-origin0,ORIGIN,34,34,32,0.9411764705882353,0,6
qwen,CANONICAL_REPLAY_s0,UPDATE_COMPARISON-ORIGIN-0006-origin1,ORIGIN,34,34,33,0.9705882352941176,0,7
qwen,CANONICAL_REPLAY_s0,UPDATE_COMPARISON-ORIGIN-0006-origin2,ORIGIN,34,34,34,1.0,1,16
qwen,CANONICAL_REPLAY_s0,UPDATE_COMPARISON-ORIGIN-0006-origin3,ORIGIN,34,34,33,0.9705882352941176,0,13
qwen,CANONICAL_REPLAY_s0,UPDATE_COMPARISON-ORIGIN-0007-origin0,ORIGIN,34,34,32,0.9411764705882353,0,7
qwen,CANONICAL_REPLAY_s0,UPDATE_COMPARISON-ORIGIN-0007-origin1,ORIGIN,34,34,32,0.9411764705882353,0,9
qwen,CANONICAL_REPLAY_s0,UPDATE_COMPARISON-ORIGIN-0007-origin2,ORIGIN,34,34,34,1.0,1,14
qwen,CANONICAL_REPLAY_s0,UPDATE_COMPARISON-ORIGIN-0007-origin3,ORIGIN,34,34,34,1.0,1,13
qwen,CANONICAL_REPLAY_s0,UPDATE_COMPARISON-ORIGIN-0008-origin0,ORIGIN,34,34,34,1.0,1,11
qwen,CANONICAL_REPLAY_s0,UPDATE_COMPARISON-ORIGIN-0008-origin1,ORIGIN,34,34,34,1.0,1,12
qwen,CANONICAL_REPLAY_s0,UPDATE_COMPARISON-ORIGIN-0008-origin2,ORIGIN,34,34,33,0.9705882352941176,0,12
qwen,CANONICAL_REPLAY_s0,UPDATE_COMPARISON-ORIGIN-0008-origin3,ORIGIN,34,34,29,0.8529411764705882,0,13
qwen,CANONICAL_REPLAY_s0,UPDATE_COMPARISON-ORIGIN-0009-origin0,ORIGIN,34,34,32,0.9411764705882353,0,4
qwen,CANONICAL_REPLAY_s0,UPDATE_COMPARISON-ORIGIN-0009-origin1,ORIGIN,34,34,32,0.9411764705882353,0,8
qwen,CANONICAL_REPLAY_s0,UPDATE_COMPARISON-ORIGIN-0009-origin2,ORIGIN,34,34,32,0.9411764705882353,0,11
qwen,CANONICAL_REPLAY_s0,UPDATE_COMPARISON-ORIGIN-0009-origin3,ORIGIN,34,34,32,0.9411764705882353,0,16
qwen,CANONICAL_REPLAY_s0,UPDATE_COMPARISON-ORIGIN-0010-origin0,ORIGIN,34,34,34,1.0,1,9
qwen,CANONICAL_REPLAY_s0,UPDATE_COMPARISON-ORIGIN-0010-origin1,ORIGIN,34,34,34,1.0,1,12
qwen,CANONICAL_REPLAY_s0,UPDATE_COMPARISON-ORIGIN-0010-origin2,ORIGIN,34,34,34,1.0,1,12
qwen,CANONICAL_REPLAY_s0,UPDATE_COMPARISON-ORIGIN-0010-origin3,ORIGIN,34,34,34,1.0,1,16
qwen,CANONICAL_REPLAY_s0,UPDATE_COMPARISON-ORIGIN-0011-origin0,ORIGIN,34,34,30,0.8823529411764706,0,7
qwen,CANONICAL_REPLAY_s0,UPDATE_COMPARISON-ORIGIN-0011-origin1,ORIGIN,34,34,34,1.0,1,16
qwen,CANONICAL_REPLAY_s0,UPDATE_COMPARISON-ORIGIN-0011-origin2,ORIGIN,34,34,34,1.0,1,14
qwen,CANONICAL_REPLAY_s0,UPDATE_COMPARISON-ORIGIN-0011-origin3,ORIGIN,34,34,34,1.0,1,16
qwen,CANONICAL_REPLAY_s0,UPDATE_COMPARISON-ORIGIN-0012-origin0,ORIGIN,34,34,34,1.0,1,1
qwen,CANONICAL_REPLAY_s0,UPDATE_COMPARISON-ORIGIN-0012-origin1,ORIGIN,34,34,34,1.0,1,9
qwen,CANONICAL_REPLAY_s0,UPDATE_COMPARISON-ORIGIN-0012-origin2,ORIGIN,34,34,32,0.9411764705882353,0,11
qwen,CANONICAL_REPLAY_s0,UPDATE_COMPARISON-ORIGIN-0012-origin3,ORIGIN,34,34,34,1.0,1,14
qwen,CANONICAL_REPLAY_s0,UPDATE_COMPARISON-ORIGIN-0013-origin0,ORIGIN,34,34,32,0.9411764705882353,0,3
qwen,CANONICAL_REPLAY_s0,UPDATE_COMPARISON-ORIGIN-0013-origin1,ORIGIN,34,34,34,1.0,1,5
qwen,CANONICAL_REPLAY_s0,UPDATE_COMPARISON-ORIGIN-0013-origin2,ORIGIN,34,34,32,0.9411764705882353,0,7
qwen,CANONICAL_REPLAY_s0,UPDATE_COMPARISON-ORIGIN-0013-origin3,ORIGIN,34,34,34,1.0,1,11
qwen,CANONICAL_REPLAY_s0,UPDATE_COMPARISON-ORIGIN-0014-origin0,ORIGIN,34,34,34,1.0,1,2
qwen,CANONICAL_REPLAY_s0,UPDATE_COMPARISON-ORIGIN-0014-origin1,ORIGIN,34,34,34,1.0,1,8
qwen,CANONICAL_REPLAY_s0,UPDATE_COMPARISON-ORIGIN-0014-origin2,ORIGIN,34,34,34,1.0,1,14
qwen,CANONICAL_REPLAY_s0,UPDATE_COMPARISON-ORIGIN-0014-origin3,ORIGIN,34,34,32,0.9411764705882353,0,17
qwen,CANONICAL_REPLAY_s0,UPDATE_COMPARISON-ORIGIN-0015-origin0,ORIGIN,34,34,32,0.9411764705882353,0,7
qwen,CANONICAL_REPLAY_s0,UPDATE_COMPARISON-ORIGIN-0015-origin1,ORIGIN,34,34,32,0.9411764705882353,0,9
qwen,CANONICAL_REPLAY_s0,UPDATE_COMPARISON-ORIGIN-0015-origin2,ORIGIN,34,34,34,1.0,1,18
qwen,CANONICAL_REPLAY_s0,UPDATE_COMPARISON-ORIGIN-0015-origin3,ORIGIN,34,34,34,1.0,1,19
qwen,CANONICAL_REPLAY_s0,UPDATE_COMPARISON-ORIGIN-0016-origin0,ORIGIN,34,34,34,1.0,1,7
qwen,CANONICAL_REPLAY_s0,UPDATE_COMPARISON-ORIGIN-0016-origin1,ORIGIN,34,34,34,1.0,1,12
qwen,CANONICAL_REPLAY_s0,UPDATE_COMPARISON-ORIGIN-0016-origin2,ORIGIN,34,34,34,1.0,1,11
qwen,CANONICAL_REPLAY_s0,UPDATE_COMPARISON-ORIGIN-0016-origin3,ORIGIN,34,34,34,1.0,1,15
qwen,CANONICAL_REPLAY_s0,UPDATE_COMPARISON-ORIGIN-0017-origin0,ORIGIN,34,34,33,0.9705882352941176,0,5
qwen,CANONICAL_REPLAY_s0,UPDATE_COMPARISON-ORIGIN-0017-origin1,ORIGIN,34,34,31,0.9117647058823529,0,8
qwen,CANONICAL_REPLAY_s0,UPDATE_COMPARISON-ORIGIN-0017-origin2,ORIGIN,34,34,33,0.9705882352941176,0,9
qwen,CANONICAL_REPLAY_s0,UPDATE_COMPARISON-ORIGIN-0017-origin3,ORIGIN,34,34,31,0.9117647058823529,0,13
qwen,CANONICAL_REPLAY_s0,UPDATE_COMPARISON-ORIGIN-0018-origin0,ORIGIN,34,34,32,0.9411764705882353,0,10
qwen,CANONICAL_REPLAY_s0,UPDATE_COMPARISON-ORIGIN-0018-origin1,ORIGIN,34,34,32,0.9411764705882353,0,17
qwen,CANONICAL_REPLAY_s0,UPDATE_COMPARISON-ORIGIN-0018-origin2,ORIGIN,34,34,33,0.9705882352941176,0,12
qwen,CANONICAL_REPLAY_s0,UPDATE_COMPARISON-ORIGIN-0018-origin3,ORIGIN,34,34,32,0.9411764705882353,0,16
qwen,CANONICAL_REPLAY_s0,UPDATE_COMPARISON-ORIGIN-0019-origin0,ORIGIN,34,34,32,0.9411764705882353,0,5
qwen,CANONICAL_REPLAY_s0,UPDATE_COMPARISON-ORIGIN-0019-origin1,ORIGIN,34,34,31,0.9117647058823529,0,9
qwen,CANONICAL_REPLAY_s0,UPDATE_COMPARISON-ORIGIN-0019-origin2,ORIGIN,34,34,33,0.9705882352941176,0,11
qwen,CANONICAL_REPLAY_s0,UPDATE_COMPARISON-ORIGIN-0019-origin3,ORIGIN,34,34,32,0.9411764705882353,0,13
qwen,CANONICAL_REPLAY_s0,UPDATE_COMPARISON-ORIGIN-0020-origin0,ORIGIN,34,34,34,1.0,1,1
qwen,CANONICAL_REPLAY_s0,UPDATE_COMPARISON-ORIGIN-0020-origin1,ORIGIN,34,34,33,0.9705882352941176,0,9
qwen,CANONICAL_REPLAY_s0,UPDATE_COMPARISON-ORIGIN-0020-origin2,ORIGIN,34,34,34,1.0,1,11
qwen,CANONICAL_REPLAY_s0,UPDATE_COMPARISON-ORIGIN-0020-origin3,ORIGIN,34,34,34,1.0,1,14
qwen,CANONICAL_REPLAY_s0,UPDATE_COMPARISON-ORIGIN-0021-origin0,ORIGIN,34,34,32,0.9411764705882353,0,8
qwen,CANONICAL_REPLAY_s0,UPDATE_COMPARISON-ORIGIN-0021-origin1,ORIGIN,34,34,31,0.9117647058823529,0,13
qwen,CANONICAL_REPLAY_s0,UPDATE_COMPARISON-ORIGIN-0021-origin2,ORIGIN,34,34,34,1.0,1,14
qwen,CANONICAL_REPLAY_s0,UPDATE_COMPARISON-ORIGIN-0021-origin3,ORIGIN,34,34,34,1.0,1,17
qwen,CANONICAL_REPLAY_s0,UPDATE_COMPARISON-ORIGIN-0022-origin0,ORIGIN,34,34,34,1.0,1,3
qwen,CANONICAL_REPLAY_s0,UPDATE_COMPARISON-ORIGIN-0022-origin1,ORIGIN,34,34,34,1.0,1,9
qwen,CANONICAL_REPLAY_s0,UPDATE_COMPARISON-ORIGIN-0022-origin2,ORIGIN,34,34,34,1.0,1,12
qwen,CANONICAL_REPLAY_s0,UPDATE_COMPARISON-ORIGIN-0022-origin3,ORIGIN,34,34,34,1.0,1,15
qwen,CANONICAL_REPLAY_s0,UPDATE_COMPARISON-ORIGIN-0023-origin0,ORIGIN,34,34,34,1.0,1,3
qwen,CANONICAL_REPLAY_s0,UPDATE_COMPARISON-ORIGIN-0023-origin1,ORIGIN,34,34,34,1.0,1,9
qwen,CANONICAL_REPLAY_s0,UPDATE_COMPARISON-ORIGIN-0023-origin2,ORIGIN,34,34,34,1.0,1,10
qwen,CANONICAL_REPLAY_s0,UPDATE_COMPARISON-ORIGIN-0023-origin3,ORIGIN,34,34,32,0.9411764705882353,0,10
qwen,CANONICAL_REPLAY_s0,UPDATE_COMPARISON-ORIGIN-0024-origin0,ORIGIN,34,34,33,0.9705882352941176,0,4
qwen,CANONICAL_REPLAY_s0,UPDATE_COMPARISON-ORIGIN-0024-origin1,ORIGIN,34,34,34,1.0,1,12
qwen,CANONICAL_REPLAY_s0,UPDATE_COMPARISON-ORIGIN-0024-origin2,ORIGIN,34,34,32,0.9411764705882353,0,18
qwen,CANONICAL_REPLAY_s0,UPDATE_COMPARISON-ORIGIN-0024-origin3,ORIGIN,34,34,34,1.0,1,17
qwen,CANONICAL_REPLAY_s0,UPDATE_COMPARISON-ORIGIN-0025-origin0,ORIGIN,34,34,34,1.0,1,2
qwen,CANONICAL_REPLAY_s0,UPDATE_COMPARISON-ORIGIN-0025-origin1,ORIGIN,34,34,34,1.0,1,11
qwen,CANONICAL_REPLAY_s0,UPDATE_COMPARISON-ORIGIN-0025-origin2,ORIGIN,34,34,34,1.0,1,16
qwen,CANONICAL_REPLAY_s0,UPDATE_COMPARISON-ORIGIN-0025-origin3,ORIGIN,34,34,34,1.0,1,14
qwen,CANONICAL_REPLAY_s0,UPDATE_COMPARISON-ORIGIN-0026-origin0,ORIGIN,34,34,34,1.0,1,8
qwen,CANONICAL_REPLAY_s0,UPDATE_COMPARISON-ORIGIN-0026-origin1,ORIGIN,34,34,32,0.9411764705882353,0,11
qwen,CANONICAL_REPLAY_s0,UPDATE_COMPARISON-ORIGIN-0026-origin2,ORIGIN,34,34,31,0.9117647058823529,0,13
qwen,CANONICAL_REPLAY_s0,UPDATE_COMPARISON-ORIGIN-0026-origin3,ORIGIN,34,34,31,0.9117647058823529,0,15
qwen,CANONICAL_REPLAY_s0,UPDATE_COMPARISON-ORIGIN-0027-origin0,ORIGIN,34,34,30,0.8823529411764706,0,7
qwen,CANONICAL_REPLAY_s0,UPDATE_COMPARISON-ORIGIN-0027-origin1,ORIGIN,34,34,33,0.9705882352941176,0,11
qwen,CANONICAL_REPLAY_s0,UPDATE_COMPARISON-ORIGIN-0027-origin2,ORIGIN,34,34,30,0.8823529411764706,0,23
qwen,CANONICAL_REPLAY_s0,UPDATE_COMPARISON-ORIGIN-0027-origin3,ORIGIN,34,34,33,0.9705882352941176,0,18
qwen,CANONICAL_REPLAY_s0,UPDATE_COMPARISON-ORIGIN-0028-origin0,ORIGIN,34,34,34,1.0,1,2
qwen,CANONICAL_REPLAY_s0,UPDATE_COMPARISON-ORIGIN-0028-origin1,ORIGIN,34,34,34,1.0,1,9
qwen,CANONICAL_REPLAY_s0,UPDATE_COMPARISON-ORIGIN-0028-origin2,ORIGIN,34,34,34,1.0,1,20
qwen,CANONICAL_REPLAY_s0,UPDATE_COMPARISON-ORIGIN-0028-origin3,ORIGIN,34,34,34,1.0,1,26
qwen,CANONICAL_REPLAY_s0,UPDATE_COMPARISON-ORIGIN-0029-origin0,ORIGIN,34,34,34,1.0,1,0
qwen,CANONICAL_REPLAY_s0,UPDATE_COMPARISON-ORIGIN-0029-origin1,ORIGIN,34,34,34,1.0,1,0
qwen,CANONICAL_REPLAY_s0,UPDATE_COMPARISON-ORIGIN-0029-origin2,ORIGIN,34,34,34,1.0,1,17
qwen,CANONICAL_REPLAY_s0,UPDATE_COMPARISON-ORIGIN-0029-origin3,ORIGIN,34,34,34,1.0,1,20
qwen,CANONICAL_REPLAY_s0,UPDATE_COMPARISON-ORIGIN-0030-origin0,ORIGIN,34,34,34,1.0,1,1
qwen,CANONICAL_REPLAY_s0,UPDATE_COMPARISON-ORIGIN-0030-origin1,ORIGIN,34,34,34,1.0,1,8
qwen,CANONICAL_REPLAY_s0,UPDATE_COMPARISON-ORIGIN-0030-origin2,ORIGIN,34,34,34,1.0,1,16
qwen,CANONICAL_REPLAY_s0,UPDATE_COMPARISON-ORIGIN-0030-origin3,ORIGIN,34,34,34,1.0,1,19
qwen,CANONICAL_REPLAY_s0,UPDATE_COMPARISON-ORIGIN-0031-origin0,ORIGIN,34,34,34,1.0,1,2
qwen,CANONICAL_REPLAY_s0,UPDATE_COMPARISON-ORIGIN-0031-origin1,ORIGIN,34,34,34,1.0,1,7
qwen,CANONICAL_REPLAY_s0,UPDATE_COMPARISON-ORIGIN-0031-origin2,ORIGIN,34,34,34,1.0,1,26
qwen,CANONICAL_REPLAY_s0,UPDATE_COMPARISON-ORIGIN-0031-origin3,ORIGIN,34,34,34,1.0,1,28
qwen,CANONICAL_REPLAY_s0,UPDATE_COMPARISON-ORIGIN-0032-origin0,ORIGIN,34,34,34,1.0,1,10
qwen,CANONICAL_REPLAY_s0,UPDATE_COMPARISON-ORIGIN-0032-origin1,ORIGIN,34,34,32,0.9411764705882353,0,12
qwen,CANONICAL_REPLAY_s0,UPDATE_COMPARISON-ORIGIN-0032-origin2,ORIGIN,34,34,34,1.0,1,18
qwen,CANONICAL_REPLAY_s0,UPDATE_COMPARISON-ORIGIN-0032-origin3,ORIGIN,34,34,34,1.0,1,22
qwen,CANONICAL_REPLAY_s0,UPDATE_COMPARISON-ORIGIN-0033-origin0,ORIGIN,34,34,34,1.0,1,6
qwen,CANONICAL_REPLAY_s0,UPDATE_COMPARISON-ORIGIN-0033-origin1,ORIGIN,34,34,34,1.0,1,8
qwen,CANONICAL_REPLAY_s0,UPDATE_COMPARISON-ORIGIN-0033-origin2,ORIGIN,34,34,34,1.0,1,18
qwen,CANONICAL_REPLAY_s0,UPDATE_COMPARISON-ORIGIN-0033-origin3,ORIGIN,34,34,34,1.0,1,23
qwen,CANONICAL_REPLAY_s0,UPDATE_COMPARISON-ORIGIN-0034-origin0,ORIGIN,34,34,33,0.9705882352941176,0,12
qwen,CANONICAL_REPLAY_s0,UPDATE_COMPARISON-ORIGIN-0034-origin1,ORIGIN,34,34,34,1.0,1,15
qwen,CANONICAL_REPLAY_s0,UPDATE_COMPARISON-ORIGIN-0034-origin2,ORIGIN,34,34,34,1.0,1,20
qwen,CANONICAL_REPLAY_s0,UPDATE_COMPARISON-ORIGIN-0034-origin3,ORIGIN,34,34,34,1.0,1,23
qwen,CANONICAL_REPLAY_s0,UPDATE_COMPARISON-ORIGIN-0035-origin0,ORIGIN,34,34,33,0.9705882352941176,0,16
qwen,CANONICAL_REPLAY_s0,UPDATE_COMPARISON-ORIGIN-0035-origin1,ORIGIN,34,34,33,0.9705882352941176,0,15
qwen,CANONICAL_REPLAY_s0,UPDATE_COMPARISON-ORIGIN-0035-origin2,ORIGIN,34,34,32,0.9411764705882353,0,21
qwen,CANONICAL_REPLAY_s0,UPDATE_COMPARISON-ORIGIN-0035-origin3,ORIGIN,34,34,32,0.9411764705882353,0,20
qwen,CANONICAL_REPLAY_s0,UPDATE_COMPARISON-ORIGIN-0036-origin0,ORIGIN,34,34,33,0.9705882352941176,0,8
qwen,CANONICAL_REPLAY_s0,UPDATE_COMPARISON-ORIGIN-0036-origin1,ORIGIN,34,34,30,0.8823529411764706,0,9
qwen,CANONICAL_REPLAY_s0,UPDATE_COMPARISON-ORIGIN-0036-origin2,ORIGIN,34,34,29,0.8529411764705882,0,13
qwen,CANONICAL_REPLAY_s0,UPDATE_COMPARISON-ORIGIN-0036-origin3,ORIGIN,34,34,32,0.9411764705882353,0,15
qwen,CANONICAL_REPLAY_s0,UPDATE_COMPARISON-ORIGIN-0037-origin0,ORIGIN,34,34,34,1.0,1,9
qwen,CANONICAL_REPLAY_s0,UPDATE_COMPARISON-ORIGIN-0037-origin1,ORIGIN,34,34,34,1.0,1,10
qwen,CANONICAL_REPLAY_s0,UPDATE_COMPARISON-ORIGIN-0037-origin2,ORIGIN,34,34,32,0.9411764705882353,0,18
qwen,CANONICAL_REPLAY_s0,UPDATE_COMPARISON-ORIGIN-0037-origin3,ORIGIN,34,34,33,0.9705882352941176,0,20
qwen,CANONICAL_REPLAY_s0,UPDATE_COMPARISON-ORIGIN-0038-origin0,ORIGIN,34,34,33,0.9705882352941176,0,4
qwen,CANONICAL_REPLAY_s0,UPDATE_COMPARISON-ORIGIN-0038-origin1,ORIGIN,34,34,34,1.0,1,10
qwen,CANONICAL_REPLAY_s0,UPDATE_COMPARISON-ORIGIN-0038-origin2,ORIGIN,34,34,34,1.0,1,17
qwen,CANONICAL_REPLAY_s0,UPDATE_COMPARISON-ORIGIN-0038-origin3,ORIGIN,34,34,34,1.0,1,13
qwen,CANONICAL_REPLAY_s0,UPDATE_COMPARISON-ORIGIN-0039-origin0,ORIGIN,34,34,31,0.9117647058823529,0,5
qwen,CANONICAL_REPLAY_s0,UPDATE_COMPARISON-ORIGIN-0039-origin1,ORIGIN,34,34,32,0.9411764705882353,0,8
qwen,CANONICAL_REPLAY_s0,UPDATE_COMPARISON-ORIGIN-0039-origin2,ORIGIN,34,34,30,0.8823529411764706,0,16
qwen,CANONICAL_REPLAY_s0,UPDATE_COMPARISON-ORIGIN-0039-origin3,ORIGIN,34,34,32,0.9411764705882353,0,17
qwen,CANONICAL_REPLAY_s0,UPDATE_COMPARISON-ORIGIN-0040-origin0,ORIGIN,34,34,34,1.0,1,8
qwen,CANONICAL_REPLAY_s0,UPDATE_COMPARISON-ORIGIN-0040-origin1,ORIGIN,34,34,33,0.9705882352941176,0,10
qwen,CANONICAL_REPLAY_s0,UPDATE_COMPARISON-ORIGIN-0040-origin2,ORIGIN,34,34,34,1.0,1,15
qwen,CANONICAL_REPLAY_s0,UPDATE_COMPARISON-ORIGIN-0040-origin3,ORIGIN,34,34,34,1.0,1,13
qwen,CANONICAL_REPLAY_s0,UPDATE_COMPARISON-ORIGIN-0041-origin0,ORIGIN,34,34,31,0.9117647058823529,0,8
qwen,CANONICAL_REPLAY_s0,UPDATE_COMPARISON-ORIGIN-0041-origin1,ORIGIN,34,34,32,0.9411764705882353,0,11
qwen,CANONICAL_REPLAY_s0,UPDATE_COMPARISON-ORIGIN-0041-origin2,ORIGIN,34,34,30,0.8823529411764706,0,12
qwen,CANONICAL_REPLAY_s0,UPDATE_COMPARISON-ORIGIN-0041-origin3,ORIGIN,34,34,33,0.9705882352941176,0,14
qwen,CANONICAL_REPLAY_s0,UPDATE_COMPARISON-ORIGIN-0042-origin0,ORIGIN,34,34,34,1.0,1,6
qwen,CANONICAL_REPLAY_s0,UPDATE_COMPARISON-ORIGIN-0042-origin1,ORIGIN,34,34,34,1.0,1,13
qwen,CANONICAL_REPLAY_s0,UPDATE_COMPARISON-ORIGIN-0042-origin2,ORIGIN,34,34,34,1.0,1,11
qwen,CANONICAL_REPLAY_s0,UPDATE_COMPARISON-ORIGIN-0042-origin3,ORIGIN,34,34,34,1.0,1,14
qwen,CANONICAL_REPLAY_s0,UPDATE_COMPARISON-ORIGIN-0043-origin0,ORIGIN,34,34,34,1.0,1,3
qwen,CANONICAL_REPLAY_s0,UPDATE_COMPARISON-ORIGIN-0043-origin1,ORIGIN,34,34,34,1.0,1,10
qwen,CANONICAL_REPLAY_s0,UPDATE_COMPARISON-ORIGIN-0043-origin2,ORIGIN,34,34,34,1.0,1,11
qwen,CANONICAL_REPLAY_s0,UPDATE_COMPARISON-ORIGIN-0043-origin3,ORIGIN,34,34,34,1.0,1,15
qwen,CANONICAL_REPLAY_s0,UPDATE_COMPARISON-ORIGIN-0044-origin0,ORIGIN,34,34,34,1.0,1,2
qwen,CANONICAL_REPLAY_s0,UPDATE_COMPARISON-ORIGIN-0044-origin1,ORIGIN,34,34,34,1.0,1,8
qwen,CANONICAL_REPLAY_s0,UPDATE_COMPARISON-ORIGIN-0044-origin2,ORIGIN,34,34,34,1.0,1,13
qwen,CANONICAL_REPLAY_s0,UPDATE_COMPARISON-ORIGIN-0044-origin3,ORIGIN,34,34,34,1.0,1,14
qwen,CANONICAL_REPLAY_s0,UPDATE_COMPARISON-ORIGIN-0045-origin0,ORIGIN,34,34,32,0.9411764705882353,0,4
qwen,CANONICAL_REPLAY_s0,UPDATE_COMPARISON-ORIGIN-0045-origin1,ORIGIN,34,34,32,0.9411764705882353,0,5
qwen,CANONICAL_REPLAY_s0,UPDATE_COMPARISON-ORIGIN-0045-origin2,ORIGIN,34,34,31,0.9117647058823529,0,13
qwen,CANONICAL_REPLAY_s0,UPDATE_COMPARISON-ORIGIN-0045-origin3,ORIGIN,34,34,31,0.9117647058823529,0,13
qwen,CANONICAL_REPLAY_s0,UPDATE_COMPARISON-ORIGIN-0046-origin0,ORIGIN,34,34,34,1.0,1,0
qwen,CANONICAL_REPLAY_s0,UPDATE_COMPARISON-ORIGIN-0046-origin1,ORIGIN,34,34,34,1.0,1,5
qwen,CANONICAL_REPLAY_s0,UPDATE_COMPARISON-ORIGIN-0046-origin2,ORIGIN,34,34,34,1.0,1,15
qwen,CANONICAL_REPLAY_s0,UPDATE_COMPARISON-ORIGIN-0046-origin3,ORIGIN,34,34,34,1.0,1,17
qwen,CANONICAL_REPLAY_s0,UPDATE_COMPARISON-ORIGIN-0047-origin0,ORIGIN,34,34,34,1.0,1,1
qwen,CANONICAL_REPLAY_s0,UPDATE_COMPARISON-ORIGIN-0047-origin1,ORIGIN,34,34,34,1.0,1,6
qwen,CANONICAL_REPLAY_s0,UPDATE_COMPARISON-ORIGIN-0047-origin2,ORIGIN,34,34,34,1.0,1,11
qwen,CANONICAL_REPLAY_s0,UPDATE_COMPARISON-ORIGIN-0047-origin3,ORIGIN,34,34,34,1.0,1,10
qwen,CANONICAL_REPLAY_s0,UPDATE_COMPARISON-ORIGIN-0048-origin0,ORIGIN,34,34,34,1.0,1,7
qwen,CANONICAL_REPLAY_s0,UPDATE_COMPARISON-ORIGIN-0048-origin1,ORIGIN,34,34,34,1.0,1,11
qwen,CANONICAL_REPLAY_s0,UPDATE_COMPARISON-ORIGIN-0048-origin2,ORIGIN,34,34,34,1.0,1,14
qwen,CANONICAL_REPLAY_s0,UPDATE_COMPARISON-ORIGIN-0048-origin3,ORIGIN,34,34,34,1.0,1,16
qwen,CANONICAL_REPLAY_s0,UPDATE_COMPARISON-ORIGIN-0049-origin0,ORIGIN,34,34,34,1.0,1,5
qwen,CANONICAL_REPLAY_s0,UPDATE_COMPARISON-ORIGIN-0049-origin1,ORIGIN,34,34,34,1.0,1,9
qwen,CANONICAL_REPLAY_s0,UPDATE_COMPARISON-ORIGIN-0049-origin2,ORIGIN,34,34,34,1.0,1,11
qwen,CANONICAL_REPLAY_s0,UPDATE_COMPARISON-ORIGIN-0049-origin3,ORIGIN,34,34,33,0.9705882352941176,0,14
qwen,CANONICAL_REPLAY_s0,UPDATE_COMPARISON-ORIGIN-0050-origin0,ORIGIN,34,34,34,1.0,1,7
qwen,CANONICAL_REPLAY_s0,UPDATE_COMPARISON-ORIGIN-0050-origin1,ORIGIN,34,34,34,1.0,1,12
qwen,CANONICAL_REPLAY_s0,UPDATE_COMPARISON-ORIGIN-0050-origin2,ORIGIN,34,34,32,0.9411764705882353,0,12
qwen,CANONICAL_REPLAY_s0,UPDATE_COMPARISON-ORIGIN-0050-origin3,ORIGIN,34,34,34,1.0,1,13
qwen,CANONICAL_REPLAY_s0,UPDATE_COMPARISON-ORIGIN-0051-origin0,ORIGIN,34,34,32,0.9411764705882353,0,5
qwen,CANONICAL_REPLAY_s0,UPDATE_COMPARISON-ORIGIN-0051-origin1,ORIGIN,34,34,30,0.8823529411764706,0,8
qwen,CANONICAL_REPLAY_s0,UPDATE_COMPARISON-ORIGIN-0051-origin2,ORIGIN,34,34,31,0.9117647058823529,0,9
qwen,CANONICAL_REPLAY_s0,UPDATE_COMPARISON-ORIGIN-0051-origin3,ORIGIN,34,34,29,0.8529411764705882,0,14
qwen,CANONICAL_REPLAY_s0,UPDATE_COMPARISON-ORIGIN-0052-origin0,ORIGIN,34,34,34,1.0,1,1
qwen,CANONICAL_REPLAY_s0,UPDATE_COMPARISON-ORIGIN-0052-origin1,ORIGIN,34,34,34,1.0,1,6
qwen,CANONICAL_REPLAY_s0,UPDATE_COMPARISON-ORIGIN-0052-origin2,ORIGIN,34,34,34,1.0,1,10
qwen,CANONICAL_REPLAY_s0,UPDATE_COMPARISON-ORIGIN-0052-origin3,ORIGIN,34,34,34,1.0,1,11
qwen,CANONICAL_REPLAY_s0,UPDATE_COMPARISON-ORIGIN-0053-origin0,ORIGIN,34,34,34,1.0,1,5
qwen,CANONICAL_REPLAY_s0,UPDATE_COMPARISON-ORIGIN-0053-origin1,ORIGIN,34,34,33,0.9705882352941176,0,10
qwen,CANONICAL_REPLAY_s0,UPDATE_COMPARISON-ORIGIN-0053-origin2,ORIGIN,34,34,33,0.9705882352941176,0,14
qwen,CANONICAL_REPLAY_s0,UPDATE_COMPARISON-ORIGIN-0053-origin3,ORIGIN,34,34,34,1.0,1,18
qwen,CANONICAL_REPLAY_s0,UPDATE_COMPARISON-ORIGIN-0054-origin0,ORIGIN,34,34,32,0.9411764705882353,0,2
qwen,CANONICAL_REPLAY_s0,UPDATE_COMPARISON-ORIGIN-0054-origin1,ORIGIN,34,34,32,0.9411764705882353,0,7
qwen,CANONICAL_REPLAY_s0,UPDATE_COMPARISON-ORIGIN-0054-origin2,ORIGIN,34,34,33,0.9705882352941176,0,15
qwen,CANONICAL_REPLAY_s0,UPDATE_COMPARISON-ORIGIN-0054-origin3,ORIGIN,34,34,33,0.9705882352941176,0,17
qwen,CANONICAL_REPLAY_s0,UPDATE_COMPARISON-ORIGIN-0055-origin0,ORIGIN,34,34,34,1.0,1,2
qwen,CANONICAL_REPLAY_s0,UPDATE_COMPARISON-ORIGIN-0055-origin1,ORIGIN,34,34,34,1.0,1,8
qwen,CANONICAL_REPLAY_s0,UPDATE_COMPARISON-ORIGIN-0055-origin2,ORIGIN,34,34,34,1.0,1,15
qwen,CANONICAL_REPLAY_s0,UPDATE_COMPARISON-ORIGIN-0055-origin3,ORIGIN,34,34,34,1.0,1,15
qwen,CANONICAL_REPLAY_s0,UPDATE_COMPARISON-ORIGIN-0056-origin0,ORIGIN,34,34,34,1.0,1,6
qwen,CANONICAL_REPLAY_s0,UPDATE_COMPARISON-ORIGIN-0056-origin1,ORIGIN,34,34,34,1.0,1,13
qwen,CANONICAL_REPLAY_s0,UPDATE_COMPARISON-ORIGIN-0056-origin2,ORIGIN,34,34,34,1.0,1,16
qwen,CANONICAL_REPLAY_s0,UPDATE_COMPARISON-ORIGIN-0056-origin3,ORIGIN,34,34,32,0.9411764705882353,0,20
qwen,CANONICAL_REPLAY_s0,UPDATE_COMPARISON-ORIGIN-0057-origin0,ORIGIN,34,34,34,1.0,1,4
qwen,CANONICAL_REPLAY_s0,UPDATE_COMPARISON-ORIGIN-0057-origin1,ORIGIN,34,34,34,1.0,1,12
qwen,CANONICAL_REPLAY_s0,UPDATE_COMPARISON-ORIGIN-0057-origin2,ORIGIN,34,34,33,0.9705882352941176,0,15
qwen,CANONICAL_REPLAY_s0,UPDATE_COMPARISON-ORIGIN-0057-origin3,ORIGIN,34,34,34,1.0,1,15
qwen,CANONICAL_REPLAY_s0,UPDATE_COMPARISON-ORIGIN-0058-origin0,ORIGIN,34,34,33,0.9705882352941176,0,6
qwen,CANONICAL_REPLAY_s0,UPDATE_COMPARISON-ORIGIN-0058-origin1,ORIGIN,34,34,33,0.9705882352941176,0,13
qwen,CANONICAL_REPLAY_s0,UPDATE_COMPARISON-ORIGIN-0058-origin2,ORIGIN,34,34,32,0.9411764705882353,0,14
qwen,CANONICAL_REPLAY_s0,UPDATE_COMPARISON-ORIGIN-0058-origin3,ORIGIN,34,34,30,0.8823529411764706,0,14
qwen,CANONICAL_REPLAY_s0,UPDATE_COMPARISON-ORIGIN-0059-origin0,ORIGIN,34,34,34,1.0,1,0
qwen,CANONICAL_REPLAY_s0,UPDATE_COMPARISON-ORIGIN-0059-origin1,ORIGIN,34,34,34,1.0,1,6
qwen,CANONICAL_REPLAY_s0,UPDATE_COMPARISON-ORIGIN-0059-origin2,ORIGIN,34,34,34,1.0,1,15
qwen,CANONICAL_REPLAY_s0,UPDATE_COMPARISON-ORIGIN-0059-origin3,ORIGIN,34,34,34,1.0,1,11
qwen,CANONICAL_REPLAY_s0,UPDATE_COMPARISON-ORIGIN-0060-origin0,ORIGIN,34,34,34,1.0,1,0
qwen,CANONICAL_REPLAY_s0,UPDATE_COMPARISON-ORIGIN-0060-origin1,ORIGIN,34,34,34,1.0,1,12
qwen,CANONICAL_REPLAY_s0,UPDATE_COMPARISON-ORIGIN-0060-origin2,ORIGIN,34,34,34,1.0,1,21
qwen,CANONICAL_REPLAY_s0,UPDATE_COMPARISON-ORIGIN-0060-origin3,ORIGIN,34,34,34,1.0,1,25
qwen,CANONICAL_REPLAY_s0,UPDATE_COMPARISON-ORIGIN-0061-origin0,ORIGIN,34,34,33,0.9705882352941176,0,4
qwen,CANONICAL_REPLAY_s0,UPDATE_COMPARISON-ORIGIN-0061-origin1,ORIGIN,34,34,32,0.9411764705882353,0,13
qwen,CANONICAL_REPLAY_s0,UPDATE_COMPARISON-ORIGIN-0061-origin2,ORIGIN,34,34,32,0.9411764705882353,0,18
qwen,CANONICAL_REPLAY_s0,UPDATE_COMPARISON-ORIGIN-0061-origin3,ORIGIN,34,34,32,0.9411764705882353,0,22
qwen,CANONICAL_REPLAY_s0,UPDATE_COMPARISON-ORIGIN-0062-origin0,ORIGIN,34,34,34,1.0,1,0
qwen,CANONICAL_REPLAY_s0,UPDATE_COMPARISON-ORIGIN-0062-origin1,ORIGIN,34,34,34,1.0,1,11
qwen,CANONICAL_REPLAY_s0,UPDATE_COMPARISON-ORIGIN-0062-origin2,ORIGIN,34,34,34,1.0,1,25
qwen,CANONICAL_REPLAY_s0,UPDATE_COMPARISON-ORIGIN-0062-origin3,ORIGIN,34,34,34,1.0,1,23
qwen,CANONICAL_REPLAY_s0,UPDATE_COMPARISON-ORIGIN-0063-origin0,ORIGIN,34,34,34,1.0,1,4
qwen,CANONICAL_REPLAY_s0,UPDATE_COMPARISON-ORIGIN-0063-origin1,ORIGIN,34,34,34,1.0,1,10
qwen,CANONICAL_REPLAY_s0,UPDATE_COMPARISON-ORIGIN-0063-origin2,ORIGIN,34,34,34,1.0,1,16
qwen,CANONICAL_REPLAY_s0,UPDATE_COMPARISON-ORIGIN-0063-origin3,ORIGIN,34,34,34,1.0,1,19
qwen,CANONICAL_REPLAY_s1,UPDATE_COMPARISON-ORIGIN-0000-origin0,ORIGIN,34,34,32,0.9411764705882353,0,6
qwen,CANONICAL_REPLAY_s1,UPDATE_COMPARISON-ORIGIN-0000-origin1,ORIGIN,34,34,33,0.9705882352941176,0,14
qwen,CANONICAL_REPLAY_s1,UPDATE_COMPARISON-ORIGIN-0000-origin2,ORIGIN,34,34,31,0.9117647058823529,0,19
qwen,CANONICAL_REPLAY_s1,UPDATE_COMPARISON-ORIGIN-0000-origin3,ORIGIN,34,34,30,0.8823529411764706,0,22
qwen,CANONICAL_REPLAY_s1,UPDATE_COMPARISON-ORIGIN-0001-origin0,ORIGIN,34,34,34,1.0,1,14
qwen,CANONICAL_REPLAY_s1,UPDATE_COMPARISON-ORIGIN-0001-origin1,ORIGIN,34,34,33,0.9705882352941176,0,17
qwen,CANONICAL_REPLAY_s1,UPDATE_COMPARISON-ORIGIN-0001-origin2,ORIGIN,34,34,33,0.9705882352941176,0,20
qwen,CANONICAL_REPLAY_s1,UPDATE_COMPARISON-ORIGIN-0001-origin3,ORIGIN,34,34,34,1.0,1,25
qwen,CANONICAL_REPLAY_s1,UPDATE_COMPARISON-ORIGIN-0002-origin0,ORIGIN,34,34,34,1.0,1,9
qwen,CANONICAL_REPLAY_s1,UPDATE_COMPARISON-ORIGIN-0002-origin1,ORIGIN,34,34,34,1.0,1,14
qwen,CANONICAL_REPLAY_s1,UPDATE_COMPARISON-ORIGIN-0002-origin2,ORIGIN,34,34,32,0.9411764705882353,0,15
qwen,CANONICAL_REPLAY_s1,UPDATE_COMPARISON-ORIGIN-0002-origin3,ORIGIN,34,34,30,0.8823529411764706,0,20
qwen,CANONICAL_REPLAY_s1,UPDATE_COMPARISON-ORIGIN-0003-origin0,ORIGIN,34,34,32,0.9411764705882353,0,10
qwen,CANONICAL_REPLAY_s1,UPDATE_COMPARISON-ORIGIN-0003-origin1,ORIGIN,34,34,33,0.9705882352941176,0,15
qwen,CANONICAL_REPLAY_s1,UPDATE_COMPARISON-ORIGIN-0003-origin2,ORIGIN,34,34,33,0.9705882352941176,0,20
qwen,CANONICAL_REPLAY_s1,UPDATE_COMPARISON-ORIGIN-0003-origin3,ORIGIN,34,34,34,1.0,1,25
qwen,CANONICAL_REPLAY_s1,UPDATE_COMPARISON-ORIGIN-0004-origin0,ORIGIN,34,34,33,0.9705882352941176,0,3
qwen,CANONICAL_REPLAY_s1,UPDATE_COMPARISON-ORIGIN-0004-origin1,ORIGIN,34,34,33,0.9705882352941176,0,8
qwen,CANONICAL_REPLAY_s1,UPDATE_COMPARISON-ORIGIN-0004-origin2,ORIGIN,34,34,34,1.0,1,12
qwen,CANONICAL_REPLAY_s1,UPDATE_COMPARISON-ORIGIN-0004-origin3,ORIGIN,34,34,32,0.9411764705882353,0,12
qwen,CANONICAL_REPLAY_s1,UPDATE_COMPARISON-ORIGIN-0005-origin0,ORIGIN,34,34,33,0.9705882352941176,0,7
qwen,CANONICAL_REPLAY_s1,UPDATE_COMPARISON-ORIGIN-0005-origin1,ORIGIN,34,34,30,0.8823529411764706,0,6
qwen,CANONICAL_REPLAY_s1,UPDATE_COMPARISON-ORIGIN-0005-origin2,ORIGIN,34,34,33,0.9705882352941176,0,18
qwen,CANONICAL_REPLAY_s1,UPDATE_COMPARISON-ORIGIN-0005-origin3,ORIGIN,34,34,30,0.8823529411764706,0,16
qwen,CANONICAL_REPLAY_s1,UPDATE_COMPARISON-ORIGIN-0006-origin0,ORIGIN,34,34,34,1.0,1,4
qwen,CANONICAL_REPLAY_s1,UPDATE_COMPARISON-ORIGIN-0006-origin1,ORIGIN,34,34,34,1.0,1,6
qwen,CANONICAL_REPLAY_s1,UPDATE_COMPARISON-ORIGIN-0006-origin2,ORIGIN,34,34,34,1.0,1,16
qwen,CANONICAL_REPLAY_s1,UPDATE_COMPARISON-ORIGIN-0006-origin3,ORIGIN,34,34,34,1.0,1,12
qwen,CANONICAL_REPLAY_s1,UPDATE_COMPARISON-ORIGIN-0007-origin0,ORIGIN,34,34,33,0.9705882352941176,0,10
qwen,CANONICAL_REPLAY_s1,UPDATE_COMPARISON-ORIGIN-0007-origin1,ORIGIN,34,34,33,0.9705882352941176,0,12
qwen,CANONICAL_REPLAY_s1,UPDATE_COMPARISON-ORIGIN-0007-origin2,ORIGIN,34,34,33,0.9705882352941176,0,13
qwen,CANONICAL_REPLAY_s1,UPDATE_COMPARISON-ORIGIN-0007-origin3,ORIGIN,34,34,33,0.9705882352941176,0,14
qwen,CANONICAL_REPLAY_s1,UPDATE_COMPARISON-ORIGIN-0008-origin0,ORIGIN,34,34,29,0.8529411764705882,0,8
qwen,CANONICAL_REPLAY_s1,UPDATE_COMPARISON-ORIGIN-0008-origin1,ORIGIN,34,34,33,0.9705882352941176,0,13
qwen,CANONICAL_REPLAY_s1,UPDATE_COMPARISON-ORIGIN-0008-origin2,ORIGIN,34,34,31,0.9117647058823529,0,12
qwen,CANONICAL_REPLAY_s1,UPDATE_COMPARISON-ORIGIN-0008-origin3,ORIGIN,34,34,32,0.9411764705882353,0,14
qwen,CANONICAL_REPLAY_s1,UPDATE_COMPARISON-ORIGIN-0009-origin0,ORIGIN,34,34,31,0.9117647058823529,0,5
qwen,CANONICAL_REPLAY_s1,UPDATE_COMPARISON-ORIGIN-0009-origin1,ORIGIN,34,34,32,0.9411764705882353,0,8
qwen,CANONICAL_REPLAY_s1,UPDATE_COMPARISON-ORIGIN-0009-origin2,ORIGIN,34,34,31,0.9117647058823529,0,10
qwen,CANONICAL_REPLAY_s1,UPDATE_COMPARISON-ORIGIN-0009-origin3,ORIGIN,34,34,31,0.9117647058823529,0,15
qwen,CANONICAL_REPLAY_s1,UPDATE_COMPARISON-ORIGIN-0010-origin0,ORIGIN,34,34,31,0.9117647058823529,0,10
qwen,CANONICAL_REPLAY_s1,UPDATE_COMPARISON-ORIGIN-0010-origin1,ORIGIN,34,34,32,0.9411764705882353,0,12
qwen,CANONICAL_REPLAY_s1,UPDATE_COMPARISON-ORIGIN-0010-origin2,ORIGIN,34,34,30,0.8823529411764706,0,14
qwen,CANONICAL_REPLAY_s1,UPDATE_COMPARISON-ORIGIN-0010-origin3,ORIGIN,34,34,31,0.9117647058823529,0,17
qwen,CANONICAL_REPLAY_s1,UPDATE_COMPARISON-ORIGIN-0011-origin0,ORIGIN,34,34,34,1.0,1,11
qwen,CANONICAL_REPLAY_s1,UPDATE_COMPARISON-ORIGIN-0011-origin1,ORIGIN,34,34,34,1.0,1,16
qwen,CANONICAL_REPLAY_s1,UPDATE_COMPARISON-ORIGIN-0011-origin2,ORIGIN,34,34,34,1.0,1,14
qwen,CANONICAL_REPLAY_s1,UPDATE_COMPARISON-ORIGIN-0011-origin3,ORIGIN,34,34,34,1.0,1,16
qwen,CANONICAL_REPLAY_s1,UPDATE_COMPARISON-ORIGIN-0012-origin0,ORIGIN,34,34,34,1.0,1,1
qwen,CANONICAL_REPLAY_s1,UPDATE_COMPARISON-ORIGIN-0012-origin1,ORIGIN,34,34,34,1.0,1,9
qwen,CANONICAL_REPLAY_s1,UPDATE_COMPARISON-ORIGIN-0012-origin2,ORIGIN,34,34,34,1.0,1,13
qwen,CANONICAL_REPLAY_s1,UPDATE_COMPARISON-ORIGIN-0012-origin3,ORIGIN,34,34,34,1.0,1,14
qwen,CANONICAL_REPLAY_s1,UPDATE_COMPARISON-ORIGIN-0013-origin0,ORIGIN,34,34,34,1.0,1,1
qwen,CANONICAL_REPLAY_s1,UPDATE_COMPARISON-ORIGIN-0013-origin1,ORIGIN,34,34,34,1.0,1,5
qwen,CANONICAL_REPLAY_s1,UPDATE_COMPARISON-ORIGIN-0013-origin2,ORIGIN,34,34,34,1.0,1,9
qwen,CANONICAL_REPLAY_s1,UPDATE_COMPARISON-ORIGIN-0013-origin3,ORIGIN,34,34,34,1.0,1,11
qwen,CANONICAL_REPLAY_s1,UPDATE_COMPARISON-ORIGIN-0014-origin0,ORIGIN,34,34,34,1.0,1,2
qwen,CANONICAL_REPLAY_s1,UPDATE_COMPARISON-ORIGIN-0014-origin1,ORIGIN,34,34,34,1.0,1,8
qwen,CANONICAL_REPLAY_s1,UPDATE_COMPARISON-ORIGIN-0014-origin2,ORIGIN,34,34,34,1.0,1,14
qwen,CANONICAL_REPLAY_s1,UPDATE_COMPARISON-ORIGIN-0014-origin3,ORIGIN,34,34,33,0.9705882352941176,0,14
qwen,CANONICAL_REPLAY_s1,UPDATE_COMPARISON-ORIGIN-0015-origin0,ORIGIN,34,34,33,0.9705882352941176,0,6
qwen,CANONICAL_REPLAY_s1,UPDATE_COMPARISON-ORIGIN-0015-origin1,ORIGIN,34,34,32,0.9411764705882353,0,9
qwen,CANONICAL_REPLAY_s1,UPDATE_COMPARISON-ORIGIN-0015-origin2,ORIGIN,34,34,33,0.9705882352941176,0,17
qwen,CANONICAL_REPLAY_s1,UPDATE_COMPARISON-ORIGIN-0015-origin3,ORIGIN,34,34,31,0.9117647058823529,0,16
qwen,CANONICAL_REPLAY_s1,UPDATE_COMPARISON-ORIGIN-0016-origin0,ORIGIN,34,34,32,0.9411764705882353,0,5
qwen,CANONICAL_REPLAY_s1,UPDATE_COMPARISON-ORIGIN-0016-origin1,ORIGIN,34,34,32,0.9411764705882353,0,14
qwen,CANONICAL_REPLAY_s1,UPDATE_COMPARISON-ORIGIN-0016-origin2,ORIGIN,34,34,32,0.9411764705882353,0,13
qwen,CANONICAL_REPLAY_s1,UPDATE_COMPARISON-ORIGIN-0016-origin3,ORIGIN,34,34,31,0.9117647058823529,0,18
qwen,CANONICAL_REPLAY_s1,UPDATE_COMPARISON-ORIGIN-0017-origin0,ORIGIN,34,34,26,0.7647058823529411,0,2
qwen,CANONICAL_REPLAY_s1,UPDATE_COMPARISON-ORIGIN-0017-origin1,ORIGIN,34,34,27,0.7941176470588235,0,6
qwen,CANONICAL_REPLAY_s1,UPDATE_COMPARISON-ORIGIN-0017-origin2,ORIGIN,34,34,28,0.8235294117647058,0,8
qwen,CANONICAL_REPLAY_s1,UPDATE_COMPARISON-ORIGIN-0017-origin3,ORIGIN,34,34,25,0.7352941176470589,0,15
qwen,CANONICAL_REPLAY_s1,UPDATE_COMPARISON-ORIGIN-0018-origin0,ORIGIN,34,34,33,0.9705882352941176,0,9
qwen,CANONICAL_REPLAY_s1,UPDATE_COMPARISON-ORIGIN-0018-origin1,ORIGIN,34,34,33,0.9705882352941176,0,14
qwen,CANONICAL_REPLAY_s1,UPDATE_COMPARISON-ORIGIN-0018-origin2,ORIGIN,34,34,32,0.9411764705882353,0,11
qwen,CANONICAL_REPLAY_s1,UPDATE_COMPARISON-ORIGIN-0018-origin3,ORIGIN,34,34,32,0.9411764705882353,0,16
qwen,CANONICAL_REPLAY_s1,UPDATE_COMPARISON-ORIGIN-0019-origin0,ORIGIN,34,34,33,0.9705882352941176,0,4
qwen,CANONICAL_REPLAY_s1,UPDATE_COMPARISON-ORIGIN-0019-origin1,ORIGIN,34,34,32,0.9411764705882353,0,10
qwen,CANONICAL_REPLAY_s1,UPDATE_COMPARISON-ORIGIN-0019-origin2,ORIGIN,34,34,31,0.9117647058823529,0,11
qwen,CANONICAL_REPLAY_s1,UPDATE_COMPARISON-ORIGIN-0019-origin3,ORIGIN,34,34,31,0.9117647058823529,0,14
qwen,CANONICAL_REPLAY_s1,UPDATE_COMPARISON-ORIGIN-0020-origin0,ORIGIN,34,34,34,1.0,1,1
qwen,CANONICAL_REPLAY_s1,UPDATE_COMPARISON-ORIGIN-0020-origin1,ORIGIN,34,34,34,1.0,1,8
qwen,CANONICAL_REPLAY_s1,UPDATE_COMPARISON-ORIGIN-0020-origin2,ORIGIN,34,34,34,1.0,1,11
qwen,CANONICAL_REPLAY_s1,UPDATE_COMPARISON-ORIGIN-0020-origin3,ORIGIN,34,34,34,1.0,1,14
qwen,CANONICAL_REPLAY_s1,UPDATE_COMPARISON-ORIGIN-0021-origin0,ORIGIN,34,34,32,0.9411764705882353,0,4
qwen,CANONICAL_REPLAY_s1,UPDATE_COMPARISON-ORIGIN-0021-origin1,ORIGIN,34,34,32,0.9411764705882353,0,8
qwen,CANONICAL_REPLAY_s1,UPDATE_COMPARISON-ORIGIN-0021-origin2,ORIGIN,34,34,32,0.9411764705882353,0,12
qwen,CANONICAL_REPLAY_s1,UPDATE_COMPARISON-ORIGIN-0021-origin3,ORIGIN,34,34,32,0.9411764705882353,0,15
qwen,CANONICAL_REPLAY_s1,UPDATE_COMPARISON-ORIGIN-0022-origin0,ORIGIN,34,34,34,1.0,1,3
qwen,CANONICAL_REPLAY_s1,UPDATE_COMPARISON-ORIGIN-0022-origin1,ORIGIN,34,34,34,1.0,1,9
qwen,CANONICAL_REPLAY_s1,UPDATE_COMPARISON-ORIGIN-0022-origin2,ORIGIN,34,34,34,1.0,1,12
qwen,CANONICAL_REPLAY_s1,UPDATE_COMPARISON-ORIGIN-0022-origin3,ORIGIN,34,34,34,1.0,1,15
qwen,CANONICAL_REPLAY_s1,UPDATE_COMPARISON-ORIGIN-0023-origin0,ORIGIN,34,34,34,1.0,1,3
qwen,CANONICAL_REPLAY_s1,UPDATE_COMPARISON-ORIGIN-0023-origin1,ORIGIN,34,34,34,1.0,1,9
qwen,CANONICAL_REPLAY_s1,UPDATE_COMPARISON-ORIGIN-0023-origin2,ORIGIN,34,34,34,1.0,1,10
qwen,CANONICAL_REPLAY_s1,UPDATE_COMPARISON-ORIGIN-0023-origin3,ORIGIN,34,34,30,0.8823529411764706,0,8
qwen,CANONICAL_REPLAY_s1,UPDATE_COMPARISON-ORIGIN-0024-origin0,ORIGIN,34,34,32,0.9411764705882353,0,5
qwen,CANONICAL_REPLAY_s1,UPDATE_COMPARISON-ORIGIN-0024-origin1,ORIGIN,34,34,34,1.0,1,12
qwen,CANONICAL_REPLAY_s1,UPDATE_COMPARISON-ORIGIN-0024-origin2,ORIGIN,34,34,33,0.9705882352941176,0,17
qwen,CANONICAL_REPLAY_s1,UPDATE_COMPARISON-ORIGIN-0024-origin3,ORIGIN,34,34,34,1.0,1,17
qwen,CANONICAL_REPLAY_s1,UPDATE_COMPARISON-ORIGIN-0025-origin0,ORIGIN,34,34,34,1.0,1,2
qwen,CANONICAL_REPLAY_s1,UPDATE_COMPARISON-ORIGIN-0025-origin1,ORIGIN,34,34,34,1.0,1,11
qwen,CANONICAL_REPLAY_s1,UPDATE_COMPARISON-ORIGIN-0025-origin2,ORIGIN,34,34,34,1.0,1,16
qwen,CANONICAL_REPLAY_s1,UPDATE_COMPARISON-ORIGIN-0025-origin3,ORIGIN,34,34,34,1.0,1,14
qwen,CANONICAL_REPLAY_s1,UPDATE_COMPARISON-ORIGIN-0026-origin0,ORIGIN,34,34,34,1.0,1,8
qwen,CANONICAL_REPLAY_s1,UPDATE_COMPARISON-ORIGIN-0026-origin1,ORIGIN,34,34,33,0.9705882352941176,0,12
qwen,CANONICAL_REPLAY_s1,UPDATE_COMPARISON-ORIGIN-0026-origin2,ORIGIN,34,34,34,1.0,1,10
qwen,CANONICAL_REPLAY_s1,UPDATE_COMPARISON-ORIGIN-0026-origin3,ORIGIN,34,34,33,0.9705882352941176,0,15
qwen,CANONICAL_REPLAY_s1,UPDATE_COMPARISON-ORIGIN-0027-origin0,ORIGIN,34,34,33,0.9705882352941176,0,12
qwen,CANONICAL_REPLAY_s1,UPDATE_COMPARISON-ORIGIN-0027-origin1,ORIGIN,34,34,31,0.9117647058823529,0,9
qwen,CANONICAL_REPLAY_s1,UPDATE_COMPARISON-ORIGIN-0027-origin2,ORIGIN,34,34,34,1.0,1,19
qwen,CANONICAL_REPLAY_s1,UPDATE_COMPARISON-ORIGIN-0027-origin3,ORIGIN,34,34,29,0.8529411764705882,0,20
qwen,CANONICAL_REPLAY_s1,UPDATE_COMPARISON-ORIGIN-0028-origin0,ORIGIN,34,34,34,1.0,1,2
qwen,CANONICAL_REPLAY_s1,UPDATE_COMPARISON-ORIGIN-0028-origin1,ORIGIN,34,34,34,1.0,1,9
qwen,CANONICAL_REPLAY_s1,UPDATE_COMPARISON-ORIGIN-0028-origin2,ORIGIN,34,34,34,1.0,1,20
qwen,CANONICAL_REPLAY_s1,UPDATE_COMPARISON-ORIGIN-0028-origin3,ORIGIN,34,34,34,1.0,1,26
qwen,CANONICAL_REPLAY_s1,UPDATE_COMPARISON-ORIGIN-0029-origin0,ORIGIN,34,34,34,1.0,1,0
qwen,CANONICAL_REPLAY_s1,UPDATE_COMPARISON-ORIGIN-0029-origin1,ORIGIN,34,34,34,1.0,1,0
qwen,CANONICAL_REPLAY_s1,UPDATE_COMPARISON-ORIGIN-0029-origin2,ORIGIN,34,34,33,0.9705882352941176,0,18
qwen,CANONICAL_REPLAY_s1,UPDATE_COMPARISON-ORIGIN-0029-origin3,ORIGIN,34,34,34,1.0,1,20
qwen,CANONICAL_REPLAY_s1,UPDATE_COMPARISON-ORIGIN-0030-origin0,ORIGIN,34,34,34,1.0,1,1
qwen,CANONICAL_REPLAY_s1,UPDATE_COMPARISON-ORIGIN-0030-origin1,ORIGIN,34,34,34,1.0,1,8
qwen,CANONICAL_REPLAY_s1,UPDATE_COMPARISON-ORIGIN-0030-origin2,ORIGIN,34,34,33,0.9705882352941176,0,15
qwen,CANONICAL_REPLAY_s1,UPDATE_COMPARISON-ORIGIN-0030-origin3,ORIGIN,34,34,33,0.9705882352941176,0,18
qwen,CANONICAL_REPLAY_s1,UPDATE_COMPARISON-ORIGIN-0031-origin0,ORIGIN,34,34,34,1.0,1,2
qwen,CANONICAL_REPLAY_s1,UPDATE_COMPARISON-ORIGIN-0031-origin1,ORIGIN,34,34,34,1.0,1,7
qwen,CANONICAL_REPLAY_s1,UPDATE_COMPARISON-ORIGIN-0031-origin2,ORIGIN,34,34,34,1.0,1,26
qwen,CANONICAL_REPLAY_s1,UPDATE_COMPARISON-ORIGIN-0031-origin3,ORIGIN,34,34,34,1.0,1,28
qwen,CANONICAL_REPLAY_s1,UPDATE_COMPARISON-ORIGIN-0032-origin0,ORIGIN,34,34,34,1.0,1,10
qwen,CANONICAL_REPLAY_s1,UPDATE_COMPARISON-ORIGIN-0032-origin1,ORIGIN,34,34,34,1.0,1,14
qwen,CANONICAL_REPLAY_s1,UPDATE_COMPARISON-ORIGIN-0032-origin2,ORIGIN,34,34,33,0.9705882352941176,0,19
qwen,CANONICAL_REPLAY_s1,UPDATE_COMPARISON-ORIGIN-0032-origin3,ORIGIN,34,34,31,0.9117647058823529,0,23
qwen,CANONICAL_REPLAY_s1,UPDATE_COMPARISON-ORIGIN-0033-origin0,ORIGIN,34,34,34,1.0,1,6
qwen,CANONICAL_REPLAY_s1,UPDATE_COMPARISON-ORIGIN-0033-origin1,ORIGIN,34,34,34,1.0,1,8
qwen,CANONICAL_REPLAY_s1,UPDATE_COMPARISON-ORIGIN-0033-origin2,ORIGIN,34,34,34,1.0,1,18
qwen,CANONICAL_REPLAY_s1,UPDATE_COMPARISON-ORIGIN-0033-origin3,ORIGIN,34,34,34,1.0,1,23
qwen,CANONICAL_REPLAY_s1,UPDATE_COMPARISON-ORIGIN-0034-origin0,ORIGIN,34,34,34,1.0,1,11
qwen,CANONICAL_REPLAY_s1,UPDATE_COMPARISON-ORIGIN-0034-origin1,ORIGIN,34,34,34,1.0,1,15
qwen,CANONICAL_REPLAY_s1,UPDATE_COMPARISON-ORIGIN-0034-origin2,ORIGIN,34,34,34,1.0,1,20
qwen,CANONICAL_REPLAY_s1,UPDATE_COMPARISON-ORIGIN-0034-origin3,ORIGIN,34,34,34,1.0,1,23
qwen,CANONICAL_REPLAY_s1,UPDATE_COMPARISON-ORIGIN-0035-origin0,ORIGIN,34,34,33,0.9705882352941176,0,16
qwen,CANONICAL_REPLAY_s1,UPDATE_COMPARISON-ORIGIN-0035-origin1,ORIGIN,34,34,33,0.9705882352941176,0,15
qwen,CANONICAL_REPLAY_s1,UPDATE_COMPARISON-ORIGIN-0035-origin2,ORIGIN,34,34,33,0.9705882352941176,0,22
qwen,CANONICAL_REPLAY_s1,UPDATE_COMPARISON-ORIGIN-0035-origin3,ORIGIN,34,34,33,0.9705882352941176,0,21
qwen,CANONICAL_REPLAY_s1,UPDATE_COMPARISON-ORIGIN-0036-origin0,ORIGIN,34,34,33,0.9705882352941176,0,10
qwen,CANONICAL_REPLAY_s1,UPDATE_COMPARISON-ORIGIN-0036-origin1,ORIGIN,34,34,29,0.8529411764705882,0,14
qwen,CANONICAL_REPLAY_s1,UPDATE_COMPARISON-ORIGIN-0036-origin2,ORIGIN,34,34,32,0.9411764705882353,0,16
qwen,CANONICAL_REPLAY_s1,UPDATE_COMPARISON-ORIGIN-0036-origin3,ORIGIN,34,34,32,0.9411764705882353,0,15
qwen,CANONICAL_REPLAY_s1,UPDATE_COMPARISON-ORIGIN-0037-origin0,ORIGIN,34,34,34,1.0,1,9
qwen,CANONICAL_REPLAY_s1,UPDATE_COMPARISON-ORIGIN-0037-origin1,ORIGIN,34,34,33,0.9705882352941176,0,11
qwen,CANONICAL_REPLAY_s1,UPDATE_COMPARISON-ORIGIN-0037-origin2,ORIGIN,34,34,32,0.9411764705882353,0,16
qwen,CANONICAL_REPLAY_s1,UPDATE_COMPARISON-ORIGIN-0037-origin3,ORIGIN,34,34,32,0.9411764705882353,0,17
qwen,CANONICAL_REPLAY_s1,UPDATE_COMPARISON-ORIGIN-0038-origin0,ORIGIN,34,34,32,0.9411764705882353,0,5
qwen,CANONICAL_REPLAY_s1,UPDATE_COMPARISON-ORIGIN-0038-origin1,ORIGIN,34,34,33,0.9705882352941176,0,11
qwen,CANONICAL_REPLAY_s1,UPDATE_COMPARISON-ORIGIN-0038-origin2,ORIGIN,34,34,32,0.9411764705882353,0,15
qwen,CANONICAL_REPLAY_s1,UPDATE_COMPARISON-ORIGIN-0038-origin3,ORIGIN,34,34,32,0.9411764705882353,0,13
qwen,CANONICAL_REPLAY_s1,UPDATE_COMPARISON-ORIGIN-0039-origin0,ORIGIN,34,34,31,0.9117647058823529,0,7
qwen,CANONICAL_REPLAY_s1,UPDATE_COMPARISON-ORIGIN-0039-origin1,ORIGIN,34,34,31,0.9117647058823529,0,11
qwen,CANONICAL_REPLAY_s1,UPDATE_COMPARISON-ORIGIN-0039-origin2,ORIGIN,34,34,31,0.9117647058823529,0,15
qwen,CANONICAL_REPLAY_s1,UPDATE_COMPARISON-ORIGIN-0039-origin3,ORIGIN,34,34,30,0.8823529411764706,0,15
qwen,CANONICAL_REPLAY_s1,UPDATE_COMPARISON-ORIGIN-0040-origin0,ORIGIN,34,34,34,1.0,1,8
qwen,CANONICAL_REPLAY_s1,UPDATE_COMPARISON-ORIGIN-0040-origin1,ORIGIN,34,34,32,0.9411764705882353,0,9
qwen,CANONICAL_REPLAY_s1,UPDATE_COMPARISON-ORIGIN-0040-origin2,ORIGIN,34,34,34,1.0,1,15
qwen,CANONICAL_REPLAY_s1,UPDATE_COMPARISON-ORIGIN-0040-origin3,ORIGIN,34,34,32,0.9411764705882353,0,13
qwen,CANONICAL_REPLAY_s1,UPDATE_COMPARISON-ORIGIN-0041-origin0,ORIGIN,34,34,34,1.0,1,11
qwen,CANONICAL_REPLAY_s1,UPDATE_COMPARISON-ORIGIN-0041-origin1,ORIGIN,34,34,34,1.0,1,13
qwen,CANONICAL_REPLAY_s1,UPDATE_COMPARISON-ORIGIN-0041-origin2,ORIGIN,34,34,30,0.8823529411764706,0,14
qwen,CANONICAL_REPLAY_s1,UPDATE_COMPARISON-ORIGIN-0041-origin3,ORIGIN,34,34,29,0.8529411764705882,0,14
qwen,CANONICAL_REPLAY_s1,UPDATE_COMPARISON-ORIGIN-0042-origin0,ORIGIN,34,34,34,1.0,1,6
qwen,CANONICAL_REPLAY_s1,UPDATE_COMPARISON-ORIGIN-0042-origin1,ORIGIN,34,34,33,0.9705882352941176,0,12
qwen,CANONICAL_REPLAY_s1,UPDATE_COMPARISON-ORIGIN-0042-origin2,ORIGIN,34,34,34,1.0,1,11
qwen,CANONICAL_REPLAY_s1,UPDATE_COMPARISON-ORIGIN-0042-origin3,ORIGIN,34,34,33,0.9705882352941176,0,13
qwen,CANONICAL_REPLAY_s1,UPDATE_COMPARISON-ORIGIN-0043-origin0,ORIGIN,34,34,34,1.0,1,3
qwen,CANONICAL_REPLAY_s1,UPDATE_COMPARISON-ORIGIN-0043-origin1,ORIGIN,34,34,34,1.0,1,10
qwen,CANONICAL_REPLAY_s1,UPDATE_COMPARISON-ORIGIN-0043-origin2,ORIGIN,34,34,32,0.9411764705882353,0,11
qwen,CANONICAL_REPLAY_s1,UPDATE_COMPARISON-ORIGIN-0043-origin3,ORIGIN,34,34,28,0.8235294117647058,0,13
qwen,CANONICAL_REPLAY_s1,UPDATE_COMPARISON-ORIGIN-0044-origin0,ORIGIN,34,34,34,1.0,1,2
qwen,CANONICAL_REPLAY_s1,UPDATE_COMPARISON-ORIGIN-0044-origin1,ORIGIN,34,34,34,1.0,1,8
qwen,CANONICAL_REPLAY_s1,UPDATE_COMPARISON-ORIGIN-0044-origin2,ORIGIN,34,34,34,1.0,1,13
qwen,CANONICAL_REPLAY_s1,UPDATE_COMPARISON-ORIGIN-0044-origin3,ORIGIN,34,34,34,1.0,1,14
qwen,CANONICAL_REPLAY_s1,UPDATE_COMPARISON-ORIGIN-0045-origin0,ORIGIN,34,34,34,1.0,1,2
qwen,CANONICAL_REPLAY_s1,UPDATE_COMPARISON-ORIGIN-0045-origin1,ORIGIN,34,34,34,1.0,1,7
qwen,CANONICAL_REPLAY_s1,UPDATE_COMPARISON-ORIGIN-0045-origin2,ORIGIN,34,34,34,1.0,1,12
qwen,CANONICAL_REPLAY_s1,UPDATE_COMPARISON-ORIGIN-0045-origin3,ORIGIN,34,34,32,0.9411764705882353,0,12
qwen,CANONICAL_REPLAY_s1,UPDATE_COMPARISON-ORIGIN-0046-origin0,ORIGIN,34,34,34,1.0,1,0
qwen,CANONICAL_REPLAY_s1,UPDATE_COMPARISON-ORIGIN-0046-origin1,ORIGIN,34,34,34,1.0,1,5
qwen,CANONICAL_REPLAY_s1,UPDATE_COMPARISON-ORIGIN-0046-origin2,ORIGIN,34,34,34,1.0,1,15
qwen,CANONICAL_REPLAY_s1,UPDATE_COMPARISON-ORIGIN-0046-origin3,ORIGIN,34,34,34,1.0,1,17
qwen,CANONICAL_REPLAY_s1,UPDATE_COMPARISON-ORIGIN-0047-origin0,ORIGIN,34,34,34,1.0,1,1
qwen,CANONICAL_REPLAY_s1,UPDATE_COMPARISON-ORIGIN-0047-origin1,ORIGIN,34,34,34,1.0,1,6
qwen,CANONICAL_REPLAY_s1,UPDATE_COMPARISON-ORIGIN-0047-origin2,ORIGIN,34,34,34,1.0,1,11
qwen,CANONICAL_REPLAY_s1,UPDATE_COMPARISON-ORIGIN-0047-origin3,ORIGIN,34,34,34,1.0,1,10
qwen,CANONICAL_REPLAY_s1,UPDATE_COMPARISON-ORIGIN-0048-origin0,ORIGIN,34,34,31,0.9117647058823529,0,6
qwen,CANONICAL_REPLAY_s1,UPDATE_COMPARISON-ORIGIN-0048-origin1,ORIGIN,34,34,30,0.8823529411764706,0,11
qwen,CANONICAL_REPLAY_s1,UPDATE_COMPARISON-ORIGIN-0048-origin2,ORIGIN,34,34,31,0.9117647058823529,0,15
qwen,CANONICAL_REPLAY_s1,UPDATE_COMPARISON-ORIGIN-0048-origin3,ORIGIN,34,34,32,0.9411764705882353,0,14
qwen,CANONICAL_REPLAY_s1,UPDATE_COMPARISON-ORIGIN-0049-origin0,ORIGIN,34,34,34,1.0,1,5
qwen,CANONICAL_REPLAY_s1,UPDATE_COMPARISON-ORIGIN-0049-origin1,ORIGIN,34,34,34,1.0,1,9
qwen,CANONICAL_REPLAY_s1,UPDATE_COMPARISON-ORIGIN-0049-origin2,ORIGIN,34,34,32,0.9411764705882353,0,11
qwen,CANONICAL_REPLAY_s1,UPDATE_COMPARISON-ORIGIN-0049-origin3,ORIGIN,34,34,32,0.9411764705882353,0,15
qwen,CANONICAL_REPLAY_s1,UPDATE_COMPARISON-ORIGIN-0050-origin0,ORIGIN,34,34,33,0.9705882352941176,0,8
qwen,CANONICAL_REPLAY_s1,UPDATE_COMPARISON-ORIGIN-0050-origin1,ORIGIN,34,34,33,0.9705882352941176,0,13
qwen,CANONICAL_REPLAY_s1,UPDATE_COMPARISON-ORIGIN-0050-origin2,ORIGIN,34,34,32,0.9411764705882353,0,14
qwen,CANONICAL_REPLAY_s1,UPDATE_COMPARISON-ORIGIN-0050-origin3,ORIGIN,34,34,31,0.9117647058823529,0,14
qwen,CANONICAL_REPLAY_s1,UPDATE_COMPARISON-ORIGIN-0051-origin0,ORIGIN,34,34,33,0.9705882352941176,0,6
qwen,CANONICAL_REPLAY_s1,UPDATE_COMPARISON-ORIGIN-0051-origin1,ORIGIN,34,34,34,1.0,1,12
qwen,CANONICAL_REPLAY_s1,UPDATE_COMPARISON-ORIGIN-0051-origin2,ORIGIN,34,34,33,0.9705882352941176,0,9
qwen,CANONICAL_REPLAY_s1,UPDATE_COMPARISON-ORIGIN-0051-origin3,ORIGIN,34,34,28,0.8235294117647058,0,9
qwen,CANONICAL_REPLAY_s1,UPDATE_COMPARISON-ORIGIN-0052-origin0,ORIGIN,34,34,34,1.0,1,1
qwen,CANONICAL_REPLAY_s1,UPDATE_COMPARISON-ORIGIN-0052-origin1,ORIGIN,34,34,34,1.0,1,6
qwen,CANONICAL_REPLAY_s1,UPDATE_COMPARISON-ORIGIN-0052-origin2,ORIGIN,34,34,32,0.9411764705882353,0,10
qwen,CANONICAL_REPLAY_s1,UPDATE_COMPARISON-ORIGIN-0052-origin3,ORIGIN,34,34,32,0.9411764705882353,0,9
qwen,CANONICAL_REPLAY_s1,UPDATE_COMPARISON-ORIGIN-0053-origin0,ORIGIN,34,34,33,0.9705882352941176,0,4
qwen,CANONICAL_REPLAY_s1,UPDATE_COMPARISON-ORIGIN-0053-origin1,ORIGIN,34,34,33,0.9705882352941176,0,10
qwen,CANONICAL_REPLAY_s1,UPDATE_COMPARISON-ORIGIN-0053-origin2,ORIGIN,34,34,34,1.0,1,15
qwen,CANONICAL_REPLAY_s1,UPDATE_COMPARISON-ORIGIN-0053-origin3,ORIGIN,34,34,34,1.0,1,18
qwen,CANONICAL_REPLAY_s1,UPDATE_COMPARISON-ORIGIN-0054-origin0,ORIGIN,34,34,33,0.9705882352941176,0,1
qwen,CANONICAL_REPLAY_s1,UPDATE_COMPARISON-ORIGIN-0054-origin1,ORIGIN,34,34,33,0.9705882352941176,0,6
qwen,CANONICAL_REPLAY_s1,UPDATE_COMPARISON-ORIGIN-0054-origin2,ORIGIN,34,34,32,0.9411764705882353,0,16
qwen,CANONICAL_REPLAY_s1,UPDATE_COMPARISON-ORIGIN-0054-origin3,ORIGIN,34,34,32,0.9411764705882353,0,18
qwen,CANONICAL_REPLAY_s1,UPDATE_COMPARISON-ORIGIN-0055-origin0,ORIGIN,34,34,34,1.0,1,2
qwen,CANONICAL_REPLAY_s1,UPDATE_COMPARISON-ORIGIN-0055-origin1,ORIGIN,34,34,34,1.0,1,8
qwen,CANONICAL_REPLAY_s1,UPDATE_COMPARISON-ORIGIN-0055-origin2,ORIGIN,34,34,34,1.0,1,15
qwen,CANONICAL_REPLAY_s1,UPDATE_COMPARISON-ORIGIN-0055-origin3,ORIGIN,34,34,34,1.0,1,15
qwen,CANONICAL_REPLAY_s1,UPDATE_COMPARISON-ORIGIN-0056-origin0,ORIGIN,34,34,34,1.0,1,6
qwen,CANONICAL_REPLAY_s1,UPDATE_COMPARISON-ORIGIN-0056-origin1,ORIGIN,34,34,34,1.0,1,13
qwen,CANONICAL_REPLAY_s1,UPDATE_COMPARISON-ORIGIN-0056-origin2,ORIGIN,34,34,33,0.9705882352941176,0,15
qwen,CANONICAL_REPLAY_s1,UPDATE_COMPARISON-ORIGIN-0056-origin3,ORIGIN,34,34,33,0.9705882352941176,0,17
qwen,CANONICAL_REPLAY_s1,UPDATE_COMPARISON-ORIGIN-0057-origin0,ORIGIN,34,34,32,0.9411764705882353,0,6
qwen,CANONICAL_REPLAY_s1,UPDATE_COMPARISON-ORIGIN-0057-origin1,ORIGIN,34,34,34,1.0,1,12
qwen,CANONICAL_REPLAY_s1,UPDATE_COMPARISON-ORIGIN-0057-origin2,ORIGIN,34,34,30,0.8823529411764706,0,14
qwen,CANONICAL_REPLAY_s1,UPDATE_COMPARISON-ORIGIN-0057-origin3,ORIGIN,34,34,33,0.9705882352941176,0,16
qwen,CANONICAL_REPLAY_s1,UPDATE_COMPARISON-ORIGIN-0058-origin0,ORIGIN,34,34,34,1.0,1,5
qwen,CANONICAL_REPLAY_s1,UPDATE_COMPARISON-ORIGIN-0058-origin1,ORIGIN,34,34,34,1.0,1,12
qwen,CANONICAL_REPLAY_s1,UPDATE_COMPARISON-ORIGIN-0058-origin2,ORIGIN,34,34,24,0.7058823529411765,0,6
qwen,CANONICAL_REPLAY_s1,UPDATE_COMPARISON-ORIGIN-0058-origin3,ORIGIN,34,34,32,0.9411764705882353,0,16
qwen,CANONICAL_REPLAY_s1,UPDATE_COMPARISON-ORIGIN-0059-origin0,ORIGIN,34,34,34,1.0,1,0
qwen,CANONICAL_REPLAY_s1,UPDATE_COMPARISON-ORIGIN-0059-origin1,ORIGIN,34,34,34,1.0,1,6
qwen,CANONICAL_REPLAY_s1,UPDATE_COMPARISON-ORIGIN-0059-origin2,ORIGIN,34,34,34,1.0,1,15
qwen,CANONICAL_REPLAY_s1,UPDATE_COMPARISON-ORIGIN-0059-origin3,ORIGIN,34,34,34,1.0,1,11
qwen,CANONICAL_REPLAY_s1,UPDATE_COMPARISON-ORIGIN-0060-origin0,ORIGIN,34,34,34,1.0,1,0
qwen,CANONICAL_REPLAY_s1,UPDATE_COMPARISON-ORIGIN-0060-origin1,ORIGIN,34,34,34,1.0,1,12
qwen,CANONICAL_REPLAY_s1,UPDATE_COMPARISON-ORIGIN-0060-origin2,ORIGIN,34,34,34,1.0,1,21
qwen,CANONICAL_REPLAY_s1,UPDATE_COMPARISON-ORIGIN-0060-origin3,ORIGIN,34,34,34,1.0,1,25
qwen,CANONICAL_REPLAY_s1,UPDATE_COMPARISON-ORIGIN-0061-origin0,ORIGIN,34,34,34,1.0,1,5
qwen,CANONICAL_REPLAY_s1,UPDATE_COMPARISON-ORIGIN-0061-origin1,ORIGIN,34,34,34,1.0,1,13
qwen,CANONICAL_REPLAY_s1,UPDATE_COMPARISON-ORIGIN-0061-origin2,ORIGIN,34,34,34,1.0,1,20
qwen,CANONICAL_REPLAY_s1,UPDATE_COMPARISON-ORIGIN-0061-origin3,ORIGIN,34,34,34,1.0,1,24
qwen,CANONICAL_REPLAY_s1,UPDATE_COMPARISON-ORIGIN-0062-origin0,ORIGIN,34,34,34,1.0,1,0
qwen,CANONICAL_REPLAY_s1,UPDATE_COMPARISON-ORIGIN-0062-origin1,ORIGIN,34,34,34,1.0,1,11
qwen,CANONICAL_REPLAY_s1,UPDATE_COMPARISON-ORIGIN-0062-origin2,ORIGIN,34,34,34,1.0,1,25
qwen,CANONICAL_REPLAY_s1,UPDATE_COMPARISON-ORIGIN-0062-origin3,ORIGIN,34,34,34,1.0,1,23
qwen,CANONICAL_REPLAY_s1,UPDATE_COMPARISON-ORIGIN-0063-origin0,ORIGIN,34,34,34,1.0,1,4
qwen,CANONICAL_REPLAY_s1,UPDATE_COMPARISON-ORIGIN-0063-origin1,ORIGIN,34,34,34,1.0,1,10
qwen,CANONICAL_REPLAY_s1,UPDATE_COMPARISON-ORIGIN-0063-origin2,ORIGIN,34,34,34,1.0,1,16
qwen,CANONICAL_REPLAY_s1,UPDATE_COMPARISON-ORIGIN-0063-origin3,ORIGIN,34,34,33,0.9705882352941176,0,18
qwen,EXISTING_CORRECTION,UPDATE_COMPARISON-ORIGIN-0000-origin0,ORIGIN,34,34,30,0.8823529411764706,0,6
qwen,EXISTING_CORRECTION,UPDATE_COMPARISON-ORIGIN-0000-origin1,ORIGIN,34,34,27,0.7941176470588235,0,8
qwen,EXISTING_CORRECTION,UPDATE_COMPARISON-ORIGIN-0000-origin2,ORIGIN,34,34,24,0.7058823529411765,0,16
qwen,EXISTING_CORRECTION,UPDATE_COMPARISON-ORIGIN-0000-origin3,ORIGIN,34,34,23,0.6764705882352942,0,23
qwen,EXISTING_CORRECTION,UPDATE_COMPARISON-ORIGIN-0001-origin0,ORIGIN,34,34,27,0.7941176470588235,0,7
qwen,EXISTING_CORRECTION,UPDATE_COMPARISON-ORIGIN-0001-origin1,ORIGIN,34,34,26,0.7647058823529411,0,8
qwen,EXISTING_CORRECTION,UPDATE_COMPARISON-ORIGIN-0001-origin2,ORIGIN,34,34,20,0.5882352941176471,0,15
qwen,EXISTING_CORRECTION,UPDATE_COMPARISON-ORIGIN-0001-origin3,ORIGIN,34,34,20,0.5882352941176471,0,21
qwen,EXISTING_CORRECTION,UPDATE_COMPARISON-ORIGIN-0002-origin0,ORIGIN,34,34,31,0.9117647058823529,0,8
qwen,EXISTING_CORRECTION,UPDATE_COMPARISON-ORIGIN-0002-origin1,ORIGIN,34,34,28,0.8235294117647058,0,12
qwen,EXISTING_CORRECTION,UPDATE_COMPARISON-ORIGIN-0002-origin2,ORIGIN,34,34,28,0.8235294117647058,0,17
qwen,EXISTING_CORRECTION,UPDATE_COMPARISON-ORIGIN-0002-origin3,ORIGIN,34,34,26,0.7647058823529411,0,28
qwen,EXISTING_CORRECTION,UPDATE_COMPARISON-ORIGIN-0003-origin0,ORIGIN,34,34,28,0.8235294117647058,0,6
qwen,EXISTING_CORRECTION,UPDATE_COMPARISON-ORIGIN-0003-origin1,ORIGIN,34,34,25,0.7352941176470589,0,7
qwen,EXISTING_CORRECTION,UPDATE_COMPARISON-ORIGIN-0003-origin2,ORIGIN,34,34,23,0.6764705882352942,0,14
qwen,EXISTING_CORRECTION,UPDATE_COMPARISON-ORIGIN-0003-origin3,ORIGIN,34,34,22,0.6470588235294118,0,19
qwen,EXISTING_CORRECTION,UPDATE_COMPARISON-ORIGIN-0004-origin0,ORIGIN,34,34,27,0.7941176470588235,0,5
qwen,EXISTING_CORRECTION,UPDATE_COMPARISON-ORIGIN-0004-origin1,ORIGIN,34,34,27,0.7941176470588235,0,8
qwen,EXISTING_CORRECTION,UPDATE_COMPARISON-ORIGIN-0004-origin2,ORIGIN,34,34,28,0.8235294117647058,0,10
qwen,EXISTING_CORRECTION,UPDATE_COMPARISON-ORIGIN-0004-origin3,ORIGIN,34,34,25,0.7352941176470589,0,9
qwen,EXISTING_CORRECTION,UPDATE_COMPARISON-ORIGIN-0005-origin0,ORIGIN,34,34,32,0.9411764705882353,0,6
qwen,EXISTING_CORRECTION,UPDATE_COMPARISON-ORIGIN-0005-origin1,ORIGIN,34,34,31,0.9117647058823529,0,7
qwen,EXISTING_CORRECTION,UPDATE_COMPARISON-ORIGIN-0005-origin2,ORIGIN,34,34,32,0.9411764705882353,0,17
qwen,EXISTING_CORRECTION,UPDATE_COMPARISON-ORIGIN-0005-origin3,ORIGIN,34,34,28,0.8235294117647058,0,14
qwen,EXISTING_CORRECTION,UPDATE_COMPARISON-ORIGIN-0006-origin0,ORIGIN,34,34,29,0.8529411764705882,0,1
qwen,EXISTING_CORRECTION,UPDATE_COMPARISON-ORIGIN-0006-origin1,ORIGIN,34,34,29,0.8529411764705882,0,3
qwen,EXISTING_CORRECTION,UPDATE_COMPARISON-ORIGIN-0006-origin2,ORIGIN,34,34,28,0.8235294117647058,0,16
qwen,EXISTING_CORRECTION,UPDATE_COMPARISON-ORIGIN-0006-origin3,ORIGIN,34,34,29,0.8529411764705882,0,11
qwen,EXISTING_CORRECTION,UPDATE_COMPARISON-ORIGIN-0007-origin0,ORIGIN,34,34,23,0.6764705882352942,0,16
qwen,EXISTING_CORRECTION,UPDATE_COMPARISON-ORIGIN-0007-origin1,ORIGIN,34,34,22,0.6470588235294118,0,17
qwen,EXISTING_CORRECTION,UPDATE_COMPARISON-ORIGIN-0007-origin2,ORIGIN,34,34,21,0.6176470588235294,0,9
qwen,EXISTING_CORRECTION,UPDATE_COMPARISON-ORIGIN-0007-origin3,ORIGIN,34,34,21,0.6176470588235294,0,12
qwen,EXISTING_CORRECTION,UPDATE_COMPARISON-ORIGIN-0008-origin0,ORIGIN,34,34,27,0.7941176470588235,0,6
qwen,EXISTING_CORRECTION,UPDATE_COMPARISON-ORIGIN-0008-origin1,ORIGIN,34,34,28,0.8235294117647058,0,8
qwen,EXISTING_CORRECTION,UPDATE_COMPARISON-ORIGIN-0008-origin2,ORIGIN,34,34,29,0.8529411764705882,0,10
qwen,EXISTING_CORRECTION,UPDATE_COMPARISON-ORIGIN-0008-origin3,ORIGIN,34,34,29,0.8529411764705882,0,13
qwen,EXISTING_CORRECTION,UPDATE_COMPARISON-ORIGIN-0009-origin0,ORIGIN,34,34,28,0.8235294117647058,0,8
qwen,EXISTING_CORRECTION,UPDATE_COMPARISON-ORIGIN-0009-origin1,ORIGIN,34,34,28,0.8235294117647058,0,6
qwen,EXISTING_CORRECTION,UPDATE_COMPARISON-ORIGIN-0009-origin2,ORIGIN,34,34,27,0.7941176470588235,0,8
qwen,EXISTING_CORRECTION,UPDATE_COMPARISON-ORIGIN-0009-origin3,ORIGIN,34,34,29,0.8529411764705882,0,15
qwen,EXISTING_CORRECTION,UPDATE_COMPARISON-ORIGIN-0010-origin0,ORIGIN,34,34,24,0.7058823529411765,0,1
qwen,EXISTING_CORRECTION,UPDATE_COMPARISON-ORIGIN-0010-origin1,ORIGIN,34,34,27,0.7941176470588235,0,7
qwen,EXISTING_CORRECTION,UPDATE_COMPARISON-ORIGIN-0010-origin2,ORIGIN,34,34,21,0.6176470588235294,0,9
qwen,EXISTING_CORRECTION,UPDATE_COMPARISON-ORIGIN-0010-origin3,ORIGIN,34,34,25,0.7352941176470589,0,13
qwen,EXISTING_CORRECTION,UPDATE_COMPARISON-ORIGIN-0011-origin0,ORIGIN,34,34,28,0.8235294117647058,0,9
qwen,EXISTING_CORRECTION,UPDATE_COMPARISON-ORIGIN-0011-origin1,ORIGIN,34,34,25,0.7352941176470589,0,11
qwen,EXISTING_CORRECTION,UPDATE_COMPARISON-ORIGIN-0011-origin2,ORIGIN,34,34,26,0.7647058823529411,0,10
qwen,EXISTING_CORRECTION,UPDATE_COMPARISON-ORIGIN-0011-origin3,ORIGIN,34,34,25,0.7352941176470589,0,17
qwen,EXISTING_CORRECTION,UPDATE_COMPARISON-ORIGIN-0012-origin0,ORIGIN,34,34,34,1.0,1,1
qwen,EXISTING_CORRECTION,UPDATE_COMPARISON-ORIGIN-0012-origin1,ORIGIN,34,34,33,0.9705882352941176,0,8
qwen,EXISTING_CORRECTION,UPDATE_COMPARISON-ORIGIN-0012-origin2,ORIGIN,34,34,34,1.0,1,13
qwen,EXISTING_CORRECTION,UPDATE_COMPARISON-ORIGIN-0012-origin3,ORIGIN,34,34,33,0.9705882352941176,0,13
qwen,EXISTING_CORRECTION,UPDATE_COMPARISON-ORIGIN-0013-origin0,ORIGIN,34,34,33,0.9705882352941176,0,2
qwen,EXISTING_CORRECTION,UPDATE_COMPARISON-ORIGIN-0013-origin1,ORIGIN,34,34,31,0.9117647058823529,0,8
qwen,EXISTING_CORRECTION,UPDATE_COMPARISON-ORIGIN-0013-origin2,ORIGIN,34,34,33,0.9705882352941176,0,10
qwen,EXISTING_CORRECTION,UPDATE_COMPARISON-ORIGIN-0013-origin3,ORIGIN,34,34,29,0.8529411764705882,0,12
qwen,EXISTING_CORRECTION,UPDATE_COMPARISON-ORIGIN-0014-origin0,ORIGIN,34,34,31,0.9117647058823529,0,3
qwen,EXISTING_CORRECTION,UPDATE_COMPARISON-ORIGIN-0014-origin1,ORIGIN,34,34,29,0.8529411764705882,0,11
qwen,EXISTING_CORRECTION,UPDATE_COMPARISON-ORIGIN-0014-origin2,ORIGIN,34,34,29,0.8529411764705882,0,11
qwen,EXISTING_CORRECTION,UPDATE_COMPARISON-ORIGIN-0014-origin3,ORIGIN,34,34,30,0.8823529411764706,0,13
qwen,EXISTING_CORRECTION,UPDATE_COMPARISON-ORIGIN-0015-origin0,ORIGIN,34,34,29,0.8529411764705882,0,6
qwen,EXISTING_CORRECTION,UPDATE_COMPARISON-ORIGIN-0015-origin1,ORIGIN,34,34,28,0.8235294117647058,0,13
qwen,EXISTING_CORRECTION,UPDATE_COMPARISON-ORIGIN-0015-origin2,ORIGIN,34,34,28,0.8235294117647058,0,14
qwen,EXISTING_CORRECTION,UPDATE_COMPARISON-ORIGIN-0015-origin3,ORIGIN,34,34,27,0.7941176470588235,0,18
qwen,EXISTING_CORRECTION,UPDATE_COMPARISON-ORIGIN-0016-origin0,ORIGIN,34,34,29,0.8529411764705882,0,4
qwen,EXISTING_CORRECTION,UPDATE_COMPARISON-ORIGIN-0016-origin1,ORIGIN,34,34,26,0.7647058823529411,0,8
qwen,EXISTING_CORRECTION,UPDATE_COMPARISON-ORIGIN-0016-origin2,ORIGIN,34,34,25,0.7352941176470589,0,4
qwen,EXISTING_CORRECTION,UPDATE_COMPARISON-ORIGIN-0016-origin3,ORIGIN,34,34,24,0.7058823529411765,0,13
qwen,EXISTING_CORRECTION,UPDATE_COMPARISON-ORIGIN-0017-origin0,ORIGIN,34,34,25,0.7352941176470589,0,3
qwen,EXISTING_CORRECTION,UPDATE_COMPARISON-ORIGIN-0017-origin1,ORIGIN,34,34,26,0.7647058823529411,0,7
qwen,EXISTING_CORRECTION,UPDATE_COMPARISON-ORIGIN-0017-origin2,ORIGIN,34,34,22,0.6470588235294118,0,10
qwen,EXISTING_CORRECTION,UPDATE_COMPARISON-ORIGIN-0017-origin3,ORIGIN,34,34,21,0.6176470588235294,0,17
qwen,EXISTING_CORRECTION,UPDATE_COMPARISON-ORIGIN-0018-origin0,ORIGIN,34,34,30,0.8823529411764706,0,6
qwen,EXISTING_CORRECTION,UPDATE_COMPARISON-ORIGIN-0018-origin1,ORIGIN,34,34,32,0.9411764705882353,0,13
qwen,EXISTING_CORRECTION,UPDATE_COMPARISON-ORIGIN-0018-origin2,ORIGIN,34,34,30,0.8823529411764706,0,11
qwen,EXISTING_CORRECTION,UPDATE_COMPARISON-ORIGIN-0018-origin3,ORIGIN,34,34,28,0.8235294117647058,0,18
qwen,EXISTING_CORRECTION,UPDATE_COMPARISON-ORIGIN-0019-origin0,ORIGIN,34,34,24,0.7058823529411765,0,9
qwen,EXISTING_CORRECTION,UPDATE_COMPARISON-ORIGIN-0019-origin1,ORIGIN,34,34,26,0.7647058823529411,0,10
qwen,EXISTING_CORRECTION,UPDATE_COMPARISON-ORIGIN-0019-origin2,ORIGIN,34,34,29,0.8529411764705882,0,11
qwen,EXISTING_CORRECTION,UPDATE_COMPARISON-ORIGIN-0019-origin3,ORIGIN,34,34,29,0.8529411764705882,0,12
qwen,EXISTING_CORRECTION,UPDATE_COMPARISON-ORIGIN-0020-origin0,ORIGIN,34,34,31,0.9117647058823529,0,4
qwen,EXISTING_CORRECTION,UPDATE_COMPARISON-ORIGIN-0020-origin1,ORIGIN,34,34,32,0.9411764705882353,0,10
qwen,EXISTING_CORRECTION,UPDATE_COMPARISON-ORIGIN-0020-origin2,ORIGIN,34,34,28,0.8235294117647058,0,13
qwen,EXISTING_CORRECTION,UPDATE_COMPARISON-ORIGIN-0020-origin3,ORIGIN,34,34,29,0.8529411764705882,0,15
qwen,EXISTING_CORRECTION,UPDATE_COMPARISON-ORIGIN-0021-origin0,ORIGIN,34,34,31,0.9117647058823529,0,9
qwen,EXISTING_CORRECTION,UPDATE_COMPARISON-ORIGIN-0021-origin1,ORIGIN,34,34,28,0.8235294117647058,0,12
qwen,EXISTING_CORRECTION,UPDATE_COMPARISON-ORIGIN-0021-origin2,ORIGIN,34,34,26,0.7647058823529411,0,8
qwen,EXISTING_CORRECTION,UPDATE_COMPARISON-ORIGIN-0021-origin3,ORIGIN,34,34,23,0.6764705882352942,0,12
qwen,EXISTING_CORRECTION,UPDATE_COMPARISON-ORIGIN-0022-origin0,ORIGIN,34,34,31,0.9117647058823529,0,2
qwen,EXISTING_CORRECTION,UPDATE_COMPARISON-ORIGIN-0022-origin1,ORIGIN,34,34,30,0.8823529411764706,0,5
qwen,EXISTING_CORRECTION,UPDATE_COMPARISON-ORIGIN-0022-origin2,ORIGIN,34,34,29,0.8529411764705882,0,15
qwen,EXISTING_CORRECTION,UPDATE_COMPARISON-ORIGIN-0022-origin3,ORIGIN,34,34,25,0.7352941176470589,0,14
qwen,EXISTING_CORRECTION,UPDATE_COMPARISON-ORIGIN-0023-origin0,ORIGIN,34,34,30,0.8823529411764706,0,3
qwen,EXISTING_CORRECTION,UPDATE_COMPARISON-ORIGIN-0023-origin1,ORIGIN,34,34,29,0.8529411764705882,0,14
qwen,EXISTING_CORRECTION,UPDATE_COMPARISON-ORIGIN-0023-origin2,ORIGIN,34,34,27,0.7941176470588235,0,13
qwen,EXISTING_CORRECTION,UPDATE_COMPARISON-ORIGIN-0023-origin3,ORIGIN,34,34,25,0.7352941176470589,0,17
qwen,EXISTING_CORRECTION,UPDATE_COMPARISON-ORIGIN-0024-origin0,ORIGIN,34,34,32,0.9411764705882353,0,1
qwen,EXISTING_CORRECTION,UPDATE_COMPARISON-ORIGIN-0024-origin1,ORIGIN,34,34,31,0.9117647058823529,0,9
qwen,EXISTING_CORRECTION,UPDATE_COMPARISON-ORIGIN-0024-origin2,ORIGIN,34,34,32,0.9411764705882353,0,18
qwen,EXISTING_CORRECTION,UPDATE_COMPARISON-ORIGIN-0024-origin3,ORIGIN,34,34,30,0.8823529411764706,0,21
qwen,EXISTING_CORRECTION,UPDATE_COMPARISON-ORIGIN-0025-origin0,ORIGIN,34,34,32,0.9411764705882353,0,0
qwen,EXISTING_CORRECTION,UPDATE_COMPARISON-ORIGIN-0025-origin1,ORIGIN,34,34,31,0.9117647058823529,0,8
qwen,EXISTING_CORRECTION,UPDATE_COMPARISON-ORIGIN-0025-origin2,ORIGIN,34,34,30,0.8823529411764706,0,20
qwen,EXISTING_CORRECTION,UPDATE_COMPARISON-ORIGIN-0025-origin3,ORIGIN,34,34,31,0.9117647058823529,0,15
qwen,EXISTING_CORRECTION,UPDATE_COMPARISON-ORIGIN-0026-origin0,ORIGIN,34,34,29,0.8529411764705882,0,5
qwen,EXISTING_CORRECTION,UPDATE_COMPARISON-ORIGIN-0026-origin1,ORIGIN,34,34,29,0.8529411764705882,0,6
qwen,EXISTING_CORRECTION,UPDATE_COMPARISON-ORIGIN-0026-origin2,ORIGIN,34,34,27,0.7941176470588235,0,13
qwen,EXISTING_CORRECTION,UPDATE_COMPARISON-ORIGIN-0026-origin3,ORIGIN,34,34,29,0.8529411764705882,0,19
qwen,EXISTING_CORRECTION,UPDATE_COMPARISON-ORIGIN-0027-origin0,ORIGIN,34,34,28,0.8235294117647058,0,7
qwen,EXISTING_CORRECTION,UPDATE_COMPARISON-ORIGIN-0027-origin1,ORIGIN,34,34,29,0.8529411764705882,0,11
qwen,EXISTING_CORRECTION,UPDATE_COMPARISON-ORIGIN-0027-origin2,ORIGIN,34,34,27,0.7941176470588235,0,18
qwen,EXISTING_CORRECTION,UPDATE_COMPARISON-ORIGIN-0027-origin3,ORIGIN,34,34,28,0.8235294117647058,0,19
qwen,EXISTING_CORRECTION,UPDATE_COMPARISON-ORIGIN-0028-origin0,ORIGIN,34,34,34,1.0,1,2
qwen,EXISTING_CORRECTION,UPDATE_COMPARISON-ORIGIN-0028-origin1,ORIGIN,34,34,34,1.0,1,9
qwen,EXISTING_CORRECTION,UPDATE_COMPARISON-ORIGIN-0028-origin2,ORIGIN,34,34,34,1.0,1,20
qwen,EXISTING_CORRECTION,UPDATE_COMPARISON-ORIGIN-0028-origin3,ORIGIN,34,34,30,0.8823529411764706,0,30
qwen,EXISTING_CORRECTION,UPDATE_COMPARISON-ORIGIN-0029-origin0,ORIGIN,34,34,34,1.0,1,0
qwen,EXISTING_CORRECTION,UPDATE_COMPARISON-ORIGIN-0029-origin1,ORIGIN,34,34,34,1.0,1,0
qwen,EXISTING_CORRECTION,UPDATE_COMPARISON-ORIGIN-0029-origin2,ORIGIN,34,34,33,0.9705882352941176,0,18
qwen,EXISTING_CORRECTION,UPDATE_COMPARISON-ORIGIN-0029-origin3,ORIGIN,34,34,34,1.0,1,20
qwen,EXISTING_CORRECTION,UPDATE_COMPARISON-ORIGIN-0030-origin0,ORIGIN,34,34,34,1.0,1,1
qwen,EXISTING_CORRECTION,UPDATE_COMPARISON-ORIGIN-0030-origin1,ORIGIN,34,34,34,1.0,1,8
qwen,EXISTING_CORRECTION,UPDATE_COMPARISON-ORIGIN-0030-origin2,ORIGIN,34,34,34,1.0,1,16
qwen,EXISTING_CORRECTION,UPDATE_COMPARISON-ORIGIN-0030-origin3,ORIGIN,34,34,34,1.0,1,19
qwen,EXISTING_CORRECTION,UPDATE_COMPARISON-ORIGIN-0031-origin0,ORIGIN,34,34,33,0.9705882352941176,0,3
qwen,EXISTING_CORRECTION,UPDATE_COMPARISON-ORIGIN-0031-origin1,ORIGIN,34,34,32,0.9411764705882353,0,9
qwen,EXISTING_CORRECTION,UPDATE_COMPARISON-ORIGIN-0031-origin2,ORIGIN,34,34,31,0.9117647058823529,0,29
qwen,EXISTING_CORRECTION,UPDATE_COMPARISON-ORIGIN-0031-origin3,ORIGIN,34,34,29,0.8529411764705882,0,31
qwen,EXISTING_CORRECTION,UPDATE_COMPARISON-ORIGIN-0032-origin0,ORIGIN,34,34,28,0.8235294117647058,0,4
qwen,EXISTING_CORRECTION,UPDATE_COMPARISON-ORIGIN-0032-origin1,ORIGIN,34,34,28,0.8235294117647058,0,8
qwen,EXISTING_CORRECTION,UPDATE_COMPARISON-ORIGIN-0032-origin2,ORIGIN,34,34,28,0.8235294117647058,0,20
qwen,EXISTING_CORRECTION,UPDATE_COMPARISON-ORIGIN-0032-origin3,ORIGIN,34,34,24,0.7058823529411765,0,24
qwen,EXISTING_CORRECTION,UPDATE_COMPARISON-ORIGIN-0033-origin0,ORIGIN,34,34,30,0.8823529411764706,0,4
qwen,EXISTING_CORRECTION,UPDATE_COMPARISON-ORIGIN-0033-origin1,ORIGIN,34,34,30,0.8823529411764706,0,4
qwen,EXISTING_CORRECTION,UPDATE_COMPARISON-ORIGIN-0033-origin2,ORIGIN,34,34,25,0.7352941176470589,0,17
qwen,EXISTING_CORRECTION,UPDATE_COMPARISON-ORIGIN-0033-origin3,ORIGIN,34,34,25,0.7352941176470589,0,24
qwen,EXISTING_CORRECTION,UPDATE_COMPARISON-ORIGIN-0034-origin0,ORIGIN,34,34,24,0.7058823529411765,0,1
qwen,EXISTING_CORRECTION,UPDATE_COMPARISON-ORIGIN-0034-origin1,ORIGIN,34,34,24,0.7058823529411765,0,7
qwen,EXISTING_CORRECTION,UPDATE_COMPARISON-ORIGIN-0034-origin2,ORIGIN,34,34,22,0.6470588235294118,0,14
qwen,EXISTING_CORRECTION,UPDATE_COMPARISON-ORIGIN-0034-origin3,ORIGIN,34,34,22,0.6470588235294118,0,21
qwen,EXISTING_CORRECTION,UPDATE_COMPARISON-ORIGIN-0035-origin0,ORIGIN,34,34,25,0.7352941176470589,0,10
qwen,EXISTING_CORRECTION,UPDATE_COMPARISON-ORIGIN-0035-origin1,ORIGIN,34,34,25,0.7352941176470589,0,7
qwen,EXISTING_CORRECTION,UPDATE_COMPARISON-ORIGIN-0035-origin2,ORIGIN,34,34,23,0.6764705882352942,0,22
qwen,EXISTING_CORRECTION,UPDATE_COMPARISON-ORIGIN-0035-origin3,ORIGIN,34,34,22,0.6470588235294118,0,22
qwen,EXISTING_CORRECTION,UPDATE_COMPARISON-ORIGIN-0036-origin0,ORIGIN,34,34,32,0.9411764705882353,0,7
qwen,EXISTING_CORRECTION,UPDATE_COMPARISON-ORIGIN-0036-origin1,ORIGIN,34,34,32,0.9411764705882353,0,9
qwen,EXISTING_CORRECTION,UPDATE_COMPARISON-ORIGIN-0036-origin2,ORIGIN,34,34,30,0.8823529411764706,0,18
qwen,EXISTING_CORRECTION,UPDATE_COMPARISON-ORIGIN-0036-origin3,ORIGIN,34,34,30,0.8823529411764706,0,15
qwen,EXISTING_CORRECTION,UPDATE_COMPARISON-ORIGIN-0037-origin0,ORIGIN,34,34,29,0.8529411764705882,0,10
qwen,EXISTING_CORRECTION,UPDATE_COMPARISON-ORIGIN-0037-origin1,ORIGIN,34,34,29,0.8529411764705882,0,11
qwen,EXISTING_CORRECTION,UPDATE_COMPARISON-ORIGIN-0037-origin2,ORIGIN,34,34,29,0.8529411764705882,0,17
qwen,EXISTING_CORRECTION,UPDATE_COMPARISON-ORIGIN-0037-origin3,ORIGIN,34,34,27,0.7941176470588235,0,16
qwen,EXISTING_CORRECTION,UPDATE_COMPARISON-ORIGIN-0038-origin0,ORIGIN,34,34,26,0.7647058823529411,0,7
qwen,EXISTING_CORRECTION,UPDATE_COMPARISON-ORIGIN-0038-origin1,ORIGIN,34,34,27,0.7941176470588235,0,13
qwen,EXISTING_CORRECTION,UPDATE_COMPARISON-ORIGIN-0038-origin2,ORIGIN,34,34,28,0.8235294117647058,0,17
qwen,EXISTING_CORRECTION,UPDATE_COMPARISON-ORIGIN-0038-origin3,ORIGIN,34,34,28,0.8235294117647058,0,15
qwen,EXISTING_CORRECTION,UPDATE_COMPARISON-ORIGIN-0039-origin0,ORIGIN,34,34,29,0.8529411764705882,0,7
qwen,EXISTING_CORRECTION,UPDATE_COMPARISON-ORIGIN-0039-origin1,ORIGIN,34,34,28,0.8235294117647058,0,12
qwen,EXISTING_CORRECTION,UPDATE_COMPARISON-ORIGIN-0039-origin2,ORIGIN,34,34,29,0.8529411764705882,0,13
qwen,EXISTING_CORRECTION,UPDATE_COMPARISON-ORIGIN-0039-origin3,ORIGIN,34,34,26,0.7647058823529411,0,15
qwen,EXISTING_CORRECTION,UPDATE_COMPARISON-ORIGIN-0040-origin0,ORIGIN,34,34,25,0.7352941176470589,0,3
qwen,EXISTING_CORRECTION,UPDATE_COMPARISON-ORIGIN-0040-origin1,ORIGIN,34,34,28,0.8235294117647058,0,9
qwen,EXISTING_CORRECTION,UPDATE_COMPARISON-ORIGIN-0040-origin2,ORIGIN,34,34,26,0.7647058823529411,0,11
qwen,EXISTING_CORRECTION,UPDATE_COMPARISON-ORIGIN-0040-origin3,ORIGIN,34,34,27,0.7941176470588235,0,10
qwen,EXISTING_CORRECTION,UPDATE_COMPARISON-ORIGIN-0041-origin0,ORIGIN,34,34,25,0.7352941176470589,0,8
qwen,EXISTING_CORRECTION,UPDATE_COMPARISON-ORIGIN-0041-origin1,ORIGIN,34,34,25,0.7352941176470589,0,10
qwen,EXISTING_CORRECTION,UPDATE_COMPARISON-ORIGIN-0041-origin2,ORIGIN,34,34,28,0.8235294117647058,0,12
qwen,EXISTING_CORRECTION,UPDATE_COMPARISON-ORIGIN-0041-origin3,ORIGIN,34,34,26,0.7647058823529411,0,11
qwen,EXISTING_CORRECTION,UPDATE_COMPARISON-ORIGIN-0042-origin0,ORIGIN,34,34,27,0.7941176470588235,0,1
qwen,EXISTING_CORRECTION,UPDATE_COMPARISON-ORIGIN-0042-origin1,ORIGIN,34,34,28,0.8235294117647058,0,7
qwen,EXISTING_CORRECTION,UPDATE_COMPARISON-ORIGIN-0042-origin2,ORIGIN,34,34,26,0.7647058823529411,0,9
qwen,EXISTING_CORRECTION,UPDATE_COMPARISON-ORIGIN-0042-origin3,ORIGIN,34,34,26,0.7647058823529411,0,18
qwen,EXISTING_CORRECTION,UPDATE_COMPARISON-ORIGIN-0043-origin0,ORIGIN,34,34,26,0.7647058823529411,0,7
qwen,EXISTING_CORRECTION,UPDATE_COMPARISON-ORIGIN-0043-origin1,ORIGIN,34,34,25,0.7352941176470589,0,9
qwen,EXISTING_CORRECTION,UPDATE_COMPARISON-ORIGIN-0043-origin2,ORIGIN,34,34,26,0.7647058823529411,0,7
qwen,EXISTING_CORRECTION,UPDATE_COMPARISON-ORIGIN-0043-origin3,ORIGIN,34,34,27,0.7941176470588235,0,12
qwen,EXISTING_CORRECTION,UPDATE_COMPARISON-ORIGIN-0044-origin0,ORIGIN,34,34,32,0.9411764705882353,0,0
qwen,EXISTING_CORRECTION,UPDATE_COMPARISON-ORIGIN-0044-origin1,ORIGIN,34,34,34,1.0,1,8
qwen,EXISTING_CORRECTION,UPDATE_COMPARISON-ORIGIN-0044-origin2,ORIGIN,34,34,33,0.9705882352941176,0,12
qwen,EXISTING_CORRECTION,UPDATE_COMPARISON-ORIGIN-0044-origin3,ORIGIN,34,34,33,0.9705882352941176,0,13
qwen,EXISTING_CORRECTION,UPDATE_COMPARISON-ORIGIN-0045-origin0,ORIGIN,34,34,33,0.9705882352941176,0,1
qwen,EXISTING_CORRECTION,UPDATE_COMPARISON-ORIGIN-0045-origin1,ORIGIN,34,34,32,0.9411764705882353,0,7
qwen,EXISTING_CORRECTION,UPDATE_COMPARISON-ORIGIN-0045-origin2,ORIGIN,34,34,32,0.9411764705882353,0,10
qwen,EXISTING_CORRECTION,UPDATE_COMPARISON-ORIGIN-0045-origin3,ORIGIN,34,34,32,0.9411764705882353,0,10
qwen,EXISTING_CORRECTION,UPDATE_COMPARISON-ORIGIN-0046-origin0,ORIGIN,34,34,33,0.9705882352941176,0,1
qwen,EXISTING_CORRECTION,UPDATE_COMPARISON-ORIGIN-0046-origin1,ORIGIN,34,34,32,0.9411764705882353,0,5
qwen,EXISTING_CORRECTION,UPDATE_COMPARISON-ORIGIN-0046-origin2,ORIGIN,34,34,33,0.9705882352941176,0,14
qwen,EXISTING_CORRECTION,UPDATE_COMPARISON-ORIGIN-0046-origin3,ORIGIN,34,34,32,0.9411764705882353,0,15
qwen,EXISTING_CORRECTION,UPDATE_COMPARISON-ORIGIN-0047-origin0,ORIGIN,34,34,32,0.9411764705882353,0,1
qwen,EXISTING_CORRECTION,UPDATE_COMPARISON-ORIGIN-0047-origin1,ORIGIN,34,34,32,0.9411764705882353,0,6
qwen,EXISTING_CORRECTION,UPDATE_COMPARISON-ORIGIN-0047-origin2,ORIGIN,34,34,32,0.9411764705882353,0,9
qwen,EXISTING_CORRECTION,UPDATE_COMPARISON-ORIGIN-0047-origin3,ORIGIN,34,34,32,0.9411764705882353,0,8
qwen,EXISTING_CORRECTION,UPDATE_COMPARISON-ORIGIN-0048-origin0,ORIGIN,34,34,25,0.7352941176470589,0,6
qwen,EXISTING_CORRECTION,UPDATE_COMPARISON-ORIGIN-0048-origin1,ORIGIN,34,34,26,0.7647058823529411,0,9
qwen,EXISTING_CORRECTION,UPDATE_COMPARISON-ORIGIN-0048-origin2,ORIGIN,34,34,24,0.7058823529411765,0,12
qwen,EXISTING_CORRECTION,UPDATE_COMPARISON-ORIGIN-0048-origin3,ORIGIN,34,34,25,0.7352941176470589,0,15
qwen,EXISTING_CORRECTION,UPDATE_COMPARISON-ORIGIN-0049-origin0,ORIGIN,34,34,28,0.8235294117647058,0,5
qwen,EXISTING_CORRECTION,UPDATE_COMPARISON-ORIGIN-0049-origin1,ORIGIN,34,34,29,0.8529411764705882,0,6
qwen,EXISTING_CORRECTION,UPDATE_COMPARISON-ORIGIN-0049-origin2,ORIGIN,34,34,26,0.7647058823529411,0,9
qwen,EXISTING_CORRECTION,UPDATE_COMPARISON-ORIGIN-0049-origin3,ORIGIN,34,34,25,0.7352941176470589,0,14
qwen,EXISTING_CORRECTION,UPDATE_COMPARISON-ORIGIN-0050-origin0,ORIGIN,34,34,28,0.8235294117647058,0,7
qwen,EXISTING_CORRECTION,UPDATE_COMPARISON-ORIGIN-0050-origin1,ORIGIN,34,34,29,0.8529411764705882,0,13
qwen,EXISTING_CORRECTION,UPDATE_COMPARISON-ORIGIN-0050-origin2,ORIGIN,34,34,25,0.7352941176470589,0,9
qwen,EXISTING_CORRECTION,UPDATE_COMPARISON-ORIGIN-0050-origin3,ORIGIN,34,34,24,0.7058823529411765,0,13
qwen,EXISTING_CORRECTION,UPDATE_COMPARISON-ORIGIN-0051-origin0,ORIGIN,34,34,25,0.7352941176470589,0,4
qwen,EXISTING_CORRECTION,UPDATE_COMPARISON-ORIGIN-0051-origin1,ORIGIN,34,34,28,0.8235294117647058,0,6
qwen,EXISTING_CORRECTION,UPDATE_COMPARISON-ORIGIN-0051-origin2,ORIGIN,34,34,24,0.7058823529411765,0,10
qwen,EXISTING_CORRECTION,UPDATE_COMPARISON-ORIGIN-0051-origin3,ORIGIN,34,34,26,0.7647058823529411,0,15
qwen,EXISTING_CORRECTION,UPDATE_COMPARISON-ORIGIN-0052-origin0,ORIGIN,34,34,33,0.9705882352941176,0,2
qwen,EXISTING_CORRECTION,UPDATE_COMPARISON-ORIGIN-0052-origin1,ORIGIN,34,34,32,0.9411764705882353,0,6
qwen,EXISTING_CORRECTION,UPDATE_COMPARISON-ORIGIN-0052-origin2,ORIGIN,34,34,31,0.9117647058823529,0,7
qwen,EXISTING_CORRECTION,UPDATE_COMPARISON-ORIGIN-0052-origin3,ORIGIN,34,34,30,0.8823529411764706,0,9
qwen,EXISTING_CORRECTION,UPDATE_COMPARISON-ORIGIN-0053-origin0,ORIGIN,34,34,30,0.8823529411764706,0,3
qwen,EXISTING_CORRECTION,UPDATE_COMPARISON-ORIGIN-0053-origin1,ORIGIN,34,34,29,0.8529411764705882,0,8
qwen,EXISTING_CORRECTION,UPDATE_COMPARISON-ORIGIN-0053-origin2,ORIGIN,34,34,27,0.7941176470588235,0,8
qwen,EXISTING_CORRECTION,UPDATE_COMPARISON-ORIGIN-0053-origin3,ORIGIN,34,34,24,0.7058823529411765,0,8
qwen,EXISTING_CORRECTION,UPDATE_COMPARISON-ORIGIN-0054-origin0,ORIGIN,34,34,32,0.9411764705882353,0,2
qwen,EXISTING_CORRECTION,UPDATE_COMPARISON-ORIGIN-0054-origin1,ORIGIN,34,34,28,0.8235294117647058,0,9
qwen,EXISTING_CORRECTION,UPDATE_COMPARISON-ORIGIN-0054-origin2,ORIGIN,34,34,29,0.8529411764705882,0,13
qwen,EXISTING_CORRECTION,UPDATE_COMPARISON-ORIGIN-0054-origin3,ORIGIN,34,34,23,0.6764705882352942,0,11
qwen,EXISTING_CORRECTION,UPDATE_COMPARISON-ORIGIN-0055-origin0,ORIGIN,34,34,29,0.8529411764705882,0,3
qwen,EXISTING_CORRECTION,UPDATE_COMPARISON-ORIGIN-0055-origin1,ORIGIN,34,34,29,0.8529411764705882,0,7
qwen,EXISTING_CORRECTION,UPDATE_COMPARISON-ORIGIN-0055-origin2,ORIGIN,34,34,27,0.7941176470588235,0,14
qwen,EXISTING_CORRECTION,UPDATE_COMPARISON-ORIGIN-0055-origin3,ORIGIN,34,34,26,0.7647058823529411,0,13
qwen,EXISTING_CORRECTION,UPDATE_COMPARISON-ORIGIN-0056-origin0,ORIGIN,34,34,26,0.7647058823529411,0,8
qwen,EXISTING_CORRECTION,UPDATE_COMPARISON-ORIGIN-0056-origin1,ORIGIN,34,34,30,0.8823529411764706,0,11
qwen,EXISTING_CORRECTION,UPDATE_COMPARISON-ORIGIN-0056-origin2,ORIGIN,34,34,25,0.7352941176470589,0,23
qwen,EXISTING_CORRECTION,UPDATE_COMPARISON-ORIGIN-0056-origin3,ORIGIN,34,34,22,0.6470588235294118,0,24
qwen,EXISTING_CORRECTION,UPDATE_COMPARISON-ORIGIN-0057-origin0,ORIGIN,34,34,31,0.9117647058823529,0,1
qwen,EXISTING_CORRECTION,UPDATE_COMPARISON-ORIGIN-0057-origin1,ORIGIN,34,34,32,0.9411764705882353,0,10
qwen,EXISTING_CORRECTION,UPDATE_COMPARISON-ORIGIN-0057-origin2,ORIGIN,34,34,32,0.9411764705882353,0,16
qwen,EXISTING_CORRECTION,UPDATE_COMPARISON-ORIGIN-0057-origin3,ORIGIN,34,34,32,0.9411764705882353,0,17
qwen,EXISTING_CORRECTION,UPDATE_COMPARISON-ORIGIN-0058-origin0,ORIGIN,34,34,33,0.9705882352941176,0,6
qwen,EXISTING_CORRECTION,UPDATE_COMPARISON-ORIGIN-0058-origin1,ORIGIN,34,34,31,0.9117647058823529,0,11
qwen,EXISTING_CORRECTION,UPDATE_COMPARISON-ORIGIN-0058-origin2,ORIGIN,34,34,29,0.8529411764705882,0,15
qwen,EXISTING_CORRECTION,UPDATE_COMPARISON-ORIGIN-0058-origin3,ORIGIN,34,34,27,0.7941176470588235,0,15
qwen,EXISTING_CORRECTION,UPDATE_COMPARISON-ORIGIN-0059-origin0,ORIGIN,34,34,31,0.9117647058823529,0,3
qwen,EXISTING_CORRECTION,UPDATE_COMPARISON-ORIGIN-0059-origin1,ORIGIN,34,34,31,0.9117647058823529,0,7
qwen,EXISTING_CORRECTION,UPDATE_COMPARISON-ORIGIN-0059-origin2,ORIGIN,34,34,32,0.9411764705882353,0,17
qwen,EXISTING_CORRECTION,UPDATE_COMPARISON-ORIGIN-0059-origin3,ORIGIN,34,34,32,0.9411764705882353,0,13
qwen,EXISTING_CORRECTION,UPDATE_COMPARISON-ORIGIN-0060-origin0,ORIGIN,34,34,34,1.0,1,0
qwen,EXISTING_CORRECTION,UPDATE_COMPARISON-ORIGIN-0060-origin1,ORIGIN,34,34,32,0.9411764705882353,0,14
qwen,EXISTING_CORRECTION,UPDATE_COMPARISON-ORIGIN-0060-origin2,ORIGIN,34,34,33,0.9705882352941176,0,20
qwen,EXISTING_CORRECTION,UPDATE_COMPARISON-ORIGIN-0060-origin3,ORIGIN,34,34,34,1.0,1,25
qwen,EXISTING_CORRECTION,UPDATE_COMPARISON-ORIGIN-0061-origin0,ORIGIN,34,34,33,0.9705882352941176,0,6
qwen,EXISTING_CORRECTION,UPDATE_COMPARISON-ORIGIN-0061-origin1,ORIGIN,34,34,32,0.9411764705882353,0,13
qwen,EXISTING_CORRECTION,UPDATE_COMPARISON-ORIGIN-0061-origin2,ORIGIN,34,34,34,1.0,1,20
qwen,EXISTING_CORRECTION,UPDATE_COMPARISON-ORIGIN-0061-origin3,ORIGIN,34,34,33,0.9705882352941176,0,25
qwen,EXISTING_CORRECTION,UPDATE_COMPARISON-ORIGIN-0062-origin0,ORIGIN,34,34,34,1.0,1,0
qwen,EXISTING_CORRECTION,UPDATE_COMPARISON-ORIGIN-0062-origin1,ORIGIN,34,34,32,0.9411764705882353,0,9
qwen,EXISTING_CORRECTION,UPDATE_COMPARISON-ORIGIN-0062-origin2,ORIGIN,34,34,31,0.9117647058823529,0,24
qwen,EXISTING_CORRECTION,UPDATE_COMPARISON-ORIGIN-0062-origin3,ORIGIN,34,34,29,0.8529411764705882,0,24
qwen,EXISTING_CORRECTION,UPDATE_COMPARISON-ORIGIN-0063-origin0,ORIGIN,34,34,34,1.0,1,4
qwen,EXISTING_CORRECTION,UPDATE_COMPARISON-ORIGIN-0063-origin1,ORIGIN,34,34,33,0.9705882352941176,0,11
qwen,EXISTING_CORRECTION,UPDATE_COMPARISON-ORIGIN-0063-origin2,ORIGIN,34,34,33,0.9705882352941176,0,17
qwen,EXISTING_CORRECTION,UPDATE_COMPARISON-ORIGIN-0063-origin3,ORIGIN,34,34,31,0.9117647058823529,0,20
qwen,FIELD_PLUS_LATEST_ERRATUM,UPDATE_COMPARISON-ORIGIN-0000-origin0,ORIGIN,34,34,26,0.7647058823529411,0,8
qwen,FIELD_PLUS_LATEST_ERRATUM,UPDATE_COMPARISON-ORIGIN-0000-origin1,ORIGIN,34,34,23,0.6764705882352942,0,8
qwen,FIELD_PLUS_LATEST_ERRATUM,UPDATE_COMPARISON-ORIGIN-0000-origin2,ORIGIN,34,34,25,0.7352941176470589,0,17
qwen,FIELD_PLUS_LATEST_ERRATUM,UPDATE_COMPARISON-ORIGIN-0000-origin3,ORIGIN,34,34,23,0.6764705882352942,0,27
qwen,FIELD_PLUS_LATEST_ERRATUM,UPDATE_COMPARISON-ORIGIN-0001-origin0,ORIGIN,34,34,22,0.6470588235294118,0,6
qwen,FIELD_PLUS_LATEST_ERRATUM,UPDATE_COMPARISON-ORIGIN-0001-origin1,ORIGIN,34,34,20,0.5882352941176471,0,6
qwen,FIELD_PLUS_LATEST_ERRATUM,UPDATE_COMPARISON-ORIGIN-0001-origin2,ORIGIN,34,34,19,0.5588235294117647,0,16
qwen,FIELD_PLUS_LATEST_ERRATUM,UPDATE_COMPARISON-ORIGIN-0001-origin3,ORIGIN,34,34,19,0.5588235294117647,0,22
qwen,FIELD_PLUS_LATEST_ERRATUM,UPDATE_COMPARISON-ORIGIN-0002-origin0,ORIGIN,34,34,32,0.9411764705882353,0,9
qwen,FIELD_PLUS_LATEST_ERRATUM,UPDATE_COMPARISON-ORIGIN-0002-origin1,ORIGIN,34,34,29,0.8529411764705882,0,9
qwen,FIELD_PLUS_LATEST_ERRATUM,UPDATE_COMPARISON-ORIGIN-0002-origin2,ORIGIN,34,34,26,0.7647058823529411,0,13
qwen,FIELD_PLUS_LATEST_ERRATUM,UPDATE_COMPARISON-ORIGIN-0002-origin3,ORIGIN,34,34,26,0.7647058823529411,0,24
qwen,FIELD_PLUS_LATEST_ERRATUM,UPDATE_COMPARISON-ORIGIN-0003-origin0,ORIGIN,34,34,27,0.7941176470588235,0,5
qwen,FIELD_PLUS_LATEST_ERRATUM,UPDATE_COMPARISON-ORIGIN-0003-origin1,ORIGIN,34,34,24,0.7058823529411765,0,6
qwen,FIELD_PLUS_LATEST_ERRATUM,UPDATE_COMPARISON-ORIGIN-0003-origin2,ORIGIN,34,34,22,0.6470588235294118,0,13
qwen,FIELD_PLUS_LATEST_ERRATUM,UPDATE_COMPARISON-ORIGIN-0003-origin3,ORIGIN,34,34,21,0.6176470588235294,0,18
qwen,FIELD_PLUS_LATEST_ERRATUM,UPDATE_COMPARISON-ORIGIN-0004-origin0,ORIGIN,34,34,28,0.8235294117647058,0,4
qwen,FIELD_PLUS_LATEST_ERRATUM,UPDATE_COMPARISON-ORIGIN-0004-origin1,ORIGIN,34,34,26,0.7647058823529411,0,9
qwen,FIELD_PLUS_LATEST_ERRATUM,UPDATE_COMPARISON-ORIGIN-0004-origin2,ORIGIN,34,34,26,0.7647058823529411,0,12
qwen,FIELD_PLUS_LATEST_ERRATUM,UPDATE_COMPARISON-ORIGIN-0004-origin3,ORIGIN,34,34,24,0.7058823529411765,0,12
qwen,FIELD_PLUS_LATEST_ERRATUM,UPDATE_COMPARISON-ORIGIN-0005-origin0,ORIGIN,34,34,29,0.8529411764705882,0,3
qwen,FIELD_PLUS_LATEST_ERRATUM,UPDATE_COMPARISON-ORIGIN-0005-origin1,ORIGIN,34,34,28,0.8235294117647058,0,8
qwen,FIELD_PLUS_LATEST_ERRATUM,UPDATE_COMPARISON-ORIGIN-0005-origin2,ORIGIN,34,34,28,0.8235294117647058,0,13
qwen,FIELD_PLUS_LATEST_ERRATUM,UPDATE_COMPARISON-ORIGIN-0005-origin3,ORIGIN,34,34,28,0.8235294117647058,0,12
qwen,FIELD_PLUS_LATEST_ERRATUM,UPDATE_COMPARISON-ORIGIN-0006-origin0,ORIGIN,34,34,29,0.8529411764705882,0,1
qwen,FIELD_PLUS_LATEST_ERRATUM,UPDATE_COMPARISON-ORIGIN-0006-origin1,ORIGIN,34,34,28,0.8235294117647058,0,4
qwen,FIELD_PLUS_LATEST_ERRATUM,UPDATE_COMPARISON-ORIGIN-0006-origin2,ORIGIN,34,34,29,0.8529411764705882,0,13
qwen,FIELD_PLUS_LATEST_ERRATUM,UPDATE_COMPARISON-ORIGIN-0006-origin3,ORIGIN,34,34,29,0.8529411764705882,0,9
qwen,FIELD_PLUS_LATEST_ERRATUM,UPDATE_COMPARISON-ORIGIN-0007-origin0,ORIGIN,34,34,24,0.7058823529411765,0,15
qwen,FIELD_PLUS_LATEST_ERRATUM,UPDATE_COMPARISON-ORIGIN-0007-origin1,ORIGIN,34,34,26,0.7647058823529411,0,17
qwen,FIELD_PLUS_LATEST_ERRATUM,UPDATE_COMPARISON-ORIGIN-0007-origin2,ORIGIN,34,34,23,0.6764705882352942,0,7
qwen,FIELD_PLUS_LATEST_ERRATUM,UPDATE_COMPARISON-ORIGIN-0007-origin3,ORIGIN,34,34,20,0.5882352941176471,0,13
qwen,FIELD_PLUS_LATEST_ERRATUM,UPDATE_COMPARISON-ORIGIN-0008-origin0,ORIGIN,34,34,24,0.7058823529411765,0,7
qwen,FIELD_PLUS_LATEST_ERRATUM,UPDATE_COMPARISON-ORIGIN-0008-origin1,ORIGIN,34,34,25,0.7352941176470589,0,5
qwen,FIELD_PLUS_LATEST_ERRATUM,UPDATE_COMPARISON-ORIGIN-0008-origin2,ORIGIN,34,34,25,0.7352941176470589,0,10
qwen,FIELD_PLUS_LATEST_ERRATUM,UPDATE_COMPARISON-ORIGIN-0008-origin3,ORIGIN,34,34,25,0.7352941176470589,0,11
qwen,FIELD_PLUS_LATEST_ERRATUM,UPDATE_COMPARISON-ORIGIN-0009-origin0,ORIGIN,34,34,26,0.7647058823529411,0,8
qwen,FIELD_PLUS_LATEST_ERRATUM,UPDATE_COMPARISON-ORIGIN-0009-origin1,ORIGIN,34,34,26,0.7647058823529411,0,8
qwen,FIELD_PLUS_LATEST_ERRATUM,UPDATE_COMPARISON-ORIGIN-0009-origin2,ORIGIN,34,34,26,0.7647058823529411,0,3
qwen,FIELD_PLUS_LATEST_ERRATUM,UPDATE_COMPARISON-ORIGIN-0009-origin3,ORIGIN,34,34,26,0.7647058823529411,0,10
qwen,FIELD_PLUS_LATEST_ERRATUM,UPDATE_COMPARISON-ORIGIN-0010-origin0,ORIGIN,34,34,23,0.6764705882352942,0,4
qwen,FIELD_PLUS_LATEST_ERRATUM,UPDATE_COMPARISON-ORIGIN-0010-origin1,ORIGIN,34,34,26,0.7647058823529411,0,8
qwen,FIELD_PLUS_LATEST_ERRATUM,UPDATE_COMPARISON-ORIGIN-0010-origin2,ORIGIN,34,34,22,0.6470588235294118,0,10
qwen,FIELD_PLUS_LATEST_ERRATUM,UPDATE_COMPARISON-ORIGIN-0010-origin3,ORIGIN,34,34,24,0.7058823529411765,0,16
qwen,FIELD_PLUS_LATEST_ERRATUM,UPDATE_COMPARISON-ORIGIN-0011-origin0,ORIGIN,34,34,27,0.7941176470588235,0,4
qwen,FIELD_PLUS_LATEST_ERRATUM,UPDATE_COMPARISON-ORIGIN-0011-origin1,ORIGIN,34,34,27,0.7941176470588235,0,9
qwen,FIELD_PLUS_LATEST_ERRATUM,UPDATE_COMPARISON-ORIGIN-0011-origin2,ORIGIN,34,34,26,0.7647058823529411,0,8
qwen,FIELD_PLUS_LATEST_ERRATUM,UPDATE_COMPARISON-ORIGIN-0011-origin3,ORIGIN,34,34,25,0.7352941176470589,0,15
qwen,FIELD_PLUS_LATEST_ERRATUM,UPDATE_COMPARISON-ORIGIN-0012-origin0,ORIGIN,34,34,33,0.9705882352941176,0,2
qwen,FIELD_PLUS_LATEST_ERRATUM,UPDATE_COMPARISON-ORIGIN-0012-origin1,ORIGIN,34,34,32,0.9411764705882353,0,7
qwen,FIELD_PLUS_LATEST_ERRATUM,UPDATE_COMPARISON-ORIGIN-0012-origin2,ORIGIN,34,34,32,0.9411764705882353,0,11
qwen,FIELD_PLUS_LATEST_ERRATUM,UPDATE_COMPARISON-ORIGIN-0012-origin3,ORIGIN,34,34,28,0.8235294117647058,0,16
qwen,FIELD_PLUS_LATEST_ERRATUM,UPDATE_COMPARISON-ORIGIN-0013-origin0,ORIGIN,34,34,31,0.9117647058823529,0,4
qwen,FIELD_PLUS_LATEST_ERRATUM,UPDATE_COMPARISON-ORIGIN-0013-origin1,ORIGIN,34,34,30,0.8823529411764706,0,7
qwen,FIELD_PLUS_LATEST_ERRATUM,UPDATE_COMPARISON-ORIGIN-0013-origin2,ORIGIN,34,34,31,0.9117647058823529,0,10
qwen,FIELD_PLUS_LATEST_ERRATUM,UPDATE_COMPARISON-ORIGIN-0013-origin3,ORIGIN,34,34,29,0.8529411764705882,0,10
qwen,FIELD_PLUS_LATEST_ERRATUM,UPDATE_COMPARISON-ORIGIN-0014-origin0,ORIGIN,34,34,31,0.9117647058823529,0,3
qwen,FIELD_PLUS_LATEST_ERRATUM,UPDATE_COMPARISON-ORIGIN-0014-origin1,ORIGIN,34,34,29,0.8529411764705882,0,11
qwen,FIELD_PLUS_LATEST_ERRATUM,UPDATE_COMPARISON-ORIGIN-0014-origin2,ORIGIN,34,34,31,0.9117647058823529,0,13
qwen,FIELD_PLUS_LATEST_ERRATUM,UPDATE_COMPARISON-ORIGIN-0014-origin3,ORIGIN,34,34,29,0.8529411764705882,0,14
qwen,FIELD_PLUS_LATEST_ERRATUM,UPDATE_COMPARISON-ORIGIN-0015-origin0,ORIGIN,34,34,30,0.8823529411764706,0,7
qwen,FIELD_PLUS_LATEST_ERRATUM,UPDATE_COMPARISON-ORIGIN-0015-origin1,ORIGIN,34,34,29,0.8529411764705882,0,12
qwen,FIELD_PLUS_LATEST_ERRATUM,UPDATE_COMPARISON-ORIGIN-0015-origin2,ORIGIN,34,34,27,0.7941176470588235,0,13
qwen,FIELD_PLUS_LATEST_ERRATUM,UPDATE_COMPARISON-ORIGIN-0015-origin3,ORIGIN,34,34,24,0.7058823529411765,0,17
qwen,FIELD_PLUS_LATEST_ERRATUM,UPDATE_COMPARISON-ORIGIN-0016-origin0,ORIGIN,34,34,28,0.8235294117647058,0,3
qwen,FIELD_PLUS_LATEST_ERRATUM,UPDATE_COMPARISON-ORIGIN-0016-origin1,ORIGIN,34,34,24,0.7058823529411765,0,6
qwen,FIELD_PLUS_LATEST_ERRATUM,UPDATE_COMPARISON-ORIGIN-0016-origin2,ORIGIN,34,34,30,0.8823529411764706,0,9
qwen,FIELD_PLUS_LATEST_ERRATUM,UPDATE_COMPARISON-ORIGIN-0016-origin3,ORIGIN,34,34,28,0.8235294117647058,0,13
qwen,FIELD_PLUS_LATEST_ERRATUM,UPDATE_COMPARISON-ORIGIN-0017-origin0,ORIGIN,34,34,28,0.8235294117647058,0,0
qwen,FIELD_PLUS_LATEST_ERRATUM,UPDATE_COMPARISON-ORIGIN-0017-origin1,ORIGIN,34,34,28,0.8235294117647058,0,5
qwen,FIELD_PLUS_LATEST_ERRATUM,UPDATE_COMPARISON-ORIGIN-0017-origin2,ORIGIN,34,34,27,0.7941176470588235,0,7
qwen,FIELD_PLUS_LATEST_ERRATUM,UPDATE_COMPARISON-ORIGIN-0017-origin3,ORIGIN,34,34,26,0.7647058823529411,0,14
qwen,FIELD_PLUS_LATEST_ERRATUM,UPDATE_COMPARISON-ORIGIN-0018-origin0,ORIGIN,34,34,27,0.7941176470588235,0,3
qwen,FIELD_PLUS_LATEST_ERRATUM,UPDATE_COMPARISON-ORIGIN-0018-origin1,ORIGIN,34,34,29,0.8529411764705882,0,10
qwen,FIELD_PLUS_LATEST_ERRATUM,UPDATE_COMPARISON-ORIGIN-0018-origin2,ORIGIN,34,34,27,0.7941176470588235,0,10
qwen,FIELD_PLUS_LATEST_ERRATUM,UPDATE_COMPARISON-ORIGIN-0018-origin3,ORIGIN,34,34,28,0.8235294117647058,0,16
qwen,FIELD_PLUS_LATEST_ERRATUM,UPDATE_COMPARISON-ORIGIN-0019-origin0,ORIGIN,34,34,30,0.8823529411764706,0,5
qwen,FIELD_PLUS_LATEST_ERRATUM,UPDATE_COMPARISON-ORIGIN-0019-origin1,ORIGIN,34,34,30,0.8823529411764706,0,12
qwen,FIELD_PLUS_LATEST_ERRATUM,UPDATE_COMPARISON-ORIGIN-0019-origin2,ORIGIN,34,34,29,0.8529411764705882,0,7
qwen,FIELD_PLUS_LATEST_ERRATUM,UPDATE_COMPARISON-ORIGIN-0019-origin3,ORIGIN,34,34,28,0.8235294117647058,0,9
qwen,FIELD_PLUS_LATEST_ERRATUM,UPDATE_COMPARISON-ORIGIN-0020-origin0,ORIGIN,34,34,30,0.8823529411764706,0,5
qwen,FIELD_PLUS_LATEST_ERRATUM,UPDATE_COMPARISON-ORIGIN-0020-origin1,ORIGIN,34,34,29,0.8529411764705882,0,13
qwen,FIELD_PLUS_LATEST_ERRATUM,UPDATE_COMPARISON-ORIGIN-0020-origin2,ORIGIN,34,34,25,0.7352941176470589,0,6
qwen,FIELD_PLUS_LATEST_ERRATUM,UPDATE_COMPARISON-ORIGIN-0020-origin3,ORIGIN,34,34,28,0.8235294117647058,0,14
qwen,FIELD_PLUS_LATEST_ERRATUM,UPDATE_COMPARISON-ORIGIN-0021-origin0,ORIGIN,34,34,31,0.9117647058823529,0,9
qwen,FIELD_PLUS_LATEST_ERRATUM,UPDATE_COMPARISON-ORIGIN-0021-origin1,ORIGIN,34,34,28,0.8235294117647058,0,14
qwen,FIELD_PLUS_LATEST_ERRATUM,UPDATE_COMPARISON-ORIGIN-0021-origin2,ORIGIN,34,34,28,0.8235294117647058,0,12
qwen,FIELD_PLUS_LATEST_ERRATUM,UPDATE_COMPARISON-ORIGIN-0021-origin3,ORIGIN,34,34,27,0.7941176470588235,0,14
qwen,FIELD_PLUS_LATEST_ERRATUM,UPDATE_COMPARISON-ORIGIN-0022-origin0,ORIGIN,34,34,32,0.9411764705882353,0,1
qwen,FIELD_PLUS_LATEST_ERRATUM,UPDATE_COMPARISON-ORIGIN-0022-origin1,ORIGIN,34,34,29,0.8529411764705882,0,8
qwen,FIELD_PLUS_LATEST_ERRATUM,UPDATE_COMPARISON-ORIGIN-0022-origin2,ORIGIN,34,34,29,0.8529411764705882,0,13
qwen,FIELD_PLUS_LATEST_ERRATUM,UPDATE_COMPARISON-ORIGIN-0022-origin3,ORIGIN,34,34,27,0.7941176470588235,0,16
qwen,FIELD_PLUS_LATEST_ERRATUM,UPDATE_COMPARISON-ORIGIN-0023-origin0,ORIGIN,34,34,33,0.9705882352941176,0,2
qwen,FIELD_PLUS_LATEST_ERRATUM,UPDATE_COMPARISON-ORIGIN-0023-origin1,ORIGIN,34,34,31,0.9117647058823529,0,12
qwen,FIELD_PLUS_LATEST_ERRATUM,UPDATE_COMPARISON-ORIGIN-0023-origin2,ORIGIN,34,34,31,0.9117647058823529,0,11
qwen,FIELD_PLUS_LATEST_ERRATUM,UPDATE_COMPARISON-ORIGIN-0023-origin3,ORIGIN,34,34,28,0.8235294117647058,0,16
qwen,FIELD_PLUS_LATEST_ERRATUM,UPDATE_COMPARISON-ORIGIN-0024-origin0,ORIGIN,34,34,30,0.8823529411764706,0,1
qwen,FIELD_PLUS_LATEST_ERRATUM,UPDATE_COMPARISON-ORIGIN-0024-origin1,ORIGIN,34,34,25,0.7352941176470589,0,3
qwen,FIELD_PLUS_LATEST_ERRATUM,UPDATE_COMPARISON-ORIGIN-0024-origin2,ORIGIN,34,34,29,0.8529411764705882,0,21
qwen,FIELD_PLUS_LATEST_ERRATUM,UPDATE_COMPARISON-ORIGIN-0024-origin3,ORIGIN,34,34,28,0.8235294117647058,0,19
qwen,FIELD_PLUS_LATEST_ERRATUM,UPDATE_COMPARISON-ORIGIN-0025-origin0,ORIGIN,34,34,32,0.9411764705882353,0,0
qwen,FIELD_PLUS_LATEST_ERRATUM,UPDATE_COMPARISON-ORIGIN-0025-origin1,ORIGIN,34,34,30,0.8823529411764706,0,7
qwen,FIELD_PLUS_LATEST_ERRATUM,UPDATE_COMPARISON-ORIGIN-0025-origin2,ORIGIN,34,34,32,0.9411764705882353,0,18
qwen,FIELD_PLUS_LATEST_ERRATUM,UPDATE_COMPARISON-ORIGIN-0025-origin3,ORIGIN,34,34,31,0.9117647058823529,0,17
qwen,FIELD_PLUS_LATEST_ERRATUM,UPDATE_COMPARISON-ORIGIN-0026-origin0,ORIGIN,34,34,28,0.8235294117647058,0,6
qwen,FIELD_PLUS_LATEST_ERRATUM,UPDATE_COMPARISON-ORIGIN-0026-origin1,ORIGIN,34,34,26,0.7647058823529411,0,3
qwen,FIELD_PLUS_LATEST_ERRATUM,UPDATE_COMPARISON-ORIGIN-0026-origin2,ORIGIN,34,34,29,0.8529411764705882,0,15
qwen,FIELD_PLUS_LATEST_ERRATUM,UPDATE_COMPARISON-ORIGIN-0026-origin3,ORIGIN,34,34,28,0.8235294117647058,0,16
qwen,FIELD_PLUS_LATEST_ERRATUM,UPDATE_COMPARISON-ORIGIN-0027-origin0,ORIGIN,34,34,28,0.8235294117647058,0,5
qwen,FIELD_PLUS_LATEST_ERRATUM,UPDATE_COMPARISON-ORIGIN-0027-origin1,ORIGIN,34,34,28,0.8235294117647058,0,8
qwen,FIELD_PLUS_LATEST_ERRATUM,UPDATE_COMPARISON-ORIGIN-0027-origin2,ORIGIN,34,34,26,0.7647058823529411,0,17
qwen,FIELD_PLUS_LATEST_ERRATUM,UPDATE_COMPARISON-ORIGIN-0027-origin3,ORIGIN,34,34,27,0.7941176470588235,0,20
qwen,FIELD_PLUS_LATEST_ERRATUM,UPDATE_COMPARISON-ORIGIN-0028-origin0,ORIGIN,34,34,34,1.0,1,2
qwen,FIELD_PLUS_LATEST_ERRATUM,UPDATE_COMPARISON-ORIGIN-0028-origin1,ORIGIN,34,34,32,0.9411764705882353,0,11
qwen,FIELD_PLUS_LATEST_ERRATUM,UPDATE_COMPARISON-ORIGIN-0028-origin2,ORIGIN,34,34,28,0.8235294117647058,0,18
qwen,FIELD_PLUS_LATEST_ERRATUM,UPDATE_COMPARISON-ORIGIN-0028-origin3,ORIGIN,34,34,29,0.8529411764705882,0,29
qwen,FIELD_PLUS_LATEST_ERRATUM,UPDATE_COMPARISON-ORIGIN-0029-origin0,ORIGIN,34,34,34,1.0,1,0
qwen,FIELD_PLUS_LATEST_ERRATUM,UPDATE_COMPARISON-ORIGIN-0029-origin1,ORIGIN,34,34,34,1.0,1,0
qwen,FIELD_PLUS_LATEST_ERRATUM,UPDATE_COMPARISON-ORIGIN-0029-origin2,ORIGIN,34,34,34,1.0,1,17
qwen,FIELD_PLUS_LATEST_ERRATUM,UPDATE_COMPARISON-ORIGIN-0029-origin3,ORIGIN,34,34,34,1.0,1,20
qwen,FIELD_PLUS_LATEST_ERRATUM,UPDATE_COMPARISON-ORIGIN-0030-origin0,ORIGIN,34,34,34,1.0,1,1
qwen,FIELD_PLUS_LATEST_ERRATUM,UPDATE_COMPARISON-ORIGIN-0030-origin1,ORIGIN,34,34,34,1.0,1,8
qwen,FIELD_PLUS_LATEST_ERRATUM,UPDATE_COMPARISON-ORIGIN-0030-origin2,ORIGIN,34,34,32,0.9411764705882353,0,14
qwen,FIELD_PLUS_LATEST_ERRATUM,UPDATE_COMPARISON-ORIGIN-0030-origin3,ORIGIN,34,34,34,1.0,1,19
qwen,FIELD_PLUS_LATEST_ERRATUM,UPDATE_COMPARISON-ORIGIN-0031-origin0,ORIGIN,34,34,32,0.9411764705882353,0,4
qwen,FIELD_PLUS_LATEST_ERRATUM,UPDATE_COMPARISON-ORIGIN-0031-origin1,ORIGIN,34,34,32,0.9411764705882353,0,9
qwen,FIELD_PLUS_LATEST_ERRATUM,UPDATE_COMPARISON-ORIGIN-0031-origin2,ORIGIN,34,34,30,0.8823529411764706,0,30
qwen,FIELD_PLUS_LATEST_ERRATUM,UPDATE_COMPARISON-ORIGIN-0031-origin3,ORIGIN,34,34,30,0.8823529411764706,0,30
qwen,FIELD_PLUS_LATEST_ERRATUM,UPDATE_COMPARISON-ORIGIN-0032-origin0,ORIGIN,34,34,28,0.8235294117647058,0,4
qwen,FIELD_PLUS_LATEST_ERRATUM,UPDATE_COMPARISON-ORIGIN-0032-origin1,ORIGIN,34,34,27,0.7941176470588235,0,9
qwen,FIELD_PLUS_LATEST_ERRATUM,UPDATE_COMPARISON-ORIGIN-0032-origin2,ORIGIN,34,34,25,0.7352941176470589,0,21
qwen,FIELD_PLUS_LATEST_ERRATUM,UPDATE_COMPARISON-ORIGIN-0032-origin3,ORIGIN,34,34,26,0.7647058823529411,0,30
qwen,FIELD_PLUS_LATEST_ERRATUM,UPDATE_COMPARISON-ORIGIN-0033-origin0,ORIGIN,34,34,31,0.9117647058823529,0,5
qwen,FIELD_PLUS_LATEST_ERRATUM,UPDATE_COMPARISON-ORIGIN-0033-origin1,ORIGIN,34,34,30,0.8823529411764706,0,4
qwen,FIELD_PLUS_LATEST_ERRATUM,UPDATE_COMPARISON-ORIGIN-0033-origin2,ORIGIN,34,34,22,0.6470588235294118,0,14
qwen,FIELD_PLUS_LATEST_ERRATUM,UPDATE_COMPARISON-ORIGIN-0033-origin3,ORIGIN,34,34,22,0.6470588235294118,0,21
qwen,FIELD_PLUS_LATEST_ERRATUM,UPDATE_COMPARISON-ORIGIN-0034-origin0,ORIGIN,34,34,26,0.7647058823529411,0,7
qwen,FIELD_PLUS_LATEST_ERRATUM,UPDATE_COMPARISON-ORIGIN-0034-origin1,ORIGIN,34,34,24,0.7058823529411765,0,5
qwen,FIELD_PLUS_LATEST_ERRATUM,UPDATE_COMPARISON-ORIGIN-0034-origin2,ORIGIN,34,34,24,0.7058823529411765,0,10
qwen,FIELD_PLUS_LATEST_ERRATUM,UPDATE_COMPARISON-ORIGIN-0034-origin3,ORIGIN,34,34,24,0.7058823529411765,0,19
qwen,FIELD_PLUS_LATEST_ERRATUM,UPDATE_COMPARISON-ORIGIN-0035-origin0,ORIGIN,34,34,24,0.7058823529411765,0,9
qwen,FIELD_PLUS_LATEST_ERRATUM,UPDATE_COMPARISON-ORIGIN-0035-origin1,ORIGIN,34,34,24,0.7058823529411765,0,8
qwen,FIELD_PLUS_LATEST_ERRATUM,UPDATE_COMPARISON-ORIGIN-0035-origin2,ORIGIN,34,34,20,0.5882352941176471,0,21
qwen,FIELD_PLUS_LATEST_ERRATUM,UPDATE_COMPARISON-ORIGIN-0035-origin3,ORIGIN,34,34,20,0.5882352941176471,0,24
qwen,FIELD_PLUS_LATEST_ERRATUM,UPDATE_COMPARISON-ORIGIN-0036-origin0,ORIGIN,34,34,30,0.8823529411764706,0,11
qwen,FIELD_PLUS_LATEST_ERRATUM,UPDATE_COMPARISON-ORIGIN-0036-origin1,ORIGIN,34,34,31,0.9117647058823529,0,12
qwen,FIELD_PLUS_LATEST_ERRATUM,UPDATE_COMPARISON-ORIGIN-0036-origin2,ORIGIN,34,34,30,0.8823529411764706,0,16
qwen,FIELD_PLUS_LATEST_ERRATUM,UPDATE_COMPARISON-ORIGIN-0036-origin3,ORIGIN,34,34,30,0.8823529411764706,0,15
qwen,FIELD_PLUS_LATEST_ERRATUM,UPDATE_COMPARISON-ORIGIN-0037-origin0,ORIGIN,34,34,29,0.8529411764705882,0,6
qwen,FIELD_PLUS_LATEST_ERRATUM,UPDATE_COMPARISON-ORIGIN-0037-origin1,ORIGIN,34,34,25,0.7352941176470589,0,5
qwen,FIELD_PLUS_LATEST_ERRATUM,UPDATE_COMPARISON-ORIGIN-0037-origin2,ORIGIN,34,34,28,0.8235294117647058,0,18
qwen,FIELD_PLUS_LATEST_ERRATUM,UPDATE_COMPARISON-ORIGIN-0037-origin3,ORIGIN,34,34,28,0.8235294117647058,0,15
qwen,FIELD_PLUS_LATEST_ERRATUM,UPDATE_COMPARISON-ORIGIN-0038-origin0,ORIGIN,34,34,28,0.8235294117647058,0,7
qwen,FIELD_PLUS_LATEST_ERRATUM,UPDATE_COMPARISON-ORIGIN-0038-origin1,ORIGIN,34,34,27,0.7941176470588235,0,15
qwen,FIELD_PLUS_LATEST_ERRATUM,UPDATE_COMPARISON-ORIGIN-0038-origin2,ORIGIN,34,34,28,0.8235294117647058,0,15
qwen,FIELD_PLUS_LATEST_ERRATUM,UPDATE_COMPARISON-ORIGIN-0038-origin3,ORIGIN,34,34,26,0.7647058823529411,0,15
qwen,FIELD_PLUS_LATEST_ERRATUM,UPDATE_COMPARISON-ORIGIN-0039-origin0,ORIGIN,34,34,30,0.8823529411764706,0,6
qwen,FIELD_PLUS_LATEST_ERRATUM,UPDATE_COMPARISON-ORIGIN-0039-origin1,ORIGIN,34,34,28,0.8235294117647058,0,12
qwen,FIELD_PLUS_LATEST_ERRATUM,UPDATE_COMPARISON-ORIGIN-0039-origin2,ORIGIN,34,34,26,0.7647058823529411,0,12
qwen,FIELD_PLUS_LATEST_ERRATUM,UPDATE_COMPARISON-ORIGIN-0039-origin3,ORIGIN,34,34,26,0.7647058823529411,0,17
qwen,FIELD_PLUS_LATEST_ERRATUM,UPDATE_COMPARISON-ORIGIN-0040-origin0,ORIGIN,34,34,27,0.7941176470588235,0,3
qwen,FIELD_PLUS_LATEST_ERRATUM,UPDATE_COMPARISON-ORIGIN-0040-origin1,ORIGIN,34,34,26,0.7647058823529411,0,7
qwen,FIELD_PLUS_LATEST_ERRATUM,UPDATE_COMPARISON-ORIGIN-0040-origin2,ORIGIN,34,34,26,0.7647058823529411,0,13
qwen,FIELD_PLUS_LATEST_ERRATUM,UPDATE_COMPARISON-ORIGIN-0040-origin3,ORIGIN,34,34,26,0.7647058823529411,0,11
qwen,FIELD_PLUS_LATEST_ERRATUM,UPDATE_COMPARISON-ORIGIN-0041-origin0,ORIGIN,34,34,24,0.7058823529411765,0,7
qwen,FIELD_PLUS_LATEST_ERRATUM,UPDATE_COMPARISON-ORIGIN-0041-origin1,ORIGIN,34,34,22,0.6470588235294118,0,7
qwen,FIELD_PLUS_LATEST_ERRATUM,UPDATE_COMPARISON-ORIGIN-0041-origin2,ORIGIN,34,34,23,0.6764705882352942,0,13
qwen,FIELD_PLUS_LATEST_ERRATUM,UPDATE_COMPARISON-ORIGIN-0041-origin3,ORIGIN,34,34,24,0.7058823529411765,0,13
qwen,FIELD_PLUS_LATEST_ERRATUM,UPDATE_COMPARISON-ORIGIN-0042-origin0,ORIGIN,34,34,27,0.7941176470588235,0,1
qwen,FIELD_PLUS_LATEST_ERRATUM,UPDATE_COMPARISON-ORIGIN-0042-origin1,ORIGIN,34,34,27,0.7941176470588235,0,6
qwen,FIELD_PLUS_LATEST_ERRATUM,UPDATE_COMPARISON-ORIGIN-0042-origin2,ORIGIN,34,34,25,0.7352941176470589,0,10
qwen,FIELD_PLUS_LATEST_ERRATUM,UPDATE_COMPARISON-ORIGIN-0042-origin3,ORIGIN,34,34,25,0.7352941176470589,0,19
qwen,FIELD_PLUS_LATEST_ERRATUM,UPDATE_COMPARISON-ORIGIN-0043-origin0,ORIGIN,34,34,28,0.8235294117647058,0,3
qwen,FIELD_PLUS_LATEST_ERRATUM,UPDATE_COMPARISON-ORIGIN-0043-origin1,ORIGIN,34,34,29,0.8529411764705882,0,7
qwen,FIELD_PLUS_LATEST_ERRATUM,UPDATE_COMPARISON-ORIGIN-0043-origin2,ORIGIN,34,34,25,0.7352941176470589,0,6
qwen,FIELD_PLUS_LATEST_ERRATUM,UPDATE_COMPARISON-ORIGIN-0043-origin3,ORIGIN,34,34,25,0.7352941176470589,0,16
qwen,FIELD_PLUS_LATEST_ERRATUM,UPDATE_COMPARISON-ORIGIN-0044-origin0,ORIGIN,34,34,33,0.9705882352941176,0,1
qwen,FIELD_PLUS_LATEST_ERRATUM,UPDATE_COMPARISON-ORIGIN-0044-origin1,ORIGIN,34,34,32,0.9411764705882353,0,8
qwen,FIELD_PLUS_LATEST_ERRATUM,UPDATE_COMPARISON-ORIGIN-0044-origin2,ORIGIN,34,34,30,0.8823529411764706,0,11
qwen,FIELD_PLUS_LATEST_ERRATUM,UPDATE_COMPARISON-ORIGIN-0044-origin3,ORIGIN,34,34,29,0.8529411764705882,0,11
qwen,FIELD_PLUS_LATEST_ERRATUM,UPDATE_COMPARISON-ORIGIN-0045-origin0,ORIGIN,34,34,32,0.9411764705882353,0,2
qwen,FIELD_PLUS_LATEST_ERRATUM,UPDATE_COMPARISON-ORIGIN-0045-origin1,ORIGIN,34,34,32,0.9411764705882353,0,7
qwen,FIELD_PLUS_LATEST_ERRATUM,UPDATE_COMPARISON-ORIGIN-0045-origin2,ORIGIN,34,34,32,0.9411764705882353,0,10
qwen,FIELD_PLUS_LATEST_ERRATUM,UPDATE_COMPARISON-ORIGIN-0045-origin3,ORIGIN,34,34,29,0.8529411764705882,0,11
qwen,FIELD_PLUS_LATEST_ERRATUM,UPDATE_COMPARISON-ORIGIN-0046-origin0,ORIGIN,34,34,32,0.9411764705882353,0,2
qwen,FIELD_PLUS_LATEST_ERRATUM,UPDATE_COMPARISON-ORIGIN-0046-origin1,ORIGIN,34,34,30,0.8823529411764706,0,7
qwen,FIELD_PLUS_LATEST_ERRATUM,UPDATE_COMPARISON-ORIGIN-0046-origin2,ORIGIN,34,34,31,0.9117647058823529,0,12
qwen,FIELD_PLUS_LATEST_ERRATUM,UPDATE_COMPARISON-ORIGIN-0046-origin3,ORIGIN,34,34,30,0.8823529411764706,0,13
qwen,FIELD_PLUS_LATEST_ERRATUM,UPDATE_COMPARISON-ORIGIN-0047-origin0,ORIGIN,34,34,33,0.9705882352941176,0,0
qwen,FIELD_PLUS_LATEST_ERRATUM,UPDATE_COMPARISON-ORIGIN-0047-origin1,ORIGIN,34,34,33,0.9705882352941176,0,5
qwen,FIELD_PLUS_LATEST_ERRATUM,UPDATE_COMPARISON-ORIGIN-0047-origin2,ORIGIN,34,34,33,0.9705882352941176,0,10
qwen,FIELD_PLUS_LATEST_ERRATUM,UPDATE_COMPARISON-ORIGIN-0047-origin3,ORIGIN,34,34,31,0.9117647058823529,0,7
qwen,FIELD_PLUS_LATEST_ERRATUM,UPDATE_COMPARISON-ORIGIN-0048-origin0,ORIGIN,34,34,26,0.7647058823529411,0,5
qwen,FIELD_PLUS_LATEST_ERRATUM,UPDATE_COMPARISON-ORIGIN-0048-origin1,ORIGIN,34,34,25,0.7352941176470589,0,8
qwen,FIELD_PLUS_LATEST_ERRATUM,UPDATE_COMPARISON-ORIGIN-0048-origin2,ORIGIN,34,34,24,0.7058823529411765,0,12
qwen,FIELD_PLUS_LATEST_ERRATUM,UPDATE_COMPARISON-ORIGIN-0048-origin3,ORIGIN,34,34,24,0.7058823529411765,0,12
qwen,FIELD_PLUS_LATEST_ERRATUM,UPDATE_COMPARISON-ORIGIN-0049-origin0,ORIGIN,34,34,28,0.8235294117647058,0,5
qwen,FIELD_PLUS_LATEST_ERRATUM,UPDATE_COMPARISON-ORIGIN-0049-origin1,ORIGIN,34,34,26,0.7647058823529411,0,7
qwen,FIELD_PLUS_LATEST_ERRATUM,UPDATE_COMPARISON-ORIGIN-0049-origin2,ORIGIN,34,34,23,0.6764705882352942,0,10
qwen,FIELD_PLUS_LATEST_ERRATUM,UPDATE_COMPARISON-ORIGIN-0049-origin3,ORIGIN,34,34,25,0.7352941176470589,0,12
qwen,FIELD_PLUS_LATEST_ERRATUM,UPDATE_COMPARISON-ORIGIN-0050-origin0,ORIGIN,34,34,25,0.7352941176470589,0,8
qwen,FIELD_PLUS_LATEST_ERRATUM,UPDATE_COMPARISON-ORIGIN-0050-origin1,ORIGIN,34,34,23,0.6764705882352942,0,13
qwen,FIELD_PLUS_LATEST_ERRATUM,UPDATE_COMPARISON-ORIGIN-0050-origin2,ORIGIN,34,34,23,0.6764705882352942,0,9
qwen,FIELD_PLUS_LATEST_ERRATUM,UPDATE_COMPARISON-ORIGIN-0050-origin3,ORIGIN,34,34,21,0.6176470588235294,0,16
qwen,FIELD_PLUS_LATEST_ERRATUM,UPDATE_COMPARISON-ORIGIN-0051-origin0,ORIGIN,34,34,25,0.7352941176470589,0,4
qwen,FIELD_PLUS_LATEST_ERRATUM,UPDATE_COMPARISON-ORIGIN-0051-origin1,ORIGIN,34,34,27,0.7941176470588235,0,7
qwen,FIELD_PLUS_LATEST_ERRATUM,UPDATE_COMPARISON-ORIGIN-0051-origin2,ORIGIN,34,34,27,0.7941176470588235,0,9
qwen,FIELD_PLUS_LATEST_ERRATUM,UPDATE_COMPARISON-ORIGIN-0051-origin3,ORIGIN,34,34,27,0.7941176470588235,0,16
qwen,FIELD_PLUS_LATEST_ERRATUM,UPDATE_COMPARISON-ORIGIN-0052-origin0,ORIGIN,34,34,32,0.9411764705882353,0,3
qwen,FIELD_PLUS_LATEST_ERRATUM,UPDATE_COMPARISON-ORIGIN-0052-origin1,ORIGIN,34,34,31,0.9117647058823529,0,7
qwen,FIELD_PLUS_LATEST_ERRATUM,UPDATE_COMPARISON-ORIGIN-0052-origin2,ORIGIN,34,34,28,0.8235294117647058,0,8
qwen,FIELD_PLUS_LATEST_ERRATUM,UPDATE_COMPARISON-ORIGIN-0052-origin3,ORIGIN,34,34,27,0.7941176470588235,0,8
qwen,FIELD_PLUS_LATEST_ERRATUM,UPDATE_COMPARISON-ORIGIN-0053-origin0,ORIGIN,34,34,31,0.9117647058823529,0,2
qwen,FIELD_PLUS_LATEST_ERRATUM,UPDATE_COMPARISON-ORIGIN-0053-origin1,ORIGIN,34,34,29,0.8529411764705882,0,8
qwen,FIELD_PLUS_LATEST_ERRATUM,UPDATE_COMPARISON-ORIGIN-0053-origin2,ORIGIN,34,34,28,0.8235294117647058,0,9
qwen,FIELD_PLUS_LATEST_ERRATUM,UPDATE_COMPARISON-ORIGIN-0053-origin3,ORIGIN,34,34,28,0.8235294117647058,0,12
qwen,FIELD_PLUS_LATEST_ERRATUM,UPDATE_COMPARISON-ORIGIN-0054-origin0,ORIGIN,34,34,32,0.9411764705882353,0,2
qwen,FIELD_PLUS_LATEST_ERRATUM,UPDATE_COMPARISON-ORIGIN-0054-origin1,ORIGIN,34,34,30,0.8823529411764706,0,7
qwen,FIELD_PLUS_LATEST_ERRATUM,UPDATE_COMPARISON-ORIGIN-0054-origin2,ORIGIN,34,34,31,0.9117647058823529,0,13
qwen,FIELD_PLUS_LATEST_ERRATUM,UPDATE_COMPARISON-ORIGIN-0054-origin3,ORIGIN,34,34,27,0.7941176470588235,0,13
qwen,FIELD_PLUS_LATEST_ERRATUM,UPDATE_COMPARISON-ORIGIN-0055-origin0,ORIGIN,34,34,30,0.8823529411764706,0,2
qwen,FIELD_PLUS_LATEST_ERRATUM,UPDATE_COMPARISON-ORIGIN-0055-origin1,ORIGIN,34,34,30,0.8823529411764706,0,6
qwen,FIELD_PLUS_LATEST_ERRATUM,UPDATE_COMPARISON-ORIGIN-0055-origin2,ORIGIN,34,34,29,0.8529411764705882,0,12
qwen,FIELD_PLUS_LATEST_ERRATUM,UPDATE_COMPARISON-ORIGIN-0055-origin3,ORIGIN,34,34,28,0.8235294117647058,0,11
qwen,FIELD_PLUS_LATEST_ERRATUM,UPDATE_COMPARISON-ORIGIN-0056-origin0,ORIGIN,34,34,22,0.6470588235294118,0,10
qwen,FIELD_PLUS_LATEST_ERRATUM,UPDATE_COMPARISON-ORIGIN-0056-origin1,ORIGIN,34,34,22,0.6470588235294118,0,7
qwen,FIELD_PLUS_LATEST_ERRATUM,UPDATE_COMPARISON-ORIGIN-0056-origin2,ORIGIN,34,34,24,0.7058823529411765,0,26
qwen,FIELD_PLUS_LATEST_ERRATUM,UPDATE_COMPARISON-ORIGIN-0056-origin3,ORIGIN,34,34,23,0.6764705882352942,0,21
qwen,FIELD_PLUS_LATEST_ERRATUM,UPDATE_COMPARISON-ORIGIN-0057-origin0,ORIGIN,34,34,30,0.8823529411764706,0,2
qwen,FIELD_PLUS_LATEST_ERRATUM,UPDATE_COMPARISON-ORIGIN-0057-origin1,ORIGIN,34,34,31,0.9117647058823529,0,9
qwen,FIELD_PLUS_LATEST_ERRATUM,UPDATE_COMPARISON-ORIGIN-0057-origin2,ORIGIN,34,34,30,0.8823529411764706,0,18
qwen,FIELD_PLUS_LATEST_ERRATUM,UPDATE_COMPARISON-ORIGIN-0057-origin3,ORIGIN,34,34,30,0.8823529411764706,0,17
qwen,FIELD_PLUS_LATEST_ERRATUM,UPDATE_COMPARISON-ORIGIN-0058-origin0,ORIGIN,34,34,31,0.9117647058823529,0,8
qwen,FIELD_PLUS_LATEST_ERRATUM,UPDATE_COMPARISON-ORIGIN-0058-origin1,ORIGIN,34,34,29,0.8529411764705882,0,7
qwen,FIELD_PLUS_LATEST_ERRATUM,UPDATE_COMPARISON-ORIGIN-0058-origin2,ORIGIN,34,34,25,0.7352941176470589,0,15
qwen,FIELD_PLUS_LATEST_ERRATUM,UPDATE_COMPARISON-ORIGIN-0058-origin3,ORIGIN,34,34,22,0.6470588235294118,0,14
qwen,FIELD_PLUS_LATEST_ERRATUM,UPDATE_COMPARISON-ORIGIN-0059-origin0,ORIGIN,34,34,31,0.9117647058823529,0,3
qwen,FIELD_PLUS_LATEST_ERRATUM,UPDATE_COMPARISON-ORIGIN-0059-origin1,ORIGIN,34,34,30,0.8823529411764706,0,6
qwen,FIELD_PLUS_LATEST_ERRATUM,UPDATE_COMPARISON-ORIGIN-0059-origin2,ORIGIN,34,34,31,0.9117647058823529,0,18
qwen,FIELD_PLUS_LATEST_ERRATUM,UPDATE_COMPARISON-ORIGIN-0059-origin3,ORIGIN,34,34,31,0.9117647058823529,0,14
qwen,FIELD_PLUS_LATEST_ERRATUM,UPDATE_COMPARISON-ORIGIN-0060-origin0,ORIGIN,34,34,34,1.0,1,0
qwen,FIELD_PLUS_LATEST_ERRATUM,UPDATE_COMPARISON-ORIGIN-0060-origin1,ORIGIN,34,34,32,0.9411764705882353,0,14
qwen,FIELD_PLUS_LATEST_ERRATUM,UPDATE_COMPARISON-ORIGIN-0060-origin2,ORIGIN,34,34,31,0.9117647058823529,0,18
qwen,FIELD_PLUS_LATEST_ERRATUM,UPDATE_COMPARISON-ORIGIN-0060-origin3,ORIGIN,34,34,31,0.9117647058823529,0,24
qwen,FIELD_PLUS_LATEST_ERRATUM,UPDATE_COMPARISON-ORIGIN-0061-origin0,ORIGIN,34,34,32,0.9411764705882353,0,7
qwen,FIELD_PLUS_LATEST_ERRATUM,UPDATE_COMPARISON-ORIGIN-0061-origin1,ORIGIN,34,34,32,0.9411764705882353,0,13
qwen,FIELD_PLUS_LATEST_ERRATUM,UPDATE_COMPARISON-ORIGIN-0061-origin2,ORIGIN,34,34,33,0.9705882352941176,0,21
qwen,FIELD_PLUS_LATEST_ERRATUM,UPDATE_COMPARISON-ORIGIN-0061-origin3,ORIGIN,34,34,33,0.9705882352941176,0,25
qwen,FIELD_PLUS_LATEST_ERRATUM,UPDATE_COMPARISON-ORIGIN-0062-origin0,ORIGIN,34,34,32,0.9411764705882353,0,2
qwen,FIELD_PLUS_LATEST_ERRATUM,UPDATE_COMPARISON-ORIGIN-0062-origin1,ORIGIN,34,34,31,0.9117647058823529,0,10
qwen,FIELD_PLUS_LATEST_ERRATUM,UPDATE_COMPARISON-ORIGIN-0062-origin2,ORIGIN,34,34,28,0.8235294117647058,0,23
qwen,FIELD_PLUS_LATEST_ERRATUM,UPDATE_COMPARISON-ORIGIN-0062-origin3,ORIGIN,34,34,29,0.8529411764705882,0,24
qwen,FIELD_PLUS_LATEST_ERRATUM,UPDATE_COMPARISON-ORIGIN-0063-origin0,ORIGIN,34,34,34,1.0,1,4
qwen,FIELD_PLUS_LATEST_ERRATUM,UPDATE_COMPARISON-ORIGIN-0063-origin1,ORIGIN,34,34,33,0.9705882352941176,0,11
qwen,FIELD_PLUS_LATEST_ERRATUM,UPDATE_COMPARISON-ORIGIN-0063-origin2,ORIGIN,34,34,31,0.9117647058823529,0,15
qwen,FIELD_PLUS_LATEST_ERRATUM,UPDATE_COMPARISON-ORIGIN-0063-origin3,ORIGIN,34,34,30,0.8823529411764706,0,17
qwen,FREE_PAIR_CONSISTENCY_s0,UPDATE_COMPARISON-ORIGIN-0000-origin0,ORIGIN,34,34,32,0.9411764705882353,0,6
qwen,FREE_PAIR_CONSISTENCY_s0,UPDATE_COMPARISON-ORIGIN-0000-origin1,ORIGIN,34,34,34,1.0,1,15
qwen,FREE_PAIR_CONSISTENCY_s0,UPDATE_COMPARISON-ORIGIN-0000-origin2,ORIGIN,34,34,26,0.7647058823529411,0,14
qwen,FREE_PAIR_CONSISTENCY_s0,UPDATE_COMPARISON-ORIGIN-0000-origin3,ORIGIN,34,34,25,0.7352941176470589,0,21
qwen,FREE_PAIR_CONSISTENCY_s0,UPDATE_COMPARISON-ORIGIN-0001-origin0,ORIGIN,34,34,32,0.9411764705882353,0,12
qwen,FREE_PAIR_CONSISTENCY_s0,UPDATE_COMPARISON-ORIGIN-0001-origin1,ORIGIN,34,34,30,0.8823529411764706,0,12
qwen,FREE_PAIR_CONSISTENCY_s0,UPDATE_COMPARISON-ORIGIN-0001-origin2,ORIGIN,34,34,32,0.9411764705882353,0,19
qwen,FREE_PAIR_CONSISTENCY_s0,UPDATE_COMPARISON-ORIGIN-0001-origin3,ORIGIN,34,34,32,0.9411764705882353,0,23
qwen,FREE_PAIR_CONSISTENCY_s0,UPDATE_COMPARISON-ORIGIN-0002-origin0,ORIGIN,34,34,32,0.9411764705882353,0,11
qwen,FREE_PAIR_CONSISTENCY_s0,UPDATE_COMPARISON-ORIGIN-0002-origin1,ORIGIN,34,34,30,0.8823529411764706,0,10
qwen,FREE_PAIR_CONSISTENCY_s0,UPDATE_COMPARISON-ORIGIN-0002-origin2,ORIGIN,34,34,33,0.9705882352941176,0,18
qwen,FREE_PAIR_CONSISTENCY_s0,UPDATE_COMPARISON-ORIGIN-0002-origin3,ORIGIN,34,34,31,0.9117647058823529,0,25
qwen,FREE_PAIR_CONSISTENCY_s0,UPDATE_COMPARISON-ORIGIN-0003-origin0,ORIGIN,34,34,29,0.8529411764705882,0,9
qwen,FREE_PAIR_CONSISTENCY_s0,UPDATE_COMPARISON-ORIGIN-0003-origin1,ORIGIN,34,34,28,0.8235294117647058,0,14
qwen,FREE_PAIR_CONSISTENCY_s0,UPDATE_COMPARISON-ORIGIN-0003-origin2,ORIGIN,34,34,30,0.8823529411764706,0,19
qwen,FREE_PAIR_CONSISTENCY_s0,UPDATE_COMPARISON-ORIGIN-0003-origin3,ORIGIN,34,34,29,0.8529411764705882,0,24
qwen,FREE_PAIR_CONSISTENCY_s0,UPDATE_COMPARISON-ORIGIN-0004-origin0,ORIGIN,34,34,34,1.0,1,2
qwen,FREE_PAIR_CONSISTENCY_s0,UPDATE_COMPARISON-ORIGIN-0004-origin1,ORIGIN,34,34,34,1.0,1,7
qwen,FREE_PAIR_CONSISTENCY_s0,UPDATE_COMPARISON-ORIGIN-0004-origin2,ORIGIN,34,34,34,1.0,1,12
qwen,FREE_PAIR_CONSISTENCY_s0,UPDATE_COMPARISON-ORIGIN-0004-origin3,ORIGIN,34,34,34,1.0,1,14
qwen,FREE_PAIR_CONSISTENCY_s0,UPDATE_COMPARISON-ORIGIN-0005-origin0,ORIGIN,34,34,32,0.9411764705882353,0,6
qwen,FREE_PAIR_CONSISTENCY_s0,UPDATE_COMPARISON-ORIGIN-0005-origin1,ORIGIN,34,34,32,0.9411764705882353,0,8
qwen,FREE_PAIR_CONSISTENCY_s0,UPDATE_COMPARISON-ORIGIN-0005-origin2,ORIGIN,34,34,32,0.9411764705882353,0,17
qwen,FREE_PAIR_CONSISTENCY_s0,UPDATE_COMPARISON-ORIGIN-0005-origin3,ORIGIN,34,34,32,0.9411764705882353,0,18
qwen,FREE_PAIR_CONSISTENCY_s0,UPDATE_COMPARISON-ORIGIN-0006-origin0,ORIGIN,34,34,34,1.0,1,4
qwen,FREE_PAIR_CONSISTENCY_s0,UPDATE_COMPARISON-ORIGIN-0006-origin1,ORIGIN,34,34,34,1.0,1,6
qwen,FREE_PAIR_CONSISTENCY_s0,UPDATE_COMPARISON-ORIGIN-0006-origin2,ORIGIN,34,34,34,1.0,1,16
qwen,FREE_PAIR_CONSISTENCY_s0,UPDATE_COMPARISON-ORIGIN-0006-origin3,ORIGIN,34,34,34,1.0,1,12
qwen,FREE_PAIR_CONSISTENCY_s0,UPDATE_COMPARISON-ORIGIN-0007-origin0,ORIGIN,34,34,34,1.0,1,9
qwen,FREE_PAIR_CONSISTENCY_s0,UPDATE_COMPARISON-ORIGIN-0007-origin1,ORIGIN,34,34,34,1.0,1,11
qwen,FREE_PAIR_CONSISTENCY_s0,UPDATE_COMPARISON-ORIGIN-0007-origin2,ORIGIN,34,34,32,0.9411764705882353,0,12
qwen,FREE_PAIR_CONSISTENCY_s0,UPDATE_COMPARISON-ORIGIN-0007-origin3,ORIGIN,34,34,32,0.9411764705882353,0,13
qwen,FREE_PAIR_CONSISTENCY_s0,UPDATE_COMPARISON-ORIGIN-0008-origin0,ORIGIN,34,34,32,0.9411764705882353,0,13
qwen,FREE_PAIR_CONSISTENCY_s0,UPDATE_COMPARISON-ORIGIN-0008-origin1,ORIGIN,34,34,34,1.0,1,12
qwen,FREE_PAIR_CONSISTENCY_s0,UPDATE_COMPARISON-ORIGIN-0008-origin2,ORIGIN,34,34,34,1.0,1,11
qwen,FREE_PAIR_CONSISTENCY_s0,UPDATE_COMPARISON-ORIGIN-0008-origin3,ORIGIN,34,34,34,1.0,1,14
qwen,FREE_PAIR_CONSISTENCY_s0,UPDATE_COMPARISON-ORIGIN-0009-origin0,ORIGIN,34,34,31,0.9117647058823529,0,3
qwen,FREE_PAIR_CONSISTENCY_s0,UPDATE_COMPARISON-ORIGIN-0009-origin1,ORIGIN,34,34,29,0.8529411764705882,0,9
qwen,FREE_PAIR_CONSISTENCY_s0,UPDATE_COMPARISON-ORIGIN-0009-origin2,ORIGIN,34,34,32,0.9411764705882353,0,11
qwen,FREE_PAIR_CONSISTENCY_s0,UPDATE_COMPARISON-ORIGIN-0009-origin3,ORIGIN,34,34,30,0.8823529411764706,0,18
qwen,FREE_PAIR_CONSISTENCY_s0,UPDATE_COMPARISON-ORIGIN-0010-origin0,ORIGIN,34,34,34,1.0,1,9
qwen,FREE_PAIR_CONSISTENCY_s0,UPDATE_COMPARISON-ORIGIN-0010-origin1,ORIGIN,34,34,32,0.9411764705882353,0,12
qwen,FREE_PAIR_CONSISTENCY_s0,UPDATE_COMPARISON-ORIGIN-0010-origin2,ORIGIN,34,34,34,1.0,1,12
qwen,FREE_PAIR_CONSISTENCY_s0,UPDATE_COMPARISON-ORIGIN-0010-origin3,ORIGIN,34,34,34,1.0,1,16
qwen,FREE_PAIR_CONSISTENCY_s0,UPDATE_COMPARISON-ORIGIN-0011-origin0,ORIGIN,34,34,34,1.0,1,11
qwen,FREE_PAIR_CONSISTENCY_s0,UPDATE_COMPARISON-ORIGIN-0011-origin1,ORIGIN,34,34,33,0.9705882352941176,0,15
qwen,FREE_PAIR_CONSISTENCY_s0,UPDATE_COMPARISON-ORIGIN-0011-origin2,ORIGIN,34,34,34,1.0,1,14
qwen,FREE_PAIR_CONSISTENCY_s0,UPDATE_COMPARISON-ORIGIN-0011-origin3,ORIGIN,34,34,34,1.0,1,16
qwen,FREE_PAIR_CONSISTENCY_s0,UPDATE_COMPARISON-ORIGIN-0012-origin0,ORIGIN,34,34,34,1.0,1,1
qwen,FREE_PAIR_CONSISTENCY_s0,UPDATE_COMPARISON-ORIGIN-0012-origin1,ORIGIN,34,34,34,1.0,1,9
qwen,FREE_PAIR_CONSISTENCY_s0,UPDATE_COMPARISON-ORIGIN-0012-origin2,ORIGIN,34,34,34,1.0,1,13
qwen,FREE_PAIR_CONSISTENCY_s0,UPDATE_COMPARISON-ORIGIN-0012-origin3,ORIGIN,34,34,34,1.0,1,14
qwen,FREE_PAIR_CONSISTENCY_s0,UPDATE_COMPARISON-ORIGIN-0013-origin0,ORIGIN,34,34,34,1.0,1,1
qwen,FREE_PAIR_CONSISTENCY_s0,UPDATE_COMPARISON-ORIGIN-0013-origin1,ORIGIN,34,34,34,1.0,1,5
qwen,FREE_PAIR_CONSISTENCY_s0,UPDATE_COMPARISON-ORIGIN-0013-origin2,ORIGIN,34,34,34,1.0,1,9
qwen,FREE_PAIR_CONSISTENCY_s0,UPDATE_COMPARISON-ORIGIN-0013-origin3,ORIGIN,34,34,34,1.0,1,11
qwen,FREE_PAIR_CONSISTENCY_s0,UPDATE_COMPARISON-ORIGIN-0014-origin0,ORIGIN,34,34,33,0.9705882352941176,0,3
qwen,FREE_PAIR_CONSISTENCY_s0,UPDATE_COMPARISON-ORIGIN-0014-origin1,ORIGIN,34,34,33,0.9705882352941176,0,9
qwen,FREE_PAIR_CONSISTENCY_s0,UPDATE_COMPARISON-ORIGIN-0014-origin2,ORIGIN,34,34,32,0.9411764705882353,0,16
qwen,FREE_PAIR_CONSISTENCY_s0,UPDATE_COMPARISON-ORIGIN-0014-origin3,ORIGIN,34,34,32,0.9411764705882353,0,17
qwen,FREE_PAIR_CONSISTENCY_s0,UPDATE_COMPARISON-ORIGIN-0015-origin0,ORIGIN,34,34,34,1.0,1,5
qwen,FREE_PAIR_CONSISTENCY_s0,UPDATE_COMPARISON-ORIGIN-0015-origin1,ORIGIN,34,34,34,1.0,1,9
qwen,FREE_PAIR_CONSISTENCY_s0,UPDATE_COMPARISON-ORIGIN-0015-origin2,ORIGIN,34,34,32,0.9411764705882353,0,16
qwen,FREE_PAIR_CONSISTENCY_s0,UPDATE_COMPARISON-ORIGIN-0015-origin3,ORIGIN,34,34,32,0.9411764705882353,0,19
qwen,FREE_PAIR_CONSISTENCY_s0,UPDATE_COMPARISON-ORIGIN-0016-origin0,ORIGIN,34,34,34,1.0,1,7
qwen,FREE_PAIR_CONSISTENCY_s0,UPDATE_COMPARISON-ORIGIN-0016-origin1,ORIGIN,34,34,34,1.0,1,12
qwen,FREE_PAIR_CONSISTENCY_s0,UPDATE_COMPARISON-ORIGIN-0016-origin2,ORIGIN,34,34,34,1.0,1,11
qwen,FREE_PAIR_CONSISTENCY_s0,UPDATE_COMPARISON-ORIGIN-0016-origin3,ORIGIN,34,34,34,1.0,1,15
qwen,FREE_PAIR_CONSISTENCY_s0,UPDATE_COMPARISON-ORIGIN-0017-origin0,ORIGIN,34,34,28,0.8235294117647058,0,4
qwen,FREE_PAIR_CONSISTENCY_s0,UPDATE_COMPARISON-ORIGIN-0017-origin1,ORIGIN,34,34,28,0.8235294117647058,0,5
qwen,FREE_PAIR_CONSISTENCY_s0,UPDATE_COMPARISON-ORIGIN-0017-origin2,ORIGIN,34,34,28,0.8235294117647058,0,10
qwen,FREE_PAIR_CONSISTENCY_s0,UPDATE_COMPARISON-ORIGIN-0017-origin3,ORIGIN,34,34,29,0.8529411764705882,0,13
qwen,FREE_PAIR_CONSISTENCY_s0,UPDATE_COMPARISON-ORIGIN-0018-origin0,ORIGIN,34,34,31,0.9117647058823529,0,9
qwen,FREE_PAIR_CONSISTENCY_s0,UPDATE_COMPARISON-ORIGIN-0018-origin1,ORIGIN,34,34,31,0.9117647058823529,0,12
qwen,FREE_PAIR_CONSISTENCY_s0,UPDATE_COMPARISON-ORIGIN-0018-origin2,ORIGIN,34,34,30,0.8823529411764706,0,13
qwen,FREE_PAIR_CONSISTENCY_s0,UPDATE_COMPARISON-ORIGIN-0018-origin3,ORIGIN,34,34,31,0.9117647058823529,0,15
qwen,FREE_PAIR_CONSISTENCY_s0,UPDATE_COMPARISON-ORIGIN-0019-origin0,ORIGIN,34,34,30,0.8823529411764706,0,5
qwen,FREE_PAIR_CONSISTENCY_s0,UPDATE_COMPARISON-ORIGIN-0019-origin1,ORIGIN,34,34,30,0.8823529411764706,0,8
qwen,FREE_PAIR_CONSISTENCY_s0,UPDATE_COMPARISON-ORIGIN-0019-origin2,ORIGIN,34,34,31,0.9117647058823529,0,11
qwen,FREE_PAIR_CONSISTENCY_s0,UPDATE_COMPARISON-ORIGIN-0019-origin3,ORIGIN,34,34,32,0.9411764705882353,0,13
qwen,FREE_PAIR_CONSISTENCY_s0,UPDATE_COMPARISON-ORIGIN-0020-origin0,ORIGIN,34,34,32,0.9411764705882353,0,3
qwen,FREE_PAIR_CONSISTENCY_s0,UPDATE_COMPARISON-ORIGIN-0020-origin1,ORIGIN,34,34,34,1.0,1,8
qwen,FREE_PAIR_CONSISTENCY_s0,UPDATE_COMPARISON-ORIGIN-0020-origin2,ORIGIN,34,34,34,1.0,1,11
qwen,FREE_PAIR_CONSISTENCY_s0,UPDATE_COMPARISON-ORIGIN-0020-origin3,ORIGIN,34,34,34,1.0,1,14
qwen,FREE_PAIR_CONSISTENCY_s0,UPDATE_COMPARISON-ORIGIN-0021-origin0,ORIGIN,34,34,34,1.0,1,6
qwen,FREE_PAIR_CONSISTENCY_s0,UPDATE_COMPARISON-ORIGIN-0021-origin1,ORIGIN,34,34,34,1.0,1,10
qwen,FREE_PAIR_CONSISTENCY_s0,UPDATE_COMPARISON-ORIGIN-0021-origin2,ORIGIN,34,34,34,1.0,1,14
qwen,FREE_PAIR_CONSISTENCY_s0,UPDATE_COMPARISON-ORIGIN-0021-origin3,ORIGIN,34,34,34,1.0,1,17
qwen,FREE_PAIR_CONSISTENCY_s0,UPDATE_COMPARISON-ORIGIN-0022-origin0,ORIGIN,34,34,34,1.0,1,3
qwen,FREE_PAIR_CONSISTENCY_s0,UPDATE_COMPARISON-ORIGIN-0022-origin1,ORIGIN,34,34,34,1.0,1,9
qwen,FREE_PAIR_CONSISTENCY_s0,UPDATE_COMPARISON-ORIGIN-0022-origin2,ORIGIN,34,34,33,0.9705882352941176,0,11
qwen,FREE_PAIR_CONSISTENCY_s0,UPDATE_COMPARISON-ORIGIN-0022-origin3,ORIGIN,34,34,34,1.0,1,15
qwen,FREE_PAIR_CONSISTENCY_s0,UPDATE_COMPARISON-ORIGIN-0023-origin0,ORIGIN,34,34,34,1.0,1,3
qwen,FREE_PAIR_CONSISTENCY_s0,UPDATE_COMPARISON-ORIGIN-0023-origin1,ORIGIN,34,34,32,0.9411764705882353,0,9
qwen,FREE_PAIR_CONSISTENCY_s0,UPDATE_COMPARISON-ORIGIN-0023-origin2,ORIGIN,34,34,34,1.0,1,10
qwen,FREE_PAIR_CONSISTENCY_s0,UPDATE_COMPARISON-ORIGIN-0023-origin3,ORIGIN,34,34,33,0.9705882352941176,0,11
qwen,FREE_PAIR_CONSISTENCY_s0,UPDATE_COMPARISON-ORIGIN-0024-origin0,ORIGIN,34,34,34,1.0,1,3
qwen,FREE_PAIR_CONSISTENCY_s0,UPDATE_COMPARISON-ORIGIN-0024-origin1,ORIGIN,34,34,34,1.0,1,12
qwen,FREE_PAIR_CONSISTENCY_s0,UPDATE_COMPARISON-ORIGIN-0024-origin2,ORIGIN,34,34,32,0.9411764705882353,0,18
qwen,FREE_PAIR_CONSISTENCY_s0,UPDATE_COMPARISON-ORIGIN-0024-origin3,ORIGIN,34,34,34,1.0,1,17
qwen,FREE_PAIR_CONSISTENCY_s0,UPDATE_COMPARISON-ORIGIN-0025-origin0,ORIGIN,34,34,34,1.0,1,2
qwen,FREE_PAIR_CONSISTENCY_s0,UPDATE_COMPARISON-ORIGIN-0025-origin1,ORIGIN,34,34,34,1.0,1,11
qwen,FREE_PAIR_CONSISTENCY_s0,UPDATE_COMPARISON-ORIGIN-0025-origin2,ORIGIN,34,34,34,1.0,1,16
qwen,FREE_PAIR_CONSISTENCY_s0,UPDATE_COMPARISON-ORIGIN-0025-origin3,ORIGIN,34,34,34,1.0,1,14
qwen,FREE_PAIR_CONSISTENCY_s0,UPDATE_COMPARISON-ORIGIN-0026-origin0,ORIGIN,34,34,34,1.0,1,8
qwen,FREE_PAIR_CONSISTENCY_s0,UPDATE_COMPARISON-ORIGIN-0026-origin1,ORIGIN,34,34,32,0.9411764705882353,0,13
qwen,FREE_PAIR_CONSISTENCY_s0,UPDATE_COMPARISON-ORIGIN-0026-origin2,ORIGIN,34,34,34,1.0,1,10
qwen,FREE_PAIR_CONSISTENCY_s0,UPDATE_COMPARISON-ORIGIN-0026-origin3,ORIGIN,34,34,34,1.0,1,14
qwen,FREE_PAIR_CONSISTENCY_s0,UPDATE_COMPARISON-ORIGIN-0027-origin0,ORIGIN,34,34,34,1.0,1,11
qwen,FREE_PAIR_CONSISTENCY_s0,UPDATE_COMPARISON-ORIGIN-0027-origin1,ORIGIN,34,34,33,0.9705882352941176,0,11
qwen,FREE_PAIR_CONSISTENCY_s0,UPDATE_COMPARISON-ORIGIN-0027-origin2,ORIGIN,34,34,34,1.0,1,19
qwen,FREE_PAIR_CONSISTENCY_s0,UPDATE_COMPARISON-ORIGIN-0027-origin3,ORIGIN,34,34,34,1.0,1,17
qwen,FREE_PAIR_CONSISTENCY_s0,UPDATE_COMPARISON-ORIGIN-0028-origin0,ORIGIN,34,34,34,1.0,1,2
qwen,FREE_PAIR_CONSISTENCY_s0,UPDATE_COMPARISON-ORIGIN-0028-origin1,ORIGIN,34,34,34,1.0,1,9
qwen,FREE_PAIR_CONSISTENCY_s0,UPDATE_COMPARISON-ORIGIN-0028-origin2,ORIGIN,34,34,34,1.0,1,20
qwen,FREE_PAIR_CONSISTENCY_s0,UPDATE_COMPARISON-ORIGIN-0028-origin3,ORIGIN,34,34,34,1.0,1,26
qwen,FREE_PAIR_CONSISTENCY_s0,UPDATE_COMPARISON-ORIGIN-0029-origin0,ORIGIN,34,34,34,1.0,1,0
qwen,FREE_PAIR_CONSISTENCY_s0,UPDATE_COMPARISON-ORIGIN-0029-origin1,ORIGIN,34,34,34,1.0,1,0
qwen,FREE_PAIR_CONSISTENCY_s0,UPDATE_COMPARISON-ORIGIN-0029-origin2,ORIGIN,34,34,34,1.0,1,17
qwen,FREE_PAIR_CONSISTENCY_s0,UPDATE_COMPARISON-ORIGIN-0029-origin3,ORIGIN,34,34,34,1.0,1,20
qwen,FREE_PAIR_CONSISTENCY_s0,UPDATE_COMPARISON-ORIGIN-0030-origin0,ORIGIN,34,34,34,1.0,1,1
qwen,FREE_PAIR_CONSISTENCY_s0,UPDATE_COMPARISON-ORIGIN-0030-origin1,ORIGIN,34,34,34,1.0,1,8
qwen,FREE_PAIR_CONSISTENCY_s0,UPDATE_COMPARISON-ORIGIN-0030-origin2,ORIGIN,34,34,34,1.0,1,16
qwen,FREE_PAIR_CONSISTENCY_s0,UPDATE_COMPARISON-ORIGIN-0030-origin3,ORIGIN,34,34,34,1.0,1,19
qwen,FREE_PAIR_CONSISTENCY_s0,UPDATE_COMPARISON-ORIGIN-0031-origin0,ORIGIN,34,34,34,1.0,1,2
qwen,FREE_PAIR_CONSISTENCY_s0,UPDATE_COMPARISON-ORIGIN-0031-origin1,ORIGIN,34,34,32,0.9411764705882353,0,7
qwen,FREE_PAIR_CONSISTENCY_s0,UPDATE_COMPARISON-ORIGIN-0031-origin2,ORIGIN,34,34,34,1.0,1,26
qwen,FREE_PAIR_CONSISTENCY_s0,UPDATE_COMPARISON-ORIGIN-0031-origin3,ORIGIN,34,34,34,1.0,1,28
qwen,FREE_PAIR_CONSISTENCY_s0,UPDATE_COMPARISON-ORIGIN-0032-origin0,ORIGIN,34,34,34,1.0,1,10
qwen,FREE_PAIR_CONSISTENCY_s0,UPDATE_COMPARISON-ORIGIN-0032-origin1,ORIGIN,34,34,31,0.9117647058823529,0,11
qwen,FREE_PAIR_CONSISTENCY_s0,UPDATE_COMPARISON-ORIGIN-0032-origin2,ORIGIN,34,34,34,1.0,1,18
qwen,FREE_PAIR_CONSISTENCY_s0,UPDATE_COMPARISON-ORIGIN-0032-origin3,ORIGIN,34,34,34,1.0,1,22
qwen,FREE_PAIR_CONSISTENCY_s0,UPDATE_COMPARISON-ORIGIN-0033-origin0,ORIGIN,34,34,30,0.8823529411764706,0,2
qwen,FREE_PAIR_CONSISTENCY_s0,UPDATE_COMPARISON-ORIGIN-0033-origin1,ORIGIN,34,34,30,0.8823529411764706,0,4
qwen,FREE_PAIR_CONSISTENCY_s0,UPDATE_COMPARISON-ORIGIN-0033-origin2,ORIGIN,34,34,34,1.0,1,18
qwen,FREE_PAIR_CONSISTENCY_s0,UPDATE_COMPARISON-ORIGIN-0033-origin3,ORIGIN,34,34,29,0.8529411764705882,0,24
qwen,FREE_PAIR_CONSISTENCY_s0,UPDATE_COMPARISON-ORIGIN-0034-origin0,ORIGIN,34,34,34,1.0,1,11
qwen,FREE_PAIR_CONSISTENCY_s0,UPDATE_COMPARISON-ORIGIN-0034-origin1,ORIGIN,34,34,34,1.0,1,15
qwen,FREE_PAIR_CONSISTENCY_s0,UPDATE_COMPARISON-ORIGIN-0034-origin2,ORIGIN,34,34,34,1.0,1,20
qwen,FREE_PAIR_CONSISTENCY_s0,UPDATE_COMPARISON-ORIGIN-0034-origin3,ORIGIN,34,34,34,1.0,1,23
qwen,FREE_PAIR_CONSISTENCY_s0,UPDATE_COMPARISON-ORIGIN-0035-origin0,ORIGIN,34,34,34,1.0,1,15
qwen,FREE_PAIR_CONSISTENCY_s0,UPDATE_COMPARISON-ORIGIN-0035-origin1,ORIGIN,34,34,34,1.0,1,16
qwen,FREE_PAIR_CONSISTENCY_s0,UPDATE_COMPARISON-ORIGIN-0035-origin2,ORIGIN,34,34,34,1.0,1,23
qwen,FREE_PAIR_CONSISTENCY_s0,UPDATE_COMPARISON-ORIGIN-0035-origin3,ORIGIN,34,34,34,1.0,1,22
qwen,FREE_PAIR_CONSISTENCY_s0,UPDATE_COMPARISON-ORIGIN-0036-origin0,ORIGIN,34,34,34,1.0,1,9
qwen,FREE_PAIR_CONSISTENCY_s0,UPDATE_COMPARISON-ORIGIN-0036-origin1,ORIGIN,34,34,34,1.0,1,9
qwen,FREE_PAIR_CONSISTENCY_s0,UPDATE_COMPARISON-ORIGIN-0036-origin2,ORIGIN,34,34,32,0.9411764705882353,0,16
qwen,FREE_PAIR_CONSISTENCY_s0,UPDATE_COMPARISON-ORIGIN-0036-origin3,ORIGIN,34,34,34,1.0,1,17
qwen,FREE_PAIR_CONSISTENCY_s0,UPDATE_COMPARISON-ORIGIN-0037-origin0,ORIGIN,34,34,34,1.0,1,9
qwen,FREE_PAIR_CONSISTENCY_s0,UPDATE_COMPARISON-ORIGIN-0037-origin1,ORIGIN,34,34,33,0.9705882352941176,0,11
qwen,FREE_PAIR_CONSISTENCY_s0,UPDATE_COMPARISON-ORIGIN-0037-origin2,ORIGIN,34,34,30,0.8823529411764706,0,14
qwen,FREE_PAIR_CONSISTENCY_s0,UPDATE_COMPARISON-ORIGIN-0037-origin3,ORIGIN,34,34,31,0.9117647058823529,0,16
qwen,FREE_PAIR_CONSISTENCY_s0,UPDATE_COMPARISON-ORIGIN-0038-origin0,ORIGIN,34,34,34,1.0,1,3
qwen,FREE_PAIR_CONSISTENCY_s0,UPDATE_COMPARISON-ORIGIN-0038-origin1,ORIGIN,34,34,34,1.0,1,10
qwen,FREE_PAIR_CONSISTENCY_s0,UPDATE_COMPARISON-ORIGIN-0038-origin2,ORIGIN,34,34,34,1.0,1,17
qwen,FREE_PAIR_CONSISTENCY_s0,UPDATE_COMPARISON-ORIGIN-0038-origin3,ORIGIN,34,34,34,1.0,1,13
qwen,FREE_PAIR_CONSISTENCY_s0,UPDATE_COMPARISON-ORIGIN-0039-origin0,ORIGIN,34,34,30,0.8823529411764706,0,2
qwen,FREE_PAIR_CONSISTENCY_s0,UPDATE_COMPARISON-ORIGIN-0039-origin1,ORIGIN,34,34,32,0.9411764705882353,0,8
qwen,FREE_PAIR_CONSISTENCY_s0,UPDATE_COMPARISON-ORIGIN-0039-origin2,ORIGIN,34,34,28,0.8235294117647058,0,16
qwen,FREE_PAIR_CONSISTENCY_s0,UPDATE_COMPARISON-ORIGIN-0039-origin3,ORIGIN,34,34,28,0.8235294117647058,0,17
qwen,FREE_PAIR_CONSISTENCY_s0,UPDATE_COMPARISON-ORIGIN-0040-origin0,ORIGIN,34,34,34,1.0,1,8
qwen,FREE_PAIR_CONSISTENCY_s0,UPDATE_COMPARISON-ORIGIN-0040-origin1,ORIGIN,34,34,34,1.0,1,11
qwen,FREE_PAIR_CONSISTENCY_s0,UPDATE_COMPARISON-ORIGIN-0040-origin2,ORIGIN,34,34,34,1.0,1,15
qwen,FREE_PAIR_CONSISTENCY_s0,UPDATE_COMPARISON-ORIGIN-0040-origin3,ORIGIN,34,34,34,1.0,1,13
qwen,FREE_PAIR_CONSISTENCY_s0,UPDATE_COMPARISON-ORIGIN-0041-origin0,ORIGIN,34,34,27,0.7941176470588235,0,10
qwen,FREE_PAIR_CONSISTENCY_s0,UPDATE_COMPARISON-ORIGIN-0041-origin1,ORIGIN,34,34,26,0.7647058823529411,0,5
qwen,FREE_PAIR_CONSISTENCY_s0,UPDATE_COMPARISON-ORIGIN-0041-origin2,ORIGIN,34,34,28,0.8235294117647058,0,14
qwen,FREE_PAIR_CONSISTENCY_s0,UPDATE_COMPARISON-ORIGIN-0041-origin3,ORIGIN,34,34,24,0.7058823529411765,0,11
qwen,FREE_PAIR_CONSISTENCY_s0,UPDATE_COMPARISON-ORIGIN-0042-origin0,ORIGIN,34,34,32,0.9411764705882353,0,8
qwen,FREE_PAIR_CONSISTENCY_s0,UPDATE_COMPARISON-ORIGIN-0042-origin1,ORIGIN,34,34,32,0.9411764705882353,0,15
qwen,FREE_PAIR_CONSISTENCY_s0,UPDATE_COMPARISON-ORIGIN-0042-origin2,ORIGIN,34,34,32,0.9411764705882353,0,9
qwen,FREE_PAIR_CONSISTENCY_s0,UPDATE_COMPARISON-ORIGIN-0042-origin3,ORIGIN,34,34,30,0.8823529411764706,0,14
qwen,FREE_PAIR_CONSISTENCY_s0,UPDATE_COMPARISON-ORIGIN-0043-origin0,ORIGIN,34,34,34,1.0,1,3
qwen,FREE_PAIR_CONSISTENCY_s0,UPDATE_COMPARISON-ORIGIN-0043-origin1,ORIGIN,34,34,34,1.0,1,10
qwen,FREE_PAIR_CONSISTENCY_s0,UPDATE_COMPARISON-ORIGIN-0043-origin2,ORIGIN,34,34,34,1.0,1,11
qwen,FREE_PAIR_CONSISTENCY_s0,UPDATE_COMPARISON-ORIGIN-0043-origin3,ORIGIN,34,34,34,1.0,1,15
qwen,FREE_PAIR_CONSISTENCY_s0,UPDATE_COMPARISON-ORIGIN-0044-origin0,ORIGIN,34,34,34,1.0,1,2
qwen,FREE_PAIR_CONSISTENCY_s0,UPDATE_COMPARISON-ORIGIN-0044-origin1,ORIGIN,34,34,34,1.0,1,8
qwen,FREE_PAIR_CONSISTENCY_s0,UPDATE_COMPARISON-ORIGIN-0044-origin2,ORIGIN,34,34,34,1.0,1,13
qwen,FREE_PAIR_CONSISTENCY_s0,UPDATE_COMPARISON-ORIGIN-0044-origin3,ORIGIN,34,34,34,1.0,1,14
qwen,FREE_PAIR_CONSISTENCY_s0,UPDATE_COMPARISON-ORIGIN-0045-origin0,ORIGIN,34,34,34,1.0,1,2
qwen,FREE_PAIR_CONSISTENCY_s0,UPDATE_COMPARISON-ORIGIN-0045-origin1,ORIGIN,34,34,32,0.9411764705882353,0,5
qwen,FREE_PAIR_CONSISTENCY_s0,UPDATE_COMPARISON-ORIGIN-0045-origin2,ORIGIN,34,34,34,1.0,1,12
qwen,FREE_PAIR_CONSISTENCY_s0,UPDATE_COMPARISON-ORIGIN-0045-origin3,ORIGIN,34,34,32,0.9411764705882353,0,14
qwen,FREE_PAIR_CONSISTENCY_s0,UPDATE_COMPARISON-ORIGIN-0046-origin0,ORIGIN,34,34,34,1.0,1,0
qwen,FREE_PAIR_CONSISTENCY_s0,UPDATE_COMPARISON-ORIGIN-0046-origin1,ORIGIN,34,34,34,1.0,1,5
qwen,FREE_PAIR_CONSISTENCY_s0,UPDATE_COMPARISON-ORIGIN-0046-origin2,ORIGIN,34,34,34,1.0,1,15
qwen,FREE_PAIR_CONSISTENCY_s0,UPDATE_COMPARISON-ORIGIN-0046-origin3,ORIGIN,34,34,34,1.0,1,17
qwen,FREE_PAIR_CONSISTENCY_s0,UPDATE_COMPARISON-ORIGIN-0047-origin0,ORIGIN,34,34,34,1.0,1,1
qwen,FREE_PAIR_CONSISTENCY_s0,UPDATE_COMPARISON-ORIGIN-0047-origin1,ORIGIN,34,34,34,1.0,1,6
qwen,FREE_PAIR_CONSISTENCY_s0,UPDATE_COMPARISON-ORIGIN-0047-origin2,ORIGIN,34,34,34,1.0,1,11
qwen,FREE_PAIR_CONSISTENCY_s0,UPDATE_COMPARISON-ORIGIN-0047-origin3,ORIGIN,34,34,34,1.0,1,10
qwen,FREE_PAIR_CONSISTENCY_s0,UPDATE_COMPARISON-ORIGIN-0048-origin0,ORIGIN,34,34,28,0.8235294117647058,0,5
qwen,FREE_PAIR_CONSISTENCY_s0,UPDATE_COMPARISON-ORIGIN-0048-origin1,ORIGIN,34,34,29,0.8529411764705882,0,6
qwen,FREE_PAIR_CONSISTENCY_s0,UPDATE_COMPARISON-ORIGIN-0048-origin2,ORIGIN,34,34,29,0.8529411764705882,0,11
qwen,FREE_PAIR_CONSISTENCY_s0,UPDATE_COMPARISON-ORIGIN-0048-origin3,ORIGIN,34,34,29,0.8529411764705882,0,13
qwen,FREE_PAIR_CONSISTENCY_s0,UPDATE_COMPARISON-ORIGIN-0049-origin0,ORIGIN,34,34,34,1.0,1,5
qwen,FREE_PAIR_CONSISTENCY_s0,UPDATE_COMPARISON-ORIGIN-0049-origin1,ORIGIN,34,34,34,1.0,1,9
qwen,FREE_PAIR_CONSISTENCY_s0,UPDATE_COMPARISON-ORIGIN-0049-origin2,ORIGIN,34,34,34,1.0,1,11
qwen,FREE_PAIR_CONSISTENCY_s0,UPDATE_COMPARISON-ORIGIN-0049-origin3,ORIGIN,34,34,34,1.0,1,15
qwen,FREE_PAIR_CONSISTENCY_s0,UPDATE_COMPARISON-ORIGIN-0050-origin0,ORIGIN,34,34,34,1.0,1,7
qwen,FREE_PAIR_CONSISTENCY_s0,UPDATE_COMPARISON-ORIGIN-0050-origin1,ORIGIN,34,34,34,1.0,1,12
qwen,FREE_PAIR_CONSISTENCY_s0,UPDATE_COMPARISON-ORIGIN-0050-origin2,ORIGIN,34,34,34,1.0,1,12
qwen,FREE_PAIR_CONSISTENCY_s0,UPDATE_COMPARISON-ORIGIN-0050-origin3,ORIGIN,34,34,34,1.0,1,13
qwen,FREE_PAIR_CONSISTENCY_s0,UPDATE_COMPARISON-ORIGIN-0051-origin0,ORIGIN,34,34,34,1.0,1,7
qwen,FREE_PAIR_CONSISTENCY_s0,UPDATE_COMPARISON-ORIGIN-0051-origin1,ORIGIN,34,34,30,0.8823529411764706,0,8
qwen,FREE_PAIR_CONSISTENCY_s0,UPDATE_COMPARISON-ORIGIN-0051-origin2,ORIGIN,34,34,32,0.9411764705882353,0,10
qwen,FREE_PAIR_CONSISTENCY_s0,UPDATE_COMPARISON-ORIGIN-0051-origin3,ORIGIN,34,34,29,0.8529411764705882,0,14
qwen,FREE_PAIR_CONSISTENCY_s0,UPDATE_COMPARISON-ORIGIN-0052-origin0,ORIGIN,34,34,34,1.0,1,1
qwen,FREE_PAIR_CONSISTENCY_s0,UPDATE_COMPARISON-ORIGIN-0052-origin1,ORIGIN,34,34,34,1.0,1,6
qwen,FREE_PAIR_CONSISTENCY_s0,UPDATE_COMPARISON-ORIGIN-0052-origin2,ORIGIN,34,34,34,1.0,1,10
qwen,FREE_PAIR_CONSISTENCY_s0,UPDATE_COMPARISON-ORIGIN-0052-origin3,ORIGIN,34,34,34,1.0,1,11
qwen,FREE_PAIR_CONSISTENCY_s0,UPDATE_COMPARISON-ORIGIN-0053-origin0,ORIGIN,34,34,34,1.0,1,5
qwen,FREE_PAIR_CONSISTENCY_s0,UPDATE_COMPARISON-ORIGIN-0053-origin1,ORIGIN,34,34,32,0.9411764705882353,0,9
qwen,FREE_PAIR_CONSISTENCY_s0,UPDATE_COMPARISON-ORIGIN-0053-origin2,ORIGIN,34,34,34,1.0,1,15
qwen,FREE_PAIR_CONSISTENCY_s0,UPDATE_COMPARISON-ORIGIN-0053-origin3,ORIGIN,34,34,33,0.9705882352941176,0,17
qwen,FREE_PAIR_CONSISTENCY_s0,UPDATE_COMPARISON-ORIGIN-0054-origin0,ORIGIN,34,34,34,1.0,1,2
qwen,FREE_PAIR_CONSISTENCY_s0,UPDATE_COMPARISON-ORIGIN-0054-origin1,ORIGIN,34,34,34,1.0,1,7
qwen,FREE_PAIR_CONSISTENCY_s0,UPDATE_COMPARISON-ORIGIN-0054-origin2,ORIGIN,34,34,34,1.0,1,16
qwen,FREE_PAIR_CONSISTENCY_s0,UPDATE_COMPARISON-ORIGIN-0054-origin3,ORIGIN,34,34,34,1.0,1,18
qwen,FREE_PAIR_CONSISTENCY_s0,UPDATE_COMPARISON-ORIGIN-0055-origin0,ORIGIN,34,34,34,1.0,1,2
qwen,FREE_PAIR_CONSISTENCY_s0,UPDATE_COMPARISON-ORIGIN-0055-origin1,ORIGIN,34,34,34,1.0,1,8
qwen,FREE_PAIR_CONSISTENCY_s0,UPDATE_COMPARISON-ORIGIN-0055-origin2,ORIGIN,34,34,34,1.0,1,15
qwen,FREE_PAIR_CONSISTENCY_s0,UPDATE_COMPARISON-ORIGIN-0055-origin3,ORIGIN,34,34,34,1.0,1,15
qwen,FREE_PAIR_CONSISTENCY_s0,UPDATE_COMPARISON-ORIGIN-0056-origin0,ORIGIN,34,34,34,1.0,1,6
qwen,FREE_PAIR_CONSISTENCY_s0,UPDATE_COMPARISON-ORIGIN-0056-origin1,ORIGIN,34,34,34,1.0,1,13
qwen,FREE_PAIR_CONSISTENCY_s0,UPDATE_COMPARISON-ORIGIN-0056-origin2,ORIGIN,34,34,34,1.0,1,16
qwen,FREE_PAIR_CONSISTENCY_s0,UPDATE_COMPARISON-ORIGIN-0056-origin3,ORIGIN,34,34,34,1.0,1,18
qwen,FREE_PAIR_CONSISTENCY_s0,UPDATE_COMPARISON-ORIGIN-0057-origin0,ORIGIN,34,34,34,1.0,1,4
qwen,FREE_PAIR_CONSISTENCY_s0,UPDATE_COMPARISON-ORIGIN-0057-origin1,ORIGIN,34,34,34,1.0,1,12
qwen,FREE_PAIR_CONSISTENCY_s0,UPDATE_COMPARISON-ORIGIN-0057-origin2,ORIGIN,34,34,32,0.9411764705882353,0,12
qwen,FREE_PAIR_CONSISTENCY_s0,UPDATE_COMPARISON-ORIGIN-0057-origin3,ORIGIN,34,34,32,0.9411764705882353,0,17
qwen,FREE_PAIR_CONSISTENCY_s0,UPDATE_COMPARISON-ORIGIN-0058-origin0,ORIGIN,34,34,34,1.0,1,5
qwen,FREE_PAIR_CONSISTENCY_s0,UPDATE_COMPARISON-ORIGIN-0058-origin1,ORIGIN,34,34,34,1.0,1,12
qwen,FREE_PAIR_CONSISTENCY_s0,UPDATE_COMPARISON-ORIGIN-0058-origin2,ORIGIN,34,34,34,1.0,1,16
qwen,FREE_PAIR_CONSISTENCY_s0,UPDATE_COMPARISON-ORIGIN-0058-origin3,ORIGIN,34,34,34,1.0,1,18
qwen,FREE_PAIR_CONSISTENCY_s0,UPDATE_COMPARISON-ORIGIN-0059-origin0,ORIGIN,34,34,34,1.0,1,0
qwen,FREE_PAIR_CONSISTENCY_s0,UPDATE_COMPARISON-ORIGIN-0059-origin1,ORIGIN,34,34,34,1.0,1,6
qwen,FREE_PAIR_CONSISTENCY_s0,UPDATE_COMPARISON-ORIGIN-0059-origin2,ORIGIN,34,34,34,1.0,1,15
qwen,FREE_PAIR_CONSISTENCY_s0,UPDATE_COMPARISON-ORIGIN-0059-origin3,ORIGIN,34,34,33,0.9705882352941176,0,10
qwen,FREE_PAIR_CONSISTENCY_s0,UPDATE_COMPARISON-ORIGIN-0060-origin0,ORIGIN,34,34,34,1.0,1,0
qwen,FREE_PAIR_CONSISTENCY_s0,UPDATE_COMPARISON-ORIGIN-0060-origin1,ORIGIN,34,34,34,1.0,1,12
qwen,FREE_PAIR_CONSISTENCY_s0,UPDATE_COMPARISON-ORIGIN-0060-origin2,ORIGIN,34,34,34,1.0,1,21
qwen,FREE_PAIR_CONSISTENCY_s0,UPDATE_COMPARISON-ORIGIN-0060-origin3,ORIGIN,34,34,34,1.0,1,25
qwen,FREE_PAIR_CONSISTENCY_s0,UPDATE_COMPARISON-ORIGIN-0061-origin0,ORIGIN,34,34,34,1.0,1,5
qwen,FREE_PAIR_CONSISTENCY_s0,UPDATE_COMPARISON-ORIGIN-0061-origin1,ORIGIN,34,34,34,1.0,1,13
qwen,FREE_PAIR_CONSISTENCY_s0,UPDATE_COMPARISON-ORIGIN-0061-origin2,ORIGIN,34,34,34,1.0,1,20
qwen,FREE_PAIR_CONSISTENCY_s0,UPDATE_COMPARISON-ORIGIN-0061-origin3,ORIGIN,34,34,34,1.0,1,24
qwen,FREE_PAIR_CONSISTENCY_s0,UPDATE_COMPARISON-ORIGIN-0062-origin0,ORIGIN,34,34,33,0.9705882352941176,0,1
qwen,FREE_PAIR_CONSISTENCY_s0,UPDATE_COMPARISON-ORIGIN-0062-origin1,ORIGIN,34,34,32,0.9411764705882353,0,13
qwen,FREE_PAIR_CONSISTENCY_s0,UPDATE_COMPARISON-ORIGIN-0062-origin2,ORIGIN,34,34,34,1.0,1,25
qwen,FREE_PAIR_CONSISTENCY_s0,UPDATE_COMPARISON-ORIGIN-0062-origin3,ORIGIN,34,34,32,0.9411764705882353,0,23
qwen,FREE_PAIR_CONSISTENCY_s0,UPDATE_COMPARISON-ORIGIN-0063-origin0,ORIGIN,34,34,34,1.0,1,4
qwen,FREE_PAIR_CONSISTENCY_s0,UPDATE_COMPARISON-ORIGIN-0063-origin1,ORIGIN,34,34,34,1.0,1,10
qwen,FREE_PAIR_CONSISTENCY_s0,UPDATE_COMPARISON-ORIGIN-0063-origin2,ORIGIN,34,34,34,1.0,1,16
qwen,FREE_PAIR_CONSISTENCY_s0,UPDATE_COMPARISON-ORIGIN-0063-origin3,ORIGIN,34,34,34,1.0,1,19
qwen,FREE_PAIR_CONSISTENCY_s1,UPDATE_COMPARISON-ORIGIN-0000-origin0,ORIGIN,34,34,31,0.9117647058823529,0,5
qwen,FREE_PAIR_CONSISTENCY_s1,UPDATE_COMPARISON-ORIGIN-0000-origin1,ORIGIN,34,34,34,1.0,1,15
qwen,FREE_PAIR_CONSISTENCY_s1,UPDATE_COMPARISON-ORIGIN-0000-origin2,ORIGIN,34,34,30,0.8823529411764706,0,20
qwen,FREE_PAIR_CONSISTENCY_s1,UPDATE_COMPARISON-ORIGIN-0000-origin3,ORIGIN,34,34,26,0.7647058823529411,0,22
qwen,FREE_PAIR_CONSISTENCY_s1,UPDATE_COMPARISON-ORIGIN-0001-origin0,ORIGIN,34,34,34,1.0,1,14
qwen,FREE_PAIR_CONSISTENCY_s1,UPDATE_COMPARISON-ORIGIN-0001-origin1,ORIGIN,34,34,34,1.0,1,16
qwen,FREE_PAIR_CONSISTENCY_s1,UPDATE_COMPARISON-ORIGIN-0001-origin2,ORIGIN,34,34,33,0.9705882352941176,0,20
qwen,FREE_PAIR_CONSISTENCY_s1,UPDATE_COMPARISON-ORIGIN-0001-origin3,ORIGIN,34,34,34,1.0,1,25
qwen,FREE_PAIR_CONSISTENCY_s1,UPDATE_COMPARISON-ORIGIN-0002-origin0,ORIGIN,34,34,30,0.8823529411764706,0,9
qwen,FREE_PAIR_CONSISTENCY_s1,UPDATE_COMPARISON-ORIGIN-0002-origin1,ORIGIN,34,34,33,0.9705882352941176,0,13
qwen,FREE_PAIR_CONSISTENCY_s1,UPDATE_COMPARISON-ORIGIN-0002-origin2,ORIGIN,34,34,30,0.8823529411764706,0,17
qwen,FREE_PAIR_CONSISTENCY_s1,UPDATE_COMPARISON-ORIGIN-0002-origin3,ORIGIN,34,34,28,0.8235294117647058,0,24
qwen,FREE_PAIR_CONSISTENCY_s1,UPDATE_COMPARISON-ORIGIN-0003-origin0,ORIGIN,34,34,33,0.9705882352941176,0,11
qwen,FREE_PAIR_CONSISTENCY_s1,UPDATE_COMPARISON-ORIGIN-0003-origin1,ORIGIN,34,34,33,0.9705882352941176,0,15
qwen,FREE_PAIR_CONSISTENCY_s1,UPDATE_COMPARISON-ORIGIN-0003-origin2,ORIGIN,34,34,32,0.9411764705882353,0,21
qwen,FREE_PAIR_CONSISTENCY_s1,UPDATE_COMPARISON-ORIGIN-0003-origin3,ORIGIN,34,34,33,0.9705882352941176,0,26
qwen,FREE_PAIR_CONSISTENCY_s1,UPDATE_COMPARISON-ORIGIN-0004-origin0,ORIGIN,34,34,30,0.8823529411764706,0,6
qwen,FREE_PAIR_CONSISTENCY_s1,UPDATE_COMPARISON-ORIGIN-0004-origin1,ORIGIN,34,34,30,0.8823529411764706,0,9
qwen,FREE_PAIR_CONSISTENCY_s1,UPDATE_COMPARISON-ORIGIN-0004-origin2,ORIGIN,34,34,29,0.8529411764705882,0,11
qwen,FREE_PAIR_CONSISTENCY_s1,UPDATE_COMPARISON-ORIGIN-0004-origin3,ORIGIN,34,34,29,0.8529411764705882,0,13
qwen,FREE_PAIR_CONSISTENCY_s1,UPDATE_COMPARISON-ORIGIN-0005-origin0,ORIGIN,34,34,28,0.8235294117647058,0,4
qwen,FREE_PAIR_CONSISTENCY_s1,UPDATE_COMPARISON-ORIGIN-0005-origin1,ORIGIN,34,34,27,0.7941176470588235,0,5
qwen,FREE_PAIR_CONSISTENCY_s1,UPDATE_COMPARISON-ORIGIN-0005-origin2,ORIGIN,34,34,28,0.8235294117647058,0,23
qwen,FREE_PAIR_CONSISTENCY_s1,UPDATE_COMPARISON-ORIGIN-0005-origin3,ORIGIN,34,34,26,0.7647058823529411,0,18
qwen,FREE_PAIR_CONSISTENCY_s1,UPDATE_COMPARISON-ORIGIN-0006-origin0,ORIGIN,34,34,34,1.0,1,4
qwen,FREE_PAIR_CONSISTENCY_s1,UPDATE_COMPARISON-ORIGIN-0006-origin1,ORIGIN,34,34,34,1.0,1,6
qwen,FREE_PAIR_CONSISTENCY_s1,UPDATE_COMPARISON-ORIGIN-0006-origin2,ORIGIN,34,34,33,0.9705882352941176,0,17
qwen,FREE_PAIR_CONSISTENCY_s1,UPDATE_COMPARISON-ORIGIN-0006-origin3,ORIGIN,34,34,34,1.0,1,12
qwen,FREE_PAIR_CONSISTENCY_s1,UPDATE_COMPARISON-ORIGIN-0007-origin0,ORIGIN,34,34,34,1.0,1,9
qwen,FREE_PAIR_CONSISTENCY_s1,UPDATE_COMPARISON-ORIGIN-0007-origin1,ORIGIN,34,34,34,1.0,1,11
qwen,FREE_PAIR_CONSISTENCY_s1,UPDATE_COMPARISON-ORIGIN-0007-origin2,ORIGIN,34,34,34,1.0,1,14
qwen,FREE_PAIR_CONSISTENCY_s1,UPDATE_COMPARISON-ORIGIN-0007-origin3,ORIGIN,34,34,34,1.0,1,13
qwen,FREE_PAIR_CONSISTENCY_s1,UPDATE_COMPARISON-ORIGIN-0008-origin0,ORIGIN,34,34,33,0.9705882352941176,0,12
qwen,FREE_PAIR_CONSISTENCY_s1,UPDATE_COMPARISON-ORIGIN-0008-origin1,ORIGIN,34,34,33,0.9705882352941176,0,13
qwen,FREE_PAIR_CONSISTENCY_s1,UPDATE_COMPARISON-ORIGIN-0008-origin2,ORIGIN,34,34,32,0.9411764705882353,0,13
qwen,FREE_PAIR_CONSISTENCY_s1,UPDATE_COMPARISON-ORIGIN-0008-origin3,ORIGIN,34,34,31,0.9117647058823529,0,15
qwen,FREE_PAIR_CONSISTENCY_s1,UPDATE_COMPARISON-ORIGIN-0009-origin0,ORIGIN,34,34,25,0.7352941176470589,0,5
qwen,FREE_PAIR_CONSISTENCY_s1,UPDATE_COMPARISON-ORIGIN-0009-origin1,ORIGIN,34,34,26,0.7647058823529411,0,12
qwen,FREE_PAIR_CONSISTENCY_s1,UPDATE_COMPARISON-ORIGIN-0009-origin2,ORIGIN,34,34,26,0.7647058823529411,0,9
qwen,FREE_PAIR_CONSISTENCY_s1,UPDATE_COMPARISON-ORIGIN-0009-origin3,ORIGIN,34,34,28,0.8235294117647058,0,14
qwen,FREE_PAIR_CONSISTENCY_s1,UPDATE_COMPARISON-ORIGIN-0010-origin0,ORIGIN,34,34,33,0.9705882352941176,0,8
qwen,FREE_PAIR_CONSISTENCY_s1,UPDATE_COMPARISON-ORIGIN-0010-origin1,ORIGIN,34,34,32,0.9411764705882353,0,12
qwen,FREE_PAIR_CONSISTENCY_s1,UPDATE_COMPARISON-ORIGIN-0010-origin2,ORIGIN,34,34,33,0.9705882352941176,0,13
qwen,FREE_PAIR_CONSISTENCY_s1,UPDATE_COMPARISON-ORIGIN-0010-origin3,ORIGIN,34,34,32,0.9411764705882353,0,16
qwen,FREE_PAIR_CONSISTENCY_s1,UPDATE_COMPARISON-ORIGIN-0011-origin0,ORIGIN,34,34,34,1.0,1,11
qwen,FREE_PAIR_CONSISTENCY_s1,UPDATE_COMPARISON-ORIGIN-0011-origin1,ORIGIN,34,34,33,0.9705882352941176,0,15
qwen,FREE_PAIR_CONSISTENCY_s1,UPDATE_COMPARISON-ORIGIN-0011-origin2,ORIGIN,34,34,34,1.0,1,14
qwen,FREE_PAIR_CONSISTENCY_s1,UPDATE_COMPARISON-ORIGIN-0011-origin3,ORIGIN,34,34,34,1.0,1,16
qwen,FREE_PAIR_CONSISTENCY_s1,UPDATE_COMPARISON-ORIGIN-0012-origin0,ORIGIN,34,34,34,1.0,1,1
qwen,FREE_PAIR_CONSISTENCY_s1,UPDATE_COMPARISON-ORIGIN-0012-origin1,ORIGIN,34,34,34,1.0,1,9
qwen,FREE_PAIR_CONSISTENCY_s1,UPDATE_COMPARISON-ORIGIN-0012-origin2,ORIGIN,34,34,32,0.9411764705882353,0,11
qwen,FREE_PAIR_CONSISTENCY_s1,UPDATE_COMPARISON-ORIGIN-0012-origin3,ORIGIN,34,34,34,1.0,1,14
qwen,FREE_PAIR_CONSISTENCY_s1,UPDATE_COMPARISON-ORIGIN-0013-origin0,ORIGIN,34,34,34,1.0,1,1
qwen,FREE_PAIR_CONSISTENCY_s1,UPDATE_COMPARISON-ORIGIN-0013-origin1,ORIGIN,34,34,34,1.0,1,5
qwen,FREE_PAIR_CONSISTENCY_s1,UPDATE_COMPARISON-ORIGIN-0013-origin2,ORIGIN,34,34,34,1.0,1,9
qwen,FREE_PAIR_CONSISTENCY_s1,UPDATE_COMPARISON-ORIGIN-0013-origin3,ORIGIN,34,34,34,1.0,1,11
qwen,FREE_PAIR_CONSISTENCY_s1,UPDATE_COMPARISON-ORIGIN-0014-origin0,ORIGIN,34,34,34,1.0,1,2
qwen,FREE_PAIR_CONSISTENCY_s1,UPDATE_COMPARISON-ORIGIN-0014-origin1,ORIGIN,34,34,34,1.0,1,8
qwen,FREE_PAIR_CONSISTENCY_s1,UPDATE_COMPARISON-ORIGIN-0014-origin2,ORIGIN,34,34,34,1.0,1,14
qwen,FREE_PAIR_CONSISTENCY_s1,UPDATE_COMPARISON-ORIGIN-0014-origin3,ORIGIN,34,34,34,1.0,1,15
qwen,FREE_PAIR_CONSISTENCY_s1,UPDATE_COMPARISON-ORIGIN-0015-origin0,ORIGIN,34,34,33,0.9705882352941176,0,6
qwen,FREE_PAIR_CONSISTENCY_s1,UPDATE_COMPARISON-ORIGIN-0015-origin1,ORIGIN,34,34,34,1.0,1,9
qwen,FREE_PAIR_CONSISTENCY_s1,UPDATE_COMPARISON-ORIGIN-0015-origin2,ORIGIN,34,34,33,0.9705882352941176,0,19
qwen,FREE_PAIR_CONSISTENCY_s1,UPDATE_COMPARISON-ORIGIN-0015-origin3,ORIGIN,34,34,34,1.0,1,19
qwen,FREE_PAIR_CONSISTENCY_s1,UPDATE_COMPARISON-ORIGIN-0016-origin0,ORIGIN,34,34,34,1.0,1,7
qwen,FREE_PAIR_CONSISTENCY_s1,UPDATE_COMPARISON-ORIGIN-0016-origin1,ORIGIN,34,34,34,1.0,1,12
qwen,FREE_PAIR_CONSISTENCY_s1,UPDATE_COMPARISON-ORIGIN-0016-origin2,ORIGIN,34,34,34,1.0,1,11
qwen,FREE_PAIR_CONSISTENCY_s1,UPDATE_COMPARISON-ORIGIN-0016-origin3,ORIGIN,34,34,34,1.0,1,15
qwen,FREE_PAIR_CONSISTENCY_s1,UPDATE_COMPARISON-ORIGIN-0017-origin0,ORIGIN,34,34,33,0.9705882352941176,0,7
qwen,FREE_PAIR_CONSISTENCY_s1,UPDATE_COMPARISON-ORIGIN-0017-origin1,ORIGIN,34,34,32,0.9411764705882353,0,9
qwen,FREE_PAIR_CONSISTENCY_s1,UPDATE_COMPARISON-ORIGIN-0017-origin2,ORIGIN,34,34,31,0.9117647058823529,0,9
qwen,FREE_PAIR_CONSISTENCY_s1,UPDATE_COMPARISON-ORIGIN-0017-origin3,ORIGIN,34,34,31,0.9117647058823529,0,15
qwen,FREE_PAIR_CONSISTENCY_s1,UPDATE_COMPARISON-ORIGIN-0018-origin0,ORIGIN,34,34,34,1.0,1,8
qwen,FREE_PAIR_CONSISTENCY_s1,UPDATE_COMPARISON-ORIGIN-0018-origin1,ORIGIN,34,34,34,1.0,1,15
qwen,FREE_PAIR_CONSISTENCY_s1,UPDATE_COMPARISON-ORIGIN-0018-origin2,ORIGIN,34,34,31,0.9117647058823529,0,10
qwen,FREE_PAIR_CONSISTENCY_s1,UPDATE_COMPARISON-ORIGIN-0018-origin3,ORIGIN,34,34,33,0.9705882352941176,0,15
qwen,FREE_PAIR_CONSISTENCY_s1,UPDATE_COMPARISON-ORIGIN-0019-origin0,ORIGIN,34,34,32,0.9411764705882353,0,5
qwen,FREE_PAIR_CONSISTENCY_s1,UPDATE_COMPARISON-ORIGIN-0019-origin1,ORIGIN,34,34,32,0.9411764705882353,0,10
qwen,FREE_PAIR_CONSISTENCY_s1,UPDATE_COMPARISON-ORIGIN-0019-origin2,ORIGIN,34,34,32,0.9411764705882353,0,10
qwen,FREE_PAIR_CONSISTENCY_s1,UPDATE_COMPARISON-ORIGIN-0019-origin3,ORIGIN,34,34,30,0.8823529411764706,0,11
qwen,FREE_PAIR_CONSISTENCY_s1,UPDATE_COMPARISON-ORIGIN-0020-origin0,ORIGIN,34,34,34,1.0,1,1
qwen,FREE_PAIR_CONSISTENCY_s1,UPDATE_COMPARISON-ORIGIN-0020-origin1,ORIGIN,34,34,34,1.0,1,8
qwen,FREE_PAIR_CONSISTENCY_s1,UPDATE_COMPARISON-ORIGIN-0020-origin2,ORIGIN,34,34,34,1.0,1,11
qwen,FREE_PAIR_CONSISTENCY_s1,UPDATE_COMPARISON-ORIGIN-0020-origin3,ORIGIN,34,34,34,1.0,1,14
qwen,FREE_PAIR_CONSISTENCY_s1,UPDATE_COMPARISON-ORIGIN-0021-origin0,ORIGIN,34,34,34,1.0,1,6
qwen,FREE_PAIR_CONSISTENCY_s1,UPDATE_COMPARISON-ORIGIN-0021-origin1,ORIGIN,34,34,34,1.0,1,10
qwen,FREE_PAIR_CONSISTENCY_s1,UPDATE_COMPARISON-ORIGIN-0021-origin2,ORIGIN,34,34,34,1.0,1,14
qwen,FREE_PAIR_CONSISTENCY_s1,UPDATE_COMPARISON-ORIGIN-0021-origin3,ORIGIN,34,34,34,1.0,1,17
qwen,FREE_PAIR_CONSISTENCY_s1,UPDATE_COMPARISON-ORIGIN-0022-origin0,ORIGIN,34,34,34,1.0,1,3
qwen,FREE_PAIR_CONSISTENCY_s1,UPDATE_COMPARISON-ORIGIN-0022-origin1,ORIGIN,34,34,34,1.0,1,9
qwen,FREE_PAIR_CONSISTENCY_s1,UPDATE_COMPARISON-ORIGIN-0022-origin2,ORIGIN,34,34,34,1.0,1,12
qwen,FREE_PAIR_CONSISTENCY_s1,UPDATE_COMPARISON-ORIGIN-0022-origin3,ORIGIN,34,34,34,1.0,1,15
qwen,FREE_PAIR_CONSISTENCY_s1,UPDATE_COMPARISON-ORIGIN-0023-origin0,ORIGIN,34,34,34,1.0,1,3
qwen,FREE_PAIR_CONSISTENCY_s1,UPDATE_COMPARISON-ORIGIN-0023-origin1,ORIGIN,34,34,34,1.0,1,9
qwen,FREE_PAIR_CONSISTENCY_s1,UPDATE_COMPARISON-ORIGIN-0023-origin2,ORIGIN,34,34,34,1.0,1,10
qwen,FREE_PAIR_CONSISTENCY_s1,UPDATE_COMPARISON-ORIGIN-0023-origin3,ORIGIN,34,34,34,1.0,1,12
qwen,FREE_PAIR_CONSISTENCY_s1,UPDATE_COMPARISON-ORIGIN-0024-origin0,ORIGIN,34,34,34,1.0,1,3
qwen,FREE_PAIR_CONSISTENCY_s1,UPDATE_COMPARISON-ORIGIN-0024-origin1,ORIGIN,34,34,34,1.0,1,12
qwen,FREE_PAIR_CONSISTENCY_s1,UPDATE_COMPARISON-ORIGIN-0024-origin2,ORIGIN,34,34,34,1.0,1,16
qwen,FREE_PAIR_CONSISTENCY_s1,UPDATE_COMPARISON-ORIGIN-0024-origin3,ORIGIN,34,34,34,1.0,1,17
qwen,FREE_PAIR_CONSISTENCY_s1,UPDATE_COMPARISON-ORIGIN-0025-origin0,ORIGIN,34,34,33,0.9705882352941176,0,1
qwen,FREE_PAIR_CONSISTENCY_s1,UPDATE_COMPARISON-ORIGIN-0025-origin1,ORIGIN,34,34,33,0.9705882352941176,0,10
qwen,FREE_PAIR_CONSISTENCY_s1,UPDATE_COMPARISON-ORIGIN-0025-origin2,ORIGIN,34,34,34,1.0,1,16
qwen,FREE_PAIR_CONSISTENCY_s1,UPDATE_COMPARISON-ORIGIN-0025-origin3,ORIGIN,34,34,34,1.0,1,14
qwen,FREE_PAIR_CONSISTENCY_s1,UPDATE_COMPARISON-ORIGIN-0026-origin0,ORIGIN,34,34,33,0.9705882352941176,0,9
qwen,FREE_PAIR_CONSISTENCY_s1,UPDATE_COMPARISON-ORIGIN-0026-origin1,ORIGIN,34,34,31,0.9117647058823529,0,12
qwen,FREE_PAIR_CONSISTENCY_s1,UPDATE_COMPARISON-ORIGIN-0026-origin2,ORIGIN,34,34,32,0.9411764705882353,0,12
qwen,FREE_PAIR_CONSISTENCY_s1,UPDATE_COMPARISON-ORIGIN-0026-origin3,ORIGIN,34,34,32,0.9411764705882353,0,16
qwen,FREE_PAIR_CONSISTENCY_s1,UPDATE_COMPARISON-ORIGIN-0027-origin0,ORIGIN,34,34,34,1.0,1,11
qwen,FREE_PAIR_CONSISTENCY_s1,UPDATE_COMPARISON-ORIGIN-0027-origin1,ORIGIN,34,34,34,1.0,1,12
qwen,FREE_PAIR_CONSISTENCY_s1,UPDATE_COMPARISON-ORIGIN-0027-origin2,ORIGIN,34,34,34,1.0,1,19
qwen,FREE_PAIR_CONSISTENCY_s1,UPDATE_COMPARISON-ORIGIN-0027-origin3,ORIGIN,34,34,34,1.0,1,17
qwen,FREE_PAIR_CONSISTENCY_s1,UPDATE_COMPARISON-ORIGIN-0028-origin0,ORIGIN,34,34,34,1.0,1,2
qwen,FREE_PAIR_CONSISTENCY_s1,UPDATE_COMPARISON-ORIGIN-0028-origin1,ORIGIN,34,34,34,1.0,1,9
qwen,FREE_PAIR_CONSISTENCY_s1,UPDATE_COMPARISON-ORIGIN-0028-origin2,ORIGIN,34,34,34,1.0,1,20
qwen,FREE_PAIR_CONSISTENCY_s1,UPDATE_COMPARISON-ORIGIN-0028-origin3,ORIGIN,34,34,34,1.0,1,26
qwen,FREE_PAIR_CONSISTENCY_s1,UPDATE_COMPARISON-ORIGIN-0029-origin0,ORIGIN,34,34,34,1.0,1,0
qwen,FREE_PAIR_CONSISTENCY_s1,UPDATE_COMPARISON-ORIGIN-0029-origin1,ORIGIN,34,34,34,1.0,1,0
qwen,FREE_PAIR_CONSISTENCY_s1,UPDATE_COMPARISON-ORIGIN-0029-origin2,ORIGIN,34,34,34,1.0,1,17
qwen,FREE_PAIR_CONSISTENCY_s1,UPDATE_COMPARISON-ORIGIN-0029-origin3,ORIGIN,34,34,34,1.0,1,20
qwen,FREE_PAIR_CONSISTENCY_s1,UPDATE_COMPARISON-ORIGIN-0030-origin0,ORIGIN,34,34,34,1.0,1,1
qwen,FREE_PAIR_CONSISTENCY_s1,UPDATE_COMPARISON-ORIGIN-0030-origin1,ORIGIN,34,34,34,1.0,1,8
qwen,FREE_PAIR_CONSISTENCY_s1,UPDATE_COMPARISON-ORIGIN-0030-origin2,ORIGIN,34,34,34,1.0,1,16
qwen,FREE_PAIR_CONSISTENCY_s1,UPDATE_COMPARISON-ORIGIN-0030-origin3,ORIGIN,34,34,34,1.0,1,19
qwen,FREE_PAIR_CONSISTENCY_s1,UPDATE_COMPARISON-ORIGIN-0031-origin0,ORIGIN,34,34,34,1.0,1,2
qwen,FREE_PAIR_CONSISTENCY_s1,UPDATE_COMPARISON-ORIGIN-0031-origin1,ORIGIN,34,34,34,1.0,1,7
qwen,FREE_PAIR_CONSISTENCY_s1,UPDATE_COMPARISON-ORIGIN-0031-origin2,ORIGIN,34,34,34,1.0,1,26
qwen,FREE_PAIR_CONSISTENCY_s1,UPDATE_COMPARISON-ORIGIN-0031-origin3,ORIGIN,34,34,34,1.0,1,28
qwen,FREE_PAIR_CONSISTENCY_s1,UPDATE_COMPARISON-ORIGIN-0032-origin0,ORIGIN,34,34,33,0.9705882352941176,0,9
qwen,FREE_PAIR_CONSISTENCY_s1,UPDATE_COMPARISON-ORIGIN-0032-origin1,ORIGIN,34,34,33,0.9705882352941176,0,13
qwen,FREE_PAIR_CONSISTENCY_s1,UPDATE_COMPARISON-ORIGIN-0032-origin2,ORIGIN,34,34,33,0.9705882352941176,0,19
qwen,FREE_PAIR_CONSISTENCY_s1,UPDATE_COMPARISON-ORIGIN-0032-origin3,ORIGIN,34,34,29,0.8529411764705882,0,27
qwen,FREE_PAIR_CONSISTENCY_s1,UPDATE_COMPARISON-ORIGIN-0033-origin0,ORIGIN,34,34,34,1.0,1,6
qwen,FREE_PAIR_CONSISTENCY_s1,UPDATE_COMPARISON-ORIGIN-0033-origin1,ORIGIN,34,34,34,1.0,1,8
qwen,FREE_PAIR_CONSISTENCY_s1,UPDATE_COMPARISON-ORIGIN-0033-origin2,ORIGIN,34,34,34,1.0,1,18
qwen,FREE_PAIR_CONSISTENCY_s1,UPDATE_COMPARISON-ORIGIN-0033-origin3,ORIGIN,34,34,34,1.0,1,23
qwen,FREE_PAIR_CONSISTENCY_s1,UPDATE_COMPARISON-ORIGIN-0034-origin0,ORIGIN,34,34,33,0.9705882352941176,0,10
qwen,FREE_PAIR_CONSISTENCY_s1,UPDATE_COMPARISON-ORIGIN-0034-origin1,ORIGIN,34,34,34,1.0,1,15
qwen,FREE_PAIR_CONSISTENCY_s1,UPDATE_COMPARISON-ORIGIN-0034-origin2,ORIGIN,34,34,33,0.9705882352941176,0,21
qwen,FREE_PAIR_CONSISTENCY_s1,UPDATE_COMPARISON-ORIGIN-0034-origin3,ORIGIN,34,34,34,1.0,1,23
qwen,FREE_PAIR_CONSISTENCY_s1,UPDATE_COMPARISON-ORIGIN-0035-origin0,ORIGIN,34,34,34,1.0,1,15
qwen,FREE_PAIR_CONSISTENCY_s1,UPDATE_COMPARISON-ORIGIN-0035-origin1,ORIGIN,34,34,34,1.0,1,16
qwen,FREE_PAIR_CONSISTENCY_s1,UPDATE_COMPARISON-ORIGIN-0035-origin2,ORIGIN,34,34,34,1.0,1,23
qwen,FREE_PAIR_CONSISTENCY_s1,UPDATE_COMPARISON-ORIGIN-0035-origin3,ORIGIN,34,34,34,1.0,1,22
qwen,FREE_PAIR_CONSISTENCY_s1,UPDATE_COMPARISON-ORIGIN-0036-origin0,ORIGIN,34,34,34,1.0,1,9
qwen,FREE_PAIR_CONSISTENCY_s1,UPDATE_COMPARISON-ORIGIN-0036-origin1,ORIGIN,34,34,34,1.0,1,9
qwen,FREE_PAIR_CONSISTENCY_s1,UPDATE_COMPARISON-ORIGIN-0036-origin2,ORIGIN,34,34,32,0.9411764705882353,0,20
qwen,FREE_PAIR_CONSISTENCY_s1,UPDATE_COMPARISON-ORIGIN-0036-origin3,ORIGIN,34,34,33,0.9705882352941176,0,18
qwen,FREE_PAIR_CONSISTENCY_s1,UPDATE_COMPARISON-ORIGIN-0037-origin0,ORIGIN,34,34,33,0.9705882352941176,0,8
qwen,FREE_PAIR_CONSISTENCY_s1,UPDATE_COMPARISON-ORIGIN-0037-origin1,ORIGIN,34,34,32,0.9411764705882353,0,8
qwen,FREE_PAIR_CONSISTENCY_s1,UPDATE_COMPARISON-ORIGIN-0037-origin2,ORIGIN,34,34,27,0.7941176470588235,0,19
qwen,FREE_PAIR_CONSISTENCY_s1,UPDATE_COMPARISON-ORIGIN-0037-origin3,ORIGIN,34,34,31,0.9117647058823529,0,20
qwen,FREE_PAIR_CONSISTENCY_s1,UPDATE_COMPARISON-ORIGIN-0038-origin0,ORIGIN,34,34,31,0.9117647058823529,0,6
qwen,FREE_PAIR_CONSISTENCY_s1,UPDATE_COMPARISON-ORIGIN-0038-origin1,ORIGIN,34,34,33,0.9705882352941176,0,11
qwen,FREE_PAIR_CONSISTENCY_s1,UPDATE_COMPARISON-ORIGIN-0038-origin2,ORIGIN,34,34,31,0.9117647058823529,0,14
qwen,FREE_PAIR_CONSISTENCY_s1,UPDATE_COMPARISON-ORIGIN-0038-origin3,ORIGIN,34,34,31,0.9117647058823529,0,12
qwen,FREE_PAIR_CONSISTENCY_s1,UPDATE_COMPARISON-ORIGIN-0039-origin0,ORIGIN,34,34,32,0.9411764705882353,0,6
qwen,FREE_PAIR_CONSISTENCY_s1,UPDATE_COMPARISON-ORIGIN-0039-origin1,ORIGIN,34,34,32,0.9411764705882353,0,10
qwen,FREE_PAIR_CONSISTENCY_s1,UPDATE_COMPARISON-ORIGIN-0039-origin2,ORIGIN,34,34,32,0.9411764705882353,0,14
qwen,FREE_PAIR_CONSISTENCY_s1,UPDATE_COMPARISON-ORIGIN-0039-origin3,ORIGIN,34,34,32,0.9411764705882353,0,17
qwen,FREE_PAIR_CONSISTENCY_s1,UPDATE_COMPARISON-ORIGIN-0040-origin0,ORIGIN,34,34,34,1.0,1,8
qwen,FREE_PAIR_CONSISTENCY_s1,UPDATE_COMPARISON-ORIGIN-0040-origin1,ORIGIN,34,34,34,1.0,1,11
qwen,FREE_PAIR_CONSISTENCY_s1,UPDATE_COMPARISON-ORIGIN-0040-origin2,ORIGIN,34,34,34,1.0,1,15
qwen,FREE_PAIR_CONSISTENCY_s1,UPDATE_COMPARISON-ORIGIN-0040-origin3,ORIGIN,34,34,32,0.9411764705882353,0,11
qwen,FREE_PAIR_CONSISTENCY_s1,UPDATE_COMPARISON-ORIGIN-0041-origin0,ORIGIN,34,34,27,0.7941176470588235,0,10
qwen,FREE_PAIR_CONSISTENCY_s1,UPDATE_COMPARISON-ORIGIN-0041-origin1,ORIGIN,34,34,34,1.0,1,13
qwen,FREE_PAIR_CONSISTENCY_s1,UPDATE_COMPARISON-ORIGIN-0041-origin2,ORIGIN,34,34,29,0.8529411764705882,0,15
qwen,FREE_PAIR_CONSISTENCY_s1,UPDATE_COMPARISON-ORIGIN-0041-origin3,ORIGIN,34,34,27,0.7941176470588235,0,18
qwen,FREE_PAIR_CONSISTENCY_s1,UPDATE_COMPARISON-ORIGIN-0042-origin0,ORIGIN,34,34,34,1.0,1,6
qwen,FREE_PAIR_CONSISTENCY_s1,UPDATE_COMPARISON-ORIGIN-0042-origin1,ORIGIN,34,34,33,0.9705882352941176,0,12
qwen,FREE_PAIR_CONSISTENCY_s1,UPDATE_COMPARISON-ORIGIN-0042-origin2,ORIGIN,34,34,32,0.9411764705882353,0,9
qwen,FREE_PAIR_CONSISTENCY_s1,UPDATE_COMPARISON-ORIGIN-0042-origin3,ORIGIN,34,34,32,0.9411764705882353,0,16
qwen,FREE_PAIR_CONSISTENCY_s1,UPDATE_COMPARISON-ORIGIN-0043-origin0,ORIGIN,34,34,34,1.0,1,3
qwen,FREE_PAIR_CONSISTENCY_s1,UPDATE_COMPARISON-ORIGIN-0043-origin1,ORIGIN,34,34,34,1.0,1,10
qwen,FREE_PAIR_CONSISTENCY_s1,UPDATE_COMPARISON-ORIGIN-0043-origin2,ORIGIN,34,34,30,0.8823529411764706,0,11
qwen,FREE_PAIR_CONSISTENCY_s1,UPDATE_COMPARISON-ORIGIN-0043-origin3,ORIGIN,34,34,31,0.9117647058823529,0,14
qwen,FREE_PAIR_CONSISTENCY_s1,UPDATE_COMPARISON-ORIGIN-0044-origin0,ORIGIN,34,34,30,0.8823529411764706,0,6
qwen,FREE_PAIR_CONSISTENCY_s1,UPDATE_COMPARISON-ORIGIN-0044-origin1,ORIGIN,34,34,31,0.9117647058823529,0,11
qwen,FREE_PAIR_CONSISTENCY_s1,UPDATE_COMPARISON-ORIGIN-0044-origin2,ORIGIN,34,34,33,0.9705882352941176,0,12
qwen,FREE_PAIR_CONSISTENCY_s1,UPDATE_COMPARISON-ORIGIN-0044-origin3,ORIGIN,34,34,31,0.9117647058823529,0,17
qwen,FREE_PAIR_CONSISTENCY_s1,UPDATE_COMPARISON-ORIGIN-0045-origin0,ORIGIN,34,34,34,1.0,1,2
qwen,FREE_PAIR_CONSISTENCY_s1,UPDATE_COMPARISON-ORIGIN-0045-origin1,ORIGIN,34,34,34,1.0,1,7
qwen,FREE_PAIR_CONSISTENCY_s1,UPDATE_COMPARISON-ORIGIN-0045-origin2,ORIGIN,34,34,34,1.0,1,12
qwen,FREE_PAIR_CONSISTENCY_s1,UPDATE_COMPARISON-ORIGIN-0045-origin3,ORIGIN,34,34,34,1.0,1,12
qwen,FREE_PAIR_CONSISTENCY_s1,UPDATE_COMPARISON-ORIGIN-0046-origin0,ORIGIN,34,34,34,1.0,1,0
qwen,FREE_PAIR_CONSISTENCY_s1,UPDATE_COMPARISON-ORIGIN-0046-origin1,ORIGIN,34,34,34,1.0,1,5
qwen,FREE_PAIR_CONSISTENCY_s1,UPDATE_COMPARISON-ORIGIN-0046-origin2,ORIGIN,34,34,34,1.0,1,15
qwen,FREE_PAIR_CONSISTENCY_s1,UPDATE_COMPARISON-ORIGIN-0046-origin3,ORIGIN,34,34,34,1.0,1,17
qwen,FREE_PAIR_CONSISTENCY_s1,UPDATE_COMPARISON-ORIGIN-0047-origin0,ORIGIN,34,34,32,0.9411764705882353,0,3
qwen,FREE_PAIR_CONSISTENCY_s1,UPDATE_COMPARISON-ORIGIN-0047-origin1,ORIGIN,34,34,32,0.9411764705882353,0,8
qwen,FREE_PAIR_CONSISTENCY_s1,UPDATE_COMPARISON-ORIGIN-0047-origin2,ORIGIN,34,34,34,1.0,1,11
qwen,FREE_PAIR_CONSISTENCY_s1,UPDATE_COMPARISON-ORIGIN-0047-origin3,ORIGIN,34,34,33,0.9705882352941176,0,9
qwen,FREE_PAIR_CONSISTENCY_s1,UPDATE_COMPARISON-ORIGIN-0048-origin0,ORIGIN,34,34,34,1.0,1,7
qwen,FREE_PAIR_CONSISTENCY_s1,UPDATE_COMPARISON-ORIGIN-0048-origin1,ORIGIN,34,34,33,0.9705882352941176,0,10
qwen,FREE_PAIR_CONSISTENCY_s1,UPDATE_COMPARISON-ORIGIN-0048-origin2,ORIGIN,34,34,33,0.9705882352941176,0,13
qwen,FREE_PAIR_CONSISTENCY_s1,UPDATE_COMPARISON-ORIGIN-0048-origin3,ORIGIN,34,34,30,0.8823529411764706,0,16
qwen,FREE_PAIR_CONSISTENCY_s1,UPDATE_COMPARISON-ORIGIN-0049-origin0,ORIGIN,34,34,34,1.0,1,5
qwen,FREE_PAIR_CONSISTENCY_s1,UPDATE_COMPARISON-ORIGIN-0049-origin1,ORIGIN,34,34,34,1.0,1,9
qwen,FREE_PAIR_CONSISTENCY_s1,UPDATE_COMPARISON-ORIGIN-0049-origin2,ORIGIN,34,34,34,1.0,1,11
qwen,FREE_PAIR_CONSISTENCY_s1,UPDATE_COMPARISON-ORIGIN-0049-origin3,ORIGIN,34,34,34,1.0,1,15
qwen,FREE_PAIR_CONSISTENCY_s1,UPDATE_COMPARISON-ORIGIN-0050-origin0,ORIGIN,34,34,34,1.0,1,7
qwen,FREE_PAIR_CONSISTENCY_s1,UPDATE_COMPARISON-ORIGIN-0050-origin1,ORIGIN,34,34,33,0.9705882352941176,0,11
qwen,FREE_PAIR_CONSISTENCY_s1,UPDATE_COMPARISON-ORIGIN-0050-origin2,ORIGIN,34,34,34,1.0,1,12
qwen,FREE_PAIR_CONSISTENCY_s1,UPDATE_COMPARISON-ORIGIN-0050-origin3,ORIGIN,34,34,34,1.0,1,13
qwen,FREE_PAIR_CONSISTENCY_s1,UPDATE_COMPARISON-ORIGIN-0051-origin0,ORIGIN,34,34,34,1.0,1,7
qwen,FREE_PAIR_CONSISTENCY_s1,UPDATE_COMPARISON-ORIGIN-0051-origin1,ORIGIN,34,34,33,0.9705882352941176,0,13
qwen,FREE_PAIR_CONSISTENCY_s1,UPDATE_COMPARISON-ORIGIN-0051-origin2,ORIGIN,34,34,32,0.9411764705882353,0,12
qwen,FREE_PAIR_CONSISTENCY_s1,UPDATE_COMPARISON-ORIGIN-0051-origin3,ORIGIN,34,34,32,0.9411764705882353,0,17
qwen,FREE_PAIR_CONSISTENCY_s1,UPDATE_COMPARISON-ORIGIN-0052-origin0,ORIGIN,34,34,31,0.9117647058823529,0,4
qwen,FREE_PAIR_CONSISTENCY_s1,UPDATE_COMPARISON-ORIGIN-0052-origin1,ORIGIN,34,34,31,0.9117647058823529,0,9
qwen,FREE_PAIR_CONSISTENCY_s1,UPDATE_COMPARISON-ORIGIN-0052-origin2,ORIGIN,34,34,33,0.9705882352941176,0,11
qwen,FREE_PAIR_CONSISTENCY_s1,UPDATE_COMPARISON-ORIGIN-0052-origin3,ORIGIN,34,34,31,0.9117647058823529,0,14
qwen,FREE_PAIR_CONSISTENCY_s1,UPDATE_COMPARISON-ORIGIN-0053-origin0,ORIGIN,34,34,33,0.9705882352941176,0,4
qwen,FREE_PAIR_CONSISTENCY_s1,UPDATE_COMPARISON-ORIGIN-0053-origin1,ORIGIN,34,34,33,0.9705882352941176,0,10
qwen,FREE_PAIR_CONSISTENCY_s1,UPDATE_COMPARISON-ORIGIN-0053-origin2,ORIGIN,34,34,32,0.9411764705882353,0,15
qwen,FREE_PAIR_CONSISTENCY_s1,UPDATE_COMPARISON-ORIGIN-0053-origin3,ORIGIN,34,34,32,0.9411764705882353,0,18
qwen,FREE_PAIR_CONSISTENCY_s1,UPDATE_COMPARISON-ORIGIN-0054-origin0,ORIGIN,34,34,33,0.9705882352941176,0,1
qwen,FREE_PAIR_CONSISTENCY_s1,UPDATE_COMPARISON-ORIGIN-0054-origin1,ORIGIN,34,34,33,0.9705882352941176,0,6
qwen,FREE_PAIR_CONSISTENCY_s1,UPDATE_COMPARISON-ORIGIN-0054-origin2,ORIGIN,34,34,33,0.9705882352941176,0,15
qwen,FREE_PAIR_CONSISTENCY_s1,UPDATE_COMPARISON-ORIGIN-0054-origin3,ORIGIN,34,34,33,0.9705882352941176,0,17
qwen,FREE_PAIR_CONSISTENCY_s1,UPDATE_COMPARISON-ORIGIN-0055-origin0,ORIGIN,34,34,34,1.0,1,2
qwen,FREE_PAIR_CONSISTENCY_s1,UPDATE_COMPARISON-ORIGIN-0055-origin1,ORIGIN,34,34,34,1.0,1,8
qwen,FREE_PAIR_CONSISTENCY_s1,UPDATE_COMPARISON-ORIGIN-0055-origin2,ORIGIN,34,34,34,1.0,1,15
qwen,FREE_PAIR_CONSISTENCY_s1,UPDATE_COMPARISON-ORIGIN-0055-origin3,ORIGIN,34,34,34,1.0,1,15
qwen,FREE_PAIR_CONSISTENCY_s1,UPDATE_COMPARISON-ORIGIN-0056-origin0,ORIGIN,34,34,34,1.0,1,6
qwen,FREE_PAIR_CONSISTENCY_s1,UPDATE_COMPARISON-ORIGIN-0056-origin1,ORIGIN,34,34,32,0.9411764705882353,0,11
qwen,FREE_PAIR_CONSISTENCY_s1,UPDATE_COMPARISON-ORIGIN-0056-origin2,ORIGIN,34,34,32,0.9411764705882353,0,18
qwen,FREE_PAIR_CONSISTENCY_s1,UPDATE_COMPARISON-ORIGIN-0056-origin3,ORIGIN,34,34,34,1.0,1,18
qwen,FREE_PAIR_CONSISTENCY_s1,UPDATE_COMPARISON-ORIGIN-0057-origin0,ORIGIN,34,34,34,1.0,1,4
qwen,FREE_PAIR_CONSISTENCY_s1,UPDATE_COMPARISON-ORIGIN-0057-origin1,ORIGIN,34,34,34,1.0,1,12
qwen,FREE_PAIR_CONSISTENCY_s1,UPDATE_COMPARISON-ORIGIN-0057-origin2,ORIGIN,34,34,34,1.0,1,14
qwen,FREE_PAIR_CONSISTENCY_s1,UPDATE_COMPARISON-ORIGIN-0057-origin3,ORIGIN,34,34,34,1.0,1,15
qwen,FREE_PAIR_CONSISTENCY_s1,UPDATE_COMPARISON-ORIGIN-0058-origin0,ORIGIN,34,34,32,0.9411764705882353,0,7
qwen,FREE_PAIR_CONSISTENCY_s1,UPDATE_COMPARISON-ORIGIN-0058-origin1,ORIGIN,34,34,33,0.9705882352941176,0,13
qwen,FREE_PAIR_CONSISTENCY_s1,UPDATE_COMPARISON-ORIGIN-0058-origin2,ORIGIN,34,34,26,0.7647058823529411,0,8
qwen,FREE_PAIR_CONSISTENCY_s1,UPDATE_COMPARISON-ORIGIN-0058-origin3,ORIGIN,34,34,28,0.8235294117647058,0,12
qwen,FREE_PAIR_CONSISTENCY_s1,UPDATE_COMPARISON-ORIGIN-0059-origin0,ORIGIN,34,34,34,1.0,1,0
qwen,FREE_PAIR_CONSISTENCY_s1,UPDATE_COMPARISON-ORIGIN-0059-origin1,ORIGIN,34,34,34,1.0,1,6
qwen,FREE_PAIR_CONSISTENCY_s1,UPDATE_COMPARISON-ORIGIN-0059-origin2,ORIGIN,34,34,34,1.0,1,15
qwen,FREE_PAIR_CONSISTENCY_s1,UPDATE_COMPARISON-ORIGIN-0059-origin3,ORIGIN,34,34,34,1.0,1,11
qwen,FREE_PAIR_CONSISTENCY_s1,UPDATE_COMPARISON-ORIGIN-0060-origin0,ORIGIN,34,34,34,1.0,1,0
qwen,FREE_PAIR_CONSISTENCY_s1,UPDATE_COMPARISON-ORIGIN-0060-origin1,ORIGIN,34,34,34,1.0,1,12
qwen,FREE_PAIR_CONSISTENCY_s1,UPDATE_COMPARISON-ORIGIN-0060-origin2,ORIGIN,34,34,34,1.0,1,21
qwen,FREE_PAIR_CONSISTENCY_s1,UPDATE_COMPARISON-ORIGIN-0060-origin3,ORIGIN,34,34,34,1.0,1,25
qwen,FREE_PAIR_CONSISTENCY_s1,UPDATE_COMPARISON-ORIGIN-0061-origin0,ORIGIN,34,34,32,0.9411764705882353,0,7
qwen,FREE_PAIR_CONSISTENCY_s1,UPDATE_COMPARISON-ORIGIN-0061-origin1,ORIGIN,34,34,32,0.9411764705882353,0,13
qwen,FREE_PAIR_CONSISTENCY_s1,UPDATE_COMPARISON-ORIGIN-0061-origin2,ORIGIN,34,34,34,1.0,1,20
qwen,FREE_PAIR_CONSISTENCY_s1,UPDATE_COMPARISON-ORIGIN-0061-origin3,ORIGIN,34,34,34,1.0,1,24
qwen,FREE_PAIR_CONSISTENCY_s1,UPDATE_COMPARISON-ORIGIN-0062-origin0,ORIGIN,34,34,34,1.0,1,0
qwen,FREE_PAIR_CONSISTENCY_s1,UPDATE_COMPARISON-ORIGIN-0062-origin1,ORIGIN,34,34,34,1.0,1,11
qwen,FREE_PAIR_CONSISTENCY_s1,UPDATE_COMPARISON-ORIGIN-0062-origin2,ORIGIN,34,34,34,1.0,1,25
qwen,FREE_PAIR_CONSISTENCY_s1,UPDATE_COMPARISON-ORIGIN-0062-origin3,ORIGIN,34,34,34,1.0,1,23
qwen,FREE_PAIR_CONSISTENCY_s1,UPDATE_COMPARISON-ORIGIN-0063-origin0,ORIGIN,34,34,34,1.0,1,4
qwen,FREE_PAIR_CONSISTENCY_s1,UPDATE_COMPARISON-ORIGIN-0063-origin1,ORIGIN,34,34,34,1.0,1,10
qwen,FREE_PAIR_CONSISTENCY_s1,UPDATE_COMPARISON-ORIGIN-0063-origin2,ORIGIN,34,34,34,1.0,1,16
qwen,FREE_PAIR_CONSISTENCY_s1,UPDATE_COMPARISON-ORIGIN-0063-origin3,ORIGIN,34,34,34,1.0,1,19
qwen,INV_PAIR_NLL_s0,UPDATE_COMPARISON-ORIGIN-0000-origin0,ORIGIN,34,34,34,1.0,1,8
qwen,INV_PAIR_NLL_s0,UPDATE_COMPARISON-ORIGIN-0000-origin1,ORIGIN,34,34,34,1.0,1,15
qwen,INV_PAIR_NLL_s0,UPDATE_COMPARISON-ORIGIN-0000-origin2,ORIGIN,34,34,30,0.8823529411764706,0,16
qwen,INV_PAIR_NLL_s0,UPDATE_COMPARISON-ORIGIN-0000-origin3,ORIGIN,34,34,31,0.9117647058823529,0,19
qwen,INV_PAIR_NLL_s0,UPDATE_COMPARISON-ORIGIN-0001-origin0,ORIGIN,34,34,34,1.0,1,14
qwen,INV_PAIR_NLL_s0,UPDATE_COMPARISON-ORIGIN-0001-origin1,ORIGIN,34,34,34,1.0,1,16
qwen,INV_PAIR_NLL_s0,UPDATE_COMPARISON-ORIGIN-0001-origin2,ORIGIN,34,34,34,1.0,1,21
qwen,INV_PAIR_NLL_s0,UPDATE_COMPARISON-ORIGIN-0001-origin3,ORIGIN,34,34,34,1.0,1,25
qwen,INV_PAIR_NLL_s0,UPDATE_COMPARISON-ORIGIN-0002-origin0,ORIGIN,34,34,34,1.0,1,9
qwen,INV_PAIR_NLL_s0,UPDATE_COMPARISON-ORIGIN-0002-origin1,ORIGIN,34,34,32,0.9411764705882353,0,12
qwen,INV_PAIR_NLL_s0,UPDATE_COMPARISON-ORIGIN-0002-origin2,ORIGIN,34,34,34,1.0,1,17
qwen,INV_PAIR_NLL_s0,UPDATE_COMPARISON-ORIGIN-0002-origin3,ORIGIN,34,34,33,0.9705882352941176,0,23
qwen,INV_PAIR_NLL_s0,UPDATE_COMPARISON-ORIGIN-0003-origin0,ORIGIN,34,34,30,0.8823529411764706,0,12
qwen,INV_PAIR_NLL_s0,UPDATE_COMPARISON-ORIGIN-0003-origin1,ORIGIN,34,34,31,0.9117647058823529,0,15
qwen,INV_PAIR_NLL_s0,UPDATE_COMPARISON-ORIGIN-0003-origin2,ORIGIN,34,34,31,0.9117647058823529,0,22
qwen,INV_PAIR_NLL_s0,UPDATE_COMPARISON-ORIGIN-0003-origin3,ORIGIN,34,34,33,0.9705882352941176,0,26
qwen,INV_PAIR_NLL_s0,UPDATE_COMPARISON-ORIGIN-0004-origin0,ORIGIN,34,34,32,0.9411764705882353,0,4
qwen,INV_PAIR_NLL_s0,UPDATE_COMPARISON-ORIGIN-0004-origin1,ORIGIN,34,34,33,0.9705882352941176,0,8
qwen,INV_PAIR_NLL_s0,UPDATE_COMPARISON-ORIGIN-0004-origin2,ORIGIN,34,34,34,1.0,1,12
qwen,INV_PAIR_NLL_s0,UPDATE_COMPARISON-ORIGIN-0004-origin3,ORIGIN,34,34,34,1.0,1,14
qwen,INV_PAIR_NLL_s0,UPDATE_COMPARISON-ORIGIN-0005-origin0,ORIGIN,34,34,26,0.7647058823529411,0,6
qwen,INV_PAIR_NLL_s0,UPDATE_COMPARISON-ORIGIN-0005-origin1,ORIGIN,34,34,26,0.7647058823529411,0,6
qwen,INV_PAIR_NLL_s0,UPDATE_COMPARISON-ORIGIN-0005-origin2,ORIGIN,34,34,31,0.9117647058823529,0,18
qwen,INV_PAIR_NLL_s0,UPDATE_COMPARISON-ORIGIN-0005-origin3,ORIGIN,34,34,28,0.8235294117647058,0,20
qwen,INV_PAIR_NLL_s0,UPDATE_COMPARISON-ORIGIN-0006-origin0,ORIGIN,34,34,32,0.9411764705882353,0,6
qwen,INV_PAIR_NLL_s0,UPDATE_COMPARISON-ORIGIN-0006-origin1,ORIGIN,34,34,33,0.9705882352941176,0,7
qwen,INV_PAIR_NLL_s0,UPDATE_COMPARISON-ORIGIN-0006-origin2,ORIGIN,34,34,34,1.0,1,16
qwen,INV_PAIR_NLL_s0,UPDATE_COMPARISON-ORIGIN-0006-origin3,ORIGIN,34,34,33,0.9705882352941176,0,13
qwen,INV_PAIR_NLL_s0,UPDATE_COMPARISON-ORIGIN-0007-origin0,ORIGIN,34,34,32,0.9411764705882353,0,7
qwen,INV_PAIR_NLL_s0,UPDATE_COMPARISON-ORIGIN-0007-origin1,ORIGIN,34,34,32,0.9411764705882353,0,9
qwen,INV_PAIR_NLL_s0,UPDATE_COMPARISON-ORIGIN-0007-origin2,ORIGIN,34,34,34,1.0,1,14
qwen,INV_PAIR_NLL_s0,UPDATE_COMPARISON-ORIGIN-0007-origin3,ORIGIN,34,34,34,1.0,1,13
qwen,INV_PAIR_NLL_s0,UPDATE_COMPARISON-ORIGIN-0008-origin0,ORIGIN,34,34,34,1.0,1,11
qwen,INV_PAIR_NLL_s0,UPDATE_COMPARISON-ORIGIN-0008-origin1,ORIGIN,34,34,34,1.0,1,12
qwen,INV_PAIR_NLL_s0,UPDATE_COMPARISON-ORIGIN-0008-origin2,ORIGIN,34,34,33,0.9705882352941176,0,12
qwen,INV_PAIR_NLL_s0,UPDATE_COMPARISON-ORIGIN-0008-origin3,ORIGIN,34,34,29,0.8529411764705882,0,13
qwen,INV_PAIR_NLL_s0,UPDATE_COMPARISON-ORIGIN-0009-origin0,ORIGIN,34,34,32,0.9411764705882353,0,4
qwen,INV_PAIR_NLL_s0,UPDATE_COMPARISON-ORIGIN-0009-origin1,ORIGIN,34,34,32,0.9411764705882353,0,8
qwen,INV_PAIR_NLL_s0,UPDATE_COMPARISON-ORIGIN-0009-origin2,ORIGIN,34,34,32,0.9411764705882353,0,11
qwen,INV_PAIR_NLL_s0,UPDATE_COMPARISON-ORIGIN-0009-origin3,ORIGIN,34,34,32,0.9411764705882353,0,16
qwen,INV_PAIR_NLL_s0,UPDATE_COMPARISON-ORIGIN-0010-origin0,ORIGIN,34,34,34,1.0,1,9
qwen,INV_PAIR_NLL_s0,UPDATE_COMPARISON-ORIGIN-0010-origin1,ORIGIN,34,34,34,1.0,1,12
qwen,INV_PAIR_NLL_s0,UPDATE_COMPARISON-ORIGIN-0010-origin2,ORIGIN,34,34,34,1.0,1,12
qwen,INV_PAIR_NLL_s0,UPDATE_COMPARISON-ORIGIN-0010-origin3,ORIGIN,34,34,34,1.0,1,16
qwen,INV_PAIR_NLL_s0,UPDATE_COMPARISON-ORIGIN-0011-origin0,ORIGIN,34,34,30,0.8823529411764706,0,7
qwen,INV_PAIR_NLL_s0,UPDATE_COMPARISON-ORIGIN-0011-origin1,ORIGIN,34,34,34,1.0,1,16
qwen,INV_PAIR_NLL_s0,UPDATE_COMPARISON-ORIGIN-0011-origin2,ORIGIN,34,34,34,1.0,1,14
qwen,INV_PAIR_NLL_s0,UPDATE_COMPARISON-ORIGIN-0011-origin3,ORIGIN,34,34,34,1.0,1,16
qwen,INV_PAIR_NLL_s0,UPDATE_COMPARISON-ORIGIN-0012-origin0,ORIGIN,34,34,34,1.0,1,1
qwen,INV_PAIR_NLL_s0,UPDATE_COMPARISON-ORIGIN-0012-origin1,ORIGIN,34,34,34,1.0,1,9
qwen,INV_PAIR_NLL_s0,UPDATE_COMPARISON-ORIGIN-0012-origin2,ORIGIN,34,34,32,0.9411764705882353,0,11
qwen,INV_PAIR_NLL_s0,UPDATE_COMPARISON-ORIGIN-0012-origin3,ORIGIN,34,34,34,1.0,1,14
qwen,INV_PAIR_NLL_s0,UPDATE_COMPARISON-ORIGIN-0013-origin0,ORIGIN,34,34,32,0.9411764705882353,0,3
qwen,INV_PAIR_NLL_s0,UPDATE_COMPARISON-ORIGIN-0013-origin1,ORIGIN,34,34,34,1.0,1,5
qwen,INV_PAIR_NLL_s0,UPDATE_COMPARISON-ORIGIN-0013-origin2,ORIGIN,34,34,32,0.9411764705882353,0,7
qwen,INV_PAIR_NLL_s0,UPDATE_COMPARISON-ORIGIN-0013-origin3,ORIGIN,34,34,34,1.0,1,11
qwen,INV_PAIR_NLL_s0,UPDATE_COMPARISON-ORIGIN-0014-origin0,ORIGIN,34,34,34,1.0,1,2
qwen,INV_PAIR_NLL_s0,UPDATE_COMPARISON-ORIGIN-0014-origin1,ORIGIN,34,34,34,1.0,1,8
qwen,INV_PAIR_NLL_s0,UPDATE_COMPARISON-ORIGIN-0014-origin2,ORIGIN,34,34,34,1.0,1,14
qwen,INV_PAIR_NLL_s0,UPDATE_COMPARISON-ORIGIN-0014-origin3,ORIGIN,34,34,32,0.9411764705882353,0,17
qwen,INV_PAIR_NLL_s0,UPDATE_COMPARISON-ORIGIN-0015-origin0,ORIGIN,34,34,32,0.9411764705882353,0,7
qwen,INV_PAIR_NLL_s0,UPDATE_COMPARISON-ORIGIN-0015-origin1,ORIGIN,34,34,32,0.9411764705882353,0,9
qwen,INV_PAIR_NLL_s0,UPDATE_COMPARISON-ORIGIN-0015-origin2,ORIGIN,34,34,34,1.0,1,18
qwen,INV_PAIR_NLL_s0,UPDATE_COMPARISON-ORIGIN-0015-origin3,ORIGIN,34,34,34,1.0,1,19
qwen,INV_PAIR_NLL_s0,UPDATE_COMPARISON-ORIGIN-0016-origin0,ORIGIN,34,34,34,1.0,1,7
qwen,INV_PAIR_NLL_s0,UPDATE_COMPARISON-ORIGIN-0016-origin1,ORIGIN,34,34,34,1.0,1,12
qwen,INV_PAIR_NLL_s0,UPDATE_COMPARISON-ORIGIN-0016-origin2,ORIGIN,34,34,34,1.0,1,11
qwen,INV_PAIR_NLL_s0,UPDATE_COMPARISON-ORIGIN-0016-origin3,ORIGIN,34,34,34,1.0,1,15
qwen,INV_PAIR_NLL_s0,UPDATE_COMPARISON-ORIGIN-0017-origin0,ORIGIN,34,34,33,0.9705882352941176,0,5
qwen,INV_PAIR_NLL_s0,UPDATE_COMPARISON-ORIGIN-0017-origin1,ORIGIN,34,34,31,0.9117647058823529,0,8
qwen,INV_PAIR_NLL_s0,UPDATE_COMPARISON-ORIGIN-0017-origin2,ORIGIN,34,34,33,0.9705882352941176,0,9
qwen,INV_PAIR_NLL_s0,UPDATE_COMPARISON-ORIGIN-0017-origin3,ORIGIN,34,34,31,0.9117647058823529,0,13
qwen,INV_PAIR_NLL_s0,UPDATE_COMPARISON-ORIGIN-0018-origin0,ORIGIN,34,34,32,0.9411764705882353,0,10
qwen,INV_PAIR_NLL_s0,UPDATE_COMPARISON-ORIGIN-0018-origin1,ORIGIN,34,34,32,0.9411764705882353,0,17
qwen,INV_PAIR_NLL_s0,UPDATE_COMPARISON-ORIGIN-0018-origin2,ORIGIN,34,34,33,0.9705882352941176,0,12
qwen,INV_PAIR_NLL_s0,UPDATE_COMPARISON-ORIGIN-0018-origin3,ORIGIN,34,34,32,0.9411764705882353,0,16
qwen,INV_PAIR_NLL_s0,UPDATE_COMPARISON-ORIGIN-0019-origin0,ORIGIN,34,34,32,0.9411764705882353,0,5
qwen,INV_PAIR_NLL_s0,UPDATE_COMPARISON-ORIGIN-0019-origin1,ORIGIN,34,34,31,0.9117647058823529,0,9
qwen,INV_PAIR_NLL_s0,UPDATE_COMPARISON-ORIGIN-0019-origin2,ORIGIN,34,34,33,0.9705882352941176,0,11
qwen,INV_PAIR_NLL_s0,UPDATE_COMPARISON-ORIGIN-0019-origin3,ORIGIN,34,34,32,0.9411764705882353,0,13
qwen,INV_PAIR_NLL_s0,UPDATE_COMPARISON-ORIGIN-0020-origin0,ORIGIN,34,34,34,1.0,1,1
qwen,INV_PAIR_NLL_s0,UPDATE_COMPARISON-ORIGIN-0020-origin1,ORIGIN,34,34,33,0.9705882352941176,0,9
qwen,INV_PAIR_NLL_s0,UPDATE_COMPARISON-ORIGIN-0020-origin2,ORIGIN,34,34,34,1.0,1,11
qwen,INV_PAIR_NLL_s0,UPDATE_COMPARISON-ORIGIN-0020-origin3,ORIGIN,34,34,34,1.0,1,14
qwen,INV_PAIR_NLL_s0,UPDATE_COMPARISON-ORIGIN-0021-origin0,ORIGIN,34,34,32,0.9411764705882353,0,8
qwen,INV_PAIR_NLL_s0,UPDATE_COMPARISON-ORIGIN-0021-origin1,ORIGIN,34,34,31,0.9117647058823529,0,13
qwen,INV_PAIR_NLL_s0,UPDATE_COMPARISON-ORIGIN-0021-origin2,ORIGIN,34,34,34,1.0,1,14
qwen,INV_PAIR_NLL_s0,UPDATE_COMPARISON-ORIGIN-0021-origin3,ORIGIN,34,34,34,1.0,1,17
qwen,INV_PAIR_NLL_s0,UPDATE_COMPARISON-ORIGIN-0022-origin0,ORIGIN,34,34,34,1.0,1,3
qwen,INV_PAIR_NLL_s0,UPDATE_COMPARISON-ORIGIN-0022-origin1,ORIGIN,34,34,34,1.0,1,9
qwen,INV_PAIR_NLL_s0,UPDATE_COMPARISON-ORIGIN-0022-origin2,ORIGIN,34,34,34,1.0,1,12
qwen,INV_PAIR_NLL_s0,UPDATE_COMPARISON-ORIGIN-0022-origin3,ORIGIN,34,34,34,1.0,1,15
qwen,INV_PAIR_NLL_s0,UPDATE_COMPARISON-ORIGIN-0023-origin0,ORIGIN,34,34,34,1.0,1,3
qwen,INV_PAIR_NLL_s0,UPDATE_COMPARISON-ORIGIN-0023-origin1,ORIGIN,34,34,34,1.0,1,9
qwen,INV_PAIR_NLL_s0,UPDATE_COMPARISON-ORIGIN-0023-origin2,ORIGIN,34,34,34,1.0,1,10
qwen,INV_PAIR_NLL_s0,UPDATE_COMPARISON-ORIGIN-0023-origin3,ORIGIN,34,34,32,0.9411764705882353,0,10
qwen,INV_PAIR_NLL_s0,UPDATE_COMPARISON-ORIGIN-0024-origin0,ORIGIN,34,34,33,0.9705882352941176,0,4
qwen,INV_PAIR_NLL_s0,UPDATE_COMPARISON-ORIGIN-0024-origin1,ORIGIN,34,34,34,1.0,1,12
qwen,INV_PAIR_NLL_s0,UPDATE_COMPARISON-ORIGIN-0024-origin2,ORIGIN,34,34,32,0.9411764705882353,0,18
qwen,INV_PAIR_NLL_s0,UPDATE_COMPARISON-ORIGIN-0024-origin3,ORIGIN,34,34,34,1.0,1,17
qwen,INV_PAIR_NLL_s0,UPDATE_COMPARISON-ORIGIN-0025-origin0,ORIGIN,34,34,34,1.0,1,2
qwen,INV_PAIR_NLL_s0,UPDATE_COMPARISON-ORIGIN-0025-origin1,ORIGIN,34,34,34,1.0,1,11
qwen,INV_PAIR_NLL_s0,UPDATE_COMPARISON-ORIGIN-0025-origin2,ORIGIN,34,34,34,1.0,1,16
qwen,INV_PAIR_NLL_s0,UPDATE_COMPARISON-ORIGIN-0025-origin3,ORIGIN,34,34,34,1.0,1,14
qwen,INV_PAIR_NLL_s0,UPDATE_COMPARISON-ORIGIN-0026-origin0,ORIGIN,34,34,34,1.0,1,8
qwen,INV_PAIR_NLL_s0,UPDATE_COMPARISON-ORIGIN-0026-origin1,ORIGIN,34,34,32,0.9411764705882353,0,11
qwen,INV_PAIR_NLL_s0,UPDATE_COMPARISON-ORIGIN-0026-origin2,ORIGIN,34,34,31,0.9117647058823529,0,13
qwen,INV_PAIR_NLL_s0,UPDATE_COMPARISON-ORIGIN-0026-origin3,ORIGIN,34,34,31,0.9117647058823529,0,15
qwen,INV_PAIR_NLL_s0,UPDATE_COMPARISON-ORIGIN-0027-origin0,ORIGIN,34,34,30,0.8823529411764706,0,7
qwen,INV_PAIR_NLL_s0,UPDATE_COMPARISON-ORIGIN-0027-origin1,ORIGIN,34,34,33,0.9705882352941176,0,11
qwen,INV_PAIR_NLL_s0,UPDATE_COMPARISON-ORIGIN-0027-origin2,ORIGIN,34,34,30,0.8823529411764706,0,23
qwen,INV_PAIR_NLL_s0,UPDATE_COMPARISON-ORIGIN-0027-origin3,ORIGIN,34,34,33,0.9705882352941176,0,18
qwen,INV_PAIR_NLL_s0,UPDATE_COMPARISON-ORIGIN-0028-origin0,ORIGIN,34,34,34,1.0,1,2
qwen,INV_PAIR_NLL_s0,UPDATE_COMPARISON-ORIGIN-0028-origin1,ORIGIN,34,34,34,1.0,1,9
qwen,INV_PAIR_NLL_s0,UPDATE_COMPARISON-ORIGIN-0028-origin2,ORIGIN,34,34,34,1.0,1,20
qwen,INV_PAIR_NLL_s0,UPDATE_COMPARISON-ORIGIN-0028-origin3,ORIGIN,34,34,34,1.0,1,26
qwen,INV_PAIR_NLL_s0,UPDATE_COMPARISON-ORIGIN-0029-origin0,ORIGIN,34,34,34,1.0,1,0
qwen,INV_PAIR_NLL_s0,UPDATE_COMPARISON-ORIGIN-0029-origin1,ORIGIN,34,34,34,1.0,1,0
qwen,INV_PAIR_NLL_s0,UPDATE_COMPARISON-ORIGIN-0029-origin2,ORIGIN,34,34,34,1.0,1,17
qwen,INV_PAIR_NLL_s0,UPDATE_COMPARISON-ORIGIN-0029-origin3,ORIGIN,34,34,34,1.0,1,20
qwen,INV_PAIR_NLL_s0,UPDATE_COMPARISON-ORIGIN-0030-origin0,ORIGIN,34,34,34,1.0,1,1
qwen,INV_PAIR_NLL_s0,UPDATE_COMPARISON-ORIGIN-0030-origin1,ORIGIN,34,34,34,1.0,1,8
qwen,INV_PAIR_NLL_s0,UPDATE_COMPARISON-ORIGIN-0030-origin2,ORIGIN,34,34,34,1.0,1,16
qwen,INV_PAIR_NLL_s0,UPDATE_COMPARISON-ORIGIN-0030-origin3,ORIGIN,34,34,34,1.0,1,19
qwen,INV_PAIR_NLL_s0,UPDATE_COMPARISON-ORIGIN-0031-origin0,ORIGIN,34,34,34,1.0,1,2
qwen,INV_PAIR_NLL_s0,UPDATE_COMPARISON-ORIGIN-0031-origin1,ORIGIN,34,34,34,1.0,1,7
qwen,INV_PAIR_NLL_s0,UPDATE_COMPARISON-ORIGIN-0031-origin2,ORIGIN,34,34,34,1.0,1,26
qwen,INV_PAIR_NLL_s0,UPDATE_COMPARISON-ORIGIN-0031-origin3,ORIGIN,34,34,34,1.0,1,28
qwen,INV_PAIR_NLL_s0,UPDATE_COMPARISON-ORIGIN-0032-origin0,ORIGIN,34,34,34,1.0,1,10
qwen,INV_PAIR_NLL_s0,UPDATE_COMPARISON-ORIGIN-0032-origin1,ORIGIN,34,34,32,0.9411764705882353,0,12
qwen,INV_PAIR_NLL_s0,UPDATE_COMPARISON-ORIGIN-0032-origin2,ORIGIN,34,34,34,1.0,1,18
qwen,INV_PAIR_NLL_s0,UPDATE_COMPARISON-ORIGIN-0032-origin3,ORIGIN,34,34,34,1.0,1,22
qwen,INV_PAIR_NLL_s0,UPDATE_COMPARISON-ORIGIN-0033-origin0,ORIGIN,34,34,34,1.0,1,6
qwen,INV_PAIR_NLL_s0,UPDATE_COMPARISON-ORIGIN-0033-origin1,ORIGIN,34,34,34,1.0,1,8
qwen,INV_PAIR_NLL_s0,UPDATE_COMPARISON-ORIGIN-0033-origin2,ORIGIN,34,34,34,1.0,1,18
qwen,INV_PAIR_NLL_s0,UPDATE_COMPARISON-ORIGIN-0033-origin3,ORIGIN,34,34,34,1.0,1,23
qwen,INV_PAIR_NLL_s0,UPDATE_COMPARISON-ORIGIN-0034-origin0,ORIGIN,34,34,33,0.9705882352941176,0,12
qwen,INV_PAIR_NLL_s0,UPDATE_COMPARISON-ORIGIN-0034-origin1,ORIGIN,34,34,34,1.0,1,15
qwen,INV_PAIR_NLL_s0,UPDATE_COMPARISON-ORIGIN-0034-origin2,ORIGIN,34,34,34,1.0,1,20
qwen,INV_PAIR_NLL_s0,UPDATE_COMPARISON-ORIGIN-0034-origin3,ORIGIN,34,34,34,1.0,1,23
qwen,INV_PAIR_NLL_s0,UPDATE_COMPARISON-ORIGIN-0035-origin0,ORIGIN,34,34,33,0.9705882352941176,0,16
qwen,INV_PAIR_NLL_s0,UPDATE_COMPARISON-ORIGIN-0035-origin1,ORIGIN,34,34,33,0.9705882352941176,0,15
qwen,INV_PAIR_NLL_s0,UPDATE_COMPARISON-ORIGIN-0035-origin2,ORIGIN,34,34,32,0.9411764705882353,0,21
qwen,INV_PAIR_NLL_s0,UPDATE_COMPARISON-ORIGIN-0035-origin3,ORIGIN,34,34,32,0.9411764705882353,0,20
qwen,INV_PAIR_NLL_s0,UPDATE_COMPARISON-ORIGIN-0036-origin0,ORIGIN,34,34,33,0.9705882352941176,0,8
qwen,INV_PAIR_NLL_s0,UPDATE_COMPARISON-ORIGIN-0036-origin1,ORIGIN,34,34,30,0.8823529411764706,0,9
qwen,INV_PAIR_NLL_s0,UPDATE_COMPARISON-ORIGIN-0036-origin2,ORIGIN,34,34,29,0.8529411764705882,0,13
qwen,INV_PAIR_NLL_s0,UPDATE_COMPARISON-ORIGIN-0036-origin3,ORIGIN,34,34,32,0.9411764705882353,0,15
qwen,INV_PAIR_NLL_s0,UPDATE_COMPARISON-ORIGIN-0037-origin0,ORIGIN,34,34,34,1.0,1,9
qwen,INV_PAIR_NLL_s0,UPDATE_COMPARISON-ORIGIN-0037-origin1,ORIGIN,34,34,34,1.0,1,10
qwen,INV_PAIR_NLL_s0,UPDATE_COMPARISON-ORIGIN-0037-origin2,ORIGIN,34,34,32,0.9411764705882353,0,18
qwen,INV_PAIR_NLL_s0,UPDATE_COMPARISON-ORIGIN-0037-origin3,ORIGIN,34,34,33,0.9705882352941176,0,20
qwen,INV_PAIR_NLL_s0,UPDATE_COMPARISON-ORIGIN-0038-origin0,ORIGIN,34,34,33,0.9705882352941176,0,4
qwen,INV_PAIR_NLL_s0,UPDATE_COMPARISON-ORIGIN-0038-origin1,ORIGIN,34,34,34,1.0,1,10
qwen,INV_PAIR_NLL_s0,UPDATE_COMPARISON-ORIGIN-0038-origin2,ORIGIN,34,34,34,1.0,1,17
qwen,INV_PAIR_NLL_s0,UPDATE_COMPARISON-ORIGIN-0038-origin3,ORIGIN,34,34,34,1.0,1,13
qwen,INV_PAIR_NLL_s0,UPDATE_COMPARISON-ORIGIN-0039-origin0,ORIGIN,34,34,31,0.9117647058823529,0,5
qwen,INV_PAIR_NLL_s0,UPDATE_COMPARISON-ORIGIN-0039-origin1,ORIGIN,34,34,32,0.9411764705882353,0,8
qwen,INV_PAIR_NLL_s0,UPDATE_COMPARISON-ORIGIN-0039-origin2,ORIGIN,34,34,30,0.8823529411764706,0,16
qwen,INV_PAIR_NLL_s0,UPDATE_COMPARISON-ORIGIN-0039-origin3,ORIGIN,34,34,32,0.9411764705882353,0,17
qwen,INV_PAIR_NLL_s0,UPDATE_COMPARISON-ORIGIN-0040-origin0,ORIGIN,34,34,34,1.0,1,8
qwen,INV_PAIR_NLL_s0,UPDATE_COMPARISON-ORIGIN-0040-origin1,ORIGIN,34,34,33,0.9705882352941176,0,10
qwen,INV_PAIR_NLL_s0,UPDATE_COMPARISON-ORIGIN-0040-origin2,ORIGIN,34,34,34,1.0,1,15
qwen,INV_PAIR_NLL_s0,UPDATE_COMPARISON-ORIGIN-0040-origin3,ORIGIN,34,34,34,1.0,1,13
qwen,INV_PAIR_NLL_s0,UPDATE_COMPARISON-ORIGIN-0041-origin0,ORIGIN,34,34,31,0.9117647058823529,0,8
qwen,INV_PAIR_NLL_s0,UPDATE_COMPARISON-ORIGIN-0041-origin1,ORIGIN,34,34,32,0.9411764705882353,0,11
qwen,INV_PAIR_NLL_s0,UPDATE_COMPARISON-ORIGIN-0041-origin2,ORIGIN,34,34,30,0.8823529411764706,0,12
qwen,INV_PAIR_NLL_s0,UPDATE_COMPARISON-ORIGIN-0041-origin3,ORIGIN,34,34,33,0.9705882352941176,0,14
qwen,INV_PAIR_NLL_s0,UPDATE_COMPARISON-ORIGIN-0042-origin0,ORIGIN,34,34,34,1.0,1,6
qwen,INV_PAIR_NLL_s0,UPDATE_COMPARISON-ORIGIN-0042-origin1,ORIGIN,34,34,34,1.0,1,13
qwen,INV_PAIR_NLL_s0,UPDATE_COMPARISON-ORIGIN-0042-origin2,ORIGIN,34,34,34,1.0,1,11
qwen,INV_PAIR_NLL_s0,UPDATE_COMPARISON-ORIGIN-0042-origin3,ORIGIN,34,34,34,1.0,1,14
qwen,INV_PAIR_NLL_s0,UPDATE_COMPARISON-ORIGIN-0043-origin0,ORIGIN,34,34,34,1.0,1,3
qwen,INV_PAIR_NLL_s0,UPDATE_COMPARISON-ORIGIN-0043-origin1,ORIGIN,34,34,34,1.0,1,10
qwen,INV_PAIR_NLL_s0,UPDATE_COMPARISON-ORIGIN-0043-origin2,ORIGIN,34,34,34,1.0,1,11
qwen,INV_PAIR_NLL_s0,UPDATE_COMPARISON-ORIGIN-0043-origin3,ORIGIN,34,34,34,1.0,1,15
qwen,INV_PAIR_NLL_s0,UPDATE_COMPARISON-ORIGIN-0044-origin0,ORIGIN,34,34,34,1.0,1,2
qwen,INV_PAIR_NLL_s0,UPDATE_COMPARISON-ORIGIN-0044-origin1,ORIGIN,34,34,34,1.0,1,8
qwen,INV_PAIR_NLL_s0,UPDATE_COMPARISON-ORIGIN-0044-origin2,ORIGIN,34,34,34,1.0,1,13
qwen,INV_PAIR_NLL_s0,UPDATE_COMPARISON-ORIGIN-0044-origin3,ORIGIN,34,34,34,1.0,1,14
qwen,INV_PAIR_NLL_s0,UPDATE_COMPARISON-ORIGIN-0045-origin0,ORIGIN,34,34,32,0.9411764705882353,0,4
qwen,INV_PAIR_NLL_s0,UPDATE_COMPARISON-ORIGIN-0045-origin1,ORIGIN,34,34,32,0.9411764705882353,0,5
qwen,INV_PAIR_NLL_s0,UPDATE_COMPARISON-ORIGIN-0045-origin2,ORIGIN,34,34,31,0.9117647058823529,0,13
qwen,INV_PAIR_NLL_s0,UPDATE_COMPARISON-ORIGIN-0045-origin3,ORIGIN,34,34,31,0.9117647058823529,0,13
qwen,INV_PAIR_NLL_s0,UPDATE_COMPARISON-ORIGIN-0046-origin0,ORIGIN,34,34,34,1.0,1,0
qwen,INV_PAIR_NLL_s0,UPDATE_COMPARISON-ORIGIN-0046-origin1,ORIGIN,34,34,34,1.0,1,5
qwen,INV_PAIR_NLL_s0,UPDATE_COMPARISON-ORIGIN-0046-origin2,ORIGIN,34,34,34,1.0,1,15
qwen,INV_PAIR_NLL_s0,UPDATE_COMPARISON-ORIGIN-0046-origin3,ORIGIN,34,34,34,1.0,1,17
qwen,INV_PAIR_NLL_s0,UPDATE_COMPARISON-ORIGIN-0047-origin0,ORIGIN,34,34,34,1.0,1,1
qwen,INV_PAIR_NLL_s0,UPDATE_COMPARISON-ORIGIN-0047-origin1,ORIGIN,34,34,34,1.0,1,6
qwen,INV_PAIR_NLL_s0,UPDATE_COMPARISON-ORIGIN-0047-origin2,ORIGIN,34,34,34,1.0,1,11
qwen,INV_PAIR_NLL_s0,UPDATE_COMPARISON-ORIGIN-0047-origin3,ORIGIN,34,34,34,1.0,1,10
qwen,INV_PAIR_NLL_s0,UPDATE_COMPARISON-ORIGIN-0048-origin0,ORIGIN,34,34,34,1.0,1,7
qwen,INV_PAIR_NLL_s0,UPDATE_COMPARISON-ORIGIN-0048-origin1,ORIGIN,34,34,34,1.0,1,11
qwen,INV_PAIR_NLL_s0,UPDATE_COMPARISON-ORIGIN-0048-origin2,ORIGIN,34,34,34,1.0,1,14
qwen,INV_PAIR_NLL_s0,UPDATE_COMPARISON-ORIGIN-0048-origin3,ORIGIN,34,34,34,1.0,1,16
qwen,INV_PAIR_NLL_s0,UPDATE_COMPARISON-ORIGIN-0049-origin0,ORIGIN,34,34,34,1.0,1,5
qwen,INV_PAIR_NLL_s0,UPDATE_COMPARISON-ORIGIN-0049-origin1,ORIGIN,34,34,34,1.0,1,9
qwen,INV_PAIR_NLL_s0,UPDATE_COMPARISON-ORIGIN-0049-origin2,ORIGIN,34,34,34,1.0,1,11
qwen,INV_PAIR_NLL_s0,UPDATE_COMPARISON-ORIGIN-0049-origin3,ORIGIN,34,34,33,0.9705882352941176,0,14
qwen,INV_PAIR_NLL_s0,UPDATE_COMPARISON-ORIGIN-0050-origin0,ORIGIN,34,34,34,1.0,1,7
qwen,INV_PAIR_NLL_s0,UPDATE_COMPARISON-ORIGIN-0050-origin1,ORIGIN,34,34,34,1.0,1,12
qwen,INV_PAIR_NLL_s0,UPDATE_COMPARISON-ORIGIN-0050-origin2,ORIGIN,34,34,32,0.9411764705882353,0,12
qwen,INV_PAIR_NLL_s0,UPDATE_COMPARISON-ORIGIN-0050-origin3,ORIGIN,34,34,34,1.0,1,13
qwen,INV_PAIR_NLL_s0,UPDATE_COMPARISON-ORIGIN-0051-origin0,ORIGIN,34,34,32,0.9411764705882353,0,5
qwen,INV_PAIR_NLL_s0,UPDATE_COMPARISON-ORIGIN-0051-origin1,ORIGIN,34,34,30,0.8823529411764706,0,8
qwen,INV_PAIR_NLL_s0,UPDATE_COMPARISON-ORIGIN-0051-origin2,ORIGIN,34,34,31,0.9117647058823529,0,9
qwen,INV_PAIR_NLL_s0,UPDATE_COMPARISON-ORIGIN-0051-origin3,ORIGIN,34,34,29,0.8529411764705882,0,14
qwen,INV_PAIR_NLL_s0,UPDATE_COMPARISON-ORIGIN-0052-origin0,ORIGIN,34,34,34,1.0,1,1
qwen,INV_PAIR_NLL_s0,UPDATE_COMPARISON-ORIGIN-0052-origin1,ORIGIN,34,34,34,1.0,1,6
qwen,INV_PAIR_NLL_s0,UPDATE_COMPARISON-ORIGIN-0052-origin2,ORIGIN,34,34,34,1.0,1,10
qwen,INV_PAIR_NLL_s0,UPDATE_COMPARISON-ORIGIN-0052-origin3,ORIGIN,34,34,34,1.0,1,11
qwen,INV_PAIR_NLL_s0,UPDATE_COMPARISON-ORIGIN-0053-origin0,ORIGIN,34,34,34,1.0,1,5
qwen,INV_PAIR_NLL_s0,UPDATE_COMPARISON-ORIGIN-0053-origin1,ORIGIN,34,34,33,0.9705882352941176,0,10
qwen,INV_PAIR_NLL_s0,UPDATE_COMPARISON-ORIGIN-0053-origin2,ORIGIN,34,34,33,0.9705882352941176,0,14
qwen,INV_PAIR_NLL_s0,UPDATE_COMPARISON-ORIGIN-0053-origin3,ORIGIN,34,34,34,1.0,1,18
qwen,INV_PAIR_NLL_s0,UPDATE_COMPARISON-ORIGIN-0054-origin0,ORIGIN,34,34,32,0.9411764705882353,0,2
qwen,INV_PAIR_NLL_s0,UPDATE_COMPARISON-ORIGIN-0054-origin1,ORIGIN,34,34,32,0.9411764705882353,0,7
qwen,INV_PAIR_NLL_s0,UPDATE_COMPARISON-ORIGIN-0054-origin2,ORIGIN,34,34,33,0.9705882352941176,0,15
qwen,INV_PAIR_NLL_s0,UPDATE_COMPARISON-ORIGIN-0054-origin3,ORIGIN,34,34,33,0.9705882352941176,0,17
qwen,INV_PAIR_NLL_s0,UPDATE_COMPARISON-ORIGIN-0055-origin0,ORIGIN,34,34,34,1.0,1,2
qwen,INV_PAIR_NLL_s0,UPDATE_COMPARISON-ORIGIN-0055-origin1,ORIGIN,34,34,34,1.0,1,8
qwen,INV_PAIR_NLL_s0,UPDATE_COMPARISON-ORIGIN-0055-origin2,ORIGIN,34,34,34,1.0,1,15
qwen,INV_PAIR_NLL_s0,UPDATE_COMPARISON-ORIGIN-0055-origin3,ORIGIN,34,34,34,1.0,1,15
qwen,INV_PAIR_NLL_s0,UPDATE_COMPARISON-ORIGIN-0056-origin0,ORIGIN,34,34,34,1.0,1,6
qwen,INV_PAIR_NLL_s0,UPDATE_COMPARISON-ORIGIN-0056-origin1,ORIGIN,34,34,34,1.0,1,13
qwen,INV_PAIR_NLL_s0,UPDATE_COMPARISON-ORIGIN-0056-origin2,ORIGIN,34,34,34,1.0,1,16
qwen,INV_PAIR_NLL_s0,UPDATE_COMPARISON-ORIGIN-0056-origin3,ORIGIN,34,34,32,0.9411764705882353,0,20
qwen,INV_PAIR_NLL_s0,UPDATE_COMPARISON-ORIGIN-0057-origin0,ORIGIN,34,34,34,1.0,1,4
qwen,INV_PAIR_NLL_s0,UPDATE_COMPARISON-ORIGIN-0057-origin1,ORIGIN,34,34,34,1.0,1,12
qwen,INV_PAIR_NLL_s0,UPDATE_COMPARISON-ORIGIN-0057-origin2,ORIGIN,34,34,33,0.9705882352941176,0,15
qwen,INV_PAIR_NLL_s0,UPDATE_COMPARISON-ORIGIN-0057-origin3,ORIGIN,34,34,34,1.0,1,15
qwen,INV_PAIR_NLL_s0,UPDATE_COMPARISON-ORIGIN-0058-origin0,ORIGIN,34,34,33,0.9705882352941176,0,6
qwen,INV_PAIR_NLL_s0,UPDATE_COMPARISON-ORIGIN-0058-origin1,ORIGIN,34,34,33,0.9705882352941176,0,13
qwen,INV_PAIR_NLL_s0,UPDATE_COMPARISON-ORIGIN-0058-origin2,ORIGIN,34,34,32,0.9411764705882353,0,14
qwen,INV_PAIR_NLL_s0,UPDATE_COMPARISON-ORIGIN-0058-origin3,ORIGIN,34,34,30,0.8823529411764706,0,14
qwen,INV_PAIR_NLL_s0,UPDATE_COMPARISON-ORIGIN-0059-origin0,ORIGIN,34,34,34,1.0,1,0
qwen,INV_PAIR_NLL_s0,UPDATE_COMPARISON-ORIGIN-0059-origin1,ORIGIN,34,34,34,1.0,1,6
qwen,INV_PAIR_NLL_s0,UPDATE_COMPARISON-ORIGIN-0059-origin2,ORIGIN,34,34,34,1.0,1,15
qwen,INV_PAIR_NLL_s0,UPDATE_COMPARISON-ORIGIN-0059-origin3,ORIGIN,34,34,34,1.0,1,11
qwen,INV_PAIR_NLL_s0,UPDATE_COMPARISON-ORIGIN-0060-origin0,ORIGIN,34,34,34,1.0,1,0
qwen,INV_PAIR_NLL_s0,UPDATE_COMPARISON-ORIGIN-0060-origin1,ORIGIN,34,34,34,1.0,1,12
qwen,INV_PAIR_NLL_s0,UPDATE_COMPARISON-ORIGIN-0060-origin2,ORIGIN,34,34,34,1.0,1,21
qwen,INV_PAIR_NLL_s0,UPDATE_COMPARISON-ORIGIN-0060-origin3,ORIGIN,34,34,34,1.0,1,25
qwen,INV_PAIR_NLL_s0,UPDATE_COMPARISON-ORIGIN-0061-origin0,ORIGIN,34,34,33,0.9705882352941176,0,4
qwen,INV_PAIR_NLL_s0,UPDATE_COMPARISON-ORIGIN-0061-origin1,ORIGIN,34,34,32,0.9411764705882353,0,13
qwen,INV_PAIR_NLL_s0,UPDATE_COMPARISON-ORIGIN-0061-origin2,ORIGIN,34,34,32,0.9411764705882353,0,18
qwen,INV_PAIR_NLL_s0,UPDATE_COMPARISON-ORIGIN-0061-origin3,ORIGIN,34,34,32,0.9411764705882353,0,22
qwen,INV_PAIR_NLL_s0,UPDATE_COMPARISON-ORIGIN-0062-origin0,ORIGIN,34,34,34,1.0,1,0
qwen,INV_PAIR_NLL_s0,UPDATE_COMPARISON-ORIGIN-0062-origin1,ORIGIN,34,34,34,1.0,1,11
qwen,INV_PAIR_NLL_s0,UPDATE_COMPARISON-ORIGIN-0062-origin2,ORIGIN,34,34,34,1.0,1,25
qwen,INV_PAIR_NLL_s0,UPDATE_COMPARISON-ORIGIN-0062-origin3,ORIGIN,34,34,34,1.0,1,23
qwen,INV_PAIR_NLL_s0,UPDATE_COMPARISON-ORIGIN-0063-origin0,ORIGIN,34,34,34,1.0,1,4
qwen,INV_PAIR_NLL_s0,UPDATE_COMPARISON-ORIGIN-0063-origin1,ORIGIN,34,34,34,1.0,1,10
qwen,INV_PAIR_NLL_s0,UPDATE_COMPARISON-ORIGIN-0063-origin2,ORIGIN,34,34,34,1.0,1,16
qwen,INV_PAIR_NLL_s0,UPDATE_COMPARISON-ORIGIN-0063-origin3,ORIGIN,34,34,34,1.0,1,19
qwen,INV_PAIR_NLL_s1,UPDATE_COMPARISON-ORIGIN-0000-origin0,ORIGIN,34,34,28,0.8235294117647058,0,6
qwen,INV_PAIR_NLL_s1,UPDATE_COMPARISON-ORIGIN-0000-origin1,ORIGIN,34,34,28,0.8235294117647058,0,13
qwen,INV_PAIR_NLL_s1,UPDATE_COMPARISON-ORIGIN-0000-origin2,ORIGIN,34,34,28,0.8235294117647058,0,18
qwen,INV_PAIR_NLL_s1,UPDATE_COMPARISON-ORIGIN-0000-origin3,ORIGIN,34,34,28,0.8235294117647058,0,24
qwen,INV_PAIR_NLL_s1,UPDATE_COMPARISON-ORIGIN-0001-origin0,ORIGIN,34,34,33,0.9705882352941176,0,15
qwen,INV_PAIR_NLL_s1,UPDATE_COMPARISON-ORIGIN-0001-origin1,ORIGIN,34,34,33,0.9705882352941176,0,17
qwen,INV_PAIR_NLL_s1,UPDATE_COMPARISON-ORIGIN-0001-origin2,ORIGIN,34,34,33,0.9705882352941176,0,20
qwen,INV_PAIR_NLL_s1,UPDATE_COMPARISON-ORIGIN-0001-origin3,ORIGIN,34,34,31,0.9117647058823529,0,22
qwen,INV_PAIR_NLL_s1,UPDATE_COMPARISON-ORIGIN-0002-origin0,ORIGIN,34,34,28,0.8235294117647058,0,11
qwen,INV_PAIR_NLL_s1,UPDATE_COMPARISON-ORIGIN-0002-origin1,ORIGIN,34,34,30,0.8823529411764706,0,12
qwen,INV_PAIR_NLL_s1,UPDATE_COMPARISON-ORIGIN-0002-origin2,ORIGIN,34,34,33,0.9705882352941176,0,16
qwen,INV_PAIR_NLL_s1,UPDATE_COMPARISON-ORIGIN-0002-origin3,ORIGIN,34,34,31,0.9117647058823529,0,23
qwen,INV_PAIR_NLL_s1,UPDATE_COMPARISON-ORIGIN-0003-origin0,ORIGIN,34,34,29,0.8529411764705882,0,7
qwen,INV_PAIR_NLL_s1,UPDATE_COMPARISON-ORIGIN-0003-origin1,ORIGIN,34,34,30,0.8823529411764706,0,12
qwen,INV_PAIR_NLL_s1,UPDATE_COMPARISON-ORIGIN-0003-origin2,ORIGIN,34,34,30,0.8823529411764706,0,19
qwen,INV_PAIR_NLL_s1,UPDATE_COMPARISON-ORIGIN-0003-origin3,ORIGIN,34,34,29,0.8529411764705882,0,24
qwen,INV_PAIR_NLL_s1,UPDATE_COMPARISON-ORIGIN-0004-origin0,ORIGIN,34,34,33,0.9705882352941176,0,3
qwen,INV_PAIR_NLL_s1,UPDATE_COMPARISON-ORIGIN-0004-origin1,ORIGIN,34,34,31,0.9117647058823529,0,6
qwen,INV_PAIR_NLL_s1,UPDATE_COMPARISON-ORIGIN-0004-origin2,ORIGIN,34,34,31,0.9117647058823529,0,9
qwen,INV_PAIR_NLL_s1,UPDATE_COMPARISON-ORIGIN-0004-origin3,ORIGIN,34,34,31,0.9117647058823529,0,11
qwen,INV_PAIR_NLL_s1,UPDATE_COMPARISON-ORIGIN-0005-origin0,ORIGIN,34,34,27,0.7941176470588235,0,5
qwen,INV_PAIR_NLL_s1,UPDATE_COMPARISON-ORIGIN-0005-origin1,ORIGIN,34,34,26,0.7647058823529411,0,2
qwen,INV_PAIR_NLL_s1,UPDATE_COMPARISON-ORIGIN-0005-origin2,ORIGIN,34,34,32,0.9411764705882353,0,17
qwen,INV_PAIR_NLL_s1,UPDATE_COMPARISON-ORIGIN-0005-origin3,ORIGIN,34,34,28,0.8235294117647058,0,16
qwen,INV_PAIR_NLL_s1,UPDATE_COMPARISON-ORIGIN-0006-origin0,ORIGIN,34,34,33,0.9705882352941176,0,3
qwen,INV_PAIR_NLL_s1,UPDATE_COMPARISON-ORIGIN-0006-origin1,ORIGIN,34,34,34,1.0,1,6
qwen,INV_PAIR_NLL_s1,UPDATE_COMPARISON-ORIGIN-0006-origin2,ORIGIN,34,34,32,0.9411764705882353,0,16
qwen,INV_PAIR_NLL_s1,UPDATE_COMPARISON-ORIGIN-0006-origin3,ORIGIN,34,34,31,0.9117647058823529,0,15
qwen,INV_PAIR_NLL_s1,UPDATE_COMPARISON-ORIGIN-0007-origin0,ORIGIN,34,34,30,0.8823529411764706,0,9
qwen,INV_PAIR_NLL_s1,UPDATE_COMPARISON-ORIGIN-0007-origin1,ORIGIN,34,34,32,0.9411764705882353,0,13
qwen,INV_PAIR_NLL_s1,UPDATE_COMPARISON-ORIGIN-0007-origin2,ORIGIN,34,34,32,0.9411764705882353,0,16
qwen,INV_PAIR_NLL_s1,UPDATE_COMPARISON-ORIGIN-0007-origin3,ORIGIN,34,34,32,0.9411764705882353,0,15
qwen,INV_PAIR_NLL_s1,UPDATE_COMPARISON-ORIGIN-0008-origin0,ORIGIN,34,34,31,0.9117647058823529,0,10
qwen,INV_PAIR_NLL_s1,UPDATE_COMPARISON-ORIGIN-0008-origin1,ORIGIN,34,34,32,0.9411764705882353,0,10
qwen,INV_PAIR_NLL_s1,UPDATE_COMPARISON-ORIGIN-0008-origin2,ORIGIN,34,34,32,0.9411764705882353,0,11
qwen,INV_PAIR_NLL_s1,UPDATE_COMPARISON-ORIGIN-0008-origin3,ORIGIN,34,34,31,0.9117647058823529,0,13
qwen,INV_PAIR_NLL_s1,UPDATE_COMPARISON-ORIGIN-0009-origin0,ORIGIN,34,34,32,0.9411764705882353,0,6
qwen,INV_PAIR_NLL_s1,UPDATE_COMPARISON-ORIGIN-0009-origin1,ORIGIN,34,34,30,0.8823529411764706,0,6
qwen,INV_PAIR_NLL_s1,UPDATE_COMPARISON-ORIGIN-0009-origin2,ORIGIN,34,34,32,0.9411764705882353,0,9
qwen,INV_PAIR_NLL_s1,UPDATE_COMPARISON-ORIGIN-0009-origin3,ORIGIN,34,34,30,0.8823529411764706,0,12
qwen,INV_PAIR_NLL_s1,UPDATE_COMPARISON-ORIGIN-0010-origin0,ORIGIN,34,34,31,0.9117647058823529,0,10
qwen,INV_PAIR_NLL_s1,UPDATE_COMPARISON-ORIGIN-0010-origin1,ORIGIN,34,34,31,0.9117647058823529,0,11
qwen,INV_PAIR_NLL_s1,UPDATE_COMPARISON-ORIGIN-0010-origin2,ORIGIN,34,34,30,0.8823529411764706,0,14
qwen,INV_PAIR_NLL_s1,UPDATE_COMPARISON-ORIGIN-0010-origin3,ORIGIN,34,34,32,0.9411764705882353,0,16
qwen,INV_PAIR_NLL_s1,UPDATE_COMPARISON-ORIGIN-0011-origin0,ORIGIN,34,34,34,1.0,1,11
qwen,INV_PAIR_NLL_s1,UPDATE_COMPARISON-ORIGIN-0011-origin1,ORIGIN,34,34,33,0.9705882352941176,0,15
qwen,INV_PAIR_NLL_s1,UPDATE_COMPARISON-ORIGIN-0011-origin2,ORIGIN,34,34,34,1.0,1,14
qwen,INV_PAIR_NLL_s1,UPDATE_COMPARISON-ORIGIN-0011-origin3,ORIGIN,34,34,33,0.9705882352941176,0,15
qwen,INV_PAIR_NLL_s1,UPDATE_COMPARISON-ORIGIN-0012-origin0,ORIGIN,34,34,34,1.0,1,1
qwen,INV_PAIR_NLL_s1,UPDATE_COMPARISON-ORIGIN-0012-origin1,ORIGIN,34,34,34,1.0,1,9
qwen,INV_PAIR_NLL_s1,UPDATE_COMPARISON-ORIGIN-0012-origin2,ORIGIN,34,34,33,0.9705882352941176,0,12
qwen,INV_PAIR_NLL_s1,UPDATE_COMPARISON-ORIGIN-0012-origin3,ORIGIN,34,34,34,1.0,1,14
qwen,INV_PAIR_NLL_s1,UPDATE_COMPARISON-ORIGIN-0013-origin0,ORIGIN,34,34,34,1.0,1,1
qwen,INV_PAIR_NLL_s1,UPDATE_COMPARISON-ORIGIN-0013-origin1,ORIGIN,34,34,34,1.0,1,5
qwen,INV_PAIR_NLL_s1,UPDATE_COMPARISON-ORIGIN-0013-origin2,ORIGIN,34,34,34,1.0,1,9
qwen,INV_PAIR_NLL_s1,UPDATE_COMPARISON-ORIGIN-0013-origin3,ORIGIN,34,34,34,1.0,1,11
qwen,INV_PAIR_NLL_s1,UPDATE_COMPARISON-ORIGIN-0014-origin0,ORIGIN,34,34,34,1.0,1,2
qwen,INV_PAIR_NLL_s1,UPDATE_COMPARISON-ORIGIN-0014-origin1,ORIGIN,34,34,34,1.0,1,8
qwen,INV_PAIR_NLL_s1,UPDATE_COMPARISON-ORIGIN-0014-origin2,ORIGIN,34,34,34,1.0,1,14
qwen,INV_PAIR_NLL_s1,UPDATE_COMPARISON-ORIGIN-0014-origin3,ORIGIN,34,34,34,1.0,1,15
qwen,INV_PAIR_NLL_s1,UPDATE_COMPARISON-ORIGIN-0015-origin0,ORIGIN,34,34,33,0.9705882352941176,0,6
qwen,INV_PAIR_NLL_s1,UPDATE_COMPARISON-ORIGIN-0015-origin1,ORIGIN,34,34,33,0.9705882352941176,0,10
qwen,INV_PAIR_NLL_s1,UPDATE_COMPARISON-ORIGIN-0015-origin2,ORIGIN,34,34,33,0.9705882352941176,0,17
qwen,INV_PAIR_NLL_s1,UPDATE_COMPARISON-ORIGIN-0015-origin3,ORIGIN,34,34,29,0.8529411764705882,0,14
qwen,INV_PAIR_NLL_s1,UPDATE_COMPARISON-ORIGIN-0016-origin0,ORIGIN,34,34,31,0.9117647058823529,0,4
qwen,INV_PAIR_NLL_s1,UPDATE_COMPARISON-ORIGIN-0016-origin1,ORIGIN,34,34,31,0.9117647058823529,0,11
qwen,INV_PAIR_NLL_s1,UPDATE_COMPARISON-ORIGIN-0016-origin2,ORIGIN,34,34,34,1.0,1,11
qwen,INV_PAIR_NLL_s1,UPDATE_COMPARISON-ORIGIN-0016-origin3,ORIGIN,34,34,33,0.9705882352941176,0,16
qwen,INV_PAIR_NLL_s1,UPDATE_COMPARISON-ORIGIN-0017-origin0,ORIGIN,34,34,26,0.7647058823529411,0,2
qwen,INV_PAIR_NLL_s1,UPDATE_COMPARISON-ORIGIN-0017-origin1,ORIGIN,34,34,26,0.7647058823529411,0,5
qwen,INV_PAIR_NLL_s1,UPDATE_COMPARISON-ORIGIN-0017-origin2,ORIGIN,34,34,29,0.8529411764705882,0,7
qwen,INV_PAIR_NLL_s1,UPDATE_COMPARISON-ORIGIN-0017-origin3,ORIGIN,34,34,27,0.7941176470588235,0,13
qwen,INV_PAIR_NLL_s1,UPDATE_COMPARISON-ORIGIN-0018-origin0,ORIGIN,34,34,33,0.9705882352941176,0,7
qwen,INV_PAIR_NLL_s1,UPDATE_COMPARISON-ORIGIN-0018-origin1,ORIGIN,34,34,33,0.9705882352941176,0,14
qwen,INV_PAIR_NLL_s1,UPDATE_COMPARISON-ORIGIN-0018-origin2,ORIGIN,34,34,32,0.9411764705882353,0,11
qwen,INV_PAIR_NLL_s1,UPDATE_COMPARISON-ORIGIN-0018-origin3,ORIGIN,34,34,33,0.9705882352941176,0,15
qwen,INV_PAIR_NLL_s1,UPDATE_COMPARISON-ORIGIN-0019-origin0,ORIGIN,34,34,34,1.0,1,5
qwen,INV_PAIR_NLL_s1,UPDATE_COMPARISON-ORIGIN-0019-origin1,ORIGIN,34,34,31,0.9117647058823529,0,9
qwen,INV_PAIR_NLL_s1,UPDATE_COMPARISON-ORIGIN-0019-origin2,ORIGIN,34,34,34,1.0,1,12
qwen,INV_PAIR_NLL_s1,UPDATE_COMPARISON-ORIGIN-0019-origin3,ORIGIN,34,34,32,0.9411764705882353,0,13
qwen,INV_PAIR_NLL_s1,UPDATE_COMPARISON-ORIGIN-0020-origin0,ORIGIN,34,34,34,1.0,1,1
qwen,INV_PAIR_NLL_s1,UPDATE_COMPARISON-ORIGIN-0020-origin1,ORIGIN,34,34,34,1.0,1,8
qwen,INV_PAIR_NLL_s1,UPDATE_COMPARISON-ORIGIN-0020-origin2,ORIGIN,34,34,34,1.0,1,11
qwen,INV_PAIR_NLL_s1,UPDATE_COMPARISON-ORIGIN-0020-origin3,ORIGIN,34,34,34,1.0,1,14
qwen,INV_PAIR_NLL_s1,UPDATE_COMPARISON-ORIGIN-0021-origin0,ORIGIN,34,34,34,1.0,1,6
qwen,INV_PAIR_NLL_s1,UPDATE_COMPARISON-ORIGIN-0021-origin1,ORIGIN,34,34,34,1.0,1,10
qwen,INV_PAIR_NLL_s1,UPDATE_COMPARISON-ORIGIN-0021-origin2,ORIGIN,34,34,34,1.0,1,14
qwen,INV_PAIR_NLL_s1,UPDATE_COMPARISON-ORIGIN-0021-origin3,ORIGIN,34,34,34,1.0,1,17
qwen,INV_PAIR_NLL_s1,UPDATE_COMPARISON-ORIGIN-0022-origin0,ORIGIN,34,34,34,1.0,1,3
qwen,INV_PAIR_NLL_s1,UPDATE_COMPARISON-ORIGIN-0022-origin1,ORIGIN,34,34,34,1.0,1,9
qwen,INV_PAIR_NLL_s1,UPDATE_COMPARISON-ORIGIN-0022-origin2,ORIGIN,34,34,34,1.0,1,12
qwen,INV_PAIR_NLL_s1,UPDATE_COMPARISON-ORIGIN-0022-origin3,ORIGIN,34,34,34,1.0,1,15
qwen,INV_PAIR_NLL_s1,UPDATE_COMPARISON-ORIGIN-0023-origin0,ORIGIN,34,34,32,0.9411764705882353,0,5
qwen,INV_PAIR_NLL_s1,UPDATE_COMPARISON-ORIGIN-0023-origin1,ORIGIN,34,34,31,0.9117647058823529,0,6
qwen,INV_PAIR_NLL_s1,UPDATE_COMPARISON-ORIGIN-0023-origin2,ORIGIN,34,34,32,0.9411764705882353,0,12
qwen,INV_PAIR_NLL_s1,UPDATE_COMPARISON-ORIGIN-0023-origin3,ORIGIN,34,34,31,0.9117647058823529,0,9
qwen,INV_PAIR_NLL_s1,UPDATE_COMPARISON-ORIGIN-0024-origin0,ORIGIN,34,34,32,0.9411764705882353,0,5
qwen,INV_PAIR_NLL_s1,UPDATE_COMPARISON-ORIGIN-0024-origin1,ORIGIN,34,34,34,1.0,1,12
qwen,INV_PAIR_NLL_s1,UPDATE_COMPARISON-ORIGIN-0024-origin2,ORIGIN,34,34,33,0.9705882352941176,0,17
qwen,INV_PAIR_NLL_s1,UPDATE_COMPARISON-ORIGIN-0024-origin3,ORIGIN,34,34,34,1.0,1,17
qwen,INV_PAIR_NLL_s1,UPDATE_COMPARISON-ORIGIN-0025-origin0,ORIGIN,34,34,34,1.0,1,2
qwen,INV_PAIR_NLL_s1,UPDATE_COMPARISON-ORIGIN-0025-origin1,ORIGIN,34,34,34,1.0,1,11
qwen,INV_PAIR_NLL_s1,UPDATE_COMPARISON-ORIGIN-0025-origin2,ORIGIN,34,34,34,1.0,1,16
qwen,INV_PAIR_NLL_s1,UPDATE_COMPARISON-ORIGIN-0025-origin3,ORIGIN,34,34,34,1.0,1,14
qwen,INV_PAIR_NLL_s1,UPDATE_COMPARISON-ORIGIN-0026-origin0,ORIGIN,34,34,33,0.9705882352941176,0,9
qwen,INV_PAIR_NLL_s1,UPDATE_COMPARISON-ORIGIN-0026-origin1,ORIGIN,34,34,33,0.9705882352941176,0,12
qwen,INV_PAIR_NLL_s1,UPDATE_COMPARISON-ORIGIN-0026-origin2,ORIGIN,34,34,32,0.9411764705882353,0,12
qwen,INV_PAIR_NLL_s1,UPDATE_COMPARISON-ORIGIN-0026-origin3,ORIGIN,34,34,32,0.9411764705882353,0,16
qwen,INV_PAIR_NLL_s1,UPDATE_COMPARISON-ORIGIN-0027-origin0,ORIGIN,34,34,34,1.0,1,11
qwen,INV_PAIR_NLL_s1,UPDATE_COMPARISON-ORIGIN-0027-origin1,ORIGIN,34,34,31,0.9117647058823529,0,11
qwen,INV_PAIR_NLL_s1,UPDATE_COMPARISON-ORIGIN-0027-origin2,ORIGIN,34,34,34,1.0,1,19
qwen,INV_PAIR_NLL_s1,UPDATE_COMPARISON-ORIGIN-0027-origin3,ORIGIN,34,34,32,0.9411764705882353,0,19
qwen,INV_PAIR_NLL_s1,UPDATE_COMPARISON-ORIGIN-0028-origin0,ORIGIN,34,34,34,1.0,1,2
qwen,INV_PAIR_NLL_s1,UPDATE_COMPARISON-ORIGIN-0028-origin1,ORIGIN,34,34,34,1.0,1,9
qwen,INV_PAIR_NLL_s1,UPDATE_COMPARISON-ORIGIN-0028-origin2,ORIGIN,34,34,34,1.0,1,20
qwen,INV_PAIR_NLL_s1,UPDATE_COMPARISON-ORIGIN-0028-origin3,ORIGIN,34,34,34,1.0,1,26
qwen,INV_PAIR_NLL_s1,UPDATE_COMPARISON-ORIGIN-0029-origin0,ORIGIN,34,34,34,1.0,1,0
qwen,INV_PAIR_NLL_s1,UPDATE_COMPARISON-ORIGIN-0029-origin1,ORIGIN,34,34,34,1.0,1,0
qwen,INV_PAIR_NLL_s1,UPDATE_COMPARISON-ORIGIN-0029-origin2,ORIGIN,34,34,34,1.0,1,17
qwen,INV_PAIR_NLL_s1,UPDATE_COMPARISON-ORIGIN-0029-origin3,ORIGIN,34,34,34,1.0,1,20
qwen,INV_PAIR_NLL_s1,UPDATE_COMPARISON-ORIGIN-0030-origin0,ORIGIN,34,34,29,0.8529411764705882,0,6
qwen,INV_PAIR_NLL_s1,UPDATE_COMPARISON-ORIGIN-0030-origin1,ORIGIN,34,34,31,0.9117647058823529,0,7
qwen,INV_PAIR_NLL_s1,UPDATE_COMPARISON-ORIGIN-0030-origin2,ORIGIN,34,34,24,0.7058823529411765,0,14
qwen,INV_PAIR_NLL_s1,UPDATE_COMPARISON-ORIGIN-0030-origin3,ORIGIN,34,34,32,0.9411764705882353,0,17
qwen,INV_PAIR_NLL_s1,UPDATE_COMPARISON-ORIGIN-0031-origin0,ORIGIN,34,34,34,1.0,1,2
qwen,INV_PAIR_NLL_s1,UPDATE_COMPARISON-ORIGIN-0031-origin1,ORIGIN,34,34,34,1.0,1,7
qwen,INV_PAIR_NLL_s1,UPDATE_COMPARISON-ORIGIN-0031-origin2,ORIGIN,34,34,34,1.0,1,26
qwen,INV_PAIR_NLL_s1,UPDATE_COMPARISON-ORIGIN-0031-origin3,ORIGIN,34,34,34,1.0,1,28
qwen,INV_PAIR_NLL_s1,UPDATE_COMPARISON-ORIGIN-0032-origin0,ORIGIN,34,34,32,0.9411764705882353,0,8
qwen,INV_PAIR_NLL_s1,UPDATE_COMPARISON-ORIGIN-0032-origin1,ORIGIN,34,34,28,0.8235294117647058,0,8
qwen,INV_PAIR_NLL_s1,UPDATE_COMPARISON-ORIGIN-0032-origin2,ORIGIN,34,34,31,0.9117647058823529,0,17
qwen,INV_PAIR_NLL_s1,UPDATE_COMPARISON-ORIGIN-0032-origin3,ORIGIN,34,34,27,0.7941176470588235,0,17
qwen,INV_PAIR_NLL_s1,UPDATE_COMPARISON-ORIGIN-0033-origin0,ORIGIN,34,34,34,1.0,1,6
qwen,INV_PAIR_NLL_s1,UPDATE_COMPARISON-ORIGIN-0033-origin1,ORIGIN,34,34,34,1.0,1,8
qwen,INV_PAIR_NLL_s1,UPDATE_COMPARISON-ORIGIN-0033-origin2,ORIGIN,34,34,34,1.0,1,18
qwen,INV_PAIR_NLL_s1,UPDATE_COMPARISON-ORIGIN-0033-origin3,ORIGIN,34,34,33,0.9705882352941176,0,22
qwen,INV_PAIR_NLL_s1,UPDATE_COMPARISON-ORIGIN-0034-origin0,ORIGIN,34,34,34,1.0,1,11
qwen,INV_PAIR_NLL_s1,UPDATE_COMPARISON-ORIGIN-0034-origin1,ORIGIN,34,34,34,1.0,1,15
qwen,INV_PAIR_NLL_s1,UPDATE_COMPARISON-ORIGIN-0034-origin2,ORIGIN,34,34,34,1.0,1,20
qwen,INV_PAIR_NLL_s1,UPDATE_COMPARISON-ORIGIN-0034-origin3,ORIGIN,34,34,34,1.0,1,23
qwen,INV_PAIR_NLL_s1,UPDATE_COMPARISON-ORIGIN-0035-origin0,ORIGIN,34,34,32,0.9411764705882353,0,15
qwen,INV_PAIR_NLL_s1,UPDATE_COMPARISON-ORIGIN-0035-origin1,ORIGIN,34,34,33,0.9705882352941176,0,15
qwen,INV_PAIR_NLL_s1,UPDATE_COMPARISON-ORIGIN-0035-origin2,ORIGIN,34,34,32,0.9411764705882353,0,23
qwen,INV_PAIR_NLL_s1,UPDATE_COMPARISON-ORIGIN-0035-origin3,ORIGIN,34,34,33,0.9705882352941176,0,21
qwen,INV_PAIR_NLL_s1,UPDATE_COMPARISON-ORIGIN-0036-origin0,ORIGIN,34,34,32,0.9411764705882353,0,7
qwen,INV_PAIR_NLL_s1,UPDATE_COMPARISON-ORIGIN-0036-origin1,ORIGIN,34,34,28,0.8235294117647058,0,11
qwen,INV_PAIR_NLL_s1,UPDATE_COMPARISON-ORIGIN-0036-origin2,ORIGIN,34,34,31,0.9117647058823529,0,17
qwen,INV_PAIR_NLL_s1,UPDATE_COMPARISON-ORIGIN-0036-origin3,ORIGIN,34,34,30,0.8823529411764706,0,17
qwen,INV_PAIR_NLL_s1,UPDATE_COMPARISON-ORIGIN-0037-origin0,ORIGIN,34,34,27,0.7941176470588235,0,12
qwen,INV_PAIR_NLL_s1,UPDATE_COMPARISON-ORIGIN-0037-origin1,ORIGIN,34,34,28,0.8235294117647058,0,12
qwen,INV_PAIR_NLL_s1,UPDATE_COMPARISON-ORIGIN-0037-origin2,ORIGIN,34,34,26,0.7647058823529411,0,14
qwen,INV_PAIR_NLL_s1,UPDATE_COMPARISON-ORIGIN-0037-origin3,ORIGIN,34,34,24,0.7058823529411765,0,15
qwen,INV_PAIR_NLL_s1,UPDATE_COMPARISON-ORIGIN-0038-origin0,ORIGIN,34,34,32,0.9411764705882353,0,3
qwen,INV_PAIR_NLL_s1,UPDATE_COMPARISON-ORIGIN-0038-origin1,ORIGIN,34,34,31,0.9117647058823529,0,9
qwen,INV_PAIR_NLL_s1,UPDATE_COMPARISON-ORIGIN-0038-origin2,ORIGIN,34,34,30,0.8823529411764706,0,17
qwen,INV_PAIR_NLL_s1,UPDATE_COMPARISON-ORIGIN-0038-origin3,ORIGIN,34,34,30,0.8823529411764706,0,13
qwen,INV_PAIR_NLL_s1,UPDATE_COMPARISON-ORIGIN-0039-origin0,ORIGIN,34,34,26,0.7647058823529411,0,8
qwen,INV_PAIR_NLL_s1,UPDATE_COMPARISON-ORIGIN-0039-origin1,ORIGIN,34,34,28,0.8235294117647058,0,12
qwen,INV_PAIR_NLL_s1,UPDATE_COMPARISON-ORIGIN-0039-origin2,ORIGIN,34,34,27,0.7941176470588235,0,15
qwen,INV_PAIR_NLL_s1,UPDATE_COMPARISON-ORIGIN-0039-origin3,ORIGIN,34,34,27,0.7941176470588235,0,14
qwen,INV_PAIR_NLL_s1,UPDATE_COMPARISON-ORIGIN-0040-origin0,ORIGIN,34,34,34,1.0,1,8
qwen,INV_PAIR_NLL_s1,UPDATE_COMPARISON-ORIGIN-0040-origin1,ORIGIN,34,34,32,0.9411764705882353,0,9
qwen,INV_PAIR_NLL_s1,UPDATE_COMPARISON-ORIGIN-0040-origin2,ORIGIN,34,34,34,1.0,1,15
qwen,INV_PAIR_NLL_s1,UPDATE_COMPARISON-ORIGIN-0040-origin3,ORIGIN,34,34,32,0.9411764705882353,0,11
qwen,INV_PAIR_NLL_s1,UPDATE_COMPARISON-ORIGIN-0041-origin0,ORIGIN,34,34,31,0.9117647058823529,0,8
qwen,INV_PAIR_NLL_s1,UPDATE_COMPARISON-ORIGIN-0041-origin1,ORIGIN,34,34,33,0.9705882352941176,0,12
qwen,INV_PAIR_NLL_s1,UPDATE_COMPARISON-ORIGIN-0041-origin2,ORIGIN,34,34,30,0.8823529411764706,0,14
qwen,INV_PAIR_NLL_s1,UPDATE_COMPARISON-ORIGIN-0041-origin3,ORIGIN,34,34,30,0.8823529411764706,0,13
qwen,INV_PAIR_NLL_s1,UPDATE_COMPARISON-ORIGIN-0042-origin0,ORIGIN,34,34,34,1.0,1,6
qwen,INV_PAIR_NLL_s1,UPDATE_COMPARISON-ORIGIN-0042-origin1,ORIGIN,34,34,33,0.9705882352941176,0,12
qwen,INV_PAIR_NLL_s1,UPDATE_COMPARISON-ORIGIN-0042-origin2,ORIGIN,34,34,34,1.0,1,11
qwen,INV_PAIR_NLL_s1,UPDATE_COMPARISON-ORIGIN-0042-origin3,ORIGIN,34,34,33,0.9705882352941176,0,13
qwen,INV_PAIR_NLL_s1,UPDATE_COMPARISON-ORIGIN-0043-origin0,ORIGIN,34,34,34,1.0,1,3
qwen,INV_PAIR_NLL_s1,UPDATE_COMPARISON-ORIGIN-0043-origin1,ORIGIN,34,34,34,1.0,1,10
qwen,INV_PAIR_NLL_s1,UPDATE_COMPARISON-ORIGIN-0043-origin2,ORIGIN,34,34,32,0.9411764705882353,0,13
qwen,INV_PAIR_NLL_s1,UPDATE_COMPARISON-ORIGIN-0043-origin3,ORIGIN,34,34,32,0.9411764705882353,0,17
qwen,INV_PAIR_NLL_s1,UPDATE_COMPARISON-ORIGIN-0044-origin0,ORIGIN,34,34,34,1.0,1,2
qwen,INV_PAIR_NLL_s1,UPDATE_COMPARISON-ORIGIN-0044-origin1,ORIGIN,34,34,34,1.0,1,8
qwen,INV_PAIR_NLL_s1,UPDATE_COMPARISON-ORIGIN-0044-origin2,ORIGIN,34,34,34,1.0,1,13
qwen,INV_PAIR_NLL_s1,UPDATE_COMPARISON-ORIGIN-0044-origin3,ORIGIN,34,34,34,1.0,1,14
qwen,INV_PAIR_NLL_s1,UPDATE_COMPARISON-ORIGIN-0045-origin0,ORIGIN,34,34,29,0.8529411764705882,0,5
qwen,INV_PAIR_NLL_s1,UPDATE_COMPARISON-ORIGIN-0045-origin1,ORIGIN,34,34,32,0.9411764705882353,0,5
qwen,INV_PAIR_NLL_s1,UPDATE_COMPARISON-ORIGIN-0045-origin2,ORIGIN,34,34,31,0.9117647058823529,0,13
qwen,INV_PAIR_NLL_s1,UPDATE_COMPARISON-ORIGIN-0045-origin3,ORIGIN,34,34,31,0.9117647058823529,0,13
qwen,INV_PAIR_NLL_s1,UPDATE_COMPARISON-ORIGIN-0046-origin0,ORIGIN,34,34,34,1.0,1,0
qwen,INV_PAIR_NLL_s1,UPDATE_COMPARISON-ORIGIN-0046-origin1,ORIGIN,34,34,34,1.0,1,5
qwen,INV_PAIR_NLL_s1,UPDATE_COMPARISON-ORIGIN-0046-origin2,ORIGIN,34,34,34,1.0,1,15
qwen,INV_PAIR_NLL_s1,UPDATE_COMPARISON-ORIGIN-0046-origin3,ORIGIN,34,34,34,1.0,1,17
qwen,INV_PAIR_NLL_s1,UPDATE_COMPARISON-ORIGIN-0047-origin0,ORIGIN,34,34,34,1.0,1,1
qwen,INV_PAIR_NLL_s1,UPDATE_COMPARISON-ORIGIN-0047-origin1,ORIGIN,34,34,34,1.0,1,6
qwen,INV_PAIR_NLL_s1,UPDATE_COMPARISON-ORIGIN-0047-origin2,ORIGIN,34,34,34,1.0,1,11
qwen,INV_PAIR_NLL_s1,UPDATE_COMPARISON-ORIGIN-0047-origin3,ORIGIN,34,34,34,1.0,1,10
qwen,INV_PAIR_NLL_s1,UPDATE_COMPARISON-ORIGIN-0048-origin0,ORIGIN,34,34,32,0.9411764705882353,0,7
qwen,INV_PAIR_NLL_s1,UPDATE_COMPARISON-ORIGIN-0048-origin1,ORIGIN,34,34,30,0.8823529411764706,0,11
qwen,INV_PAIR_NLL_s1,UPDATE_COMPARISON-ORIGIN-0048-origin2,ORIGIN,34,34,32,0.9411764705882353,0,16
qwen,INV_PAIR_NLL_s1,UPDATE_COMPARISON-ORIGIN-0048-origin3,ORIGIN,34,34,32,0.9411764705882353,0,16
qwen,INV_PAIR_NLL_s1,UPDATE_COMPARISON-ORIGIN-0049-origin0,ORIGIN,34,34,33,0.9705882352941176,0,4
qwen,INV_PAIR_NLL_s1,UPDATE_COMPARISON-ORIGIN-0049-origin1,ORIGIN,34,34,33,0.9705882352941176,0,8
qwen,INV_PAIR_NLL_s1,UPDATE_COMPARISON-ORIGIN-0049-origin2,ORIGIN,34,34,33,0.9705882352941176,0,10
qwen,INV_PAIR_NLL_s1,UPDATE_COMPARISON-ORIGIN-0049-origin3,ORIGIN,34,34,34,1.0,1,15
qwen,INV_PAIR_NLL_s1,UPDATE_COMPARISON-ORIGIN-0050-origin0,ORIGIN,34,34,34,1.0,1,7
qwen,INV_PAIR_NLL_s1,UPDATE_COMPARISON-ORIGIN-0050-origin1,ORIGIN,34,34,34,1.0,1,12
qwen,INV_PAIR_NLL_s1,UPDATE_COMPARISON-ORIGIN-0050-origin2,ORIGIN,34,34,33,0.9705882352941176,0,13
qwen,INV_PAIR_NLL_s1,UPDATE_COMPARISON-ORIGIN-0050-origin3,ORIGIN,34,34,33,0.9705882352941176,0,14
qwen,INV_PAIR_NLL_s1,UPDATE_COMPARISON-ORIGIN-0051-origin0,ORIGIN,34,34,29,0.8529411764705882,0,4
qwen,INV_PAIR_NLL_s1,UPDATE_COMPARISON-ORIGIN-0051-origin1,ORIGIN,34,34,31,0.9117647058823529,0,9
qwen,INV_PAIR_NLL_s1,UPDATE_COMPARISON-ORIGIN-0051-origin2,ORIGIN,34,34,30,0.8823529411764706,0,8
qwen,INV_PAIR_NLL_s1,UPDATE_COMPARISON-ORIGIN-0051-origin3,ORIGIN,34,34,27,0.7941176470588235,0,10
qwen,INV_PAIR_NLL_s1,UPDATE_COMPARISON-ORIGIN-0052-origin0,ORIGIN,34,34,34,1.0,1,1
qwen,INV_PAIR_NLL_s1,UPDATE_COMPARISON-ORIGIN-0052-origin1,ORIGIN,34,34,34,1.0,1,6
qwen,INV_PAIR_NLL_s1,UPDATE_COMPARISON-ORIGIN-0052-origin2,ORIGIN,34,34,34,1.0,1,10
qwen,INV_PAIR_NLL_s1,UPDATE_COMPARISON-ORIGIN-0052-origin3,ORIGIN,34,34,34,1.0,1,11
qwen,INV_PAIR_NLL_s1,UPDATE_COMPARISON-ORIGIN-0053-origin0,ORIGIN,34,34,33,0.9705882352941176,0,4
qwen,INV_PAIR_NLL_s1,UPDATE_COMPARISON-ORIGIN-0053-origin1,ORIGIN,34,34,34,1.0,1,11
qwen,INV_PAIR_NLL_s1,UPDATE_COMPARISON-ORIGIN-0053-origin2,ORIGIN,34,34,32,0.9411764705882353,0,13
qwen,INV_PAIR_NLL_s1,UPDATE_COMPARISON-ORIGIN-0053-origin3,ORIGIN,34,34,33,0.9705882352941176,0,17
qwen,INV_PAIR_NLL_s1,UPDATE_COMPARISON-ORIGIN-0054-origin0,ORIGIN,34,34,34,1.0,1,2
qwen,INV_PAIR_NLL_s1,UPDATE_COMPARISON-ORIGIN-0054-origin1,ORIGIN,34,34,34,1.0,1,7
qwen,INV_PAIR_NLL_s1,UPDATE_COMPARISON-ORIGIN-0054-origin2,ORIGIN,34,34,34,1.0,1,16
qwen,INV_PAIR_NLL_s1,UPDATE_COMPARISON-ORIGIN-0054-origin3,ORIGIN,34,34,34,1.0,1,18
qwen,INV_PAIR_NLL_s1,UPDATE_COMPARISON-ORIGIN-0055-origin0,ORIGIN,34,34,34,1.0,1,2
qwen,INV_PAIR_NLL_s1,UPDATE_COMPARISON-ORIGIN-0055-origin1,ORIGIN,34,34,34,1.0,1,8
qwen,INV_PAIR_NLL_s1,UPDATE_COMPARISON-ORIGIN-0055-origin2,ORIGIN,34,34,34,1.0,1,15
qwen,INV_PAIR_NLL_s1,UPDATE_COMPARISON-ORIGIN-0055-origin3,ORIGIN,34,34,34,1.0,1,15
qwen,INV_PAIR_NLL_s1,UPDATE_COMPARISON-ORIGIN-0056-origin0,ORIGIN,34,34,34,1.0,1,6
qwen,INV_PAIR_NLL_s1,UPDATE_COMPARISON-ORIGIN-0056-origin1,ORIGIN,34,34,34,1.0,1,13
qwen,INV_PAIR_NLL_s1,UPDATE_COMPARISON-ORIGIN-0056-origin2,ORIGIN,34,34,34,1.0,1,16
qwen,INV_PAIR_NLL_s1,UPDATE_COMPARISON-ORIGIN-0056-origin3,ORIGIN,34,34,34,1.0,1,18
qwen,INV_PAIR_NLL_s1,UPDATE_COMPARISON-ORIGIN-0057-origin0,ORIGIN,34,34,32,0.9411764705882353,0,6
qwen,INV_PAIR_NLL_s1,UPDATE_COMPARISON-ORIGIN-0057-origin1,ORIGIN,34,34,34,1.0,1,12
qwen,INV_PAIR_NLL_s1,UPDATE_COMPARISON-ORIGIN-0057-origin2,ORIGIN,34,34,32,0.9411764705882353,0,16
qwen,INV_PAIR_NLL_s1,UPDATE_COMPARISON-ORIGIN-0057-origin3,ORIGIN,34,34,33,0.9705882352941176,0,16
qwen,INV_PAIR_NLL_s1,UPDATE_COMPARISON-ORIGIN-0058-origin0,ORIGIN,34,34,32,0.9411764705882353,0,7
qwen,INV_PAIR_NLL_s1,UPDATE_COMPARISON-ORIGIN-0058-origin1,ORIGIN,34,34,34,1.0,1,12
qwen,INV_PAIR_NLL_s1,UPDATE_COMPARISON-ORIGIN-0058-origin2,ORIGIN,34,34,33,0.9705882352941176,0,15
qwen,INV_PAIR_NLL_s1,UPDATE_COMPARISON-ORIGIN-0058-origin3,ORIGIN,34,34,34,1.0,1,18
qwen,INV_PAIR_NLL_s1,UPDATE_COMPARISON-ORIGIN-0059-origin0,ORIGIN,34,34,34,1.0,1,0
qwen,INV_PAIR_NLL_s1,UPDATE_COMPARISON-ORIGIN-0059-origin1,ORIGIN,34,34,34,1.0,1,6
qwen,INV_PAIR_NLL_s1,UPDATE_COMPARISON-ORIGIN-0059-origin2,ORIGIN,34,34,33,0.9705882352941176,0,16
qwen,INV_PAIR_NLL_s1,UPDATE_COMPARISON-ORIGIN-0059-origin3,ORIGIN,34,34,34,1.0,1,11
qwen,INV_PAIR_NLL_s1,UPDATE_COMPARISON-ORIGIN-0060-origin0,ORIGIN,34,34,34,1.0,1,0
qwen,INV_PAIR_NLL_s1,UPDATE_COMPARISON-ORIGIN-0060-origin1,ORIGIN,34,34,34,1.0,1,12
qwen,INV_PAIR_NLL_s1,UPDATE_COMPARISON-ORIGIN-0060-origin2,ORIGIN,34,34,34,1.0,1,21
qwen,INV_PAIR_NLL_s1,UPDATE_COMPARISON-ORIGIN-0060-origin3,ORIGIN,34,34,34,1.0,1,25
qwen,INV_PAIR_NLL_s1,UPDATE_COMPARISON-ORIGIN-0061-origin0,ORIGIN,34,34,34,1.0,1,5
qwen,INV_PAIR_NLL_s1,UPDATE_COMPARISON-ORIGIN-0061-origin1,ORIGIN,34,34,34,1.0,1,13
qwen,INV_PAIR_NLL_s1,UPDATE_COMPARISON-ORIGIN-0061-origin2,ORIGIN,34,34,34,1.0,1,20
qwen,INV_PAIR_NLL_s1,UPDATE_COMPARISON-ORIGIN-0061-origin3,ORIGIN,34,34,34,1.0,1,24
qwen,INV_PAIR_NLL_s1,UPDATE_COMPARISON-ORIGIN-0062-origin0,ORIGIN,34,34,34,1.0,1,0
qwen,INV_PAIR_NLL_s1,UPDATE_COMPARISON-ORIGIN-0062-origin1,ORIGIN,34,34,34,1.0,1,11
qwen,INV_PAIR_NLL_s1,UPDATE_COMPARISON-ORIGIN-0062-origin2,ORIGIN,34,34,34,1.0,1,25
qwen,INV_PAIR_NLL_s1,UPDATE_COMPARISON-ORIGIN-0062-origin3,ORIGIN,34,34,34,1.0,1,23
qwen,INV_PAIR_NLL_s1,UPDATE_COMPARISON-ORIGIN-0063-origin0,ORIGIN,34,34,34,1.0,1,4
qwen,INV_PAIR_NLL_s1,UPDATE_COMPARISON-ORIGIN-0063-origin1,ORIGIN,34,34,34,1.0,1,10
qwen,INV_PAIR_NLL_s1,UPDATE_COMPARISON-ORIGIN-0063-origin2,ORIGIN,34,34,34,1.0,1,16
qwen,INV_PAIR_NLL_s1,UPDATE_COMPARISON-ORIGIN-0063-origin3,ORIGIN,34,34,33,0.9705882352941176,0,18
qwen,LATEST_ERRATUM,UPDATE_COMPARISON-ORIGIN-0000-origin0,ORIGIN,34,34,26,0.7647058823529411,0,8
qwen,LATEST_ERRATUM,UPDATE_COMPARISON-ORIGIN-0000-origin1,ORIGIN,34,34,23,0.6764705882352942,0,8
qwen,LATEST_ERRATUM,UPDATE_COMPARISON-ORIGIN-0000-origin2,ORIGIN,34,34,25,0.7352941176470589,0,17
qwen,LATEST_ERRATUM,UPDATE_COMPARISON-ORIGIN-0000-origin3,ORIGIN,34,34,23,0.6764705882352942,0,27
qwen,LATEST_ERRATUM,UPDATE_COMPARISON-ORIGIN-0001-origin0,ORIGIN,34,34,20,0.5882352941176471,0,4
qwen,LATEST_ERRATUM,UPDATE_COMPARISON-ORIGIN-0001-origin1,ORIGIN,34,34,20,0.5882352941176471,0,6
qwen,LATEST_ERRATUM,UPDATE_COMPARISON-ORIGIN-0001-origin2,ORIGIN,34,34,19,0.5588235294117647,0,16
qwen,LATEST_ERRATUM,UPDATE_COMPARISON-ORIGIN-0001-origin3,ORIGIN,34,34,19,0.5588235294117647,0,22
qwen,LATEST_ERRATUM,UPDATE_COMPARISON-ORIGIN-0002-origin0,ORIGIN,34,34,32,0.9411764705882353,0,9
qwen,LATEST_ERRATUM,UPDATE_COMPARISON-ORIGIN-0002-origin1,ORIGIN,34,34,29,0.8529411764705882,0,9
qwen,LATEST_ERRATUM,UPDATE_COMPARISON-ORIGIN-0002-origin2,ORIGIN,34,34,26,0.7647058823529411,0,13
qwen,LATEST_ERRATUM,UPDATE_COMPARISON-ORIGIN-0002-origin3,ORIGIN,34,34,26,0.7647058823529411,0,24
qwen,LATEST_ERRATUM,UPDATE_COMPARISON-ORIGIN-0003-origin0,ORIGIN,34,34,27,0.7941176470588235,0,5
qwen,LATEST_ERRATUM,UPDATE_COMPARISON-ORIGIN-0003-origin1,ORIGIN,34,34,24,0.7058823529411765,0,6
qwen,LATEST_ERRATUM,UPDATE_COMPARISON-ORIGIN-0003-origin2,ORIGIN,34,34,22,0.6470588235294118,0,13
qwen,LATEST_ERRATUM,UPDATE_COMPARISON-ORIGIN-0003-origin3,ORIGIN,34,34,21,0.6176470588235294,0,18
qwen,LATEST_ERRATUM,UPDATE_COMPARISON-ORIGIN-0004-origin0,ORIGIN,34,34,28,0.8235294117647058,0,4
qwen,LATEST_ERRATUM,UPDATE_COMPARISON-ORIGIN-0004-origin1,ORIGIN,34,34,26,0.7647058823529411,0,9
qwen,LATEST_ERRATUM,UPDATE_COMPARISON-ORIGIN-0004-origin2,ORIGIN,34,34,26,0.7647058823529411,0,12
qwen,LATEST_ERRATUM,UPDATE_COMPARISON-ORIGIN-0004-origin3,ORIGIN,34,34,24,0.7058823529411765,0,12
qwen,LATEST_ERRATUM,UPDATE_COMPARISON-ORIGIN-0005-origin0,ORIGIN,34,34,29,0.8529411764705882,0,3
qwen,LATEST_ERRATUM,UPDATE_COMPARISON-ORIGIN-0005-origin1,ORIGIN,34,34,28,0.8235294117647058,0,8
qwen,LATEST_ERRATUM,UPDATE_COMPARISON-ORIGIN-0005-origin2,ORIGIN,34,34,28,0.8235294117647058,0,13
qwen,LATEST_ERRATUM,UPDATE_COMPARISON-ORIGIN-0005-origin3,ORIGIN,34,34,28,0.8235294117647058,0,12
qwen,LATEST_ERRATUM,UPDATE_COMPARISON-ORIGIN-0006-origin0,ORIGIN,34,34,29,0.8529411764705882,0,1
qwen,LATEST_ERRATUM,UPDATE_COMPARISON-ORIGIN-0006-origin1,ORIGIN,34,34,28,0.8235294117647058,0,4
qwen,LATEST_ERRATUM,UPDATE_COMPARISON-ORIGIN-0006-origin2,ORIGIN,34,34,29,0.8529411764705882,0,13
qwen,LATEST_ERRATUM,UPDATE_COMPARISON-ORIGIN-0006-origin3,ORIGIN,34,34,29,0.8529411764705882,0,9
qwen,LATEST_ERRATUM,UPDATE_COMPARISON-ORIGIN-0007-origin0,ORIGIN,34,34,24,0.7058823529411765,0,15
qwen,LATEST_ERRATUM,UPDATE_COMPARISON-ORIGIN-0007-origin1,ORIGIN,34,34,26,0.7647058823529411,0,17
qwen,LATEST_ERRATUM,UPDATE_COMPARISON-ORIGIN-0007-origin2,ORIGIN,34,34,23,0.6764705882352942,0,7
qwen,LATEST_ERRATUM,UPDATE_COMPARISON-ORIGIN-0007-origin3,ORIGIN,34,34,20,0.5882352941176471,0,13
qwen,LATEST_ERRATUM,UPDATE_COMPARISON-ORIGIN-0008-origin0,ORIGIN,34,34,24,0.7058823529411765,0,7
qwen,LATEST_ERRATUM,UPDATE_COMPARISON-ORIGIN-0008-origin1,ORIGIN,34,34,25,0.7352941176470589,0,5
qwen,LATEST_ERRATUM,UPDATE_COMPARISON-ORIGIN-0008-origin2,ORIGIN,34,34,25,0.7352941176470589,0,10
qwen,LATEST_ERRATUM,UPDATE_COMPARISON-ORIGIN-0008-origin3,ORIGIN,34,34,25,0.7352941176470589,0,11
qwen,LATEST_ERRATUM,UPDATE_COMPARISON-ORIGIN-0009-origin0,ORIGIN,34,34,25,0.7352941176470589,0,9
qwen,LATEST_ERRATUM,UPDATE_COMPARISON-ORIGIN-0009-origin1,ORIGIN,34,34,26,0.7647058823529411,0,8
qwen,LATEST_ERRATUM,UPDATE_COMPARISON-ORIGIN-0009-origin2,ORIGIN,34,34,26,0.7647058823529411,0,3
qwen,LATEST_ERRATUM,UPDATE_COMPARISON-ORIGIN-0009-origin3,ORIGIN,34,34,26,0.7647058823529411,0,10
qwen,LATEST_ERRATUM,UPDATE_COMPARISON-ORIGIN-0010-origin0,ORIGIN,34,34,24,0.7058823529411765,0,3
qwen,LATEST_ERRATUM,UPDATE_COMPARISON-ORIGIN-0010-origin1,ORIGIN,34,34,26,0.7647058823529411,0,8
qwen,LATEST_ERRATUM,UPDATE_COMPARISON-ORIGIN-0010-origin2,ORIGIN,34,34,22,0.6470588235294118,0,10
qwen,LATEST_ERRATUM,UPDATE_COMPARISON-ORIGIN-0010-origin3,ORIGIN,34,34,24,0.7058823529411765,0,16
qwen,LATEST_ERRATUM,UPDATE_COMPARISON-ORIGIN-0011-origin0,ORIGIN,34,34,27,0.7941176470588235,0,4
qwen,LATEST_ERRATUM,UPDATE_COMPARISON-ORIGIN-0011-origin1,ORIGIN,34,34,27,0.7941176470588235,0,9
qwen,LATEST_ERRATUM,UPDATE_COMPARISON-ORIGIN-0011-origin2,ORIGIN,34,34,26,0.7647058823529411,0,8
qwen,LATEST_ERRATUM,UPDATE_COMPARISON-ORIGIN-0011-origin3,ORIGIN,34,34,25,0.7352941176470589,0,15
qwen,LATEST_ERRATUM,UPDATE_COMPARISON-ORIGIN-0012-origin0,ORIGIN,34,34,33,0.9705882352941176,0,2
qwen,LATEST_ERRATUM,UPDATE_COMPARISON-ORIGIN-0012-origin1,ORIGIN,34,34,32,0.9411764705882353,0,7
qwen,LATEST_ERRATUM,UPDATE_COMPARISON-ORIGIN-0012-origin2,ORIGIN,34,34,32,0.9411764705882353,0,11
qwen,LATEST_ERRATUM,UPDATE_COMPARISON-ORIGIN-0012-origin3,ORIGIN,34,34,28,0.8235294117647058,0,16
qwen,LATEST_ERRATUM,UPDATE_COMPARISON-ORIGIN-0013-origin0,ORIGIN,34,34,31,0.9117647058823529,0,4
qwen,LATEST_ERRATUM,UPDATE_COMPARISON-ORIGIN-0013-origin1,ORIGIN,34,34,30,0.8823529411764706,0,7
qwen,LATEST_ERRATUM,UPDATE_COMPARISON-ORIGIN-0013-origin2,ORIGIN,34,34,31,0.9117647058823529,0,10
qwen,LATEST_ERRATUM,UPDATE_COMPARISON-ORIGIN-0013-origin3,ORIGIN,34,34,29,0.8529411764705882,0,10
qwen,LATEST_ERRATUM,UPDATE_COMPARISON-ORIGIN-0014-origin0,ORIGIN,34,34,31,0.9117647058823529,0,3
qwen,LATEST_ERRATUM,UPDATE_COMPARISON-ORIGIN-0014-origin1,ORIGIN,34,34,29,0.8529411764705882,0,11
qwen,LATEST_ERRATUM,UPDATE_COMPARISON-ORIGIN-0014-origin2,ORIGIN,34,34,31,0.9117647058823529,0,13
qwen,LATEST_ERRATUM,UPDATE_COMPARISON-ORIGIN-0014-origin3,ORIGIN,34,34,29,0.8529411764705882,0,14
qwen,LATEST_ERRATUM,UPDATE_COMPARISON-ORIGIN-0015-origin0,ORIGIN,34,34,30,0.8823529411764706,0,7
qwen,LATEST_ERRATUM,UPDATE_COMPARISON-ORIGIN-0015-origin1,ORIGIN,34,34,29,0.8529411764705882,0,12
qwen,LATEST_ERRATUM,UPDATE_COMPARISON-ORIGIN-0015-origin2,ORIGIN,34,34,27,0.7941176470588235,0,13
qwen,LATEST_ERRATUM,UPDATE_COMPARISON-ORIGIN-0015-origin3,ORIGIN,34,34,24,0.7058823529411765,0,17
qwen,LATEST_ERRATUM,UPDATE_COMPARISON-ORIGIN-0016-origin0,ORIGIN,34,34,28,0.8235294117647058,0,3
qwen,LATEST_ERRATUM,UPDATE_COMPARISON-ORIGIN-0016-origin1,ORIGIN,34,34,24,0.7058823529411765,0,6
qwen,LATEST_ERRATUM,UPDATE_COMPARISON-ORIGIN-0016-origin2,ORIGIN,34,34,30,0.8823529411764706,0,9
qwen,LATEST_ERRATUM,UPDATE_COMPARISON-ORIGIN-0016-origin3,ORIGIN,34,34,28,0.8235294117647058,0,13
qwen,LATEST_ERRATUM,UPDATE_COMPARISON-ORIGIN-0017-origin0,ORIGIN,34,34,28,0.8235294117647058,0,0
qwen,LATEST_ERRATUM,UPDATE_COMPARISON-ORIGIN-0017-origin1,ORIGIN,34,34,28,0.8235294117647058,0,5
qwen,LATEST_ERRATUM,UPDATE_COMPARISON-ORIGIN-0017-origin2,ORIGIN,34,34,27,0.7941176470588235,0,7
qwen,LATEST_ERRATUM,UPDATE_COMPARISON-ORIGIN-0017-origin3,ORIGIN,34,34,26,0.7647058823529411,0,14
qwen,LATEST_ERRATUM,UPDATE_COMPARISON-ORIGIN-0018-origin0,ORIGIN,34,34,27,0.7941176470588235,0,3
qwen,LATEST_ERRATUM,UPDATE_COMPARISON-ORIGIN-0018-origin1,ORIGIN,34,34,29,0.8529411764705882,0,10
qwen,LATEST_ERRATUM,UPDATE_COMPARISON-ORIGIN-0018-origin2,ORIGIN,34,34,27,0.7941176470588235,0,10
qwen,LATEST_ERRATUM,UPDATE_COMPARISON-ORIGIN-0018-origin3,ORIGIN,34,34,28,0.8235294117647058,0,16
qwen,LATEST_ERRATUM,UPDATE_COMPARISON-ORIGIN-0019-origin0,ORIGIN,34,34,30,0.8823529411764706,0,5
qwen,LATEST_ERRATUM,UPDATE_COMPARISON-ORIGIN-0019-origin1,ORIGIN,34,34,30,0.8823529411764706,0,12
qwen,LATEST_ERRATUM,UPDATE_COMPARISON-ORIGIN-0019-origin2,ORIGIN,34,34,29,0.8529411764705882,0,7
qwen,LATEST_ERRATUM,UPDATE_COMPARISON-ORIGIN-0019-origin3,ORIGIN,34,34,28,0.8235294117647058,0,9
qwen,LATEST_ERRATUM,UPDATE_COMPARISON-ORIGIN-0020-origin0,ORIGIN,34,34,31,0.9117647058823529,0,4
qwen,LATEST_ERRATUM,UPDATE_COMPARISON-ORIGIN-0020-origin1,ORIGIN,34,34,29,0.8529411764705882,0,13
qwen,LATEST_ERRATUM,UPDATE_COMPARISON-ORIGIN-0020-origin2,ORIGIN,34,34,25,0.7352941176470589,0,6
qwen,LATEST_ERRATUM,UPDATE_COMPARISON-ORIGIN-0020-origin3,ORIGIN,34,34,28,0.8235294117647058,0,14
qwen,LATEST_ERRATUM,UPDATE_COMPARISON-ORIGIN-0021-origin0,ORIGIN,34,34,31,0.9117647058823529,0,9
qwen,LATEST_ERRATUM,UPDATE_COMPARISON-ORIGIN-0021-origin1,ORIGIN,34,34,28,0.8235294117647058,0,14
qwen,LATEST_ERRATUM,UPDATE_COMPARISON-ORIGIN-0021-origin2,ORIGIN,34,34,28,0.8235294117647058,0,12
qwen,LATEST_ERRATUM,UPDATE_COMPARISON-ORIGIN-0021-origin3,ORIGIN,34,34,27,0.7941176470588235,0,14
qwen,LATEST_ERRATUM,UPDATE_COMPARISON-ORIGIN-0022-origin0,ORIGIN,34,34,32,0.9411764705882353,0,1
qwen,LATEST_ERRATUM,UPDATE_COMPARISON-ORIGIN-0022-origin1,ORIGIN,34,34,29,0.8529411764705882,0,8
qwen,LATEST_ERRATUM,UPDATE_COMPARISON-ORIGIN-0022-origin2,ORIGIN,34,34,29,0.8529411764705882,0,13
qwen,LATEST_ERRATUM,UPDATE_COMPARISON-ORIGIN-0022-origin3,ORIGIN,34,34,27,0.7941176470588235,0,16
qwen,LATEST_ERRATUM,UPDATE_COMPARISON-ORIGIN-0023-origin0,ORIGIN,34,34,33,0.9705882352941176,0,2
qwen,LATEST_ERRATUM,UPDATE_COMPARISON-ORIGIN-0023-origin1,ORIGIN,34,34,31,0.9117647058823529,0,12
qwen,LATEST_ERRATUM,UPDATE_COMPARISON-ORIGIN-0023-origin2,ORIGIN,34,34,31,0.9117647058823529,0,11
qwen,LATEST_ERRATUM,UPDATE_COMPARISON-ORIGIN-0023-origin3,ORIGIN,34,34,28,0.8235294117647058,0,16
qwen,LATEST_ERRATUM,UPDATE_COMPARISON-ORIGIN-0024-origin0,ORIGIN,34,34,30,0.8823529411764706,0,1
qwen,LATEST_ERRATUM,UPDATE_COMPARISON-ORIGIN-0024-origin1,ORIGIN,34,34,25,0.7352941176470589,0,3
qwen,LATEST_ERRATUM,UPDATE_COMPARISON-ORIGIN-0024-origin2,ORIGIN,34,34,29,0.8529411764705882,0,21
qwen,LATEST_ERRATUM,UPDATE_COMPARISON-ORIGIN-0024-origin3,ORIGIN,34,34,28,0.8235294117647058,0,19
qwen,LATEST_ERRATUM,UPDATE_COMPARISON-ORIGIN-0025-origin0,ORIGIN,34,34,32,0.9411764705882353,0,0
qwen,LATEST_ERRATUM,UPDATE_COMPARISON-ORIGIN-0025-origin1,ORIGIN,34,34,30,0.8823529411764706,0,7
qwen,LATEST_ERRATUM,UPDATE_COMPARISON-ORIGIN-0025-origin2,ORIGIN,34,34,32,0.9411764705882353,0,18
qwen,LATEST_ERRATUM,UPDATE_COMPARISON-ORIGIN-0025-origin3,ORIGIN,34,34,31,0.9117647058823529,0,17
qwen,LATEST_ERRATUM,UPDATE_COMPARISON-ORIGIN-0026-origin0,ORIGIN,34,34,28,0.8235294117647058,0,6
qwen,LATEST_ERRATUM,UPDATE_COMPARISON-ORIGIN-0026-origin1,ORIGIN,34,34,26,0.7647058823529411,0,3
qwen,LATEST_ERRATUM,UPDATE_COMPARISON-ORIGIN-0026-origin2,ORIGIN,34,34,29,0.8529411764705882,0,15
qwen,LATEST_ERRATUM,UPDATE_COMPARISON-ORIGIN-0026-origin3,ORIGIN,34,34,28,0.8235294117647058,0,16
qwen,LATEST_ERRATUM,UPDATE_COMPARISON-ORIGIN-0027-origin0,ORIGIN,34,34,27,0.7941176470588235,0,4
qwen,LATEST_ERRATUM,UPDATE_COMPARISON-ORIGIN-0027-origin1,ORIGIN,34,34,28,0.8235294117647058,0,8
qwen,LATEST_ERRATUM,UPDATE_COMPARISON-ORIGIN-0027-origin2,ORIGIN,34,34,26,0.7647058823529411,0,17
qwen,LATEST_ERRATUM,UPDATE_COMPARISON-ORIGIN-0027-origin3,ORIGIN,34,34,27,0.7941176470588235,0,20
qwen,LATEST_ERRATUM,UPDATE_COMPARISON-ORIGIN-0028-origin0,ORIGIN,34,34,34,1.0,1,2
qwen,LATEST_ERRATUM,UPDATE_COMPARISON-ORIGIN-0028-origin1,ORIGIN,34,34,32,0.9411764705882353,0,11
qwen,LATEST_ERRATUM,UPDATE_COMPARISON-ORIGIN-0028-origin2,ORIGIN,34,34,28,0.8235294117647058,0,18
qwen,LATEST_ERRATUM,UPDATE_COMPARISON-ORIGIN-0028-origin3,ORIGIN,34,34,29,0.8529411764705882,0,29
qwen,LATEST_ERRATUM,UPDATE_COMPARISON-ORIGIN-0029-origin0,ORIGIN,34,34,34,1.0,1,0
qwen,LATEST_ERRATUM,UPDATE_COMPARISON-ORIGIN-0029-origin1,ORIGIN,34,34,34,1.0,1,0
qwen,LATEST_ERRATUM,UPDATE_COMPARISON-ORIGIN-0029-origin2,ORIGIN,34,34,34,1.0,1,17
qwen,LATEST_ERRATUM,UPDATE_COMPARISON-ORIGIN-0029-origin3,ORIGIN,34,34,34,1.0,1,20
qwen,LATEST_ERRATUM,UPDATE_COMPARISON-ORIGIN-0030-origin0,ORIGIN,34,34,34,1.0,1,1
qwen,LATEST_ERRATUM,UPDATE_COMPARISON-ORIGIN-0030-origin1,ORIGIN,34,34,34,1.0,1,8
qwen,LATEST_ERRATUM,UPDATE_COMPARISON-ORIGIN-0030-origin2,ORIGIN,34,34,32,0.9411764705882353,0,14
qwen,LATEST_ERRATUM,UPDATE_COMPARISON-ORIGIN-0030-origin3,ORIGIN,34,34,34,1.0,1,19
qwen,LATEST_ERRATUM,UPDATE_COMPARISON-ORIGIN-0031-origin0,ORIGIN,34,34,32,0.9411764705882353,0,4
qwen,LATEST_ERRATUM,UPDATE_COMPARISON-ORIGIN-0031-origin1,ORIGIN,34,34,32,0.9411764705882353,0,9
qwen,LATEST_ERRATUM,UPDATE_COMPARISON-ORIGIN-0031-origin2,ORIGIN,34,34,30,0.8823529411764706,0,30
qwen,LATEST_ERRATUM,UPDATE_COMPARISON-ORIGIN-0031-origin3,ORIGIN,34,34,30,0.8823529411764706,0,30
qwen,LATEST_ERRATUM,UPDATE_COMPARISON-ORIGIN-0032-origin0,ORIGIN,34,34,28,0.8235294117647058,0,4
qwen,LATEST_ERRATUM,UPDATE_COMPARISON-ORIGIN-0032-origin1,ORIGIN,34,34,27,0.7941176470588235,0,9
qwen,LATEST_ERRATUM,UPDATE_COMPARISON-ORIGIN-0032-origin2,ORIGIN,34,34,25,0.7352941176470589,0,21
qwen,LATEST_ERRATUM,UPDATE_COMPARISON-ORIGIN-0032-origin3,ORIGIN,34,34,26,0.7647058823529411,0,30
qwen,LATEST_ERRATUM,UPDATE_COMPARISON-ORIGIN-0033-origin0,ORIGIN,34,34,30,0.8823529411764706,0,6
qwen,LATEST_ERRATUM,UPDATE_COMPARISON-ORIGIN-0033-origin1,ORIGIN,34,34,30,0.8823529411764706,0,4
qwen,LATEST_ERRATUM,UPDATE_COMPARISON-ORIGIN-0033-origin2,ORIGIN,34,34,22,0.6470588235294118,0,14
qwen,LATEST_ERRATUM,UPDATE_COMPARISON-ORIGIN-0033-origin3,ORIGIN,34,34,22,0.6470588235294118,0,21
qwen,LATEST_ERRATUM,UPDATE_COMPARISON-ORIGIN-0034-origin0,ORIGIN,34,34,26,0.7647058823529411,0,7
qwen,LATEST_ERRATUM,UPDATE_COMPARISON-ORIGIN-0034-origin1,ORIGIN,34,34,24,0.7058823529411765,0,5
qwen,LATEST_ERRATUM,UPDATE_COMPARISON-ORIGIN-0034-origin2,ORIGIN,34,34,24,0.7058823529411765,0,10
qwen,LATEST_ERRATUM,UPDATE_COMPARISON-ORIGIN-0034-origin3,ORIGIN,34,34,24,0.7058823529411765,0,19
qwen,LATEST_ERRATUM,UPDATE_COMPARISON-ORIGIN-0035-origin0,ORIGIN,34,34,24,0.7058823529411765,0,9
qwen,LATEST_ERRATUM,UPDATE_COMPARISON-ORIGIN-0035-origin1,ORIGIN,34,34,24,0.7058823529411765,0,8
qwen,LATEST_ERRATUM,UPDATE_COMPARISON-ORIGIN-0035-origin2,ORIGIN,34,34,20,0.5882352941176471,0,21
qwen,LATEST_ERRATUM,UPDATE_COMPARISON-ORIGIN-0035-origin3,ORIGIN,34,34,20,0.5882352941176471,0,24
qwen,LATEST_ERRATUM,UPDATE_COMPARISON-ORIGIN-0036-origin0,ORIGIN,34,34,29,0.8529411764705882,0,12
qwen,LATEST_ERRATUM,UPDATE_COMPARISON-ORIGIN-0036-origin1,ORIGIN,34,34,31,0.9117647058823529,0,12
qwen,LATEST_ERRATUM,UPDATE_COMPARISON-ORIGIN-0036-origin2,ORIGIN,34,34,30,0.8823529411764706,0,16
qwen,LATEST_ERRATUM,UPDATE_COMPARISON-ORIGIN-0036-origin3,ORIGIN,34,34,30,0.8823529411764706,0,15
qwen,LATEST_ERRATUM,UPDATE_COMPARISON-ORIGIN-0037-origin0,ORIGIN,34,34,29,0.8529411764705882,0,6
qwen,LATEST_ERRATUM,UPDATE_COMPARISON-ORIGIN-0037-origin1,ORIGIN,34,34,25,0.7352941176470589,0,5
qwen,LATEST_ERRATUM,UPDATE_COMPARISON-ORIGIN-0037-origin2,ORIGIN,34,34,28,0.8235294117647058,0,18
qwen,LATEST_ERRATUM,UPDATE_COMPARISON-ORIGIN-0037-origin3,ORIGIN,34,34,28,0.8235294117647058,0,15
qwen,LATEST_ERRATUM,UPDATE_COMPARISON-ORIGIN-0038-origin0,ORIGIN,34,34,27,0.7941176470588235,0,8
qwen,LATEST_ERRATUM,UPDATE_COMPARISON-ORIGIN-0038-origin1,ORIGIN,34,34,27,0.7941176470588235,0,15
qwen,LATEST_ERRATUM,UPDATE_COMPARISON-ORIGIN-0038-origin2,ORIGIN,34,34,28,0.8235294117647058,0,15
qwen,LATEST_ERRATUM,UPDATE_COMPARISON-ORIGIN-0038-origin3,ORIGIN,34,34,26,0.7647058823529411,0,15
qwen,LATEST_ERRATUM,UPDATE_COMPARISON-ORIGIN-0039-origin0,ORIGIN,34,34,30,0.8823529411764706,0,6
qwen,LATEST_ERRATUM,UPDATE_COMPARISON-ORIGIN-0039-origin1,ORIGIN,34,34,28,0.8235294117647058,0,12
qwen,LATEST_ERRATUM,UPDATE_COMPARISON-ORIGIN-0039-origin2,ORIGIN,34,34,26,0.7647058823529411,0,12
qwen,LATEST_ERRATUM,UPDATE_COMPARISON-ORIGIN-0039-origin3,ORIGIN,34,34,26,0.7647058823529411,0,17
qwen,LATEST_ERRATUM,UPDATE_COMPARISON-ORIGIN-0040-origin0,ORIGIN,34,34,27,0.7941176470588235,0,3
qwen,LATEST_ERRATUM,UPDATE_COMPARISON-ORIGIN-0040-origin1,ORIGIN,34,34,26,0.7647058823529411,0,7
qwen,LATEST_ERRATUM,UPDATE_COMPARISON-ORIGIN-0040-origin2,ORIGIN,34,34,26,0.7647058823529411,0,13
qwen,LATEST_ERRATUM,UPDATE_COMPARISON-ORIGIN-0040-origin3,ORIGIN,34,34,26,0.7647058823529411,0,11
qwen,LATEST_ERRATUM,UPDATE_COMPARISON-ORIGIN-0041-origin0,ORIGIN,34,34,24,0.7058823529411765,0,7
qwen,LATEST_ERRATUM,UPDATE_COMPARISON-ORIGIN-0041-origin1,ORIGIN,34,34,22,0.6470588235294118,0,7
qwen,LATEST_ERRATUM,UPDATE_COMPARISON-ORIGIN-0041-origin2,ORIGIN,34,34,23,0.6764705882352942,0,13
qwen,LATEST_ERRATUM,UPDATE_COMPARISON-ORIGIN-0041-origin3,ORIGIN,34,34,24,0.7058823529411765,0,13
qwen,LATEST_ERRATUM,UPDATE_COMPARISON-ORIGIN-0042-origin0,ORIGIN,34,34,27,0.7941176470588235,0,1
qwen,LATEST_ERRATUM,UPDATE_COMPARISON-ORIGIN-0042-origin1,ORIGIN,34,34,27,0.7941176470588235,0,6
qwen,LATEST_ERRATUM,UPDATE_COMPARISON-ORIGIN-0042-origin2,ORIGIN,34,34,25,0.7352941176470589,0,10
qwen,LATEST_ERRATUM,UPDATE_COMPARISON-ORIGIN-0042-origin3,ORIGIN,34,34,25,0.7352941176470589,0,19
qwen,LATEST_ERRATUM,UPDATE_COMPARISON-ORIGIN-0043-origin0,ORIGIN,34,34,29,0.8529411764705882,0,2
qwen,LATEST_ERRATUM,UPDATE_COMPARISON-ORIGIN-0043-origin1,ORIGIN,34,34,29,0.8529411764705882,0,7
qwen,LATEST_ERRATUM,UPDATE_COMPARISON-ORIGIN-0043-origin2,ORIGIN,34,34,25,0.7352941176470589,0,6
qwen,LATEST_ERRATUM,UPDATE_COMPARISON-ORIGIN-0043-origin3,ORIGIN,34,34,25,0.7352941176470589,0,16
qwen,LATEST_ERRATUM,UPDATE_COMPARISON-ORIGIN-0044-origin0,ORIGIN,34,34,33,0.9705882352941176,0,1
qwen,LATEST_ERRATUM,UPDATE_COMPARISON-ORIGIN-0044-origin1,ORIGIN,34,34,32,0.9411764705882353,0,8
qwen,LATEST_ERRATUM,UPDATE_COMPARISON-ORIGIN-0044-origin2,ORIGIN,34,34,30,0.8823529411764706,0,11
qwen,LATEST_ERRATUM,UPDATE_COMPARISON-ORIGIN-0044-origin3,ORIGIN,34,34,29,0.8529411764705882,0,11
qwen,LATEST_ERRATUM,UPDATE_COMPARISON-ORIGIN-0045-origin0,ORIGIN,34,34,33,0.9705882352941176,0,1
qwen,LATEST_ERRATUM,UPDATE_COMPARISON-ORIGIN-0045-origin1,ORIGIN,34,34,32,0.9411764705882353,0,7
qwen,LATEST_ERRATUM,UPDATE_COMPARISON-ORIGIN-0045-origin2,ORIGIN,34,34,32,0.9411764705882353,0,10
qwen,LATEST_ERRATUM,UPDATE_COMPARISON-ORIGIN-0045-origin3,ORIGIN,34,34,29,0.8529411764705882,0,11
qwen,LATEST_ERRATUM,UPDATE_COMPARISON-ORIGIN-0046-origin0,ORIGIN,34,34,32,0.9411764705882353,0,2
qwen,LATEST_ERRATUM,UPDATE_COMPARISON-ORIGIN-0046-origin1,ORIGIN,34,34,30,0.8823529411764706,0,7
qwen,LATEST_ERRATUM,UPDATE_COMPARISON-ORIGIN-0046-origin2,ORIGIN,34,34,31,0.9117647058823529,0,12
qwen,LATEST_ERRATUM,UPDATE_COMPARISON-ORIGIN-0046-origin3,ORIGIN,34,34,30,0.8823529411764706,0,13
qwen,LATEST_ERRATUM,UPDATE_COMPARISON-ORIGIN-0047-origin0,ORIGIN,34,34,33,0.9705882352941176,0,0
qwen,LATEST_ERRATUM,UPDATE_COMPARISON-ORIGIN-0047-origin1,ORIGIN,34,34,33,0.9705882352941176,0,5
qwen,LATEST_ERRATUM,UPDATE_COMPARISON-ORIGIN-0047-origin2,ORIGIN,34,34,33,0.9705882352941176,0,10
qwen,LATEST_ERRATUM,UPDATE_COMPARISON-ORIGIN-0047-origin3,ORIGIN,34,34,31,0.9117647058823529,0,7
qwen,LATEST_ERRATUM,UPDATE_COMPARISON-ORIGIN-0048-origin0,ORIGIN,34,34,26,0.7647058823529411,0,5
qwen,LATEST_ERRATUM,UPDATE_COMPARISON-ORIGIN-0048-origin1,ORIGIN,34,34,25,0.7352941176470589,0,8
qwen,LATEST_ERRATUM,UPDATE_COMPARISON-ORIGIN-0048-origin2,ORIGIN,34,34,24,0.7058823529411765,0,12
qwen,LATEST_ERRATUM,UPDATE_COMPARISON-ORIGIN-0048-origin3,ORIGIN,34,34,24,0.7058823529411765,0,12
qwen,LATEST_ERRATUM,UPDATE_COMPARISON-ORIGIN-0049-origin0,ORIGIN,34,34,28,0.8235294117647058,0,5
qwen,LATEST_ERRATUM,UPDATE_COMPARISON-ORIGIN-0049-origin1,ORIGIN,34,34,26,0.7647058823529411,0,7
qwen,LATEST_ERRATUM,UPDATE_COMPARISON-ORIGIN-0049-origin2,ORIGIN,34,34,23,0.6764705882352942,0,10
qwen,LATEST_ERRATUM,UPDATE_COMPARISON-ORIGIN-0049-origin3,ORIGIN,34,34,25,0.7352941176470589,0,12
qwen,LATEST_ERRATUM,UPDATE_COMPARISON-ORIGIN-0050-origin0,ORIGIN,34,34,25,0.7352941176470589,0,8
qwen,LATEST_ERRATUM,UPDATE_COMPARISON-ORIGIN-0050-origin1,ORIGIN,34,34,23,0.6764705882352942,0,13
qwen,LATEST_ERRATUM,UPDATE_COMPARISON-ORIGIN-0050-origin2,ORIGIN,34,34,23,0.6764705882352942,0,9
qwen,LATEST_ERRATUM,UPDATE_COMPARISON-ORIGIN-0050-origin3,ORIGIN,34,34,21,0.6176470588235294,0,16
qwen,LATEST_ERRATUM,UPDATE_COMPARISON-ORIGIN-0051-origin0,ORIGIN,34,34,25,0.7352941176470589,0,4
qwen,LATEST_ERRATUM,UPDATE_COMPARISON-ORIGIN-0051-origin1,ORIGIN,34,34,27,0.7941176470588235,0,7
qwen,LATEST_ERRATUM,UPDATE_COMPARISON-ORIGIN-0051-origin2,ORIGIN,34,34,27,0.7941176470588235,0,9
qwen,LATEST_ERRATUM,UPDATE_COMPARISON-ORIGIN-0051-origin3,ORIGIN,34,34,27,0.7941176470588235,0,16
qwen,LATEST_ERRATUM,UPDATE_COMPARISON-ORIGIN-0052-origin0,ORIGIN,34,34,32,0.9411764705882353,0,3
qwen,LATEST_ERRATUM,UPDATE_COMPARISON-ORIGIN-0052-origin1,ORIGIN,34,34,31,0.9117647058823529,0,7
qwen,LATEST_ERRATUM,UPDATE_COMPARISON-ORIGIN-0052-origin2,ORIGIN,34,34,28,0.8235294117647058,0,8
qwen,LATEST_ERRATUM,UPDATE_COMPARISON-ORIGIN-0052-origin3,ORIGIN,34,34,27,0.7941176470588235,0,8
qwen,LATEST_ERRATUM,UPDATE_COMPARISON-ORIGIN-0053-origin0,ORIGIN,34,34,31,0.9117647058823529,0,2
qwen,LATEST_ERRATUM,UPDATE_COMPARISON-ORIGIN-0053-origin1,ORIGIN,34,34,29,0.8529411764705882,0,8
qwen,LATEST_ERRATUM,UPDATE_COMPARISON-ORIGIN-0053-origin2,ORIGIN,34,34,28,0.8235294117647058,0,9
qwen,LATEST_ERRATUM,UPDATE_COMPARISON-ORIGIN-0053-origin3,ORIGIN,34,34,28,0.8235294117647058,0,12
qwen,LATEST_ERRATUM,UPDATE_COMPARISON-ORIGIN-0054-origin0,ORIGIN,34,34,32,0.9411764705882353,0,2
qwen,LATEST_ERRATUM,UPDATE_COMPARISON-ORIGIN-0054-origin1,ORIGIN,34,34,30,0.8823529411764706,0,7
qwen,LATEST_ERRATUM,UPDATE_COMPARISON-ORIGIN-0054-origin2,ORIGIN,34,34,31,0.9117647058823529,0,13
qwen,LATEST_ERRATUM,UPDATE_COMPARISON-ORIGIN-0054-origin3,ORIGIN,34,34,27,0.7941176470588235,0,13
qwen,LATEST_ERRATUM,UPDATE_COMPARISON-ORIGIN-0055-origin0,ORIGIN,34,34,30,0.8823529411764706,0,2
qwen,LATEST_ERRATUM,UPDATE_COMPARISON-ORIGIN-0055-origin1,ORIGIN,34,34,30,0.8823529411764706,0,6
qwen,LATEST_ERRATUM,UPDATE_COMPARISON-ORIGIN-0055-origin2,ORIGIN,34,34,29,0.8529411764705882,0,12
qwen,LATEST_ERRATUM,UPDATE_COMPARISON-ORIGIN-0055-origin3,ORIGIN,34,34,28,0.8235294117647058,0,11
qwen,LATEST_ERRATUM,UPDATE_COMPARISON-ORIGIN-0056-origin0,ORIGIN,34,34,22,0.6470588235294118,0,10
qwen,LATEST_ERRATUM,UPDATE_COMPARISON-ORIGIN-0056-origin1,ORIGIN,34,34,22,0.6470588235294118,0,7
qwen,LATEST_ERRATUM,UPDATE_COMPARISON-ORIGIN-0056-origin2,ORIGIN,34,34,24,0.7058823529411765,0,26
qwen,LATEST_ERRATUM,UPDATE_COMPARISON-ORIGIN-0056-origin3,ORIGIN,34,34,23,0.6764705882352942,0,21
qwen,LATEST_ERRATUM,UPDATE_COMPARISON-ORIGIN-0057-origin0,ORIGIN,34,34,31,0.9117647058823529,0,1
qwen,LATEST_ERRATUM,UPDATE_COMPARISON-ORIGIN-0057-origin1,ORIGIN,34,34,31,0.9117647058823529,0,9
qwen,LATEST_ERRATUM,UPDATE_COMPARISON-ORIGIN-0057-origin2,ORIGIN,34,34,30,0.8823529411764706,0,18
qwen,LATEST_ERRATUM,UPDATE_COMPARISON-ORIGIN-0057-origin3,ORIGIN,34,34,30,0.8823529411764706,0,17
qwen,LATEST_ERRATUM,UPDATE_COMPARISON-ORIGIN-0058-origin0,ORIGIN,34,34,31,0.9117647058823529,0,8
qwen,LATEST_ERRATUM,UPDATE_COMPARISON-ORIGIN-0058-origin1,ORIGIN,34,34,29,0.8529411764705882,0,7
qwen,LATEST_ERRATUM,UPDATE_COMPARISON-ORIGIN-0058-origin2,ORIGIN,34,34,25,0.7352941176470589,0,15
qwen,LATEST_ERRATUM,UPDATE_COMPARISON-ORIGIN-0058-origin3,ORIGIN,34,34,22,0.6470588235294118,0,14
qwen,LATEST_ERRATUM,UPDATE_COMPARISON-ORIGIN-0059-origin0,ORIGIN,34,34,32,0.9411764705882353,0,2
qwen,LATEST_ERRATUM,UPDATE_COMPARISON-ORIGIN-0059-origin1,ORIGIN,34,34,30,0.8823529411764706,0,6
qwen,LATEST_ERRATUM,UPDATE_COMPARISON-ORIGIN-0059-origin2,ORIGIN,34,34,31,0.9117647058823529,0,18
qwen,LATEST_ERRATUM,UPDATE_COMPARISON-ORIGIN-0059-origin3,ORIGIN,34,34,31,0.9117647058823529,0,14
qwen,LATEST_ERRATUM,UPDATE_COMPARISON-ORIGIN-0060-origin0,ORIGIN,34,34,34,1.0,1,0
qwen,LATEST_ERRATUM,UPDATE_COMPARISON-ORIGIN-0060-origin1,ORIGIN,34,34,32,0.9411764705882353,0,14
qwen,LATEST_ERRATUM,UPDATE_COMPARISON-ORIGIN-0060-origin2,ORIGIN,34,34,31,0.9117647058823529,0,18
qwen,LATEST_ERRATUM,UPDATE_COMPARISON-ORIGIN-0060-origin3,ORIGIN,34,34,31,0.9117647058823529,0,24
qwen,LATEST_ERRATUM,UPDATE_COMPARISON-ORIGIN-0061-origin0,ORIGIN,34,34,32,0.9411764705882353,0,7
qwen,LATEST_ERRATUM,UPDATE_COMPARISON-ORIGIN-0061-origin1,ORIGIN,34,34,32,0.9411764705882353,0,13
qwen,LATEST_ERRATUM,UPDATE_COMPARISON-ORIGIN-0061-origin2,ORIGIN,34,34,33,0.9705882352941176,0,21
qwen,LATEST_ERRATUM,UPDATE_COMPARISON-ORIGIN-0061-origin3,ORIGIN,34,34,33,0.9705882352941176,0,25
qwen,LATEST_ERRATUM,UPDATE_COMPARISON-ORIGIN-0062-origin0,ORIGIN,34,34,32,0.9411764705882353,0,2
qwen,LATEST_ERRATUM,UPDATE_COMPARISON-ORIGIN-0062-origin1,ORIGIN,34,34,31,0.9117647058823529,0,10
qwen,LATEST_ERRATUM,UPDATE_COMPARISON-ORIGIN-0062-origin2,ORIGIN,34,34,28,0.8235294117647058,0,23
qwen,LATEST_ERRATUM,UPDATE_COMPARISON-ORIGIN-0062-origin3,ORIGIN,34,34,29,0.8529411764705882,0,24
qwen,LATEST_ERRATUM,UPDATE_COMPARISON-ORIGIN-0063-origin0,ORIGIN,34,34,34,1.0,1,4
qwen,LATEST_ERRATUM,UPDATE_COMPARISON-ORIGIN-0063-origin1,ORIGIN,34,34,33,0.9705882352941176,0,11
qwen,LATEST_ERRATUM,UPDATE_COMPARISON-ORIGIN-0063-origin2,ORIGIN,34,34,31,0.9117647058823529,0,15
qwen,LATEST_ERRATUM,UPDATE_COMPARISON-ORIGIN-0063-origin3,ORIGIN,34,34,30,0.8823529411764706,0,17
qwen,LATEST_SAME_WORDING,UPDATE_COMPARISON-ORIGIN-0000-origin0,ORIGIN,34,34,30,0.8823529411764706,0,6
qwen,LATEST_SAME_WORDING,UPDATE_COMPARISON-ORIGIN-0000-origin1,ORIGIN,34,34,27,0.7941176470588235,0,8
qwen,LATEST_SAME_WORDING,UPDATE_COMPARISON-ORIGIN-0000-origin2,ORIGIN,34,34,24,0.7058823529411765,0,16
qwen,LATEST_SAME_WORDING,UPDATE_COMPARISON-ORIGIN-0000-origin3,ORIGIN,34,34,23,0.6764705882352942,0,23
qwen,LATEST_SAME_WORDING,UPDATE_COMPARISON-ORIGIN-0001-origin0,ORIGIN,34,34,26,0.7647058823529411,0,6
qwen,LATEST_SAME_WORDING,UPDATE_COMPARISON-ORIGIN-0001-origin1,ORIGIN,34,34,26,0.7647058823529411,0,8
qwen,LATEST_SAME_WORDING,UPDATE_COMPARISON-ORIGIN-0001-origin2,ORIGIN,34,34,20,0.5882352941176471,0,15
qwen,LATEST_SAME_WORDING,UPDATE_COMPARISON-ORIGIN-0001-origin3,ORIGIN,34,34,20,0.5882352941176471,0,21
qwen,LATEST_SAME_WORDING,UPDATE_COMPARISON-ORIGIN-0002-origin0,ORIGIN,34,34,31,0.9117647058823529,0,8
qwen,LATEST_SAME_WORDING,UPDATE_COMPARISON-ORIGIN-0002-origin1,ORIGIN,34,34,28,0.8235294117647058,0,12
qwen,LATEST_SAME_WORDING,UPDATE_COMPARISON-ORIGIN-0002-origin2,ORIGIN,34,34,28,0.8235294117647058,0,17
qwen,LATEST_SAME_WORDING,UPDATE_COMPARISON-ORIGIN-0002-origin3,ORIGIN,34,34,26,0.7647058823529411,0,28
qwen,LATEST_SAME_WORDING,UPDATE_COMPARISON-ORIGIN-0003-origin0,ORIGIN,34,34,28,0.8235294117647058,0,6
qwen,LATEST_SAME_WORDING,UPDATE_COMPARISON-ORIGIN-0003-origin1,ORIGIN,34,34,25,0.7352941176470589,0,7
qwen,LATEST_SAME_WORDING,UPDATE_COMPARISON-ORIGIN-0003-origin2,ORIGIN,34,34,23,0.6764705882352942,0,14
qwen,LATEST_SAME_WORDING,UPDATE_COMPARISON-ORIGIN-0003-origin3,ORIGIN,34,34,22,0.6470588235294118,0,19
qwen,LATEST_SAME_WORDING,UPDATE_COMPARISON-ORIGIN-0004-origin0,ORIGIN,34,34,27,0.7941176470588235,0,5
qwen,LATEST_SAME_WORDING,UPDATE_COMPARISON-ORIGIN-0004-origin1,ORIGIN,34,34,27,0.7941176470588235,0,8
qwen,LATEST_SAME_WORDING,UPDATE_COMPARISON-ORIGIN-0004-origin2,ORIGIN,34,34,28,0.8235294117647058,0,10
qwen,LATEST_SAME_WORDING,UPDATE_COMPARISON-ORIGIN-0004-origin3,ORIGIN,34,34,25,0.7352941176470589,0,9
qwen,LATEST_SAME_WORDING,UPDATE_COMPARISON-ORIGIN-0005-origin0,ORIGIN,34,34,31,0.9117647058823529,0,5
qwen,LATEST_SAME_WORDING,UPDATE_COMPARISON-ORIGIN-0005-origin1,ORIGIN,34,34,31,0.9117647058823529,0,7
qwen,LATEST_SAME_WORDING,UPDATE_COMPARISON-ORIGIN-0005-origin2,ORIGIN,34,34,31,0.9117647058823529,0,16
qwen,LATEST_SAME_WORDING,UPDATE_COMPARISON-ORIGIN-0005-origin3,ORIGIN,34,34,29,0.8529411764705882,0,13
qwen,LATEST_SAME_WORDING,UPDATE_COMPARISON-ORIGIN-0006-origin0,ORIGIN,34,34,29,0.8529411764705882,0,1
qwen,LATEST_SAME_WORDING,UPDATE_COMPARISON-ORIGIN-0006-origin1,ORIGIN,34,34,29,0.8529411764705882,0,3
qwen,LATEST_SAME_WORDING,UPDATE_COMPARISON-ORIGIN-0006-origin2,ORIGIN,34,34,28,0.8235294117647058,0,16
qwen,LATEST_SAME_WORDING,UPDATE_COMPARISON-ORIGIN-0006-origin3,ORIGIN,34,34,29,0.8529411764705882,0,11
qwen,LATEST_SAME_WORDING,UPDATE_COMPARISON-ORIGIN-0007-origin0,ORIGIN,34,34,23,0.6764705882352942,0,16
qwen,LATEST_SAME_WORDING,UPDATE_COMPARISON-ORIGIN-0007-origin1,ORIGIN,34,34,22,0.6470588235294118,0,19
qwen,LATEST_SAME_WORDING,UPDATE_COMPARISON-ORIGIN-0007-origin2,ORIGIN,34,34,22,0.6470588235294118,0,8
qwen,LATEST_SAME_WORDING,UPDATE_COMPARISON-ORIGIN-0007-origin3,ORIGIN,34,34,19,0.5588235294117647,0,12
qwen,LATEST_SAME_WORDING,UPDATE_COMPARISON-ORIGIN-0008-origin0,ORIGIN,34,34,26,0.7647058823529411,0,7
qwen,LATEST_SAME_WORDING,UPDATE_COMPARISON-ORIGIN-0008-origin1,ORIGIN,34,34,28,0.8235294117647058,0,8
qwen,LATEST_SAME_WORDING,UPDATE_COMPARISON-ORIGIN-0008-origin2,ORIGIN,34,34,27,0.7941176470588235,0,10
qwen,LATEST_SAME_WORDING,UPDATE_COMPARISON-ORIGIN-0008-origin3,ORIGIN,34,34,27,0.7941176470588235,0,13
qwen,LATEST_SAME_WORDING,UPDATE_COMPARISON-ORIGIN-0009-origin0,ORIGIN,34,34,28,0.8235294117647058,0,8
qwen,LATEST_SAME_WORDING,UPDATE_COMPARISON-ORIGIN-0009-origin1,ORIGIN,34,34,28,0.8235294117647058,0,6
qwen,LATEST_SAME_WORDING,UPDATE_COMPARISON-ORIGIN-0009-origin2,ORIGIN,34,34,27,0.7941176470588235,0,8
qwen,LATEST_SAME_WORDING,UPDATE_COMPARISON-ORIGIN-0009-origin3,ORIGIN,34,34,29,0.8529411764705882,0,15
qwen,LATEST_SAME_WORDING,UPDATE_COMPARISON-ORIGIN-0010-origin0,ORIGIN,34,34,24,0.7058823529411765,0,1
qwen,LATEST_SAME_WORDING,UPDATE_COMPARISON-ORIGIN-0010-origin1,ORIGIN,34,34,27,0.7941176470588235,0,7
qwen,LATEST_SAME_WORDING,UPDATE_COMPARISON-ORIGIN-0010-origin2,ORIGIN,34,34,22,0.6470588235294118,0,8
qwen,LATEST_SAME_WORDING,UPDATE_COMPARISON-ORIGIN-0010-origin3,ORIGIN,34,34,24,0.7058823529411765,0,14
qwen,LATEST_SAME_WORDING,UPDATE_COMPARISON-ORIGIN-0011-origin0,ORIGIN,34,34,26,0.7647058823529411,0,7
qwen,LATEST_SAME_WORDING,UPDATE_COMPARISON-ORIGIN-0011-origin1,ORIGIN,34,34,25,0.7352941176470589,0,11
qwen,LATEST_SAME_WORDING,UPDATE_COMPARISON-ORIGIN-0011-origin2,ORIGIN,34,34,25,0.7352941176470589,0,9
qwen,LATEST_SAME_WORDING,UPDATE_COMPARISON-ORIGIN-0011-origin3,ORIGIN,34,34,24,0.7058823529411765,0,16
qwen,LATEST_SAME_WORDING,UPDATE_COMPARISON-ORIGIN-0012-origin0,ORIGIN,34,34,34,1.0,1,1
qwen,LATEST_SAME_WORDING,UPDATE_COMPARISON-ORIGIN-0012-origin1,ORIGIN,34,34,33,0.9705882352941176,0,8
qwen,LATEST_SAME_WORDING,UPDATE_COMPARISON-ORIGIN-0012-origin2,ORIGIN,34,34,34,1.0,1,13
qwen,LATEST_SAME_WORDING,UPDATE_COMPARISON-ORIGIN-0012-origin3,ORIGIN,34,34,33,0.9705882352941176,0,13
qwen,LATEST_SAME_WORDING,UPDATE_COMPARISON-ORIGIN-0013-origin0,ORIGIN,34,34,32,0.9411764705882353,0,3
qwen,LATEST_SAME_WORDING,UPDATE_COMPARISON-ORIGIN-0013-origin1,ORIGIN,34,34,31,0.9117647058823529,0,8
qwen,LATEST_SAME_WORDING,UPDATE_COMPARISON-ORIGIN-0013-origin2,ORIGIN,34,34,31,0.9117647058823529,0,10
qwen,LATEST_SAME_WORDING,UPDATE_COMPARISON-ORIGIN-0013-origin3,ORIGIN,34,34,29,0.8529411764705882,0,12
qwen,LATEST_SAME_WORDING,UPDATE_COMPARISON-ORIGIN-0014-origin0,ORIGIN,34,34,31,0.9117647058823529,0,3
qwen,LATEST_SAME_WORDING,UPDATE_COMPARISON-ORIGIN-0014-origin1,ORIGIN,34,34,29,0.8529411764705882,0,11
qwen,LATEST_SAME_WORDING,UPDATE_COMPARISON-ORIGIN-0014-origin2,ORIGIN,34,34,29,0.8529411764705882,0,11
qwen,LATEST_SAME_WORDING,UPDATE_COMPARISON-ORIGIN-0014-origin3,ORIGIN,34,34,30,0.8823529411764706,0,13
qwen,LATEST_SAME_WORDING,UPDATE_COMPARISON-ORIGIN-0015-origin0,ORIGIN,34,34,29,0.8529411764705882,0,6
qwen,LATEST_SAME_WORDING,UPDATE_COMPARISON-ORIGIN-0015-origin1,ORIGIN,34,34,28,0.8235294117647058,0,13
qwen,LATEST_SAME_WORDING,UPDATE_COMPARISON-ORIGIN-0015-origin2,ORIGIN,34,34,28,0.8235294117647058,0,14
qwen,LATEST_SAME_WORDING,UPDATE_COMPARISON-ORIGIN-0015-origin3,ORIGIN,34,34,27,0.7941176470588235,0,18
qwen,LATEST_SAME_WORDING,UPDATE_COMPARISON-ORIGIN-0016-origin0,ORIGIN,34,34,29,0.8529411764705882,0,4
qwen,LATEST_SAME_WORDING,UPDATE_COMPARISON-ORIGIN-0016-origin1,ORIGIN,34,34,26,0.7647058823529411,0,8
qwen,LATEST_SAME_WORDING,UPDATE_COMPARISON-ORIGIN-0016-origin2,ORIGIN,34,34,30,0.8823529411764706,0,7
qwen,LATEST_SAME_WORDING,UPDATE_COMPARISON-ORIGIN-0016-origin3,ORIGIN,34,34,27,0.7941176470588235,0,16
qwen,LATEST_SAME_WORDING,UPDATE_COMPARISON-ORIGIN-0017-origin0,ORIGIN,34,34,27,0.7941176470588235,0,1
qwen,LATEST_SAME_WORDING,UPDATE_COMPARISON-ORIGIN-0017-origin1,ORIGIN,34,34,28,0.8235294117647058,0,7
qwen,LATEST_SAME_WORDING,UPDATE_COMPARISON-ORIGIN-0017-origin2,ORIGIN,34,34,26,0.7647058823529411,0,10
qwen,LATEST_SAME_WORDING,UPDATE_COMPARISON-ORIGIN-0017-origin3,ORIGIN,34,34,26,0.7647058823529411,0,16
qwen,LATEST_SAME_WORDING,UPDATE_COMPARISON-ORIGIN-0018-origin0,ORIGIN,34,34,30,0.8823529411764706,0,6
qwen,LATEST_SAME_WORDING,UPDATE_COMPARISON-ORIGIN-0018-origin1,ORIGIN,34,34,32,0.9411764705882353,0,13
qwen,LATEST_SAME_WORDING,UPDATE_COMPARISON-ORIGIN-0018-origin2,ORIGIN,34,34,30,0.8823529411764706,0,11
qwen,LATEST_SAME_WORDING,UPDATE_COMPARISON-ORIGIN-0018-origin3,ORIGIN,34,34,28,0.8235294117647058,0,18
qwen,LATEST_SAME_WORDING,UPDATE_COMPARISON-ORIGIN-0019-origin0,ORIGIN,34,34,24,0.7058823529411765,0,11
qwen,LATEST_SAME_WORDING,UPDATE_COMPARISON-ORIGIN-0019-origin1,ORIGIN,34,34,27,0.7941176470588235,0,11
qwen,LATEST_SAME_WORDING,UPDATE_COMPARISON-ORIGIN-0019-origin2,ORIGIN,34,34,29,0.8529411764705882,0,11
qwen,LATEST_SAME_WORDING,UPDATE_COMPARISON-ORIGIN-0019-origin3,ORIGIN,34,34,27,0.7941176470588235,0,14
qwen,LATEST_SAME_WORDING,UPDATE_COMPARISON-ORIGIN-0020-origin0,ORIGIN,34,34,30,0.8823529411764706,0,5
qwen,LATEST_SAME_WORDING,UPDATE_COMPARISON-ORIGIN-0020-origin1,ORIGIN,34,34,31,0.9117647058823529,0,11
qwen,LATEST_SAME_WORDING,UPDATE_COMPARISON-ORIGIN-0020-origin2,ORIGIN,34,34,26,0.7647058823529411,0,11
qwen,LATEST_SAME_WORDING,UPDATE_COMPARISON-ORIGIN-0020-origin3,ORIGIN,34,34,28,0.8235294117647058,0,18
qwen,LATEST_SAME_WORDING,UPDATE_COMPARISON-ORIGIN-0021-origin0,ORIGIN,34,34,31,0.9117647058823529,0,9
qwen,LATEST_SAME_WORDING,UPDATE_COMPARISON-ORIGIN-0021-origin1,ORIGIN,34,34,29,0.8529411764705882,0,11
qwen,LATEST_SAME_WORDING,UPDATE_COMPARISON-ORIGIN-0021-origin2,ORIGIN,34,34,31,0.9117647058823529,0,11
qwen,LATEST_SAME_WORDING,UPDATE_COMPARISON-ORIGIN-0021-origin3,ORIGIN,34,34,25,0.7352941176470589,0,12
qwen,LATEST_SAME_WORDING,UPDATE_COMPARISON-ORIGIN-0022-origin0,ORIGIN,34,34,31,0.9117647058823529,0,2
qwen,LATEST_SAME_WORDING,UPDATE_COMPARISON-ORIGIN-0022-origin1,ORIGIN,34,34,30,0.8823529411764706,0,5
qwen,LATEST_SAME_WORDING,UPDATE_COMPARISON-ORIGIN-0022-origin2,ORIGIN,34,34,29,0.8529411764705882,0,15
qwen,LATEST_SAME_WORDING,UPDATE_COMPARISON-ORIGIN-0022-origin3,ORIGIN,34,34,25,0.7352941176470589,0,14
qwen,LATEST_SAME_WORDING,UPDATE_COMPARISON-ORIGIN-0023-origin0,ORIGIN,34,34,30,0.8823529411764706,0,3
qwen,LATEST_SAME_WORDING,UPDATE_COMPARISON-ORIGIN-0023-origin1,ORIGIN,34,34,30,0.8823529411764706,0,13
qwen,LATEST_SAME_WORDING,UPDATE_COMPARISON-ORIGIN-0023-origin2,ORIGIN,34,34,29,0.8529411764705882,0,13
qwen,LATEST_SAME_WORDING,UPDATE_COMPARISON-ORIGIN-0023-origin3,ORIGIN,34,34,26,0.7647058823529411,0,16
qwen,LATEST_SAME_WORDING,UPDATE_COMPARISON-ORIGIN-0024-origin0,ORIGIN,34,34,32,0.9411764705882353,0,1
qwen,LATEST_SAME_WORDING,UPDATE_COMPARISON-ORIGIN-0024-origin1,ORIGIN,34,34,32,0.9411764705882353,0,10
qwen,LATEST_SAME_WORDING,UPDATE_COMPARISON-ORIGIN-0024-origin2,ORIGIN,34,34,31,0.9117647058823529,0,19
qwen,LATEST_SAME_WORDING,UPDATE_COMPARISON-ORIGIN-0024-origin3,ORIGIN,34,34,32,0.9411764705882353,0,19
qwen,LATEST_SAME_WORDING,UPDATE_COMPARISON-ORIGIN-0025-origin0,ORIGIN,34,34,29,0.8529411764705882,0,3
qwen,LATEST_SAME_WORDING,UPDATE_COMPARISON-ORIGIN-0025-origin1,ORIGIN,34,34,31,0.9117647058823529,0,8
qwen,LATEST_SAME_WORDING,UPDATE_COMPARISON-ORIGIN-0025-origin2,ORIGIN,34,34,30,0.8823529411764706,0,20
qwen,LATEST_SAME_WORDING,UPDATE_COMPARISON-ORIGIN-0025-origin3,ORIGIN,34,34,30,0.8823529411764706,0,16
qwen,LATEST_SAME_WORDING,UPDATE_COMPARISON-ORIGIN-0026-origin0,ORIGIN,34,34,29,0.8529411764705882,0,5
qwen,LATEST_SAME_WORDING,UPDATE_COMPARISON-ORIGIN-0026-origin1,ORIGIN,34,34,29,0.8529411764705882,0,6
qwen,LATEST_SAME_WORDING,UPDATE_COMPARISON-ORIGIN-0026-origin2,ORIGIN,34,34,27,0.7941176470588235,0,13
qwen,LATEST_SAME_WORDING,UPDATE_COMPARISON-ORIGIN-0026-origin3,ORIGIN,34,34,29,0.8529411764705882,0,19
qwen,LATEST_SAME_WORDING,UPDATE_COMPARISON-ORIGIN-0027-origin0,ORIGIN,34,34,28,0.8235294117647058,0,7
qwen,LATEST_SAME_WORDING,UPDATE_COMPARISON-ORIGIN-0027-origin1,ORIGIN,34,34,29,0.8529411764705882,0,11
qwen,LATEST_SAME_WORDING,UPDATE_COMPARISON-ORIGIN-0027-origin2,ORIGIN,34,34,27,0.7941176470588235,0,18
qwen,LATEST_SAME_WORDING,UPDATE_COMPARISON-ORIGIN-0027-origin3,ORIGIN,34,34,28,0.8235294117647058,0,19
qwen,LATEST_SAME_WORDING,UPDATE_COMPARISON-ORIGIN-0028-origin0,ORIGIN,34,34,34,1.0,1,2
qwen,LATEST_SAME_WORDING,UPDATE_COMPARISON-ORIGIN-0028-origin1,ORIGIN,34,34,34,1.0,1,9
qwen,LATEST_SAME_WORDING,UPDATE_COMPARISON-ORIGIN-0028-origin2,ORIGIN,34,34,33,0.9705882352941176,0,19
qwen,LATEST_SAME_WORDING,UPDATE_COMPARISON-ORIGIN-0028-origin3,ORIGIN,34,34,30,0.8823529411764706,0,30
qwen,LATEST_SAME_WORDING,UPDATE_COMPARISON-ORIGIN-0029-origin0,ORIGIN,34,34,34,1.0,1,0
qwen,LATEST_SAME_WORDING,UPDATE_COMPARISON-ORIGIN-0029-origin1,ORIGIN,34,34,34,1.0,1,0
qwen,LATEST_SAME_WORDING,UPDATE_COMPARISON-ORIGIN-0029-origin2,ORIGIN,34,34,33,0.9705882352941176,0,18
qwen,LATEST_SAME_WORDING,UPDATE_COMPARISON-ORIGIN-0029-origin3,ORIGIN,34,34,34,1.0,1,20
qwen,LATEST_SAME_WORDING,UPDATE_COMPARISON-ORIGIN-0030-origin0,ORIGIN,34,34,34,1.0,1,1
qwen,LATEST_SAME_WORDING,UPDATE_COMPARISON-ORIGIN-0030-origin1,ORIGIN,34,34,34,1.0,1,8
qwen,LATEST_SAME_WORDING,UPDATE_COMPARISON-ORIGIN-0030-origin2,ORIGIN,34,34,34,1.0,1,16
qwen,LATEST_SAME_WORDING,UPDATE_COMPARISON-ORIGIN-0030-origin3,ORIGIN,34,34,34,1.0,1,19
qwen,LATEST_SAME_WORDING,UPDATE_COMPARISON-ORIGIN-0031-origin0,ORIGIN,34,34,33,0.9705882352941176,0,3
qwen,LATEST_SAME_WORDING,UPDATE_COMPARISON-ORIGIN-0031-origin1,ORIGIN,34,34,32,0.9411764705882353,0,9
qwen,LATEST_SAME_WORDING,UPDATE_COMPARISON-ORIGIN-0031-origin2,ORIGIN,34,34,31,0.9117647058823529,0,29
qwen,LATEST_SAME_WORDING,UPDATE_COMPARISON-ORIGIN-0031-origin3,ORIGIN,34,34,29,0.8529411764705882,0,31
qwen,LATEST_SAME_WORDING,UPDATE_COMPARISON-ORIGIN-0032-origin0,ORIGIN,34,34,28,0.8235294117647058,0,4
qwen,LATEST_SAME_WORDING,UPDATE_COMPARISON-ORIGIN-0032-origin1,ORIGIN,34,34,28,0.8235294117647058,0,8
qwen,LATEST_SAME_WORDING,UPDATE_COMPARISON-ORIGIN-0032-origin2,ORIGIN,34,34,27,0.7941176470588235,0,21
qwen,LATEST_SAME_WORDING,UPDATE_COMPARISON-ORIGIN-0032-origin3,ORIGIN,34,34,28,0.8235294117647058,0,28
qwen,LATEST_SAME_WORDING,UPDATE_COMPARISON-ORIGIN-0033-origin0,ORIGIN,34,34,30,0.8823529411764706,0,4
qwen,LATEST_SAME_WORDING,UPDATE_COMPARISON-ORIGIN-0033-origin1,ORIGIN,34,34,30,0.8823529411764706,0,4
qwen,LATEST_SAME_WORDING,UPDATE_COMPARISON-ORIGIN-0033-origin2,ORIGIN,34,34,25,0.7352941176470589,0,17
qwen,LATEST_SAME_WORDING,UPDATE_COMPARISON-ORIGIN-0033-origin3,ORIGIN,34,34,25,0.7352941176470589,0,24
qwen,LATEST_SAME_WORDING,UPDATE_COMPARISON-ORIGIN-0034-origin0,ORIGIN,34,34,25,0.7352941176470589,0,2
qwen,LATEST_SAME_WORDING,UPDATE_COMPARISON-ORIGIN-0034-origin1,ORIGIN,34,34,24,0.7058823529411765,0,7
qwen,LATEST_SAME_WORDING,UPDATE_COMPARISON-ORIGIN-0034-origin2,ORIGIN,34,34,23,0.6764705882352942,0,13
qwen,LATEST_SAME_WORDING,UPDATE_COMPARISON-ORIGIN-0034-origin3,ORIGIN,34,34,22,0.6470588235294118,0,21
qwen,LATEST_SAME_WORDING,UPDATE_COMPARISON-ORIGIN-0035-origin0,ORIGIN,34,34,25,0.7352941176470589,0,10
qwen,LATEST_SAME_WORDING,UPDATE_COMPARISON-ORIGIN-0035-origin1,ORIGIN,34,34,26,0.7647058823529411,0,8
qwen,LATEST_SAME_WORDING,UPDATE_COMPARISON-ORIGIN-0035-origin2,ORIGIN,34,34,23,0.6764705882352942,0,22
qwen,LATEST_SAME_WORDING,UPDATE_COMPARISON-ORIGIN-0035-origin3,ORIGIN,34,34,22,0.6470588235294118,0,22
qwen,LATEST_SAME_WORDING,UPDATE_COMPARISON-ORIGIN-0036-origin0,ORIGIN,34,34,29,0.8529411764705882,0,6
qwen,LATEST_SAME_WORDING,UPDATE_COMPARISON-ORIGIN-0036-origin1,ORIGIN,34,34,32,0.9411764705882353,0,9
qwen,LATEST_SAME_WORDING,UPDATE_COMPARISON-ORIGIN-0036-origin2,ORIGIN,34,34,31,0.9117647058823529,0,19
qwen,LATEST_SAME_WORDING,UPDATE_COMPARISON-ORIGIN-0036-origin3,ORIGIN,34,34,30,0.8823529411764706,0,15
qwen,LATEST_SAME_WORDING,UPDATE_COMPARISON-ORIGIN-0037-origin0,ORIGIN,34,34,29,0.8529411764705882,0,10
qwen,LATEST_SAME_WORDING,UPDATE_COMPARISON-ORIGIN-0037-origin1,ORIGIN,34,34,29,0.8529411764705882,0,11
qwen,LATEST_SAME_WORDING,UPDATE_COMPARISON-ORIGIN-0037-origin2,ORIGIN,34,34,29,0.8529411764705882,0,17
qwen,LATEST_SAME_WORDING,UPDATE_COMPARISON-ORIGIN-0037-origin3,ORIGIN,34,34,27,0.7941176470588235,0,16
qwen,LATEST_SAME_WORDING,UPDATE_COMPARISON-ORIGIN-0038-origin0,ORIGIN,34,34,26,0.7647058823529411,0,7
qwen,LATEST_SAME_WORDING,UPDATE_COMPARISON-ORIGIN-0038-origin1,ORIGIN,34,34,27,0.7941176470588235,0,13
qwen,LATEST_SAME_WORDING,UPDATE_COMPARISON-ORIGIN-0038-origin2,ORIGIN,34,34,28,0.8235294117647058,0,17
qwen,LATEST_SAME_WORDING,UPDATE_COMPARISON-ORIGIN-0038-origin3,ORIGIN,34,34,28,0.8235294117647058,0,15
qwen,LATEST_SAME_WORDING,UPDATE_COMPARISON-ORIGIN-0039-origin0,ORIGIN,34,34,29,0.8529411764705882,0,7
qwen,LATEST_SAME_WORDING,UPDATE_COMPARISON-ORIGIN-0039-origin1,ORIGIN,34,34,28,0.8235294117647058,0,12
qwen,LATEST_SAME_WORDING,UPDATE_COMPARISON-ORIGIN-0039-origin2,ORIGIN,34,34,29,0.8529411764705882,0,13
qwen,LATEST_SAME_WORDING,UPDATE_COMPARISON-ORIGIN-0039-origin3,ORIGIN,34,34,26,0.7647058823529411,0,15
qwen,LATEST_SAME_WORDING,UPDATE_COMPARISON-ORIGIN-0040-origin0,ORIGIN,34,34,24,0.7058823529411765,0,6
qwen,LATEST_SAME_WORDING,UPDATE_COMPARISON-ORIGIN-0040-origin1,ORIGIN,34,34,26,0.7647058823529411,0,9
qwen,LATEST_SAME_WORDING,UPDATE_COMPARISON-ORIGIN-0040-origin2,ORIGIN,34,34,25,0.7352941176470589,0,12
qwen,LATEST_SAME_WORDING,UPDATE_COMPARISON-ORIGIN-0040-origin3,ORIGIN,34,34,23,0.6764705882352942,0,12
qwen,LATEST_SAME_WORDING,UPDATE_COMPARISON-ORIGIN-0041-origin0,ORIGIN,34,34,24,0.7058823529411765,0,9
qwen,LATEST_SAME_WORDING,UPDATE_COMPARISON-ORIGIN-0041-origin1,ORIGIN,34,34,23,0.6764705882352942,0,10
qwen,LATEST_SAME_WORDING,UPDATE_COMPARISON-ORIGIN-0041-origin2,ORIGIN,34,34,26,0.7647058823529411,0,12
qwen,LATEST_SAME_WORDING,UPDATE_COMPARISON-ORIGIN-0041-origin3,ORIGIN,34,34,28,0.8235294117647058,0,13
qwen,LATEST_SAME_WORDING,UPDATE_COMPARISON-ORIGIN-0042-origin0,ORIGIN,34,34,31,0.9117647058823529,0,3
qwen,LATEST_SAME_WORDING,UPDATE_COMPARISON-ORIGIN-0042-origin1,ORIGIN,34,34,29,0.8529411764705882,0,8
qwen,LATEST_SAME_WORDING,UPDATE_COMPARISON-ORIGIN-0042-origin2,ORIGIN,34,34,26,0.7647058823529411,0,9
qwen,LATEST_SAME_WORDING,UPDATE_COMPARISON-ORIGIN-0042-origin3,ORIGIN,34,34,25,0.7352941176470589,0,19
qwen,LATEST_SAME_WORDING,UPDATE_COMPARISON-ORIGIN-0043-origin0,ORIGIN,34,34,26,0.7647058823529411,0,5
qwen,LATEST_SAME_WORDING,UPDATE_COMPARISON-ORIGIN-0043-origin1,ORIGIN,34,34,27,0.7941176470588235,0,7
qwen,LATEST_SAME_WORDING,UPDATE_COMPARISON-ORIGIN-0043-origin2,ORIGIN,34,34,25,0.7352941176470589,0,6
qwen,LATEST_SAME_WORDING,UPDATE_COMPARISON-ORIGIN-0043-origin3,ORIGIN,34,34,23,0.6764705882352942,0,14
qwen,LATEST_SAME_WORDING,UPDATE_COMPARISON-ORIGIN-0044-origin0,ORIGIN,34,34,34,1.0,1,2
qwen,LATEST_SAME_WORDING,UPDATE_COMPARISON-ORIGIN-0044-origin1,ORIGIN,34,34,34,1.0,1,8
qwen,LATEST_SAME_WORDING,UPDATE_COMPARISON-ORIGIN-0044-origin2,ORIGIN,34,34,32,0.9411764705882353,0,13
qwen,LATEST_SAME_WORDING,UPDATE_COMPARISON-ORIGIN-0044-origin3,ORIGIN,34,34,34,1.0,1,14
qwen,LATEST_SAME_WORDING,UPDATE_COMPARISON-ORIGIN-0045-origin0,ORIGIN,34,34,33,0.9705882352941176,0,1
qwen,LATEST_SAME_WORDING,UPDATE_COMPARISON-ORIGIN-0045-origin1,ORIGIN,34,34,33,0.9705882352941176,0,6
qwen,LATEST_SAME_WORDING,UPDATE_COMPARISON-ORIGIN-0045-origin2,ORIGIN,34,34,32,0.9411764705882353,0,10
qwen,LATEST_SAME_WORDING,UPDATE_COMPARISON-ORIGIN-0045-origin3,ORIGIN,34,34,32,0.9411764705882353,0,10
qwen,LATEST_SAME_WORDING,UPDATE_COMPARISON-ORIGIN-0046-origin0,ORIGIN,34,34,33,0.9705882352941176,0,1
qwen,LATEST_SAME_WORDING,UPDATE_COMPARISON-ORIGIN-0046-origin1,ORIGIN,34,34,32,0.9411764705882353,0,5
qwen,LATEST_SAME_WORDING,UPDATE_COMPARISON-ORIGIN-0046-origin2,ORIGIN,34,34,33,0.9705882352941176,0,14
qwen,LATEST_SAME_WORDING,UPDATE_COMPARISON-ORIGIN-0046-origin3,ORIGIN,34,34,32,0.9411764705882353,0,15
qwen,LATEST_SAME_WORDING,UPDATE_COMPARISON-ORIGIN-0047-origin0,ORIGIN,34,34,32,0.9411764705882353,0,1
qwen,LATEST_SAME_WORDING,UPDATE_COMPARISON-ORIGIN-0047-origin1,ORIGIN,34,34,32,0.9411764705882353,0,6
qwen,LATEST_SAME_WORDING,UPDATE_COMPARISON-ORIGIN-0047-origin2,ORIGIN,34,34,32,0.9411764705882353,0,9
qwen,LATEST_SAME_WORDING,UPDATE_COMPARISON-ORIGIN-0047-origin3,ORIGIN,34,34,32,0.9411764705882353,0,8
qwen,LATEST_SAME_WORDING,UPDATE_COMPARISON-ORIGIN-0048-origin0,ORIGIN,34,34,24,0.7058823529411765,0,7
qwen,LATEST_SAME_WORDING,UPDATE_COMPARISON-ORIGIN-0048-origin1,ORIGIN,34,34,27,0.7941176470588235,0,10
qwen,LATEST_SAME_WORDING,UPDATE_COMPARISON-ORIGIN-0048-origin2,ORIGIN,34,34,24,0.7058823529411765,0,12
qwen,LATEST_SAME_WORDING,UPDATE_COMPARISON-ORIGIN-0048-origin3,ORIGIN,34,34,25,0.7352941176470589,0,15
qwen,LATEST_SAME_WORDING,UPDATE_COMPARISON-ORIGIN-0049-origin0,ORIGIN,34,34,28,0.8235294117647058,0,5
qwen,LATEST_SAME_WORDING,UPDATE_COMPARISON-ORIGIN-0049-origin1,ORIGIN,34,34,29,0.8529411764705882,0,6
qwen,LATEST_SAME_WORDING,UPDATE_COMPARISON-ORIGIN-0049-origin2,ORIGIN,34,34,26,0.7647058823529411,0,9
qwen,LATEST_SAME_WORDING,UPDATE_COMPARISON-ORIGIN-0049-origin3,ORIGIN,34,34,25,0.7352941176470589,0,14
qwen,LATEST_SAME_WORDING,UPDATE_COMPARISON-ORIGIN-0050-origin0,ORIGIN,34,34,28,0.8235294117647058,0,7
qwen,LATEST_SAME_WORDING,UPDATE_COMPARISON-ORIGIN-0050-origin1,ORIGIN,34,34,29,0.8529411764705882,0,13
qwen,LATEST_SAME_WORDING,UPDATE_COMPARISON-ORIGIN-0050-origin2,ORIGIN,34,34,25,0.7352941176470589,0,9
qwen,LATEST_SAME_WORDING,UPDATE_COMPARISON-ORIGIN-0050-origin3,ORIGIN,34,34,24,0.7058823529411765,0,13
qwen,LATEST_SAME_WORDING,UPDATE_COMPARISON-ORIGIN-0051-origin0,ORIGIN,34,34,25,0.7352941176470589,0,4
qwen,LATEST_SAME_WORDING,UPDATE_COMPARISON-ORIGIN-0051-origin1,ORIGIN,34,34,28,0.8235294117647058,0,6
qwen,LATEST_SAME_WORDING,UPDATE_COMPARISON-ORIGIN-0051-origin2,ORIGIN,34,34,24,0.7058823529411765,0,10
qwen,LATEST_SAME_WORDING,UPDATE_COMPARISON-ORIGIN-0051-origin3,ORIGIN,34,34,25,0.7352941176470589,0,18
qwen,LATEST_SAME_WORDING,UPDATE_COMPARISON-ORIGIN-0052-origin0,ORIGIN,34,34,32,0.9411764705882353,0,3
qwen,LATEST_SAME_WORDING,UPDATE_COMPARISON-ORIGIN-0052-origin1,ORIGIN,34,34,31,0.9117647058823529,0,7
qwen,LATEST_SAME_WORDING,UPDATE_COMPARISON-ORIGIN-0052-origin2,ORIGIN,34,34,31,0.9117647058823529,0,7
qwen,LATEST_SAME_WORDING,UPDATE_COMPARISON-ORIGIN-0052-origin3,ORIGIN,34,34,31,0.9117647058823529,0,8
qwen,LATEST_SAME_WORDING,UPDATE_COMPARISON-ORIGIN-0053-origin0,ORIGIN,34,34,33,0.9705882352941176,0,4
qwen,LATEST_SAME_WORDING,UPDATE_COMPARISON-ORIGIN-0053-origin1,ORIGIN,34,34,27,0.7941176470588235,0,8
qwen,LATEST_SAME_WORDING,UPDATE_COMPARISON-ORIGIN-0053-origin2,ORIGIN,34,34,30,0.8823529411764706,0,11
qwen,LATEST_SAME_WORDING,UPDATE_COMPARISON-ORIGIN-0053-origin3,ORIGIN,34,34,27,0.7941176470588235,0,11
qwen,LATEST_SAME_WORDING,UPDATE_COMPARISON-ORIGIN-0054-origin0,ORIGIN,34,34,32,0.9411764705882353,0,2
qwen,LATEST_SAME_WORDING,UPDATE_COMPARISON-ORIGIN-0054-origin1,ORIGIN,34,34,31,0.9117647058823529,0,6
qwen,LATEST_SAME_WORDING,UPDATE_COMPARISON-ORIGIN-0054-origin2,ORIGIN,34,34,29,0.8529411764705882,0,11
qwen,LATEST_SAME_WORDING,UPDATE_COMPARISON-ORIGIN-0054-origin3,ORIGIN,34,34,26,0.7647058823529411,0,12
qwen,LATEST_SAME_WORDING,UPDATE_COMPARISON-ORIGIN-0055-origin0,ORIGIN,34,34,29,0.8529411764705882,0,3
qwen,LATEST_SAME_WORDING,UPDATE_COMPARISON-ORIGIN-0055-origin1,ORIGIN,34,34,29,0.8529411764705882,0,7
qwen,LATEST_SAME_WORDING,UPDATE_COMPARISON-ORIGIN-0055-origin2,ORIGIN,34,34,27,0.7941176470588235,0,14
qwen,LATEST_SAME_WORDING,UPDATE_COMPARISON-ORIGIN-0055-origin3,ORIGIN,34,34,26,0.7647058823529411,0,13
qwen,LATEST_SAME_WORDING,UPDATE_COMPARISON-ORIGIN-0056-origin0,ORIGIN,34,34,28,0.8235294117647058,0,6
qwen,LATEST_SAME_WORDING,UPDATE_COMPARISON-ORIGIN-0056-origin1,ORIGIN,34,34,30,0.8823529411764706,0,11
qwen,LATEST_SAME_WORDING,UPDATE_COMPARISON-ORIGIN-0056-origin2,ORIGIN,34,34,28,0.8235294117647058,0,20
qwen,LATEST_SAME_WORDING,UPDATE_COMPARISON-ORIGIN-0056-origin3,ORIGIN,34,34,22,0.6470588235294118,0,22
qwen,LATEST_SAME_WORDING,UPDATE_COMPARISON-ORIGIN-0057-origin0,ORIGIN,34,34,31,0.9117647058823529,0,1
qwen,LATEST_SAME_WORDING,UPDATE_COMPARISON-ORIGIN-0057-origin1,ORIGIN,34,34,32,0.9411764705882353,0,10
qwen,LATEST_SAME_WORDING,UPDATE_COMPARISON-ORIGIN-0057-origin2,ORIGIN,34,34,32,0.9411764705882353,0,16
qwen,LATEST_SAME_WORDING,UPDATE_COMPARISON-ORIGIN-0057-origin3,ORIGIN,34,34,32,0.9411764705882353,0,17
qwen,LATEST_SAME_WORDING,UPDATE_COMPARISON-ORIGIN-0058-origin0,ORIGIN,34,34,33,0.9705882352941176,0,6
qwen,LATEST_SAME_WORDING,UPDATE_COMPARISON-ORIGIN-0058-origin1,ORIGIN,34,34,31,0.9117647058823529,0,11
qwen,LATEST_SAME_WORDING,UPDATE_COMPARISON-ORIGIN-0058-origin2,ORIGIN,34,34,29,0.8529411764705882,0,15
qwen,LATEST_SAME_WORDING,UPDATE_COMPARISON-ORIGIN-0058-origin3,ORIGIN,34,34,27,0.7941176470588235,0,15
qwen,LATEST_SAME_WORDING,UPDATE_COMPARISON-ORIGIN-0059-origin0,ORIGIN,34,34,30,0.8823529411764706,0,4
qwen,LATEST_SAME_WORDING,UPDATE_COMPARISON-ORIGIN-0059-origin1,ORIGIN,34,34,30,0.8823529411764706,0,8
qwen,LATEST_SAME_WORDING,UPDATE_COMPARISON-ORIGIN-0059-origin2,ORIGIN,34,34,32,0.9411764705882353,0,17
qwen,LATEST_SAME_WORDING,UPDATE_COMPARISON-ORIGIN-0059-origin3,ORIGIN,34,34,32,0.9411764705882353,0,13
qwen,LATEST_SAME_WORDING,UPDATE_COMPARISON-ORIGIN-0060-origin0,ORIGIN,34,34,34,1.0,1,0
qwen,LATEST_SAME_WORDING,UPDATE_COMPARISON-ORIGIN-0060-origin1,ORIGIN,34,34,32,0.9411764705882353,0,14
qwen,LATEST_SAME_WORDING,UPDATE_COMPARISON-ORIGIN-0060-origin2,ORIGIN,34,34,33,0.9705882352941176,0,20
qwen,LATEST_SAME_WORDING,UPDATE_COMPARISON-ORIGIN-0060-origin3,ORIGIN,34,34,34,1.0,1,25
qwen,LATEST_SAME_WORDING,UPDATE_COMPARISON-ORIGIN-0061-origin0,ORIGIN,34,34,33,0.9705882352941176,0,6
qwen,LATEST_SAME_WORDING,UPDATE_COMPARISON-ORIGIN-0061-origin1,ORIGIN,34,34,32,0.9411764705882353,0,13
qwen,LATEST_SAME_WORDING,UPDATE_COMPARISON-ORIGIN-0061-origin2,ORIGIN,34,34,34,1.0,1,20
qwen,LATEST_SAME_WORDING,UPDATE_COMPARISON-ORIGIN-0061-origin3,ORIGIN,34,34,33,0.9705882352941176,0,25
qwen,LATEST_SAME_WORDING,UPDATE_COMPARISON-ORIGIN-0062-origin0,ORIGIN,34,34,34,1.0,1,0
qwen,LATEST_SAME_WORDING,UPDATE_COMPARISON-ORIGIN-0062-origin1,ORIGIN,34,34,32,0.9411764705882353,0,9
qwen,LATEST_SAME_WORDING,UPDATE_COMPARISON-ORIGIN-0062-origin2,ORIGIN,34,34,31,0.9117647058823529,0,24
qwen,LATEST_SAME_WORDING,UPDATE_COMPARISON-ORIGIN-0062-origin3,ORIGIN,34,34,29,0.8529411764705882,0,24
qwen,LATEST_SAME_WORDING,UPDATE_COMPARISON-ORIGIN-0063-origin0,ORIGIN,34,34,34,1.0,1,4
qwen,LATEST_SAME_WORDING,UPDATE_COMPARISON-ORIGIN-0063-origin1,ORIGIN,34,34,32,0.9411764705882353,0,12
qwen,LATEST_SAME_WORDING,UPDATE_COMPARISON-ORIGIN-0063-origin2,ORIGIN,34,34,33,0.9705882352941176,0,17
qwen,LATEST_SAME_WORDING,UPDATE_COMPARISON-ORIGIN-0063-origin3,ORIGIN,34,34,31,0.9117647058823529,0,20
qwen,REBUILD,UPDATE_COMPARISON-ORIGIN-0000-origin0,ORIGIN,34,34,26,0.7647058823529411,0,0
qwen,REBUILD,UPDATE_COMPARISON-ORIGIN-0000-origin1,ORIGIN,34,34,26,0.7647058823529411,0,7
qwen,REBUILD,UPDATE_COMPARISON-ORIGIN-0000-origin2,ORIGIN,34,34,26,0.7647058823529411,0,18
qwen,REBUILD,UPDATE_COMPARISON-ORIGIN-0000-origin3,ORIGIN,34,34,26,0.7647058823529411,0,26
qwen,REBUILD,UPDATE_COMPARISON-ORIGIN-0001-origin0,ORIGIN,34,34,20,0.5882352941176471,0,0
qwen,REBUILD,UPDATE_COMPARISON-ORIGIN-0001-origin1,ORIGIN,34,34,20,0.5882352941176471,0,2
qwen,REBUILD,UPDATE_COMPARISON-ORIGIN-0001-origin2,ORIGIN,34,34,20,0.5882352941176471,0,15
qwen,REBUILD,UPDATE_COMPARISON-ORIGIN-0001-origin3,ORIGIN,34,34,20,0.5882352941176471,0,21
qwen,REBUILD,UPDATE_COMPARISON-ORIGIN-0002-origin0,ORIGIN,34,34,25,0.7352941176470589,0,0
qwen,REBUILD,UPDATE_COMPARISON-ORIGIN-0002-origin1,ORIGIN,34,34,25,0.7352941176470589,0,7
qwen,REBUILD,UPDATE_COMPARISON-ORIGIN-0002-origin2,ORIGIN,34,34,25,0.7352941176470589,0,10
qwen,REBUILD,UPDATE_COMPARISON-ORIGIN-0002-origin3,ORIGIN,34,34,25,0.7352941176470589,0,19
qwen,REBUILD,UPDATE_COMPARISON-ORIGIN-0003-origin0,ORIGIN,34,34,22,0.6470588235294118,0,0
qwen,REBUILD,UPDATE_COMPARISON-ORIGIN-0003-origin1,ORIGIN,34,34,22,0.6470588235294118,0,4
qwen,REBUILD,UPDATE_COMPARISON-ORIGIN-0003-origin2,ORIGIN,34,34,22,0.6470588235294118,0,13
qwen,REBUILD,UPDATE_COMPARISON-ORIGIN-0003-origin3,ORIGIN,34,34,22,0.6470588235294118,0,19
qwen,REBUILD,UPDATE_COMPARISON-ORIGIN-0004-origin0,ORIGIN,34,34,32,0.9411764705882353,0,0
qwen,REBUILD,UPDATE_COMPARISON-ORIGIN-0004-origin1,ORIGIN,34,34,32,0.9411764705882353,0,5
qwen,REBUILD,UPDATE_COMPARISON-ORIGIN-0004-origin2,ORIGIN,34,34,32,0.9411764705882353,0,14
qwen,REBUILD,UPDATE_COMPARISON-ORIGIN-0004-origin3,ORIGIN,34,34,32,0.9411764705882353,0,16
qwen,REBUILD,UPDATE_COMPARISON-ORIGIN-0005-origin0,ORIGIN,34,34,26,0.7647058823529411,0,0
qwen,REBUILD,UPDATE_COMPARISON-ORIGIN-0005-origin1,ORIGIN,34,34,26,0.7647058823529411,0,2
qwen,REBUILD,UPDATE_COMPARISON-ORIGIN-0005-origin2,ORIGIN,34,34,26,0.7647058823529411,0,23
qwen,REBUILD,UPDATE_COMPARISON-ORIGIN-0005-origin3,ORIGIN,34,34,26,0.7647058823529411,0,20
qwen,REBUILD,UPDATE_COMPARISON-ORIGIN-0006-origin0,ORIGIN,34,34,30,0.8823529411764706,0,0
qwen,REBUILD,UPDATE_COMPARISON-ORIGIN-0006-origin1,ORIGIN,34,34,30,0.8823529411764706,0,2
qwen,REBUILD,UPDATE_COMPARISON-ORIGIN-0006-origin2,ORIGIN,34,34,30,0.8823529411764706,0,14
qwen,REBUILD,UPDATE_COMPARISON-ORIGIN-0006-origin3,ORIGIN,34,34,30,0.8823529411764706,0,10
qwen,REBUILD,UPDATE_COMPARISON-ORIGIN-0007-origin0,ORIGIN,34,34,25,0.7352941176470589,0,0
qwen,REBUILD,UPDATE_COMPARISON-ORIGIN-0007-origin1,ORIGIN,34,34,25,0.7352941176470589,0,4
qwen,REBUILD,UPDATE_COMPARISON-ORIGIN-0007-origin2,ORIGIN,34,34,25,0.7352941176470589,0,21
qwen,REBUILD,UPDATE_COMPARISON-ORIGIN-0007-origin3,ORIGIN,34,34,25,0.7352941176470589,0,18
qwen,REBUILD,UPDATE_COMPARISON-ORIGIN-0008-origin0,ORIGIN,34,34,23,0.6764705882352942,0,0
qwen,REBUILD,UPDATE_COMPARISON-ORIGIN-0008-origin1,ORIGIN,34,34,23,0.6764705882352942,0,1
qwen,REBUILD,UPDATE_COMPARISON-ORIGIN-0008-origin2,ORIGIN,34,34,23,0.6764705882352942,0,14
qwen,REBUILD,UPDATE_COMPARISON-ORIGIN-0008-origin3,ORIGIN,34,34,23,0.6764705882352942,0,11
qwen,REBUILD,UPDATE_COMPARISON-ORIGIN-0009-origin0,ORIGIN,34,34,28,0.8235294117647058,0,0
qwen,REBUILD,UPDATE_COMPARISON-ORIGIN-0009-origin1,ORIGIN,34,34,28,0.8235294117647058,0,12
qwen,REBUILD,UPDATE_COMPARISON-ORIGIN-0009-origin2,ORIGIN,34,34,28,0.8235294117647058,0,7
qwen,REBUILD,UPDATE_COMPARISON-ORIGIN-0009-origin3,ORIGIN,34,34,28,0.8235294117647058,0,12
qwen,REBUILD,UPDATE_COMPARISON-ORIGIN-0010-origin0,ORIGIN,34,34,25,0.7352941176470589,0,0
qwen,REBUILD,UPDATE_COMPARISON-ORIGIN-0010-origin1,ORIGIN,34,34,25,0.7352941176470589,0,5
qwen,REBUILD,UPDATE_COMPARISON-ORIGIN-0010-origin2,ORIGIN,34,34,25,0.7352941176470589,0,9
qwen,REBUILD,UPDATE_COMPARISON-ORIGIN-0010-origin3,ORIGIN,34,34,25,0.7352941176470589,0,13
qwen,REBUILD,UPDATE_COMPARISON-ORIGIN-0011-origin0,ORIGIN,34,34,23,0.6764705882352942,0,0
qwen,REBUILD,UPDATE_COMPARISON-ORIGIN-0011-origin1,ORIGIN,34,34,23,0.6764705882352942,0,5
qwen,REBUILD,UPDATE_COMPARISON-ORIGIN-0011-origin2,ORIGIN,34,34,23,0.6764705882352942,0,13
qwen,REBUILD,UPDATE_COMPARISON-ORIGIN-0011-origin3,ORIGIN,34,34,23,0.6764705882352942,0,19
qwen,REBUILD,UPDATE_COMPARISON-ORIGIN-0012-origin0,ORIGIN,34,34,33,0.9705882352941176,0,0
qwen,REBUILD,UPDATE_COMPARISON-ORIGIN-0012-origin1,ORIGIN,34,34,33,0.9705882352941176,0,8
qwen,REBUILD,UPDATE_COMPARISON-ORIGIN-0012-origin2,ORIGIN,34,34,33,0.9705882352941176,0,12
qwen,REBUILD,UPDATE_COMPARISON-ORIGIN-0012-origin3,ORIGIN,34,34,33,0.9705882352941176,0,13
qwen,REBUILD,UPDATE_COMPARISON-ORIGIN-0013-origin0,ORIGIN,34,34,33,0.9705882352941176,0,0
qwen,REBUILD,UPDATE_COMPARISON-ORIGIN-0013-origin1,ORIGIN,34,34,33,0.9705882352941176,0,4
qwen,REBUILD,UPDATE_COMPARISON-ORIGIN-0013-origin2,ORIGIN,34,34,33,0.9705882352941176,0,8
qwen,REBUILD,UPDATE_COMPARISON-ORIGIN-0013-origin3,ORIGIN,34,34,33,0.9705882352941176,0,10
qwen,REBUILD,UPDATE_COMPARISON-ORIGIN-0014-origin0,ORIGIN,34,34,32,0.9411764705882353,0,0
qwen,REBUILD,UPDATE_COMPARISON-ORIGIN-0014-origin1,ORIGIN,34,34,32,0.9411764705882353,0,6
qwen,REBUILD,UPDATE_COMPARISON-ORIGIN-0014-origin2,ORIGIN,34,34,32,0.9411764705882353,0,12
qwen,REBUILD,UPDATE_COMPARISON-ORIGIN-0014-origin3,ORIGIN,34,34,32,0.9411764705882353,0,13
qwen,REBUILD,UPDATE_COMPARISON-ORIGIN-0015-origin0,ORIGIN,34,34,29,0.8529411764705882,0,0
qwen,REBUILD,UPDATE_COMPARISON-ORIGIN-0015-origin1,ORIGIN,34,34,29,0.8529411764705882,0,6
qwen,REBUILD,UPDATE_COMPARISON-ORIGIN-0015-origin2,ORIGIN,34,34,29,0.8529411764705882,0,13
qwen,REBUILD,UPDATE_COMPARISON-ORIGIN-0015-origin3,ORIGIN,34,34,29,0.8529411764705882,0,16
qwen,REBUILD,UPDATE_COMPARISON-ORIGIN-0016-origin0,ORIGIN,34,34,27,0.7941176470588235,0,0
qwen,REBUILD,UPDATE_COMPARISON-ORIGIN-0016-origin1,ORIGIN,34,34,27,0.7941176470588235,0,7
qwen,REBUILD,UPDATE_COMPARISON-ORIGIN-0016-origin2,ORIGIN,34,34,27,0.7941176470588235,0,8
qwen,REBUILD,UPDATE_COMPARISON-ORIGIN-0016-origin3,ORIGIN,34,34,27,0.7941176470588235,0,16
qwen,REBUILD,UPDATE_COMPARISON-ORIGIN-0017-origin0,ORIGIN,34,34,28,0.8235294117647058,0,0
qwen,REBUILD,UPDATE_COMPARISON-ORIGIN-0017-origin1,ORIGIN,34,34,28,0.8235294117647058,0,7
qwen,REBUILD,UPDATE_COMPARISON-ORIGIN-0017-origin2,ORIGIN,34,34,28,0.8235294117647058,0,8
qwen,REBUILD,UPDATE_COMPARISON-ORIGIN-0017-origin3,ORIGIN,34,34,28,0.8235294117647058,0,14
qwen,REBUILD,UPDATE_COMPARISON-ORIGIN-0018-origin0,ORIGIN,34,34,26,0.7647058823529411,0,0
qwen,REBUILD,UPDATE_COMPARISON-ORIGIN-0018-origin1,ORIGIN,34,34,26,0.7647058823529411,0,7
qwen,REBUILD,UPDATE_COMPARISON-ORIGIN-0018-origin2,ORIGIN,34,34,26,0.7647058823529411,0,11
qwen,REBUILD,UPDATE_COMPARISON-ORIGIN-0018-origin3,ORIGIN,34,34,26,0.7647058823529411,0,16
qwen,REBUILD,UPDATE_COMPARISON-ORIGIN-0019-origin0,ORIGIN,34,34,29,0.8529411764705882,0,0
qwen,REBUILD,UPDATE_COMPARISON-ORIGIN-0019-origin1,ORIGIN,34,34,29,0.8529411764705882,0,7
qwen,REBUILD,UPDATE_COMPARISON-ORIGIN-0019-origin2,ORIGIN,34,34,29,0.8529411764705882,0,11
qwen,REBUILD,UPDATE_COMPARISON-ORIGIN-0019-origin3,ORIGIN,34,34,29,0.8529411764705882,0,10
qwen,REBUILD,UPDATE_COMPARISON-ORIGIN-0020-origin0,ORIGIN,34,34,33,0.9705882352941176,0,0
qwen,REBUILD,UPDATE_COMPARISON-ORIGIN-0020-origin1,ORIGIN,34,34,33,0.9705882352941176,0,7
qwen,REBUILD,UPDATE_COMPARISON-ORIGIN-0020-origin2,ORIGIN,34,34,33,0.9705882352941176,0,10
qwen,REBUILD,UPDATE_COMPARISON-ORIGIN-0020-origin3,ORIGIN,34,34,33,0.9705882352941176,0,13
qwen,REBUILD,UPDATE_COMPARISON-ORIGIN-0021-origin0,ORIGIN,34,34,28,0.8235294117647058,0,0
qwen,REBUILD,UPDATE_COMPARISON-ORIGIN-0021-origin1,ORIGIN,34,34,28,0.8235294117647058,0,4
qwen,REBUILD,UPDATE_COMPARISON-ORIGIN-0021-origin2,ORIGIN,34,34,28,0.8235294117647058,0,12
qwen,REBUILD,UPDATE_COMPARISON-ORIGIN-0021-origin3,ORIGIN,34,34,28,0.8235294117647058,0,11
qwen,REBUILD,UPDATE_COMPARISON-ORIGIN-0022-origin0,ORIGIN,34,34,31,0.9117647058823529,0,0
qwen,REBUILD,UPDATE_COMPARISON-ORIGIN-0022-origin1,ORIGIN,34,34,31,0.9117647058823529,0,6
qwen,REBUILD,UPDATE_COMPARISON-ORIGIN-0022-origin2,ORIGIN,34,34,31,0.9117647058823529,0,13
qwen,REBUILD,UPDATE_COMPARISON-ORIGIN-0022-origin3,ORIGIN,34,34,31,0.9117647058823529,0,16
qwen,REBUILD,UPDATE_COMPARISON-ORIGIN-0023-origin0,ORIGIN,34,34,31,0.9117647058823529,0,0
qwen,REBUILD,UPDATE_COMPARISON-ORIGIN-0023-origin1,ORIGIN,34,34,31,0.9117647058823529,0,10
qwen,REBUILD,UPDATE_COMPARISON-ORIGIN-0023-origin2,ORIGIN,34,34,31,0.9117647058823529,0,13
qwen,REBUILD,UPDATE_COMPARISON-ORIGIN-0023-origin3,ORIGIN,34,34,31,0.9117647058823529,0,13
qwen,REBUILD,UPDATE_COMPARISON-ORIGIN-0024-origin0,ORIGIN,34,34,31,0.9117647058823529,0,0
qwen,REBUILD,UPDATE_COMPARISON-ORIGIN-0024-origin1,ORIGIN,34,34,31,0.9117647058823529,0,9
qwen,REBUILD,UPDATE_COMPARISON-ORIGIN-0024-origin2,ORIGIN,34,34,31,0.9117647058823529,0,19
qwen,REBUILD,UPDATE_COMPARISON-ORIGIN-0024-origin3,ORIGIN,34,34,31,0.9117647058823529,0,18
qwen,REBUILD,UPDATE_COMPARISON-ORIGIN-0025-origin0,ORIGIN,34,34,32,0.9411764705882353,0,0
qwen,REBUILD,UPDATE_COMPARISON-ORIGIN-0025-origin1,ORIGIN,34,34,32,0.9411764705882353,0,9
qwen,REBUILD,UPDATE_COMPARISON-ORIGIN-0025-origin2,ORIGIN,34,34,32,0.9411764705882353,0,18
qwen,REBUILD,UPDATE_COMPARISON-ORIGIN-0025-origin3,ORIGIN,34,34,32,0.9411764705882353,0,16
qwen,REBUILD,UPDATE_COMPARISON-ORIGIN-0026-origin0,ORIGIN,34,34,26,0.7647058823529411,0,0
qwen,REBUILD,UPDATE_COMPARISON-ORIGIN-0026-origin1,ORIGIN,34,34,26,0.7647058823529411,0,5
qwen,REBUILD,UPDATE_COMPARISON-ORIGIN-0026-origin2,ORIGIN,34,34,26,0.7647058823529411,0,16
qwen,REBUILD,UPDATE_COMPARISON-ORIGIN-0026-origin3,ORIGIN,34,34,26,0.7647058823529411,0,16
qwen,REBUILD,UPDATE_COMPARISON-ORIGIN-0027-origin0,ORIGIN,34,34,23,0.6764705882352942,0,0
qwen,REBUILD,UPDATE_COMPARISON-ORIGIN-0027-origin1,ORIGIN,34,34,23,0.6764705882352942,0,3
qwen,REBUILD,UPDATE_COMPARISON-ORIGIN-0027-origin2,ORIGIN,34,34,23,0.6764705882352942,0,24
qwen,REBUILD,UPDATE_COMPARISON-ORIGIN-0027-origin3,ORIGIN,34,34,23,0.6764705882352942,0,20
qwen,REBUILD,UPDATE_COMPARISON-ORIGIN-0028-origin0,ORIGIN,34,34,32,0.9411764705882353,0,0
qwen,REBUILD,UPDATE_COMPARISON-ORIGIN-0028-origin1,ORIGIN,34,34,32,0.9411764705882353,0,7
qwen,REBUILD,UPDATE_COMPARISON-ORIGIN-0028-origin2,ORIGIN,34,34,32,0.9411764705882353,0,18
qwen,REBUILD,UPDATE_COMPARISON-ORIGIN-0028-origin3,ORIGIN,34,34,32,0.9411764705882353,0,24
qwen,REBUILD,UPDATE_COMPARISON-ORIGIN-0029-origin0,ORIGIN,34,34,34,1.0,1,0
qwen,REBUILD,UPDATE_COMPARISON-ORIGIN-0029-origin1,ORIGIN,34,34,34,1.0,1,0
qwen,REBUILD,UPDATE_COMPARISON-ORIGIN-0029-origin2,ORIGIN,34,34,34,1.0,1,17
qwen,REBUILD,UPDATE_COMPARISON-ORIGIN-0029-origin3,ORIGIN,34,34,34,1.0,1,20
qwen,REBUILD,UPDATE_COMPARISON-ORIGIN-0030-origin0,ORIGIN,34,34,33,0.9705882352941176,0,0
qwen,REBUILD,UPDATE_COMPARISON-ORIGIN-0030-origin1,ORIGIN,34,34,33,0.9705882352941176,0,7
qwen,REBUILD,UPDATE_COMPARISON-ORIGIN-0030-origin2,ORIGIN,34,34,33,0.9705882352941176,0,15
qwen,REBUILD,UPDATE_COMPARISON-ORIGIN-0030-origin3,ORIGIN,34,34,33,0.9705882352941176,0,18
qwen,REBUILD,UPDATE_COMPARISON-ORIGIN-0031-origin0,ORIGIN,34,34,32,0.9411764705882353,0,0
qwen,REBUILD,UPDATE_COMPARISON-ORIGIN-0031-origin1,ORIGIN,34,34,32,0.9411764705882353,0,7
qwen,REBUILD,UPDATE_COMPARISON-ORIGIN-0031-origin2,ORIGIN,34,34,32,0.9411764705882353,0,24
qwen,REBUILD,UPDATE_COMPARISON-ORIGIN-0031-origin3,ORIGIN,34,34,32,0.9411764705882353,0,26
qwen,REBUILD,UPDATE_COMPARISON-ORIGIN-0032-origin0,ORIGIN,34,34,24,0.7058823529411765,0,0
qwen,REBUILD,UPDATE_COMPARISON-ORIGIN-0032-origin1,ORIGIN,34,34,24,0.7058823529411765,0,4
qwen,REBUILD,UPDATE_COMPARISON-ORIGIN-0032-origin2,ORIGIN,34,34,24,0.7058823529411765,0,16
qwen,REBUILD,UPDATE_COMPARISON-ORIGIN-0032-origin3,ORIGIN,34,34,24,0.7058823529411765,0,24
qwen,REBUILD,UPDATE_COMPARISON-ORIGIN-0033-origin0,ORIGIN,34,34,28,0.8235294117647058,0,0
qwen,REBUILD,UPDATE_COMPARISON-ORIGIN-0033-origin1,ORIGIN,34,34,28,0.8235294117647058,0,2
qwen,REBUILD,UPDATE_COMPARISON-ORIGIN-0033-origin2,ORIGIN,34,34,28,0.8235294117647058,0,20
qwen,REBUILD,UPDATE_COMPARISON-ORIGIN-0033-origin3,ORIGIN,34,34,28,0.8235294117647058,0,27
qwen,REBUILD,UPDATE_COMPARISON-ORIGIN-0034-origin0,ORIGIN,34,34,23,0.6764705882352942,0,0
qwen,REBUILD,UPDATE_COMPARISON-ORIGIN-0034-origin1,ORIGIN,34,34,23,0.6764705882352942,0,6
qwen,REBUILD,UPDATE_COMPARISON-ORIGIN-0034-origin2,ORIGIN,34,34,23,0.6764705882352942,0,15
qwen,REBUILD,UPDATE_COMPARISON-ORIGIN-0034-origin3,ORIGIN,34,34,23,0.6764705882352942,0,22
qwen,REBUILD,UPDATE_COMPARISON-ORIGIN-0035-origin0,ORIGIN,34,34,19,0.5588235294117647,0,0
qwen,REBUILD,UPDATE_COMPARISON-ORIGIN-0035-origin1,ORIGIN,34,34,19,0.5588235294117647,0,5
qwen,REBUILD,UPDATE_COMPARISON-ORIGIN-0035-origin2,ORIGIN,34,34,19,0.5588235294117647,0,14
qwen,REBUILD,UPDATE_COMPARISON-ORIGIN-0035-origin3,ORIGIN,34,34,19,0.5588235294117647,0,17
qwen,REBUILD,UPDATE_COMPARISON-ORIGIN-0036-origin0,ORIGIN,34,34,25,0.7352941176470589,0,0
qwen,REBUILD,UPDATE_COMPARISON-ORIGIN-0036-origin1,ORIGIN,34,34,25,0.7352941176470589,0,2
qwen,REBUILD,UPDATE_COMPARISON-ORIGIN-0036-origin2,ORIGIN,34,34,25,0.7352941176470589,0,27
qwen,REBUILD,UPDATE_COMPARISON-ORIGIN-0036-origin3,ORIGIN,34,34,25,0.7352941176470589,0,20
qwen,REBUILD,UPDATE_COMPARISON-ORIGIN-0037-origin0,ORIGIN,34,34,25,0.7352941176470589,0,0
qwen,REBUILD,UPDATE_COMPARISON-ORIGIN-0037-origin1,ORIGIN,34,34,25,0.7352941176470589,0,1
qwen,REBUILD,UPDATE_COMPARISON-ORIGIN-0037-origin2,ORIGIN,34,34,25,0.7352941176470589,0,27
qwen,REBUILD,UPDATE_COMPARISON-ORIGIN-0037-origin3,ORIGIN,34,34,25,0.7352941176470589,0,20
qwen,REBUILD,UPDATE_COMPARISON-ORIGIN-0038-origin0,ORIGIN,34,34,31,0.9117647058823529,0,0
qwen,REBUILD,UPDATE_COMPARISON-ORIGIN-0038-origin1,ORIGIN,34,34,31,0.9117647058823529,0,7
qwen,REBUILD,UPDATE_COMPARISON-ORIGIN-0038-origin2,ORIGIN,34,34,31,0.9117647058823529,0,20
qwen,REBUILD,UPDATE_COMPARISON-ORIGIN-0038-origin3,ORIGIN,34,34,31,0.9117647058823529,0,14
qwen,REBUILD,UPDATE_COMPARISON-ORIGIN-0039-origin0,ORIGIN,34,34,28,0.8235294117647058,0,0
qwen,REBUILD,UPDATE_COMPARISON-ORIGIN-0039-origin1,ORIGIN,34,34,28,0.8235294117647058,0,4
qwen,REBUILD,UPDATE_COMPARISON-ORIGIN-0039-origin2,ORIGIN,34,34,28,0.8235294117647058,0,20
qwen,REBUILD,UPDATE_COMPARISON-ORIGIN-0039-origin3,ORIGIN,34,34,28,0.8235294117647058,0,21
qwen,REBUILD,UPDATE_COMPARISON-ORIGIN-0040-origin0,ORIGIN,34,34,26,0.7647058823529411,0,0
qwen,REBUILD,UPDATE_COMPARISON-ORIGIN-0040-origin1,ORIGIN,34,34,26,0.7647058823529411,0,7
qwen,REBUILD,UPDATE_COMPARISON-ORIGIN-0040-origin2,ORIGIN,34,34,26,0.7647058823529411,0,9
qwen,REBUILD,UPDATE_COMPARISON-ORIGIN-0040-origin3,ORIGIN,34,34,26,0.7647058823529411,0,7
qwen,REBUILD,UPDATE_COMPARISON-ORIGIN-0041-origin0,ORIGIN,34,34,23,0.6764705882352942,0,0
qwen,REBUILD,UPDATE_COMPARISON-ORIGIN-0041-origin1,ORIGIN,34,34,23,0.6764705882352942,0,6
qwen,REBUILD,UPDATE_COMPARISON-ORIGIN-0041-origin2,ORIGIN,34,34,23,0.6764705882352942,0,11
qwen,REBUILD,UPDATE_COMPARISON-ORIGIN-0041-origin3,ORIGIN,34,34,23,0.6764705882352942,0,14
qwen,REBUILD,UPDATE_COMPARISON-ORIGIN-0042-origin0,ORIGIN,34,34,28,0.8235294117647058,0,0
qwen,REBUILD,UPDATE_COMPARISON-ORIGIN-0042-origin1,ORIGIN,34,34,28,0.8235294117647058,0,7
qwen,REBUILD,UPDATE_COMPARISON-ORIGIN-0042-origin2,ORIGIN,34,34,28,0.8235294117647058,0,11
qwen,REBUILD,UPDATE_COMPARISON-ORIGIN-0042-origin3,ORIGIN,34,34,28,0.8235294117647058,0,16
qwen,REBUILD,UPDATE_COMPARISON-ORIGIN-0043-origin0,ORIGIN,34,34,31,0.9117647058823529,0,0
qwen,REBUILD,UPDATE_COMPARISON-ORIGIN-0043-origin1,ORIGIN,34,34,31,0.9117647058823529,0,9
qwen,REBUILD,UPDATE_COMPARISON-ORIGIN-0043-origin2,ORIGIN,34,34,31,0.9117647058823529,0,10
qwen,REBUILD,UPDATE_COMPARISON-ORIGIN-0043-origin3,ORIGIN,34,34,31,0.9117647058823529,0,16
qwen,REBUILD,UPDATE_COMPARISON-ORIGIN-0044-origin0,ORIGIN,34,34,32,0.9411764705882353,0,0
qwen,REBUILD,UPDATE_COMPARISON-ORIGIN-0044-origin1,ORIGIN,34,34,32,0.9411764705882353,0,8
qwen,REBUILD,UPDATE_COMPARISON-ORIGIN-0044-origin2,ORIGIN,34,34,32,0.9411764705882353,0,13
qwen,REBUILD,UPDATE_COMPARISON-ORIGIN-0044-origin3,ORIGIN,34,34,32,0.9411764705882353,0,12
qwen,REBUILD,UPDATE_COMPARISON-ORIGIN-0045-origin0,ORIGIN,34,34,32,0.9411764705882353,0,0
qwen,REBUILD,UPDATE_COMPARISON-ORIGIN-0045-origin1,ORIGIN,34,34,32,0.9411764705882353,0,5
qwen,REBUILD,UPDATE_COMPARISON-ORIGIN-0045-origin2,ORIGIN,34,34,32,0.9411764705882353,0,10
qwen,REBUILD,UPDATE_COMPARISON-ORIGIN-0045-origin3,ORIGIN,34,34,32,0.9411764705882353,0,10
qwen,REBUILD,UPDATE_COMPARISON-ORIGIN-0046-origin0,ORIGIN,34,34,34,1.0,1,0
qwen,REBUILD,UPDATE_COMPARISON-ORIGIN-0046-origin1,ORIGIN,34,34,34,1.0,1,5
qwen,REBUILD,UPDATE_COMPARISON-ORIGIN-0046-origin2,ORIGIN,34,34,34,1.0,1,15
qwen,REBUILD,UPDATE_COMPARISON-ORIGIN-0046-origin3,ORIGIN,34,34,34,1.0,1,17
qwen,REBUILD,UPDATE_COMPARISON-ORIGIN-0047-origin0,ORIGIN,34,34,33,0.9705882352941176,0,0
qwen,REBUILD,UPDATE_COMPARISON-ORIGIN-0047-origin1,ORIGIN,34,34,33,0.9705882352941176,0,5
qwen,REBUILD,UPDATE_COMPARISON-ORIGIN-0047-origin2,ORIGIN,34,34,33,0.9705882352941176,0,10
qwen,REBUILD,UPDATE_COMPARISON-ORIGIN-0047-origin3,ORIGIN,34,34,33,0.9705882352941176,0,9
qwen,REBUILD,UPDATE_COMPARISON-ORIGIN-0048-origin0,ORIGIN,34,34,27,0.7941176470588235,0,0
qwen,REBUILD,UPDATE_COMPARISON-ORIGIN-0048-origin1,ORIGIN,34,34,27,0.7941176470588235,0,4
qwen,REBUILD,UPDATE_COMPARISON-ORIGIN-0048-origin2,ORIGIN,34,34,27,0.7941176470588235,0,11
qwen,REBUILD,UPDATE_COMPARISON-ORIGIN-0048-origin3,ORIGIN,34,34,27,0.7941176470588235,0,15
qwen,REBUILD,UPDATE_COMPARISON-ORIGIN-0049-origin0,ORIGIN,34,34,29,0.8529411764705882,0,0
qwen,REBUILD,UPDATE_COMPARISON-ORIGIN-0049-origin1,ORIGIN,34,34,29,0.8529411764705882,0,4
qwen,REBUILD,UPDATE_COMPARISON-ORIGIN-0049-origin2,ORIGIN,34,34,29,0.8529411764705882,0,6
qwen,REBUILD,UPDATE_COMPARISON-ORIGIN-0049-origin3,ORIGIN,34,34,29,0.8529411764705882,0,12
qwen,REBUILD,UPDATE_COMPARISON-ORIGIN-0050-origin0,ORIGIN,34,34,27,0.7941176470588235,0,0
qwen,REBUILD,UPDATE_COMPARISON-ORIGIN-0050-origin1,ORIGIN,34,34,27,0.7941176470588235,0,5
qwen,REBUILD,UPDATE_COMPARISON-ORIGIN-0050-origin2,ORIGIN,34,34,27,0.7941176470588235,0,5
qwen,REBUILD,UPDATE_COMPARISON-ORIGIN-0050-origin3,ORIGIN,34,34,27,0.7941176470588235,0,12
qwen,REBUILD,UPDATE_COMPARISON-ORIGIN-0051-origin0,ORIGIN,34,34,27,0.7941176470588235,0,0
qwen,REBUILD,UPDATE_COMPARISON-ORIGIN-0051-origin1,ORIGIN,34,34,27,0.7941176470588235,0,5
qwen,REBUILD,UPDATE_COMPARISON-ORIGIN-0051-origin2,ORIGIN,34,34,27,0.7941176470588235,0,9
qwen,REBUILD,UPDATE_COMPARISON-ORIGIN-0051-origin3,ORIGIN,34,34,27,0.7941176470588235,0,14
qwen,REBUILD,UPDATE_COMPARISON-ORIGIN-0052-origin0,ORIGIN,34,34,33,0.9705882352941176,0,0
qwen,REBUILD,UPDATE_COMPARISON-ORIGIN-0052-origin1,ORIGIN,34,34,33,0.9705882352941176,0,5
qwen,REBUILD,UPDATE_COMPARISON-ORIGIN-0052-origin2,ORIGIN,34,34,33,0.9705882352941176,0,9
qwen,REBUILD,UPDATE_COMPARISON-ORIGIN-0052-origin3,ORIGIN,34,34,33,0.9705882352941176,0,10
qwen,REBUILD,UPDATE_COMPARISON-ORIGIN-0053-origin0,ORIGIN,34,34,29,0.8529411764705882,0,0
qwen,REBUILD,UPDATE_COMPARISON-ORIGIN-0053-origin1,ORIGIN,34,34,29,0.8529411764705882,0,8
qwen,REBUILD,UPDATE_COMPARISON-ORIGIN-0053-origin2,ORIGIN,34,34,29,0.8529411764705882,0,10
qwen,REBUILD,UPDATE_COMPARISON-ORIGIN-0053-origin3,ORIGIN,34,34,29,0.8529411764705882,0,13
qwen,REBUILD,UPDATE_COMPARISON-ORIGIN-0054-origin0,ORIGIN,34,34,32,0.9411764705882353,0,0
qwen,REBUILD,UPDATE_COMPARISON-ORIGIN-0054-origin1,ORIGIN,34,34,32,0.9411764705882353,0,7
qwen,REBUILD,UPDATE_COMPARISON-ORIGIN-0054-origin2,ORIGIN,34,34,32,0.9411764705882353,0,14
qwen,REBUILD,UPDATE_COMPARISON-ORIGIN-0054-origin3,ORIGIN,34,34,32,0.9411764705882353,0,16
qwen,REBUILD,UPDATE_COMPARISON-ORIGIN-0055-origin0,ORIGIN,34,34,32,0.9411764705882353,0,0
qwen,REBUILD,UPDATE_COMPARISON-ORIGIN-0055-origin1,ORIGIN,34,34,32,0.9411764705882353,0,6
qwen,REBUILD,UPDATE_COMPARISON-ORIGIN-0055-origin2,ORIGIN,34,34,32,0.9411764705882353,0,15
qwen,REBUILD,UPDATE_COMPARISON-ORIGIN-0055-origin3,ORIGIN,34,34,32,0.9411764705882353,0,15
qwen,REBUILD,UPDATE_COMPARISON-ORIGIN-0056-origin0,ORIGIN,34,34,28,0.8235294117647058,0,0
qwen,REBUILD,UPDATE_COMPARISON-ORIGIN-0056-origin1,ORIGIN,34,34,28,0.8235294117647058,0,9
qwen,REBUILD,UPDATE_COMPARISON-ORIGIN-0056-origin2,ORIGIN,34,34,28,0.8235294117647058,0,18
qwen,REBUILD,UPDATE_COMPARISON-ORIGIN-0056-origin3,ORIGIN,34,34,28,0.8235294117647058,0,20
qwen,REBUILD,UPDATE_COMPARISON-ORIGIN-0057-origin0,ORIGIN,34,34,30,0.8823529411764706,0,0
qwen,REBUILD,UPDATE_COMPARISON-ORIGIN-0057-origin1,ORIGIN,34,34,30,0.8823529411764706,0,10
qwen,REBUILD,UPDATE_COMPARISON-ORIGIN-0057-origin2,ORIGIN,34,34,30,0.8823529411764706,0,18
qwen,REBUILD,UPDATE_COMPARISON-ORIGIN-0057-origin3,ORIGIN,34,34,30,0.8823529411764706,0,17
qwen,REBUILD,UPDATE_COMPARISON-ORIGIN-0058-origin0,ORIGIN,34,34,29,0.8529411764705882,0,0
qwen,REBUILD,UPDATE_COMPARISON-ORIGIN-0058-origin1,ORIGIN,34,34,29,0.8529411764705882,0,9
qwen,REBUILD,UPDATE_COMPARISON-ORIGIN-0058-origin2,ORIGIN,34,34,29,0.8529411764705882,0,15
qwen,REBUILD,UPDATE_COMPARISON-ORIGIN-0058-origin3,ORIGIN,34,34,29,0.8529411764705882,0,15
qwen,REBUILD,UPDATE_COMPARISON-ORIGIN-0059-origin0,ORIGIN,34,34,34,1.0,1,0
qwen,REBUILD,UPDATE_COMPARISON-ORIGIN-0059-origin1,ORIGIN,34,34,34,1.0,1,6
qwen,REBUILD,UPDATE_COMPARISON-ORIGIN-0059-origin2,ORIGIN,34,34,34,1.0,1,15
qwen,REBUILD,UPDATE_COMPARISON-ORIGIN-0059-origin3,ORIGIN,34,34,34,1.0,1,11
qwen,REBUILD,UPDATE_COMPARISON-ORIGIN-0060-origin0,ORIGIN,34,34,34,1.0,1,0
qwen,REBUILD,UPDATE_COMPARISON-ORIGIN-0060-origin1,ORIGIN,34,34,34,1.0,1,12
qwen,REBUILD,UPDATE_COMPARISON-ORIGIN-0060-origin2,ORIGIN,34,34,34,1.0,1,21
qwen,REBUILD,UPDATE_COMPARISON-ORIGIN-0060-origin3,ORIGIN,34,34,34,1.0,1,25
qwen,REBUILD,UPDATE_COMPARISON-ORIGIN-0061-origin0,ORIGIN,34,34,29,0.8529411764705882,0,0
qwen,REBUILD,UPDATE_COMPARISON-ORIGIN-0061-origin1,ORIGIN,34,34,29,0.8529411764705882,0,8
qwen,REBUILD,UPDATE_COMPARISON-ORIGIN-0061-origin2,ORIGIN,34,34,29,0.8529411764705882,0,15
qwen,REBUILD,UPDATE_COMPARISON-ORIGIN-0061-origin3,ORIGIN,34,34,29,0.8529411764705882,0,19
qwen,REBUILD,UPDATE_COMPARISON-ORIGIN-0062-origin0,ORIGIN,34,34,34,1.0,1,0
qwen,REBUILD,UPDATE_COMPARISON-ORIGIN-0062-origin1,ORIGIN,34,34,34,1.0,1,11
qwen,REBUILD,UPDATE_COMPARISON-ORIGIN-0062-origin2,ORIGIN,34,34,34,1.0,1,25
qwen,REBUILD,UPDATE_COMPARISON-ORIGIN-0062-origin3,ORIGIN,34,34,34,1.0,1,23
qwen,REBUILD,UPDATE_COMPARISON-ORIGIN-0063-origin0,ORIGIN,34,34,30,0.8823529411764706,0,0
qwen,REBUILD,UPDATE_COMPARISON-ORIGIN-0063-origin1,ORIGIN,34,34,30,0.8823529411764706,0,6
qwen,REBUILD,UPDATE_COMPARISON-ORIGIN-0063-origin2,ORIGIN,34,34,30,0.8823529411764706,0,12
qwen,REBUILD,UPDATE_COMPARISON-ORIGIN-0063-origin3,ORIGIN,34,34,30,0.8823529411764706,0,15
qwen,SOURCE,UPDATE_COMPARISON-ORIGIN-0000-origin0,ORIGIN,34,34,26,0.7647058823529411,0,0
qwen,SOURCE,UPDATE_COMPARISON-ORIGIN-0000-origin1,ORIGIN,34,34,19,0.5588235294117647,0,0
qwen,SOURCE,UPDATE_COMPARISON-ORIGIN-0000-origin2,ORIGIN,34,34,16,0.47058823529411764,0,0
qwen,SOURCE,UPDATE_COMPARISON-ORIGIN-0000-origin3,ORIGIN,34,34,12,0.35294117647058826,0,0
qwen,SOURCE,UPDATE_COMPARISON-ORIGIN-0001-origin0,ORIGIN,34,34,20,0.5882352941176471,0,0
qwen,SOURCE,UPDATE_COMPARISON-ORIGIN-0001-origin1,ORIGIN,34,34,18,0.5294117647058824,0,0
qwen,SOURCE,UPDATE_COMPARISON-ORIGIN-0001-origin2,ORIGIN,34,34,13,0.38235294117647056,0,0
qwen,SOURCE,UPDATE_COMPARISON-ORIGIN-0001-origin3,ORIGIN,34,34,9,0.2647058823529412,0,0
qwen,SOURCE,UPDATE_COMPARISON-ORIGIN-0002-origin0,ORIGIN,34,34,25,0.7352941176470589,0,0
qwen,SOURCE,UPDATE_COMPARISON-ORIGIN-0002-origin1,ORIGIN,34,34,20,0.5882352941176471,0,0
qwen,SOURCE,UPDATE_COMPARISON-ORIGIN-0002-origin2,ORIGIN,34,34,17,0.5,0,0
qwen,SOURCE,UPDATE_COMPARISON-ORIGIN-0002-origin3,ORIGIN,34,34,10,0.29411764705882354,0,0
qwen,SOURCE,UPDATE_COMPARISON-ORIGIN-0003-origin0,ORIGIN,34,34,22,0.6470588235294118,0,0
qwen,SOURCE,UPDATE_COMPARISON-ORIGIN-0003-origin1,ORIGIN,34,34,18,0.5294117647058824,0,0
qwen,SOURCE,UPDATE_COMPARISON-ORIGIN-0003-origin2,ORIGIN,34,34,15,0.4411764705882353,0,0
qwen,SOURCE,UPDATE_COMPARISON-ORIGIN-0003-origin3,ORIGIN,34,34,9,0.2647058823529412,0,0
qwen,SOURCE,UPDATE_COMPARISON-ORIGIN-0004-origin0,ORIGIN,34,34,32,0.9411764705882353,0,0
qwen,SOURCE,UPDATE_COMPARISON-ORIGIN-0004-origin1,ORIGIN,34,34,27,0.7941176470588235,0,0
qwen,SOURCE,UPDATE_COMPARISON-ORIGIN-0004-origin2,ORIGIN,34,34,22,0.6470588235294118,0,0
qwen,SOURCE,UPDATE_COMPARISON-ORIGIN-0004-origin3,ORIGIN,34,34,20,0.5882352941176471,0,0
qwen,SOURCE,UPDATE_COMPARISON-ORIGIN-0005-origin0,ORIGIN,34,34,26,0.7647058823529411,0,0
qwen,SOURCE,UPDATE_COMPARISON-ORIGIN-0005-origin1,ORIGIN,34,34,24,0.7058823529411765,0,0
qwen,SOURCE,UPDATE_COMPARISON-ORIGIN-0005-origin2,ORIGIN,34,34,17,0.5,0,0
qwen,SOURCE,UPDATE_COMPARISON-ORIGIN-0005-origin3,ORIGIN,34,34,16,0.47058823529411764,0,0
qwen,SOURCE,UPDATE_COMPARISON-ORIGIN-0006-origin0,ORIGIN,34,34,30,0.8823529411764706,0,0
qwen,SOURCE,UPDATE_COMPARISON-ORIGIN-0006-origin1,ORIGIN,34,34,28,0.8235294117647058,0,0
qwen,SOURCE,UPDATE_COMPARISON-ORIGIN-0006-origin2,ORIGIN,34,34,18,0.5294117647058824,0,0
qwen,SOURCE,UPDATE_COMPARISON-ORIGIN-0006-origin3,ORIGIN,34,34,22,0.6470588235294118,0,0
qwen,SOURCE,UPDATE_COMPARISON-ORIGIN-0007-origin0,ORIGIN,34,34,25,0.7352941176470589,0,0
qwen,SOURCE,UPDATE_COMPARISON-ORIGIN-0007-origin1,ORIGIN,34,34,23,0.6764705882352942,0,0
qwen,SOURCE,UPDATE_COMPARISON-ORIGIN-0007-origin2,ORIGIN,34,34,20,0.5882352941176471,0,0
qwen,SOURCE,UPDATE_COMPARISON-ORIGIN-0007-origin3,ORIGIN,34,34,21,0.6176470588235294,0,0
qwen,SOURCE,UPDATE_COMPARISON-ORIGIN-0008-origin0,ORIGIN,34,34,23,0.6764705882352942,0,0
qwen,SOURCE,UPDATE_COMPARISON-ORIGIN-0008-origin1,ORIGIN,34,34,22,0.6470588235294118,0,0
qwen,SOURCE,UPDATE_COMPARISON-ORIGIN-0008-origin2,ORIGIN,34,34,23,0.6764705882352942,0,0
qwen,SOURCE,UPDATE_COMPARISON-ORIGIN-0008-origin3,ORIGIN,34,34,20,0.5882352941176471,0,0
qwen,SOURCE,UPDATE_COMPARISON-ORIGIN-0009-origin0,ORIGIN,34,34,28,0.8235294117647058,0,0
qwen,SOURCE,UPDATE_COMPARISON-ORIGIN-0009-origin1,ORIGIN,34,34,24,0.7058823529411765,0,0
qwen,SOURCE,UPDATE_COMPARISON-ORIGIN-0009-origin2,ORIGIN,34,34,23,0.6764705882352942,0,0
qwen,SOURCE,UPDATE_COMPARISON-ORIGIN-0009-origin3,ORIGIN,34,34,18,0.5294117647058824,0,0
qwen,SOURCE,UPDATE_COMPARISON-ORIGIN-0010-origin0,ORIGIN,34,34,25,0.7352941176470589,0,0
qwen,SOURCE,UPDATE_COMPARISON-ORIGIN-0010-origin1,ORIGIN,34,34,22,0.6470588235294118,0,0
qwen,SOURCE,UPDATE_COMPARISON-ORIGIN-0010-origin2,ORIGIN,34,34,22,0.6470588235294118,0,0
qwen,SOURCE,UPDATE_COMPARISON-ORIGIN-0010-origin3,ORIGIN,34,34,18,0.5294117647058824,0,0
qwen,SOURCE,UPDATE_COMPARISON-ORIGIN-0011-origin0,ORIGIN,34,34,23,0.6764705882352942,0,0
qwen,SOURCE,UPDATE_COMPARISON-ORIGIN-0011-origin1,ORIGIN,34,34,18,0.5294117647058824,0,0
qwen,SOURCE,UPDATE_COMPARISON-ORIGIN-0011-origin2,ORIGIN,34,34,20,0.5882352941176471,0,0
qwen,SOURCE,UPDATE_COMPARISON-ORIGIN-0011-origin3,ORIGIN,34,34,18,0.5294117647058824,0,0
qwen,SOURCE,UPDATE_COMPARISON-ORIGIN-0012-origin0,ORIGIN,34,34,33,0.9705882352941176,0,0
qwen,SOURCE,UPDATE_COMPARISON-ORIGIN-0012-origin1,ORIGIN,34,34,25,0.7352941176470589,0,0
qwen,SOURCE,UPDATE_COMPARISON-ORIGIN-0012-origin2,ORIGIN,34,34,21,0.6176470588235294,0,0
qwen,SOURCE,UPDATE_COMPARISON-ORIGIN-0012-origin3,ORIGIN,34,34,20,0.5882352941176471,0,0
qwen,SOURCE,UPDATE_COMPARISON-ORIGIN-0013-origin0,ORIGIN,34,34,33,0.9705882352941176,0,0
qwen,SOURCE,UPDATE_COMPARISON-ORIGIN-0013-origin1,ORIGIN,34,34,29,0.8529411764705882,0,0
qwen,SOURCE,UPDATE_COMPARISON-ORIGIN-0013-origin2,ORIGIN,34,34,25,0.7352941176470589,0,0
qwen,SOURCE,UPDATE_COMPARISON-ORIGIN-0013-origin3,ORIGIN,34,34,23,0.6764705882352942,0,0
qwen,SOURCE,UPDATE_COMPARISON-ORIGIN-0014-origin0,ORIGIN,34,34,32,0.9411764705882353,0,0
qwen,SOURCE,UPDATE_COMPARISON-ORIGIN-0014-origin1,ORIGIN,34,34,26,0.7647058823529411,0,0
qwen,SOURCE,UPDATE_COMPARISON-ORIGIN-0014-origin2,ORIGIN,34,34,20,0.5882352941176471,0,0
qwen,SOURCE,UPDATE_COMPARISON-ORIGIN-0014-origin3,ORIGIN,34,34,19,0.5588235294117647,0,0
qwen,SOURCE,UPDATE_COMPARISON-ORIGIN-0015-origin0,ORIGIN,34,34,29,0.8529411764705882,0,0
qwen,SOURCE,UPDATE_COMPARISON-ORIGIN-0015-origin1,ORIGIN,34,34,25,0.7352941176470589,0,0
qwen,SOURCE,UPDATE_COMPARISON-ORIGIN-0015-origin2,ORIGIN,34,34,16,0.47058823529411764,0,0
qwen,SOURCE,UPDATE_COMPARISON-ORIGIN-0015-origin3,ORIGIN,34,34,15,0.4411764705882353,0,0
qwen,SOURCE,UPDATE_COMPARISON-ORIGIN-0016-origin0,ORIGIN,34,34,27,0.7941176470588235,0,0
qwen,SOURCE,UPDATE_COMPARISON-ORIGIN-0016-origin1,ORIGIN,34,34,22,0.6470588235294118,0,0
qwen,SOURCE,UPDATE_COMPARISON-ORIGIN-0016-origin2,ORIGIN,34,34,23,0.6764705882352942,0,0
qwen,SOURCE,UPDATE_COMPARISON-ORIGIN-0016-origin3,ORIGIN,34,34,19,0.5588235294117647,0,0
qwen,SOURCE,UPDATE_COMPARISON-ORIGIN-0017-origin0,ORIGIN,34,34,28,0.8235294117647058,0,0
qwen,SOURCE,UPDATE_COMPARISON-ORIGIN-0017-origin1,ORIGIN,34,34,23,0.6764705882352942,0,0
qwen,SOURCE,UPDATE_COMPARISON-ORIGIN-0017-origin2,ORIGIN,34,34,24,0.7058823529411765,0,0
qwen,SOURCE,UPDATE_COMPARISON-ORIGIN-0017-origin3,ORIGIN,34,34,18,0.5294117647058824,0,0
qwen,SOURCE,UPDATE_COMPARISON-ORIGIN-0018-origin0,ORIGIN,34,34,26,0.7647058823529411,0,0
qwen,SOURCE,UPDATE_COMPARISON-ORIGIN-0018-origin1,ORIGIN,34,34,19,0.5588235294117647,0,0
qwen,SOURCE,UPDATE_COMPARISON-ORIGIN-0018-origin2,ORIGIN,34,34,23,0.6764705882352942,0,0
qwen,SOURCE,UPDATE_COMPARISON-ORIGIN-0018-origin3,ORIGIN,34,34,20,0.5882352941176471,0,0
qwen,SOURCE,UPDATE_COMPARISON-ORIGIN-0019-origin0,ORIGIN,34,34,29,0.8529411764705882,0,0
qwen,SOURCE,UPDATE_COMPARISON-ORIGIN-0019-origin1,ORIGIN,34,34,22,0.6470588235294118,0,0
qwen,SOURCE,UPDATE_COMPARISON-ORIGIN-0019-origin2,ORIGIN,34,34,22,0.6470588235294118,0,0
qwen,SOURCE,UPDATE_COMPARISON-ORIGIN-0019-origin3,ORIGIN,34,34,19,0.5588235294117647,0,0
qwen,SOURCE,UPDATE_COMPARISON-ORIGIN-0020-origin0,ORIGIN,34,34,33,0.9705882352941176,0,0
qwen,SOURCE,UPDATE_COMPARISON-ORIGIN-0020-origin1,ORIGIN,34,34,26,0.7647058823529411,0,0
qwen,SOURCE,UPDATE_COMPARISON-ORIGIN-0020-origin2,ORIGIN,34,34,23,0.6764705882352942,0,0
qwen,SOURCE,UPDATE_COMPARISON-ORIGIN-0020-origin3,ORIGIN,34,34,20,0.5882352941176471,0,0
qwen,SOURCE,UPDATE_COMPARISON-ORIGIN-0021-origin0,ORIGIN,34,34,28,0.8235294117647058,0,0
qwen,SOURCE,UPDATE_COMPARISON-ORIGIN-0021-origin1,ORIGIN,34,34,24,0.7058823529411765,0,0
qwen,SOURCE,UPDATE_COMPARISON-ORIGIN-0021-origin2,ORIGIN,34,34,20,0.5882352941176471,0,0
qwen,SOURCE,UPDATE_COMPARISON-ORIGIN-0021-origin3,ORIGIN,34,34,17,0.5,0,0
qwen,SOURCE,UPDATE_COMPARISON-ORIGIN-0022-origin0,ORIGIN,34,34,31,0.9117647058823529,0,0
qwen,SOURCE,UPDATE_COMPARISON-ORIGIN-0022-origin1,ORIGIN,34,34,25,0.7352941176470589,0,0
qwen,SOURCE,UPDATE_COMPARISON-ORIGIN-0022-origin2,ORIGIN,34,34,22,0.6470588235294118,0,0
qwen,SOURCE,UPDATE_COMPARISON-ORIGIN-0022-origin3,ORIGIN,34,34,19,0.5588235294117647,0,0
qwen,SOURCE,UPDATE_COMPARISON-ORIGIN-0023-origin0,ORIGIN,34,34,31,0.9117647058823529,0,0
qwen,SOURCE,UPDATE_COMPARISON-ORIGIN-0023-origin1,ORIGIN,34,34,25,0.7352941176470589,0,0
qwen,SOURCE,UPDATE_COMPARISON-ORIGIN-0023-origin2,ORIGIN,34,34,24,0.7058823529411765,0,0
qwen,SOURCE,UPDATE_COMPARISON-ORIGIN-0023-origin3,ORIGIN,34,34,22,0.6470588235294118,0,0
qwen,SOURCE,UPDATE_COMPARISON-ORIGIN-0024-origin0,ORIGIN,34,34,31,0.9117647058823529,0,0
qwen,SOURCE,UPDATE_COMPARISON-ORIGIN-0024-origin1,ORIGIN,34,34,22,0.6470588235294118,0,0
qwen,SOURCE,UPDATE_COMPARISON-ORIGIN-0024-origin2,ORIGIN,34,34,18,0.5294117647058824,0,0
qwen,SOURCE,UPDATE_COMPARISON-ORIGIN-0024-origin3,ORIGIN,34,34,17,0.5,0,0
qwen,SOURCE,UPDATE_COMPARISON-ORIGIN-0025-origin0,ORIGIN,34,34,32,0.9411764705882353,0,0
qwen,SOURCE,UPDATE_COMPARISON-ORIGIN-0025-origin1,ORIGIN,34,34,23,0.6764705882352942,0,0
qwen,SOURCE,UPDATE_COMPARISON-ORIGIN-0025-origin2,ORIGIN,34,34,18,0.5294117647058824,0,0
qwen,SOURCE,UPDATE_COMPARISON-ORIGIN-0025-origin3,ORIGIN,34,34,20,0.5882352941176471,0,0
qwen,SOURCE,UPDATE_COMPARISON-ORIGIN-0026-origin0,ORIGIN,34,34,26,0.7647058823529411,0,0
qwen,SOURCE,UPDATE_COMPARISON-ORIGIN-0026-origin1,ORIGIN,34,34,23,0.6764705882352942,0,0
qwen,SOURCE,UPDATE_COMPARISON-ORIGIN-0026-origin2,ORIGIN,34,34,24,0.7058823529411765,0,0
qwen,SOURCE,UPDATE_COMPARISON-ORIGIN-0026-origin3,ORIGIN,34,34,20,0.5882352941176471,0,0
qwen,SOURCE,UPDATE_COMPARISON-ORIGIN-0027-origin0,ORIGIN,34,34,23,0.6764705882352942,0,0
qwen,SOURCE,UPDATE_COMPARISON-ORIGIN-0027-origin1,ORIGIN,34,34,22,0.6470588235294118,0,0
qwen,SOURCE,UPDATE_COMPARISON-ORIGIN-0027-origin2,ORIGIN,34,34,15,0.4411764705882353,0,0
qwen,SOURCE,UPDATE_COMPARISON-ORIGIN-0027-origin3,ORIGIN,34,34,17,0.5,0,0
qwen,SOURCE,UPDATE_COMPARISON-ORIGIN-0028-origin0,ORIGIN,34,34,32,0.9411764705882353,0,0
qwen,SOURCE,UPDATE_COMPARISON-ORIGIN-0028-origin1,ORIGIN,34,34,25,0.7352941176470589,0,0
qwen,SOURCE,UPDATE_COMPARISON-ORIGIN-0028-origin2,ORIGIN,34,34,14,0.4117647058823529,0,0
qwen,SOURCE,UPDATE_COMPARISON-ORIGIN-0028-origin3,ORIGIN,34,34,8,0.23529411764705882,0,0
qwen,SOURCE,UPDATE_COMPARISON-ORIGIN-0029-origin0,ORIGIN,34,34,34,1.0,1,0
qwen,SOURCE,UPDATE_COMPARISON-ORIGIN-0029-origin1,ORIGIN,34,34,34,1.0,1,0
qwen,SOURCE,UPDATE_COMPARISON-ORIGIN-0029-origin2,ORIGIN,34,34,17,0.5,0,0
qwen,SOURCE,UPDATE_COMPARISON-ORIGIN-0029-origin3,ORIGIN,34,34,14,0.4117647058823529,0,0
qwen,SOURCE,UPDATE_COMPARISON-ORIGIN-0030-origin0,ORIGIN,34,34,33,0.9705882352941176,0,0
qwen,SOURCE,UPDATE_COMPARISON-ORIGIN-0030-origin1,ORIGIN,34,34,26,0.7647058823529411,0,0
qwen,SOURCE,UPDATE_COMPARISON-ORIGIN-0030-origin2,ORIGIN,34,34,18,0.5294117647058824,0,0
qwen,SOURCE,UPDATE_COMPARISON-ORIGIN-0030-origin3,ORIGIN,34,34,15,0.4411764705882353,0,0
qwen,SOURCE,UPDATE_COMPARISON-ORIGIN-0031-origin0,ORIGIN,34,34,32,0.9411764705882353,0,0
qwen,SOURCE,UPDATE_COMPARISON-ORIGIN-0031-origin1,ORIGIN,34,34,27,0.7941176470588235,0,0
qwen,SOURCE,UPDATE_COMPARISON-ORIGIN-0031-origin2,ORIGIN,34,34,8,0.23529411764705882,0,0
qwen,SOURCE,UPDATE_COMPARISON-ORIGIN-0031-origin3,ORIGIN,34,34,6,0.17647058823529413,0,0
qwen,SOURCE,UPDATE_COMPARISON-ORIGIN-0032-origin0,ORIGIN,34,34,24,0.7058823529411765,0,0
qwen,SOURCE,UPDATE_COMPARISON-ORIGIN-0032-origin1,ORIGIN,34,34,20,0.5882352941176471,0,0
qwen,SOURCE,UPDATE_COMPARISON-ORIGIN-0032-origin2,ORIGIN,34,34,16,0.47058823529411764,0,0
qwen,SOURCE,UPDATE_COMPARISON-ORIGIN-0032-origin3,ORIGIN,34,34,12,0.35294117647058826,0,0
qwen,SOURCE,UPDATE_COMPARISON-ORIGIN-0033-origin0,ORIGIN,34,34,28,0.8235294117647058,0,0
qwen,SOURCE,UPDATE_COMPARISON-ORIGIN-0033-origin1,ORIGIN,34,34,26,0.7647058823529411,0,0
qwen,SOURCE,UPDATE_COMPARISON-ORIGIN-0033-origin2,ORIGIN,34,34,16,0.47058823529411764,0,0
qwen,SOURCE,UPDATE_COMPARISON-ORIGIN-0033-origin3,ORIGIN,34,34,11,0.3235294117647059,0,0
qwen,SOURCE,UPDATE_COMPARISON-ORIGIN-0034-origin0,ORIGIN,34,34,23,0.6764705882352942,0,0
qwen,SOURCE,UPDATE_COMPARISON-ORIGIN-0034-origin1,ORIGIN,34,34,19,0.5588235294117647,0,0
qwen,SOURCE,UPDATE_COMPARISON-ORIGIN-0034-origin2,ORIGIN,34,34,14,0.4117647058823529,0,0
qwen,SOURCE,UPDATE_COMPARISON-ORIGIN-0034-origin3,ORIGIN,34,34,11,0.3235294117647059,0,0
qwen,SOURCE,UPDATE_COMPARISON-ORIGIN-0035-origin0,ORIGIN,34,34,19,0.5588235294117647,0,0
qwen,SOURCE,UPDATE_COMPARISON-ORIGIN-0035-origin1,ORIGIN,34,34,18,0.5294117647058824,0,0
qwen,SOURCE,UPDATE_COMPARISON-ORIGIN-0035-origin2,ORIGIN,34,34,11,0.3235294117647059,0,0
qwen,SOURCE,UPDATE_COMPARISON-ORIGIN-0035-origin3,ORIGIN,34,34,12,0.35294117647058826,0,0
qwen,SOURCE,UPDATE_COMPARISON-ORIGIN-0036-origin0,ORIGIN,34,34,25,0.7352941176470589,0,0
qwen,SOURCE,UPDATE_COMPARISON-ORIGIN-0036-origin1,ORIGIN,34,34,25,0.7352941176470589,0,0
qwen,SOURCE,UPDATE_COMPARISON-ORIGIN-0036-origin2,ORIGIN,34,34,16,0.47058823529411764,0,0
qwen,SOURCE,UPDATE_COMPARISON-ORIGIN-0036-origin3,ORIGIN,34,34,17,0.5,0,0
qwen,SOURCE,UPDATE_COMPARISON-ORIGIN-0037-origin0,ORIGIN,34,34,25,0.7352941176470589,0,0
qwen,SOURCE,UPDATE_COMPARISON-ORIGIN-0037-origin1,ORIGIN,34,34,24,0.7058823529411765,0,0
qwen,SOURCE,UPDATE_COMPARISON-ORIGIN-0037-origin2,ORIGIN,34,34,16,0.47058823529411764,0,0
qwen,SOURCE,UPDATE_COMPARISON-ORIGIN-0037-origin3,ORIGIN,34,34,15,0.4411764705882353,0,0
qwen,SOURCE,UPDATE_COMPARISON-ORIGIN-0038-origin0,ORIGIN,34,34,31,0.9117647058823529,0,0
qwen,SOURCE,UPDATE_COMPARISON-ORIGIN-0038-origin1,ORIGIN,34,34,24,0.7058823529411765,0,0
qwen,SOURCE,UPDATE_COMPARISON-ORIGIN-0038-origin2,ORIGIN,34,34,17,0.5,0,0
qwen,SOURCE,UPDATE_COMPARISON-ORIGIN-0038-origin3,ORIGIN,34,34,21,0.6176470588235294,0,0
qwen,SOURCE,UPDATE_COMPARISON-ORIGIN-0039-origin0,ORIGIN,34,34,28,0.8235294117647058,0,0
qwen,SOURCE,UPDATE_COMPARISON-ORIGIN-0039-origin1,ORIGIN,34,34,24,0.7058823529411765,0,0
qwen,SOURCE,UPDATE_COMPARISON-ORIGIN-0039-origin2,ORIGIN,34,34,18,0.5294117647058824,0,0
qwen,SOURCE,UPDATE_COMPARISON-ORIGIN-0039-origin3,ORIGIN,34,34,15,0.4411764705882353,0,0
qwen,SOURCE,UPDATE_COMPARISON-ORIGIN-0040-origin0,ORIGIN,34,34,26,0.7647058823529411,0,0
qwen,SOURCE,UPDATE_COMPARISON-ORIGIN-0040-origin1,ORIGIN,34,34,23,0.6764705882352942,0,0
qwen,SOURCE,UPDATE_COMPARISON-ORIGIN-0040-origin2,ORIGIN,34,34,19,0.5588235294117647,0,0
qwen,SOURCE,UPDATE_COMPARISON-ORIGIN-0040-origin3,ORIGIN,34,34,21,0.6176470588235294,0,0
qwen,SOURCE,UPDATE_COMPARISON-ORIGIN-0041-origin0,ORIGIN,34,34,23,0.6764705882352942,0,0
qwen,SOURCE,UPDATE_COMPARISON-ORIGIN-0041-origin1,ORIGIN,34,34,21,0.6176470588235294,0,0
qwen,SOURCE,UPDATE_COMPARISON-ORIGIN-0041-origin2,ORIGIN,34,34,20,0.5882352941176471,0,0
qwen,SOURCE,UPDATE_COMPARISON-ORIGIN-0041-origin3,ORIGIN,34,34,19,0.5588235294117647,0,0
qwen,SOURCE,UPDATE_COMPARISON-ORIGIN-0042-origin0,ORIGIN,34,34,28,0.8235294117647058,0,0
qwen,SOURCE,UPDATE_COMPARISON-ORIGIN-0042-origin1,ORIGIN,34,34,21,0.6176470588235294,0,0
qwen,SOURCE,UPDATE_COMPARISON-ORIGIN-0042-origin2,ORIGIN,34,34,23,0.6764705882352942,0,0
qwen,SOURCE,UPDATE_COMPARISON-ORIGIN-0042-origin3,ORIGIN,34,34,20,0.5882352941176471,0,0
qwen,SOURCE,UPDATE_COMPARISON-ORIGIN-0043-origin0,ORIGIN,34,34,31,0.9117647058823529,0,0
qwen,SOURCE,UPDATE_COMPARISON-ORIGIN-0043-origin1,ORIGIN,34,34,24,0.7058823529411765,0,0
qwen,SOURCE,UPDATE_COMPARISON-ORIGIN-0043-origin2,ORIGIN,34,34,23,0.6764705882352942,0,0
qwen,SOURCE,UPDATE_COMPARISON-ORIGIN-0043-origin3,ORIGIN,34,34,19,0.5588235294117647,0,0
qwen,SOURCE,UPDATE_COMPARISON-ORIGIN-0044-origin0,ORIGIN,34,34,32,0.9411764705882353,0,0
qwen,SOURCE,UPDATE_COMPARISON-ORIGIN-0044-origin1,ORIGIN,34,34,26,0.7647058823529411,0,0
qwen,SOURCE,UPDATE_COMPARISON-ORIGIN-0044-origin2,ORIGIN,34,34,21,0.6176470588235294,0,0
qwen,SOURCE,UPDATE_COMPARISON-ORIGIN-0044-origin3,ORIGIN,34,34,20,0.5882352941176471,0,0
qwen,SOURCE,UPDATE_COMPARISON-ORIGIN-0045-origin0,ORIGIN,34,34,32,0.9411764705882353,0,0
qwen,SOURCE,UPDATE_COMPARISON-ORIGIN-0045-origin1,ORIGIN,34,34,27,0.7941176470588235,0,0
qwen,SOURCE,UPDATE_COMPARISON-ORIGIN-0045-origin2,ORIGIN,34,34,22,0.6470588235294118,0,0
qwen,SOURCE,UPDATE_COMPARISON-ORIGIN-0045-origin3,ORIGIN,34,34,22,0.6470588235294118,0,0
qwen,SOURCE,UPDATE_COMPARISON-ORIGIN-0046-origin0,ORIGIN,34,34,34,1.0,1,0
qwen,SOURCE,UPDATE_COMPARISON-ORIGIN-0046-origin1,ORIGIN,34,34,29,0.8529411764705882,0,0
qwen,SOURCE,UPDATE_COMPARISON-ORIGIN-0046-origin2,ORIGIN,34,34,19,0.5588235294117647,0,0
qwen,SOURCE,UPDATE_COMPARISON-ORIGIN-0046-origin3,ORIGIN,34,34,17,0.5,0,0
qwen,SOURCE,UPDATE_COMPARISON-ORIGIN-0047-origin0,ORIGIN,34,34,33,0.9705882352941176,0,0
qwen,SOURCE,UPDATE_COMPARISON-ORIGIN-0047-origin1,ORIGIN,34,34,28,0.8235294117647058,0,0
qwen,SOURCE,UPDATE_COMPARISON-ORIGIN-0047-origin2,ORIGIN,34,34,23,0.6764705882352942,0,0
qwen,SOURCE,UPDATE_COMPARISON-ORIGIN-0047-origin3,ORIGIN,34,34,24,0.7058823529411765,0,0
qwen,SOURCE,UPDATE_COMPARISON-ORIGIN-0048-origin0,ORIGIN,34,34,27,0.7941176470588235,0,0
qwen,SOURCE,UPDATE_COMPARISON-ORIGIN-0048-origin1,ORIGIN,34,34,23,0.6764705882352942,0,0
qwen,SOURCE,UPDATE_COMPARISON-ORIGIN-0048-origin2,ORIGIN,34,34,20,0.5882352941176471,0,0
qwen,SOURCE,UPDATE_COMPARISON-ORIGIN-0048-origin3,ORIGIN,34,34,18,0.5294117647058824,0,0
qwen,SOURCE,UPDATE_COMPARISON-ORIGIN-0049-origin0,ORIGIN,34,34,29,0.8529411764705882,0,0
qwen,SOURCE,UPDATE_COMPARISON-ORIGIN-0049-origin1,ORIGIN,34,34,25,0.7352941176470589,0,0
qwen,SOURCE,UPDATE_COMPARISON-ORIGIN-0049-origin2,ORIGIN,34,34,23,0.6764705882352942,0,0
qwen,SOURCE,UPDATE_COMPARISON-ORIGIN-0049-origin3,ORIGIN,34,34,19,0.5588235294117647,0,0
qwen,SOURCE,UPDATE_COMPARISON-ORIGIN-0050-origin0,ORIGIN,34,34,27,0.7941176470588235,0,0
qwen,SOURCE,UPDATE_COMPARISON-ORIGIN-0050-origin1,ORIGIN,34,34,22,0.6470588235294118,0,0
qwen,SOURCE,UPDATE_COMPARISON-ORIGIN-0050-origin2,ORIGIN,34,34,22,0.6470588235294118,0,0
qwen,SOURCE,UPDATE_COMPARISON-ORIGIN-0050-origin3,ORIGIN,34,34,21,0.6176470588235294,0,0
qwen,SOURCE,UPDATE_COMPARISON-ORIGIN-0051-origin0,ORIGIN,34,34,27,0.7941176470588235,0,0
qwen,SOURCE,UPDATE_COMPARISON-ORIGIN-0051-origin1,ORIGIN,34,34,22,0.6470588235294118,0,0
qwen,SOURCE,UPDATE_COMPARISON-ORIGIN-0051-origin2,ORIGIN,34,34,24,0.7058823529411765,0,0
qwen,SOURCE,UPDATE_COMPARISON-ORIGIN-0051-origin3,ORIGIN,34,34,19,0.5588235294117647,0,0
qwen,SOURCE,UPDATE_COMPARISON-ORIGIN-0052-origin0,ORIGIN,34,34,33,0.9705882352941176,0,0
qwen,SOURCE,UPDATE_COMPARISON-ORIGIN-0052-origin1,ORIGIN,34,34,28,0.8235294117647058,0,0
qwen,SOURCE,UPDATE_COMPARISON-ORIGIN-0052-origin2,ORIGIN,34,34,24,0.7058823529411765,0,0
qwen,SOURCE,UPDATE_COMPARISON-ORIGIN-0052-origin3,ORIGIN,34,34,23,0.6764705882352942,0,0
qwen,SOURCE,UPDATE_COMPARISON-ORIGIN-0053-origin0,ORIGIN,34,34,29,0.8529411764705882,0,0
qwen,SOURCE,UPDATE_COMPARISON-ORIGIN-0053-origin1,ORIGIN,34,34,23,0.6764705882352942,0,0
qwen,SOURCE,UPDATE_COMPARISON-ORIGIN-0053-origin2,ORIGIN,34,34,19,0.5588235294117647,0,0
qwen,SOURCE,UPDATE_COMPARISON-ORIGIN-0053-origin3,ORIGIN,34,34,16,0.47058823529411764,0,0
qwen,SOURCE,UPDATE_COMPARISON-ORIGIN-0054-origin0,ORIGIN,34,34,32,0.9411764705882353,0,0
qwen,SOURCE,UPDATE_COMPARISON-ORIGIN-0054-origin1,ORIGIN,34,34,27,0.7941176470588235,0,0
qwen,SOURCE,UPDATE_COMPARISON-ORIGIN-0054-origin2,ORIGIN,34,34,18,0.5294117647058824,0,0
qwen,SOURCE,UPDATE_COMPARISON-ORIGIN-0054-origin3,ORIGIN,34,34,16,0.47058823529411764,0,0
qwen,SOURCE,UPDATE_COMPARISON-ORIGIN-0055-origin0,ORIGIN,34,34,32,0.9411764705882353,0,0
qwen,SOURCE,UPDATE_COMPARISON-ORIGIN-0055-origin1,ORIGIN,34,34,26,0.7647058823529411,0,0
qwen,SOURCE,UPDATE_COMPARISON-ORIGIN-0055-origin2,ORIGIN,34,34,19,0.5588235294117647,0,0
qwen,SOURCE,UPDATE_COMPARISON-ORIGIN-0055-origin3,ORIGIN,34,34,19,0.5588235294117647,0,0
qwen,SOURCE,UPDATE_COMPARISON-ORIGIN-0056-origin0,ORIGIN,34,34,28,0.8235294117647058,0,0
qwen,SOURCE,UPDATE_COMPARISON-ORIGIN-0056-origin1,ORIGIN,34,34,21,0.6176470588235294,0,0
qwen,SOURCE,UPDATE_COMPARISON-ORIGIN-0056-origin2,ORIGIN,34,34,18,0.5294117647058824,0,0
qwen,SOURCE,UPDATE_COMPARISON-ORIGIN-0056-origin3,ORIGIN,34,34,16,0.47058823529411764,0,0
qwen,SOURCE,UPDATE_COMPARISON-ORIGIN-0057-origin0,ORIGIN,34,34,30,0.8823529411764706,0,0
qwen,SOURCE,UPDATE_COMPARISON-ORIGIN-0057-origin1,ORIGIN,34,34,22,0.6470588235294118,0,0
qwen,SOURCE,UPDATE_COMPARISON-ORIGIN-0057-origin2,ORIGIN,34,34,20,0.5882352941176471,0,0
qwen,SOURCE,UPDATE_COMPARISON-ORIGIN-0057-origin3,ORIGIN,34,34,19,0.5588235294117647,0,0
qwen,SOURCE,UPDATE_COMPARISON-ORIGIN-0058-origin0,ORIGIN,34,34,29,0.8529411764705882,0,0
qwen,SOURCE,UPDATE_COMPARISON-ORIGIN-0058-origin1,ORIGIN,34,34,22,0.6470588235294118,0,0
qwen,SOURCE,UPDATE_COMPARISON-ORIGIN-0058-origin2,ORIGIN,34,34,18,0.5294117647058824,0,0
qwen,SOURCE,UPDATE_COMPARISON-ORIGIN-0058-origin3,ORIGIN,34,34,16,0.47058823529411764,0,0
qwen,SOURCE,UPDATE_COMPARISON-ORIGIN-0059-origin0,ORIGIN,34,34,34,1.0,1,0
qwen,SOURCE,UPDATE_COMPARISON-ORIGIN-0059-origin1,ORIGIN,34,34,28,0.8235294117647058,0,0
qwen,SOURCE,UPDATE_COMPARISON-ORIGIN-0059-origin2,ORIGIN,34,34,19,0.5588235294117647,0,0
qwen,SOURCE,UPDATE_COMPARISON-ORIGIN-0059-origin3,ORIGIN,34,34,23,0.6764705882352942,0,0
qwen,SOURCE,UPDATE_COMPARISON-ORIGIN-0060-origin0,ORIGIN,34,34,34,1.0,1,0
qwen,SOURCE,UPDATE_COMPARISON-ORIGIN-0060-origin1,ORIGIN,34,34,22,0.6470588235294118,0,0
qwen,SOURCE,UPDATE_COMPARISON-ORIGIN-0060-origin2,ORIGIN,34,34,13,0.38235294117647056,0,0
qwen,SOURCE,UPDATE_COMPARISON-ORIGIN-0060-origin3,ORIGIN,34,34,9,0.2647058823529412,0,0
qwen,SOURCE,UPDATE_COMPARISON-ORIGIN-0061-origin0,ORIGIN,34,34,29,0.8529411764705882,0,0
qwen,SOURCE,UPDATE_COMPARISON-ORIGIN-0061-origin1,ORIGIN,34,34,21,0.6176470588235294,0,0
qwen,SOURCE,UPDATE_COMPARISON-ORIGIN-0061-origin2,ORIGIN,34,34,14,0.4117647058823529,0,0
qwen,SOURCE,UPDATE_COMPARISON-ORIGIN-0061-origin3,ORIGIN,34,34,10,0.29411764705882354,0,0
qwen,SOURCE,UPDATE_COMPARISON-ORIGIN-0062-origin0,ORIGIN,34,34,34,1.0,1,0
qwen,SOURCE,UPDATE_COMPARISON-ORIGIN-0062-origin1,ORIGIN,34,34,23,0.6764705882352942,0,0
qwen,SOURCE,UPDATE_COMPARISON-ORIGIN-0062-origin2,ORIGIN,34,34,9,0.2647058823529412,0,0
qwen,SOURCE,UPDATE_COMPARISON-ORIGIN-0062-origin3,ORIGIN,34,34,11,0.3235294117647059,0,0
qwen,SOURCE,UPDATE_COMPARISON-ORIGIN-0063-origin0,ORIGIN,34,34,30,0.8823529411764706,0,0
qwen,SOURCE,UPDATE_COMPARISON-ORIGIN-0063-origin1,ORIGIN,34,34,24,0.7058823529411765,0,0
qwen,SOURCE,UPDATE_COMPARISON-ORIGIN-0063-origin2,ORIGIN,34,34,18,0.5294117647058824,0,0
qwen,SOURCE,UPDATE_COMPARISON-ORIGIN-0063-origin3,ORIGIN,34,34,15,0.4411764705882353,0,0
