actor,condition,root_id,origins_present,questions,correct,bundle_complete,mean_question_accuracy
gemma,CANONICAL_REPLAY_s0,UPDATE_COMPARISON-ORIGIN-0000,4,136,134,0,0.9852941176470589
gemma,CANONICAL_REPLAY_s0,UPDATE_COMPARISON-ORIGIN-0001,4,136,136,1,1.0
gemma,CANONICAL_REPLAY_s0,UPDATE_COMPARISON-ORIGIN-0002,4,136,136,1,1.0
gemma,CANONICAL_REPLAY_s0,UPDATE_COMPARISON-ORIGIN-0003,4,136,136,1,1.0
gemma,CANONICAL_REPLAY_s0,UPDATE_COMPARISON-ORIGIN-0004,4,136,132,0,0.9705882352941176
gemma,CANONICAL_REPLAY_s0,UPDATE_COMPARISON-ORIGIN-0005,4,136,132,0,0.9705882352941176
gemma,CANONICAL_REPLAY_s0,UPDATE_COMPARISON-ORIGIN-0006,4,136,136,1,1.0
gemma,CANONICAL_REPLAY_s0,UPDATE_COMPARISON-ORIGIN-0007,4,136,134,0,0.9852941176470589
gemma,CANONICAL_REPLAY_s0,UPDATE_COMPARISON-ORIGIN-0008,4,136,131,0,0.9632352941176471
gemma,CANONICAL_REPLAY_s0,UPDATE_COMPARISON-ORIGIN-0009,4,136,126,0,0.9264705882352942
gemma,CANONICAL_REPLAY_s0,UPDATE_COMPARISON-ORIGIN-0010,4,136,127,0,0.9338235294117647
gemma,CANONICAL_REPLAY_s0,UPDATE_COMPARISON-ORIGIN-0011,4,136,136,1,1.0
gemma,CANONICAL_REPLAY_s0,UPDATE_COMPARISON-ORIGIN-0012,4,136,136,1,1.0
gemma,CANONICAL_REPLAY_s0,UPDATE_COMPARISON-ORIGIN-0013,4,136,131,0,0.9632352941176471
gemma,CANONICAL_REPLAY_s0,UPDATE_COMPARISON-ORIGIN-0014,4,136,134,0,0.9852941176470589
gemma,CANONICAL_REPLAY_s0,UPDATE_COMPARISON-ORIGIN-0015,4,136,135,0,0.9926470588235294
gemma,CANONICAL_REPLAY_s0,UPDATE_COMPARISON-ORIGIN-0016,4,136,133,0,0.9779411764705882
gemma,CANONICAL_REPLAY_s0,UPDATE_COMPARISON-ORIGIN-0017,4,136,136,1,1.0
gemma,CANONICAL_REPLAY_s0,UPDATE_COMPARISON-ORIGIN-0018,4,136,133,0,0.9779411764705882
gemma,CANONICAL_REPLAY_s0,UPDATE_COMPARISON-ORIGIN-0019,4,136,136,1,1.0
gemma,CANONICAL_REPLAY_s0,UPDATE_COMPARISON-ORIGIN-0020,4,136,136,1,1.0
gemma,CANONICAL_REPLAY_s0,UPDATE_COMPARISON-ORIGIN-0021,4,136,136,1,1.0
gemma,CANONICAL_REPLAY_s0,UPDATE_COMPARISON-ORIGIN-0022,4,136,136,1,1.0
gemma,CANONICAL_REPLAY_s0,UPDATE_COMPARISON-ORIGIN-0023,4,136,135,0,0.9926470588235294
gemma,CANONICAL_REPLAY_s0,UPDATE_COMPARISON-ORIGIN-0024,4,136,135,0,0.9926470588235294
gemma,CANONICAL_REPLAY_s0,UPDATE_COMPARISON-ORIGIN-0025,4,136,131,0,0.9632352941176471
gemma,CANONICAL_REPLAY_s0,UPDATE_COMPARISON-ORIGIN-0026,4,136,136,1,1.0
gemma,CANONICAL_REPLAY_s0,UPDATE_COMPARISON-ORIGIN-0027,4,136,132,0,0.9705882352941176
gemma,CANONICAL_REPLAY_s0,UPDATE_COMPARISON-ORIGIN-0028,4,136,136,1,1.0
gemma,CANONICAL_REPLAY_s0,UPDATE_COMPARISON-ORIGIN-0029,4,136,131,0,0.9632352941176471
gemma,CANONICAL_REPLAY_s0,UPDATE_COMPARISON-ORIGIN-0030,4,136,136,1,1.0
gemma,CANONICAL_REPLAY_s0,UPDATE_COMPARISON-ORIGIN-0031,4,136,136,1,1.0
gemma,CANONICAL_REPLAY_s0,UPDATE_COMPARISON-ORIGIN-0032,4,136,136,1,1.0
gemma,CANONICAL_REPLAY_s0,UPDATE_COMPARISON-ORIGIN-0033,4,136,136,1,1.0
gemma,CANONICAL_REPLAY_s0,UPDATE_COMPARISON-ORIGIN-0034,4,136,136,1,1.0
gemma,CANONICAL_REPLAY_s0,UPDATE_COMPARISON-ORIGIN-0035,4,136,124,0,0.9117647058823529
gemma,CANONICAL_REPLAY_s0,UPDATE_COMPARISON-ORIGIN-0036,4,136,132,0,0.9705882352941176
gemma,CANONICAL_REPLAY_s0,UPDATE_COMPARISON-ORIGIN-0037,4,136,135,0,0.9926470588235294
gemma,CANONICAL_REPLAY_s0,UPDATE_COMPARISON-ORIGIN-0038,4,136,136,1,1.0
gemma,CANONICAL_REPLAY_s0,UPDATE_COMPARISON-ORIGIN-0039,4,136,136,1,1.0
gemma,CANONICAL_REPLAY_s0,UPDATE_COMPARISON-ORIGIN-0040,4,136,134,0,0.9852941176470589
gemma,CANONICAL_REPLAY_s0,UPDATE_COMPARISON-ORIGIN-0041,4,136,134,0,0.9852941176470589
gemma,CANONICAL_REPLAY_s0,UPDATE_COMPARISON-ORIGIN-0042,4,136,135,0,0.9926470588235294
gemma,CANONICAL_REPLAY_s0,UPDATE_COMPARISON-ORIGIN-0043,4,136,136,1,1.0
gemma,CANONICAL_REPLAY_s0,UPDATE_COMPARISON-ORIGIN-0044,4,136,133,0,0.9779411764705882
gemma,CANONICAL_REPLAY_s0,UPDATE_COMPARISON-ORIGIN-0045,4,136,136,1,1.0
gemma,CANONICAL_REPLAY_s0,UPDATE_COMPARISON-ORIGIN-0046,4,136,135,0,0.9926470588235294
gemma,CANONICAL_REPLAY_s0,UPDATE_COMPARISON-ORIGIN-0047,4,136,136,1,1.0
gemma,CANONICAL_REPLAY_s0,UPDATE_COMPARISON-ORIGIN-0048,4,136,126,0,0.9264705882352942
gemma,CANONICAL_REPLAY_s0,UPDATE_COMPARISON-ORIGIN-0049,4,136,134,0,0.9852941176470589
gemma,CANONICAL_REPLAY_s0,UPDATE_COMPARISON-ORIGIN-0050,4,136,131,0,0.9632352941176471
gemma,CANONICAL_REPLAY_s0,UPDATE_COMPARISON-ORIGIN-0051,4,136,127,0,0.9338235294117647
gemma,CANONICAL_REPLAY_s0,UPDATE_COMPARISON-ORIGIN-0052,4,136,136,1,1.0
gemma,CANONICAL_REPLAY_s0,UPDATE_COMPARISON-ORIGIN-0053,4,136,127,0,0.9338235294117647
gemma,CANONICAL_REPLAY_s0,UPDATE_COMPARISON-ORIGIN-0054,4,136,136,1,1.0
gemma,CANONICAL_REPLAY_s0,UPDATE_COMPARISON-ORIGIN-0055,4,136,136,1,1.0
gemma,CANONICAL_REPLAY_s0,UPDATE_COMPARISON-ORIGIN-0056,4,136,133,0,0.9779411764705882
gemma,CANONICAL_REPLAY_s0,UPDATE_COMPARISON-ORIGIN-0057,4,136,129,0,0.9485294117647058
gemma,CANONICAL_REPLAY_s0,UPDATE_COMPARISON-ORIGIN-0058,4,136,136,1,1.0
gemma,CANONICAL_REPLAY_s0,UPDATE_COMPARISON-ORIGIN-0059,4,136,135,0,0.9926470588235294
gemma,CANONICAL_REPLAY_s0,UPDATE_COMPARISON-ORIGIN-0060,4,136,136,1,1.0
gemma,CANONICAL_REPLAY_s0,UPDATE_COMPARISON-ORIGIN-0061,4,136,136,1,1.0
gemma,CANONICAL_REPLAY_s0,UPDATE_COMPARISON-ORIGIN-0062,4,136,136,1,1.0
gemma,CANONICAL_REPLAY_s0,UPDATE_COMPARISON-ORIGIN-0063,4,136,132,0,0.9705882352941176
gemma,CANONICAL_REPLAY_s1,UPDATE_COMPARISON-ORIGIN-0000,4,136,129,0,0.9485294117647058
gemma,CANONICAL_REPLAY_s1,UPDATE_COMPARISON-ORIGIN-0001,4,136,134,0,0.9852941176470589
gemma,CANONICAL_REPLAY_s1,UPDATE_COMPARISON-ORIGIN-0002,4,136,136,1,1.0
gemma,CANONICAL_REPLAY_s1,UPDATE_COMPARISON-ORIGIN-0003,4,136,135,0,0.9926470588235294
gemma,CANONICAL_REPLAY_s1,UPDATE_COMPARISON-ORIGIN-0004,4,136,124,0,0.9117647058823529
gemma,CANONICAL_REPLAY_s1,UPDATE_COMPARISON-ORIGIN-0005,4,136,135,0,0.9926470588235294
gemma,CANONICAL_REPLAY_s1,UPDATE_COMPARISON-ORIGIN-0006,4,136,136,1,1.0
gemma,CANONICAL_REPLAY_s1,UPDATE_COMPARISON-ORIGIN-0007,4,136,135,0,0.9926470588235294
gemma,CANONICAL_REPLAY_s1,UPDATE_COMPARISON-ORIGIN-0008,4,136,124,0,0.9117647058823529
gemma,CANONICAL_REPLAY_s1,UPDATE_COMPARISON-ORIGIN-0009,4,136,121,0,0.8897058823529411
gemma,CANONICAL_REPLAY_s1,UPDATE_COMPARISON-ORIGIN-0010,4,136,118,0,0.8676470588235294
gemma,CANONICAL_REPLAY_s1,UPDATE_COMPARISON-ORIGIN-0011,4,136,134,0,0.9852941176470589
gemma,CANONICAL_REPLAY_s1,UPDATE_COMPARISON-ORIGIN-0012,4,136,136,1,1.0
gemma,CANONICAL_REPLAY_s1,UPDATE_COMPARISON-ORIGIN-0013,4,136,128,0,0.9411764705882353
gemma,CANONICAL_REPLAY_s1,UPDATE_COMPARISON-ORIGIN-0014,4,136,136,1,1.0
gemma,CANONICAL_REPLAY_s1,UPDATE_COMPARISON-ORIGIN-0015,4,136,130,0,0.9558823529411765
gemma,CANONICAL_REPLAY_s1,UPDATE_COMPARISON-ORIGIN-0016,4,136,127,0,0.9338235294117647
gemma,CANONICAL_REPLAY_s1,UPDATE_COMPARISON-ORIGIN-0017,4,136,128,0,0.9411764705882353
gemma,CANONICAL_REPLAY_s1,UPDATE_COMPARISON-ORIGIN-0018,4,136,131,0,0.9632352941176471
gemma,CANONICAL_REPLAY_s1,UPDATE_COMPARISON-ORIGIN-0019,4,136,117,0,0.8602941176470589
gemma,CANONICAL_REPLAY_s1,UPDATE_COMPARISON-ORIGIN-0020,4,136,136,1,1.0
gemma,CANONICAL_REPLAY_s1,UPDATE_COMPARISON-ORIGIN-0021,4,136,128,0,0.9411764705882353
gemma,CANONICAL_REPLAY_s1,UPDATE_COMPARISON-ORIGIN-0022,4,136,136,1,1.0
gemma,CANONICAL_REPLAY_s1,UPDATE_COMPARISON-ORIGIN-0023,4,136,132,0,0.9705882352941176
gemma,CANONICAL_REPLAY_s1,UPDATE_COMPARISON-ORIGIN-0024,4,136,133,0,0.9779411764705882
gemma,CANONICAL_REPLAY_s1,UPDATE_COMPARISON-ORIGIN-0025,4,136,131,0,0.9632352941176471
gemma,CANONICAL_REPLAY_s1,UPDATE_COMPARISON-ORIGIN-0026,4,136,127,0,0.9338235294117647
gemma,CANONICAL_REPLAY_s1,UPDATE_COMPARISON-ORIGIN-0027,4,136,126,0,0.9264705882352942
gemma,CANONICAL_REPLAY_s1,UPDATE_COMPARISON-ORIGIN-0028,4,136,122,0,0.8970588235294118
gemma,CANONICAL_REPLAY_s1,UPDATE_COMPARISON-ORIGIN-0029,4,136,136,1,1.0
gemma,CANONICAL_REPLAY_s1,UPDATE_COMPARISON-ORIGIN-0030,4,136,136,1,1.0
gemma,CANONICAL_REPLAY_s1,UPDATE_COMPARISON-ORIGIN-0031,4,136,136,1,1.0
gemma,CANONICAL_REPLAY_s1,UPDATE_COMPARISON-ORIGIN-0032,4,136,131,0,0.9632352941176471
gemma,CANONICAL_REPLAY_s1,UPDATE_COMPARISON-ORIGIN-0033,4,136,136,1,1.0
gemma,CANONICAL_REPLAY_s1,UPDATE_COMPARISON-ORIGIN-0034,4,136,136,1,1.0
gemma,CANONICAL_REPLAY_s1,UPDATE_COMPARISON-ORIGIN-0035,4,136,125,0,0.9191176470588235
gemma,CANONICAL_REPLAY_s1,UPDATE_COMPARISON-ORIGIN-0036,4,136,127,0,0.9338235294117647
gemma,CANONICAL_REPLAY_s1,UPDATE_COMPARISON-ORIGIN-0037,4,136,129,0,0.9485294117647058
gemma,CANONICAL_REPLAY_s1,UPDATE_COMPARISON-ORIGIN-0038,4,136,132,0,0.9705882352941176
gemma,CANONICAL_REPLAY_s1,UPDATE_COMPARISON-ORIGIN-0039,4,136,134,0,0.9852941176470589
gemma,CANONICAL_REPLAY_s1,UPDATE_COMPARISON-ORIGIN-0040,4,136,135,0,0.9926470588235294
gemma,CANONICAL_REPLAY_s1,UPDATE_COMPARISON-ORIGIN-0041,4,136,126,0,0.9264705882352942
gemma,CANONICAL_REPLAY_s1,UPDATE_COMPARISON-ORIGIN-0042,4,136,134,0,0.9852941176470589
gemma,CANONICAL_REPLAY_s1,UPDATE_COMPARISON-ORIGIN-0043,4,136,134,0,0.9852941176470589
gemma,CANONICAL_REPLAY_s1,UPDATE_COMPARISON-ORIGIN-0044,4,136,136,1,1.0
gemma,CANONICAL_REPLAY_s1,UPDATE_COMPARISON-ORIGIN-0045,4,136,134,0,0.9852941176470589
gemma,CANONICAL_REPLAY_s1,UPDATE_COMPARISON-ORIGIN-0046,4,136,134,0,0.9852941176470589
gemma,CANONICAL_REPLAY_s1,UPDATE_COMPARISON-ORIGIN-0047,4,136,131,0,0.9632352941176471
gemma,CANONICAL_REPLAY_s1,UPDATE_COMPARISON-ORIGIN-0048,4,136,109,0,0.8014705882352942
gemma,CANONICAL_REPLAY_s1,UPDATE_COMPARISON-ORIGIN-0049,4,136,130,0,0.9558823529411765
gemma,CANONICAL_REPLAY_s1,UPDATE_COMPARISON-ORIGIN-0050,4,136,133,0,0.9779411764705882
gemma,CANONICAL_REPLAY_s1,UPDATE_COMPARISON-ORIGIN-0051,4,136,120,0,0.8823529411764706
gemma,CANONICAL_REPLAY_s1,UPDATE_COMPARISON-ORIGIN-0052,4,136,136,1,1.0
gemma,CANONICAL_REPLAY_s1,UPDATE_COMPARISON-ORIGIN-0053,4,136,129,0,0.9485294117647058
gemma,CANONICAL_REPLAY_s1,UPDATE_COMPARISON-ORIGIN-0054,4,136,133,0,0.9779411764705882
gemma,CANONICAL_REPLAY_s1,UPDATE_COMPARISON-ORIGIN-0055,4,136,132,0,0.9705882352941176
gemma,CANONICAL_REPLAY_s1,UPDATE_COMPARISON-ORIGIN-0056,4,136,132,0,0.9705882352941176
gemma,CANONICAL_REPLAY_s1,UPDATE_COMPARISON-ORIGIN-0057,4,136,136,1,1.0
gemma,CANONICAL_REPLAY_s1,UPDATE_COMPARISON-ORIGIN-0058,4,136,136,1,1.0
gemma,CANONICAL_REPLAY_s1,UPDATE_COMPARISON-ORIGIN-0059,4,136,133,0,0.9779411764705882
gemma,CANONICAL_REPLAY_s1,UPDATE_COMPARISON-ORIGIN-0060,4,136,136,1,1.0
gemma,CANONICAL_REPLAY_s1,UPDATE_COMPARISON-ORIGIN-0061,4,136,136,1,1.0
gemma,CANONICAL_REPLAY_s1,UPDATE_COMPARISON-ORIGIN-0062,4,136,136,1,1.0
gemma,CANONICAL_REPLAY_s1,UPDATE_COMPARISON-ORIGIN-0063,4,136,134,0,0.9852941176470589
gemma,EXISTING_CORRECTION,UPDATE_COMPARISON-ORIGIN-0000,4,136,128,0,0.9411764705882353
gemma,EXISTING_CORRECTION,UPDATE_COMPARISON-ORIGIN-0001,4,136,123,0,0.9044117647058824
gemma,EXISTING_CORRECTION,UPDATE_COMPARISON-ORIGIN-0002,4,136,131,0,0.9632352941176471
gemma,EXISTING_CORRECTION,UPDATE_COMPARISON-ORIGIN-0003,4,136,125,0,0.9191176470588235
gemma,EXISTING_CORRECTION,UPDATE_COMPARISON-ORIGIN-0004,4,136,128,0,0.9411764705882353
gemma,EXISTING_CORRECTION,UPDATE_COMPARISON-ORIGIN-0005,4,136,128,0,0.9411764705882353
gemma,EXISTING_CORRECTION,UPDATE_COMPARISON-ORIGIN-0006,4,136,122,0,0.8970588235294118
gemma,EXISTING_CORRECTION,UPDATE_COMPARISON-ORIGIN-0007,4,136,131,0,0.9632352941176471
gemma,EXISTING_CORRECTION,UPDATE_COMPARISON-ORIGIN-0008,4,136,117,0,0.8602941176470589
gemma,EXISTING_CORRECTION,UPDATE_COMPARISON-ORIGIN-0009,4,136,113,0,0.8308823529411765
gemma,EXISTING_CORRECTION,UPDATE_COMPARISON-ORIGIN-0010,4,136,114,0,0.8382352941176471
gemma,EXISTING_CORRECTION,UPDATE_COMPARISON-ORIGIN-0011,4,136,127,0,0.9338235294117647
gemma,EXISTING_CORRECTION,UPDATE_COMPARISON-ORIGIN-0012,4,136,136,1,1.0
gemma,EXISTING_CORRECTION,UPDATE_COMPARISON-ORIGIN-0013,4,136,128,0,0.9411764705882353
gemma,EXISTING_CORRECTION,UPDATE_COMPARISON-ORIGIN-0014,4,136,129,0,0.9485294117647058
gemma,EXISTING_CORRECTION,UPDATE_COMPARISON-ORIGIN-0015,4,136,136,1,1.0
gemma,EXISTING_CORRECTION,UPDATE_COMPARISON-ORIGIN-0016,4,136,116,0,0.8529411764705882
gemma,EXISTING_CORRECTION,UPDATE_COMPARISON-ORIGIN-0017,4,136,110,0,0.8088235294117647
gemma,EXISTING_CORRECTION,UPDATE_COMPARISON-ORIGIN-0018,4,136,108,0,0.7941176470588235
gemma,EXISTING_CORRECTION,UPDATE_COMPARISON-ORIGIN-0019,4,136,106,0,0.7794117647058824
gemma,EXISTING_CORRECTION,UPDATE_COMPARISON-ORIGIN-0020,4,136,128,0,0.9411764705882353
gemma,EXISTING_CORRECTION,UPDATE_COMPARISON-ORIGIN-0021,4,136,130,0,0.9558823529411765
gemma,EXISTING_CORRECTION,UPDATE_COMPARISON-ORIGIN-0022,4,136,128,0,0.9411764705882353
gemma,EXISTING_CORRECTION,UPDATE_COMPARISON-ORIGIN-0023,4,136,128,0,0.9411764705882353
gemma,EXISTING_CORRECTION,UPDATE_COMPARISON-ORIGIN-0024,4,136,132,0,0.9705882352941176
gemma,EXISTING_CORRECTION,UPDATE_COMPARISON-ORIGIN-0025,4,136,135,0,0.9926470588235294
gemma,EXISTING_CORRECTION,UPDATE_COMPARISON-ORIGIN-0026,4,136,128,0,0.9411764705882353
gemma,EXISTING_CORRECTION,UPDATE_COMPARISON-ORIGIN-0027,4,136,130,0,0.9558823529411765
gemma,EXISTING_CORRECTION,UPDATE_COMPARISON-ORIGIN-0028,4,136,136,1,1.0
gemma,EXISTING_CORRECTION,UPDATE_COMPARISON-ORIGIN-0029,4,136,136,1,1.0
gemma,EXISTING_CORRECTION,UPDATE_COMPARISON-ORIGIN-0030,4,136,136,1,1.0
gemma,EXISTING_CORRECTION,UPDATE_COMPARISON-ORIGIN-0031,4,136,136,1,1.0
gemma,EXISTING_CORRECTION,UPDATE_COMPARISON-ORIGIN-0032,4,136,127,0,0.9338235294117647
gemma,EXISTING_CORRECTION,UPDATE_COMPARISON-ORIGIN-0033,4,136,131,0,0.9632352941176471
gemma,EXISTING_CORRECTION,UPDATE_COMPARISON-ORIGIN-0034,4,136,130,0,0.9558823529411765
gemma,EXISTING_CORRECTION,UPDATE_COMPARISON-ORIGIN-0035,4,136,119,0,0.875
gemma,EXISTING_CORRECTION,UPDATE_COMPARISON-ORIGIN-0036,4,136,129,0,0.9485294117647058
gemma,EXISTING_CORRECTION,UPDATE_COMPARISON-ORIGIN-0037,4,136,122,0,0.8970588235294118
gemma,EXISTING_CORRECTION,UPDATE_COMPARISON-ORIGIN-0038,4,136,118,0,0.8676470588235294
gemma,EXISTING_CORRECTION,UPDATE_COMPARISON-ORIGIN-0039,4,136,128,0,0.9411764705882353
gemma,EXISTING_CORRECTION,UPDATE_COMPARISON-ORIGIN-0040,4,136,121,0,0.8897058823529411
gemma,EXISTING_CORRECTION,UPDATE_COMPARISON-ORIGIN-0041,4,136,124,0,0.9117647058823529
gemma,EXISTING_CORRECTION,UPDATE_COMPARISON-ORIGIN-0042,4,136,117,0,0.8602941176470589
gemma,EXISTING_CORRECTION,UPDATE_COMPARISON-ORIGIN-0043,4,136,123,0,0.9044117647058824
gemma,EXISTING_CORRECTION,UPDATE_COMPARISON-ORIGIN-0044,4,136,125,0,0.9191176470588235
gemma,EXISTING_CORRECTION,UPDATE_COMPARISON-ORIGIN-0045,4,136,128,0,0.9411764705882353
gemma,EXISTING_CORRECTION,UPDATE_COMPARISON-ORIGIN-0046,4,136,132,0,0.9705882352941176
gemma,EXISTING_CORRECTION,UPDATE_COMPARISON-ORIGIN-0047,4,136,134,0,0.9852941176470589
gemma,EXISTING_CORRECTION,UPDATE_COMPARISON-ORIGIN-0048,4,136,108,0,0.7941176470588235
gemma,EXISTING_CORRECTION,UPDATE_COMPARISON-ORIGIN-0049,4,136,123,0,0.9044117647058824
gemma,EXISTING_CORRECTION,UPDATE_COMPARISON-ORIGIN-0050,4,136,119,0,0.875
gemma,EXISTING_CORRECTION,UPDATE_COMPARISON-ORIGIN-0051,4,136,120,0,0.8823529411764706
gemma,EXISTING_CORRECTION,UPDATE_COMPARISON-ORIGIN-0052,4,136,128,0,0.9411764705882353
gemma,EXISTING_CORRECTION,UPDATE_COMPARISON-ORIGIN-0053,4,136,128,0,0.9411764705882353
gemma,EXISTING_CORRECTION,UPDATE_COMPARISON-ORIGIN-0054,4,136,128,0,0.9411764705882353
gemma,EXISTING_CORRECTION,UPDATE_COMPARISON-ORIGIN-0055,4,136,128,0,0.9411764705882353
gemma,EXISTING_CORRECTION,UPDATE_COMPARISON-ORIGIN-0056,4,136,108,0,0.7941176470588235
gemma,EXISTING_CORRECTION,UPDATE_COMPARISON-ORIGIN-0057,4,136,132,0,0.9705882352941176
gemma,EXISTING_CORRECTION,UPDATE_COMPARISON-ORIGIN-0058,4,136,121,0,0.8897058823529411
gemma,EXISTING_CORRECTION,UPDATE_COMPARISON-ORIGIN-0059,4,136,106,0,0.7794117647058824
gemma,EXISTING_CORRECTION,UPDATE_COMPARISON-ORIGIN-0060,4,136,130,0,0.9558823529411765
gemma,EXISTING_CORRECTION,UPDATE_COMPARISON-ORIGIN-0061,4,136,136,1,1.0
gemma,EXISTING_CORRECTION,UPDATE_COMPARISON-ORIGIN-0062,4,136,136,1,1.0
gemma,EXISTING_CORRECTION,UPDATE_COMPARISON-ORIGIN-0063,4,136,136,1,1.0
gemma,FIELD_PLUS_LATEST_ERRATUM,UPDATE_COMPARISON-ORIGIN-0000,4,136,125,0,0.9191176470588235
gemma,FIELD_PLUS_LATEST_ERRATUM,UPDATE_COMPARISON-ORIGIN-0001,4,136,115,0,0.8455882352941176
gemma,FIELD_PLUS_LATEST_ERRATUM,UPDATE_COMPARISON-ORIGIN-0002,4,136,132,0,0.9705882352941176
gemma,FIELD_PLUS_LATEST_ERRATUM,UPDATE_COMPARISON-ORIGIN-0003,4,136,132,0,0.9705882352941176
gemma,FIELD_PLUS_LATEST_ERRATUM,UPDATE_COMPARISON-ORIGIN-0004,4,136,126,0,0.9264705882352942
gemma,FIELD_PLUS_LATEST_ERRATUM,UPDATE_COMPARISON-ORIGIN-0005,4,136,130,0,0.9558823529411765
gemma,FIELD_PLUS_LATEST_ERRATUM,UPDATE_COMPARISON-ORIGIN-0006,4,136,125,0,0.9191176470588235
gemma,FIELD_PLUS_LATEST_ERRATUM,UPDATE_COMPARISON-ORIGIN-0007,4,136,127,0,0.9338235294117647
gemma,FIELD_PLUS_LATEST_ERRATUM,UPDATE_COMPARISON-ORIGIN-0008,4,136,112,0,0.8235294117647058
gemma,FIELD_PLUS_LATEST_ERRATUM,UPDATE_COMPARISON-ORIGIN-0009,4,136,125,0,0.9191176470588235
gemma,FIELD_PLUS_LATEST_ERRATUM,UPDATE_COMPARISON-ORIGIN-0010,4,136,117,0,0.8602941176470589
gemma,FIELD_PLUS_LATEST_ERRATUM,UPDATE_COMPARISON-ORIGIN-0011,4,136,114,0,0.8382352941176471
gemma,FIELD_PLUS_LATEST_ERRATUM,UPDATE_COMPARISON-ORIGIN-0012,4,136,133,0,0.9779411764705882
gemma,FIELD_PLUS_LATEST_ERRATUM,UPDATE_COMPARISON-ORIGIN-0013,4,136,133,0,0.9779411764705882
gemma,FIELD_PLUS_LATEST_ERRATUM,UPDATE_COMPARISON-ORIGIN-0014,4,136,136,1,1.0
gemma,FIELD_PLUS_LATEST_ERRATUM,UPDATE_COMPARISON-ORIGIN-0015,4,136,136,1,1.0
gemma,FIELD_PLUS_LATEST_ERRATUM,UPDATE_COMPARISON-ORIGIN-0016,4,136,130,0,0.9558823529411765
gemma,FIELD_PLUS_LATEST_ERRATUM,UPDATE_COMPARISON-ORIGIN-0017,4,136,128,0,0.9411764705882353
gemma,FIELD_PLUS_LATEST_ERRATUM,UPDATE_COMPARISON-ORIGIN-0018,4,136,103,0,0.7573529411764706
gemma,FIELD_PLUS_LATEST_ERRATUM,UPDATE_COMPARISON-ORIGIN-0019,4,136,121,0,0.8897058823529411
gemma,FIELD_PLUS_LATEST_ERRATUM,UPDATE_COMPARISON-ORIGIN-0020,4,136,124,0,0.9117647058823529
gemma,FIELD_PLUS_LATEST_ERRATUM,UPDATE_COMPARISON-ORIGIN-0021,4,136,129,0,0.9485294117647058
gemma,FIELD_PLUS_LATEST_ERRATUM,UPDATE_COMPARISON-ORIGIN-0022,4,136,125,0,0.9191176470588235
gemma,FIELD_PLUS_LATEST_ERRATUM,UPDATE_COMPARISON-ORIGIN-0023,4,136,132,0,0.9705882352941176
gemma,FIELD_PLUS_LATEST_ERRATUM,UPDATE_COMPARISON-ORIGIN-0024,4,136,129,0,0.9485294117647058
gemma,FIELD_PLUS_LATEST_ERRATUM,UPDATE_COMPARISON-ORIGIN-0025,4,136,133,0,0.9779411764705882
gemma,FIELD_PLUS_LATEST_ERRATUM,UPDATE_COMPARISON-ORIGIN-0026,4,136,128,0,0.9411764705882353
gemma,FIELD_PLUS_LATEST_ERRATUM,UPDATE_COMPARISON-ORIGIN-0027,4,136,130,0,0.9558823529411765
gemma,FIELD_PLUS_LATEST_ERRATUM,UPDATE_COMPARISON-ORIGIN-0028,4,136,136,1,1.0
gemma,FIELD_PLUS_LATEST_ERRATUM,UPDATE_COMPARISON-ORIGIN-0029,4,136,136,1,1.0
gemma,FIELD_PLUS_LATEST_ERRATUM,UPDATE_COMPARISON-ORIGIN-0030,4,136,136,1,1.0
gemma,FIELD_PLUS_LATEST_ERRATUM,UPDATE_COMPARISON-ORIGIN-0031,4,136,136,1,1.0
gemma,FIELD_PLUS_LATEST_ERRATUM,UPDATE_COMPARISON-ORIGIN-0032,4,136,131,0,0.9632352941176471
gemma,FIELD_PLUS_LATEST_ERRATUM,UPDATE_COMPARISON-ORIGIN-0033,4,136,129,0,0.9485294117647058
gemma,FIELD_PLUS_LATEST_ERRATUM,UPDATE_COMPARISON-ORIGIN-0034,4,136,125,0,0.9191176470588235
gemma,FIELD_PLUS_LATEST_ERRATUM,UPDATE_COMPARISON-ORIGIN-0035,4,136,121,0,0.8897058823529411
gemma,FIELD_PLUS_LATEST_ERRATUM,UPDATE_COMPARISON-ORIGIN-0036,4,136,126,0,0.9264705882352942
gemma,FIELD_PLUS_LATEST_ERRATUM,UPDATE_COMPARISON-ORIGIN-0037,4,136,129,0,0.9485294117647058
gemma,FIELD_PLUS_LATEST_ERRATUM,UPDATE_COMPARISON-ORIGIN-0038,4,136,122,0,0.8970588235294118
gemma,FIELD_PLUS_LATEST_ERRATUM,UPDATE_COMPARISON-ORIGIN-0039,4,136,131,0,0.9632352941176471
gemma,FIELD_PLUS_LATEST_ERRATUM,UPDATE_COMPARISON-ORIGIN-0040,4,136,123,0,0.9044117647058824
gemma,FIELD_PLUS_LATEST_ERRATUM,UPDATE_COMPARISON-ORIGIN-0041,4,136,123,0,0.9044117647058824
gemma,FIELD_PLUS_LATEST_ERRATUM,UPDATE_COMPARISON-ORIGIN-0042,4,136,121,0,0.8897058823529411
gemma,FIELD_PLUS_LATEST_ERRATUM,UPDATE_COMPARISON-ORIGIN-0043,4,136,124,0,0.9117647058823529
gemma,FIELD_PLUS_LATEST_ERRATUM,UPDATE_COMPARISON-ORIGIN-0044,4,136,132,0,0.9705882352941176
gemma,FIELD_PLUS_LATEST_ERRATUM,UPDATE_COMPARISON-ORIGIN-0045,4,136,133,0,0.9779411764705882
gemma,FIELD_PLUS_LATEST_ERRATUM,UPDATE_COMPARISON-ORIGIN-0046,4,136,125,0,0.9191176470588235
gemma,FIELD_PLUS_LATEST_ERRATUM,UPDATE_COMPARISON-ORIGIN-0047,4,136,136,1,1.0
gemma,FIELD_PLUS_LATEST_ERRATUM,UPDATE_COMPARISON-ORIGIN-0048,4,136,128,0,0.9411764705882353
gemma,FIELD_PLUS_LATEST_ERRATUM,UPDATE_COMPARISON-ORIGIN-0049,4,136,123,0,0.9044117647058824
gemma,FIELD_PLUS_LATEST_ERRATUM,UPDATE_COMPARISON-ORIGIN-0050,4,136,127,0,0.9338235294117647
gemma,FIELD_PLUS_LATEST_ERRATUM,UPDATE_COMPARISON-ORIGIN-0051,4,136,131,0,0.9632352941176471
gemma,FIELD_PLUS_LATEST_ERRATUM,UPDATE_COMPARISON-ORIGIN-0052,4,136,127,0,0.9338235294117647
gemma,FIELD_PLUS_LATEST_ERRATUM,UPDATE_COMPARISON-ORIGIN-0053,4,136,136,1,1.0
gemma,FIELD_PLUS_LATEST_ERRATUM,UPDATE_COMPARISON-ORIGIN-0054,4,136,130,0,0.9558823529411765
gemma,FIELD_PLUS_LATEST_ERRATUM,UPDATE_COMPARISON-ORIGIN-0055,4,136,128,0,0.9411764705882353
gemma,FIELD_PLUS_LATEST_ERRATUM,UPDATE_COMPARISON-ORIGIN-0056,4,136,104,0,0.7647058823529411
gemma,FIELD_PLUS_LATEST_ERRATUM,UPDATE_COMPARISON-ORIGIN-0057,4,136,129,0,0.9485294117647058
gemma,FIELD_PLUS_LATEST_ERRATUM,UPDATE_COMPARISON-ORIGIN-0058,4,136,121,0,0.8897058823529411
gemma,FIELD_PLUS_LATEST_ERRATUM,UPDATE_COMPARISON-ORIGIN-0059,4,136,107,0,0.7867647058823529
gemma,FIELD_PLUS_LATEST_ERRATUM,UPDATE_COMPARISON-ORIGIN-0060,4,136,134,0,0.9852941176470589
gemma,FIELD_PLUS_LATEST_ERRATUM,UPDATE_COMPARISON-ORIGIN-0061,4,136,136,1,1.0
gemma,FIELD_PLUS_LATEST_ERRATUM,UPDATE_COMPARISON-ORIGIN-0062,4,136,136,1,1.0
gemma,FIELD_PLUS_LATEST_ERRATUM,UPDATE_COMPARISON-ORIGIN-0063,4,136,136,1,1.0
gemma,FREE_PAIR_CONSISTENCY_s0,UPDATE_COMPARISON-ORIGIN-0000,4,136,125,0,0.9191176470588235
gemma,FREE_PAIR_CONSISTENCY_s0,UPDATE_COMPARISON-ORIGIN-0001,4,136,131,0,0.9632352941176471
gemma,FREE_PAIR_CONSISTENCY_s0,UPDATE_COMPARISON-ORIGIN-0002,4,136,136,1,1.0
gemma,FREE_PAIR_CONSISTENCY_s0,UPDATE_COMPARISON-ORIGIN-0003,4,136,131,0,0.9632352941176471
gemma,FREE_PAIR_CONSISTENCY_s0,UPDATE_COMPARISON-ORIGIN-0004,4,136,127,0,0.9338235294117647
gemma,FREE_PAIR_CONSISTENCY_s0,UPDATE_COMPARISON-ORIGIN-0005,4,136,119,0,0.875
gemma,FREE_PAIR_CONSISTENCY_s0,UPDATE_COMPARISON-ORIGIN-0006,4,136,136,1,1.0
gemma,FREE_PAIR_CONSISTENCY_s0,UPDATE_COMPARISON-ORIGIN-0007,4,136,136,1,1.0
gemma,FREE_PAIR_CONSISTENCY_s0,UPDATE_COMPARISON-ORIGIN-0008,4,136,118,0,0.8676470588235294
gemma,FREE_PAIR_CONSISTENCY_s0,UPDATE_COMPARISON-ORIGIN-0009,4,136,128,0,0.9411764705882353
gemma,FREE_PAIR_CONSISTENCY_s0,UPDATE_COMPARISON-ORIGIN-0010,4,136,116,0,0.8529411764705882
gemma,FREE_PAIR_CONSISTENCY_s0,UPDATE_COMPARISON-ORIGIN-0011,4,136,134,0,0.9852941176470589
gemma,FREE_PAIR_CONSISTENCY_s0,UPDATE_COMPARISON-ORIGIN-0012,4,136,136,1,1.0
gemma,FREE_PAIR_CONSISTENCY_s0,UPDATE_COMPARISON-ORIGIN-0013,4,136,125,0,0.9191176470588235
gemma,FREE_PAIR_CONSISTENCY_s0,UPDATE_COMPARISON-ORIGIN-0014,4,136,125,0,0.9191176470588235
gemma,FREE_PAIR_CONSISTENCY_s0,UPDATE_COMPARISON-ORIGIN-0015,4,136,126,0,0.9264705882352942
gemma,FREE_PAIR_CONSISTENCY_s0,UPDATE_COMPARISON-ORIGIN-0016,4,136,124,0,0.9117647058823529
gemma,FREE_PAIR_CONSISTENCY_s0,UPDATE_COMPARISON-ORIGIN-0017,4,136,134,0,0.9852941176470589
gemma,FREE_PAIR_CONSISTENCY_s0,UPDATE_COMPARISON-ORIGIN-0018,4,136,130,0,0.9558823529411765
gemma,FREE_PAIR_CONSISTENCY_s0,UPDATE_COMPARISON-ORIGIN-0019,4,136,106,0,0.7794117647058824
gemma,FREE_PAIR_CONSISTENCY_s0,UPDATE_COMPARISON-ORIGIN-0020,4,136,136,1,1.0
gemma,FREE_PAIR_CONSISTENCY_s0,UPDATE_COMPARISON-ORIGIN-0021,4,136,134,0,0.9852941176470589
gemma,FREE_PAIR_CONSISTENCY_s0,UPDATE_COMPARISON-ORIGIN-0022,4,136,133,0,0.9779411764705882
gemma,FREE_PAIR_CONSISTENCY_s0,UPDATE_COMPARISON-ORIGIN-0023,4,136,133,0,0.9779411764705882
gemma,FREE_PAIR_CONSISTENCY_s0,UPDATE_COMPARISON-ORIGIN-0024,4,136,136,1,1.0
gemma,FREE_PAIR_CONSISTENCY_s0,UPDATE_COMPARISON-ORIGIN-0025,4,136,134,0,0.9852941176470589
gemma,FREE_PAIR_CONSISTENCY_s0,UPDATE_COMPARISON-ORIGIN-0026,4,136,130,0,0.9558823529411765
gemma,FREE_PAIR_CONSISTENCY_s0,UPDATE_COMPARISON-ORIGIN-0027,4,136,111,0,0.8161764705882353
gemma,FREE_PAIR_CONSISTENCY_s0,UPDATE_COMPARISON-ORIGIN-0028,4,136,136,1,1.0
gemma,FREE_PAIR_CONSISTENCY_s0,UPDATE_COMPARISON-ORIGIN-0029,4,136,135,0,0.9926470588235294
gemma,FREE_PAIR_CONSISTENCY_s0,UPDATE_COMPARISON-ORIGIN-0030,4,136,136,1,1.0
gemma,FREE_PAIR_CONSISTENCY_s0,UPDATE_COMPARISON-ORIGIN-0031,4,136,136,1,1.0
gemma,FREE_PAIR_CONSISTENCY_s0,UPDATE_COMPARISON-ORIGIN-0032,4,136,136,1,1.0
gemma,FREE_PAIR_CONSISTENCY_s0,UPDATE_COMPARISON-ORIGIN-0033,4,136,136,1,1.0
gemma,FREE_PAIR_CONSISTENCY_s0,UPDATE_COMPARISON-ORIGIN-0034,4,136,135,0,0.9926470588235294
gemma,FREE_PAIR_CONSISTENCY_s0,UPDATE_COMPARISON-ORIGIN-0035,4,136,114,0,0.8382352941176471
gemma,FREE_PAIR_CONSISTENCY_s0,UPDATE_COMPARISON-ORIGIN-0036,4,136,128,0,0.9411764705882353
gemma,FREE_PAIR_CONSISTENCY_s0,UPDATE_COMPARISON-ORIGIN-0037,4,136,121,0,0.8897058823529411
gemma,FREE_PAIR_CONSISTENCY_s0,UPDATE_COMPARISON-ORIGIN-0038,4,136,135,0,0.9926470588235294
gemma,FREE_PAIR_CONSISTENCY_s0,UPDATE_COMPARISON-ORIGIN-0039,4,136,120,0,0.8823529411764706
gemma,FREE_PAIR_CONSISTENCY_s0,UPDATE_COMPARISON-ORIGIN-0040,4,136,134,0,0.9852941176470589
gemma,FREE_PAIR_CONSISTENCY_s0,UPDATE_COMPARISON-ORIGIN-0041,4,136,131,0,0.9632352941176471
gemma,FREE_PAIR_CONSISTENCY_s0,UPDATE_COMPARISON-ORIGIN-0042,4,136,135,0,0.9926470588235294
gemma,FREE_PAIR_CONSISTENCY_s0,UPDATE_COMPARISON-ORIGIN-0043,4,136,136,1,1.0
gemma,FREE_PAIR_CONSISTENCY_s0,UPDATE_COMPARISON-ORIGIN-0044,4,136,134,0,0.9852941176470589
gemma,FREE_PAIR_CONSISTENCY_s0,UPDATE_COMPARISON-ORIGIN-0045,4,136,126,0,0.9264705882352942
gemma,FREE_PAIR_CONSISTENCY_s0,UPDATE_COMPARISON-ORIGIN-0046,4,136,127,0,0.9338235294117647
gemma,FREE_PAIR_CONSISTENCY_s0,UPDATE_COMPARISON-ORIGIN-0047,4,136,136,1,1.0
gemma,FREE_PAIR_CONSISTENCY_s0,UPDATE_COMPARISON-ORIGIN-0048,4,136,126,0,0.9264705882352942
gemma,FREE_PAIR_CONSISTENCY_s0,UPDATE_COMPARISON-ORIGIN-0049,4,136,130,0,0.9558823529411765
gemma,FREE_PAIR_CONSISTENCY_s0,UPDATE_COMPARISON-ORIGIN-0050,4,136,128,0,0.9411764705882353
gemma,FREE_PAIR_CONSISTENCY_s0,UPDATE_COMPARISON-ORIGIN-0051,4,136,118,0,0.8676470588235294
gemma,FREE_PAIR_CONSISTENCY_s0,UPDATE_COMPARISON-ORIGIN-0052,4,136,136,1,1.0
gemma,FREE_PAIR_CONSISTENCY_s0,UPDATE_COMPARISON-ORIGIN-0053,4,136,130,0,0.9558823529411765
gemma,FREE_PAIR_CONSISTENCY_s0,UPDATE_COMPARISON-ORIGIN-0054,4,136,132,0,0.9705882352941176
gemma,FREE_PAIR_CONSISTENCY_s0,UPDATE_COMPARISON-ORIGIN-0055,4,136,135,0,0.9926470588235294
gemma,FREE_PAIR_CONSISTENCY_s0,UPDATE_COMPARISON-ORIGIN-0056,4,136,127,0,0.9338235294117647
gemma,FREE_PAIR_CONSISTENCY_s0,UPDATE_COMPARISON-ORIGIN-0057,4,136,133,0,0.9779411764705882
gemma,FREE_PAIR_CONSISTENCY_s0,UPDATE_COMPARISON-ORIGIN-0058,4,136,131,0,0.9632352941176471
gemma,FREE_PAIR_CONSISTENCY_s0,UPDATE_COMPARISON-ORIGIN-0059,4,136,130,0,0.9558823529411765
gemma,FREE_PAIR_CONSISTENCY_s0,UPDATE_COMPARISON-ORIGIN-0060,4,136,135,0,0.9926470588235294
gemma,FREE_PAIR_CONSISTENCY_s0,UPDATE_COMPARISON-ORIGIN-0061,4,136,136,1,1.0
gemma,FREE_PAIR_CONSISTENCY_s0,UPDATE_COMPARISON-ORIGIN-0062,4,136,136,1,1.0
gemma,FREE_PAIR_CONSISTENCY_s0,UPDATE_COMPARISON-ORIGIN-0063,4,136,133,0,0.9779411764705882
gemma,FREE_PAIR_CONSISTENCY_s1,UPDATE_COMPARISON-ORIGIN-0000,4,136,127,0,0.9338235294117647
gemma,FREE_PAIR_CONSISTENCY_s1,UPDATE_COMPARISON-ORIGIN-0001,4,136,136,1,1.0
gemma,FREE_PAIR_CONSISTENCY_s1,UPDATE_COMPARISON-ORIGIN-0002,4,136,136,1,1.0
gemma,FREE_PAIR_CONSISTENCY_s1,UPDATE_COMPARISON-ORIGIN-0003,4,136,136,1,1.0
gemma,FREE_PAIR_CONSISTENCY_s1,UPDATE_COMPARISON-ORIGIN-0004,4,136,124,0,0.9117647058823529
gemma,FREE_PAIR_CONSISTENCY_s1,UPDATE_COMPARISON-ORIGIN-0005,4,136,125,0,0.9191176470588235
gemma,FREE_PAIR_CONSISTENCY_s1,UPDATE_COMPARISON-ORIGIN-0006,4,136,129,0,0.9485294117647058
gemma,FREE_PAIR_CONSISTENCY_s1,UPDATE_COMPARISON-ORIGIN-0007,4,136,136,1,1.0
gemma,FREE_PAIR_CONSISTENCY_s1,UPDATE_COMPARISON-ORIGIN-0008,4,136,120,0,0.8823529411764706
gemma,FREE_PAIR_CONSISTENCY_s1,UPDATE_COMPARISON-ORIGIN-0009,4,136,115,0,0.8455882352941176
gemma,FREE_PAIR_CONSISTENCY_s1,UPDATE_COMPARISON-ORIGIN-0010,4,136,124,0,0.9117647058823529
gemma,FREE_PAIR_CONSISTENCY_s1,UPDATE_COMPARISON-ORIGIN-0011,4,136,134,0,0.9852941176470589
gemma,FREE_PAIR_CONSISTENCY_s1,UPDATE_COMPARISON-ORIGIN-0012,4,136,136,1,1.0
gemma,FREE_PAIR_CONSISTENCY_s1,UPDATE_COMPARISON-ORIGIN-0013,4,136,116,0,0.8529411764705882
gemma,FREE_PAIR_CONSISTENCY_s1,UPDATE_COMPARISON-ORIGIN-0014,4,136,116,0,0.8529411764705882
gemma,FREE_PAIR_CONSISTENCY_s1,UPDATE_COMPARISON-ORIGIN-0015,4,136,116,0,0.8529411764705882
gemma,FREE_PAIR_CONSISTENCY_s1,UPDATE_COMPARISON-ORIGIN-0016,4,136,136,1,1.0
gemma,FREE_PAIR_CONSISTENCY_s1,UPDATE_COMPARISON-ORIGIN-0017,4,136,132,0,0.9705882352941176
gemma,FREE_PAIR_CONSISTENCY_s1,UPDATE_COMPARISON-ORIGIN-0018,4,136,129,0,0.9485294117647058
gemma,FREE_PAIR_CONSISTENCY_s1,UPDATE_COMPARISON-ORIGIN-0019,4,136,127,0,0.9338235294117647
gemma,FREE_PAIR_CONSISTENCY_s1,UPDATE_COMPARISON-ORIGIN-0020,4,136,136,1,1.0
gemma,FREE_PAIR_CONSISTENCY_s1,UPDATE_COMPARISON-ORIGIN-0021,4,136,128,0,0.9411764705882353
gemma,FREE_PAIR_CONSISTENCY_s1,UPDATE_COMPARISON-ORIGIN-0022,4,136,136,1,1.0
gemma,FREE_PAIR_CONSISTENCY_s1,UPDATE_COMPARISON-ORIGIN-0023,4,136,128,0,0.9411764705882353
gemma,FREE_PAIR_CONSISTENCY_s1,UPDATE_COMPARISON-ORIGIN-0024,4,136,134,0,0.9852941176470589
gemma,FREE_PAIR_CONSISTENCY_s1,UPDATE_COMPARISON-ORIGIN-0025,4,136,123,0,0.9044117647058824
gemma,FREE_PAIR_CONSISTENCY_s1,UPDATE_COMPARISON-ORIGIN-0026,4,136,131,0,0.9632352941176471
gemma,FREE_PAIR_CONSISTENCY_s1,UPDATE_COMPARISON-ORIGIN-0027,4,136,124,0,0.9117647058823529
gemma,FREE_PAIR_CONSISTENCY_s1,UPDATE_COMPARISON-ORIGIN-0028,4,136,136,1,1.0
gemma,FREE_PAIR_CONSISTENCY_s1,UPDATE_COMPARISON-ORIGIN-0029,4,136,133,0,0.9779411764705882
gemma,FREE_PAIR_CONSISTENCY_s1,UPDATE_COMPARISON-ORIGIN-0030,4,136,136,1,1.0
gemma,FREE_PAIR_CONSISTENCY_s1,UPDATE_COMPARISON-ORIGIN-0031,4,136,136,1,1.0
gemma,FREE_PAIR_CONSISTENCY_s1,UPDATE_COMPARISON-ORIGIN-0032,4,136,136,1,1.0
gemma,FREE_PAIR_CONSISTENCY_s1,UPDATE_COMPARISON-ORIGIN-0033,4,136,136,1,1.0
gemma,FREE_PAIR_CONSISTENCY_s1,UPDATE_COMPARISON-ORIGIN-0034,4,136,136,1,1.0
gemma,FREE_PAIR_CONSISTENCY_s1,UPDATE_COMPARISON-ORIGIN-0035,4,136,126,0,0.9264705882352942
gemma,FREE_PAIR_CONSISTENCY_s1,UPDATE_COMPARISON-ORIGIN-0036,4,136,121,0,0.8897058823529411
gemma,FREE_PAIR_CONSISTENCY_s1,UPDATE_COMPARISON-ORIGIN-0037,4,136,126,0,0.9264705882352942
gemma,FREE_PAIR_CONSISTENCY_s1,UPDATE_COMPARISON-ORIGIN-0038,4,136,128,0,0.9411764705882353
gemma,FREE_PAIR_CONSISTENCY_s1,UPDATE_COMPARISON-ORIGIN-0039,4,136,128,0,0.9411764705882353
gemma,FREE_PAIR_CONSISTENCY_s1,UPDATE_COMPARISON-ORIGIN-0040,4,136,135,0,0.9926470588235294
gemma,FREE_PAIR_CONSISTENCY_s1,UPDATE_COMPARISON-ORIGIN-0041,4,136,135,0,0.9926470588235294
gemma,FREE_PAIR_CONSISTENCY_s1,UPDATE_COMPARISON-ORIGIN-0042,4,136,133,0,0.9779411764705882
gemma,FREE_PAIR_CONSISTENCY_s1,UPDATE_COMPARISON-ORIGIN-0043,4,136,136,1,1.0
gemma,FREE_PAIR_CONSISTENCY_s1,UPDATE_COMPARISON-ORIGIN-0044,4,136,134,0,0.9852941176470589
gemma,FREE_PAIR_CONSISTENCY_s1,UPDATE_COMPARISON-ORIGIN-0045,4,136,135,0,0.9926470588235294
gemma,FREE_PAIR_CONSISTENCY_s1,UPDATE_COMPARISON-ORIGIN-0046,4,136,136,1,1.0
gemma,FREE_PAIR_CONSISTENCY_s1,UPDATE_COMPARISON-ORIGIN-0047,4,136,120,0,0.8823529411764706
gemma,FREE_PAIR_CONSISTENCY_s1,UPDATE_COMPARISON-ORIGIN-0048,4,136,125,0,0.9191176470588235
gemma,FREE_PAIR_CONSISTENCY_s1,UPDATE_COMPARISON-ORIGIN-0049,4,136,127,0,0.9338235294117647
gemma,FREE_PAIR_CONSISTENCY_s1,UPDATE_COMPARISON-ORIGIN-0050,4,136,136,1,1.0
gemma,FREE_PAIR_CONSISTENCY_s1,UPDATE_COMPARISON-ORIGIN-0051,4,136,124,0,0.9117647058823529
gemma,FREE_PAIR_CONSISTENCY_s1,UPDATE_COMPARISON-ORIGIN-0052,4,136,123,0,0.9044117647058824
gemma,FREE_PAIR_CONSISTENCY_s1,UPDATE_COMPARISON-ORIGIN-0053,4,136,131,0,0.9632352941176471
gemma,FREE_PAIR_CONSISTENCY_s1,UPDATE_COMPARISON-ORIGIN-0054,4,136,130,0,0.9558823529411765
gemma,FREE_PAIR_CONSISTENCY_s1,UPDATE_COMPARISON-ORIGIN-0055,4,136,136,1,1.0
gemma,FREE_PAIR_CONSISTENCY_s1,UPDATE_COMPARISON-ORIGIN-0056,4,136,136,1,1.0
gemma,FREE_PAIR_CONSISTENCY_s1,UPDATE_COMPARISON-ORIGIN-0057,4,136,120,0,0.8823529411764706
gemma,FREE_PAIR_CONSISTENCY_s1,UPDATE_COMPARISON-ORIGIN-0058,4,136,136,1,1.0
gemma,FREE_PAIR_CONSISTENCY_s1,UPDATE_COMPARISON-ORIGIN-0059,4,136,133,0,0.9779411764705882
gemma,FREE_PAIR_CONSISTENCY_s1,UPDATE_COMPARISON-ORIGIN-0060,4,136,128,0,0.9411764705882353
gemma,FREE_PAIR_CONSISTENCY_s1,UPDATE_COMPARISON-ORIGIN-0061,4,136,136,1,1.0
gemma,FREE_PAIR_CONSISTENCY_s1,UPDATE_COMPARISON-ORIGIN-0062,4,136,136,1,1.0
gemma,FREE_PAIR_CONSISTENCY_s1,UPDATE_COMPARISON-ORIGIN-0063,4,136,136,1,1.0
gemma,INV_PAIR_NLL_s0,UPDATE_COMPARISON-ORIGIN-0000,4,136,134,0,0.9852941176470589
gemma,INV_PAIR_NLL_s0,UPDATE_COMPARISON-ORIGIN-0001,4,136,136,1,1.0
gemma,INV_PAIR_NLL_s0,UPDATE_COMPARISON-ORIGIN-0002,4,136,136,1,1.0
gemma,INV_PAIR_NLL_s0,UPDATE_COMPARISON-ORIGIN-0003,4,136,136,1,1.0
gemma,INV_PAIR_NLL_s0,UPDATE_COMPARISON-ORIGIN-0004,4,136,132,0,0.9705882352941176
gemma,INV_PAIR_NLL_s0,UPDATE_COMPARISON-ORIGIN-0005,4,136,132,0,0.9705882352941176
gemma,INV_PAIR_NLL_s0,UPDATE_COMPARISON-ORIGIN-0006,4,136,136,1,1.0
gemma,INV_PAIR_NLL_s0,UPDATE_COMPARISON-ORIGIN-0007,4,136,134,0,0.9852941176470589
gemma,INV_PAIR_NLL_s0,UPDATE_COMPARISON-ORIGIN-0008,4,136,131,0,0.9632352941176471
gemma,INV_PAIR_NLL_s0,UPDATE_COMPARISON-ORIGIN-0009,4,136,126,0,0.9264705882352942
gemma,INV_PAIR_NLL_s0,UPDATE_COMPARISON-ORIGIN-0010,4,136,127,0,0.9338235294117647
gemma,INV_PAIR_NLL_s0,UPDATE_COMPARISON-ORIGIN-0011,4,136,136,1,1.0
gemma,INV_PAIR_NLL_s0,UPDATE_COMPARISON-ORIGIN-0012,4,136,136,1,1.0
gemma,INV_PAIR_NLL_s0,UPDATE_COMPARISON-ORIGIN-0013,4,136,131,0,0.9632352941176471
gemma,INV_PAIR_NLL_s0,UPDATE_COMPARISON-ORIGIN-0014,4,136,134,0,0.9852941176470589
gemma,INV_PAIR_NLL_s0,UPDATE_COMPARISON-ORIGIN-0015,4,136,135,0,0.9926470588235294
gemma,INV_PAIR_NLL_s0,UPDATE_COMPARISON-ORIGIN-0016,4,136,133,0,0.9779411764705882
gemma,INV_PAIR_NLL_s0,UPDATE_COMPARISON-ORIGIN-0017,4,136,136,1,1.0
gemma,INV_PAIR_NLL_s0,UPDATE_COMPARISON-ORIGIN-0018,4,136,133,0,0.9779411764705882
gemma,INV_PAIR_NLL_s0,UPDATE_COMPARISON-ORIGIN-0019,4,136,136,1,1.0
gemma,INV_PAIR_NLL_s0,UPDATE_COMPARISON-ORIGIN-0020,4,136,136,1,1.0
gemma,INV_PAIR_NLL_s0,UPDATE_COMPARISON-ORIGIN-0021,4,136,136,1,1.0
gemma,INV_PAIR_NLL_s0,UPDATE_COMPARISON-ORIGIN-0022,4,136,136,1,1.0
gemma,INV_PAIR_NLL_s0,UPDATE_COMPARISON-ORIGIN-0023,4,136,135,0,0.9926470588235294
gemma,INV_PAIR_NLL_s0,UPDATE_COMPARISON-ORIGIN-0024,4,136,135,0,0.9926470588235294
gemma,INV_PAIR_NLL_s0,UPDATE_COMPARISON-ORIGIN-0025,4,136,131,0,0.9632352941176471
gemma,INV_PAIR_NLL_s0,UPDATE_COMPARISON-ORIGIN-0026,4,136,136,1,1.0
gemma,INV_PAIR_NLL_s0,UPDATE_COMPARISON-ORIGIN-0027,4,136,132,0,0.9705882352941176
gemma,INV_PAIR_NLL_s0,UPDATE_COMPARISON-ORIGIN-0028,4,136,136,1,1.0
gemma,INV_PAIR_NLL_s0,UPDATE_COMPARISON-ORIGIN-0029,4,136,131,0,0.9632352941176471
gemma,INV_PAIR_NLL_s0,UPDATE_COMPARISON-ORIGIN-0030,4,136,136,1,1.0
gemma,INV_PAIR_NLL_s0,UPDATE_COMPARISON-ORIGIN-0031,4,136,136,1,1.0
gemma,INV_PAIR_NLL_s0,UPDATE_COMPARISON-ORIGIN-0032,4,136,136,1,1.0
gemma,INV_PAIR_NLL_s0,UPDATE_COMPARISON-ORIGIN-0033,4,136,136,1,1.0
gemma,INV_PAIR_NLL_s0,UPDATE_COMPARISON-ORIGIN-0034,4,136,136,1,1.0
gemma,INV_PAIR_NLL_s0,UPDATE_COMPARISON-ORIGIN-0035,4,136,124,0,0.9117647058823529
gemma,INV_PAIR_NLL_s0,UPDATE_COMPARISON-ORIGIN-0036,4,136,132,0,0.9705882352941176
gemma,INV_PAIR_NLL_s0,UPDATE_COMPARISON-ORIGIN-0037,4,136,135,0,0.9926470588235294
gemma,INV_PAIR_NLL_s0,UPDATE_COMPARISON-ORIGIN-0038,4,136,136,1,1.0
gemma,INV_PAIR_NLL_s0,UPDATE_COMPARISON-ORIGIN-0039,4,136,136,1,1.0
gemma,INV_PAIR_NLL_s0,UPDATE_COMPARISON-ORIGIN-0040,4,136,134,0,0.9852941176470589
gemma,INV_PAIR_NLL_s0,UPDATE_COMPARISON-ORIGIN-0041,4,136,134,0,0.9852941176470589
gemma,INV_PAIR_NLL_s0,UPDATE_COMPARISON-ORIGIN-0042,4,136,135,0,0.9926470588235294
gemma,INV_PAIR_NLL_s0,UPDATE_COMPARISON-ORIGIN-0043,4,136,136,1,1.0
gemma,INV_PAIR_NLL_s0,UPDATE_COMPARISON-ORIGIN-0044,4,136,133,0,0.9779411764705882
gemma,INV_PAIR_NLL_s0,UPDATE_COMPARISON-ORIGIN-0045,4,136,136,1,1.0
gemma,INV_PAIR_NLL_s0,UPDATE_COMPARISON-ORIGIN-0046,4,136,135,0,0.9926470588235294
gemma,INV_PAIR_NLL_s0,UPDATE_COMPARISON-ORIGIN-0047,4,136,136,1,1.0
gemma,INV_PAIR_NLL_s0,UPDATE_COMPARISON-ORIGIN-0048,4,136,126,0,0.9264705882352942
gemma,INV_PAIR_NLL_s0,UPDATE_COMPARISON-ORIGIN-0049,4,136,134,0,0.9852941176470589
gemma,INV_PAIR_NLL_s0,UPDATE_COMPARISON-ORIGIN-0050,4,136,131,0,0.9632352941176471
gemma,INV_PAIR_NLL_s0,UPDATE_COMPARISON-ORIGIN-0051,4,136,127,0,0.9338235294117647
gemma,INV_PAIR_NLL_s0,UPDATE_COMPARISON-ORIGIN-0052,4,136,136,1,1.0
gemma,INV_PAIR_NLL_s0,UPDATE_COMPARISON-ORIGIN-0053,4,136,127,0,0.9338235294117647
gemma,INV_PAIR_NLL_s0,UPDATE_COMPARISON-ORIGIN-0054,4,136,136,1,1.0
gemma,INV_PAIR_NLL_s0,UPDATE_COMPARISON-ORIGIN-0055,4,136,136,1,1.0
gemma,INV_PAIR_NLL_s0,UPDATE_COMPARISON-ORIGIN-0056,4,136,133,0,0.9779411764705882
gemma,INV_PAIR_NLL_s0,UPDATE_COMPARISON-ORIGIN-0057,4,136,129,0,0.9485294117647058
gemma,INV_PAIR_NLL_s0,UPDATE_COMPARISON-ORIGIN-0058,4,136,136,1,1.0
gemma,INV_PAIR_NLL_s0,UPDATE_COMPARISON-ORIGIN-0059,4,136,135,0,0.9926470588235294
gemma,INV_PAIR_NLL_s0,UPDATE_COMPARISON-ORIGIN-0060,4,136,136,1,1.0
gemma,INV_PAIR_NLL_s0,UPDATE_COMPARISON-ORIGIN-0061,4,136,136,1,1.0
gemma,INV_PAIR_NLL_s0,UPDATE_COMPARISON-ORIGIN-0062,4,136,136,1,1.0
gemma,INV_PAIR_NLL_s0,UPDATE_COMPARISON-ORIGIN-0063,4,136,132,0,0.9705882352941176
gemma,INV_PAIR_NLL_s1,UPDATE_COMPARISON-ORIGIN-0000,4,136,119,0,0.875
gemma,INV_PAIR_NLL_s1,UPDATE_COMPARISON-ORIGIN-0001,4,136,132,0,0.9705882352941176
gemma,INV_PAIR_NLL_s1,UPDATE_COMPARISON-ORIGIN-0002,4,136,135,0,0.9926470588235294
gemma,INV_PAIR_NLL_s1,UPDATE_COMPARISON-ORIGIN-0003,4,136,135,0,0.9926470588235294
gemma,INV_PAIR_NLL_s1,UPDATE_COMPARISON-ORIGIN-0004,4,136,126,0,0.9264705882352942
gemma,INV_PAIR_NLL_s1,UPDATE_COMPARISON-ORIGIN-0005,4,136,124,0,0.9117647058823529
gemma,INV_PAIR_NLL_s1,UPDATE_COMPARISON-ORIGIN-0006,4,136,136,1,1.0
gemma,INV_PAIR_NLL_s1,UPDATE_COMPARISON-ORIGIN-0007,4,136,131,0,0.9632352941176471
gemma,INV_PAIR_NLL_s1,UPDATE_COMPARISON-ORIGIN-0008,4,136,120,0,0.8823529411764706
gemma,INV_PAIR_NLL_s1,UPDATE_COMPARISON-ORIGIN-0009,4,136,122,0,0.8970588235294118
gemma,INV_PAIR_NLL_s1,UPDATE_COMPARISON-ORIGIN-0010,4,136,113,0,0.8308823529411765
gemma,INV_PAIR_NLL_s1,UPDATE_COMPARISON-ORIGIN-0011,4,136,132,0,0.9705882352941176
gemma,INV_PAIR_NLL_s1,UPDATE_COMPARISON-ORIGIN-0012,4,136,136,1,1.0
gemma,INV_PAIR_NLL_s1,UPDATE_COMPARISON-ORIGIN-0013,4,136,129,0,0.9485294117647058
gemma,INV_PAIR_NLL_s1,UPDATE_COMPARISON-ORIGIN-0014,4,136,136,1,1.0
gemma,INV_PAIR_NLL_s1,UPDATE_COMPARISON-ORIGIN-0015,4,136,130,0,0.9558823529411765
gemma,INV_PAIR_NLL_s1,UPDATE_COMPARISON-ORIGIN-0016,4,136,123,0,0.9044117647058824
gemma,INV_PAIR_NLL_s1,UPDATE_COMPARISON-ORIGIN-0017,4,136,129,0,0.9485294117647058
gemma,INV_PAIR_NLL_s1,UPDATE_COMPARISON-ORIGIN-0018,4,136,128,0,0.9411764705882353
gemma,INV_PAIR_NLL_s1,UPDATE_COMPARISON-ORIGIN-0019,4,136,115,0,0.8455882352941176
gemma,INV_PAIR_NLL_s1,UPDATE_COMPARISON-ORIGIN-0020,4,136,135,0,0.9926470588235294
gemma,INV_PAIR_NLL_s1,UPDATE_COMPARISON-ORIGIN-0021,4,136,127,0,0.9338235294117647
gemma,INV_PAIR_NLL_s1,UPDATE_COMPARISON-ORIGIN-0022,4,136,133,0,0.9779411764705882
gemma,INV_PAIR_NLL_s1,UPDATE_COMPARISON-ORIGIN-0023,4,136,132,0,0.9705882352941176
gemma,INV_PAIR_NLL_s1,UPDATE_COMPARISON-ORIGIN-0024,4,136,136,1,1.0
gemma,INV_PAIR_NLL_s1,UPDATE_COMPARISON-ORIGIN-0025,4,136,136,1,1.0
gemma,INV_PAIR_NLL_s1,UPDATE_COMPARISON-ORIGIN-0026,4,136,120,0,0.8823529411764706
gemma,INV_PAIR_NLL_s1,UPDATE_COMPARISON-ORIGIN-0027,4,136,113,0,0.8308823529411765
gemma,INV_PAIR_NLL_s1,UPDATE_COMPARISON-ORIGIN-0028,4,136,118,0,0.8676470588235294
gemma,INV_PAIR_NLL_s1,UPDATE_COMPARISON-ORIGIN-0029,4,136,136,1,1.0
gemma,INV_PAIR_NLL_s1,UPDATE_COMPARISON-ORIGIN-0030,4,136,135,0,0.9926470588235294
gemma,INV_PAIR_NLL_s1,UPDATE_COMPARISON-ORIGIN-0031,4,136,132,0,0.9705882352941176
gemma,INV_PAIR_NLL_s1,UPDATE_COMPARISON-ORIGIN-0032,4,136,125,0,0.9191176470588235
gemma,INV_PAIR_NLL_s1,UPDATE_COMPARISON-ORIGIN-0033,4,136,136,1,1.0
gemma,INV_PAIR_NLL_s1,UPDATE_COMPARISON-ORIGIN-0034,4,136,136,1,1.0
gemma,INV_PAIR_NLL_s1,UPDATE_COMPARISON-ORIGIN-0035,4,136,118,0,0.8676470588235294
gemma,INV_PAIR_NLL_s1,UPDATE_COMPARISON-ORIGIN-0036,4,136,117,0,0.8602941176470589
gemma,INV_PAIR_NLL_s1,UPDATE_COMPARISON-ORIGIN-0037,4,136,118,0,0.8676470588235294
gemma,INV_PAIR_NLL_s1,UPDATE_COMPARISON-ORIGIN-0038,4,136,132,0,0.9705882352941176
gemma,INV_PAIR_NLL_s1,UPDATE_COMPARISON-ORIGIN-0039,4,136,130,0,0.9558823529411765
gemma,INV_PAIR_NLL_s1,UPDATE_COMPARISON-ORIGIN-0040,4,136,136,1,1.0
gemma,INV_PAIR_NLL_s1,UPDATE_COMPARISON-ORIGIN-0041,4,136,128,0,0.9411764705882353
gemma,INV_PAIR_NLL_s1,UPDATE_COMPARISON-ORIGIN-0042,4,136,134,0,0.9852941176470589
gemma,INV_PAIR_NLL_s1,UPDATE_COMPARISON-ORIGIN-0043,4,136,135,0,0.9926470588235294
gemma,INV_PAIR_NLL_s1,UPDATE_COMPARISON-ORIGIN-0044,4,136,134,0,0.9852941176470589
gemma,INV_PAIR_NLL_s1,UPDATE_COMPARISON-ORIGIN-0045,4,136,131,0,0.9632352941176471
gemma,INV_PAIR_NLL_s1,UPDATE_COMPARISON-ORIGIN-0046,4,136,135,0,0.9926470588235294
gemma,INV_PAIR_NLL_s1,UPDATE_COMPARISON-ORIGIN-0047,4,136,133,0,0.9779411764705882
gemma,INV_PAIR_NLL_s1,UPDATE_COMPARISON-ORIGIN-0048,4,136,112,0,0.8235294117647058
gemma,INV_PAIR_NLL_s1,UPDATE_COMPARISON-ORIGIN-0049,4,136,130,0,0.9558823529411765
gemma,INV_PAIR_NLL_s1,UPDATE_COMPARISON-ORIGIN-0050,4,136,131,0,0.9632352941176471
gemma,INV_PAIR_NLL_s1,UPDATE_COMPARISON-ORIGIN-0051,4,136,116,0,0.8529411764705882
gemma,INV_PAIR_NLL_s1,UPDATE_COMPARISON-ORIGIN-0052,4,136,136,1,1.0
gemma,INV_PAIR_NLL_s1,UPDATE_COMPARISON-ORIGIN-0053,4,136,125,0,0.9191176470588235
gemma,INV_PAIR_NLL_s1,UPDATE_COMPARISON-ORIGIN-0054,4,136,135,0,0.9926470588235294
gemma,INV_PAIR_NLL_s1,UPDATE_COMPARISON-ORIGIN-0055,4,136,131,0,0.9632352941176471
gemma,INV_PAIR_NLL_s1,UPDATE_COMPARISON-ORIGIN-0056,4,136,132,0,0.9705882352941176
gemma,INV_PAIR_NLL_s1,UPDATE_COMPARISON-ORIGIN-0057,4,136,135,0,0.9926470588235294
gemma,INV_PAIR_NLL_s1,UPDATE_COMPARISON-ORIGIN-0058,4,136,136,1,1.0
gemma,INV_PAIR_NLL_s1,UPDATE_COMPARISON-ORIGIN-0059,4,136,125,0,0.9191176470588235
gemma,INV_PAIR_NLL_s1,UPDATE_COMPARISON-ORIGIN-0060,4,136,136,1,1.0
gemma,INV_PAIR_NLL_s1,UPDATE_COMPARISON-ORIGIN-0061,4,136,133,0,0.9779411764705882
gemma,INV_PAIR_NLL_s1,UPDATE_COMPARISON-ORIGIN-0062,4,136,129,0,0.9485294117647058
gemma,INV_PAIR_NLL_s1,UPDATE_COMPARISON-ORIGIN-0063,4,136,134,0,0.9852941176470589
gemma,LATEST_ERRATUM,UPDATE_COMPARISON-ORIGIN-0000,4,136,125,0,0.9191176470588235
gemma,LATEST_ERRATUM,UPDATE_COMPARISON-ORIGIN-0001,4,136,115,0,0.8455882352941176
gemma,LATEST_ERRATUM,UPDATE_COMPARISON-ORIGIN-0002,4,136,132,0,0.9705882352941176
gemma,LATEST_ERRATUM,UPDATE_COMPARISON-ORIGIN-0003,4,136,132,0,0.9705882352941176
gemma,LATEST_ERRATUM,UPDATE_COMPARISON-ORIGIN-0004,4,136,127,0,0.9338235294117647
gemma,LATEST_ERRATUM,UPDATE_COMPARISON-ORIGIN-0005,4,136,130,0,0.9558823529411765
gemma,LATEST_ERRATUM,UPDATE_COMPARISON-ORIGIN-0006,4,136,125,0,0.9191176470588235
gemma,LATEST_ERRATUM,UPDATE_COMPARISON-ORIGIN-0007,4,136,127,0,0.9338235294117647
gemma,LATEST_ERRATUM,UPDATE_COMPARISON-ORIGIN-0008,4,136,112,0,0.8235294117647058
gemma,LATEST_ERRATUM,UPDATE_COMPARISON-ORIGIN-0009,4,136,125,0,0.9191176470588235
gemma,LATEST_ERRATUM,UPDATE_COMPARISON-ORIGIN-0010,4,136,118,0,0.8676470588235294
gemma,LATEST_ERRATUM,UPDATE_COMPARISON-ORIGIN-0011,4,136,114,0,0.8382352941176471
gemma,LATEST_ERRATUM,UPDATE_COMPARISON-ORIGIN-0012,4,136,134,0,0.9852941176470589
gemma,LATEST_ERRATUM,UPDATE_COMPARISON-ORIGIN-0013,4,136,133,0,0.9779411764705882
gemma,LATEST_ERRATUM,UPDATE_COMPARISON-ORIGIN-0014,4,136,136,1,1.0
gemma,LATEST_ERRATUM,UPDATE_COMPARISON-ORIGIN-0015,4,136,136,1,1.0
gemma,LATEST_ERRATUM,UPDATE_COMPARISON-ORIGIN-0016,4,136,129,0,0.9485294117647058
gemma,LATEST_ERRATUM,UPDATE_COMPARISON-ORIGIN-0017,4,136,128,0,0.9411764705882353
gemma,LATEST_ERRATUM,UPDATE_COMPARISON-ORIGIN-0018,4,136,103,0,0.7573529411764706
gemma,LATEST_ERRATUM,UPDATE_COMPARISON-ORIGIN-0019,4,136,121,0,0.8897058823529411
gemma,LATEST_ERRATUM,UPDATE_COMPARISON-ORIGIN-0020,4,136,124,0,0.9117647058823529
gemma,LATEST_ERRATUM,UPDATE_COMPARISON-ORIGIN-0021,4,136,129,0,0.9485294117647058
gemma,LATEST_ERRATUM,UPDATE_COMPARISON-ORIGIN-0022,4,136,125,0,0.9191176470588235
gemma,LATEST_ERRATUM,UPDATE_COMPARISON-ORIGIN-0023,4,136,132,0,0.9705882352941176
gemma,LATEST_ERRATUM,UPDATE_COMPARISON-ORIGIN-0024,4,136,129,0,0.9485294117647058
gemma,LATEST_ERRATUM,UPDATE_COMPARISON-ORIGIN-0025,4,136,133,0,0.9779411764705882
gemma,LATEST_ERRATUM,UPDATE_COMPARISON-ORIGIN-0026,4,136,128,0,0.9411764705882353
gemma,LATEST_ERRATUM,UPDATE_COMPARISON-ORIGIN-0027,4,136,130,0,0.9558823529411765
gemma,LATEST_ERRATUM,UPDATE_COMPARISON-ORIGIN-0028,4,136,136,1,1.0
gemma,LATEST_ERRATUM,UPDATE_COMPARISON-ORIGIN-0029,4,136,136,1,1.0
gemma,LATEST_ERRATUM,UPDATE_COMPARISON-ORIGIN-0030,4,136,136,1,1.0
gemma,LATEST_ERRATUM,UPDATE_COMPARISON-ORIGIN-0031,4,136,136,1,1.0
gemma,LATEST_ERRATUM,UPDATE_COMPARISON-ORIGIN-0032,4,136,131,0,0.9632352941176471
gemma,LATEST_ERRATUM,UPDATE_COMPARISON-ORIGIN-0033,4,136,129,0,0.9485294117647058
gemma,LATEST_ERRATUM,UPDATE_COMPARISON-ORIGIN-0034,4,136,125,0,0.9191176470588235
gemma,LATEST_ERRATUM,UPDATE_COMPARISON-ORIGIN-0035,4,136,121,0,0.8897058823529411
gemma,LATEST_ERRATUM,UPDATE_COMPARISON-ORIGIN-0036,4,136,126,0,0.9264705882352942
gemma,LATEST_ERRATUM,UPDATE_COMPARISON-ORIGIN-0037,4,136,129,0,0.9485294117647058
gemma,LATEST_ERRATUM,UPDATE_COMPARISON-ORIGIN-0038,4,136,122,0,0.8970588235294118
gemma,LATEST_ERRATUM,UPDATE_COMPARISON-ORIGIN-0039,4,136,131,0,0.9632352941176471
gemma,LATEST_ERRATUM,UPDATE_COMPARISON-ORIGIN-0040,4,136,123,0,0.9044117647058824
gemma,LATEST_ERRATUM,UPDATE_COMPARISON-ORIGIN-0041,4,136,124,0,0.9117647058823529
gemma,LATEST_ERRATUM,UPDATE_COMPARISON-ORIGIN-0042,4,136,121,0,0.8897058823529411
gemma,LATEST_ERRATUM,UPDATE_COMPARISON-ORIGIN-0043,4,136,124,0,0.9117647058823529
gemma,LATEST_ERRATUM,UPDATE_COMPARISON-ORIGIN-0044,4,136,132,0,0.9705882352941176
gemma,LATEST_ERRATUM,UPDATE_COMPARISON-ORIGIN-0045,4,136,133,0,0.9779411764705882
gemma,LATEST_ERRATUM,UPDATE_COMPARISON-ORIGIN-0046,4,136,125,0,0.9191176470588235
gemma,LATEST_ERRATUM,UPDATE_COMPARISON-ORIGIN-0047,4,136,136,1,1.0
gemma,LATEST_ERRATUM,UPDATE_COMPARISON-ORIGIN-0048,4,136,128,0,0.9411764705882353
gemma,LATEST_ERRATUM,UPDATE_COMPARISON-ORIGIN-0049,4,136,123,0,0.9044117647058824
gemma,LATEST_ERRATUM,UPDATE_COMPARISON-ORIGIN-0050,4,136,127,0,0.9338235294117647
gemma,LATEST_ERRATUM,UPDATE_COMPARISON-ORIGIN-0051,4,136,131,0,0.9632352941176471
gemma,LATEST_ERRATUM,UPDATE_COMPARISON-ORIGIN-0052,4,136,127,0,0.9338235294117647
gemma,LATEST_ERRATUM,UPDATE_COMPARISON-ORIGIN-0053,4,136,136,1,1.0
gemma,LATEST_ERRATUM,UPDATE_COMPARISON-ORIGIN-0054,4,136,130,0,0.9558823529411765
gemma,LATEST_ERRATUM,UPDATE_COMPARISON-ORIGIN-0055,4,136,128,0,0.9411764705882353
gemma,LATEST_ERRATUM,UPDATE_COMPARISON-ORIGIN-0056,4,136,104,0,0.7647058823529411
gemma,LATEST_ERRATUM,UPDATE_COMPARISON-ORIGIN-0057,4,136,129,0,0.9485294117647058
gemma,LATEST_ERRATUM,UPDATE_COMPARISON-ORIGIN-0058,4,136,121,0,0.8897058823529411
gemma,LATEST_ERRATUM,UPDATE_COMPARISON-ORIGIN-0059,4,136,107,0,0.7867647058823529
gemma,LATEST_ERRATUM,UPDATE_COMPARISON-ORIGIN-0060,4,136,134,0,0.9852941176470589
gemma,LATEST_ERRATUM,UPDATE_COMPARISON-ORIGIN-0061,4,136,136,1,1.0
gemma,LATEST_ERRATUM,UPDATE_COMPARISON-ORIGIN-0062,4,136,136,1,1.0
gemma,LATEST_ERRATUM,UPDATE_COMPARISON-ORIGIN-0063,4,136,136,1,1.0
gemma,LATEST_SAME_WORDING,UPDATE_COMPARISON-ORIGIN-0000,4,136,128,0,0.9411764705882353
gemma,LATEST_SAME_WORDING,UPDATE_COMPARISON-ORIGIN-0001,4,136,127,0,0.9338235294117647
gemma,LATEST_SAME_WORDING,UPDATE_COMPARISON-ORIGIN-0002,4,136,131,0,0.9632352941176471
gemma,LATEST_SAME_WORDING,UPDATE_COMPARISON-ORIGIN-0003,4,136,125,0,0.9191176470588235
gemma,LATEST_SAME_WORDING,UPDATE_COMPARISON-ORIGIN-0004,4,136,128,0,0.9411764705882353
gemma,LATEST_SAME_WORDING,UPDATE_COMPARISON-ORIGIN-0005,4,136,122,0,0.8970588235294118
gemma,LATEST_SAME_WORDING,UPDATE_COMPARISON-ORIGIN-0006,4,136,122,0,0.8970588235294118
gemma,LATEST_SAME_WORDING,UPDATE_COMPARISON-ORIGIN-0007,4,136,127,0,0.9338235294117647
gemma,LATEST_SAME_WORDING,UPDATE_COMPARISON-ORIGIN-0008,4,136,109,0,0.8014705882352942
gemma,LATEST_SAME_WORDING,UPDATE_COMPARISON-ORIGIN-0009,4,136,113,0,0.8308823529411765
gemma,LATEST_SAME_WORDING,UPDATE_COMPARISON-ORIGIN-0010,4,136,110,0,0.8088235294117647
gemma,LATEST_SAME_WORDING,UPDATE_COMPARISON-ORIGIN-0011,4,136,115,0,0.8455882352941176
gemma,LATEST_SAME_WORDING,UPDATE_COMPARISON-ORIGIN-0012,4,136,136,1,1.0
gemma,LATEST_SAME_WORDING,UPDATE_COMPARISON-ORIGIN-0013,4,136,128,0,0.9411764705882353
gemma,LATEST_SAME_WORDING,UPDATE_COMPARISON-ORIGIN-0014,4,136,129,0,0.9485294117647058
gemma,LATEST_SAME_WORDING,UPDATE_COMPARISON-ORIGIN-0015,4,136,136,1,1.0
gemma,LATEST_SAME_WORDING,UPDATE_COMPARISON-ORIGIN-0016,4,136,118,0,0.8676470588235294
gemma,LATEST_SAME_WORDING,UPDATE_COMPARISON-ORIGIN-0017,4,136,128,0,0.9411764705882353
gemma,LATEST_SAME_WORDING,UPDATE_COMPARISON-ORIGIN-0018,4,136,108,0,0.7941176470588235
gemma,LATEST_SAME_WORDING,UPDATE_COMPARISON-ORIGIN-0019,4,136,116,0,0.8529411764705882
gemma,LATEST_SAME_WORDING,UPDATE_COMPARISON-ORIGIN-0020,4,136,129,0,0.9485294117647058
gemma,LATEST_SAME_WORDING,UPDATE_COMPARISON-ORIGIN-0021,4,136,129,0,0.9485294117647058
gemma,LATEST_SAME_WORDING,UPDATE_COMPARISON-ORIGIN-0022,4,136,128,0,0.9411764705882353
gemma,LATEST_SAME_WORDING,UPDATE_COMPARISON-ORIGIN-0023,4,136,133,0,0.9779411764705882
gemma,LATEST_SAME_WORDING,UPDATE_COMPARISON-ORIGIN-0024,4,136,127,0,0.9338235294117647
gemma,LATEST_SAME_WORDING,UPDATE_COMPARISON-ORIGIN-0025,4,136,134,0,0.9852941176470589
gemma,LATEST_SAME_WORDING,UPDATE_COMPARISON-ORIGIN-0026,4,136,128,0,0.9411764705882353
gemma,LATEST_SAME_WORDING,UPDATE_COMPARISON-ORIGIN-0027,4,136,130,0,0.9558823529411765
gemma,LATEST_SAME_WORDING,UPDATE_COMPARISON-ORIGIN-0028,4,136,134,0,0.9852941176470589
gemma,LATEST_SAME_WORDING,UPDATE_COMPARISON-ORIGIN-0029,4,136,136,1,1.0
gemma,LATEST_SAME_WORDING,UPDATE_COMPARISON-ORIGIN-0030,4,136,136,1,1.0
gemma,LATEST_SAME_WORDING,UPDATE_COMPARISON-ORIGIN-0031,4,136,136,1,1.0
gemma,LATEST_SAME_WORDING,UPDATE_COMPARISON-ORIGIN-0032,4,136,130,0,0.9558823529411765
gemma,LATEST_SAME_WORDING,UPDATE_COMPARISON-ORIGIN-0033,4,136,131,0,0.9632352941176471
gemma,LATEST_SAME_WORDING,UPDATE_COMPARISON-ORIGIN-0034,4,136,128,0,0.9411764705882353
gemma,LATEST_SAME_WORDING,UPDATE_COMPARISON-ORIGIN-0035,4,136,120,0,0.8823529411764706
gemma,LATEST_SAME_WORDING,UPDATE_COMPARISON-ORIGIN-0036,4,136,128,0,0.9411764705882353
gemma,LATEST_SAME_WORDING,UPDATE_COMPARISON-ORIGIN-0037,4,136,122,0,0.8970588235294118
gemma,LATEST_SAME_WORDING,UPDATE_COMPARISON-ORIGIN-0038,4,136,118,0,0.8676470588235294
gemma,LATEST_SAME_WORDING,UPDATE_COMPARISON-ORIGIN-0039,4,136,128,0,0.9411764705882353
gemma,LATEST_SAME_WORDING,UPDATE_COMPARISON-ORIGIN-0040,4,136,120,0,0.8823529411764706
gemma,LATEST_SAME_WORDING,UPDATE_COMPARISON-ORIGIN-0041,4,136,118,0,0.8676470588235294
gemma,LATEST_SAME_WORDING,UPDATE_COMPARISON-ORIGIN-0042,4,136,118,0,0.8676470588235294
gemma,LATEST_SAME_WORDING,UPDATE_COMPARISON-ORIGIN-0043,4,136,106,0,0.7794117647058824
gemma,LATEST_SAME_WORDING,UPDATE_COMPARISON-ORIGIN-0044,4,136,125,0,0.9191176470588235
gemma,LATEST_SAME_WORDING,UPDATE_COMPARISON-ORIGIN-0045,4,136,129,0,0.9485294117647058
gemma,LATEST_SAME_WORDING,UPDATE_COMPARISON-ORIGIN-0046,4,136,132,0,0.9705882352941176
gemma,LATEST_SAME_WORDING,UPDATE_COMPARISON-ORIGIN-0047,4,136,134,0,0.9852941176470589
gemma,LATEST_SAME_WORDING,UPDATE_COMPARISON-ORIGIN-0048,4,136,121,0,0.8897058823529411
gemma,LATEST_SAME_WORDING,UPDATE_COMPARISON-ORIGIN-0049,4,136,123,0,0.9044117647058824
gemma,LATEST_SAME_WORDING,UPDATE_COMPARISON-ORIGIN-0050,4,136,119,0,0.875
gemma,LATEST_SAME_WORDING,UPDATE_COMPARISON-ORIGIN-0051,4,136,119,0,0.875
gemma,LATEST_SAME_WORDING,UPDATE_COMPARISON-ORIGIN-0052,4,136,127,0,0.9338235294117647
gemma,LATEST_SAME_WORDING,UPDATE_COMPARISON-ORIGIN-0053,4,136,134,0,0.9852941176470589
gemma,LATEST_SAME_WORDING,UPDATE_COMPARISON-ORIGIN-0054,4,136,136,1,1.0
gemma,LATEST_SAME_WORDING,UPDATE_COMPARISON-ORIGIN-0055,4,136,128,0,0.9411764705882353
gemma,LATEST_SAME_WORDING,UPDATE_COMPARISON-ORIGIN-0056,4,136,106,0,0.7794117647058824
gemma,LATEST_SAME_WORDING,UPDATE_COMPARISON-ORIGIN-0057,4,136,128,0,0.9411764705882353
gemma,LATEST_SAME_WORDING,UPDATE_COMPARISON-ORIGIN-0058,4,136,121,0,0.8897058823529411
gemma,LATEST_SAME_WORDING,UPDATE_COMPARISON-ORIGIN-0059,4,136,108,0,0.7941176470588235
gemma,LATEST_SAME_WORDING,UPDATE_COMPARISON-ORIGIN-0060,4,136,130,0,0.9558823529411765
gemma,LATEST_SAME_WORDING,UPDATE_COMPARISON-ORIGIN-0061,4,136,136,1,1.0
gemma,LATEST_SAME_WORDING,UPDATE_COMPARISON-ORIGIN-0062,4,136,136,1,1.0
gemma,LATEST_SAME_WORDING,UPDATE_COMPARISON-ORIGIN-0063,4,136,136,1,1.0
gemma,REBUILD,UPDATE_COMPARISON-ORIGIN-0000,4,136,124,0,0.9117647058823529
gemma,REBUILD,UPDATE_COMPARISON-ORIGIN-0001,4,136,120,0,0.8823529411764706
gemma,REBUILD,UPDATE_COMPARISON-ORIGIN-0002,4,136,136,1,1.0
gemma,REBUILD,UPDATE_COMPARISON-ORIGIN-0003,4,136,112,0,0.8235294117647058
gemma,REBUILD,UPDATE_COMPARISON-ORIGIN-0004,4,136,124,0,0.9117647058823529
gemma,REBUILD,UPDATE_COMPARISON-ORIGIN-0005,4,136,108,0,0.7941176470588235
gemma,REBUILD,UPDATE_COMPARISON-ORIGIN-0006,4,136,136,1,1.0
gemma,REBUILD,UPDATE_COMPARISON-ORIGIN-0007,4,136,100,0,0.7352941176470589
gemma,REBUILD,UPDATE_COMPARISON-ORIGIN-0008,4,136,116,0,0.8529411764705882
gemma,REBUILD,UPDATE_COMPARISON-ORIGIN-0009,4,136,108,0,0.7941176470588235
gemma,REBUILD,UPDATE_COMPARISON-ORIGIN-0010,4,136,112,0,0.8235294117647058
gemma,REBUILD,UPDATE_COMPARISON-ORIGIN-0011,4,136,104,0,0.7647058823529411
gemma,REBUILD,UPDATE_COMPARISON-ORIGIN-0012,4,136,136,1,1.0
gemma,REBUILD,UPDATE_COMPARISON-ORIGIN-0013,4,136,136,1,1.0
gemma,REBUILD,UPDATE_COMPARISON-ORIGIN-0014,4,136,116,0,0.8529411764705882
gemma,REBUILD,UPDATE_COMPARISON-ORIGIN-0015,4,136,92,0,0.6764705882352942
gemma,REBUILD,UPDATE_COMPARISON-ORIGIN-0016,4,136,124,0,0.9117647058823529
gemma,REBUILD,UPDATE_COMPARISON-ORIGIN-0017,4,136,128,0,0.9411764705882353
gemma,REBUILD,UPDATE_COMPARISON-ORIGIN-0018,4,136,112,0,0.8235294117647058
gemma,REBUILD,UPDATE_COMPARISON-ORIGIN-0019,4,136,132,0,0.9705882352941176
gemma,REBUILD,UPDATE_COMPARISON-ORIGIN-0020,4,136,136,1,1.0
gemma,REBUILD,UPDATE_COMPARISON-ORIGIN-0021,4,136,108,0,0.7941176470588235
gemma,REBUILD,UPDATE_COMPARISON-ORIGIN-0022,4,136,128,0,0.9411764705882353
gemma,REBUILD,UPDATE_COMPARISON-ORIGIN-0023,4,136,136,1,1.0
gemma,REBUILD,UPDATE_COMPARISON-ORIGIN-0024,4,136,128,0,0.9411764705882353
gemma,REBUILD,UPDATE_COMPARISON-ORIGIN-0025,4,136,132,0,0.9705882352941176
gemma,REBUILD,UPDATE_COMPARISON-ORIGIN-0026,4,136,128,0,0.9411764705882353
gemma,REBUILD,UPDATE_COMPARISON-ORIGIN-0027,4,136,92,0,0.6764705882352942
gemma,REBUILD,UPDATE_COMPARISON-ORIGIN-0028,4,136,136,1,1.0
gemma,REBUILD,UPDATE_COMPARISON-ORIGIN-0029,4,136,136,1,1.0
gemma,REBUILD,UPDATE_COMPARISON-ORIGIN-0030,4,136,136,1,1.0
gemma,REBUILD,UPDATE_COMPARISON-ORIGIN-0031,4,136,136,1,1.0
gemma,REBUILD,UPDATE_COMPARISON-ORIGIN-0032,4,136,132,0,0.9705882352941176
gemma,REBUILD,UPDATE_COMPARISON-ORIGIN-0033,4,136,128,0,0.9411764705882353
gemma,REBUILD,UPDATE_COMPARISON-ORIGIN-0034,4,136,136,1,1.0
gemma,REBUILD,UPDATE_COMPARISON-ORIGIN-0035,4,136,100,0,0.7352941176470589
gemma,REBUILD,UPDATE_COMPARISON-ORIGIN-0036,4,136,116,0,0.8529411764705882
gemma,REBUILD,UPDATE_COMPARISON-ORIGIN-0037,4,136,124,0,0.9117647058823529
gemma,REBUILD,UPDATE_COMPARISON-ORIGIN-0038,4,136,120,0,0.8823529411764706
gemma,REBUILD,UPDATE_COMPARISON-ORIGIN-0039,4,136,128,0,0.9411764705882353
gemma,REBUILD,UPDATE_COMPARISON-ORIGIN-0040,4,136,128,0,0.9411764705882353
gemma,REBUILD,UPDATE_COMPARISON-ORIGIN-0041,4,136,120,0,0.8823529411764706
gemma,REBUILD,UPDATE_COMPARISON-ORIGIN-0042,4,136,128,0,0.9411764705882353
gemma,REBUILD,UPDATE_COMPARISON-ORIGIN-0043,4,136,136,1,1.0
gemma,REBUILD,UPDATE_COMPARISON-ORIGIN-0044,4,136,120,0,0.8823529411764706
gemma,REBUILD,UPDATE_COMPARISON-ORIGIN-0045,4,136,136,1,1.0
gemma,REBUILD,UPDATE_COMPARISON-ORIGIN-0046,4,136,128,0,0.9411764705882353
gemma,REBUILD,UPDATE_COMPARISON-ORIGIN-0047,4,136,132,0,0.9705882352941176
gemma,REBUILD,UPDATE_COMPARISON-ORIGIN-0048,4,136,124,0,0.9117647058823529
gemma,REBUILD,UPDATE_COMPARISON-ORIGIN-0049,4,136,132,0,0.9705882352941176
gemma,REBUILD,UPDATE_COMPARISON-ORIGIN-0050,4,136,116,0,0.8529411764705882
gemma,REBUILD,UPDATE_COMPARISON-ORIGIN-0051,4,136,120,0,0.8823529411764706
gemma,REBUILD,UPDATE_COMPARISON-ORIGIN-0052,4,136,120,0,0.8823529411764706
gemma,REBUILD,UPDATE_COMPARISON-ORIGIN-0053,4,136,120,0,0.8823529411764706
gemma,REBUILD,UPDATE_COMPARISON-ORIGIN-0054,4,136,120,0,0.8823529411764706
gemma,REBUILD,UPDATE_COMPARISON-ORIGIN-0055,4,136,124,0,0.9117647058823529
gemma,REBUILD,UPDATE_COMPARISON-ORIGIN-0056,4,136,136,1,1.0
gemma,REBUILD,UPDATE_COMPARISON-ORIGIN-0057,4,136,128,0,0.9411764705882353
gemma,REBUILD,UPDATE_COMPARISON-ORIGIN-0058,4,136,132,0,0.9705882352941176
gemma,REBUILD,UPDATE_COMPARISON-ORIGIN-0059,4,136,136,1,1.0
gemma,REBUILD,UPDATE_COMPARISON-ORIGIN-0060,4,136,120,0,0.8823529411764706
gemma,REBUILD,UPDATE_COMPARISON-ORIGIN-0061,4,136,136,1,1.0
gemma,REBUILD,UPDATE_COMPARISON-ORIGIN-0062,4,136,136,1,1.0
gemma,REBUILD,UPDATE_COMPARISON-ORIGIN-0063,4,136,132,0,0.9705882352941176
gemma,SOURCE,UPDATE_COMPARISON-ORIGIN-0000,4,136,80,0,0.5882352941176471
gemma,SOURCE,UPDATE_COMPARISON-ORIGIN-0001,4,136,78,0,0.5735294117647058
gemma,SOURCE,UPDATE_COMPARISON-ORIGIN-0002,4,136,89,0,0.6544117647058824
gemma,SOURCE,UPDATE_COMPARISON-ORIGIN-0003,4,136,93,0,0.6838235294117647
gemma,SOURCE,UPDATE_COMPARISON-ORIGIN-0004,4,136,92,0,0.6764705882352942
gemma,SOURCE,UPDATE_COMPARISON-ORIGIN-0005,4,136,92,0,0.6764705882352942
gemma,SOURCE,UPDATE_COMPARISON-ORIGIN-0006,4,136,100,0,0.7352941176470589
gemma,SOURCE,UPDATE_COMPARISON-ORIGIN-0007,4,136,90,0,0.6617647058823529
gemma,SOURCE,UPDATE_COMPARISON-ORIGIN-0008,4,136,93,0,0.6838235294117647
gemma,SOURCE,UPDATE_COMPARISON-ORIGIN-0009,4,136,92,0,0.6764705882352942
gemma,SOURCE,UPDATE_COMPARISON-ORIGIN-0010,4,136,97,0,0.7132352941176471
gemma,SOURCE,UPDATE_COMPARISON-ORIGIN-0011,4,136,90,0,0.6617647058823529
gemma,SOURCE,UPDATE_COMPARISON-ORIGIN-0012,4,136,100,0,0.7352941176470589
gemma,SOURCE,UPDATE_COMPARISON-ORIGIN-0013,4,136,97,0,0.7132352941176471
gemma,SOURCE,UPDATE_COMPARISON-ORIGIN-0014,4,136,89,0,0.6544117647058824
gemma,SOURCE,UPDATE_COMPARISON-ORIGIN-0015,4,136,76,0,0.5588235294117647
gemma,SOURCE,UPDATE_COMPARISON-ORIGIN-0016,4,136,99,0,0.7279411764705882
gemma,SOURCE,UPDATE_COMPARISON-ORIGIN-0017,4,136,106,0,0.7794117647058824
gemma,SOURCE,UPDATE_COMPARISON-ORIGIN-0018,4,136,90,0,0.6617647058823529
gemma,SOURCE,UPDATE_COMPARISON-ORIGIN-0019,4,136,105,0,0.7720588235294118
gemma,SOURCE,UPDATE_COMPARISON-ORIGIN-0020,4,136,98,0,0.7205882352941176
gemma,SOURCE,UPDATE_COMPARISON-ORIGIN-0021,4,136,84,0,0.6176470588235294
gemma,SOURCE,UPDATE_COMPARISON-ORIGIN-0022,4,136,96,0,0.7058823529411765
gemma,SOURCE,UPDATE_COMPARISON-ORIGIN-0023,4,136,97,0,0.7132352941176471
gemma,SOURCE,UPDATE_COMPARISON-ORIGIN-0024,4,136,87,0,0.6397058823529411
gemma,SOURCE,UPDATE_COMPARISON-ORIGIN-0025,4,136,89,0,0.6544117647058824
gemma,SOURCE,UPDATE_COMPARISON-ORIGIN-0026,4,136,87,0,0.6397058823529411
gemma,SOURCE,UPDATE_COMPARISON-ORIGIN-0027,4,136,79,0,0.5808823529411765
gemma,SOURCE,UPDATE_COMPARISON-ORIGIN-0028,4,136,84,0,0.6176470588235294
gemma,SOURCE,UPDATE_COMPARISON-ORIGIN-0029,4,136,83,0,0.6102941176470589
gemma,SOURCE,UPDATE_COMPARISON-ORIGIN-0030,4,136,80,0,0.5882352941176471
gemma,SOURCE,UPDATE_COMPARISON-ORIGIN-0031,4,136,81,0,0.5955882352941176
gemma,SOURCE,UPDATE_COMPARISON-ORIGIN-0032,4,136,84,0,0.6176470588235294
gemma,SOURCE,UPDATE_COMPARISON-ORIGIN-0033,4,136,84,0,0.6176470588235294
gemma,SOURCE,UPDATE_COMPARISON-ORIGIN-0034,4,136,96,0,0.7058823529411765
gemma,SOURCE,UPDATE_COMPARISON-ORIGIN-0035,4,136,76,0,0.5588235294117647
gemma,SOURCE,UPDATE_COMPARISON-ORIGIN-0036,4,136,86,0,0.6323529411764706
gemma,SOURCE,UPDATE_COMPARISON-ORIGIN-0037,4,136,91,0,0.6691176470588235
gemma,SOURCE,UPDATE_COMPARISON-ORIGIN-0038,4,136,90,0,0.6617647058823529
gemma,SOURCE,UPDATE_COMPARISON-ORIGIN-0039,4,136,97,0,0.7132352941176471
gemma,SOURCE,UPDATE_COMPARISON-ORIGIN-0040,4,136,98,0,0.7205882352941176
gemma,SOURCE,UPDATE_COMPARISON-ORIGIN-0041,4,136,93,0,0.6838235294117647
gemma,SOURCE,UPDATE_COMPARISON-ORIGIN-0042,4,136,96,0,0.7058823529411765
gemma,SOURCE,UPDATE_COMPARISON-ORIGIN-0043,4,136,102,0,0.75
gemma,SOURCE,UPDATE_COMPARISON-ORIGIN-0044,4,136,92,0,0.6764705882352942
gemma,SOURCE,UPDATE_COMPARISON-ORIGIN-0045,4,136,100,0,0.7352941176470589
gemma,SOURCE,UPDATE_COMPARISON-ORIGIN-0046,4,136,90,0,0.6617647058823529
gemma,SOURCE,UPDATE_COMPARISON-ORIGIN-0047,4,136,94,0,0.6911764705882353
gemma,SOURCE,UPDATE_COMPARISON-ORIGIN-0048,4,136,94,0,0.6911764705882353
gemma,SOURCE,UPDATE_COMPARISON-ORIGIN-0049,4,136,104,0,0.7647058823529411
gemma,SOURCE,UPDATE_COMPARISON-ORIGIN-0050,4,136,92,0,0.6764705882352942
gemma,SOURCE,UPDATE_COMPARISON-ORIGIN-0051,4,136,92,0,0.6764705882352942
gemma,SOURCE,UPDATE_COMPARISON-ORIGIN-0052,4,136,95,0,0.6985294117647058
gemma,SOURCE,UPDATE_COMPARISON-ORIGIN-0053,4,136,94,0,0.6911764705882353
gemma,SOURCE,UPDATE_COMPARISON-ORIGIN-0054,4,136,87,0,0.6397058823529411
gemma,SOURCE,UPDATE_COMPARISON-ORIGIN-0055,4,136,98,0,0.7205882352941176
gemma,SOURCE,UPDATE_COMPARISON-ORIGIN-0056,4,136,93,0,0.6838235294117647
gemma,SOURCE,UPDATE_COMPARISON-ORIGIN-0057,4,136,84,0,0.6176470588235294
gemma,SOURCE,UPDATE_COMPARISON-ORIGIN-0058,4,136,91,0,0.6691176470588235
gemma,SOURCE,UPDATE_COMPARISON-ORIGIN-0059,4,136,107,0,0.7867647058823529
gemma,SOURCE,UPDATE_COMPARISON-ORIGIN-0060,4,136,81,0,0.5955882352941176
gemma,SOURCE,UPDATE_COMPARISON-ORIGIN-0061,4,136,79,0,0.5808823529411765
gemma,SOURCE,UPDATE_COMPARISON-ORIGIN-0062,4,136,78,0,0.5735294117647058
gemma,SOURCE,UPDATE_COMPARISON-ORIGIN-0063,4,136,89,0,0.6544117647058824
qwen,CANONICAL_REPLAY_s0,UPDATE_COMPARISON-ORIGIN-0000,4,136,129,0,0.9485294117647058
qwen,CANONICAL_REPLAY_s0,UPDATE_COMPARISON-ORIGIN-0001,4,136,136,1,1.0
qwen,CANONICAL_REPLAY_s0,UPDATE_COMPARISON-ORIGIN-0002,4,136,133,0,0.9779411764705882
qwen,CANONICAL_REPLAY_s0,UPDATE_COMPARISON-ORIGIN-0003,4,136,125,0,0.9191176470588235
qwen,CANONICAL_REPLAY_s0,UPDATE_COMPARISON-ORIGIN-0004,4,136,133,0,0.9779411764705882
qwen,CANONICAL_REPLAY_s0,UPDATE_COMPARISON-ORIGIN-0005,4,136,111,0,0.8161764705882353
qwen,CANONICAL_REPLAY_s0,UPDATE_COMPARISON-ORIGIN-0006,4,136,132,0,0.9705882352941176
qwen,CANONICAL_REPLAY_s0,UPDATE_COMPARISON-ORIGIN-0007,4,136,132,0,0.9705882352941176
qwen,CANONICAL_REPLAY_s0,UPDATE_COMPARISON-ORIGIN-0008,4,136,130,0,0.9558823529411765
qwen,CANONICAL_REPLAY_s0,UPDATE_COMPARISON-ORIGIN-0009,4,136,128,0,0.9411764705882353
qwen,CANONICAL_REPLAY_s0,UPDATE_COMPARISON-ORIGIN-0010,4,136,136,1,1.0
qwen,CANONICAL_REPLAY_s0,UPDATE_COMPARISON-ORIGIN-0011,4,136,132,0,0.9705882352941176
qwen,CANONICAL_REPLAY_s0,UPDATE_COMPARISON-ORIGIN-0012,4,136,134,0,0.9852941176470589
qwen,CANONICAL_REPLAY_s0,UPDATE_COMPARISON-ORIGIN-0013,4,136,132,0,0.9705882352941176
qwen,CANONICAL_REPLAY_s0,UPDATE_COMPARISON-ORIGIN-0014,4,136,134,0,0.9852941176470589
qwen,CANONICAL_REPLAY_s0,UPDATE_COMPARISON-ORIGIN-0015,4,136,132,0,0.9705882352941176
qwen,CANONICAL_REPLAY_s0,UPDATE_COMPARISON-ORIGIN-0016,4,136,136,1,1.0
qwen,CANONICAL_REPLAY_s0,UPDATE_COMPARISON-ORIGIN-0017,4,136,128,0,0.9411764705882353
qwen,CANONICAL_REPLAY_s0,UPDATE_COMPARISON-ORIGIN-0018,4,136,129,0,0.9485294117647058
qwen,CANONICAL_REPLAY_s0,UPDATE_COMPARISON-ORIGIN-0019,4,136,128,0,0.9411764705882353
qwen,CANONICAL_REPLAY_s0,UPDATE_COMPARISON-ORIGIN-0020,4,136,135,0,0.9926470588235294
qwen,CANONICAL_REPLAY_s0,UPDATE_COMPARISON-ORIGIN-0021,4,136,131,0,0.9632352941176471
qwen,CANONICAL_REPLAY_s0,UPDATE_COMPARISON-ORIGIN-0022,4,136,136,1,1.0
qwen,CANONICAL_REPLAY_s0,UPDATE_COMPARISON-ORIGIN-0023,4,136,134,0,0.9852941176470589
qwen,CANONICAL_REPLAY_s0,UPDATE_COMPARISON-ORIGIN-0024,4,136,133,0,0.9779411764705882
qwen,CANONICAL_REPLAY_s0,UPDATE_COMPARISON-ORIGIN-0025,4,136,136,1,1.0
qwen,CANONICAL_REPLAY_s0,UPDATE_COMPARISON-ORIGIN-0026,4,136,128,0,0.9411764705882353
qwen,CANONICAL_REPLAY_s0,UPDATE_COMPARISON-ORIGIN-0027,4,136,126,0,0.9264705882352942
qwen,CANONICAL_REPLAY_s0,UPDATE_COMPARISON-ORIGIN-0028,4,136,136,1,1.0
qwen,CANONICAL_REPLAY_s0,UPDATE_COMPARISON-ORIGIN-0029,4,136,136,1,1.0
qwen,CANONICAL_REPLAY_s0,UPDATE_COMPARISON-ORIGIN-0030,4,136,136,1,1.0
qwen,CANONICAL_REPLAY_s0,UPDATE_COMPARISON-ORIGIN-0031,4,136,136,1,1.0
qwen,CANONICAL_REPLAY_s0,UPDATE_COMPARISON-ORIGIN-0032,4,136,134,0,0.9852941176470589
qwen,CANONICAL_REPLAY_s0,UPDATE_COMPARISON-ORIGIN-0033,4,136,136,1,1.0
qwen,CANONICAL_REPLAY_s0,UPDATE_COMPARISON-ORIGIN-0034,4,136,135,0,0.9926470588235294
qwen,CANONICAL_REPLAY_s0,UPDATE_COMPARISON-ORIGIN-0035,4,136,130,0,0.9558823529411765
qwen,CANONICAL_REPLAY_s0,UPDATE_COMPARISON-ORIGIN-0036,4,136,124,0,0.9117647058823529
qwen,CANONICAL_REPLAY_s0,UPDATE_COMPARISON-ORIGIN-0037,4,136,133,0,0.9779411764705882
qwen,CANONICAL_REPLAY_s0,UPDATE_COMPARISON-ORIGIN-0038,4,136,135,0,0.9926470588235294
qwen,CANONICAL_REPLAY_s0,UPDATE_COMPARISON-ORIGIN-0039,4,136,125,0,0.9191176470588235
qwen,CANONICAL_REPLAY_s0,UPDATE_COMPARISON-ORIGIN-0040,4,136,135,0,0.9926470588235294
qwen,CANONICAL_REPLAY_s0,UPDATE_COMPARISON-ORIGIN-0041,4,136,126,0,0.9264705882352942
qwen,CANONICAL_REPLAY_s0,UPDATE_COMPARISON-ORIGIN-0042,4,136,136,1,1.0
qwen,CANONICAL_REPLAY_s0,UPDATE_COMPARISON-ORIGIN-0043,4,136,136,1,1.0
qwen,CANONICAL_REPLAY_s0,UPDATE_COMPARISON-ORIGIN-0044,4,136,136,1,1.0
qwen,CANONICAL_REPLAY_s0,UPDATE_COMPARISON-ORIGIN-0045,4,136,126,0,0.9264705882352942
qwen,CANONICAL_REPLAY_s0,UPDATE_COMPARISON-ORIGIN-0046,4,136,136,1,1.0
qwen,CANONICAL_REPLAY_s0,UPDATE_COMPARISON-ORIGIN-0047,4,136,136,1,1.0
qwen,CANONICAL_REPLAY_s0,UPDATE_COMPARISON-ORIGIN-0048,4,136,136,1,1.0
qwen,CANONICAL_REPLAY_s0,UPDATE_COMPARISON-ORIGIN-0049,4,136,135,0,0.9926470588235294
qwen,CANONICAL_REPLAY_s0,UPDATE_COMPARISON-ORIGIN-0050,4,136,134,0,0.9852941176470589
qwen,CANONICAL_REPLAY_s0,UPDATE_COMPARISON-ORIGIN-0051,4,136,122,0,0.8970588235294118
qwen,CANONICAL_REPLAY_s0,UPDATE_COMPARISON-ORIGIN-0052,4,136,136,1,1.0
qwen,CANONICAL_REPLAY_s0,UPDATE_COMPARISON-ORIGIN-0053,4,136,134,0,0.9852941176470589
qwen,CANONICAL_REPLAY_s0,UPDATE_COMPARISON-ORIGIN-0054,4,136,130,0,0.9558823529411765
qwen,CANONICAL_REPLAY_s0,UPDATE_COMPARISON-ORIGIN-0055,4,136,136,1,1.0
qwen,CANONICAL_REPLAY_s0,UPDATE_COMPARISON-ORIGIN-0056,4,136,134,0,0.9852941176470589
qwen,CANONICAL_REPLAY_s0,UPDATE_COMPARISON-ORIGIN-0057,4,136,135,0,0.9926470588235294
qwen,CANONICAL_REPLAY_s0,UPDATE_COMPARISON-ORIGIN-0058,4,136,128,0,0.9411764705882353
qwen,CANONICAL_REPLAY_s0,UPDATE_COMPARISON-ORIGIN-0059,4,136,136,1,1.0
qwen,CANONICAL_REPLAY_s0,UPDATE_COMPARISON-ORIGIN-0060,4,136,136,1,1.0
qwen,CANONICAL_REPLAY_s0,UPDATE_COMPARISON-ORIGIN-0061,4,136,129,0,0.9485294117647058
qwen,CANONICAL_REPLAY_s0,UPDATE_COMPARISON-ORIGIN-0062,4,136,136,1,1.0
qwen,CANONICAL_REPLAY_s0,UPDATE_COMPARISON-ORIGIN-0063,4,136,136,1,1.0
qwen,CANONICAL_REPLAY_s1,UPDATE_COMPARISON-ORIGIN-0000,4,136,126,0,0.9264705882352942
qwen,CANONICAL_REPLAY_s1,UPDATE_COMPARISON-ORIGIN-0001,4,136,134,0,0.9852941176470589
qwen,CANONICAL_REPLAY_s1,UPDATE_COMPARISON-ORIGIN-0002,4,136,130,0,0.9558823529411765
qwen,CANONICAL_REPLAY_s1,UPDATE_COMPARISON-ORIGIN-0003,4,136,132,0,0.9705882352941176
qwen,CANONICAL_REPLAY_s1,UPDATE_COMPARISON-ORIGIN-0004,4,136,132,0,0.9705882352941176
qwen,CANONICAL_REPLAY_s1,UPDATE_COMPARISON-ORIGIN-0005,4,136,126,0,0.9264705882352942
qwen,CANONICAL_REPLAY_s1,UPDATE_COMPARISON-ORIGIN-0006,4,136,136,1,1.0
qwen,CANONICAL_REPLAY_s1,UPDATE_COMPARISON-ORIGIN-0007,4,136,132,0,0.9705882352941176
qwen,CANONICAL_REPLAY_s1,UPDATE_COMPARISON-ORIGIN-0008,4,136,125,0,0.9191176470588235
qwen,CANONICAL_REPLAY_s1,UPDATE_COMPARISON-ORIGIN-0009,4,136,125,0,0.9191176470588235
qwen,CANONICAL_REPLAY_s1,UPDATE_COMPARISON-ORIGIN-0010,4,136,124,0,0.9117647058823529
qwen,CANONICAL_REPLAY_s1,UPDATE_COMPARISON-ORIGIN-0011,4,136,136,1,1.0
qwen,CANONICAL_REPLAY_s1,UPDATE_COMPARISON-ORIGIN-0012,4,136,136,1,1.0
qwen,CANONICAL_REPLAY_s1,UPDATE_COMPARISON-ORIGIN-0013,4,136,136,1,1.0
qwen,CANONICAL_REPLAY_s1,UPDATE_COMPARISON-ORIGIN-0014,4,136,135,0,0.9926470588235294
qwen,CANONICAL_REPLAY_s1,UPDATE_COMPARISON-ORIGIN-0015,4,136,129,0,0.9485294117647058
qwen,CANONICAL_REPLAY_s1,UPDATE_COMPARISON-ORIGIN-0016,4,136,127,0,0.9338235294117647
qwen,CANONICAL_REPLAY_s1,UPDATE_COMPARISON-ORIGIN-0017,4,136,106,0,0.7794117647058824
qwen,CANONICAL_REPLAY_s1,UPDATE_COMPARISON-ORIGIN-0018,4,136,130,0,0.9558823529411765
qwen,CANONICAL_REPLAY_s1,UPDATE_COMPARISON-ORIGIN-0019,4,136,127,0,0.9338235294117647
qwen,CANONICAL_REPLAY_s1,UPDATE_COMPARISON-ORIGIN-0020,4,136,136,1,1.0
qwen,CANONICAL_REPLAY_s1,UPDATE_COMPARISON-ORIGIN-0021,4,136,128,0,0.9411764705882353
qwen,CANONICAL_REPLAY_s1,UPDATE_COMPARISON-ORIGIN-0022,4,136,136,1,1.0
qwen,CANONICAL_REPLAY_s1,UPDATE_COMPARISON-ORIGIN-0023,4,136,132,0,0.9705882352941176
qwen,CANONICAL_REPLAY_s1,UPDATE_COMPARISON-ORIGIN-0024,4,136,133,0,0.9779411764705882
qwen,CANONICAL_REPLAY_s1,UPDATE_COMPARISON-ORIGIN-0025,4,136,136,1,1.0
qwen,CANONICAL_REPLAY_s1,UPDATE_COMPARISON-ORIGIN-0026,4,136,134,0,0.9852941176470589
qwen,CANONICAL_REPLAY_s1,UPDATE_COMPARISON-ORIGIN-0027,4,136,127,0,0.9338235294117647
qwen,CANONICAL_REPLAY_s1,UPDATE_COMPARISON-ORIGIN-0028,4,136,136,1,1.0
qwen,CANONICAL_REPLAY_s1,UPDATE_COMPARISON-ORIGIN-0029,4,136,135,0,0.9926470588235294
qwen,CANONICAL_REPLAY_s1,UPDATE_COMPARISON-ORIGIN-0030,4,136,134,0,0.9852941176470589
qwen,CANONICAL_REPLAY_s1,UPDATE_COMPARISON-ORIGIN-0031,4,136,136,1,1.0
qwen,CANONICAL_REPLAY_s1,UPDATE_COMPARISON-ORIGIN-0032,4,136,132,0,0.9705882352941176
qwen,CANONICAL_REPLAY_s1,UPDATE_COMPARISON-ORIGIN-0033,4,136,136,1,1.0
qwen,CANONICAL_REPLAY_s1,UPDATE_COMPARISON-ORIGIN-0034,4,136,136,1,1.0
qwen,CANONICAL_REPLAY_s1,UPDATE_COMPARISON-ORIGIN-0035,4,136,132,0,0.9705882352941176
qwen,CANONICAL_REPLAY_s1,UPDATE_COMPARISON-ORIGIN-0036,4,136,126,0,0.9264705882352942
qwen,CANONICAL_REPLAY_s1,UPDATE_COMPARISON-ORIGIN-0037,4,136,131,0,0.9632352941176471
qwen,CANONICAL_REPLAY_s1,UPDATE_COMPARISON-ORIGIN-0038,4,136,129,0,0.9485294117647058
qwen,CANONICAL_REPLAY_s1,UPDATE_COMPARISON-ORIGIN-0039,4,136,123,0,0.9044117647058824
qwen,CANONICAL_REPLAY_s1,UPDATE_COMPARISON-ORIGIN-0040,4,136,132,0,0.9705882352941176
qwen,CANONICAL_REPLAY_s1,UPDATE_COMPARISON-ORIGIN-0041,4,136,127,0,0.9338235294117647
qwen,CANONICAL_REPLAY_s1,UPDATE_COMPARISON-ORIGIN-0042,4,136,134,0,0.9852941176470589
qwen,CANONICAL_REPLAY_s1,UPDATE_COMPARISON-ORIGIN-0043,4,136,128,0,0.9411764705882353
qwen,CANONICAL_REPLAY_s1,UPDATE_COMPARISON-ORIGIN-0044,4,136,136,1,1.0
qwen,CANONICAL_REPLAY_s1,UPDATE_COMPARISON-ORIGIN-0045,4,136,134,0,0.9852941176470589
qwen,CANONICAL_REPLAY_s1,UPDATE_COMPARISON-ORIGIN-0046,4,136,136,1,1.0
qwen,CANONICAL_REPLAY_s1,UPDATE_COMPARISON-ORIGIN-0047,4,136,136,1,1.0
qwen,CANONICAL_REPLAY_s1,UPDATE_COMPARISON-ORIGIN-0048,4,136,124,0,0.9117647058823529
qwen,CANONICAL_REPLAY_s1,UPDATE_COMPARISON-ORIGIN-0049,4,136,132,0,0.9705882352941176
qwen,CANONICAL_REPLAY_s1,UPDATE_COMPARISON-ORIGIN-0050,4,136,129,0,0.9485294117647058
qwen,CANONICAL_REPLAY_s1,UPDATE_COMPARISON-ORIGIN-0051,4,136,128,0,0.9411764705882353
qwen,CANONICAL_REPLAY_s1,UPDATE_COMPARISON-ORIGIN-0052,4,136,132,0,0.9705882352941176
qwen,CANONICAL_REPLAY_s1,UPDATE_COMPARISON-ORIGIN-0053,4,136,134,0,0.9852941176470589
qwen,CANONICAL_REPLAY_s1,UPDATE_COMPARISON-ORIGIN-0054,4,136,130,0,0.9558823529411765
qwen,CANONICAL_REPLAY_s1,UPDATE_COMPARISON-ORIGIN-0055,4,136,136,1,1.0
qwen,CANONICAL_REPLAY_s1,UPDATE_COMPARISON-ORIGIN-0056,4,136,134,0,0.9852941176470589
qwen,CANONICAL_REPLAY_s1,UPDATE_COMPARISON-ORIGIN-0057,4,136,129,0,0.9485294117647058
qwen,CANONICAL_REPLAY_s1,UPDATE_COMPARISON-ORIGIN-0058,4,136,124,0,0.9117647058823529
qwen,CANONICAL_REPLAY_s1,UPDATE_COMPARISON-ORIGIN-0059,4,136,136,1,1.0
qwen,CANONICAL_REPLAY_s1,UPDATE_COMPARISON-ORIGIN-0060,4,136,136,1,1.0
qwen,CANONICAL_REPLAY_s1,UPDATE_COMPARISON-ORIGIN-0061,4,136,136,1,1.0
qwen,CANONICAL_REPLAY_s1,UPDATE_COMPARISON-ORIGIN-0062,4,136,136,1,1.0
qwen,CANONICAL_REPLAY_s1,UPDATE_COMPARISON-ORIGIN-0063,4,136,135,0,0.9926470588235294
qwen,EXISTING_CORRECTION,UPDATE_COMPARISON-ORIGIN-0000,4,136,104,0,0.7647058823529411
qwen,EXISTING_CORRECTION,UPDATE_COMPARISON-ORIGIN-0001,4,136,93,0,0.6838235294117647
qwen,EXISTING_CORRECTION,UPDATE_COMPARISON-ORIGIN-0002,4,136,113,0,0.8308823529411765
qwen,EXISTING_CORRECTION,UPDATE_COMPARISON-ORIGIN-0003,4,136,98,0,0.7205882352941176
qwen,EXISTING_CORRECTION,UPDATE_COMPARISON-ORIGIN-0004,4,136,107,0,0.7867647058823529
qwen,EXISTING_CORRECTION,UPDATE_COMPARISON-ORIGIN-0005,4,136,123,0,0.9044117647058824
qwen,EXISTING_CORRECTION,UPDATE_COMPARISON-ORIGIN-0006,4,136,115,0,0.8455882352941176
qwen,EXISTING_CORRECTION,UPDATE_COMPARISON-ORIGIN-0007,4,136,87,0,0.6397058823529411
qwen,EXISTING_CORRECTION,UPDATE_COMPARISON-ORIGIN-0008,4,136,113,0,0.8308823529411765
qwen,EXISTING_CORRECTION,UPDATE_COMPARISON-ORIGIN-0009,4,136,112,0,0.8235294117647058
qwen,EXISTING_CORRECTION,UPDATE_COMPARISON-ORIGIN-0010,4,136,97,0,0.7132352941176471
qwen,EXISTING_CORRECTION,UPDATE_COMPARISON-ORIGIN-0011,4,136,104,0,0.7647058823529411
qwen,EXISTING_CORRECTION,UPDATE_COMPARISON-ORIGIN-0012,4,136,134,0,0.9852941176470589
qwen,EXISTING_CORRECTION,UPDATE_COMPARISON-ORIGIN-0013,4,136,126,0,0.9264705882352942
qwen,EXISTING_CORRECTION,UPDATE_COMPARISON-ORIGIN-0014,4,136,119,0,0.875
qwen,EXISTING_CORRECTION,UPDATE_COMPARISON-ORIGIN-0015,4,136,112,0,0.8235294117647058
qwen,EXISTING_CORRECTION,UPDATE_COMPARISON-ORIGIN-0016,4,136,104,0,0.7647058823529411
qwen,EXISTING_CORRECTION,UPDATE_COMPARISON-ORIGIN-0017,4,136,94,0,0.6911764705882353
qwen,EXISTING_CORRECTION,UPDATE_COMPARISON-ORIGIN-0018,4,136,120,0,0.8823529411764706
qwen,EXISTING_CORRECTION,UPDATE_COMPARISON-ORIGIN-0019,4,136,108,0,0.7941176470588235
qwen,EXISTING_CORRECTION,UPDATE_COMPARISON-ORIGIN-0020,4,136,120,0,0.8823529411764706
qwen,EXISTING_CORRECTION,UPDATE_COMPARISON-ORIGIN-0021,4,136,108,0,0.7941176470588235
qwen,EXISTING_CORRECTION,UPDATE_COMPARISON-ORIGIN-0022,4,136,115,0,0.8455882352941176
qwen,EXISTING_CORRECTION,UPDATE_COMPARISON-ORIGIN-0023,4,136,111,0,0.8161764705882353
qwen,EXISTING_CORRECTION,UPDATE_COMPARISON-ORIGIN-0024,4,136,125,0,0.9191176470588235
qwen,EXISTING_CORRECTION,UPDATE_COMPARISON-ORIGIN-0025,4,136,124,0,0.9117647058823529
qwen,EXISTING_CORRECTION,UPDATE_COMPARISON-ORIGIN-0026,4,136,114,0,0.8382352941176471
qwen,EXISTING_CORRECTION,UPDATE_COMPARISON-ORIGIN-0027,4,136,112,0,0.8235294117647058
qwen,EXISTING_CORRECTION,UPDATE_COMPARISON-ORIGIN-0028,4,136,132,0,0.9705882352941176
qwen,EXISTING_CORRECTION,UPDATE_COMPARISON-ORIGIN-0029,4,136,135,0,0.9926470588235294
qwen,EXISTING_CORRECTION,UPDATE_COMPARISON-ORIGIN-0030,4,136,136,1,1.0
qwen,EXISTING_CORRECTION,UPDATE_COMPARISON-ORIGIN-0031,4,136,125,0,0.9191176470588235
qwen,EXISTING_CORRECTION,UPDATE_COMPARISON-ORIGIN-0032,4,136,108,0,0.7941176470588235
qwen,EXISTING_CORRECTION,UPDATE_COMPARISON-ORIGIN-0033,4,136,110,0,0.8088235294117647
qwen,EXISTING_CORRECTION,UPDATE_COMPARISON-ORIGIN-0034,4,136,92,0,0.6764705882352942
qwen,EXISTING_CORRECTION,UPDATE_COMPARISON-ORIGIN-0035,4,136,95,0,0.6985294117647058
qwen,EXISTING_CORRECTION,UPDATE_COMPARISON-ORIGIN-0036,4,136,124,0,0.9117647058823529
qwen,EXISTING_CORRECTION,UPDATE_COMPARISON-ORIGIN-0037,4,136,114,0,0.8382352941176471
qwen,EXISTING_CORRECTION,UPDATE_COMPARISON-ORIGIN-0038,4,136,109,0,0.8014705882352942
qwen,EXISTING_CORRECTION,UPDATE_COMPARISON-ORIGIN-0039,4,136,112,0,0.8235294117647058
qwen,EXISTING_CORRECTION,UPDATE_COMPARISON-ORIGIN-0040,4,136,106,0,0.7794117647058824
qwen,EXISTING_CORRECTION,UPDATE_COMPARISON-ORIGIN-0041,4,136,104,0,0.7647058823529411
qwen,EXISTING_CORRECTION,UPDATE_COMPARISON-ORIGIN-0042,4,136,107,0,0.7867647058823529
qwen,EXISTING_CORRECTION,UPDATE_COMPARISON-ORIGIN-0043,4,136,104,0,0.7647058823529411
qwen,EXISTING_CORRECTION,UPDATE_COMPARISON-ORIGIN-0044,4,136,132,0,0.9705882352941176
qwen,EXISTING_CORRECTION,UPDATE_COMPARISON-ORIGIN-0045,4,136,129,0,0.9485294117647058
qwen,EXISTING_CORRECTION,UPDATE_COMPARISON-ORIGIN-0046,4,136,130,0,0.9558823529411765
qwen,EXISTING_CORRECTION,UPDATE_COMPARISON-ORIGIN-0047,4,136,128,0,0.9411764705882353
qwen,EXISTING_CORRECTION,UPDATE_COMPARISON-ORIGIN-0048,4,136,100,0,0.7352941176470589
qwen,EXISTING_CORRECTION,UPDATE_COMPARISON-ORIGIN-0049,4,136,108,0,0.7941176470588235
qwen,EXISTING_CORRECTION,UPDATE_COMPARISON-ORIGIN-0050,4,136,106,0,0.7794117647058824
qwen,EXISTING_CORRECTION,UPDATE_COMPARISON-ORIGIN-0051,4,136,103,0,0.7573529411764706
qwen,EXISTING_CORRECTION,UPDATE_COMPARISON-ORIGIN-0052,4,136,126,0,0.9264705882352942
qwen,EXISTING_CORRECTION,UPDATE_COMPARISON-ORIGIN-0053,4,136,110,0,0.8088235294117647
qwen,EXISTING_CORRECTION,UPDATE_COMPARISON-ORIGIN-0054,4,136,112,0,0.8235294117647058
qwen,EXISTING_CORRECTION,UPDATE_COMPARISON-ORIGIN-0055,4,136,111,0,0.8161764705882353
qwen,EXISTING_CORRECTION,UPDATE_COMPARISON-ORIGIN-0056,4,136,103,0,0.7573529411764706
qwen,EXISTING_CORRECTION,UPDATE_COMPARISON-ORIGIN-0057,4,136,127,0,0.9338235294117647
qwen,EXISTING_CORRECTION,UPDATE_COMPARISON-ORIGIN-0058,4,136,120,0,0.8823529411764706
qwen,EXISTING_CORRECTION,UPDATE_COMPARISON-ORIGIN-0059,4,136,126,0,0.9264705882352942
qwen,EXISTING_CORRECTION,UPDATE_COMPARISON-ORIGIN-0060,4,136,133,0,0.9779411764705882
qwen,EXISTING_CORRECTION,UPDATE_COMPARISON-ORIGIN-0061,4,136,132,0,0.9705882352941176
qwen,EXISTING_CORRECTION,UPDATE_COMPARISON-ORIGIN-0062,4,136,126,0,0.9264705882352942
qwen,EXISTING_CORRECTION,UPDATE_COMPARISON-ORIGIN-0063,4,136,131,0,0.9632352941176471
qwen,FIELD_PLUS_LATEST_ERRATUM,UPDATE_COMPARISON-ORIGIN-0000,4,136,97,0,0.7132352941176471
qwen,FIELD_PLUS_LATEST_ERRATUM,UPDATE_COMPARISON-ORIGIN-0001,4,136,80,0,0.5882352941176471
qwen,FIELD_PLUS_LATEST_ERRATUM,UPDATE_COMPARISON-ORIGIN-0002,4,136,113,0,0.8308823529411765
qwen,FIELD_PLUS_LATEST_ERRATUM,UPDATE_COMPARISON-ORIGIN-0003,4,136,94,0,0.6911764705882353
qwen,FIELD_PLUS_LATEST_ERRATUM,UPDATE_COMPARISON-ORIGIN-0004,4,136,104,0,0.7647058823529411
qwen,FIELD_PLUS_LATEST_ERRATUM,UPDATE_COMPARISON-ORIGIN-0005,4,136,113,0,0.8308823529411765
qwen,FIELD_PLUS_LATEST_ERRATUM,UPDATE_COMPARISON-ORIGIN-0006,4,136,115,0,0.8455882352941176
qwen,FIELD_PLUS_LATEST_ERRATUM,UPDATE_COMPARISON-ORIGIN-0007,4,136,93,0,0.6838235294117647
qwen,FIELD_PLUS_LATEST_ERRATUM,UPDATE_COMPARISON-ORIGIN-0008,4,136,99,0,0.7279411764705882
qwen,FIELD_PLUS_LATEST_ERRATUM,UPDATE_COMPARISON-ORIGIN-0009,4,136,104,0,0.7647058823529411
qwen,FIELD_PLUS_LATEST_ERRATUM,UPDATE_COMPARISON-ORIGIN-0010,4,136,95,0,0.6985294117647058
qwen,FIELD_PLUS_LATEST_ERRATUM,UPDATE_COMPARISON-ORIGIN-0011,4,136,105,0,0.7720588235294118
qwen,FIELD_PLUS_LATEST_ERRATUM,UPDATE_COMPARISON-ORIGIN-0012,4,136,125,0,0.9191176470588235
qwen,FIELD_PLUS_LATEST_ERRATUM,UPDATE_COMPARISON-ORIGIN-0013,4,136,121,0,0.8897058823529411
qwen,FIELD_PLUS_LATEST_ERRATUM,UPDATE_COMPARISON-ORIGIN-0014,4,136,120,0,0.8823529411764706
qwen,FIELD_PLUS_LATEST_ERRATUM,UPDATE_COMPARISON-ORIGIN-0015,4,136,110,0,0.8088235294117647
qwen,FIELD_PLUS_LATEST_ERRATUM,UPDATE_COMPARISON-ORIGIN-0016,4,136,110,0,0.8088235294117647
qwen,FIELD_PLUS_LATEST_ERRATUM,UPDATE_COMPARISON-ORIGIN-0017,4,136,109,0,0.8014705882352942
qwen,FIELD_PLUS_LATEST_ERRATUM,UPDATE_COMPARISON-ORIGIN-0018,4,136,111,0,0.8161764705882353
qwen,FIELD_PLUS_LATEST_ERRATUM,UPDATE_COMPARISON-ORIGIN-0019,4,136,117,0,0.8602941176470589
qwen,FIELD_PLUS_LATEST_ERRATUM,UPDATE_COMPARISON-ORIGIN-0020,4,136,112,0,0.8235294117647058
qwen,FIELD_PLUS_LATEST_ERRATUM,UPDATE_COMPARISON-ORIGIN-0021,4,136,114,0,0.8382352941176471
qwen,FIELD_PLUS_LATEST_ERRATUM,UPDATE_COMPARISON-ORIGIN-0022,4,136,117,0,0.8602941176470589
qwen,FIELD_PLUS_LATEST_ERRATUM,UPDATE_COMPARISON-ORIGIN-0023,4,136,123,0,0.9044117647058824
qwen,FIELD_PLUS_LATEST_ERRATUM,UPDATE_COMPARISON-ORIGIN-0024,4,136,112,0,0.8235294117647058
qwen,FIELD_PLUS_LATEST_ERRATUM,UPDATE_COMPARISON-ORIGIN-0025,4,136,125,0,0.9191176470588235
qwen,FIELD_PLUS_LATEST_ERRATUM,UPDATE_COMPARISON-ORIGIN-0026,4,136,111,0,0.8161764705882353
qwen,FIELD_PLUS_LATEST_ERRATUM,UPDATE_COMPARISON-ORIGIN-0027,4,136,109,0,0.8014705882352942
qwen,FIELD_PLUS_LATEST_ERRATUM,UPDATE_COMPARISON-ORIGIN-0028,4,136,123,0,0.9044117647058824
qwen,FIELD_PLUS_LATEST_ERRATUM,UPDATE_COMPARISON-ORIGIN-0029,4,136,136,1,1.0
qwen,FIELD_PLUS_LATEST_ERRATUM,UPDATE_COMPARISON-ORIGIN-0030,4,136,134,0,0.9852941176470589
qwen,FIELD_PLUS_LATEST_ERRATUM,UPDATE_COMPARISON-ORIGIN-0031,4,136,124,0,0.9117647058823529
qwen,FIELD_PLUS_LATEST_ERRATUM,UPDATE_COMPARISON-ORIGIN-0032,4,136,106,0,0.7794117647058824
qwen,FIELD_PLUS_LATEST_ERRATUM,UPDATE_COMPARISON-ORIGIN-0033,4,136,105,0,0.7720588235294118
qwen,FIELD_PLUS_LATEST_ERRATUM,UPDATE_COMPARISON-ORIGIN-0034,4,136,98,0,0.7205882352941176
qwen,FIELD_PLUS_LATEST_ERRATUM,UPDATE_COMPARISON-ORIGIN-0035,4,136,88,0,0.6470588235294118
qwen,FIELD_PLUS_LATEST_ERRATUM,UPDATE_COMPARISON-ORIGIN-0036,4,136,121,0,0.8897058823529411
qwen,FIELD_PLUS_LATEST_ERRATUM,UPDATE_COMPARISON-ORIGIN-0037,4,136,110,0,0.8088235294117647
qwen,FIELD_PLUS_LATEST_ERRATUM,UPDATE_COMPARISON-ORIGIN-0038,4,136,109,0,0.8014705882352942
qwen,FIELD_PLUS_LATEST_ERRATUM,UPDATE_COMPARISON-ORIGIN-0039,4,136,110,0,0.8088235294117647
qwen,FIELD_PLUS_LATEST_ERRATUM,UPDATE_COMPARISON-ORIGIN-0040,4,136,105,0,0.7720588235294118
qwen,FIELD_PLUS_LATEST_ERRATUM,UPDATE_COMPARISON-ORIGIN-0041,4,136,93,0,0.6838235294117647
qwen,FIELD_PLUS_LATEST_ERRATUM,UPDATE_COMPARISON-ORIGIN-0042,4,136,104,0,0.7647058823529411
qwen,FIELD_PLUS_LATEST_ERRATUM,UPDATE_COMPARISON-ORIGIN-0043,4,136,107,0,0.7867647058823529
qwen,FIELD_PLUS_LATEST_ERRATUM,UPDATE_COMPARISON-ORIGIN-0044,4,136,124,0,0.9117647058823529
qwen,FIELD_PLUS_LATEST_ERRATUM,UPDATE_COMPARISON-ORIGIN-0045,4,136,125,0,0.9191176470588235
qwen,FIELD_PLUS_LATEST_ERRATUM,UPDATE_COMPARISON-ORIGIN-0046,4,136,123,0,0.9044117647058824
qwen,FIELD_PLUS_LATEST_ERRATUM,UPDATE_COMPARISON-ORIGIN-0047,4,136,130,0,0.9558823529411765
qwen,FIELD_PLUS_LATEST_ERRATUM,UPDATE_COMPARISON-ORIGIN-0048,4,136,99,0,0.7279411764705882
qwen,FIELD_PLUS_LATEST_ERRATUM,UPDATE_COMPARISON-ORIGIN-0049,4,136,102,0,0.75
qwen,FIELD_PLUS_LATEST_ERRATUM,UPDATE_COMPARISON-ORIGIN-0050,4,136,92,0,0.6764705882352942
qwen,FIELD_PLUS_LATEST_ERRATUM,UPDATE_COMPARISON-ORIGIN-0051,4,136,106,0,0.7794117647058824
qwen,FIELD_PLUS_LATEST_ERRATUM,UPDATE_COMPARISON-ORIGIN-0052,4,136,118,0,0.8676470588235294
qwen,FIELD_PLUS_LATEST_ERRATUM,UPDATE_COMPARISON-ORIGIN-0053,4,136,116,0,0.8529411764705882
qwen,FIELD_PLUS_LATEST_ERRATUM,UPDATE_COMPARISON-ORIGIN-0054,4,136,120,0,0.8823529411764706
qwen,FIELD_PLUS_LATEST_ERRATUM,UPDATE_COMPARISON-ORIGIN-0055,4,136,117,0,0.8602941176470589
qwen,FIELD_PLUS_LATEST_ERRATUM,UPDATE_COMPARISON-ORIGIN-0056,4,136,91,0,0.6691176470588235
qwen,FIELD_PLUS_LATEST_ERRATUM,UPDATE_COMPARISON-ORIGIN-0057,4,136,121,0,0.8897058823529411
qwen,FIELD_PLUS_LATEST_ERRATUM,UPDATE_COMPARISON-ORIGIN-0058,4,136,107,0,0.7867647058823529
qwen,FIELD_PLUS_LATEST_ERRATUM,UPDATE_COMPARISON-ORIGIN-0059,4,136,123,0,0.9044117647058824
qwen,FIELD_PLUS_LATEST_ERRATUM,UPDATE_COMPARISON-ORIGIN-0060,4,136,128,0,0.9411764705882353
qwen,FIELD_PLUS_LATEST_ERRATUM,UPDATE_COMPARISON-ORIGIN-0061,4,136,130,0,0.9558823529411765
qwen,FIELD_PLUS_LATEST_ERRATUM,UPDATE_COMPARISON-ORIGIN-0062,4,136,120,0,0.8823529411764706
qwen,FIELD_PLUS_LATEST_ERRATUM,UPDATE_COMPARISON-ORIGIN-0063,4,136,128,0,0.9411764705882353
qwen,FREE_PAIR_CONSISTENCY_s0,UPDATE_COMPARISON-ORIGIN-0000,4,136,117,0,0.8602941176470589
qwen,FREE_PAIR_CONSISTENCY_s0,UPDATE_COMPARISON-ORIGIN-0001,4,136,126,0,0.9264705882352942
qwen,FREE_PAIR_CONSISTENCY_s0,UPDATE_COMPARISON-ORIGIN-0002,4,136,126,0,0.9264705882352942
qwen,FREE_PAIR_CONSISTENCY_s0,UPDATE_COMPARISON-ORIGIN-0003,4,136,116,0,0.8529411764705882
qwen,FREE_PAIR_CONSISTENCY_s0,UPDATE_COMPARISON-ORIGIN-0004,4,136,136,1,1.0
qwen,FREE_PAIR_CONSISTENCY_s0,UPDATE_COMPARISON-ORIGIN-0005,4,136,128,0,0.9411764705882353
qwen,FREE_PAIR_CONSISTENCY_s0,UPDATE_COMPARISON-ORIGIN-0006,4,136,136,1,1.0
qwen,FREE_PAIR_CONSISTENCY_s0,UPDATE_COMPARISON-ORIGIN-0007,4,136,132,0,0.9705882352941176
qwen,FREE_PAIR_CONSISTENCY_s0,UPDATE_COMPARISON-ORIGIN-0008,4,136,134,0,0.9852941176470589
qwen,FREE_PAIR_CONSISTENCY_s0,UPDATE_COMPARISON-ORIGIN-0009,4,136,122,0,0.8970588235294118
qwen,FREE_PAIR_CONSISTENCY_s0,UPDATE_COMPARISON-ORIGIN-0010,4,136,134,0,0.9852941176470589
qwen,FREE_PAIR_CONSISTENCY_s0,UPDATE_COMPARISON-ORIGIN-0011,4,136,135,0,0.9926470588235294
qwen,FREE_PAIR_CONSISTENCY_s0,UPDATE_COMPARISON-ORIGIN-0012,4,136,136,1,1.0
qwen,FREE_PAIR_CONSISTENCY_s0,UPDATE_COMPARISON-ORIGIN-0013,4,136,136,1,1.0
qwen,FREE_PAIR_CONSISTENCY_s0,UPDATE_COMPARISON-ORIGIN-0014,4,136,130,0,0.9558823529411765
qwen,FREE_PAIR_CONSISTENCY_s0,UPDATE_COMPARISON-ORIGIN-0015,4,136,132,0,0.9705882352941176
qwen,FREE_PAIR_CONSISTENCY_s0,UPDATE_COMPARISON-ORIGIN-0016,4,136,136,1,1.0
qwen,FREE_PAIR_CONSISTENCY_s0,UPDATE_COMPARISON-ORIGIN-0017,4,136,113,0,0.8308823529411765
qwen,FREE_PAIR_CONSISTENCY_s0,UPDATE_COMPARISON-ORIGIN-0018,4,136,123,0,0.9044117647058824
qwen,FREE_PAIR_CONSISTENCY_s0,UPDATE_COMPARISON-ORIGIN-0019,4,136,123,0,0.9044117647058824
qwen,FREE_PAIR_CONSISTENCY_s0,UPDATE_COMPARISON-ORIGIN-0020,4,136,134,0,0.9852941176470589
qwen,FREE_PAIR_CONSISTENCY_s0,UPDATE_COMPARISON-ORIGIN-0021,4,136,136,1,1.0
qwen,FREE_PAIR_CONSISTENCY_s0,UPDATE_COMPARISON-ORIGIN-0022,4,136,135,0,0.9926470588235294
qwen,FREE_PAIR_CONSISTENCY_s0,UPDATE_COMPARISON-ORIGIN-0023,4,136,133,0,0.9779411764705882
qwen,FREE_PAIR_CONSISTENCY_s0,UPDATE_COMPARISON-ORIGIN-0024,4,136,134,0,0.9852941176470589
qwen,FREE_PAIR_CONSISTENCY_s0,UPDATE_COMPARISON-ORIGIN-0025,4,136,136,1,1.0
qwen,FREE_PAIR_CONSISTENCY_s0,UPDATE_COMPARISON-ORIGIN-0026,4,136,134,0,0.9852941176470589
qwen,FREE_PAIR_CONSISTENCY_s0,UPDATE_COMPARISON-ORIGIN-0027,4,136,135,0,0.9926470588235294
qwen,FREE_PAIR_CONSISTENCY_s0,UPDATE_COMPARISON-ORIGIN-0028,4,136,136,1,1.0
qwen,FREE_PAIR_CONSISTENCY_s0,UPDATE_COMPARISON-ORIGIN-0029,4,136,136,1,1.0
qwen,FREE_PAIR_CONSISTENCY_s0,UPDATE_COMPARISON-ORIGIN-0030,4,136,136,1,1.0
qwen,FREE_PAIR_CONSISTENCY_s0,UPDATE_COMPARISON-ORIGIN-0031,4,136,134,0,0.9852941176470589
qwen,FREE_PAIR_CONSISTENCY_s0,UPDATE_COMPARISON-ORIGIN-0032,4,136,133,0,0.9779411764705882
qwen,FREE_PAIR_CONSISTENCY_s0,UPDATE_COMPARISON-ORIGIN-0033,4,136,123,0,0.9044117647058824
qwen,FREE_PAIR_CONSISTENCY_s0,UPDATE_COMPARISON-ORIGIN-0034,4,136,136,1,1.0
qwen,FREE_PAIR_CONSISTENCY_s0,UPDATE_COMPARISON-ORIGIN-0035,4,136,136,1,1.0
qwen,FREE_PAIR_CONSISTENCY_s0,UPDATE_COMPARISON-ORIGIN-0036,4,136,134,0,0.9852941176470589
qwen,FREE_PAIR_CONSISTENCY_s0,UPDATE_COMPARISON-ORIGIN-0037,4,136,128,0,0.9411764705882353
qwen,FREE_PAIR_CONSISTENCY_s0,UPDATE_COMPARISON-ORIGIN-0038,4,136,136,1,1.0
qwen,FREE_PAIR_CONSISTENCY_s0,UPDATE_COMPARISON-ORIGIN-0039,4,136,118,0,0.8676470588235294
qwen,FREE_PAIR_CONSISTENCY_s0,UPDATE_COMPARISON-ORIGIN-0040,4,136,136,1,1.0
qwen,FREE_PAIR_CONSISTENCY_s0,UPDATE_COMPARISON-ORIGIN-0041,4,136,105,0,0.7720588235294118
qwen,FREE_PAIR_CONSISTENCY_s0,UPDATE_COMPARISON-ORIGIN-0042,4,136,126,0,0.9264705882352942
qwen,FREE_PAIR_CONSISTENCY_s0,UPDATE_COMPARISON-ORIGIN-0043,4,136,136,1,1.0
qwen,FREE_PAIR_CONSISTENCY_s0,UPDATE_COMPARISON-ORIGIN-0044,4,136,136,1,1.0
qwen,FREE_PAIR_CONSISTENCY_s0,UPDATE_COMPARISON-ORIGIN-0045,4,136,132,0,0.9705882352941176
qwen,FREE_PAIR_CONSISTENCY_s0,UPDATE_COMPARISON-ORIGIN-0046,4,136,136,1,1.0
qwen,FREE_PAIR_CONSISTENCY_s0,UPDATE_COMPARISON-ORIGIN-0047,4,136,136,1,1.0
qwen,FREE_PAIR_CONSISTENCY_s0,UPDATE_COMPARISON-ORIGIN-0048,4,136,115,0,0.8455882352941176
qwen,FREE_PAIR_CONSISTENCY_s0,UPDATE_COMPARISON-ORIGIN-0049,4,136,136,1,1.0
qwen,FREE_PAIR_CONSISTENCY_s0,UPDATE_COMPARISON-ORIGIN-0050,4,136,136,1,1.0
qwen,FREE_PAIR_CONSISTENCY_s0,UPDATE_COMPARISON-ORIGIN-0051,4,136,125,0,0.9191176470588235
qwen,FREE_PAIR_CONSISTENCY_s0,UPDATE_COMPARISON-ORIGIN-0052,4,136,136,1,1.0
qwen,FREE_PAIR_CONSISTENCY_s0,UPDATE_COMPARISON-ORIGIN-0053,4,136,133,0,0.9779411764705882
qwen,FREE_PAIR_CONSISTENCY_s0,UPDATE_COMPARISON-ORIGIN-0054,4,136,136,1,1.0
qwen,FREE_PAIR_CONSISTENCY_s0,UPDATE_COMPARISON-ORIGIN-0055,4,136,136,1,1.0
qwen,FREE_PAIR_CONSISTENCY_s0,UPDATE_COMPARISON-ORIGIN-0056,4,136,136,1,1.0
qwen,FREE_PAIR_CONSISTENCY_s0,UPDATE_COMPARISON-ORIGIN-0057,4,136,132,0,0.9705882352941176
qwen,FREE_PAIR_CONSISTENCY_s0,UPDATE_COMPARISON-ORIGIN-0058,4,136,136,1,1.0
qwen,FREE_PAIR_CONSISTENCY_s0,UPDATE_COMPARISON-ORIGIN-0059,4,136,135,0,0.9926470588235294
qwen,FREE_PAIR_CONSISTENCY_s0,UPDATE_COMPARISON-ORIGIN-0060,4,136,136,1,1.0
qwen,FREE_PAIR_CONSISTENCY_s0,UPDATE_COMPARISON-ORIGIN-0061,4,136,136,1,1.0
qwen,FREE_PAIR_CONSISTENCY_s0,UPDATE_COMPARISON-ORIGIN-0062,4,136,131,0,0.9632352941176471
qwen,FREE_PAIR_CONSISTENCY_s0,UPDATE_COMPARISON-ORIGIN-0063,4,136,136,1,1.0
qwen,FREE_PAIR_CONSISTENCY_s1,UPDATE_COMPARISON-ORIGIN-0000,4,136,121,0,0.8897058823529411
qwen,FREE_PAIR_CONSISTENCY_s1,UPDATE_COMPARISON-ORIGIN-0001,4,136,135,0,0.9926470588235294
qwen,FREE_PAIR_CONSISTENCY_s1,UPDATE_COMPARISON-ORIGIN-0002,4,136,121,0,0.8897058823529411
qwen,FREE_PAIR_CONSISTENCY_s1,UPDATE_COMPARISON-ORIGIN-0003,4,136,131,0,0.9632352941176471
qwen,FREE_PAIR_CONSISTENCY_s1,UPDATE_COMPARISON-ORIGIN-0004,4,136,118,0,0.8676470588235294
qwen,FREE_PAIR_CONSISTENCY_s1,UPDATE_COMPARISON-ORIGIN-0005,4,136,109,0,0.8014705882352942
qwen,FREE_PAIR_CONSISTENCY_s1,UPDATE_COMPARISON-ORIGIN-0006,4,136,135,0,0.9926470588235294
qwen,FREE_PAIR_CONSISTENCY_s1,UPDATE_COMPARISON-ORIGIN-0007,4,136,136,1,1.0
qwen,FREE_PAIR_CONSISTENCY_s1,UPDATE_COMPARISON-ORIGIN-0008,4,136,129,0,0.9485294117647058
qwen,FREE_PAIR_CONSISTENCY_s1,UPDATE_COMPARISON-ORIGIN-0009,4,136,105,0,0.7720588235294118
qwen,FREE_PAIR_CONSISTENCY_s1,UPDATE_COMPARISON-ORIGIN-0010,4,136,130,0,0.9558823529411765
qwen,FREE_PAIR_CONSISTENCY_s1,UPDATE_COMPARISON-ORIGIN-0011,4,136,135,0,0.9926470588235294
qwen,FREE_PAIR_CONSISTENCY_s1,UPDATE_COMPARISON-ORIGIN-0012,4,136,134,0,0.9852941176470589
qwen,FREE_PAIR_CONSISTENCY_s1,UPDATE_COMPARISON-ORIGIN-0013,4,136,136,1,1.0
qwen,FREE_PAIR_CONSISTENCY_s1,UPDATE_COMPARISON-ORIGIN-0014,4,136,136,1,1.0
qwen,FREE_PAIR_CONSISTENCY_s1,UPDATE_COMPARISON-ORIGIN-0015,4,136,134,0,0.9852941176470589
qwen,FREE_PAIR_CONSISTENCY_s1,UPDATE_COMPARISON-ORIGIN-0016,4,136,136,1,1.0
qwen,FREE_PAIR_CONSISTENCY_s1,UPDATE_COMPARISON-ORIGIN-0017,4,136,127,0,0.9338235294117647
qwen,FREE_PAIR_CONSISTENCY_s1,UPDATE_COMPARISON-ORIGIN-0018,4,136,132,0,0.9705882352941176
qwen,FREE_PAIR_CONSISTENCY_s1,UPDATE_COMPARISON-ORIGIN-0019,4,136,126,0,0.9264705882352942
qwen,FREE_PAIR_CONSISTENCY_s1,UPDATE_COMPARISON-ORIGIN-0020,4,136,136,1,1.0
qwen,FREE_PAIR_CONSISTENCY_s1,UPDATE_COMPARISON-ORIGIN-0021,4,136,136,1,1.0
qwen,FREE_PAIR_CONSISTENCY_s1,UPDATE_COMPARISON-ORIGIN-0022,4,136,136,1,1.0
qwen,FREE_PAIR_CONSISTENCY_s1,UPDATE_COMPARISON-ORIGIN-0023,4,136,136,1,1.0
qwen,FREE_PAIR_CONSISTENCY_s1,UPDATE_COMPARISON-ORIGIN-0024,4,136,136,1,1.0
qwen,FREE_PAIR_CONSISTENCY_s1,UPDATE_COMPARISON-ORIGIN-0025,4,136,134,0,0.9852941176470589
qwen,FREE_PAIR_CONSISTENCY_s1,UPDATE_COMPARISON-ORIGIN-0026,4,136,128,0,0.9411764705882353
qwen,FREE_PAIR_CONSISTENCY_s1,UPDATE_COMPARISON-ORIGIN-0027,4,136,136,1,1.0
qwen,FREE_PAIR_CONSISTENCY_s1,UPDATE_COMPARISON-ORIGIN-0028,4,136,136,1,1.0
qwen,FREE_PAIR_CONSISTENCY_s1,UPDATE_COMPARISON-ORIGIN-0029,4,136,136,1,1.0
qwen,FREE_PAIR_CONSISTENCY_s1,UPDATE_COMPARISON-ORIGIN-0030,4,136,136,1,1.0
qwen,FREE_PAIR_CONSISTENCY_s1,UPDATE_COMPARISON-ORIGIN-0031,4,136,136,1,1.0
qwen,FREE_PAIR_CONSISTENCY_s1,UPDATE_COMPARISON-ORIGIN-0032,4,136,128,0,0.9411764705882353
qwen,FREE_PAIR_CONSISTENCY_s1,UPDATE_COMPARISON-ORIGIN-0033,4,136,136,1,1.0
qwen,FREE_PAIR_CONSISTENCY_s1,UPDATE_COMPARISON-ORIGIN-0034,4,136,134,0,0.9852941176470589
qwen,FREE_PAIR_CONSISTENCY_s1,UPDATE_COMPARISON-ORIGIN-0035,4,136,136,1,1.0
qwen,FREE_PAIR_CONSISTENCY_s1,UPDATE_COMPARISON-ORIGIN-0036,4,136,133,0,0.9779411764705882
qwen,FREE_PAIR_CONSISTENCY_s1,UPDATE_COMPARISON-ORIGIN-0037,4,136,123,0,0.9044117647058824
qwen,FREE_PAIR_CONSISTENCY_s1,UPDATE_COMPARISON-ORIGIN-0038,4,136,126,0,0.9264705882352942
qwen,FREE_PAIR_CONSISTENCY_s1,UPDATE_COMPARISON-ORIGIN-0039,4,136,128,0,0.9411764705882353
qwen,FREE_PAIR_CONSISTENCY_s1,UPDATE_COMPARISON-ORIGIN-0040,4,136,134,0,0.9852941176470589
qwen,FREE_PAIR_CONSISTENCY_s1,UPDATE_COMPARISON-ORIGIN-0041,4,136,117,0,0.8602941176470589
qwen,FREE_PAIR_CONSISTENCY_s1,UPDATE_COMPARISON-ORIGIN-0042,4,136,131,0,0.9632352941176471
qwen,FREE_PAIR_CONSISTENCY_s1,UPDATE_COMPARISON-ORIGIN-0043,4,136,129,0,0.9485294117647058
qwen,FREE_PAIR_CONSISTENCY_s1,UPDATE_COMPARISON-ORIGIN-0044,4,136,125,0,0.9191176470588235
qwen,FREE_PAIR_CONSISTENCY_s1,UPDATE_COMPARISON-ORIGIN-0045,4,136,136,1,1.0
qwen,FREE_PAIR_CONSISTENCY_s1,UPDATE_COMPARISON-ORIGIN-0046,4,136,136,1,1.0
qwen,FREE_PAIR_CONSISTENCY_s1,UPDATE_COMPARISON-ORIGIN-0047,4,136,131,0,0.9632352941176471
qwen,FREE_PAIR_CONSISTENCY_s1,UPDATE_COMPARISON-ORIGIN-0048,4,136,130,0,0.9558823529411765
qwen,FREE_PAIR_CONSISTENCY_s1,UPDATE_COMPARISON-ORIGIN-0049,4,136,136,1,1.0
qwen,FREE_PAIR_CONSISTENCY_s1,UPDATE_COMPARISON-ORIGIN-0050,4,136,135,0,0.9926470588235294
qwen,FREE_PAIR_CONSISTENCY_s1,UPDATE_COMPARISON-ORIGIN-0051,4,136,131,0,0.9632352941176471
qwen,FREE_PAIR_CONSISTENCY_s1,UPDATE_COMPARISON-ORIGIN-0052,4,136,126,0,0.9264705882352942
qwen,FREE_PAIR_CONSISTENCY_s1,UPDATE_COMPARISON-ORIGIN-0053,4,136,130,0,0.9558823529411765
qwen,FREE_PAIR_CONSISTENCY_s1,UPDATE_COMPARISON-ORIGIN-0054,4,136,132,0,0.9705882352941176
qwen,FREE_PAIR_CONSISTENCY_s1,UPDATE_COMPARISON-ORIGIN-0055,4,136,136,1,1.0
qwen,FREE_PAIR_CONSISTENCY_s1,UPDATE_COMPARISON-ORIGIN-0056,4,136,132,0,0.9705882352941176
qwen,FREE_PAIR_CONSISTENCY_s1,UPDATE_COMPARISON-ORIGIN-0057,4,136,136,1,1.0
qwen,FREE_PAIR_CONSISTENCY_s1,UPDATE_COMPARISON-ORIGIN-0058,4,136,119,0,0.875
qwen,FREE_PAIR_CONSISTENCY_s1,UPDATE_COMPARISON-ORIGIN-0059,4,136,136,1,1.0
qwen,FREE_PAIR_CONSISTENCY_s1,UPDATE_COMPARISON-ORIGIN-0060,4,136,136,1,1.0
qwen,FREE_PAIR_CONSISTENCY_s1,UPDATE_COMPARISON-ORIGIN-0061,4,136,132,0,0.9705882352941176
qwen,FREE_PAIR_CONSISTENCY_s1,UPDATE_COMPARISON-ORIGIN-0062,4,136,136,1,1.0
qwen,FREE_PAIR_CONSISTENCY_s1,UPDATE_COMPARISON-ORIGIN-0063,4,136,136,1,1.0
qwen,INV_PAIR_NLL_s0,UPDATE_COMPARISON-ORIGIN-0000,4,136,129,0,0.9485294117647058
qwen,INV_PAIR_NLL_s0,UPDATE_COMPARISON-ORIGIN-0001,4,136,136,1,1.0
qwen,INV_PAIR_NLL_s0,UPDATE_COMPARISON-ORIGIN-0002,4,136,133,0,0.9779411764705882
qwen,INV_PAIR_NLL_s0,UPDATE_COMPARISON-ORIGIN-0003,4,136,125,0,0.9191176470588235
qwen,INV_PAIR_NLL_s0,UPDATE_COMPARISON-ORIGIN-0004,4,136,133,0,0.9779411764705882
qwen,INV_PAIR_NLL_s0,UPDATE_COMPARISON-ORIGIN-0005,4,136,111,0,0.8161764705882353
qwen,INV_PAIR_NLL_s0,UPDATE_COMPARISON-ORIGIN-0006,4,136,132,0,0.9705882352941176
qwen,INV_PAIR_NLL_s0,UPDATE_COMPARISON-ORIGIN-0007,4,136,132,0,0.9705882352941176
qwen,INV_PAIR_NLL_s0,UPDATE_COMPARISON-ORIGIN-0008,4,136,130,0,0.9558823529411765
qwen,INV_PAIR_NLL_s0,UPDATE_COMPARISON-ORIGIN-0009,4,136,128,0,0.9411764705882353
qwen,INV_PAIR_NLL_s0,UPDATE_COMPARISON-ORIGIN-0010,4,136,136,1,1.0
qwen,INV_PAIR_NLL_s0,UPDATE_COMPARISON-ORIGIN-0011,4,136,132,0,0.9705882352941176
qwen,INV_PAIR_NLL_s0,UPDATE_COMPARISON-ORIGIN-0012,4,136,134,0,0.9852941176470589
qwen,INV_PAIR_NLL_s0,UPDATE_COMPARISON-ORIGIN-0013,4,136,132,0,0.9705882352941176
qwen,INV_PAIR_NLL_s0,UPDATE_COMPARISON-ORIGIN-0014,4,136,134,0,0.9852941176470589
qwen,INV_PAIR_NLL_s0,UPDATE_COMPARISON-ORIGIN-0015,4,136,132,0,0.9705882352941176
qwen,INV_PAIR_NLL_s0,UPDATE_COMPARISON-ORIGIN-0016,4,136,136,1,1.0
qwen,INV_PAIR_NLL_s0,UPDATE_COMPARISON-ORIGIN-0017,4,136,128,0,0.9411764705882353
qwen,INV_PAIR_NLL_s0,UPDATE_COMPARISON-ORIGIN-0018,4,136,129,0,0.9485294117647058
qwen,INV_PAIR_NLL_s0,UPDATE_COMPARISON-ORIGIN-0019,4,136,128,0,0.9411764705882353
qwen,INV_PAIR_NLL_s0,UPDATE_COMPARISON-ORIGIN-0020,4,136,135,0,0.9926470588235294
qwen,INV_PAIR_NLL_s0,UPDATE_COMPARISON-ORIGIN-0021,4,136,131,0,0.9632352941176471
qwen,INV_PAIR_NLL_s0,UPDATE_COMPARISON-ORIGIN-0022,4,136,136,1,1.0
qwen,INV_PAIR_NLL_s0,UPDATE_COMPARISON-ORIGIN-0023,4,136,134,0,0.9852941176470589
qwen,INV_PAIR_NLL_s0,UPDATE_COMPARISON-ORIGIN-0024,4,136,133,0,0.9779411764705882
qwen,INV_PAIR_NLL_s0,UPDATE_COMPARISON-ORIGIN-0025,4,136,136,1,1.0
qwen,INV_PAIR_NLL_s0,UPDATE_COMPARISON-ORIGIN-0026,4,136,128,0,0.9411764705882353
qwen,INV_PAIR_NLL_s0,UPDATE_COMPARISON-ORIGIN-0027,4,136,126,0,0.9264705882352942
qwen,INV_PAIR_NLL_s0,UPDATE_COMPARISON-ORIGIN-0028,4,136,136,1,1.0
qwen,INV_PAIR_NLL_s0,UPDATE_COMPARISON-ORIGIN-0029,4,136,136,1,1.0
qwen,INV_PAIR_NLL_s0,UPDATE_COMPARISON-ORIGIN-0030,4,136,136,1,1.0
qwen,INV_PAIR_NLL_s0,UPDATE_COMPARISON-ORIGIN-0031,4,136,136,1,1.0
qwen,INV_PAIR_NLL_s0,UPDATE_COMPARISON-ORIGIN-0032,4,136,134,0,0.9852941176470589
qwen,INV_PAIR_NLL_s0,UPDATE_COMPARISON-ORIGIN-0033,4,136,136,1,1.0
qwen,INV_PAIR_NLL_s0,UPDATE_COMPARISON-ORIGIN-0034,4,136,135,0,0.9926470588235294
qwen,INV_PAIR_NLL_s0,UPDATE_COMPARISON-ORIGIN-0035,4,136,130,0,0.9558823529411765
qwen,INV_PAIR_NLL_s0,UPDATE_COMPARISON-ORIGIN-0036,4,136,124,0,0.9117647058823529
qwen,INV_PAIR_NLL_s0,UPDATE_COMPARISON-ORIGIN-0037,4,136,133,0,0.9779411764705882
qwen,INV_PAIR_NLL_s0,UPDATE_COMPARISON-ORIGIN-0038,4,136,135,0,0.9926470588235294
qwen,INV_PAIR_NLL_s0,UPDATE_COMPARISON-ORIGIN-0039,4,136,125,0,0.9191176470588235
qwen,INV_PAIR_NLL_s0,UPDATE_COMPARISON-ORIGIN-0040,4,136,135,0,0.9926470588235294
qwen,INV_PAIR_NLL_s0,UPDATE_COMPARISON-ORIGIN-0041,4,136,126,0,0.9264705882352942
qwen,INV_PAIR_NLL_s0,UPDATE_COMPARISON-ORIGIN-0042,4,136,136,1,1.0
qwen,INV_PAIR_NLL_s0,UPDATE_COMPARISON-ORIGIN-0043,4,136,136,1,1.0
qwen,INV_PAIR_NLL_s0,UPDATE_COMPARISON-ORIGIN-0044,4,136,136,1,1.0
qwen,INV_PAIR_NLL_s0,UPDATE_COMPARISON-ORIGIN-0045,4,136,126,0,0.9264705882352942
qwen,INV_PAIR_NLL_s0,UPDATE_COMPARISON-ORIGIN-0046,4,136,136,1,1.0
qwen,INV_PAIR_NLL_s0,UPDATE_COMPARISON-ORIGIN-0047,4,136,136,1,1.0
qwen,INV_PAIR_NLL_s0,UPDATE_COMPARISON-ORIGIN-0048,4,136,136,1,1.0
qwen,INV_PAIR_NLL_s0,UPDATE_COMPARISON-ORIGIN-0049,4,136,135,0,0.9926470588235294
qwen,INV_PAIR_NLL_s0,UPDATE_COMPARISON-ORIGIN-0050,4,136,134,0,0.9852941176470589
qwen,INV_PAIR_NLL_s0,UPDATE_COMPARISON-ORIGIN-0051,4,136,122,0,0.8970588235294118
qwen,INV_PAIR_NLL_s0,UPDATE_COMPARISON-ORIGIN-0052,4,136,136,1,1.0
qwen,INV_PAIR_NLL_s0,UPDATE_COMPARISON-ORIGIN-0053,4,136,134,0,0.9852941176470589
qwen,INV_PAIR_NLL_s0,UPDATE_COMPARISON-ORIGIN-0054,4,136,130,0,0.9558823529411765
qwen,INV_PAIR_NLL_s0,UPDATE_COMPARISON-ORIGIN-0055,4,136,136,1,1.0
qwen,INV_PAIR_NLL_s0,UPDATE_COMPARISON-ORIGIN-0056,4,136,134,0,0.9852941176470589
qwen,INV_PAIR_NLL_s0,UPDATE_COMPARISON-ORIGIN-0057,4,136,135,0,0.9926470588235294
qwen,INV_PAIR_NLL_s0,UPDATE_COMPARISON-ORIGIN-0058,4,136,128,0,0.9411764705882353
qwen,INV_PAIR_NLL_s0,UPDATE_COMPARISON-ORIGIN-0059,4,136,136,1,1.0
qwen,INV_PAIR_NLL_s0,UPDATE_COMPARISON-ORIGIN-0060,4,136,136,1,1.0
qwen,INV_PAIR_NLL_s0,UPDATE_COMPARISON-ORIGIN-0061,4,136,129,0,0.9485294117647058
qwen,INV_PAIR_NLL_s0,UPDATE_COMPARISON-ORIGIN-0062,4,136,136,1,1.0
qwen,INV_PAIR_NLL_s0,UPDATE_COMPARISON-ORIGIN-0063,4,136,136,1,1.0
qwen,INV_PAIR_NLL_s1,UPDATE_COMPARISON-ORIGIN-0000,4,136,112,0,0.8235294117647058
qwen,INV_PAIR_NLL_s1,UPDATE_COMPARISON-ORIGIN-0001,4,136,130,0,0.9558823529411765
qwen,INV_PAIR_NLL_s1,UPDATE_COMPARISON-ORIGIN-0002,4,136,122,0,0.8970588235294118
qwen,INV_PAIR_NLL_s1,UPDATE_COMPARISON-ORIGIN-0003,4,136,118,0,0.8676470588235294
qwen,INV_PAIR_NLL_s1,UPDATE_COMPARISON-ORIGIN-0004,4,136,126,0,0.9264705882352942
qwen,INV_PAIR_NLL_s1,UPDATE_COMPARISON-ORIGIN-0005,4,136,113,0,0.8308823529411765
qwen,INV_PAIR_NLL_s1,UPDATE_COMPARISON-ORIGIN-0006,4,136,130,0,0.9558823529411765
qwen,INV_PAIR_NLL_s1,UPDATE_COMPARISON-ORIGIN-0007,4,136,126,0,0.9264705882352942
qwen,INV_PAIR_NLL_s1,UPDATE_COMPARISON-ORIGIN-0008,4,136,126,0,0.9264705882352942
qwen,INV_PAIR_NLL_s1,UPDATE_COMPARISON-ORIGIN-0009,4,136,124,0,0.9117647058823529
qwen,INV_PAIR_NLL_s1,UPDATE_COMPARISON-ORIGIN-0010,4,136,124,0,0.9117647058823529
qwen,INV_PAIR_NLL_s1,UPDATE_COMPARISON-ORIGIN-0011,4,136,134,0,0.9852941176470589
qwen,INV_PAIR_NLL_s1,UPDATE_COMPARISON-ORIGIN-0012,4,136,135,0,0.9926470588235294
qwen,INV_PAIR_NLL_s1,UPDATE_COMPARISON-ORIGIN-0013,4,136,136,1,1.0
qwen,INV_PAIR_NLL_s1,UPDATE_COMPARISON-ORIGIN-0014,4,136,136,1,1.0
qwen,INV_PAIR_NLL_s1,UPDATE_COMPARISON-ORIGIN-0015,4,136,128,0,0.9411764705882353
qwen,INV_PAIR_NLL_s1,UPDATE_COMPARISON-ORIGIN-0016,4,136,129,0,0.9485294117647058
qwen,INV_PAIR_NLL_s1,UPDATE_COMPARISON-ORIGIN-0017,4,136,108,0,0.7941176470588235
qwen,INV_PAIR_NLL_s1,UPDATE_COMPARISON-ORIGIN-0018,4,136,131,0,0.9632352941176471
qwen,INV_PAIR_NLL_s1,UPDATE_COMPARISON-ORIGIN-0019,4,136,131,0,0.9632352941176471
qwen,INV_PAIR_NLL_s1,UPDATE_COMPARISON-ORIGIN-0020,4,136,136,1,1.0
qwen,INV_PAIR_NLL_s1,UPDATE_COMPARISON-ORIGIN-0021,4,136,136,1,1.0
qwen,INV_PAIR_NLL_s1,UPDATE_COMPARISON-ORIGIN-0022,4,136,136,1,1.0
qwen,INV_PAIR_NLL_s1,UPDATE_COMPARISON-ORIGIN-0023,4,136,126,0,0.9264705882352942
qwen,INV_PAIR_NLL_s1,UPDATE_COMPARISON-ORIGIN-0024,4,136,133,0,0.9779411764705882
qwen,INV_PAIR_NLL_s1,UPDATE_COMPARISON-ORIGIN-0025,4,136,136,1,1.0
qwen,INV_PAIR_NLL_s1,UPDATE_COMPARISON-ORIGIN-0026,4,136,130,0,0.9558823529411765
qwen,INV_PAIR_NLL_s1,UPDATE_COMPARISON-ORIGIN-0027,4,136,131,0,0.9632352941176471
qwen,INV_PAIR_NLL_s1,UPDATE_COMPARISON-ORIGIN-0028,4,136,136,1,1.0
qwen,INV_PAIR_NLL_s1,UPDATE_COMPARISON-ORIGIN-0029,4,136,136,1,1.0
qwen,INV_PAIR_NLL_s1,UPDATE_COMPARISON-ORIGIN-0030,4,136,116,0,0.8529411764705882
qwen,INV_PAIR_NLL_s1,UPDATE_COMPARISON-ORIGIN-0031,4,136,136,1,1.0
qwen,INV_PAIR_NLL_s1,UPDATE_COMPARISON-ORIGIN-0032,4,136,118,0,0.8676470588235294
qwen,INV_PAIR_NLL_s1,UPDATE_COMPARISON-ORIGIN-0033,4,136,135,0,0.9926470588235294
qwen,INV_PAIR_NLL_s1,UPDATE_COMPARISON-ORIGIN-0034,4,136,136,1,1.0
qwen,INV_PAIR_NLL_s1,UPDATE_COMPARISON-ORIGIN-0035,4,136,130,0,0.9558823529411765
qwen,INV_PAIR_NLL_s1,UPDATE_COMPARISON-ORIGIN-0036,4,136,121,0,0.8897058823529411
qwen,INV_PAIR_NLL_s1,UPDATE_COMPARISON-ORIGIN-0037,4,136,105,0,0.7720588235294118
qwen,INV_PAIR_NLL_s1,UPDATE_COMPARISON-ORIGIN-0038,4,136,123,0,0.9044117647058824
qwen,INV_PAIR_NLL_s1,UPDATE_COMPARISON-ORIGIN-0039,4,136,108,0,0.7941176470588235
qwen,INV_PAIR_NLL_s1,UPDATE_COMPARISON-ORIGIN-0040,4,136,132,0,0.9705882352941176
qwen,INV_PAIR_NLL_s1,UPDATE_COMPARISON-ORIGIN-0041,4,136,124,0,0.9117647058823529
qwen,INV_PAIR_NLL_s1,UPDATE_COMPARISON-ORIGIN-0042,4,136,134,0,0.9852941176470589
qwen,INV_PAIR_NLL_s1,UPDATE_COMPARISON-ORIGIN-0043,4,136,132,0,0.9705882352941176
qwen,INV_PAIR_NLL_s1,UPDATE_COMPARISON-ORIGIN-0044,4,136,136,1,1.0
qwen,INV_PAIR_NLL_s1,UPDATE_COMPARISON-ORIGIN-0045,4,136,123,0,0.9044117647058824
qwen,INV_PAIR_NLL_s1,UPDATE_COMPARISON-ORIGIN-0046,4,136,136,1,1.0
qwen,INV_PAIR_NLL_s1,UPDATE_COMPARISON-ORIGIN-0047,4,136,136,1,1.0
qwen,INV_PAIR_NLL_s1,UPDATE_COMPARISON-ORIGIN-0048,4,136,126,0,0.9264705882352942
qwen,INV_PAIR_NLL_s1,UPDATE_COMPARISON-ORIGIN-0049,4,136,133,0,0.9779411764705882
qwen,INV_PAIR_NLL_s1,UPDATE_COMPARISON-ORIGIN-0050,4,136,134,0,0.9852941176470589
qwen,INV_PAIR_NLL_s1,UPDATE_COMPARISON-ORIGIN-0051,4,136,117,0,0.8602941176470589
qwen,INV_PAIR_NLL_s1,UPDATE_COMPARISON-ORIGIN-0052,4,136,136,1,1.0
qwen,INV_PAIR_NLL_s1,UPDATE_COMPARISON-ORIGIN-0053,4,136,132,0,0.9705882352941176
qwen,INV_PAIR_NLL_s1,UPDATE_COMPARISON-ORIGIN-0054,4,136,136,1,1.0
qwen,INV_PAIR_NLL_s1,UPDATE_COMPARISON-ORIGIN-0055,4,136,136,1,1.0
qwen,INV_PAIR_NLL_s1,UPDATE_COMPARISON-ORIGIN-0056,4,136,136,1,1.0
qwen,INV_PAIR_NLL_s1,UPDATE_COMPARISON-ORIGIN-0057,4,136,131,0,0.9632352941176471
qwen,INV_PAIR_NLL_s1,UPDATE_COMPARISON-ORIGIN-0058,4,136,133,0,0.9779411764705882
qwen,INV_PAIR_NLL_s1,UPDATE_COMPARISON-ORIGIN-0059,4,136,135,0,0.9926470588235294
qwen,INV_PAIR_NLL_s1,UPDATE_COMPARISON-ORIGIN-0060,4,136,136,1,1.0
qwen,INV_PAIR_NLL_s1,UPDATE_COMPARISON-ORIGIN-0061,4,136,136,1,1.0
qwen,INV_PAIR_NLL_s1,UPDATE_COMPARISON-ORIGIN-0062,4,136,136,1,1.0
qwen,INV_PAIR_NLL_s1,UPDATE_COMPARISON-ORIGIN-0063,4,136,135,0,0.9926470588235294
qwen,LATEST_ERRATUM,UPDATE_COMPARISON-ORIGIN-0000,4,136,97,0,0.7132352941176471
qwen,LATEST_ERRATUM,UPDATE_COMPARISON-ORIGIN-0001,4,136,78,0,0.5735294117647058
qwen,LATEST_ERRATUM,UPDATE_COMPARISON-ORIGIN-0002,4,136,113,0,0.8308823529411765
qwen,LATEST_ERRATUM,UPDATE_COMPARISON-ORIGIN-0003,4,136,94,0,0.6911764705882353
qwen,LATEST_ERRATUM,UPDATE_COMPARISON-ORIGIN-0004,4,136,104,0,0.7647058823529411
qwen,LATEST_ERRATUM,UPDATE_COMPARISON-ORIGIN-0005,4,136,113,0,0.8308823529411765
qwen,LATEST_ERRATUM,UPDATE_COMPARISON-ORIGIN-0006,4,136,115,0,0.8455882352941176
qwen,LATEST_ERRATUM,UPDATE_COMPARISON-ORIGIN-0007,4,136,93,0,0.6838235294117647
qwen,LATEST_ERRATUM,UPDATE_COMPARISON-ORIGIN-0008,4,136,99,0,0.7279411764705882
qwen,LATEST_ERRATUM,UPDATE_COMPARISON-ORIGIN-0009,4,136,103,0,0.7573529411764706
qwen,LATEST_ERRATUM,UPDATE_COMPARISON-ORIGIN-0010,4,136,96,0,0.7058823529411765
qwen,LATEST_ERRATUM,UPDATE_COMPARISON-ORIGIN-0011,4,136,105,0,0.7720588235294118
qwen,LATEST_ERRATUM,UPDATE_COMPARISON-ORIGIN-0012,4,136,125,0,0.9191176470588235
qwen,LATEST_ERRATUM,UPDATE_COMPARISON-ORIGIN-0013,4,136,121,0,0.8897058823529411
qwen,LATEST_ERRATUM,UPDATE_COMPARISON-ORIGIN-0014,4,136,120,0,0.8823529411764706
qwen,LATEST_ERRATUM,UPDATE_COMPARISON-ORIGIN-0015,4,136,110,0,0.8088235294117647
qwen,LATEST_ERRATUM,UPDATE_COMPARISON-ORIGIN-0016,4,136,110,0,0.8088235294117647
qwen,LATEST_ERRATUM,UPDATE_COMPARISON-ORIGIN-0017,4,136,109,0,0.8014705882352942
qwen,LATEST_ERRATUM,UPDATE_COMPARISON-ORIGIN-0018,4,136,111,0,0.8161764705882353
qwen,LATEST_ERRATUM,UPDATE_COMPARISON-ORIGIN-0019,4,136,117,0,0.8602941176470589
qwen,LATEST_ERRATUM,UPDATE_COMPARISON-ORIGIN-0020,4,136,113,0,0.8308823529411765
qwen,LATEST_ERRATUM,UPDATE_COMPARISON-ORIGIN-0021,4,136,114,0,0.8382352941176471
qwen,LATEST_ERRATUM,UPDATE_COMPARISON-ORIGIN-0022,4,136,117,0,0.8602941176470589
qwen,LATEST_ERRATUM,UPDATE_COMPARISON-ORIGIN-0023,4,136,123,0,0.9044117647058824
qwen,LATEST_ERRATUM,UPDATE_COMPARISON-ORIGIN-0024,4,136,112,0,0.8235294117647058
qwen,LATEST_ERRATUM,UPDATE_COMPARISON-ORIGIN-0025,4,136,125,0,0.9191176470588235
qwen,LATEST_ERRATUM,UPDATE_COMPARISON-ORIGIN-0026,4,136,111,0,0.8161764705882353
qwen,LATEST_ERRATUM,UPDATE_COMPARISON-ORIGIN-0027,4,136,108,0,0.7941176470588235
qwen,LATEST_ERRATUM,UPDATE_COMPARISON-ORIGIN-0028,4,136,123,0,0.9044117647058824
qwen,LATEST_ERRATUM,UPDATE_COMPARISON-ORIGIN-0029,4,136,136,1,1.0
qwen,LATEST_ERRATUM,UPDATE_COMPARISON-ORIGIN-0030,4,136,134,0,0.9852941176470589
qwen,LATEST_ERRATUM,UPDATE_COMPARISON-ORIGIN-0031,4,136,124,0,0.9117647058823529
qwen,LATEST_ERRATUM,UPDATE_COMPARISON-ORIGIN-0032,4,136,106,0,0.7794117647058824
qwen,LATEST_ERRATUM,UPDATE_COMPARISON-ORIGIN-0033,4,136,104,0,0.7647058823529411
qwen,LATEST_ERRATUM,UPDATE_COMPARISON-ORIGIN-0034,4,136,98,0,0.7205882352941176
qwen,LATEST_ERRATUM,UPDATE_COMPARISON-ORIGIN-0035,4,136,88,0,0.6470588235294118
qwen,LATEST_ERRATUM,UPDATE_COMPARISON-ORIGIN-0036,4,136,120,0,0.8823529411764706
qwen,LATEST_ERRATUM,UPDATE_COMPARISON-ORIGIN-0037,4,136,110,0,0.8088235294117647
qwen,LATEST_ERRATUM,UPDATE_COMPARISON-ORIGIN-0038,4,136,108,0,0.7941176470588235
qwen,LATEST_ERRATUM,UPDATE_COMPARISON-ORIGIN-0039,4,136,110,0,0.8088235294117647
qwen,LATEST_ERRATUM,UPDATE_COMPARISON-ORIGIN-0040,4,136,105,0,0.7720588235294118
qwen,LATEST_ERRATUM,UPDATE_COMPARISON-ORIGIN-0041,4,136,93,0,0.6838235294117647
qwen,LATEST_ERRATUM,UPDATE_COMPARISON-ORIGIN-0042,4,136,104,0,0.7647058823529411
qwen,LATEST_ERRATUM,UPDATE_COMPARISON-ORIGIN-0043,4,136,108,0,0.7941176470588235
qwen,LATEST_ERRATUM,UPDATE_COMPARISON-ORIGIN-0044,4,136,124,0,0.9117647058823529
qwen,LATEST_ERRATUM,UPDATE_COMPARISON-ORIGIN-0045,4,136,126,0,0.9264705882352942
qwen,LATEST_ERRATUM,UPDATE_COMPARISON-ORIGIN-0046,4,136,123,0,0.9044117647058824
qwen,LATEST_ERRATUM,UPDATE_COMPARISON-ORIGIN-0047,4,136,130,0,0.9558823529411765
qwen,LATEST_ERRATUM,UPDATE_COMPARISON-ORIGIN-0048,4,136,99,0,0.7279411764705882
qwen,LATEST_ERRATUM,UPDATE_COMPARISON-ORIGIN-0049,4,136,102,0,0.75
qwen,LATEST_ERRATUM,UPDATE_COMPARISON-ORIGIN-0050,4,136,92,0,0.6764705882352942
qwen,LATEST_ERRATUM,UPDATE_COMPARISON-ORIGIN-0051,4,136,106,0,0.7794117647058824
qwen,LATEST_ERRATUM,UPDATE_COMPARISON-ORIGIN-0052,4,136,118,0,0.8676470588235294
qwen,LATEST_ERRATUM,UPDATE_COMPARISON-ORIGIN-0053,4,136,116,0,0.8529411764705882
qwen,LATEST_ERRATUM,UPDATE_COMPARISON-ORIGIN-0054,4,136,120,0,0.8823529411764706
qwen,LATEST_ERRATUM,UPDATE_COMPARISON-ORIGIN-0055,4,136,117,0,0.8602941176470589
qwen,LATEST_ERRATUM,UPDATE_COMPARISON-ORIGIN-0056,4,136,91,0,0.6691176470588235
qwen,LATEST_ERRATUM,UPDATE_COMPARISON-ORIGIN-0057,4,136,122,0,0.8970588235294118
qwen,LATEST_ERRATUM,UPDATE_COMPARISON-ORIGIN-0058,4,136,107,0,0.7867647058823529
qwen,LATEST_ERRATUM,UPDATE_COMPARISON-ORIGIN-0059,4,136,124,0,0.9117647058823529
qwen,LATEST_ERRATUM,UPDATE_COMPARISON-ORIGIN-0060,4,136,128,0,0.9411764705882353
qwen,LATEST_ERRATUM,UPDATE_COMPARISON-ORIGIN-0061,4,136,130,0,0.9558823529411765
qwen,LATEST_ERRATUM,UPDATE_COMPARISON-ORIGIN-0062,4,136,120,0,0.8823529411764706
qwen,LATEST_ERRATUM,UPDATE_COMPARISON-ORIGIN-0063,4,136,128,0,0.9411764705882353
qwen,LATEST_SAME_WORDING,UPDATE_COMPARISON-ORIGIN-0000,4,136,104,0,0.7647058823529411
qwen,LATEST_SAME_WORDING,UPDATE_COMPARISON-ORIGIN-0001,4,136,92,0,0.6764705882352942
qwen,LATEST_SAME_WORDING,UPDATE_COMPARISON-ORIGIN-0002,4,136,113,0,0.8308823529411765
qwen,LATEST_SAME_WORDING,UPDATE_COMPARISON-ORIGIN-0003,4,136,98,0,0.7205882352941176
qwen,LATEST_SAME_WORDING,UPDATE_COMPARISON-ORIGIN-0004,4,136,107,0,0.7867647058823529
qwen,LATEST_SAME_WORDING,UPDATE_COMPARISON-ORIGIN-0005,4,136,122,0,0.8970588235294118
qwen,LATEST_SAME_WORDING,UPDATE_COMPARISON-ORIGIN-0006,4,136,115,0,0.8455882352941176
qwen,LATEST_SAME_WORDING,UPDATE_COMPARISON-ORIGIN-0007,4,136,86,0,0.6323529411764706
qwen,LATEST_SAME_WORDING,UPDATE_COMPARISON-ORIGIN-0008,4,136,108,0,0.7941176470588235
qwen,LATEST_SAME_WORDING,UPDATE_COMPARISON-ORIGIN-0009,4,136,112,0,0.8235294117647058
qwen,LATEST_SAME_WORDING,UPDATE_COMPARISON-ORIGIN-0010,4,136,97,0,0.7132352941176471
qwen,LATEST_SAME_WORDING,UPDATE_COMPARISON-ORIGIN-0011,4,136,100,0,0.7352941176470589
qwen,LATEST_SAME_WORDING,UPDATE_COMPARISON-ORIGIN-0012,4,136,134,0,0.9852941176470589
qwen,LATEST_SAME_WORDING,UPDATE_COMPARISON-ORIGIN-0013,4,136,123,0,0.9044117647058824
qwen,LATEST_SAME_WORDING,UPDATE_COMPARISON-ORIGIN-0014,4,136,119,0,0.875
qwen,LATEST_SAME_WORDING,UPDATE_COMPARISON-ORIGIN-0015,4,136,112,0,0.8235294117647058
qwen,LATEST_SAME_WORDING,UPDATE_COMPARISON-ORIGIN-0016,4,136,112,0,0.8235294117647058
qwen,LATEST_SAME_WORDING,UPDATE_COMPARISON-ORIGIN-0017,4,136,107,0,0.7867647058823529
qwen,LATEST_SAME_WORDING,UPDATE_COMPARISON-ORIGIN-0018,4,136,120,0,0.8823529411764706
qwen,LATEST_SAME_WORDING,UPDATE_COMPARISON-ORIGIN-0019,4,136,107,0,0.7867647058823529
qwen,LATEST_SAME_WORDING,UPDATE_COMPARISON-ORIGIN-0020,4,136,115,0,0.8455882352941176
qwen,LATEST_SAME_WORDING,UPDATE_COMPARISON-ORIGIN-0021,4,136,116,0,0.8529411764705882
qwen,LATEST_SAME_WORDING,UPDATE_COMPARISON-ORIGIN-0022,4,136,115,0,0.8455882352941176
qwen,LATEST_SAME_WORDING,UPDATE_COMPARISON-ORIGIN-0023,4,136,115,0,0.8455882352941176
qwen,LATEST_SAME_WORDING,UPDATE_COMPARISON-ORIGIN-0024,4,136,127,0,0.9338235294117647
qwen,LATEST_SAME_WORDING,UPDATE_COMPARISON-ORIGIN-0025,4,136,120,0,0.8823529411764706
qwen,LATEST_SAME_WORDING,UPDATE_COMPARISON-ORIGIN-0026,4,136,114,0,0.8382352941176471
qwen,LATEST_SAME_WORDING,UPDATE_COMPARISON-ORIGIN-0027,4,136,112,0,0.8235294117647058
qwen,LATEST_SAME_WORDING,UPDATE_COMPARISON-ORIGIN-0028,4,136,131,0,0.9632352941176471
qwen,LATEST_SAME_WORDING,UPDATE_COMPARISON-ORIGIN-0029,4,136,135,0,0.9926470588235294
qwen,LATEST_SAME_WORDING,UPDATE_COMPARISON-ORIGIN-0030,4,136,136,1,1.0
qwen,LATEST_SAME_WORDING,UPDATE_COMPARISON-ORIGIN-0031,4,136,125,0,0.9191176470588235
qwen,LATEST_SAME_WORDING,UPDATE_COMPARISON-ORIGIN-0032,4,136,111,0,0.8161764705882353
qwen,LATEST_SAME_WORDING,UPDATE_COMPARISON-ORIGIN-0033,4,136,110,0,0.8088235294117647
qwen,LATEST_SAME_WORDING,UPDATE_COMPARISON-ORIGIN-0034,4,136,94,0,0.6911764705882353
qwen,LATEST_SAME_WORDING,UPDATE_COMPARISON-ORIGIN-0035,4,136,96,0,0.7058823529411765
qwen,LATEST_SAME_WORDING,UPDATE_COMPARISON-ORIGIN-0036,4,136,122,0,0.8970588235294118
qwen,LATEST_SAME_WORDING,UPDATE_COMPARISON-ORIGIN-0037,4,136,114,0,0.8382352941176471
qwen,LATEST_SAME_WORDING,UPDATE_COMPARISON-ORIGIN-0038,4,136,109,0,0.8014705882352942
qwen,LATEST_SAME_WORDING,UPDATE_COMPARISON-ORIGIN-0039,4,136,112,0,0.8235294117647058
qwen,LATEST_SAME_WORDING,UPDATE_COMPARISON-ORIGIN-0040,4,136,98,0,0.7205882352941176
qwen,LATEST_SAME_WORDING,UPDATE_COMPARISON-ORIGIN-0041,4,136,101,0,0.7426470588235294
qwen,LATEST_SAME_WORDING,UPDATE_COMPARISON-ORIGIN-0042,4,136,111,0,0.8161764705882353
qwen,LATEST_SAME_WORDING,UPDATE_COMPARISON-ORIGIN-0043,4,136,101,0,0.7426470588235294
qwen,LATEST_SAME_WORDING,UPDATE_COMPARISON-ORIGIN-0044,4,136,134,0,0.9852941176470589
qwen,LATEST_SAME_WORDING,UPDATE_COMPARISON-ORIGIN-0045,4,136,130,0,0.9558823529411765
qwen,LATEST_SAME_WORDING,UPDATE_COMPARISON-ORIGIN-0046,4,136,130,0,0.9558823529411765
qwen,LATEST_SAME_WORDING,UPDATE_COMPARISON-ORIGIN-0047,4,136,128,0,0.9411764705882353
qwen,LATEST_SAME_WORDING,UPDATE_COMPARISON-ORIGIN-0048,4,136,100,0,0.7352941176470589
qwen,LATEST_SAME_WORDING,UPDATE_COMPARISON-ORIGIN-0049,4,136,108,0,0.7941176470588235
qwen,LATEST_SAME_WORDING,UPDATE_COMPARISON-ORIGIN-0050,4,136,106,0,0.7794117647058824
qwen,LATEST_SAME_WORDING,UPDATE_COMPARISON-ORIGIN-0051,4,136,102,0,0.75
qwen,LATEST_SAME_WORDING,UPDATE_COMPARISON-ORIGIN-0052,4,136,125,0,0.9191176470588235
qwen,LATEST_SAME_WORDING,UPDATE_COMPARISON-ORIGIN-0053,4,136,117,0,0.8602941176470589
qwen,LATEST_SAME_WORDING,UPDATE_COMPARISON-ORIGIN-0054,4,136,118,0,0.8676470588235294
qwen,LATEST_SAME_WORDING,UPDATE_COMPARISON-ORIGIN-0055,4,136,111,0,0.8161764705882353
qwen,LATEST_SAME_WORDING,UPDATE_COMPARISON-ORIGIN-0056,4,136,108,0,0.7941176470588235
qwen,LATEST_SAME_WORDING,UPDATE_COMPARISON-ORIGIN-0057,4,136,127,0,0.9338235294117647
qwen,LATEST_SAME_WORDING,UPDATE_COMPARISON-ORIGIN-0058,4,136,120,0,0.8823529411764706
qwen,LATEST_SAME_WORDING,UPDATE_COMPARISON-ORIGIN-0059,4,136,124,0,0.9117647058823529
qwen,LATEST_SAME_WORDING,UPDATE_COMPARISON-ORIGIN-0060,4,136,133,0,0.9779411764705882
qwen,LATEST_SAME_WORDING,UPDATE_COMPARISON-ORIGIN-0061,4,136,132,0,0.9705882352941176
qwen,LATEST_SAME_WORDING,UPDATE_COMPARISON-ORIGIN-0062,4,136,126,0,0.9264705882352942
qwen,LATEST_SAME_WORDING,UPDATE_COMPARISON-ORIGIN-0063,4,136,130,0,0.9558823529411765
qwen,REBUILD,UPDATE_COMPARISON-ORIGIN-0000,4,136,104,0,0.7647058823529411
qwen,REBUILD,UPDATE_COMPARISON-ORIGIN-0001,4,136,80,0,0.5882352941176471
qwen,REBUILD,UPDATE_COMPARISON-ORIGIN-0002,4,136,100,0,0.7352941176470589
qwen,REBUILD,UPDATE_COMPARISON-ORIGIN-0003,4,136,88,0,0.6470588235294118
qwen,REBUILD,UPDATE_COMPARISON-ORIGIN-0004,4,136,128,0,0.9411764705882353
qwen,REBUILD,UPDATE_COMPARISON-ORIGIN-0005,4,136,104,0,0.7647058823529411
qwen,REBUILD,UPDATE_COMPARISON-ORIGIN-0006,4,136,120,0,0.8823529411764706
qwen,REBUILD,UPDATE_COMPARISON-ORIGIN-0007,4,136,100,0,0.7352941176470589
qwen,REBUILD,UPDATE_COMPARISON-ORIGIN-0008,4,136,92,0,0.6764705882352942
qwen,REBUILD,UPDATE_COMPARISON-ORIGIN-0009,4,136,112,0,0.8235294117647058
qwen,REBUILD,UPDATE_COMPARISON-ORIGIN-0010,4,136,100,0,0.7352941176470589
qwen,REBUILD,UPDATE_COMPARISON-ORIGIN-0011,4,136,92,0,0.6764705882352942
qwen,REBUILD,UPDATE_COMPARISON-ORIGIN-0012,4,136,132,0,0.9705882352941176
qwen,REBUILD,UPDATE_COMPARISON-ORIGIN-0013,4,136,132,0,0.9705882352941176
qwen,REBUILD,UPDATE_COMPARISON-ORIGIN-0014,4,136,128,0,0.9411764705882353
qwen,REBUILD,UPDATE_COMPARISON-ORIGIN-0015,4,136,116,0,0.8529411764705882
qwen,REBUILD,UPDATE_COMPARISON-ORIGIN-0016,4,136,108,0,0.7941176470588235
qwen,REBUILD,UPDATE_COMPARISON-ORIGIN-0017,4,136,112,0,0.8235294117647058
qwen,REBUILD,UPDATE_COMPARISON-ORIGIN-0018,4,136,104,0,0.7647058823529411
qwen,REBUILD,UPDATE_COMPARISON-ORIGIN-0019,4,136,116,0,0.8529411764705882
qwen,REBUILD,UPDATE_COMPARISON-ORIGIN-0020,4,136,132,0,0.9705882352941176
qwen,REBUILD,UPDATE_COMPARISON-ORIGIN-0021,4,136,112,0,0.8235294117647058
qwen,REBUILD,UPDATE_COMPARISON-ORIGIN-0022,4,136,124,0,0.9117647058823529
qwen,REBUILD,UPDATE_COMPARISON-ORIGIN-0023,4,136,124,0,0.9117647058823529
qwen,REBUILD,UPDATE_COMPARISON-ORIGIN-0024,4,136,124,0,0.9117647058823529
qwen,REBUILD,UPDATE_COMPARISON-ORIGIN-0025,4,136,128,0,0.9411764705882353
qwen,REBUILD,UPDATE_COMPARISON-ORIGIN-0026,4,136,104,0,0.7647058823529411
qwen,REBUILD,UPDATE_COMPARISON-ORIGIN-0027,4,136,92,0,0.6764705882352942
qwen,REBUILD,UPDATE_COMPARISON-ORIGIN-0028,4,136,128,0,0.9411764705882353
qwen,REBUILD,UPDATE_COMPARISON-ORIGIN-0029,4,136,136,1,1.0
qwen,REBUILD,UPDATE_COMPARISON-ORIGIN-0030,4,136,132,0,0.9705882352941176
qwen,REBUILD,UPDATE_COMPARISON-ORIGIN-0031,4,136,128,0,0.9411764705882353
qwen,REBUILD,UPDATE_COMPARISON-ORIGIN-0032,4,136,96,0,0.7058823529411765
qwen,REBUILD,UPDATE_COMPARISON-ORIGIN-0033,4,136,112,0,0.8235294117647058
qwen,REBUILD,UPDATE_COMPARISON-ORIGIN-0034,4,136,92,0,0.6764705882352942
qwen,REBUILD,UPDATE_COMPARISON-ORIGIN-0035,4,136,76,0,0.5588235294117647
qwen,REBUILD,UPDATE_COMPARISON-ORIGIN-0036,4,136,100,0,0.7352941176470589
qwen,REBUILD,UPDATE_COMPARISON-ORIGIN-0037,4,136,100,0,0.7352941176470589
qwen,REBUILD,UPDATE_COMPARISON-ORIGIN-0038,4,136,124,0,0.9117647058823529
qwen,REBUILD,UPDATE_COMPARISON-ORIGIN-0039,4,136,112,0,0.8235294117647058
qwen,REBUILD,UPDATE_COMPARISON-ORIGIN-0040,4,136,104,0,0.7647058823529411
qwen,REBUILD,UPDATE_COMPARISON-ORIGIN-0041,4,136,92,0,0.6764705882352942
qwen,REBUILD,UPDATE_COMPARISON-ORIGIN-0042,4,136,112,0,0.8235294117647058
qwen,REBUILD,UPDATE_COMPARISON-ORIGIN-0043,4,136,124,0,0.9117647058823529
qwen,REBUILD,UPDATE_COMPARISON-ORIGIN-0044,4,136,128,0,0.9411764705882353
qwen,REBUILD,UPDATE_COMPARISON-ORIGIN-0045,4,136,128,0,0.9411764705882353
qwen,REBUILD,UPDATE_COMPARISON-ORIGIN-0046,4,136,136,1,1.0
qwen,REBUILD,UPDATE_COMPARISON-ORIGIN-0047,4,136,132,0,0.9705882352941176
qwen,REBUILD,UPDATE_COMPARISON-ORIGIN-0048,4,136,108,0,0.7941176470588235
qwen,REBUILD,UPDATE_COMPARISON-ORIGIN-0049,4,136,116,0,0.8529411764705882
qwen,REBUILD,UPDATE_COMPARISON-ORIGIN-0050,4,136,108,0,0.7941176470588235
qwen,REBUILD,UPDATE_COMPARISON-ORIGIN-0051,4,136,108,0,0.7941176470588235
qwen,REBUILD,UPDATE_COMPARISON-ORIGIN-0052,4,136,132,0,0.9705882352941176
qwen,REBUILD,UPDATE_COMPARISON-ORIGIN-0053,4,136,116,0,0.8529411764705882
qwen,REBUILD,UPDATE_COMPARISON-ORIGIN-0054,4,136,128,0,0.9411764705882353
qwen,REBUILD,UPDATE_COMPARISON-ORIGIN-0055,4,136,128,0,0.9411764705882353
qwen,REBUILD,UPDATE_COMPARISON-ORIGIN-0056,4,136,112,0,0.8235294117647058
qwen,REBUILD,UPDATE_COMPARISON-ORIGIN-0057,4,136,120,0,0.8823529411764706
qwen,REBUILD,UPDATE_COMPARISON-ORIGIN-0058,4,136,116,0,0.8529411764705882
qwen,REBUILD,UPDATE_COMPARISON-ORIGIN-0059,4,136,136,1,1.0
qwen,REBUILD,UPDATE_COMPARISON-ORIGIN-0060,4,136,136,1,1.0
qwen,REBUILD,UPDATE_COMPARISON-ORIGIN-0061,4,136,116,0,0.8529411764705882
qwen,REBUILD,UPDATE_COMPARISON-ORIGIN-0062,4,136,136,1,1.0
qwen,REBUILD,UPDATE_COMPARISON-ORIGIN-0063,4,136,120,0,0.8823529411764706
qwen,SOURCE,UPDATE_COMPARISON-ORIGIN-0000,4,136,73,0,0.5367647058823529
qwen,SOURCE,UPDATE_COMPARISON-ORIGIN-0001,4,136,60,0,0.4411764705882353
qwen,SOURCE,UPDATE_COMPARISON-ORIGIN-0002,4,136,72,0,0.5294117647058824
qwen,SOURCE,UPDATE_COMPARISON-ORIGIN-0003,4,136,64,0,0.47058823529411764
qwen,SOURCE,UPDATE_COMPARISON-ORIGIN-0004,4,136,101,0,0.7426470588235294
qwen,SOURCE,UPDATE_COMPARISON-ORIGIN-0005,4,136,83,0,0.6102941176470589
qwen,SOURCE,UPDATE_COMPARISON-ORIGIN-0006,4,136,98,0,0.7205882352941176
qwen,SOURCE,UPDATE_COMPARISON-ORIGIN-0007,4,136,89,0,0.6544117647058824
qwen,SOURCE,UPDATE_COMPARISON-ORIGIN-0008,4,136,88,0,0.6470588235294118
qwen,SOURCE,UPDATE_COMPARISON-ORIGIN-0009,4,136,93,0,0.6838235294117647
qwen,SOURCE,UPDATE_COMPARISON-ORIGIN-0010,4,136,87,0,0.6397058823529411
qwen,SOURCE,UPDATE_COMPARISON-ORIGIN-0011,4,136,79,0,0.5808823529411765
qwen,SOURCE,UPDATE_COMPARISON-ORIGIN-0012,4,136,99,0,0.7279411764705882
qwen,SOURCE,UPDATE_COMPARISON-ORIGIN-0013,4,136,110,0,0.8088235294117647
qwen,SOURCE,UPDATE_COMPARISON-ORIGIN-0014,4,136,97,0,0.7132352941176471
qwen,SOURCE,UPDATE_COMPARISON-ORIGIN-0015,4,136,85,0,0.625
qwen,SOURCE,UPDATE_COMPARISON-ORIGIN-0016,4,136,91,0,0.6691176470588235
qwen,SOURCE,UPDATE_COMPARISON-ORIGIN-0017,4,136,93,0,0.6838235294117647
qwen,SOURCE,UPDATE_COMPARISON-ORIGIN-0018,4,136,88,0,0.6470588235294118
qwen,SOURCE,UPDATE_COMPARISON-ORIGIN-0019,4,136,92,0,0.6764705882352942
qwen,SOURCE,UPDATE_COMPARISON-ORIGIN-0020,4,136,102,0,0.75
qwen,SOURCE,UPDATE_COMPARISON-ORIGIN-0021,4,136,89,0,0.6544117647058824
qwen,SOURCE,UPDATE_COMPARISON-ORIGIN-0022,4,136,97,0,0.7132352941176471
qwen,SOURCE,UPDATE_COMPARISON-ORIGIN-0023,4,136,102,0,0.75
qwen,SOURCE,UPDATE_COMPARISON-ORIGIN-0024,4,136,88,0,0.6470588235294118
qwen,SOURCE,UPDATE_COMPARISON-ORIGIN-0025,4,136,93,0,0.6838235294117647
qwen,SOURCE,UPDATE_COMPARISON-ORIGIN-0026,4,136,93,0,0.6838235294117647
qwen,SOURCE,UPDATE_COMPARISON-ORIGIN-0027,4,136,77,0,0.5661764705882353
qwen,SOURCE,UPDATE_COMPARISON-ORIGIN-0028,4,136,79,0,0.5808823529411765
qwen,SOURCE,UPDATE_COMPARISON-ORIGIN-0029,4,136,99,0,0.7279411764705882
qwen,SOURCE,UPDATE_COMPARISON-ORIGIN-0030,4,136,92,0,0.6764705882352942
qwen,SOURCE,UPDATE_COMPARISON-ORIGIN-0031,4,136,73,0,0.5367647058823529
qwen,SOURCE,UPDATE_COMPARISON-ORIGIN-0032,4,136,72,0,0.5294117647058824
qwen,SOURCE,UPDATE_COMPARISON-ORIGIN-0033,4,136,81,0,0.5955882352941176
qwen,SOURCE,UPDATE_COMPARISON-ORIGIN-0034,4,136,67,0,0.49264705882352944
qwen,SOURCE,UPDATE_COMPARISON-ORIGIN-0035,4,136,60,0,0.4411764705882353
qwen,SOURCE,UPDATE_COMPARISON-ORIGIN-0036,4,136,83,0,0.6102941176470589
qwen,SOURCE,UPDATE_COMPARISON-ORIGIN-0037,4,136,80,0,0.5882352941176471
qwen,SOURCE,UPDATE_COMPARISON-ORIGIN-0038,4,136,93,0,0.6838235294117647
qwen,SOURCE,UPDATE_COMPARISON-ORIGIN-0039,4,136,85,0,0.625
qwen,SOURCE,UPDATE_COMPARISON-ORIGIN-0040,4,136,89,0,0.6544117647058824
qwen,SOURCE,UPDATE_COMPARISON-ORIGIN-0041,4,136,83,0,0.6102941176470589
qwen,SOURCE,UPDATE_COMPARISON-ORIGIN-0042,4,136,92,0,0.6764705882352942
qwen,SOURCE,UPDATE_COMPARISON-ORIGIN-0043,4,136,97,0,0.7132352941176471
qwen,SOURCE,UPDATE_COMPARISON-ORIGIN-0044,4,136,99,0,0.7279411764705882
qwen,SOURCE,UPDATE_COMPARISON-ORIGIN-0045,4,136,103,0,0.7573529411764706
qwen,SOURCE,UPDATE_COMPARISON-ORIGIN-0046,4,136,99,0,0.7279411764705882
qwen,SOURCE,UPDATE_COMPARISON-ORIGIN-0047,4,136,108,0,0.7941176470588235
qwen,SOURCE,UPDATE_COMPARISON-ORIGIN-0048,4,136,88,0,0.6470588235294118
qwen,SOURCE,UPDATE_COMPARISON-ORIGIN-0049,4,136,96,0,0.7058823529411765
qwen,SOURCE,UPDATE_COMPARISON-ORIGIN-0050,4,136,92,0,0.6764705882352942
qwen,SOURCE,UPDATE_COMPARISON-ORIGIN-0051,4,136,92,0,0.6764705882352942
qwen,SOURCE,UPDATE_COMPARISON-ORIGIN-0052,4,136,108,0,0.7941176470588235
qwen,SOURCE,UPDATE_COMPARISON-ORIGIN-0053,4,136,87,0,0.6397058823529411
qwen,SOURCE,UPDATE_COMPARISON-ORIGIN-0054,4,136,93,0,0.6838235294117647
qwen,SOURCE,UPDATE_COMPARISON-ORIGIN-0055,4,136,96,0,0.7058823529411765
qwen,SOURCE,UPDATE_COMPARISON-ORIGIN-0056,4,136,83,0,0.6102941176470589
qwen,SOURCE,UPDATE_COMPARISON-ORIGIN-0057,4,136,91,0,0.6691176470588235
qwen,SOURCE,UPDATE_COMPARISON-ORIGIN-0058,4,136,85,0,0.625
qwen,SOURCE,UPDATE_COMPARISON-ORIGIN-0059,4,136,104,0,0.7647058823529411
qwen,SOURCE,UPDATE_COMPARISON-ORIGIN-0060,4,136,78,0,0.5735294117647058
qwen,SOURCE,UPDATE_COMPARISON-ORIGIN-0061,4,136,74,0,0.5441176470588235
qwen,SOURCE,UPDATE_COMPARISON-ORIGIN-0062,4,136,77,0,0.5661764705882353
qwen,SOURCE,UPDATE_COMPARISON-ORIGIN-0063,4,136,87,0,0.6397058823529411
